Timestamp,PPG_Forehead,PPG_Earlobe,PPG_Finger
0.00273909999999988,0.185546875,0.185546875,0.185546875
0.00391809999999992,0.185546875,0.185546875,0.185546875
0.00474210000000008,0.185546875,0.185546875,0.185546875
0.00554690000000013,0.185546875,0.185546875,0.185546875
0.00630560000000013,0.185546875,0.185546875,0.185546875
0.00697880000000017,0.185546875,0.185546875,0.185546875
0.0073588,91.7822265625,85.3369140625,82.7001953125
0.00767819999999997,60.6982421875,-41.8994140625,58.8427734375
0.00800979999999996,59.0380859375,-42.0458984375,56.3525390625
0.00832370000000005,58.9404296875,-43.4130859375,54.5947265625
0.00864229999999999,57.4755859375,-43.0224609375,53.0322265625
0.00895309999999983,59.7705078125,-42.0947265625,56.0595703125
0.00935029999999992,60.9423828125,-41.0693359375,62.3095703125
0.00968729999999995,63.5791015625,-39.9951171875,68.0224609375
0.0103992000000002,65.6298828125,-39.8486328125,71.4404296875
0.0107141999999998,66.2158203125,-39.0185546875,73.2470703125
0.0110093999999998,68.1201171875,-38.9208984375,73.7353515625
0.0113099000000001,68.8037109375,-37.9931640625,73.9306640625
0.0116348999999998,68.9013671875,-37.8955078125,72.8076171875
0.0119809000000002,67.5341796875,-38.2861328125,72.1728515625
0.0123283000000001,67.3876953125,-38.1884765625,70.1708984375
0.0126732000000001,66.9970703125,-38.0908203125,69.8291015625
0.0130176,66.9970703125,-38.2373046875,69.2919921875
0.0133670000000001,66.1669921875,-37.9443359375,67.3876953125
0.013725,66.1181640625,-38.2861328125,65.5322265625
0.0140687000000002,65.5322265625,-38.4814453125,63.8720703125
0.0144031,64.3603515625,-39.0185546875,61.8701171875
0.0146937999999999,63.6279296875,-39.0185546875,58.7451171875
0.0149870999999999,62.7001953125,-40.3369140625,56.6455078125
0.0152779999999999,61.5283203125,-40.3369140625,53.3740234375
0.0155696000000001,61.0400390625,-41.2158203125,51.7138671875
0.0158616999999999,61.6259765625,-39.9462890625,55.6201171875
0.0161555999999998,62.7490234375,-38.9697265625,61.7236328125
0.0164472999999998,64.0673828125,-38.0908203125,67.4365234375
0.0167383999999999,65.6787109375,-37.9443359375,70.1220703125
0.0170365000000001,66.7529296875,-37.4072265625,70.9033203125
0.0173274000000001,67.5830078125,-37.3583984375,70.4638671875
0.0176202000000001,68.4130859375,-36.9189453125,70.0732421875
0.017922,68.0712890625,-37.0654296875,69.2919921875
0.0182199000000001,68.5595703125,-36.9189453125,67.2412109375
0.0185114999999998,67.8271484375,-36.7236328125,65.4345703125
0.0188052999999999,68.0224609375,-37.7490234375,64.7998046875
0.0191048,66.9482421875,-37.7001953125,63.5302734375
0.0193976999999999,65.9716796875,-37.4560546875,61.6259765625
0.0196934,64.6533203125,-37.7978515625,60.6982421875
0.0199881,64.0185546875,-38.1884765625,58.0126953125
0.0202852999999998,63.0419921875,-39.0673828125,55.2294921875
0.0205769999999998,61.5771484375,-39.5068359375,52.2509765625
0.0208713,60.6982421875,-39.3115234375,50.5419921875
0.0211679,60.2099609375,-40.9228515625,46.8310546875
0.0214601999999999,59.4287109375,-41.8017578125,43.9501953125
0.0217508999999998,58.2080078125,-42.4365234375,41.4599609375
0.0220422999999998,57.1826171875,-42.9248046875,39.7021484375
0.0223447000000001,57.9638671875,-41.5087890625,43.2177734375
0.0226411999999998,60.7470703125,-40.4833984375,49.2724609375
0.0229352,62.9931640625,-39.2138671875,53.3251953125
0.0232329999999998,65.0439453125,-39.7509765625,55.2294921875
0.0235283000000002,68.9013671875,-40.0927734375,55.4248046875
0.0238261,72.1240234375,-39.4580078125,54.9853515625
0.0241186999999998,76.0302734375,-39.8974609375,54.5458984375
0.0244167000000002,80.8642578125,-39.7509765625,53.2275390625
0.0247651000000002,92.0947265625,-39.7998046875,53.3251953125
0.0256240999999999,108.4521484375,-39.5068359375,51.8115234375
0.0259833,120.8544921875,-39.4091796875,51.3720703125
0.0262874000000002,129.8388671875,-39.1650390625,50.1025390625
0.0266288000000001,131.0595703125,-38.9697265625,48.6376953125
0.0270126999999998,128.5205078125,-39.9462890625,46.6845703125
0.0274109999999999,123.9794921875,-40.3857421875,43.9990234375
0.0277403999999999,118.6083984375,-40.9228515625,42.0947265625
0.0280526999999999,111.5283203125,-40.5810546875,39.1162109375
0.0283456000000002,107.0361328125,-41.4111328125,36.9189453125
0.0287815999999999,102.9345703125,-41.9970703125,34.4775390625
0.0290783000000001,100.5908203125,-42.9248046875,31.3525390625
0.0293730000000001,99.5166015625,-42.5341796875,28.6181640625
0.0296718999999999,98.0517578125,-43.2177734375,25.9814453125
0.0299710000000002,96.4892578125,-43.4130859375,25.7861328125
0.0302639999999998,96.0986328125,-41.6064453125,28.0810546875
0.0305580999999999,96.1962890625,-40.8740234375,31.5478515625
0.0308549999999999,97.5634765625,-40.2880859375,34.4287109375
0.0311473000000002,97.6611328125,-39.9462890625,34.3310546875
0.0314397999999998,97.4169921875,-40.2392578125,33.1591796875
0.0318018000000002,96.3427734375,-40.2880859375,31.1572265625
0.0321495000000001,94.8779296875,-40.3369140625,29.1552734375
0.0324455000000001,93.0712890625,-40.3369140625,27.1044921875
0.0327408,92.0458984375,-40.8740234375,25.4443359375
0.0330455999999999,91.1669921875,-40.7275390625,24.4189453125
0.0333388999999999,89.6533203125,-41.2646484375,22.2216796875
0.0336306999999998,88.1396484375,-41.4111328125,21.2939453125
0.0339326,86.1376953125,-41.8505859375,19.6826171875
0.0342288000000002,84.6728515625,-42.9248046875,17.2412109375
0.0345213000000002,82.7197265625,-42.9736328125,14.8974609375
0.0348145,80.2294921875,-43.9013671875,13.0419921875
0.0352014,78.0322265625,-44.6337890625,10.6982421875
0.0355023000000001,75.2001953125,-44.8291015625,8.1591796875
0.0358032000000001,72.3681640625,-45.0732421875,6.2548828125
0.0361039000000001,70.7568359375,-46.7333984375,3.8623046875
0.0364083000000002,68.6083984375,-47.2705078125,0.9814453125
0.0366984000000001,66.7041015625,-48.2958984375,-1.4599609375
0.036994,65.1904296875,-47.7587890625,-0.6787109375
0.0372892,65.0927734375,-46.8310546875,2.1533203125
0.0375852999999999,66.0205078125,-46.3427734375,4.4970703125
0.0378786,67.2900390625,-45.7568359375,4.6435546875
0.0382644000000001,67.2412109375,-46.1474609375,2.4462890625
0.0385705000000001,67.5341796875,-46.0986328125,0.7373046875
0.0388673000000002,67.4365234375,-46.3916015625,-1.2646484375
0.039161,66.6064453125,-46.6357421875,-3.4619140625
0.0394643000000001,65.4833984375,-46.3427734375,-4.7314453125
0.0397593999999999,64.8974609375,-46.7822265625,-6.2451171875
0.0400526999999999,63.9208984375,-47.2705078125,-6.7333984375
0.0404225,63.8232421875,-47.1240234375,-8.6865234375
0.0407210999999998,64.0185546875,-48.0029296875,-9.8095703125
0.0410124999999999,62.9443359375,-48.9794921875,-10.8349609375
0.0413698,62.0654296875,-49.0771484375,-12.4951171875
0.0416869000000002,61.5771484375,-49.6142578125,-14.6435546875
0.0419813000000002,60.3564453125,-50.6396484375,-16.4990234375
0.0422720999999999,59.1845703125,-51.9091796875,-18.5986328125
0.0425707000000002,58.2080078125,-52.5927734375,-19.7216796875
0.0428663,57.1337890625,-46.8798828125,-22.0166015625
0.0431775999999999,55.2294921875,-45.8056640625,-24.0185546875
0.0435165,54.9853515625,-45.9521484375,-25.1416015625
0.0438098999999998,54.3505859375,-45.2685546875,-23.9697265625
0.0441039000000001,54.7900390625,-43.9013671875,-21.0400390625
0.0444078000000001,56.0107421875,-44.1455078125,-19.5263671875
0.0448219999999999,57.7197265625,-43.9013671875,-19.8193359375
0.0451223000000001,58.0615234375,-43.5107421875,-21.6259765625
0.0454159999999999,57.9150390625,-43.9990234375,-23.5791015625
0.0457116000000002,57.9638671875,-44.6826171875,-24.7998046875
0.0460028000000001,57.1826171875,-44.6337890625,-27.3876953125
0.0462920000000002,56.9873046875,-45.4150390625,-27.8759765625
0.0465817999999998,57.2314453125,-45.2197265625,-28.2666015625
0.0468772999999998,56.3525390625,-45.5615234375,-29.1455078125
0.0471702000000001,55.7177734375,-46.2939453125,-29.6826171875
0.0474625,56.3037109375,-46.5380859375,-31.4404296875
0.0478084999999999,55.5712890625,-47.6611328125,-32.1240234375
0.0481406,54.6923828125,-48.2958984375,-33.6865234375
0.0484334999999998,54.3505859375,-48.7841796875,-34.0771484375
0.0487258000000002,53.3740234375,-49.4677734375,-35.5908203125
0.0490268,52.3974609375,-49.8095703125,-37.2509765625
0.0493241000000002,51.9580078125,-50.5908203125,-38.6181640625
0.0496173999999998,50.4931640625,-51.9580078125,-39.3017578125
0.0499128,49.6630859375,-51.4697265625,-39.1064453125
0.0502101000000001,49.4677734375,-48.8330078125,-35.8349609375
0.0505005999999999,51.0791015625,-48.5888671875,-33.3447265625
0.0507895999999999,52.5927734375,-48.1494140625,-31.8310546875
0.0511442,54.7900390625,-48.3447265625,-32.5146484375
0.0514391000000001,54.7412109375,-48.6376953125,-33.8818359375
0.0517311999999999,55.4736328125,-49.1748046875,-34.6630859375
0.0520266999999999,55.9619140625,-49.3212890625,-35.9814453125
0.0523267000000001,55.6201171875,-49.7607421875,-36.1279296875
0.0526228999999998,55.9130859375,-49.1748046875,-36.3720703125
0.0529177999999999,55.2294921875,-49.1259765625,-37.0068359375
0.0532135,55.1806640625,-49.5166015625,-36.9091796875
0.0535101999999998,55.2294921875,-48.7841796875,-37.1044921875
0.0538088999999999,54.8876953125,-49.4189453125,-38.1787109375
0.0541632000000001,54.8876953125,-50.6884765625,-38.2763671875
0.0544584000000001,54.1552734375,-50.6396484375,-38.8623046875
0.0547515999999999,53.7158203125,-51.4697265625,-39.6923828125
0.0550467000000001,53.0322265625,-51.6650390625,-40.9619140625
0.0553452000000001,52.3486328125,-52.4462890625,-41.6943359375
0.0556388999999999,51.1279296875,-53.0810546875,-42.1826171875
0.05593,50.7373046875,-51.5673828125,-41.7919921875
0.0562505999999998,51.2744140625,-50.0537109375,-37.4951171875
0.0565449,52.4951171875,-49.0283203125,-34.3212890625
0.0568420999999999,54.4970703125,-49.2236328125,-32.6123046875
0.0571872999999998,55.5712890625,-48.8330078125,-31.8798828125
0.057493,57.0849609375,-48.1005859375,-31.3427734375
0.0577960000000002,57.4267578125,-48.5888671875,-32.0263671875
0.0580978000000001,58.9404296875,-48.4912109375,-31.5380859375
0.0584028000000001,58.5986328125,-47.5146484375,-31.5869140625
0.0587285999999998,58.4033203125,-47.2216796875,-31.3916015625
0.0590408,58.4033203125,-47.3193359375,-30.3173828125
0.0593454000000002,58.4521484375,-47.6611328125,-30.1220703125
0.0596591000000002,57.9638671875,-48.0029296875,-30.0732421875
0.0600092000000001,58.2568359375,-47.9541015625,-29.3896484375
0.0603747000000001,57.9638671875,-47.6611328125,-30.2197265625
0.0606684,57.4755859375,-48.1005859375,-29.8291015625
0.0609611000000001,56.2548828125,-48.5400390625,-30.3173828125
0.0612542999999999,55.6689453125,-48.3447265625,-31.2451171875
0.0615556000000002,55.7666015625,-48.7841796875,-31.0498046875
0.0618490999999999,54.8876953125,-49.5166015625,-31.8310546875
0.0621444000000002,54.7412109375,-49.3212890625,-30.9033203125
0.0624460999999998,54.8876953125,-48.0029296875,-27.7294921875
0.0627409000000001,56.0595703125,-46.1474609375,-22.3095703125
0.0630310000000001,58.1103515625,-45.5126953125,-19.8193359375
0.0633691999999999,59.2333984375,-44.9755859375,-17.0849609375
0.0636754000000002,60.2587890625,-45.1220703125,-16.3037109375
0.0639656999999998,61.6259765625,-44.7314453125,-15.1318359375
0.0642572000000001,62.1630859375,-44.2431640625,-14.0576171875
0.0645547,62.3095703125,-43.7060546875,-12.8857421875
0.0648556,61.9677734375,-43.2177734375,-11.9091796875
0.0651644999999998,62.3095703125,-42.9736328125,-11.6162109375
0.0654721,62.3095703125,-43.3154296875,-10.2001953125
0.0657638,62.6513671875,-42.9248046875,-9.5654296875
0.0660535000000002,63.2861328125,-42.2900390625,-8.6376953125
0.0663474000000002,62.7978515625,-42.6318359375,-8.4423828125
0.0667054,62.6513671875,-42.2412109375,-8.6865234375
0.0670027000000002,62.0166015625,-43.2177734375,-8.1982421875
0.0672978999999998,61.9677734375,-43.1689453125,-8.2958984375
0.0675965999999999,60.3564453125,-43.6572265625,-8.8818359375
0.0678871999999999,59.7216796875,-44.1943359375,-9.5654296875
0.0681794,59.0869140625,-44.1455078125,-9.8583984375
0.0684760999999998,58.7939453125,-44.1455078125,-8.9306640625
0.0687709000000001,58.0126953125,-44.5849609375,-9.8095703125
0.1203965,57.6708984375,-42.4365234375,-5.9033203125
0.1409996,58.7939453125,-40.8740234375,-0.3857421875
0.1577301,59.8681640625,-39.5556640625,4.6923828125
0.1969127,62.4560546875,-38.4814453125,7.1337890625
0.2198927,63.6279296875,-38.0419921875,9.6728515625
0.2577125,64.7021484375,-37.2119140625,12.2607421875
0.2822417,65.0439453125,-36.5283203125,13.0419921875
0.318871,66.8505859375,-35.7958984375,13.9208984375
0.3382214,66.8505859375,-35.6005859375,14.8974609375
0.3730249,66.1669921875,-35.6494140625,16.2646484375
0.4006157,66.4111328125,-35.3564453125,17.1435546875
0.4381451,66.6552734375,-34.6240234375,17.9248046875
0.4666188,67.5341796875,-34.0869140625,19.0478515625
0.4886285,66.8994140625,-34.2333984375,19.3896484375
0.5259618,66.6064453125,-34.0869140625,19.8779296875
0.5521407,66.5087890625,-33.9404296875,20.3173828125
0.5917455,65.4345703125,-34.1845703125,20.1708984375
0.6139448,64.8974609375,-33.7451171875,19.7314453125
0.6420078,63.7744140625,-34.1845703125,19.3408203125
0.6801703,62.7001953125,-35.1611328125,18.3642578125
0.7002591,62.1142578125,-35.2099609375,17.8759765625
0.7366082,61.4306640625,-35.3564453125,17.2412109375
0.7597835,61.0888671875,-35.8935546875,17.1923828125
0.7964253,60.1123046875,-35.9912109375,16.0693359375
0.8226359,60.0634765625,-36.3330078125,15.2392578125
0.8613638,58.6962890625,-35.4052734375,17.6806640625
0.8848425,59.2333984375,-33.8427734375,22.8076171875
0.9118373,59.9169921875,-32.4755859375,28.8134765625
0.949285,61.5771484375,-31.7919921875,31.9873046875
0.972241,63.5302734375,-30.5712890625,35.0634765625
1.0105772,64.1650390625,-30.8154296875,36.5771484375
1.0360485,64.7021484375,-30.2294921875,37.6513671875
1.0652215,65.7275390625,-29.7900390625,38.8720703125
1.1026058,66.0205078125,-28.9111328125,38.6279296875
1.1257965,66.0693359375,-29.0087890625,39.7509765625
1.153711,65.8740234375,-28.6669921875,40.4833984375
1.1964077,66.1669921875,-28.2275390625,41.2646484375
1.2156196,66.0693359375,-27.6904296875,42.0947265625
1.2504493,65.9716796875,-27.4951171875,41.5087890625
1.2774274,66.1669921875,-28.1787109375,41.8017578125
1.3072882,65.7275390625,-28.4716796875,41.5576171875
1.33457,64.8974609375,-28.6669921875,40.9716796875
1.3705649,63.8232421875,-28.8134765625,39.4580078125
1.3945387,61.9189453125,-28.5693359375,38.4326171875
1.4235144,61.6259765625,-29.4970703125,37.9443359375
1.4600157,60.9912109375,-30.7177734375,37.1630859375
1.4848857,59.9169921875,-30.2294921875,36.1376953125
1.5207727,59.4775390625,-31.4990234375,34.8681640625
1.5476679,58.7939453125,-31.1572265625,33.8427734375
1.5755389,58.3544921875,-32.3291015625,32.3779296875
1.6128376,57.7197265625,-31.8896484375,31.4990234375
1.6375552,57.3291015625,-30.5224609375,35.5517578125
1.6658235,57.5732421875,-29.5947265625,40.7763671875
1.6981729,58.8916015625,-28.4228515625,46.0986328125
1.7263867,59.9658203125,-28.9111328125,48.1005859375
1.7564,61.1376953125,-27.8369140625,50.0048828125
1.7878495,61.9189453125,-27.5439453125,51.1279296875
1.816797,62.5537109375,-27.8369140625,50.8837890625
1.8456795,62.4072265625,-27.9345703125,50.5908203125
1.8795231,62.6025390625,-27.7392578125,50.3466796875
1.9077126,63.0908203125,-27.4951171875,50.4443359375
1.9414089,63.0908203125,-26.9580078125,50.8837890625
1.9706584,63.0908203125,-27.3974609375,50.3466796875
1.9987275,62.6513671875,-27.5439453125,50.5419921875
2.0298529,63.1884765625,-27.6904296875,50.0048828125
2.0591475,62.4072265625,-27.8369140625,49.5654296875
2.0876884,61.2353515625,-28.2275390625,48.2470703125
2.1203719,60.6005859375,-28.5693359375,47.0751953125
2.1482467,59.9169921875,-28.8623046875,44.9755859375
2.1786015,58.5009765625,-29.4970703125,44.0478515625
2.2105447,58.2080078125,-29.7900390625,42.6318359375
2.2391416,57.3779296875,-30.7666015625,41.2158203125
2.2720254,57.2314453125,-31.0107421875,38.9697265625
2.3023686,56.7431640625,-32.7685546875,37.7490234375
2.3306358,55.0830078125,-32.8173828125,38.0908203125
2.3614206,55.6201171875,-30.2783203125,41.7041015625
2.3902297,56.1572265625,-28.9599609375,48.2958984375
2.4200936,57.5732421875,-29.2529296875,52.8369140625
2.4519886,59.1845703125,-28.8134765625,54.4970703125
2.4803389,60.1123046875,-28.5205078125,55.7666015625
2.5112588,60.9912109375,-28.1298828125,56.1083984375
2.5422731,61.7724609375,-27.5439453125,56.5966796875
2.5719881,62.4560546875,-27.8857421875,55.8154296875
2.6157189,62.6025390625,-28.1298828125,55.9130859375
2.6369208,62.7490234375,-27.8369140625,55.8154296875
2.6757255,62.4072265625,-27.3486328125,55.8642578125
2.6926725,62.9443359375,-27.4462890625,55.4248046875
2.7241436,62.8466796875,-27.6416015625,55.7177734375
2.7508385,63.5302734375,-27.2998046875,54.4970703125
2.7943252,62.8955078125,-27.9833984375,53.3251953125
2.816185,62.3095703125,-27.5439453125,52.1044921875
2.8413131,60.6982421875,-28.6669921875,49.8095703125
2.8753994,59.9658203125,-29.5458984375,48.5400390625
2.9159642,59.1845703125,-29.3017578125,47.0751953125
2.9332794,58.8916015625,-29.9853515625,45.1220703125
2.9638703,58.1591796875,-30.4248046875,43.1689453125
2.9921616,57.8173828125,-30.9619140625,40.9716796875
3.0373238,56.7919921875,-30.4736328125,42.1435546875
3.0565741,56.6943359375,-28.9599609375,45.5615234375
3.0958623,57.0361328125,-27.2509765625,52.2021484375
3.1159101,58.2080078125,-27.3486328125,56.9873046875
3.1575626,60.1123046875,-27.2021484375,59.3798828125
3.1744084,60.9423828125,-26.4208984375,60.6982421875
3.2304292,62.1630859375,-25.6884765625,61.9677734375
3.2334045,62.9443359375,-24.9072265625,62.6025390625
3.2781397,64.2138671875,-24.5654296875,62.1630859375
3.3090792,64.4091796875,-24.8583984375,62.3095703125
3.3263658,64.5556640625,-24.7607421875,61.8701171875
3.3671497,64.7998046875,-24.6630859375,62.1630859375
3.3883395,63.9208984375,-24.7119140625,61.8701171875
3.4271292,64.2626953125,-24.6630859375,60.8935546875
3.4462521,64.7509765625,-24.6142578125,59.9658203125
3.4875809,64.1650390625,-24.3212890625,58.7939453125
3.5091747,63.8232421875,-25.6884765625,57.6220703125
3.545605,62.2607421875,-24.9072265625,54.9365234375
3.5646378,61.4794921875,-26.5185546875,53.6181640625
3.6071145,60.2099609375,-26.3720703125,50.9326171875
3.6271078,60.2099609375,-27.2998046875,49.6630859375
3.655722,59.7216796875,-28.2275390625,47.2705078125
3.699845,58.6474609375,-28.5205078125,45.6591796875
3.7211921,58.1591796875,-29.0576171875,42.7294921875
3.7596926,57.5732421875,-28.4716796875,41.7529296875
3.7805153,56.9384765625,-27.5439453125,45.5126953125
3.8200997,57.2314453125,-26.6162109375,50.7373046875
3.8388024,58.2080078125,-25.8349609375,56.1083984375
3.8780202,59.3798828125,-25.2001953125,59.6240234375
3.898792,60.9912109375,-23.8818359375,61.1865234375
3.9361396,62.3583984375,-23.6376953125,62.5048828125
3.9588787,63.6279296875,-24.0771484375,62.9931640625
3.9989437,63.6279296875,-23.6376953125,62.8466796875
4.0210096,64.4580078125,-23.8330078125,62.4560546875
4.0583276,64.9951171875,-23.6865234375,61.5283203125
4.0788961,64.6533203125,-23.0517578125,61.4306640625
4.1237269,64.5556640625,-22.7587890625,60.4052734375
4.1436784,64.8486328125,-23.0517578125,60.3564453125
4.1795507,64.8974609375,-23.9306640625,59.7705078125
4.201425,65.1416015625,-23.3935546875,58.1591796875
4.24109,64.8486328125,-23.6376953125,56.4013671875
4.2647745,63.9208984375,-23.9306640625,54.5458984375
4.3021238,62.7001953125,-24.5654296875,51.5673828125
4.3265847,61.8212890625,-25.4931640625,50.2978515625
4.3634296,60.9912109375,-25.6884765625,47.1728515625
4.383646,59.4775390625,-26.2255859375,45.4150390625
4.4229215,59.6240234375,-27.1533203125,43.1201171875
4.44274,58.9892578125,-26.9580078125,41.3134765625
4.4785296,58.3544921875,-28.5205078125,38.3349609375
4.4982614,57.9150390625,-29.5947265625,35.5029296875
4.5356053,56.7431640625,-29.3994140625,33.6474609375
4.5615406,55.5712890625,-28.4228515625,36.1865234375
4.5988563,55.8642578125,-26.8115234375,41.5087890625
4.6227534,56.7919921875,-25.7861328125,46.6357421875
4.657069,57.7197265625,-25.9326171875,48.9794921875
4.685318,58.8916015625,-26.0302734375,50.4443359375
4.7314518,59.7216796875,-25.2001953125,51.0302734375
4.750719,60.7958984375,-25.1513671875,51.1767578125
4.7868248,62.2119140625,-24.6630859375,51.5185546875
4.8046005,63.0419921875,-24.5166015625,50.2490234375
4.8420249,63.6279296875,-24.3212890625,50.3955078125
4.8654937,63.8720703125,-24.3701171875,50.2978515625
4.9028618,64.6533203125,-25.1025390625,49.3701171875
4.9235283,64.7021484375,-24.3212890625,48.0029296875
4.9599061,64.7998046875,-24.5654296875,47.0751953125
4.9819604,64.4580078125,-25.6884765625,45.4150390625
5.0221054,63.9208984375,-25.5419921875,43.9990234375
5.0450919,63.8720703125,-25.7861328125,42.6318359375
5.0825631,62.7978515625,-26.6650390625,39.9462890625
5.1066962,61.1376953125,-27.2509765625,37.9931640625
5.145082,60.9912109375,-27.7880859375,35.4052734375
5.1663377,59.8193359375,-28.1298828125,32.8662109375
5.204573,60.1123046875,-28.8134765625,30.5712890625
5.2247898,59.7216796875,-29.4482421875,28.2275390625
5.278687,58.7451171875,-30.3271484375,25.8837890625
5.3109466,58.0615234375,-31.2548828125,23.2958984375
5.3158593,57.8662109375,-31.4013671875,20.7568359375
5.3564142,56.7919921875,-33.1591796875,17.7294921875
5.3758738,56.1572265625,-32.7685546875,16.0693359375
5.4125396,54.9365234375,-31.4990234375,17.5341796875
5.437714,54.3505859375,-30.0830078125,22.1728515625
5.4761592,54.5947265625,-29.2041015625,25.6884765625
5.4964089,55.7177734375,-29.5947265625,27.9833984375
5.5315998,56.9873046875,-29.1064453125,28.9599609375
5.5581413,58.5009765625,-28.6181640625,29.1064453125
5.5946421,60.1123046875,-27.4951171875,28.6181640625
5.6193104,60.4541015625,-28.2763671875,27.8369140625
5.6593438,61.7724609375,-29.1552734375,26.9580078125
5.6820494,61.5283203125,-28.9599609375,26.3720703125
5.7305011,61.5283203125,-29.0087890625,24.8583984375
5.7500486,62.3095703125,-28.9111328125,24.6142578125
5.7705743,62.0654296875,-28.7646484375,24.2236328125
5.8089449,61.9189453125,-29.8388671875,22.1728515625
5.8290396,61.9189453125,-29.8876953125,21.1474609375
5.8702416,61.2841796875,-30.3759765625,19.5849609375
5.8903453,61.2841796875,-30.7177734375,17.5830078125
5.9282135,60.6494140625,-31.9384765625,16.0205078125
5.9506228,59.6728515625,-31.6943359375,13.3349609375
5.9867973,59.1845703125,-32.2802734375,11.2353515625
6.0110215,58.5009765625,-33.0615234375,9.2333984375
6.0466013,58.2568359375,-34.2333984375,7.8173828125
6.0696063,57.4267578125,-34.5751953125,5.1318359375
6.1065737,56.8896484375,-35.2099609375,3.3740234375
6.1302068,56.3037109375,-36.2353515625,1.5185546875
6.1668233,55.4248046875,-37.0654296875,-0.8251953125
6.1915693,54.8388671875,-36.9677734375,-1.0205078125
6.2307806,53.9111328125,-34.8193359375,1.3720703125
6.2521954,53.8623046875,-34.0869140625,5.8154296875
6.2891324,54.3994140625,-33.9404296875,7.8173828125
6.3107132,55.3271484375,-33.4033203125,8.5498046875
6.3493561,57.0849609375,-33.6474609375,8.3056640625
6.372476,57.9150390625,-33.1103515625,7.5244140625
6.4084043,58.6962890625,-33.5498046875,6.7431640625
6.4333897,59.5263671875,-34.6240234375,4.8388671875
6.4701724,59.4287109375,-33.6474609375,5.5224609375
6.4907143,60.4541015625,-34.2333984375,4.2529296875
6.5272435,59.7216796875,-33.9404296875,3.6181640625
6.5536859,59.5751953125,-33.9404296875,3.3740234375
6.5906968,59.8193359375,-34.5263671875,2.0068359375
6.6135063,59.7705078125,-35.1123046875,1.2744140625
6.6510954,60.6494140625,-34.9658203125,-0.1904296875
6.6718142,59.7705078125,-35.6005859375,-1.6064453125
6.7107585,59.8681640625,-35.8447265625,-3.2177734375
6.7316621,58.5986328125,-36.5771484375,-4.3896484375
6.7688936,58.0126953125,-36.8212890625,-6.5869140625
6.7953588,57.3291015625,-36.8212890625,-7.9541015625
6.8247668,56.7919921875,-38.2373046875,-9.5654296875
6.8620084,56.7919921875,-39.2626953125,-11.5673828125
6.8856896,55.6689453125,-39.3603515625,-12.1044921875
6.9237139,55.4248046875,-38.6767578125,-10.0537109375
6.9445572,54.3505859375,-36.2841796875,-6.1474609375
6.9815548,54.4970703125,-36.5771484375,-2.6806640625
7.0030741,55.6689453125,-35.7958984375,-0.8251953125
7.0413905,57.4755859375,-35.1611328125,0.4443359375
7.0644165,58.6962890625,-34.7216796875,0.5419921875
7.106197,59.8681640625,-33.9892578125,0.6396484375
7.1281497,61.0400390625,-34.2822265625,0.4931640625
7.1562102,61.3330078125,-34.2333984375,0.2490234375
7.187874,62.1630859375,-33.7451171875,-0.1416015625
7.2166287,62.7978515625,-33.6962890625,0.4931640625
7.2453549,62.7978515625,-33.6962890625,0.0048828125
7.2824616,62.3583984375,-33.4033203125,0.1513671875
7.3044149,62.5048828125,-33.4521484375,-0.2392578125
7.3423052,63.0419921875,-33.6962890625,-1.2646484375
7.3679377,62.7978515625,-33.6962890625,-2.4365234375
7.3976442,62.9931640625,-34.0869140625,-3.4619140625
7.4279049,61.6748046875,-34.0380859375,-5.3173828125
7.460278,60.7958984375,-34.8681640625,-6.2939453125
7.4877182,60.7958984375,-35.2587890625,-7.8076171875
7.5195157,60.5029296875,-35.6494140625,-8.4423828125
7.5489991,60.0146484375,-36.4306640625,-10.6396484375
7.5777448,59.2333984375,-35.7470703125,-8.4423828125
7.6258439,58.8427734375,-33.1103515625,-4.6826171875
7.6374524,59.0380859375,-32.6708984375,0.7373046875
7.6676466,60.0634765625,-31.8896484375,5.4736328125
7.7054406,60.9912109375,-30.4736328125,7.5732421875
7.7279646,63.0908203125,-30.4736328125,9.2822265625
7.7609473,64.3603515625,-29.3994140625,10.5517578125
7.7895496,66.0205078125,-28.8623046875,11.5283203125
7.8195945,66.1669921875,-27.9833984375,11.7724609375
7.8528734,66.9482421875,-27.8369140625,12.1630859375
7.8816166,67.3388671875,-27.6904296875,12.2607421875
7.9089123,67.6318359375,-27.5439453125,12.4560546875
7.9555934,67.8759765625,-26.7138671875,13.2373046875
7.975839,67.9248046875,-26.9091796875,13.0419921875
8.0153345,67.6318359375,-26.6162109375,12.0166015625
8.0295648,68.6572265625,-27.2998046875,11.8212890625
8.0774065,68.7548828125,-26.7138671875,11.1865234375
8.0947609,68.3642578125,-27.3974609375,9.8681640625
8.1393281,66.6552734375,-27.7880859375,8.2568359375
8.1496465,66.2646484375,-27.9345703125,7.6708984375
8.2137444,66.0693359375,-28.3740234375,5.9130859375
8.2147543,65.4345703125,-28.4716796875,4.3017578125
8.2422151,64.9462890625,-29.3505859375,3.3740234375
8.2878585,64.4580078125,-29.3505859375,1.9091796875
8.3094874,63.6767578125,-29.0576171875,3.0322265625
8.3473227,63.2373046875,-26.3232421875,8.9404296875
8.3615893,63.1884765625,-25.7373046875,15.2392578125
8.4068273,63.8720703125,-24.6142578125,19.4384765625
8.4247388,65.5322265625,-24.2724609375,23.1005859375
8.4670761,66.6064453125,-23.1494140625,24.1259765625
8.4861831,67.9248046875,-22.4658203125,25.9814453125
8.5285445,68.9990234375,-22.0751953125,27.1044921875
8.5501404,70.3173828125,-20.8056640625,27.6416015625
8.5893446,70.5126953125,-20.5615234375,27.4462890625
8.6045786,71.4892578125,-20.2685546875,27.2509765625
8.6465321,71.9287109375,-20.2685546875,27.3974609375
8.6669019,71.6845703125,-20.0732421875,27.0068359375
8.7054728,71.4892578125,-19.7802734375,26.8603515625
8.7255261,71.9775390625,-19.5361328125,26.5185546875
8.7675825,72.3193359375,-19.7802734375,25.0537109375
8.7899284,71.8798828125,-20.0244140625,23.3935546875
8.8258257,71.8798828125,-20.1220703125,22.0263671875
8.8470955,70.8544921875,-20.4638671875,20.7568359375
8.888927,69.2431640625,-20.4150390625,18.9990234375
8.9107383,68.6083984375,-21.3916015625,16.4111328125
8.9488321,67.9248046875,-21.5869140625,15.4345703125
8.9707753,67.0947265625,-22.2216796875,13.3349609375
9.0090998,66.6552734375,-22.3193359375,11.6259765625
9.0273419,65.5322265625,-22.7099609375,9.4775390625
9.0686081,64.9462890625,-23.5400390625,7.5244140625
9.0889064,64.4580078125,-24.7119140625,5.3271484375
9.1258796,63.8720703125,-24.5654296875,3.2275390625
9.145171,63.4326171875,-24.2724609375,3.8134765625
9.1878116,61.9677734375,-22.7099609375,8.8916015625
9.2079254,61.3330078125,-21.9775390625,16.1669921875
9.2447832,62.2607421875,-21.0498046875,21.0498046875
9.2714867,63.4814453125,-20.3173828125,23.2958984375
9.3119493,65.3369140625,-19.1455078125,25.5419921875
9.3273433,65.9716796875,-18.9501953125,26.8115234375
9.3694827,67.3388671875,-17.7294921875,27.8369140625
9.3902607,69.4873046875,-17.6806640625,27.3486328125
9.4282912,69.9755859375,-17.5341796875,28.0810546875
9.4483805,70.8056640625,-17.2900390625,27.6904296875
9.483969,70.9521484375,-17.0947265625,27.3486328125
9.5097187,71.2451171875,-16.6552734375,27.0556640625
9.5465627,71.5380859375,-16.3134765625,26.9091796875
9.572484,71.5869140625,-17.0458984375,25.8837890625
9.6098173,71.5869140625,-17.2412109375,24.0283203125
9.6303288,71.0498046875,-17.3876953125,22.8564453125
9.6808346,70.4638671875,-17.9736328125,21.4892578125
9.7000575,69.8291015625,-18.7060546875,19.6337890625
9.7205178,68.4130859375,-18.4130859375,17.2900390625
9.7598257,67.7783203125,-19.3408203125,15.5322265625
9.7887239,66.9970703125,-20.0732421875,12.7001953125
9.8356374,67.0458984375,-21.3916015625,11.7724609375
9.8572768,65.8740234375,-21.3427734375,9.0380859375
9.8701422,65.2880859375,-21.8798828125,7.1826171875
9.9081025,64.1162109375,-23.1494140625,5.3271484375
9.9325069,63.5791015625,-23.8330078125,2.2998046875
9.9688685,62.5537109375,-24.8095703125,0.7861328125
9.9890351,62.1630859375,-23.4912109375,1.7626953125
10.0277083,60.7470703125,-22.1240234375,7.2314453125
10.0505541,60.3076171875,-21.7333984375,13.0908203125
10.0884954,61.2841796875,-21.3916015625,16.6552734375
10.1116013,61.5283203125,-20.9521484375,18.3642578125
10.1486466,64.1650390625,-20.8544921875,18.9501953125
10.1736895,65.1416015625,-20.4638671875,19.2919921875
10.2114585,65.8740234375,-20.2685546875,19.4384765625
10.2359236,66.4111328125,-20.0732421875,19.2431640625
10.2739597,67.1923828125,-20.5126953125,18.8525390625
10.2940267,67.6318359375,-20.3662109375,17.5830078125
10.3291061,67.6806640625,-20.3173828125,17.6318359375
10.3545648,68.2666015625,-21.2451171875,17.9736328125
10.3900413,67.7294921875,-21.5380859375,16.3623046875
10.4158595,67.5341796875,-21.4892578125,15.9716796875
10.4523281,68.0712890625,-21.6845703125,14.3115234375
10.4730388,67.9736328125,-23.1494140625,12.9931640625
10.5109063,66.8994140625,-22.5146484375,10.9912109375
10.5332712,66.1669921875,-23.3447265625,8.9892578125
10.5689231,65.4345703125,-24.0771484375,7.5244140625
10.5948127,64.4091796875,-24.2724609375,5.7177734375
10.6350433,64.1650390625,-25.9326171875,3.6181640625
10.6549658,63.4326171875,-25.8349609375,2.3974609375
10.691047,62.5048828125,-26.7626953125,0.1513671875
10.7143235,62.7001953125,-27.0068359375,-1.9482421875
10.7521335,62.2607421875,-26.4697265625,0.0048828125
10.7753226,61.3818359375,-25.5908203125,5.2294921875
10.8135107,60.6005859375,-25.3955078125,10.3076171875
10.8375586,62.2119140625,-25.1513671875,13.5302734375
10.8846108,62.7490234375,-24.2236328125,14.4091796875
10.9045889,64.6533203125,-25.2978515625,16.0205078125
10.9434305,65.1416015625,-24.6630859375,16.8994140625
10.954393,66.4599609375,-24.7119140625,16.8505859375
10.9913124,68.0224609375,-24.9072265625,16.4599609375
11.0175234,68.6572265625,-25.0537109375,15.4345703125
11.0566445,69.3408203125,-25.0537109375,14.9462890625
11.0880796,69.1943359375,-24.8583984375,14.6044921875
11.1081359,69.6337890625,-25.2490234375,15.0927734375
11.145533,69.4873046875,-25.7861328125,14.5556640625
11.1690641,69.7802734375,-26.1279296875,12.5537109375
11.2089257,69.2919921875,-26.3232421875,11.7236328125
11.2302147,69.0478515625,-26.8115234375,10.1611328125
11.2677331,68.8037109375,-27.4951171875,7.9150390625
11.287447,67.8271484375,-28.1787109375,6.3525390625
11.3256052,66.7529296875,-29.1552734375,5.3271484375
11.3562059,65.9716796875,-29.3505859375,3.0810546875
11.3930236,65.1416015625,-30.4248046875,1.0791015625
11.4073193,64.8486328125,-30.9130859375,-0.5810546875
11.4444071,63.8232421875,-31.1572265625,-1.9482421875
11.4691511,62.9443359375,-31.0595703125,0.4931640625
11.5098362,62.1142578125,-29.4482421875,6.4013671875
11.5292277,61.6748046875,-29.3017578125,11.3330078125
11.568992,62.3583984375,-29.1552734375,15.5810546875
11.5901849,63.2373046875,-28.8134765625,17.4853515625
11.6257607,64.4091796875,-28.8134765625,18.5595703125
11.6517882,66.1181640625,-27.5439453125,20.6103515625
11.688626,67.4853515625,-27.9833984375,21.3916015625
11.709087,68.7548828125,-28.1787109375,20.7568359375
11.7475837,69.6337890625,-28.2763671875,20.6591796875
11.7731736,70.1220703125,-28.2275390625,20.9521484375
11.8129203,70.5126953125,-29.0087890625,21.0498046875
11.833131,70.1708984375,-28.2275390625,20.9033203125
11.8714569,70.2197265625,-28.0322265625,20.5126953125
11.8884001,70.0732421875,-28.4228515625,19.1455078125
11.9249455,69.9267578125,-29.1552734375,18.6083984375
11.9530347,69.9267578125,-29.5947265625,17.2412109375
11.9906512,69.6826171875,-30.5712890625,14.7021484375
12.0106927,68.9501953125,-30.3759765625,13.8720703125
12.0467358,67.4853515625,-31.6943359375,12.3095703125
12.0714604,66.4599609375,-32.3291015625,10.1611328125
12.1095903,65.8251953125,-32.5244140625,8.2568359375
12.1332069,65.3369140625,-33.8916015625,6.6455078125
12.1709862,64.5068359375,-34.5751953125,4.9365234375
12.191072,63.8720703125,-34.6240234375,3.5205078125
12.2308774,62.6025390625,-36.0888671875,0.7373046875
12.2543581,62.6513671875,-35.6494140625,-0.7763671875
12.2948095,61.0400390625,-35.3076171875,2.2509765625
12.3167586,61.2353515625,-34.2333984375,7.6708984375
12.3531496,59.6728515625,-33.8916015625,14.3603515625
12.3744238,60.2587890625,-33.3544921875,18.8037109375
12.4150315,61.7724609375,-33.7451171875,20.5615234375
12.4330106,62.9443359375,-33.3056640625,22.7099609375
12.4691941,64.3603515625,-32.7685546875,24.7607421875
12.4962672,65.9716796875,-33.3544921875,25.8837890625
12.5355187,66.8505859375,-33.8916015625,26.5673828125
12.554606,68.3154296875,-33.5009765625,25.9326171875
12.5943863,68.4130859375,-33.8427734375,26.5185546875
12.6152805,68.9990234375,-33.8916015625,26.2255859375
12.6535779,69.5849609375,-34.1845703125,26.8603515625
12.67644,69.9755859375,-33.8427734375,25.8837890625
12.7133765,69.9267578125,-34.3310546875,25.3955078125
12.7336944,70.0732421875,-34.9169921875,24.6630859375
12.770879,69.8291015625,-34.9169921875,23.1494140625
12.7948992,70.0732421875,-35.5517578125,21.2939453125
12.8332411,69.3896484375,-36.0400390625,20.1220703125
12.8550929,68.8037109375,-37.4560546875,18.2177734375
12.892364,67.3388671875,-37.0654296875,16.5576171875
12.9178915,66.5576171875,-37.6513671875,14.6044921875
12.9484505,65.6298828125,-38.3837890625,12.8466796875
12.9798939,65.6298828125,-38.8232421875,10.4541015625
13.0074189,64.9462890625,-39.4091796875,8.4033203125
13.0383753,64.4580078125,-39.8974609375,6.3037109375
13.0655404,63.4326171875,-40.8740234375,4.2041015625
13.1019377,62.4560546875,-41.5087890625,1.7138671875
13.127112,61.9677734375,-42.6318359375,0.1025390625
13.16552,61.4306640625,-42.2412109375,-1.1669921875
13.1877611,60.6494140625,-41.3623046875,2.7880859375
13.2173871,59.3310546875,-39.9951171875,8.8427734375
13.253769,58.2080078125,-39.8974609375,14.1162109375
13.2784184,59.0869140625,-40.4833984375,17.0458984375
13.3079812,59.3798828125,-39.7509765625,19.8291015625
13.3456408,61.7236328125,-39.3603515625,21.1474609375
13.3948161,63.0908203125,-39.5556640625,22.1240234375
13.4162449,64.1162109375,-40.6298828125,22.6611328125
13.4285649,65.7275390625,-40.4833984375,23.1494140625
13.4646238,66.7041015625,-40.7275390625,23.4912109375
13.4915124,67.3876953125,-40.1416015625,23.0029296875
13.5199512,68.0712890625,-40.0439453125,22.4658203125
13.5499545,68.6572265625,-40.1904296875,22.3193359375
13.5993473,67.6318359375,-40.6787109375,22.3193359375
13.6196224,68.3154296875,-41.0693359375,20.9033203125
13.6399056,68.1201171875,-41.4111328125,19.4384765625
13.6729542,67.9736328125,-41.4599609375,18.2177734375
13.7016317,67.5830078125,-42.5341796875,16.9482421875
13.7349136,66.5576171875,-43.3642578125,13.8720703125
13.7601262,65.1904296875,-43.5595703125,12.6025390625
13.7918072,64.1650390625,-44.2431640625,10.7958984375
13.8402048,62.9931640625,-44.6826171875,8.1103515625
13.8501394,62.7490234375,-45.5615234375,6.9873046875
13.8990491,62.3095703125,-46.7822265625,4.9853515625
13.9131075,61.9189453125,-47.2216796875,3.1298828125
13.9575605,61.0888671875,-47.9052734375,0.6396484375
13.9777536,59.9658203125,-48.3935546875,-1.3623046875
14.0195612,58.9892578125,-48.5888671875,-3.4130859375
14.0399204,58.5009765625,-48.2958984375,-3.8525390625
14.0792316,57.8173828125,-47.2705078125,0.6396484375
14.0938587,56.4990234375,-46.2451171875,5.7666015625
14.1393008,55.9130859375,-46.2451171875,10.6005859375
14.1585142,56.5966796875,-46.2939453125,12.7490234375
14.2013894,57.3291015625,-46.4892578125,13.6279296875
14.2179145,59.9658203125,-46.0498046875,13.5302734375
14.2592261,60.3564453125,-45.9521484375,13.5791015625
14.2882612,61.8212890625,-46.3427734375,13.6767578125
14.3024672,62.7001953125,-45.7080078125,13.1884765625
14.3477884,62.9931640625,-47.0263671875,12.5537109375
14.3680669,63.0908203125,-46.7822265625,12.2119140625
14.4122532,64.2138671875,-47.4658203125,11.9677734375
14.4325037,64.2626953125,-47.0751953125,11.6748046875
14.4747937,63.9208984375,-47.0751953125,10.6494140625
14.4877221,63.8232421875,-47.4658203125,8.6474609375
14.5308528,63.4814453125,-48.6865234375,7.0361328125
14.5520033,63.8720703125,-48.4912109375,5.5224609375
14.5905891,63.4326171875,-48.8330078125,3.4228515625
14.6097404,62.2607421875,-49.6142578125,1.5185546875
14.6471951,60.8935546875,-50.1025390625,-0.1904296875
14.66772,59.4287109375,-50.0537109375,-2.2900390625
14.7102633,59.5263671875,-51.2255859375,-3.6083984375
14.7317434,58.5986328125,-51.5673828125,-5.1220703125
14.7724518,58.2568359375,-52.5439453125,-7.3681640625
14.7916394,57.6220703125,-53.2275390625,-9.1748046875
14.8306106,56.9384765625,-53.1298828125,-11.3232421875
14.8509365,56.4501953125,-51.4208984375,-9.6630859375
14.8907083,54.3994140625,-51.0791015625,-4.3896484375
14.9097525,54.4482421875,-50.6396484375,0.4931640625
14.9466199,54.5947265625,-50.4931640625,3.6669921875
14.9681542,54.9853515625,-49.8583984375,4.2529296875
15.0050724,56.5966796875,-49.8583984375,4.4482421875
15.0278532,58.4521484375,-49.4677734375,4.8388671875
15.0712185,59.3310546875,-49.5654296875,4.2041015625
15.0925623,60.0146484375,-49.9560546875,4.1552734375
15.1292766,61.1865234375,-49.9560546875,3.4716796875
15.1492657,62.7490234375,-49.1259765625,3.0810546875
15.1867447,62.9443359375,-49.2724609375,2.9833984375
15.2068801,62.9443359375,-49.6142578125,2.3974609375
15.2454513,62.7490234375,-50.0048828125,1.0791015625
15.2687594,63.1884765625,-49.2724609375,0.7373046875
15.3081412,63.4326171875,-50.3466796875,-1.2158203125
15.330125,63.6767578125,-49.8095703125,-2.9736328125
15.3692774,63.4814453125,-50.1025390625,-3.9013671875
15.3928439,62.8466796875,-50.5419921875,-5.8056640625
15.4295772,62.7001953125,-50.4443359375,-7.7099609375
15.4485622,61.8212890625,-50.7861328125,-9.6630859375
15.4868917,61.6259765625,-51.8603515625,-11.9580078125
15.5120998,61.1376953125,-51.3232421875,-14.2041015625
15.5479115,61.0888671875,-51.7626953125,-14.5458984375
15.5724638,60.0146484375,-50.5908203125,-12.9345703125
15.6088656,59.3310546875,-49.2236328125,-7.7099609375
15.6290272,58.3544921875,-48.5888671875,-2.4853515625
15.6708587,58.5986328125,-47.9052734375,2.0068359375
15.6909114,59.2333984375,-47.6123046875,3.9599609375
15.7297327,60.2587890625,-46.7822265625,4.2041015625
15.7535436,62.1142578125,-46.1962890625,5.2294921875
15.7907624,63.2861328125,-44.8291015625,5.1806640625
15.8152579,64.4091796875,-45.1220703125,5.4248046875
15.852739,66.4111328125,-45.0244140625,5.4736328125
15.8728076,66.6064453125,-43.9013671875,5.0341796875
15.9081319,66.9970703125,-43.9013671875,5.3271484375
15.9336536,67.6318359375,-43.9013671875,5.0830078125
15.971101,67.9248046875,-43.3642578125,3.9111328125
15.9931986,68.1689453125,-42.9248046875,3.1298828125
16.0303501,68.8037109375,-43.8037109375,2.7880859375
16.0554198,68.5595703125,-43.5107421875,0.9814453125
16.0926084,68.5107421875,-43.8037109375,-1.2158203125
16.1116348,67.9736328125,-43.4619140625,-2.4365234375
16.1514151,67.0458984375,-43.3642578125,-4.6826171875
16.1751649,64.8486328125,-43.8525390625,-6.1962890625
16.2160178,64.2138671875,-44.0966796875,-7.8076171875
16.2388018,63.8720703125,-44.4384765625,-9.5654296875
16.2777066,62.8955078125,-44.1455078125,-11.3232421875
16.2978549,63.1396484375,-43.6083984375,-9.4677734375
16.3367584,61.9189453125,-42.0458984375,-5.4638671875
16.358054,61.4306640625,-40.8740234375,0.3955078125
16.3980042,60.4541015625,-40.7763671875,6.0595703125
16.4172073,60.6494140625,-39.2626953125,8.6962890625
16.4540218,61.5771484375,-37.7978515625,10.7958984375
16.4743883,62.7490234375,-37.3095703125,11.7236328125
16.5100381,64.2626953125,-36.3818359375,12.7001953125
16.5410726,65.3369140625,-36.0888671875,12.7490234375
16.5773711,66.4599609375,-35.3076171875,13.1884765625
16.5975548,66.9482421875,-34.4775390625,13.0419921875
16.63746,67.6806640625,-34.4287109375,12.4072265625
16.6589032,68.3642578125,-33.9892578125,12.6513671875
16.6962852,68.4619140625,-33.6962890625,13.3837890625
16.7195374,68.9501953125,-33.2080078125,11.6748046875
16.7562477,69.0478515625,-32.6220703125,10.7958984375
16.7768013,68.7548828125,-32.3779296875,8.5498046875
16.8116516,68.9990234375,-32.3291015625,6.8896484375
16.8379047,69.1455078125,-32.0849609375,5.5224609375
16.8743692,68.1201171875,-32.4267578125,3.7158203125
16.9003644,66.7041015625,-32.6708984375,1.9091796875
16.9359979,65.9716796875,-33.1103515625,-0.3857421875
16.9560097,64.4091796875,-33.1103515625,-1.9970703125
16.9947747,65.1416015625,-33.3056640625,-3.1201171875
17.0184322,64.3115234375,-33.5986328125,-4.8779296875
17.0717972,63.5302734375,-33.6962890625,-7.3681640625
17.0911263,63.4814453125,-33.2568359375,-7.1728515625
17.1093046,61.9677734375,-31.4501953125,-1.4111328125
17.1468987,61.1865234375,-29.6923828125,4.5458984375
17.1698403,60.5517578125,-29.3994140625,9.9169921875
17.2096181,60.6494140625,-28.5693359375,12.7978515625
17.2314154,61.3330078125,-27.9345703125,14.2138671875
17.2712066,62.7001953125,-26.1767578125,16.0693359375
17.2924929,63.7255859375,-25.4443359375,17.0458984375
17.329565,65.2880859375,-25.1513671875,16.6552734375
17.3501931,66.2646484375,-23.7841796875,16.7529296875
17.3872159,67.5341796875,-23.4423828125,16.5576171875
17.4113902,68.8525390625,-23.1494140625,16.4111328125
17.4479622,69.2919921875,-21.9775390625,16.4111328125
17.4724872,69.4384765625,-22.5634765625,15.8740234375
17.5236827,69.5361328125,-21.5380859375,15.0927734375
17.5448879,69.5361328125,-22.2216796875,14.1650390625
17.5644174,69.2919921875,-21.8798828125,12.6513671875
17.6038544,68.7060546875,-22.2216796875,10.7958984375
17.6344802,67.8271484375,-22.9052734375,8.7451171875
17.652879,67.2412109375,-22.1240234375,6.8408203125
17.6904929,66.7529296875,-23.7841796875,5.0830078125
17.714623,65.4833984375,-23.6376953125,2.8857421875
17.7509316,64.5068359375,-24.0283203125,1.2255859375
17.7710706,63.9697265625,-24.0283203125,0.2490234375
17.8209526,63.8720703125,-24.3212890625,-2.6318359375
17.8410725,63.0908203125,-25.5908203125,-5.3662109375
17.8624806,61.1865234375,-26.1767578125,-6.8798828125
17.898535,60.9912109375,-25.2978515625,-6.4404296875
17.9254702,60.1123046875,-23.9306640625,-1.7529296875
17.9637968,58.7939453125,-23.1494140625,4.6923828125
17.9870981,57.7197265625,-21.7822265625,8.6962890625
18.0239217,57.6220703125,-22.0263671875,10.7470703125
18.0432964,58.8427734375,-21.4892578125,11.0400390625
18.082018,60.1611328125,-19.9267578125,11.3818359375
18.1035194,62.3095703125,-20.0244140625,12.4072265625
18.1412243,62.8955078125,-19.5361328125,11.7724609375
18.165802,63.7255859375,-18.7548828125,10.7958984375
18.2043819,64.2626953125,-18.9990234375,10.8935546875
18.2267352,65.4345703125,-18.4619140625,9.7705078125
18.263876,65.5810546875,-18.8037109375,9.8681640625
18.3015568,65.5322265625,-19.1455078125,8.5009765625
18.3217107,65.2392578125,-19.4384765625,7.9150390625
18.3459747,65.3857421875,-19.4384765625,6.1572265625
18.3843419,65.9228515625,-19.8291015625,4.3505859375
18.414655,65.1416015625,-20.2685546875,2.8369140625
18.4360173,65.1904296875,-20.6591796875,1.0791015625
18.4773021,64.1650390625,-21.2451171875,-0.8251953125
18.4979567,62.8466796875,-21.6845703125,-2.1923828125
18.5253615,61.6259765625,-21.6845703125,-4.7802734375
18.5707631,61.8212890625,-22.6123046875,-6.5380859375
18.5909054,60.4052734375,-22.9052734375,-8.4912109375
18.6198441,60.7470703125,-23.1494140625,-9.3701171875
18.6484489,60.1123046875,-22.1240234375,-7.2216796875
18.6770468,59.2333984375,-20.4638671875,-1.5576171875
18.7273493,58.0615234375,-20.4150390625,3.7158203125
18.7466586,57.5244140625,-19.6337890625,5.6201171875
18.7670373,58.4521484375,-19.2431640625,6.9384765625
18.8042179,59.0380859375,-18.7060546875,7.5244140625
18.8519464,60.7958984375,-18.2666015625,7.8662109375
18.8719809,62.0654296875,-17.9736328125,8.0615234375
18.9132582,62.4072265625,-17.5341796875,7.6220703125
18.9331982,63.1884765625,-16.9482421875,6.5478515625
18.9512391,64.7509765625,-16.7041015625,5.7666015625
18.9993653,65.3369140625,-17.1435546875,5.3271484375
19.0102291,65.1904296875,-17.0458984375,4.8388671875
19.060735,65.2392578125,-16.8505859375,3.8134765625
19.0717981,65.5810546875,-18.2177734375,2.8857421875
19.1184797,65.3369140625,-17.6318359375,0.7861328125
19.1386149,65.4345703125,-18.3154296875,-0.7275390625
19.1798873,65.1904296875,-19.0966796875,-2.8759765625
19.200175,64.2626953125,-18.5595703125,-4.7802734375
19.2371167,64.4091796875,-18.9501953125,-5.9521484375
19.258704,62.6025390625,-19.6826171875,-8.3935546875
19.2951131,62.1142578125,-20.5615234375,-9.2724609375
19.315357,61.6259765625,-21.1474609375,-11.1767578125
19.3587184,60.8447265625,-21.2451171875,-12.6904296875
19.3796576,60.4052734375,-20.4150390625,-9.7607421875
19.4274665,59.9169921875,-19.2431640625,-4.7314453125
19.4476609,58.3544921875,-18.5595703125,0.9326171875
19.4645747,57.9150390625,-18.0712890625,3.7646484375
19.510329,58.5498046875,-17.5830078125,5.6201171875
19.5304234,59.5263671875,-16.5576171875,5.9130859375
19.5699048,61.0400390625,-16.7041015625,6.8408203125
19.5925084,62.5537109375,-16.6552734375,8.4033203125
19.610691,63.8232421875,-16.3134765625,7.6220703125
19.6450134,64.5068359375,-16.2646484375,8.0126953125
19.6899108,65.9228515625,-15.6298828125,7.0849609375
19.7092507,66.4111328125,-16.0693359375,7.1826171875
19.7498675,66.7529296875,-15.6298828125,6.0595703125
19.769102,67.4365234375,-16.5576171875,6.0107421875
19.7912495,67.3388671875,-16.3134765625,3.9599609375
19.8245512,67.8271484375,-16.8994140625,2.7880859375
19.8679486,67.7294921875,-17.4853515625,1.7626953125
19.8880901,68.3642578125,-17.2900390625,-0.0439453125
19.9293323,67.6806640625,-18.5107421875,-2.6806640625
19.9491025,66.2646484375,-19.2431640625,-3.8037109375
19.9870132,66.0693359375,-19.1943359375,-6.3916015625
20.0084233,65.0439453125,-20.4638671875,-7.8076171875
20.0536104,64.4580078125,-20.7080078125,-9.3212890625
20.0659154,63.3837890625,-21.7333984375,-11.2744140625
20.1094755,62.9931640625,-21.9775390625,-12.3974609375
20.1315297,62.0166015625,-21.0986328125,-10.2001953125
20.1714639,61.9677734375,-20.5615234375,-4.2431640625
20.1929044,61.0400390625,-20.4150390625,1.3720703125
20.228607,59.8681640625,-19.2919921875,4.9853515625
20.2486328,59.7705078125,-19.2919921875,7.3779296875
20.288974,60.6982421875,-19.1943359375,8.0126953125
20.3080137,61.9189453125,-18.6572265625,10.2587890625
20.347296,63.2373046875,-17.6806640625,11.3818359375
20.3771575,64.5068359375,-18.5107421875,11.0400390625
20.3980613,66.3134765625,-17.9736328125,10.8447265625
20.4259711,67.2412109375,-18.4619140625,10.7958984375
20.4696519,67.2412109375,-17.7294921875,10.3076171875
20.4900907,67.8759765625,-18.7548828125,9.5751953125
20.5274361,69.1943359375,-18.7060546875,9.0869140625
20.5490075,68.5107421875,-19.5849609375,8.2080078125
20.5902809,68.9990234375,-20.3173828125,7.0361328125
20.6106271,68.8037109375,-20.8544921875,5.9619140625
20.6486763,68.9501953125,-21.0498046875,3.8623046875
20.6687827,68.6572265625,-21.7333984375,2.2021484375
20.7046405,68.1689453125,-22.4658203125,-0.1904296875
20.7293122,67.2900390625,-23.2470703125,-1.0205078125
20.7651841,65.9228515625,-23.8330078125,-3.4619140625
20.7910759,64.6044921875,-24.1259765625,-4.6337890625
20.8297616,64.7998046875,-25.3466796875,-6.5380859375
20.8488774,64.3603515625,-25.7373046875,-7.9541015625
20.8906439,63.2861328125,-27.5439453125,-10.2490234375
20.9122315,62.9931640625,-27.9833984375,-13.0810546875
20.949174,61.8701171875,-27.3486328125,-13.3251953125
20.9713369,60.6494140625,-26.6162109375,-9.4677734375
21.0117262,60.2587890625,-26.1279296875,-2.9736328125
21.0320502,59.7705078125,-25.5419921875,1.9091796875
21.0741581,58.4033203125,-25.5908203125,4.7412109375
21.095398,58.4521484375,-25.8837890625,6.3525390625
21.1327343,59.0869140625,-25.5908203125,7.3291015625
21.1538561,60.8935546875,-25.0048828125,8.0615234375
21.1908478,61.6259765625,-25.4931640625,8.9892578125
21.2128855,63.3837890625,-25.4931640625,8.4521484375
21.2501127,64.8974609375,-25.7861328125,8.2080078125
21.2751739,66.3623046875,-25.8837890625,7.6220703125
21.3144353,67.0458984375,-26.4208984375,8.0126953125
21.3361311,67.9736328125,-26.4208984375,7.2802734375
21.3731571,67.3388671875,-27.1533203125,6.7431640625
21.3932052,68.0224609375,-27.5439453125,5.5712890625
21.429455,67.2900390625,-28.0810546875,3.5205078125
21.455616,67.4853515625,-28.7646484375,2.1044921875
21.4930614,66.9970703125,-29.2041015625,-0.2880859375
21.5130525,66.8017578125,-30.3271484375,-1.6064453125
21.553176,66.4599609375,-30.9130859375,-3.9013671875
21.5745985,65.1904296875,-31.1083984375,-5.4638671875
21.6102785,63.9208984375,-32.5732421875,-6.9775390625
21.6349332,63.5791015625,-34.1357421875,-9.4677734375
21.6710972,62.4072265625,-34.1357421875,-10.8837890625
21.6977026,61.6259765625,-35.4541015625,-13.2275390625
21.7362211,60.7470703125,-36.2841796875,-15.0830078125
21.7576915,60.4541015625,-37.0654296875,-17.1826171875
21.7944351,58.7451171875,-37.5537109375,-18.2568359375
21.8146474,57.9638671875,-35.7470703125,-15.4736328125
21.8513492,57.8662109375,-35.9912109375,-9.9072265625
21.8778736,56.7919921875,-35.8935546875,-5.1220703125
21.9156517,55.3759765625,-36.6748046875,-3.3642578125
21.9369882,55.2783203125,-36.1376953125,-2.8759765625
21.9727252,55.6201171875,-35.9423828125,-2.8759765625
21.9962358,57.6220703125,-36.5283203125,-2.9248046875
22.0344262,58.8916015625,-36.7724609375,-2.9248046875
22.0565813,59.7705078125,-37.1630859375,-4.0966796875
22.0928067,61.4306640625,-37.5537109375,-4.4384765625
22.1185612,61.5771484375,-37.4560546875,-4.6826171875
22.1564549,61.8701171875,-37.8466796875,-4.4384765625
22.1754679,62.3095703125,-38.1884765625,-5.1220703125
22.2145538,62.0166015625,-39.1162109375,-5.9033203125
22.2397385,62.7978515625,-39.7021484375,-8.2958984375
22.2823058,62.2119140625,-40.3369140625,-8.6376953125
22.3012504,62.2607421875,-40.6787109375,-11.1279296875
22.337165,62.2607421875,-41.6552734375,-12.9345703125
22.3599949,61.7724609375,-42.4365234375,-14.7900390625
22.3983842,61.3818359375,-43.3642578125,-15.8642578125
22.4186278,60.6005859375,-44.0966796875,-18.1591796875
22.4627589,59.2822265625,-44.7802734375,-19.5751953125
22.4830773,58.4033203125,-45.7080078125,-20.9423828125
22.5201733,57.9638671875,-46.3427734375,-23.6279296875
22.5412921,56.8408203125,-46.6357421875,-24.4580078125
22.5774878,56.3037109375,-45.0244140625,-21.7724609375
22.599669,55.7177734375,-44.8779296875,-17.8173828125
22.6432392,54.9365234375,-44.8779296875,-13.4228515625
22.6623138,53.9111328125,-44.9267578125,-11.5185546875
22.7001635,53.8134765625,-45.1220703125,-10.2978515625
22.7216319,54.4970703125,-44.6337890625,-10.8837890625
22.7611215,55.7177734375,-44.9755859375,-10.2978515625
22.7817113,57.0849609375,-44.8779296875,-10.4443359375
22.8311348,58.0126953125,-44.4384765625,-10.5419921875
22.8515292,58.8427734375,-44.9755859375,-11.1767578125
22.8733686,59.1845703125,-45.7568359375,-11.7626953125
22.9091652,60.8447265625,-45.7568359375,-11.7138671875
22.9292256,60.9423828125,-45.6103515625,-12.1533203125
22.9720622,61.0400390625,-46.4892578125,-13.0322265625
22.9920167,60.9423828125,-47.0263671875,-14.4970703125
23.0336773,60.8447265625,-47.0263671875,-15.8154296875
23.0533264,61.3330078125,-47.8564453125,-17.7197265625
23.0905343,61.3330078125,-48.0029296875,-18.7939453125
23.1137894,61.5283203125,-48.4423828125,-20.8935546875
23.1573451,61.4794921875,-48.7353515625,-21.9677734375
23.1773779,60.0146484375,-49.5166015625,-24.1162109375
23.2129532,59.5263671875,-50.2490234375,-25.3369140625
23.2330323,58.6474609375,-50.6884765625,-27.5341796875
23.2725123,58.0615234375,-51.0302734375,-28.6572265625
23.2994214,57.5732421875,-50.5419921875,-27.2412109375
23.3220999,56.5966796875,-49.0283203125,-23.2861328125
23.3639682,56.1572265625,-48.1982421875,-18.5986328125
23.3847229,55.1806640625,-48.2470703125,-14.3017578125
23.4132424,54.5947265625,-48.4912109375,-13.1787109375
23.4546728,54.5458984375,-47.7099609375,-12.2509765625
23.4759376,55.7666015625,-47.3193359375,-11.1767578125
23.5142392,57.4755859375,-47.3193359375,-10.6884765625
23.5375413,58.6962890625,-47.4658203125,-9.2724609375
23.5745989,59.9169921875,-47.0263671875,-9.8583984375
23.5940418,61.2353515625,-47.4169921875,-9.7119140625
23.635292,62.1142578125,-46.9775390625,-9.1748046875
23.6541729,62.7490234375,-47.1728515625,-10.2001953125
23.6948666,63.4326171875,-47.7099609375,-10.2978515625
23.7150243,63.4814453125,-47.8076171875,-10.6396484375
23.7451994,63.9208984375,-48.2958984375,-11.4697265625
23.77866,63.9208984375,-48.3935546875,-12.1533203125
23.8146316,63.8720703125,-48.7353515625,-13.8134765625
23.8364944,63.8720703125,-48.8330078125,-15.2294921875
23.8727157,64.2138671875,-49.1748046875,-16.2060546875
23.8960053,63.9208984375,-49.8095703125,-17.6708984375
23.9244631,62.4560546875,-49.8095703125,-18.7939453125
23.958056,61.5283203125,-50.8837890625,-20.6005859375
23.9871605,60.9912109375,-51.3232421875,-21.8701171875
24.020496,60.2587890625,-51.8603515625,-23.9697265625
24.0475574,60.1123046875,-51.2255859375,-23.3837890625
24.0768012,59.8193359375,-50.6884765625,-20.3564453125
24.108963,58.8916015625,-50.2978515625,-15.4248046875
24.1370702,58.5009765625,-49.0771484375,-9.8583984375
24.1671657,57.3779296875,-48.5888671875,-6.2939453125
24.1993171,57.1337890625,-48.3935546875,-5.1220703125
24.2263726,56.7919921875,-47.7099609375,-3.9013671875
24.2557252,57.9150390625,-46.7333984375,-1.4111328125
24.2958081,60.0634765625,-46.7333984375,-0.4833984375
24.3175929,61.2353515625,-46.1962890625,-0.3857421875
24.367714,62.3583984375,-46.3427734375,0.2001953125
24.3876879,63.6767578125,-46.1962890625,0.3955078125
24.4066335,64.6044921875,-45.7568359375,0.8349609375
24.4386704,65.0927734375,-45.4150390625,-0.0927734375
24.4873927,65.6298828125,-46.0009765625,0.1513671875
24.5087609,65.9228515625,-45.6591796875,-0.5810546875
24.5456163,66.1181640625,-45.4638671875,-1.8017578125
24.5658938,66.9970703125,-46.4404296875,-2.8759765625
24.5885489,66.2646484375,-46.2939453125,-4.3896484375
24.6376442,65.9716796875,-46.6845703125,-5.6591796875
24.6581307,66.7041015625,-46.5869140625,-6.9775390625
24.7000882,65.3369140625,-47.5634765625,-7.9541015625
24.7126527,64.4580078125,-47.5634765625,-10.2490234375
24.7402441,63.4814453125,-47.3193359375,-11.1767578125
24.7735918,62.6513671875,-47.8076171875,-13.0810546875
24.8317272,61.3330078125,-49.1259765625,-14.6923828125
24.8327492,61.1376953125,-49.3701171875,-16.6455078125
24.8645404,60.4541015625,-49.3701171875,-17.7685546875
24.9098297,59.7705078125,-47.9541015625,-17.0849609375
24.9402117,59.1357421875,-47.0751953125,-12.7392578125
24.9540722,58.9404296875,-46.9287109375,-6.9287109375
25.0001417,58.1103515625,-45.8544921875,-2.8271484375
25.0317986,56.7919921875,-45.5615234375,0.0048828125
25.0427965,56.6943359375,-45.1708984375,1.2744140625
25.0889574,56.9384765625,-43.9501953125,2.1533203125
25.1078867,57.4755859375,-43.3154296875,3.4228515625
25.1500801,59.5263671875,-43.9501953125,4.1552734375
25.1716489,60.2587890625,-44.2431640625,3.2275390625
25.2128306,61.5283203125,-43.4619140625,3.2275390625
25.2319978,61.8212890625,-43.2177734375,3.0322265625
25.2700862,62.6513671875,-42.9736328125,3.0810546875
25.3001312,63.6767578125,-43.1689453125,3.0810546875
25.3142906,64.3603515625,-43.1201171875,2.0556640625
25.3602044,64.2626953125,-43.0224609375,0.6396484375
25.3793152,63.8232421875,-43.3642578125,-0.5322265625
25.4200062,64.2138671875,-43.5595703125,-2.0458984375
25.441507,64.1650390625,-43.9013671875,-4.0478515625
25.4771161,63.4814453125,-43.8525390625,-5.2197265625
25.4987759,62.9931640625,-43.8525390625,-6.1962890625
25.5418757,61.9677734375,-44.3408203125,-8.5400390625
25.5673326,61.0888671875,-44.4384765625,-9.5166015625
25.6029265,60.3564453125,-44.6826171875,-11.3720703125
25.6164387,59.8193359375,-45.4150390625,-13.5693359375
25.6598775,58.8916015625,-45.8056640625,-14.6923828125
25.6800705,57.5244140625,-44.9267578125,-15.9619140625
25.7189507,56.6455078125,-44.2919921875,-12.9833984375
25.7396492,56.1572265625,-43.3642578125,-7.1240234375
25.7857106,55.8154296875,-42.6806640625,-3.3642578125
25.80698,54.4482421875,-41.9482421875,-1.4599609375
25.8445642,54.0087890625,-41.7529296875,-0.0927734375
25.8637704,54.0576171875,-41.2158203125,-0.2392578125
25.8999733,54.3017578125,-40.6787109375,0.5419921875
25.9227918,56.4013671875,-41.4111328125,1.0302734375
25.9599309,57.4267578125,-39.7021484375,0.0048828125
25.981415,58.0615234375,-39.6044921875,-1.0205078125
26.0182962,59.3798828125,-39.8974609375,-0.0927734375
26.0384516,60.6494140625,-39.7509765625,-0.3369140625
26.0833861,60.9912109375,-38.9208984375,-1.3623046875
26.1026331,61.0888671875,-39.2626953125,-2.6318359375
26.1430506,60.7470703125,-39.3603515625,-3.4130859375
26.1642426,61.5283203125,-39.8974609375,-4.6826171875
26.2030841,61.3330078125,-39.7021484375,-6.5869140625
26.2243534,61.2841796875,-40.2392578125,-8.3447265625
26.262525,61.2353515625,-39.9462890625,-9.8583984375
26.2825692,61.0888671875,-40.5810546875,-11.8603515625
26.3189951,59.4287109375,-40.9716796875,-13.4716796875
26.3408104,59.0869140625,-41.2158203125,-14.9853515625
26.384839,58.6474609375,-41.1181640625,-17.1826171875
26.4134445,58.1103515625,-40.7275390625,-18.1591796875
26.4311707,57.7685546875,-39.2626953125,-14.4482421875
26.4603387,57.1337890625,-38.1884765625,-9.5166015625
26.5020869,56.1572265625,-37.7001953125,-4.3408203125
26.5223622,55.5224609375,-37.1142578125,-1.9482421875
26.5636607,54.4482421875,-36.3330078125,-0.9716796875
26.5829728,54.4970703125,-35.2099609375,0.9814453125
26.6235922,55.5712890625,-33.7939453125,1.4697265625
26.642738,57.0849609375,-34.2333984375,0.8349609375
26.6805791,58.4521484375,-33.5009765625,0.3955078125
26.7003997,58.9404296875,-33.1591796875,0.2978515625
26.7445349,60.6982421875,-32.9638671875,0.1513671875
26.7659078,61.8212890625,-32.4267578125,-0.0927734375
26.8033843,62.4560546875,-31.8896484375,-0.2880859375
26.8239845,62.7490234375,-32.2802734375,-0.6787109375
26.8634647,63.1396484375,-32.2314453125,-1.8994140625
26.8841728,62.8955078125,-32.4755859375,-3.1689453125
26.9217598,62.7978515625,-32.6220703125,-5.3173828125
26.9419467,63.2861328125,-32.1337890625,-6.8310546875
26.992267,62.9443359375,-32.4267578125,-8.6376953125
27.0127698,62.4560546875,-32.6708984375,-10.1025390625
27.0484563,61.4794921875,-33.2080078125,-11.4208984375
27.0686483,60.6982421875,-33.3544921875,-13.2275390625
27.1184951,59.3310546875,-33.6474609375,-14.3017578125
27.1398816,58.2568359375,-33.9404296875,-16.4501953125
27.1537313,57.9150390625,-33.7451171875,-18.2568359375
27.1923616,57.8173828125,-32.7197265625,-16.4501953125
27.2139006,56.4013671875,-31.5478515625,-11.3232421875
27.2564385,56.0107421875,-30.5224609375,-5.1708984375
27.2774143,56.0595703125,-29.8876953125,-1.6552734375
27.3165527,55.0341796875,-29.0576171875,0.6884765625
27.3375833,54.6923828125,-28.1787109375,1.8115234375
27.3863563,55.4248046875,-27.2998046875,3.4716796875
27.4076548,56.0595703125,-27.1044921875,4.9365234375
27.4282495,57.1337890625,-26.5673828125,4.1064453125
27.4669861,58.7451171875,-26.0791015625,4.9365234375
27.4871774,59.2333984375,-25.3955078125,4.0576171875
27.5255193,60.8935546875,-25.6396484375,4.9365234375
27.5468047,61.7236328125,-24.6630859375,4.8388671875
27.5833863,62.4560546875,-24.7119140625,4.1064453125
27.6060463,62.6513671875,-24.6142578125,3.6181640625
27.6484556,63.2861328125,-24.8583984375,2.7392578125
27.6692543,63.6279296875,-24.8095703125,1.4208984375
27.7087982,64.1162109375,-24.7119140625,-0.0439453125
27.7290351,63.9208984375,-25.2001953125,-1.9970703125
27.7657119,63.5302734375,-25.7373046875,-2.5830078125
27.7882732,63.2861328125,-25.8837890625,-4.3408203125
27.8262213,62.7978515625,-25.8837890625,-6.3427734375
27.8498566,61.3818359375,-26.7626953125,-8.1005859375
27.8874598,60.1611328125,-27.3486328125,-8.9794921875
27.9076806,59.1845703125,-27.7392578125,-11.1279296875
27.9492239,58.5498046875,-27.8369140625,-13.2275390625
27.9703949,58.0126953125,-27.6416015625,-13.8134765625
28.0165634,57.3779296875,-26.1767578125,-9.6142578125
28.0468962,56.8896484375,-25.7373046875,-4.0966796875
28.0587082,56.1572265625,-24.8583984375,0.6884765625
28.1096503,55.7177734375,-24.5166015625,3.8623046875
28.1420785,55.1318359375,-23.8330078125,5.4736328125
28.1500607,55.0830078125,-23.6376953125,6.6455078125
28.2018571,55.2783203125,-22.6123046875,9.0380859375
28.2220194,56.5478515625,-23.1005859375,8.6474609375
28.2413566,58.2568359375,-22.6611328125,8.8427734375
28.2804617,59.0380859375,-22.8076171875,8.5009765625
28.300822,60.5029296875,-22.4658203125,8.3056640625
28.3386483,60.8935546875,-22.4658203125,8.2568359375
28.3600999,62.1630859375,-22.3681640625,7.8173828125
28.4046374,62.4072265625,-22.4658203125,6.9384765625
28.4226928,62.6025390625,-23.1005859375,6.3037109375
28.4662333,62.3095703125,-23.3935546875,4.8388671875
28.4795075,62.2607421875,-23.8818359375,4.0087890625
28.5236358,62.5048828125,-23.6376953125,1.0791015625
28.5454245,61.2841796875,-24.3212890625,0.6396484375
28.5846099,61.2353515625,-25.7861328125,-1.8994140625
28.6015576,60.8935546875,-26.1767578125,-3.5107421875
28.641469,59.9658203125,-27.0556640625,-5.8544921875
28.6614315,58.6474609375,-26.6162109375,-7.1240234375
28.7038311,57.5732421875,-28.0810546875,-9.0771484375
28.7241236,57.0849609375,-29.0576171875,-10.2490234375
28.7637298,56.4990234375,-29.4482421875,-13.0810546875
28.7838384,55.6689453125,-28.9599609375,-14.1552734375
28.8195496,55.3271484375,-27.8369140625,-10.0537109375
28.8466032,54.2041015625,-27.2509765625,-4.4384765625
28.8837795,53.4228515625,-27.2021484375,0.7861328125
28.9078878,52.5927734375,-26.8115234375,2.5439453125
28.9433835,51.2744140625,-26.1767578125,3.5205078125
28.9623142,50.8349609375,-26.1767578125,4.3994140625
29.0068679,51.4208984375,-25.9814453125,4.1552734375
29.0246665,52.4951171875,-25.7373046875,4.7900390625
29.066396,54.4970703125,-25.5419921875,4.0576171875
29.0865565,55.3759765625,-25.8349609375,3.7646484375
29.122611,55.9130859375,-26.0791015625,4.4482421875
29.1441688,57.9150390625,-26.1279296875,3.7646484375
29.1765163,57.8173828125,-26.4208984375,3.5205078125
29.2140561,58.4033203125,-26.3720703125,2.4951171875
29.2334761,58.2568359375,-27.1044921875,1.4697265625
29.2675724,58.4521484375,-27.2998046875,-0.3369140625
29.3037666,58.0615234375,-27.4951171875,-1.9482421875
29.3256776,57.9638671875,-28.6181640625,-2.8271484375
29.3562214,58.7939453125,-29.5947265625,-4.5361328125
29.3853921,57.3779296875,-29.6435546875,-6.7333984375
29.4137937,57.3291015625,-30.4736328125,-7.7587890625
29.4465997,56.3525390625,-31.0595703125,-9.3701171875
29.485074,55.0830078125,-31.6943359375,-11.4208984375
29.509664,54.8876953125,-32.0849609375,-13.4228515625
29.5372671,54.6435546875,-32.0361328125,-13.0810546875
29.566679,53.5205078125,-30.2294921875,-10.1025390625
29.59967,52.9345703125,-29.9365234375,-3.7060546875
29.6356192,52.5927734375,-30.2294921875,0.7861328125
29.6595215,51.3232421875,-29.3994140625,2.7392578125
29.6897955,50.8349609375,-29.4482421875,3.6669921875
29.7166969,50.2001953125,-28.7158203125,4.4970703125
29.7512948,51.0791015625,-29.2529296875,4.9365234375
29.7781585,52.1533203125,-29.3994140625,5.2783203125
29.8065905,53.9599609375,-28.7646484375,4.2529296875
29.8409851,54.8876953125,-29.0576171875,4.0087890625
29.869496,55.5712890625,-29.6923828125,4.0576171875
29.9011002,56.0107421875,-29.1552734375,4.0576171875
29.9298536,57.6220703125,-28.8134765625,3.7646484375
29.9596886,57.4267578125,-29.2041015625,2.2509765625
29.9876092,58.0615234375,-29.4970703125,1.0302734375
30.0201049,58.5986328125,-30.4248046875,0.1513671875
30.048602,57.9638671875,-30.6689453125,-1.1669921875
30.0999468,58.0615234375,-31.4990234375,-3.6083984375
30.1201097,58.4521484375,-32.0361328125,-5.5126953125
30.1391401,58.9404296875,-32.5244140625,-6.7333984375
30.2033548,58.1591796875,-33.0615234375,-8.1005859375
30.2044756,57.3291015625,-33.4521484375,-10.1025390625
30.2330774,56.7431640625,-34.4287109375,-12.1044921875
30.2600338,55.6689453125,-34.0869140625,-13.3251953125
30.2899649,54.6435546875,-33.1591796875,-11.4208984375
30.3208129,54.5458984375,-32.5244140625,-6.2451171875
30.3517644,53.5205078125,-32.4267578125,-0.3857421875
30.3811912,53.0810546875,-31.8896484375,2.8857421875
30.4130096,52.5439453125,-31.1572265625,4.5947265625
30.4598924,51.5185546875,-30.7177734375,5.9130859375
30.47903,51.6650390625,-29.8876953125,7.4755859375
30.5204174,52.5927734375,-29.9365234375,8.2080078125
30.5425305,53.3740234375,-29.5947265625,7.9150390625
30.5818457,54.9365234375,-29.5947265625,8.2568359375
30.5933045,56.1572265625,-29.5458984375,7.2314453125
30.6406993,57.2802734375,-29.5458984375,7.3779296875
30.6609378,57.6708984375,-29.6435546875,7.4267578125
30.6966931,58.7939453125,-30.3271484375,6.4501953125
30.7169331,59.9169921875,-30.8154296875,5.0341796875
30.7604852,59.4287109375,-30.7666015625,4.0087890625
30.7735247,60.0634765625,-31.3525390625,2.3974609375
30.817538,60.2587890625,-30.8642578125,1.1279296875
30.8379087,60.0146484375,-32.1337890625,-0.7763671875
30.8793866,60.0634765625,-33.0615234375,-2.8271484375
30.9013195,60.4052734375,-33.2568359375,-3.6083984375
30.9387864,59.4775390625,-33.7939453125,-5.9521484375
30.9579454,58.5009765625,-34.7705078125,-8.1982421875
30.998112,57.8173828125,-35.0634765625,-9.3212890625
31.0171654,56.7431640625,-36.6748046875,-11.5185546875
31.0592652,55.9130859375,-36.7236328125,-13.1787109375
31.0795633,55.6689453125,-36.1376953125,-13.0322265625
31.1191702,55.2783203125,-34.6240234375,-10.3955078125
31.1392823,54.1064453125,-34.4287109375,-4.9267578125
31.1790617,53.9111328125,-33.6474609375,0.6396484375
31.1986096,53.9111328125,-33.3056640625,3.6669921875
31.2367889,52.5439453125,-32.6220703125,5.1318359375
31.2585589,52.4462890625,-32.4755859375,5.8154296875
31.3033481,52.0556640625,-31.9873046875,7.6708984375
31.3225259,53.1787109375,-31.8408203125,8.8427734375
31.3619284,53.4716796875,-32.1826171875,7.7197265625
31.3835251,55.2783203125,-32.1337890625,8.1103515625
31.4209793,56.9384765625,-31.9384765625,7.7685546875
31.4412538,57.5732421875,-32.0849609375,7.7685546875
31.4788327,59.2333984375,-32.3291015625,7.6708984375
31.501212,59.9658203125,-32.5244140625,7.1337890625
31.5384176,60.1123046875,-32.1337890625,5.8642578125
31.5587396,60.3564453125,-32.7685546875,5.2294921875
31.6028713,60.4541015625,-33.6474609375,2.5927734375
31.6240822,61.2353515625,-33.2568359375,1.4208984375
31.6605788,60.9423828125,-33.5986328125,-0.6787109375
31.6811321,60.6982421875,-34.7216796875,-2.4853515625
31.7197794,60.8447265625,-35.0146484375,-4.2431640625
31.7411563,59.8681640625,-35.6494140625,-6.5380859375
31.7980605,58.9892578125,-36.4794921875,-7.0263671875
31.7990582,58.0126953125,-37.5537109375,-9.3701171875
31.8303976,56.8896484375,-37.9443359375,-11.7138671875
31.8686465,57.2314453125,-39.0185546875,-13.5205078125
31.8899975,56.6943359375,-38.8232421875,-15.4736328125
31.9302114,55.6201171875,-38.0908203125,-14.9853515625
31.9516117,54.8876953125,-37.3583984375,-10.2978515625
31.9945473,53.8134765625,-37.1630859375,-4.8779296875
32.0142661,53.4228515625,-36.5283203125,-0.5322265625
32.0547253,52.7880859375,-36.8701171875,0.9326171875
32.0746982,51.6162109375,-35.5517578125,1.6162109375
32.1113404,50.7861328125,-36.4306640625,2.2998046875
32.130724,51.0302734375,-35.3564453125,2.8369140625
32.173462,52.2998046875,-35.9423828125,3.5693359375
32.1947154,53.3740234375,-36.5283203125,3.0322265625
32.235846,54.5947265625,-35.8935546875,2.9833984375
32.2558915,56.2060546875,-35.5517578125,2.0068359375
32.2913731,57.3779296875,-35.7470703125,1.8603515625
32.3137162,57.9150390625,-36.5771484375,1.8115234375
32.3587003,58.7939453125,-36.0400390625,0.3955078125
32.3808276,59.5263671875,-36.8701171875,-0.3857421875
32.4229983,60.1123046875,-36.8701171875,-2.1923828125
32.4431565,59.3798828125,-37.2119140625,-3.3154296875
32.4606416,59.7216796875,-38.0419921875,-5.1220703125
32.4948894,59.5263671875,-38.1884765625,-7.6123046875
32.5399223,58.7451171875,-39.0185546875,-9.2724609375
32.560909,58.6474609375,-39.9951171875,-10.2490234375
32.6009634,57.7685546875,-40.3857421875,-12.7392578125
32.620087,57.0361328125,-41.4111328125,-14.4970703125
32.6586334,55.4248046875,-41.8994140625,-16.7919921875
32.679686,55.1318359375,-42.7294921875,-18.5498046875
32.7174752,54.3505859375,-42.0458984375,-19.9658203125
32.7364815,53.9111328125,-41.8017578125,-17.1337890625
32.7768868,53.0322265625,-40.4345703125,-11.3720703125
32.7982215,52.4462890625,-40.4345703125,-7.8564453125
32.846975,52.0068359375,-40.5322265625,-5.1220703125
32.8662128,51.2744140625,-40.2880859375,-4.7802734375
32.9031383,50.1513671875,-39.9462890625,-5.0732421875
32.9143989,49.6630859375,-39.7998046875,-3.6083984375
32.9598916,50.6884765625,-40.3369140625,-4.1455078125
32.9790758,51.5185546875,-40.2880859375,-4.2919921875
33.0151782,53.4228515625,-40.6787109375,-5.1708984375
33.0373753,54.0087890625,-40.6298828125,-5.0244140625
33.0770659,54.8876953125,-40.7763671875,-4.5849609375
33.0986307,56.0107421875,-41.6064453125,-6.0986328125
33.1464752,56.5966796875,-41.2646484375,-6.8798828125
33.1658092,57.1826171875,-41.0693359375,-8.3447265625
33.1859827,57.2314453125,-42.0947265625,-9.6630859375
33.2159528,56.8408203125,-42.1435546875,-11.2255859375
33.2572213,57.2802734375,-42.7783203125,-13.4228515625
33.2793397,57.4755859375,-42.3388671875,-14.7900390625
33.3208446,56.6943359375,-43.2177734375,-15.8642578125
33.3423475,57.0361328125,-44.0478515625,-18.4033203125
33.3795172,56.6455078125,-44.6337890625,-19.5751953125
33.4011285,55.3271484375,-45.3662109375,-21.5771484375
33.445254,54.3505859375,-44.5361328125,-21.6259765625
33.4642828,54.1552734375,-43.8037109375,-18.6962890625
33.5043486,53.4228515625,-42.8759765625,-13.4228515625
33.5245414,53.1787109375,-42.2900390625,-8.9306640625
33.5671411,52.7880859375,-42.3388671875,-6.1474609375
33.5887296,52.1533203125,-41.0205078125,-4.8291015625
33.6094543,51.2744140625,-40.7275390625,-3.4619140625
33.6622934,51.6650390625,-40.4345703125,-2.9248046875
33.6825111,51.7626953125,-40.7275390625,-2.7783203125
33.6982282,53.0322265625,-40.2392578125,-2.9248046875
33.7429372,54.2041015625,-39.8486328125,-2.2412109375
33.7645296,55.0341796875,-40.3369140625,-3.0712890625
33.8037522,55.9619140625,-39.8486328125,-3.8037109375
33.8232694,56.9384765625,-39.7021484375,-3.2666015625
33.8619835,57.9150390625,-39.7021484375,-4.1943359375
33.882241,58.0126953125,-40.3369140625,-5.2197265625
33.9260528,58.9404296875,-39.8486328125,-6.2939453125
33.9413319,59.2822265625,-40.9228515625,-8.0517578125
33.9828819,59.2822265625,-40.9228515625,-9.3701171875
34.0019983,59.0869140625,-40.6787109375,-10.8349609375
34.0458732,59.7705078125,-41.6552734375,-12.8369140625
34.0647809,59.6240234375,-42.1923828125,-13.9599609375
34.0919231,58.4033203125,-42.2900390625,-15.1318359375
34.1364139,57.5732421875,-42.5341796875,-16.8408203125
34.1537267,56.6943359375,-41.9970703125,-17.3291015625
34.1814401,56.2548828125,-40.7763671875,-12.7392578125
34.2104006,55.2783203125,-40.6298828125,-6.8310546875
34.2568047,55.3271484375,-39.4580078125,-1.2158203125
34.2715416,53.9599609375,-39.0673828125,0.9326171875
34.3151159,53.2763671875,-37.9443359375,3.3740234375
34.3342365,53.0810546875,-37.7490234375,4.2529296875
34.3756034,52.9345703125,-36.8212890625,5.6689453125
34.3949264,53.4716796875,-36.9677734375,7.2802734375
34.4373428,54.7412109375,-37.0654296875,6.9873046875
34.4522291,56.4013671875,-36.2353515625,7.3291015625
34.4860063,57.7685546875,-36.0400390625,6.8896484375
34.5139062,58.8916015625,-35.6494140625,7.0361328125
34.5415699,59.8193359375,-35.7958984375,7.0849609375
34.5764717,60.6005859375,-35.6005859375,6.9384765625
34.604497,61.3818359375,-35.9912109375,6.0107421875
34.637487,61.6748046875,-35.4541015625,4.8876953125
34.6651642,62.0166015625,-36.3330078125,3.5205078125
34.6952252,61.9677734375,-36.2353515625,1.9580078125
34.7361283,62.1630859375,-36.5283203125,1.1767578125
34.755179,62.1142578125,-37.5048828125,-0.7763671875
34.783792,62.1630859375,-37.2119140625,-1.9970703125
34.8177058,61.5283203125,-37.4560546875,-4.2919921875
34.8457769,60.5029296875,-38.3349609375,-6.0498046875
34.8860694,59.2333984375,-38.0908203125,-7.2705078125
34.9075592,58.4521484375,-36.8212890625,-6.4892578125
34.9367217,57.7197265625,-36.1376953125,-1.6064453125
34.9779356,56.8408203125,-36.1865234375,4.4482421875
34.9963115,56.7919921875,-35.2099609375,9.7216796875
35.0274878,56.0595703125,-34.6728515625,12.0166015625
35.0575805,55.6201171875,-33.3056640625,13.8720703125
35.0873066,54.7412109375,-33.4521484375,15.1416015625
35.1158081,54.9853515625,-32.8662109375,17.1435546875
35.1490085,55.6689453125,-32.7685546875,17.2900390625
35.1770701,56.7431640625,-32.0849609375,17.1435546875
35.2070715,57.8662109375,-31.5478515625,16.1669921875
35.2397852,58.9892578125,-31.7919921875,16.8017578125
35.2689556,59.6240234375,-31.6943359375,15.9716796875
35.2969987,61.1376953125,-32.0361328125,15.1416015625
35.3289957,61.9189453125,-31.6455078125,14.9951171875
35.3572844,62.1630859375,-31.6943359375,13.6279296875
35.391531,62.6513671875,-33.0615234375,11.6748046875
35.4186468,62.2607421875,-33.0126953125,10.0634765625
35.4487168,62.1142578125,-32.8662109375,8.4521484375
35.4811968,62.0654296875,-33.9404296875,6.2060546875
35.5103586,62.2607421875,-33.8916015625,4.1064453125
35.5430862,61.9189453125,-34.9169921875,2.7880859375
35.5702157,60.6982421875,-35.3564453125,0.4443359375
35.5983192,59.1845703125,-35.9912109375,-1.0205078125
35.6297393,58.1103515625,-35.9912109375,-3.4130859375
35.662195,56.8896484375,-37.0654296875,-5.5615234375
35.6905149,56.0595703125,-37.5537109375,-7.6611328125
35.7218054,55.9130859375,-36.7236328125,-8.7841796875
35.7498823,55.3759765625,-36.1865234375,-5.6591796875
35.7800034,54.3994140625,-35.1611328125,0.7373046875
35.8295449,53.9111328125,-35.1611328125,5.4736328125
35.8500237,53.0322265625,-34.6728515625,8.2568359375
35.8911227,52.4462890625,-34.5263671875,9.2333984375
35.9004339,51.5185546875,-34.3310546875,10.1611328125
35.9324021,50.1025390625,-33.8916015625,11.2353515625
35.97912,50.2490234375,-34.2822265625,11.3330078125
35.9981834,50.9326171875,-33.3056640625,9.9658203125
36.0190776,53.0810546875,-33.4521484375,9.8681640625
36.0520042,53.9599609375,-33.9404296875,9.3310546875
36.0808078,54.6923828125,-33.5986328125,9.1845703125
36.1121794,55.9130859375,-33.9892578125,8.2568359375
36.1435225,56.5478515625,-34.1845703125,7.1337890625
36.1933463,57.4267578125,-34.9169921875,6.4990234375
36.2125286,57.8173828125,-34.5263671875,4.3505859375
36.2501165,57.8173828125,-35.6982421875,2.5927734375
36.2716894,57.2802734375,-35.7470703125,0.7373046875
36.3090799,57.9638671875,-35.8447265625,-1.1669921875
36.328239,57.7197265625,-36.6748046875,-2.2412109375
36.3690135,56.6943359375,-37.1630859375,-4.2431640625
36.3906231,56.1083984375,-38.3837890625,-6.4892578125
36.4308792,55.7177734375,-38.2861328125,-8.7841796875
36.450048,53.9111328125,-39.2626953125,-11.2255859375
36.4895624,54.3505859375,-39.1162109375,-12.0068359375
36.5093326,53.1298828125,-37.6025390625,-10.1025390625
36.5500058,52.8369140625,-36.5283203125,-5.6103515625
36.5695833,51.9091796875,-36.5283203125,-0.9228515625
36.6092499,51.6162109375,-36.6259765625,1.9580078125
36.6312678,51.0302734375,-36.2841796875,2.0068359375
36.6680217,49.7119140625,-35.6494140625,3.3251953125
36.6894054,49.3701171875,-35.8447265625,3.2275390625
36.7131067,49.3212890625,-35.1123046875,3.5205078125
36.7470018,49.2236328125,-34.7216796875,2.5927734375
36.7897025,50.9326171875,-35.5517578125,1.8115234375
36.8090256,52.4951171875,-34.6240234375,2.2998046875
36.8473506,53.1298828125,-35.3076171875,-0.0927734375
36.8695772,54.4482421875,-34.8193359375,0.8837890625
36.9112192,55.3759765625,-35.2587890625,-0.1904296875
36.9422603,56.3037109375,-35.2099609375,-1.3623046875
36.9548153,56.4990234375,-35.6982421875,-2.6806640625
37.0009546,56.8408203125,-36.0400390625,-5.2197265625
37.0224053,56.6943359375,-36.6259765625,-6.8310546875
37.0663185,57.1826171875,-36.4306640625,-8.4912109375
37.0866872,56.9873046875,-37.1630859375,-9.5166015625
37.1233138,56.4013671875,-38.3349609375,-11.6162109375
37.1437669,56.2548828125,-38.1884765625,-14.3994140625
37.1807123,55.4736328125,-38.5791015625,-15.9130859375
37.2008505,54.6923828125,-39.4580078125,-17.4267578125
37.2433825,53.1298828125,-37.8466796875,-16.4990234375
37.2633631,52.7880859375,-37.5537109375,-11.7138671875
37.3018377,52.3486328125,-37.0166015625,-6.7333984375
37.3220136,50.9326171875,-36.2353515625,-3.5595703125
37.3610852,51.0791015625,-34.9169921875,-2.5341796875
37.3825346,50.3466796875,-35.4052734375,-2.0458984375
37.4246945,49.1748046875,-34.9169921875,-1.1181640625
37.443894,49.3212890625,-34.3310546875,0.0048828125
37.4840124,49.8583984375,-33.9892578125,0.0048828125
37.5053431,50.2978515625,-33.4521484375,-1.3623046875
37.546682,52.2021484375,-33.3544921875,-0.6787109375
37.562219,52.7392578125,-33.5498046875,-1.6064453125
37.6074409,53.9111328125,-33.6962890625,-2.0458984375
37.6278478,54.6435546875,-34.3310546875,-2.7783203125
37.6657653,55.6689453125,-34.1357421875,-3.5107421875
37.6849415,56.1572265625,-34.3310546875,-4.6826171875
37.7242872,56.5478515625,-34.3310546875,-6.3916015625
37.7549472,56.8896484375,-35.1123046875,-7.8564453125
37.7702522,56.9873046875,-35.3076171875,-9.1259765625
37.8164354,57.5244140625,-36.2841796875,-10.9326171875
37.8365897,57.1826171875,-36.5771484375,-13.1298828125
37.8779841,57.2802734375,-37.4560546875,-14.7412109375
37.897919,56.2060546875,-37.2607421875,-16.4990234375
37.9350687,55.7177734375,-37.3095703125,-18.4033203125
37.9551023,54.3017578125,-38.8720703125,-19.5751953125
37.9933211,53.7158203125,-39.5556640625,-21.2841796875
38.0125848,53.1787109375,-38.9208984375,-21.7724609375
38.0585763,51.9091796875,-37.6513671875,-17.8662109375
38.0739169,52.1533203125,-36.7236328125,-13.0322265625
38.1177849,50.9326171875,-36.7236328125,-7.5634765625
38.1378064,50.6396484375,-36.3330078125,-4.9755859375
38.1745645,50.3466796875,-36.2353515625,-3.5595703125
38.1961857,49.0283203125,-35.4052734375,-2.6806640625
38.2350386,48.6865234375,-34.8681640625,-1.9482421875
38.2573887,49.0283203125,-34.6240234375,-0.9228515625
38.2980552,49.5654296875,-34.8681640625,-0.9716796875
38.3194034,50.7373046875,-35.0634765625,-1.3134765625
38.3594299,52.2998046875,-35.0634765625,-1.3134765625
38.3810269,53.5693359375,-35.1611328125,-0.5810546875
38.4193503,54.2041015625,-34.8193359375,-0.8740234375
38.4407953,55.4736328125,-35.3076171875,-1.7529296875
38.4784104,55.7177734375,-36.0400390625,-2.4365234375
38.4998844,56.4013671875,-35.3564453125,-3.3642578125
38.5416269,56.6943359375,-35.9423828125,-5.1220703125
38.5618559,56.8408203125,-36.4306640625,-6.4404296875
38.6006873,56.8896484375,-36.4794921875,-8.0517578125
38.6222502,57.4267578125,-37.6513671875,-9.1259765625
38.6571282,56.8896484375,-37.6025390625,-10.5419921875
38.6789193,57.2314453125,-38.7744140625,-12.3974609375
38.719314,56.6455078125,-39.0673828125,-13.6181640625
38.7397333,55.4736328125,-39.8486328125,-15.2294921875
38.7823248,54.0087890625,-40.8251953125,-16.8896484375
38.8058125,54.2529296875,-41.5087890625,-18.5009765625
38.842457,53.4716796875,-41.9970703125,-20.9912109375
38.8640262,53.1787109375,-41.5576171875,-20.9912109375
38.903401,51.5673828125,-40.8740234375,-17.4755859375
38.923552,50.9814453125,-40.2880859375,-11.7138671875
38.9627631,49.9072265625,-39.7021484375,-6.8798828125
38.9834895,49.2236328125,-39.0673828125,-3.4130859375
39.0234069,49.0771484375,-38.9697265625,-1.8994140625
39.0424964,47.8564453125,-38.5302734375,-0.5810546875
39.0785531,47.2705078125,-38.4326171875,0.3955078125
39.1000012,46.7822265625,-39.4580078125,1.6162109375
39.1428923,47.1728515625,-39.2138671875,0.8349609375
39.1626838,49.0771484375,-38.7744140625,1.2255859375
39.2032972,50.3955078125,-38.7744140625,1.1767578125
39.2236267,51.4208984375,-38.6767578125,1.8603515625
39.2611138,51.6162109375,-39.0185546875,1.6162109375
39.2820873,53.2763671875,-39.2138671875,1.4697265625
39.3230993,54.0087890625,-39.5068359375,0.5419921875
39.3432505,53.7158203125,-39.6044921875,-0.4345703125
39.3843441,54.2041015625,-40.6298828125,-2.1923828125
39.4047237,54.3994140625,-41.5576171875,-2.1435546875
39.428722,54.3505859375,-42.1923828125,-4.7314453125
39.4758868,53.8134765625,-42.2900390625,-5.4638671875
39.4907138,54.1064453125,-42.7294921875,-7.5634765625
39.5259588,53.8623046875,-43.9501953125,-8.9794921875
39.5618911,53.1298828125,-44.8291015625,-10.4931640625
39.5819609,52.6904296875,-45.6103515625,-11.7138671875
39.6271791,51.4208984375,-46.0986328125,-13.7646484375
39.6415329,50.4443359375,-46.6845703125,-15.8642578125
39.6717402,50.1025390625,-47.2216796875,-17.5244140625
39.714626,49.6630859375,-45.9033203125,-16.1572265625
39.7305618,49.0283203125,-44.8291015625,-10.9814453125
39.7623157,48.5400390625,-45.0244140625,-5.2685546875
39.7951414,47.8564453125,-44.3896484375,-1.1181640625
39.8363074,46.9287109375,-44.3408203125,1.0302734375
39.8531729,46.7822265625,-44.2919921875,1.9091796875
39.8834058,45.7080078125,-44.2919921875,3.3251953125
39.912886,45.3662109375,-43.6083984375,3.5693359375
39.9570894,45.7080078125,-44.4384765625,3.8623046875
39.9735164,45.5615234375,-44.1943359375,3.4228515625
40.0029684,46.6845703125,-44.3896484375,3.5205078125
40.0465164,48.5888671875,-44.5361328125,3.2763671875
40.0633594,49.1259765625,-44.5361328125,3.6181640625
40.0945093,50.2490234375,-44.5849609375,3.1787109375
40.1255336,51.0791015625,-45.0732421875,2.6904296875
40.1541424,51.6162109375,-45.0732421875,2.2021484375
40.1845844,52.0556640625,-45.7080078125,0.8837890625
40.2156733,52.9833984375,-45.9521484375,-1.3134765625
40.2445924,52.8369140625,-46.7822265625,-2.0947265625
40.2772451,52.9833984375,-47.0751953125,-3.7548828125
40.3061725,52.8369140625,-47.8564453125,-5.4150390625
40.3348759,53.2275390625,-48.1005859375,-6.8798828125
40.3749866,52.6904296875,-48.3935546875,-8.4423828125
40.3972601,51.9580078125,-49.1748046875,-10.1513671875
40.4254885,51.5673828125,-49.5166015625,-11.7138671875
40.4574672,50.7373046875,-48.7841796875,-11.9580078125
40.4863673,50.4443359375,-47.5146484375,-9.3701171875
40.5144809,49.9072265625,-46.8310546875,-2.8759765625
40.5485565,49.2724609375,-46.5380859375,2.7392578125
40.5758101,48.5400390625,-45.6591796875,6.6455078125
40.6107973,48.5400390625,-45.9033203125,7.9638671875
40.6399346,47.7099609375,-45.2685546875,9.0380859375
40.6666495,46.5869140625,-44.4873046875,10.2099609375
40.695738,47.2705078125,-44.8779296875,11.6748046875
40.7277812,47.5146484375,-44.6337890625,10.9423828125
40.7570939,47.9052734375,-44.7314453125,11.1865234375
40.7895053,49.0283203125,-44.0966796875,10.9423828125
40.8170709,51.0791015625,-43.7060546875,11.5771484375
40.8462104,51.2255859375,-43.8525390625,11.5283203125
40.8786874,52.3974609375,-43.8525390625,10.7470703125
40.9075101,53.8134765625,-43.9501953125,10.0146484375
40.9403085,54.2041015625,-44.9267578125,8.8427734375
40.9688682,54.7900390625,-44.3896484375,7.3779296875
40.9978036,55.1318359375,-44.9755859375,6.0107421875
41.0279882,54.4970703125,-44.8779296875,4.0087890625
41.0594511,55.5712890625,-45.9033203125,2.9345703125
41.0888891,55.2783203125,-46.5869140625,1.1767578125
41.1218896,55.7666015625,-46.7822265625,-1.0205078125
41.1514054,54.2529296875,-47.2705078125,-3.0224609375
41.1780491,53.5693359375,-48.2958984375,-4.4873046875
41.2113025,52.4462890625,-47.1728515625,-5.8056640625
41.2396553,51.6162109375,-45.8544921875,-3.8525390625
41.2686074,51.2744140625,-44.6337890625,1.8115234375
41.301813,50.6396484375,-44.2431640625,10.0146484375
41.3309012,50.4443359375,-43.5107421875,13.9208984375
41.3617729,50.3955078125,-42.8759765625,16.5087890625
41.3911403,49.5654296875,-41.8017578125,18.0224609375
41.4216008,48.1494140625,-41.7529296875,19.6337890625
41.4672644,47.9541015625,-41.0205078125,21.7333984375
41.4812014,48.1494140625,-40.7763671875,22.2216796875
41.5097699,49.5166015625,-39.9951171875,22.4658203125
41.5423519,50.1025390625,-39.8974609375,22.3681640625
41.589902,51.6650390625,-39.7998046875,22.4169921875
41.609426,52.9345703125,-39.8486328125,23.3447265625
41.6487653,54.2529296875,-38.9697265625,22.3681640625
41.6708339,55.3271484375,-39.4580078125,21.1962890625
41.711762,56.2548828125,-39.5068359375,20.4638671875
41.7320356,56.3037109375,-39.6533203125,19.3408203125
41.7515866,56.6455078125,-39.7509765625,16.7529296875
41.7840801,56.7431640625,-39.9462890625,15.4833984375
41.8302894,57.3291015625,-39.8486328125,13.6767578125
41.8518894,56.9384765625,-41.4111328125,11.1376953125
41.8882388,56.5478515625,-41.7041015625,8.9892578125
41.9086748,56.8896484375,-41.5087890625,7.1826171875
41.951584,56.4990234375,-41.9482421875,6.1572265625
41.9654964,55.3271484375,-42.3876953125,4.4970703125
42.0114807,54.7412109375,-41.8017578125,1.5185546875
42.0328626,54.1552734375,-40.8251953125,2.9833984375
42.0735862,53.8623046875,-39.1650390625,9.1845703125
42.0927605,52.8369140625,-38.6279296875,16.1669921875
42.1176033,52.0556640625,-38.2861328125,21.4404296875
42.1604538,52.1533203125,-37.9931640625,24.7607421875
42.1808694,51.1279296875,-37.1142578125,26.9580078125
42.2209698,50.2490234375,-36.7724609375,28.2275390625
42.2410767,49.5654296875,-36.1376953125,28.8623046875
42.2839886,48.8330078125,-35.8935546875,29.7900390625
42.3035428,49.5654296875,-35.9423828125,29.6923828125
42.339577,50.9814453125,-35.7958984375,29.7900390625
42.3610004,52.4462890625,-35.6494140625,29.6435546875
42.4026549,53.3251953125,-35.3564453125,29.9365234375
42.4216769,54.9853515625,-35.2099609375,29.2529296875
42.4597849,55.5224609375,-35.1611328125,28.6669921875
42.4789553,56.8896484375,-35.0634765625,26.9091796875
42.5237771,56.8408203125,-35.4052734375,25.4931640625
42.5438837,56.8408203125,-35.7470703125,23.3447265625
42.5841518,57.1826171875,-36.2353515625,21.6845703125
42.6035987,57.0361328125,-36.2353515625,19.4384765625
42.6453853,56.9384765625,-36.6259765625,17.0458984375
42.6655376,56.9873046875,-37.7490234375,15.1416015625
42.6896541,56.2060546875,-37.8466796875,12.7978515625
42.71999,55.7177734375,-38.2861328125,10.1611328125
42.7643346,55.0341796875,-39.1650390625,8.5009765625
42.7847244,54.0576171875,-39.4580078125,5.8154296875
42.8212911,53.4228515625,-38.9208984375,3.9111328125
42.843122,53.1787109375,-37.0654296875,8.1103515625
42.886773,52.3974609375,-35.9423828125,15.2392578125
42.9069363,51.6162109375,-36.1865234375,21.4892578125
42.9266198,50.8837890625,-35.5517578125,25.0537109375
42.9600856,50.2490234375,-34.5263671875,26.1767578125
43.0063567,49.0771484375,-34.4287109375,28.2763671875
43.0363697,48.0517578125,-34.1357421875,28.2275390625
43.0514424,47.1728515625,-34.0869140625,28.5205078125
43.0961663,47.4169921875,-33.4033203125,27.9345703125
43.1165118,47.9541015625,-33.2080078125,27.3974609375
43.1542966,50.3466796875,-33.5986328125,27.4462890625
43.1744088,50.6396484375,-33.5498046875,27.5927734375
43.2192409,51.7626953125,-33.1591796875,26.9580078125
43.2387586,53.2275390625,-33.4521484375,26.4697265625
43.2778903,53.4716796875,-33.6474609375,24.6142578125
43.2994332,54.9365234375,-34.3798828125,23.1005859375
43.3370291,54.9853515625,-34.1357421875,21.3916015625
43.3560583,55.0830078125,-34.7216796875,19.7314453125
43.395347,55.1806640625,-34.9658203125,16.8994140625
43.4168607,55.0830078125,-34.9658203125,15.4345703125
43.4611768,55.0341796875,-35.4541015625,12.9931640625
43.4711366,55.0830078125,-36.8212890625,10.8935546875
43.4995412,54.4482421875,-37.1142578125,8.5009765625
43.5328707,53.4716796875,-36.7724609375,6.8896484375
43.5765022,52.0556640625,-35.7470703125,7.2802734375
43.5966873,51.9091796875,-34.6728515625,12.8466796875
43.648094,51.6650390625,-33.9892578125,19.9267578125
43.6672346,51.2255859375,-33.5498046875,25.4931640625
43.6844318,49.9072265625,-33.0126953125,27.7392578125
43.7149552,50.0048828125,-32.7197265625,29.0087890625
43.7575221,49.4189453125,-31.8408203125,29.6923828125
43.777699,48.4912109375,-31.2060546875,31.0107421875
43.8228926,48.1494140625,-30.8154296875,29.8876953125
43.8432203,48.1005859375,-31.4501953125,29.8388671875
43.8804634,49.0283203125,-30.9619140625,29.3505859375
43.9006539,50.7861328125,-31.1572265625,28.9599609375
43.9234053,51.6650390625,-30.8642578125,28.8134765625
43.9554178,52.5439453125,-30.4248046875,27.6904296875
44.0010922,53.7158203125,-30.5712890625,26.5185546875
44.021206,54.2529296875,-31.2548828125,24.9560546875
44.0617853,54.8876953125,-31.7919921875,21.9775390625
44.0809628,55.3271484375,-32.0849609375,20.6591796875
44.1213266,55.7177734375,-32.5732421875,18.2177734375
44.1360784,55.3759765625,-32.6220703125,16.3134765625
44.1803362,55.3759765625,-33.5986328125,14.4091796875
44.2019136,55.4736328125,-33.6474609375,12.0166015625
44.2402591,55.3759765625,-33.8427734375,9.5751953125
44.2617533,54.6435546875,-34.1845703125,7.0361328125
44.3008791,54.3505859375,-33.2568359375,7.2802734375
44.32204,52.7392578125,-32.0849609375,12.7490234375
44.3647479,52.4462890625,-31.1572265625,19.4873046875
44.3751186,51.8115234375,-30.8154296875,25.5419921875
44.4049671,51.8115234375,-30.0341796875,28.7158203125
44.4384831,50.6396484375,-29.7900390625,30.6201171875
44.4837574,49.8583984375,-29.3994140625,31.9873046875
44.5037394,49.0283203125,-28.9599609375,33.3056640625
44.5537165,48.5888671875,-28.3740234375,32.9638671875
44.5756233,49.5166015625,-28.6181640625,33.2568359375
44.5865129,49.6630859375,-28.4716796875,32.6708984375
44.6348737,51.0302734375,-29.0576171875,32.3779296875
44.653886,52.8369140625,-28.3740234375,32.7197265625
44.6981998,53.5205078125,-28.8134765625,31.5478515625
44.7100005,54.4482421875,-28.5205078125,30.6201171875
44.7545664,55.2783203125,-28.9111328125,28.9599609375
44.7706468,56.2060546875,-29.0087890625,27.0556640625
44.819438,57.1337890625,-29.6923828125,25.4443359375
44.8276796,57.1826171875,-30.0341796875,22.5634765625
44.8764286,57.3291015625,-30.7666015625,20.0732421875
44.8905486,57.0849609375,-31.7919921875,18.8037109375
44.9175903,57.7685546875,-31.7431640625,16.1181640625
44.9654388,57.5732421875,-32.2802734375,14.0673828125
44.9849856,57.2314453125,-33.0126953125,12.2607421875
45.0118779,56.9873046875,-33.6474609375,9.1357421875
45.0405605,55.6201171875,-33.9404296875,6.5478515625
45.0717088,55.0341796875,-33.0126953125,6.4990234375
45.1175652,54.1064453125,-31.8896484375,10.7958984375
45.1322631,54.0087890625,-31.4013671875,18.6083984375
45.1773786,52.8857421875,-31.1083984375,25.4931640625
45.193338,52.5439453125,-30.4248046875,28.1787109375
45.2373369,51.6162109375,-30.4248046875,30.5224609375
45.250667,51.4208984375,-29.6435546875,32.0361328125
45.2836584,50.5908203125,-30.4736328125,33.5498046875
45.3342786,49.8095703125,-29.6435546875,33.9892578125
45.3445864,49.5166015625,-29.7412109375,33.5986328125
45.3871438,50.7373046875,-29.3994140625,33.2080078125
45.4015522,52.0068359375,-29.9853515625,32.7685546875
45.4343991,53.1298828125,-29.4970703125,32.1826171875
45.4776924,54.3505859375,-30.4736328125,31.4501953125
45.4924518,55.0341796875,-30.0341796875,31.2060546875
45.524773,56.2060546875,-30.8642578125,29.5947265625
45.5525968,57.1337890625,-31.3037109375,27.6416015625
45.5814965,57.7685546875,-32.0849609375,25.6396484375
45.6287853,58.3544921875,-32.7685546875,22.8564453125
45.6411075,58.1591796875,-33.5009765625,20.9033203125
45.6765257,58.4033203125,-34.5263671875,19.0478515625
45.7053887,58.4033203125,-35.3564453125,16.1669921875
45.7335919,58.3056640625,-35.7470703125,14.1162109375
45.7668478,57.5732421875,-36.2353515625,12.2607421875
45.7959977,57.0361328125,-36.9189453125,9.4775390625
45.8248336,55.9130859375,-38.4326171875,7.2802734375
45.8565527,54.8876953125,-39.8486328125,4.5947265625
45.8840105,54.3505859375,-39.4580078125,1.5673828125
45.9137649,54.2041015625,-37.4560546875,3.6669921875
45.9458739,52.7392578125,-37.7490234375,10.1123046875
45.9761451,53.1787109375,-37.5048828125,17.3876953125
46.0086446,52.4462890625,-36.6748046875,23.0029296875
46.0360971,50.6396484375,-37.7490234375,24.3212890625
46.0645673,49.9072265625,-37.0654296875,25.3955078125
46.0974223,49.5654296875,-37.3095703125,26.9091796875
46.1264942,47.9052734375,-37.8466796875,27.0068359375
46.1559038,47.0751953125,-37.3095703125,27.0556640625
46.1886922,47.6611328125,-37.5048828125,27.2509765625
46.2175681,48.3935546875,-38.2373046875,26.5185546875
46.2450778,49.8583984375,-38.5791015625,26.0302734375
46.2775919,51.4208984375,-39.1162109375,25.4443359375
46.3074486,51.8603515625,-38.7255859375,25.0048828125
46.3407685,53.4228515625,-40.0927734375,23.9794921875
46.3694784,53.4716796875,-40.4345703125,23.1005859375
46.3984361,53.8134765625,-40.6787109375,19.5361328125
46.4309437,54.0087890625,-41.6552734375,17.8759765625
46.4577489,54.3505859375,-43.2177734375,15.8251953125
46.4923096,54.5458984375,-42.7294921875,13.9697265625
46.5195375,54.9853515625,-43.8525390625,11.5283203125
46.5498767,54.5458984375,-44.2431640625,10.0146484375
46.5782562,54.3017578125,-45.2685546875,7.2314453125
46.6092072,54.1064453125,-46.3427734375,5.3271484375
46.6380359,53.8623046875,-46.7333984375,3.2275390625
46.6723613,52.5927734375,-46.5380859375,1.4208984375
46.6996507,51.2744140625,-45.4150390625,4.6435546875
46.7300795,51.3232421875,-45.1220703125,10.6005859375
46.7619795,50.6396484375,-44.7802734375,17.3876953125
46.7896691,50.1513671875,-44.9755859375,21.8798828125
46.8196414,50.2001953125,-44.3408203125,23.7841796875
46.8518237,49.3701171875,-44.5361328125,24.2236328125
46.8985117,48.4423828125,-44.3408203125,25.3955078125
46.9176752,47.6123046875,-45.2197265625,25.1513671875
46.9406211,47.2216796875,-45.3173828125,24.9072265625
46.987978,47.4658203125,-45.3173828125,25.1025390625
47.0080941,48.0517578125,-45.1220703125,23.7841796875
47.0313685,49.3701171875,-45.7568359375,24.2236328125
47.0606959,50.1025390625,-46.1474609375,23.6376953125
47.1121331,51.5185546875,-46.4892578125,23.2958984375
47.1325642,52.2998046875,-46.5380859375,22.1728515625
47.1506145,53.0322265625,-47.3193359375,20.2685546875
47.2008009,54.0087890625,-47.2216796875,18.2666015625
47.219048,54.5947265625,-47.7587890625,15.6787109375
47.240192,54.5458984375,-48.6865234375,13.7744140625
47.2910958,54.9365234375,-48.9794921875,12.0654296875
47.3103051,54.5458984375,-49.4677734375,9.3310546875
47.3487246,54.6923828125,-50.5419921875,7.9150390625
47.3687932,55.3271484375,-50.5908203125,6.2060546875
47.3920304,54.2041015625,-50.8349609375,2.8857421875
47.4247668,53.3251953125,-50.2001953125,4.1552734375
47.4538105,52.4462890625,-49.3212890625,10.1123046875
47.4831919,52.1044921875,-48.9306640625,17.1923828125
47.5398545,51.7138671875,-48.4423828125,22.9541015625
47.5695319,51.1279296875,-48.1494140625,26.3232421875
47.5724159,50.4443359375,-48.1005859375,28.1787109375
47.6043294,50.2490234375,-48.2958984375,28.5693359375
47.6528817,50.0537109375,-47.9541015625,30.0830078125
47.6816433,49.1748046875,-48.0517578125,30.9619140625
47.6962827,48.7841796875,-48.0029296875,30.2294921875
47.7403817,49.5654296875,-48.1494140625,30.5712890625
47.7624769,50.7861328125,-47.8564453125,30.2783203125
47.784728,52.0068359375,-47.9052734375,30.3759765625
47.8155324,53.3251953125,-48.5888671875,29.3994140625
47.8630616,54.1552734375,-48.7353515625,28.6181640625
47.8856729,55.1806640625,-49.6142578125,26.6162109375
47.9048382,56.7919921875,-49.3701171875,25.1025390625
47.9371627,56.7431640625,-50.4443359375,22.4658203125
47.9657855,56.9873046875,-49.8583984375,20.3662109375
47.9984408,57.9150390625,-51.2255859375,17.8271484375
48.0445165,57.4267578125,-51.2744140625,15.2392578125
48.064733,58.0126953125,-52.2021484375,13.6279296875
48.101626,58.1103515625,-52.5927734375,11.5771484375
48.1218463,57.5244140625,-53.2763671875,9.5263671875
48.1437751,57.7685546875,-53.8134765625,6.4990234375
48.1793106,56.1083984375,-52.4462890625,5.4248046875
48.2065921,55.1318359375,-51.5185546875,10.2099609375
48.2550785,54.5458984375,-50.7861328125,19.2919921875
48.2767124,53.8134765625,-50.7373046875,26.4208984375
48.3161455,53.5205078125,-50.3466796875,31.4013671875
48.3364408,53.1787109375,-49.5166015625,33.4033203125
48.3592011,53.3740234375,-48.8330078125,35.6982421875
48.4061976,52.8857421875,-49.5166015625,36.8212890625
48.4263116,51.3232421875,-49.0283203125,38.7744140625
48.4677685,51.1767578125,-48.7841796875,38.5302734375
48.4877712,51.3720703125,-49.5654296875,39.4580078125
48.5098956,51.7626953125,-49.2236328125,39.3603515625
48.5385261,53.7646484375,-48.8330078125,39.2138671875
48.5673968,54.7412109375,-48.6376953125,38.5791015625
48.6026216,55.3759765625,-49.3212890625,37.3095703125
48.6294197,56.5966796875,-49.2236328125,35.5029296875
48.6620143,57.7197265625,-49.5166015625,33.5498046875
48.7066175,58.6962890625,-50.2978515625,31.3037109375
48.7270675,58.8916015625,-50.0048828125,28.4228515625
48.7664766,59.7216796875,-51.4697265625,25.4931640625
48.7888105,59.7216796875,-51.4208984375,23.6376953125
48.8250901,59.6240234375,-51.8603515625,20.9033203125
48.846596,60.0146484375,-52.2998046875,18.5107421875
48.871387,59.9169921875,-52.9833984375,15.3369140625
48.9011642,59.7705078125,-53.8134765625,13.2373046875
48.949872,58.8427734375,-53.9599609375,9.7216796875
48.9699467,57.8662109375,-53.2763671875,7.6220703125
49.0075666,56.7431640625,-52.0068359375,11.7724609375
49.0266375,56.8408203125,-50.6884765625,19.6337890625
49.0526958,56.0107421875,-50.7373046875,27.4951171875
49.0802984,55.1318359375,-50.3955078125,33.3544921875
49.1320129,54.8388671875,-50.2490234375,35.5517578125
49.163467,53.8134765625,-50.2978515625,37.4072265625
49.1738714,53.0322265625,-49.8583984375,38.9697265625
49.2209093,52.1533203125,-48.8330078125,39.8486328125
49.2430183,51.7138671875,-49.2236328125,40.1904296875
49.2635844,51.2255859375,-49.3701171875,40.3857421875
49.2926038,51.0791015625,-49.3212890625,38.9697265625
49.3273361,53.0810546875,-49.5654296875,38.8720703125
49.3714084,54.2529296875,-49.2724609375,38.0419921875
49.3914628,55.3271484375,-49.1259765625,37.6025390625
49.4288276,56.3037109375,-49.6630859375,35.5517578125
49.4490104,57.1337890625,-50.1025390625,33.4521484375
49.4912,57.4755859375,-50.3466796875,31.1572265625
49.5131432,58.2080078125,-50.8349609375,28.8134765625
49.5530449,57.5244140625,-51.4697265625,26.1279296875
49.5721502,58.4033203125,-52.0068359375,23.3447265625
49.5958245,58.6474609375,-52.2509765625,20.3173828125
49.6260402,58.2568359375,-52.9833984375,18.4130859375
49.6583248,58.3056640625,-53.0810546875,15.7275390625
49.6863536,57.8662109375,-53.9599609375,13.3837890625
49.7161112,56.9384765625,-54.3505859375,9.6728515625
49.7452758,55.9130859375,-52.5439453125,9.2822265625
49.7943722,54.9365234375,-51.7138671875,14.7021484375
49.8163078,53.4716796875,-51.1767578125,22.1240234375
49.8562699,53.3740234375,-50.5908203125,28.9599609375
49.8753501,52.4462890625,-50.0048828125,31.6943359375
49.911813,51.5185546875,-50.0048828125,33.0615234375
49.9318184,51.3720703125,-49.7607421875,33.5009765625
49.9742088,50.4931640625,-49.8095703125,34.1357421875
49.9943488,49.3212890625,-49.7119140625,33.7939453125
50.0184176,48.2958984375,-49.2236328125,33.5498046875
50.0462413,48.6865234375,-49.2236328125,32.7197265625
50.0750416,49.3701171875,-49.1748046875,32.6708984375
50.1074482,51.3232421875,-49.0283203125,31.7919921875
50.1365311,52.4462890625,-49.0771484375,30.6689453125
50.1714527,53.3740234375,-49.4189453125,29.2041015625
50.198354,54.7900390625,-49.7607421875,27.8857421875
50.2263355,55.0830078125,-50.3466796875,25.0537109375
50.2588095,55.2294921875,-50.2001953125,23.3447265625
50.2898821,55.5712890625,-50.5419921875,20.9521484375
50.3222284,55.3759765625,-51.0791015625,18.7548828125
50.3695182,56.0595703125,-51.9580078125,15.8740234375
50.3800839,55.6201171875,-51.4697265625,13.6767578125
50.4113197,55.9619140625,-52.8857421875,11.7236328125
50.4416486,56.3037109375,-53.0810546875,8.5498046875
50.4859163,55.2294921875,-51.9091796875,7.6220703125
50.506103,54.4970703125,-50.2490234375,11.4794921875
50.54931,53.8623046875,-49.2724609375,19.2919921875
50.5602013,53.3251953125,-48.9794921875,26.1279296875
50.5909171,51.9091796875,-48.5888671875,30.5712890625
50.6370051,51.4697265625,-47.2705078125,32.2802734375
50.6536398,51.2744140625,-47.0751953125,33.4033203125
50.6986616,51.0302734375,-46.9287109375,34.1845703125
50.7127263,49.9072265625,-46.4892578125,34.2822265625
50.7443643,48.9794921875,-46.3916015625,33.8427734375
50.7726538,49.2724609375,-45.8544921875,34.0869140625
50.8183614,49.5166015625,-44.5849609375,32.5732421875
50.83273,51.0302734375,-45.0732421875,33.3544921875
50.861557,52.9345703125,-45.4150390625,31.8408203125
50.8883882,53.0322265625,-44.6826171875,31.2548828125
50.9259881,54.5458984375,-45.6591796875,29.6923828125
50.9528584,54.9853515625,-45.1220703125,27.5439453125
50.9848821,56.0107421875,-45.5615234375,25.6884765625
51.0131995,56.3037109375,-46.1962890625,23.5888671875
51.0435424,56.8408203125,-46.1962890625,20.3662109375
51.0758884,57.3779296875,-46.2939453125,18.0224609375
51.1035311,56.9384765625,-46.7333984375,15.7763671875
51.1311977,57.3291015625,-47.1240234375,12.8955078125
51.1647514,57.6220703125,-47.6123046875,10.8447265625
51.1946734,57.3779296875,-47.2705078125,9.1845703125
51.2215949,56.4501953125,-45.6103515625,10.0634765625
51.2568491,55.6689453125,-44.3896484375,15.6298828125
51.2842083,54.9853515625,-43.0712890625,23.9794921875
51.3164463,54.7900390625,-42.5341796875,30.2294921875
51.3445887,53.1787109375,-41.9482421875,34.6728515625
51.3732739,52.1044921875,-41.5576171875,35.3076171875
51.4037728,51.9091796875,-39.8486328125,37.1142578125
51.4357096,51.3232421875,-39.9462890625,38.4814453125
51.4645322,50.4931640625,-39.7021484375,38.7744140625
51.4979603,49.7119140625,-38.9208984375,38.8720703125
51.5245128,50.2978515625,-38.9208984375,38.0419921875
51.5542528,51.4208984375,-38.3837890625,37.2607421875
51.5877014,52.6904296875,-38.0419921875,37.4560546875
51.6175267,52.8857421875,-37.8955078125,36.7724609375
51.6500104,54.1064453125,-38.3837890625,34.9169921875
51.6782993,55.5224609375,-38.2861328125,33.4521484375
51.7051847,56.7431640625,-38.5791015625,31.5478515625
51.7356708,57.0849609375,-38.0908203125,29.1064453125
51.7672654,57.5732421875,-38.6767578125,26.6162109375
51.7964165,58.2568359375,-39.3603515625,23.5888671875
51.8295993,57.6708984375,-38.8720703125,21.1474609375
51.8562911,58.2568359375,-40.1416015625,18.2666015625
51.8853686,58.5986328125,-39.6044921875,16.0205078125
51.9184746,59.1845703125,-41.1669921875,13.6279296875
51.946761,57.3779296875,-41.2158203125,11.2353515625
51.9807719,57.7685546875,-40.6298828125,9.0380859375
52.0082354,55.6689453125,-39.3603515625,10.7958984375
52.0372294,55.3759765625,-38.4326171875,17.6806640625
52.0686149,54.6435546875,-37.1630859375,26.3720703125
52.0993578,53.6669921875,-36.8212890625,31.8896484375
52.127692,53.2763671875,-36.0888671875,35.5029296875
52.1599583,52.6416015625,-35.4541015625,36.6748046875
52.1900476,51.8603515625,-35.0634765625,38.3349609375
52.2179421,51.2744140625,-34.7216796875,40.0439453125
52.2692814,50.4931640625,-34.2822265625,39.6533203125
52.2906988,49.4677734375,-33.9892578125,39.2626953125
52.3125778,50.1025390625,-34.0869140625,38.9697265625
52.3410348,50.6884765625,-33.9404296875,38.3349609375
52.3689769,51.7138671875,-33.9404296875,37.5537109375
52.4023596,53.0810546875,-33.9892578125,36.1865234375
52.4314421,53.9599609375,-34.3310546875,34.7216796875
52.4594391,54.6923828125,-34.3310546875,33.2080078125
52.4916049,56.2060546875,-35.2099609375,30.1806640625
52.5215513,56.5966796875,-34.8681640625,27.9345703125
52.5484641,56.8896484375,-36.0888671875,25.1513671875
52.5821486,56.9873046875,-36.5771484375,22.4658203125
52.6116665,57.2802734375,-36.7724609375,18.8525390625
52.6592915,56.9873046875,-37.5048828125,17.2412109375
52.6727058,56.7431640625,-37.4072265625,15.1904296875
52.7000609,56.7919921875,-38.4814453125,11.8212890625
52.749958,56.1083984375,-40.0927734375,9.2333984375
52.7713097,54.7412109375,-39.8486328125,6.3037109375
52.7925643,53.9111328125,-39.0185546875,5.2783203125
52.8245185,51.9580078125,-36.9189453125,11.0888671875
52.8517294,51.7138671875,-37.0166015625,19.1943359375
52.8824384,51.1767578125,-35.9423828125,26.7138671875
52.9313052,50.9326171875,-36.1376953125,30.1806640625
52.9514359,50.5419921875,-35.3564453125,31.4501953125
52.9898293,49.3212890625,-35.2099609375,32.7685546875
53.0119595,48.9306640625,-35.4052734375,34.1357421875
53.0323123,47.9052734375,-34.9658203125,33.6962890625
53.0825352,46.5380859375,-35.3564453125,33.7451171875
53.103958,46.1474609375,-34.8193359375,32.5732421875
53.1222334,45.9033203125,-35.2587890625,32.9150390625
53.1723082,46.2451171875,-35.1123046875,33.6474609375
53.1859213,47.9052734375,-35.6494140625,31.4990234375
53.2129611,48.5400390625,-36.3818359375,30.8154296875
53.2616007,48.8818359375,-35.3564453125,28.9599609375
53.2830574,50.0048828125,-36.3818359375,26.6650390625
53.3088059,51.5185546875,-37.2119140625,24.3701171875
53.3509253,51.5673828125,-37.3583984375,22.2705078125
53.3710932,52.6904296875,-37.7978515625,19.5361328125
53.4135618,52.2021484375,-38.6767578125,17.0947265625
53.4336691,52.5439453125,-39.1650390625,14.3603515625
53.4545547,52.6904296875,-39.8974609375,12.7001953125
53.4884301,52.6904296875,-40.2880859375,10.0634765625
53.5330066,51.8115234375,-39.9951171875,7.3779296875
53.5543756,50.6396484375,-38.1396484375,9.2822265625
53.5956099,50.2001953125,-37.4072265625,16.9970703125
53.6169971,49.4189453125,-37.0166015625,25.1513671875
53.634389,48.4912109375,-36.6748046875,31.7431640625
53.6677775,48.1982421875,-36.0888671875,35.2099609375
53.6978081,47.4169921875,-36.0888671875,35.7958984375
53.7447285,47.1728515625,-35.6494140625,36.7724609375
53.7649557,46.5380859375,-35.3564453125,37.7490234375
53.7878931,45.6591796875,-36.2353515625,36.8212890625
53.8185706,44.9755859375,-35.4541015625,37.0166015625
53.8476031,45.0732421875,-35.6005859375,37.1142578125
53.8775756,45.4150390625,-35.8935546875,37.5537109375
53.9125689,47.0751953125,-35.6005859375,36.7724609375
53.937234,48.4912109375,-35.5517578125,35.4052734375
53.9661863,48.9794921875,-35.9912109375,33.9404296875
54.0010797,49.8583984375,-36.6748046875,31.9873046875
54.027788,50.8837890625,-36.3330078125,29.7412109375
54.077804,52.0556640625,-35.7470703125,27.0556640625
54.099189,52.2021484375,-37.1142578125,24.7607421875
54.1191969,52.2509765625,-37.3095703125,22.3681640625
54.1489082,52.6416015625,-37.5537109375,19.6337890625
54.1803015,52.5927734375,-38.0419921875,17.2900390625
54.2082236,52.7880859375,-38.3349609375,14.7021484375
54.2584536,53.0810546875,-37.8466796875,13.9208984375
54.2775381,52.7392578125,-35.6982421875,20.6103515625
54.2990363,51.3232421875,-34.7216796875,30.0830078125
54.3326939,50.2490234375,-34.9658203125,38.0908203125
54.3616974,49.6142578125,-34.5263671875,42.8759765625
54.4123398,49.1259765625,-33.3544921875,44.7314453125
54.4311914,48.8818359375,-33.3056640625,47.9052734375
54.4503464,48.4912109375,-32.7197265625,48.6865234375
54.4827983,47.1728515625,-32.3291015625,49.6142578125
54.5105401,46.7333984375,-32.5244140625,49.1748046875
54.5412568,46.8310546875,-32.0849609375,48.2958984375
54.5746905,47.1240234375,-32.3779296875,48.4423828125
54.6016863,47.7099609375,-32.4755859375,48.1494140625
54.6336603,49.9560546875,-32.5244140625,47.9052734375
54.6815751,51.2255859375,-31.9384765625,46.0009765625
54.6996373,52.2021484375,-33.0615234375,43.8525390625
54.7207828,53.0322265625,-33.1591796875,41.8994140625
54.7536047,53.8134765625,-33.5009765625,39.0673828125
54.7832082,54.6435546875,-33.3056640625,36.0400390625
54.8162745,54.3505859375,-33.9404296875,32.5244140625
54.8431444,54.6923828125,-34.7216796875,30.1318359375
54.8721518,55.2783203125,-35.7958984375,26.5185546875
54.9040179,55.5224609375,-36.0888671875,23.8330078125
54.9330936,55.3759765625,-35.9423828125,21.1474609375
54.9833761,55.6689453125,-34.4775390625,20.9521484375
54.9947342,55.2294921875,-33.7451171875,27.2998046875
55.0248512,53.8623046875,-32.5244140625,36.8212890625
55.052104,52.9345703125,-32.4267578125,45.4150390625
55.0858825,51.8603515625,-32.1826171875,51.4697265625
55.1127912,51.6650390625,-31.2548828125,54.9365234375
55.1475248,50.7373046875,-30.2294921875,57.2802734375
55.1748791,50.3466796875,-30.3759765625,58.5498046875
55.2051481,49.9560546875,-29.9853515625,60.2099609375
55.2373924,49.7119140625,-29.7900390625,60.1123046875
55.266199,48.5888671875,-30.5224609375,59.2333984375
55.2974658,48.9306640625,-29.4970703125,58.6962890625
55.3274269,49.5166015625,-29.8876953125,57.4267578125
55.3547752,51.1279296875,-29.7412109375,56.5966796875
55.3886466,52.2021484375,-30.4248046875,54.9853515625
55.4162905,53.7646484375,-30.0830078125,53.0810546875
55.4474394,54.7412109375,-31.1083984375,51.0791015625
55.4794642,55.3759765625,-31.7431640625,47.3681640625
55.506205,55.5224609375,-31.8408203125,44.0966796875
55.5339415,56.2060546875,-32.9150390625,40.4345703125
55.5744102,56.7919921875,-33.3544921875,37.6025390625
55.5984005,56.9384765625,-34.5751953125,34.0380859375
55.6263852,56.9873046875,-34.6728515625,31.5478515625
55.657881,57.5244140625,-34.4287109375,27.6904296875
55.6879052,57.1337890625,-36.3330078125,25.1025390625
55.7360206,56.7919921875,-36.6259765625,21.4892578125
55.7488328,55.6689453125,-34.4775390625,22.5634765625
55.7769794,54.3994140625,-34.1845703125,29.2041015625
55.8100007,53.3740234375,-33.4521484375,39.7998046875
55.8394178,53.0810546875,-33.0126953125,48.5888671875
55.8675652,52.4462890625,-32.8662109375,53.0322265625
55.9039516,51.9091796875,-32.1826171875,55.9619140625
55.9265588,51.8115234375,-32.2314453125,57.9150390625
55.9594169,50.9326171875,-32.7197265625,59.0869140625
55.9908684,50.1025390625,-32.6220703125,59.3310546875
56.0185722,49.6142578125,-32.9150390625,58.3544921875
56.0532063,48.4423828125,-32.9150390625,57.6708984375
56.0801768,48.2470703125,-32.6220703125,57.4267578125
56.1096891,48.7841796875,-33.0126953125,56.4501953125
56.1419328,50.1025390625,-32.8173828125,54.8876953125
56.1699622,51.0302734375,-34.1357421875,53.2275390625
56.2008785,51.9091796875,-34.5751953125,51.0302734375
56.2333137,53.1298828125,-34.8681640625,48.8330078125
56.2616511,53.8134765625,-35.3564453125,45.0732421875
56.3089959,54.2041015625,-36.1865234375,42.1923828125
56.3233882,55.0341796875,-36.8701171875,39.6533203125
56.3521955,55.0830078125,-37.4560546875,35.6005859375
56.3791498,54.9365234375,-37.9443359375,32.4267578125
56.4152909,54.9365234375,-38.8720703125,30.1318359375
56.4403196,55.0830078125,-39.4580078125,26.9580078125
56.4760337,54.1552734375,-40.5322265625,23.7353515625
56.5018057,53.5693359375,-38.9208984375,22.7587890625
56.5304721,53.2275390625,-37.8955078125,27.5927734375
56.568396,51.2744140625,-37.2607421875,37.9443359375
56.590494,50.9814453125,-37.1142578125,46.3916015625
56.6253028,49.9072265625,-37.0654296875,51.8115234375
56.6533889,49.4677734375,-36.8701171875,54.1064453125
56.6831819,49.2236328125,-36.6259765625,54.0087890625
56.7118389,48.5888671875,-36.9189453125,56.0107421875
56.7476743,47.8564453125,-37.0654296875,55.1318359375
56.7731013,46.7822265625,-36.9189453125,54.4970703125
56.8061224,46.4404296875,-36.5771484375,54.3994140625
56.8353366,45.6591796875,-37.6513671875,53.9599609375
56.8630571,45.9521484375,-37.4072265625,53.6181640625
56.8986483,47.8564453125,-36.8212890625,52.1533203125
56.9249374,49.2236328125,-38.5302734375,50.2490234375
56.9541601,50.1025390625,-38.5791015625,48.3447265625
56.9851495,50.3466796875,-39.1162109375,45.7568359375
57.0151853,50.6884765625,-39.5068359375,42.6806640625
57.0501927,51.8115234375,-39.7998046875,39.9462890625
57.0768999,52.5927734375,-41.1669921875,36.7724609375
57.1048717,52.9345703125,-41.3134765625,34.1845703125
57.1423656,52.4951171875,-42.4853515625,30.5712890625
57.1668443,52.3486328125,-42.1435546875,27.4951171875
57.1946149,52.6904296875,-41.2646484375,26.4697265625
57.2317117,52.7392578125,-40.6298828125,32.0361328125
57.2564505,52.2509765625,-39.1162109375,41.9482421875
57.2848449,51.0302734375,-38.8232421875,51.1767578125
57.3228526,50.3466796875,-38.6767578125,56.7431640625
57.3458765,50.2001953125,-37.8955078125,59.7705078125
57.3819223,49.7607421875,-37.1630859375,61.6259765625
57.4066823,49.1748046875,-37.1142578125,62.9931640625
57.4365081,48.8330078125,-37.7001953125,63.7744140625
57.4727925,48.8818359375,-37.3583984375,62.7001953125
57.497923,46.8310546875,-36.9677734375,62.6513671875
57.5279957,47.6123046875,-36.8701171875,61.2353515625
57.5586185,47.3193359375,-37.5537109375,60.5517578125
57.5892468,49.0771484375,-37.4072265625,59.7705078125
57.624511,50.0048828125,-37.9931640625,58.1103515625
57.6504543,50.9814453125,-37.4072265625,55.5224609375
57.6763367,51.5185546875,-38.6767578125,52.5927734375
57.7097595,52.3486328125,-38.9697265625,49.4677734375
57.7393614,52.9345703125,-38.8232421875,46.5380859375
57.7679389,53.8623046875,-39.7509765625,43.7060546875
57.8054981,54.1064453125,-39.9462890625,40.7763671875
57.8304,53.7646484375,-41.0205078125,37.4560546875
57.858086,53.9111328125,-41.4599609375,33.7451171875
57.8929529,53.9111328125,-41.6552734375,30.9619140625
57.9187411,54.8876953125,-39.9951171875,31.4501953125
57.9565007,54.2529296875,-38.9697265625,38.8720703125
57.9811864,53.2763671875,-37.9443359375,49.5166015625
58.0157357,52.8369140625,-37.8955078125,58.8427734375
58.0372692,51.5673828125,-36.9677734375,65.7763671875
58.0750254,50.8837890625,-36.9189453125,68.9501953125
58.0999303,50.7861328125,-36.8701171875,71.0498046875
58.1326201,49.5654296875,-35.6494140625,73.0029296875
58.1614585,49.2236328125,-36.0888671875,73.6865234375
58.1901528,49.1748046875,-36.3330078125,73.8330078125
58.2293081,48.1005859375,-35.1123046875,72.2705078125
58.2522681,48.9306640625,-35.5517578125,71.7822265625
58.280607,49.4189453125,-34.9169921875,70.5126953125
58.3401431,50.6396484375,-35.8447265625,69.3896484375
58.3415373,52.2021484375,-36.1865234375,68.3642578125
58.3740461,53.1298828125,-35.9423828125,64.6044921875
58.4214315,53.6669921875,-36.6259765625,62.0654296875
58.4415233,54.7412109375,-37.0654296875,59.0869140625
58.4652326,55.6201171875,-37.6025390625,55.7177734375
58.493839,55.5712890625,-37.7978515625,52.3486328125
58.5260868,56.1083984375,-38.0908203125,49.0771484375
58.5549505,56.6455078125,-39.4580078125,45.6103515625
58.583012,56.7919921875,-39.5556640625,42.9248046875
58.6131675,57.4267578125,-40.3369140625,39.2138671875
58.6487929,57.8173828125,-40.1416015625,35.4052734375
58.6727117,57.2802734375,-39.0673828125,34.7216796875
58.7063611,56.4990234375,-37.9443359375,41.0693359375
58.7365667,55.8154296875,-36.9189453125,51.4697265625
58.7631272,54.4970703125,-36.1865234375,62.1630859375
58.7990064,53.7646484375,-35.8935546875,68.7060546875
58.8260074,52.7880859375,-35.1611328125,72.8076171875
58.8551256,52.6904296875,-35.1123046875,75.8349609375
58.8869457,52.3974609375,-34.7705078125,77.4462890625
58.9139824,52.2509765625,-34.3310546875,78.7646484375
58.9447562,51.3232421875,-33.9892578125,77.5927734375
58.9940824,50.3466796875,-34.3798828125,75.5419921875
59.0141281,49.5654296875,-34.4775390625,75.1025390625
59.033513,50.1025390625,-34.8681640625,73.6865234375
59.0849392,50.9326171875,-34.6240234375,72.8564453125
59.1065148,52.6416015625,-35.2587890625,71.1962890625
59.1470676,53.6669921875,-35.2587890625,68.3642578125
59.1694244,54.8388671875,-35.7958984375,65.1416015625
59.1864645,55.3759765625,-36.5771484375,62.3095703125
59.2190271,55.4736328125,-37.2119140625,58.3056640625
59.2462435,57.0849609375,-37.8466796875,54.7412109375
59.2757758,56.6455078125,-38.1396484375,51.6650390625
59.3081,57.4267578125,-38.8232421875,47.9052734375
59.3363634,57.3291015625,-39.6533203125,44.5361328125
59.3671643,57.4755859375,-40.1416015625,41.5576171875
59.3993566,57.4267578125,-40.9716796875,38.3837890625
59.4280504,56.7919921875,-41.8994140625,34.5751953125
59.4608388,55.7666015625,-40.9228515625,31.1083984375
59.4888015,54.5458984375,-39.7998046875,35.7958984375
59.5166439,53.4716796875,-38.3837890625,45.5126953125
59.5491512,52.0556640625,-38.4326171875,55.4736328125
59.579696,52.3486328125,-37.7490234375,63.5791015625
59.607765,50.8837890625,-37.5537109375,67.9736328125
59.6588133,50.6884765625,-37.5048828125,70.2685546875
59.6789977,50.2001953125,-37.1630859375,71.5380859375
59.7009316,49.3701171875,-37.5048828125,71.8310546875
59.7501472,48.4912109375,-37.0166015625,71.3427734375
59.7809642,48.1005859375,-37.7490234375,70.3173828125
59.7887483,46.6845703125,-37.5048828125,70.2197265625
59.820906,46.5380859375,-37.9443359375,68.9501953125
59.8488657,46.9775390625,-38.4814453125,68.1689453125
59.8808341,48.2958984375,-38.5302734375,66.4599609375
59.9109717,49.4189453125,-38.2861328125,64.7509765625
59.9394581,50.1025390625,-39.0673828125,61.7236328125
59.9727146,51.5185546875,-39.5556640625,58.5986328125
60.0006323,52.4951171875,-40.7763671875,55.4736328125
60.0285715,52.4951171875,-40.6787109375,50.9814453125
60.0800657,53.4716796875,-41.5576171875,48.1982421875
60.1002077,53.1787109375,-42.4365234375,45.4638671875
60.1238368,53.0322265625,-42.4853515625,41.7041015625
60.1517383,53.6669921875,-43.2177734375,38.8720703125
60.1813219,53.0810546875,-43.9013671875,35.5517578125
60.2129734,53.4228515625,-41.3623046875,36.2841796875
60.2422166,52.8369140625,-40.7763671875,44.3408203125
60.2712389,52.1044921875,-40.3857421875,55.0830078125
60.3034437,50.8349609375,-39.7509765625,63.9208984375
60.3318656,50.1025390625,-39.2626953125,69.8779296875
60.3629845,49.7119140625,-38.6279296875,72.7587890625
60.3934074,49.0771484375,-38.8232421875,75.1513671875
60.4231347,48.0029296875,-38.8232421875,75.3466796875
60.4569588,47.9541015625,-38.7744140625,75.0537109375
60.4846846,47.3681640625,-37.9931640625,73.5400390625
60.5126381,46.0498046875,-38.8720703125,72.5634765625
60.5454554,45.7080078125,-38.6279296875,71.4892578125
60.5753684,45.8544921875,-38.9697265625,71.0498046875
60.6105045,47.2216796875,-38.8232421875,70.0732421875
60.6533574,48.5400390625,-38.7255859375,68.2177734375
60.673443,48.9306640625,-39.5556640625,64.7509765625
60.6978479,50.1025390625,-39.8974609375,61.4794921875
60.7263384,50.8837890625,-40.2880859375,58.3056640625
60.7613861,51.5673828125,-41.0693359375,55.3271484375
60.7845946,52.5439453125,-41.0205078125,51.1279296875
60.8153676,52.6904296875,-41.4599609375,48.2958984375
60.8609034,52.4951171875,-42.2412109375,44.9755859375
60.8765667,53.3740234375,-43.0712890625,41.3134765625
60.9069762,52.9345703125,-42.1923828125,39.7998046875
60.9347758,53.5205078125,-39.8974609375,45.4150390625
60.9720387,53.1787109375,-38.7744140625,56.5966796875
60.9959427,52.4951171875,-38.0419921875,67.4853515625
61.0296102,51.6162109375,-37.5048828125,75.5908203125
61.0568464,50.5908203125,-36.9677734375,80.7666015625
61.0864459,49.8095703125,-36.5771484375,83.0126953125
61.1188753,49.4189453125,-36.2841796875,84.4775390625
61.1548585,49.0283203125,-36.3330078125,85.3076171875
61.175011,48.5400390625,-35.7958984375,84.5751953125
61.2111745,47.7099609375,-35.3076171875,83.5498046875
61.2383792,46.8310546875,-34.8681640625,82.1826171875
61.2735055,46.8310546875,-35.0634765625,81.0595703125
61.2988999,47.8076171875,-35.7470703125,79.8388671875
61.3268135,48.8818359375,-35.6982421875,77.6416015625
61.3634424,50.2001953125,-36.1376953125,75.0048828125
61.3903756,51.3720703125,-37.1630859375,71.8798828125
61.4175444,52.0556640625,-37.2119140625,68.2666015625
61.4502871,52.4951171875,-37.7001953125,64.4580078125
61.47822,53.2763671875,-38.2373046875,60.2587890625
61.5128485,53.2275390625,-38.6279296875,56.6455078125
61.5403584,53.7158203125,-38.8720703125,53.2763671875
61.576457,53.8134765625,-39.7509765625,50.1025390625
61.5986071,54.4970703125,-40.1904296875,46.3916015625
61.6484302,54.5458984375,-38.9208984375,44.1943359375
61.6593641,54.9853515625,-37.6025390625,48.3935546875
61.6964849,54.4482421875,-36.3330078125,59.5751953125
61.7211921,53.2763671875,-35.7958984375,71.8310546875
61.7487652,52.2509765625,-35.3564453125,80.2783203125
61.7846764,51.8603515625,-34.5263671875,85.7958984375
61.8109916,49.8095703125,-34.2333984375,88.2861328125
61.8391246,49.9072265625,-34.6240234375,90.4833984375
61.8773694,49.5654296875,-33.8916015625,90.9716796875
61.9012219,48.9306640625,-33.4521484375,90.5810546875
61.929976,48.1494140625,-33.1591796875,89.6533203125
61.9669322,47.7099609375,-33.5498046875,88.0419921875
61.989721,47.7587890625,-33.0126953125,86.9677734375
62.0244867,48.0029296875,-32.9150390625,85.4541015625
62.0519141,49.2236328125,-33.5009765625,83.6962890625
62.0819346,51.2744140625,-33.6474609375,80.5224609375
62.1147631,51.3720703125,-33.6962890625,77.8369140625
62.1422888,52.7392578125,-34.5263671875,73.6376953125
62.1792214,53.4228515625,-34.9169921875,70.4638671875
62.2041037,54.3994140625,-35.7470703125,65.7275390625
62.2344414,54.4482421875,-35.8935546875,62.6513671875
62.2674596,55.1318359375,-36.8701171875,57.9150390625
62.2948376,55.0341796875,-37.0166015625,54.5458984375
62.3313698,55.6689453125,-37.6025390625,50.3955078125
62.3537289,56.2548828125,-38.7255859375,47.1240234375
62.3904062,55.8154296875,-37.6513671875,43.7548828125
62.4131338,55.5712890625,-36.6259765625,47.2705078125
62.4465944,54.7412109375,-35.2587890625,56.7431640625
62.4842315,54.1552734375,-35.2099609375,69.9755859375
62.5035708,53.0810546875,-34.3798828125,78.6181640625
62.551452,52.0556640625,-34.1845703125,84.2333984375
62.5712638,50.6884765625,-33.4033203125,86.9189453125
62.5943931,50.6884765625,-34.2822265625,88.7744140625
62.6278779,50.2978515625,-33.8916015625,89.8486328125
62.657065,49.4189453125,-33.2568359375,88.3349609375
62.6873682,48.7353515625,-33.9892578125,87.2607421875
62.7169606,47.5634765625,-33.3056640625,86.2353515625
62.7448168,47.7587890625,-33.6962890625,84.7705078125
62.7737788,48.2470703125,-33.9892578125,83.1591796875
62.8099877,47.9052734375,-34.2333984375,81.8408203125
62.8365609,49.8583984375,-34.4287109375,78.9599609375
62.8725921,50.9326171875,-35.0146484375,76.5185546875
62.8954555,51.6650390625,-35.6494140625,72.2705078125
62.9331779,52.0068359375,-35.9912109375,68.0224609375
62.9577762,52.5439453125,-36.8212890625,64.8486328125
62.9951524,52.7880859375,-37.6513671875,60.5029296875
63.0197833,53.2763671875,-38.5302734375,57.4755859375
63.0477881,53.6181640625,-38.9697265625,53.2275390625
63.082926,53.7646484375,-39.9462890625,50.1025390625
63.1086271,53.6181640625,-39.9951171875,46.2939453125
63.1380208,53.9111328125,-38.3349609375,44.9267578125
63.1744175,54.0087890625,-37.3583984375,51.6162109375
63.1995234,53.3740234375,-37.2607421875,62.7001953125
63.2364217,52.7880859375,-36.9677734375,74.0283203125
63.2605526,51.4208984375,-37.0166015625,80.5224609375
63.2961705,50.6396484375,-36.4794921875,83.0126953125
63.3188588,50.2490234375,-36.0400390625,84.2333984375
63.3558258,49.2724609375,-36.4306640625,85.0634765625
63.379877,48.1982421875,-36.3330078125,83.5986328125
63.4082912,47.9052734375,-36.8701171875,82.2802734375
63.4454793,46.6845703125,-37.2119140625,80.4736328125
63.4699647,46.2451171875,-36.9677734375,79.7900390625
63.5047113,45.5615234375,-37.5048828125,78.1787109375
63.5314,46.4892578125,-37.6025390625,77.0556640625
63.5597036,48.0029296875,-38.3837890625,74.3701171875
63.594965,49.2724609375,-38.6767578125,72.3193359375
63.6232623,49.9560546875,-38.6279296875,68.7548828125
63.6532063,50.0537109375,-39.8486328125,64.8974609375
63.6916046,50.9814453125,-40.6787109375,61.7724609375
63.7117031,52.0068359375,-41.1669921875,57.8173828125
63.7483533,51.3232421875,-42.1923828125,54.0576171875
63.7698593,52.3486328125,-42.8759765625,50.4931640625
63.8079771,51.6650390625,-42.4853515625,47.3681640625
63.8305996,51.7138671875,-40.1416015625,49.3212890625
63.8686256,52.4462890625,-39.5068359375,58.5498046875
63.8915815,52.0556640625,-39.0673828125,71.2939453125
63.9201202,52.4951171875,-38.7255859375,80.7666015625
63.9598848,51.0791015625,-38.3349609375,85.6494140625
63.9831716,50.3955078125,-37.7978515625,88.2861328125
64.0199264,49.0283203125,-38.0419921875,89.6533203125
64.0441225,48.5888671875,-37.9443359375,89.9462890625
64.0737823,47.8076171875,-37.9443359375,89.5068359375
64.1062997,47.8076171875,-37.6025390625,87.1142578125
64.1332711,47.2216796875,-37.5048828125,86.0888671875
64.1746464,46.6357421875,-38.1884765625,85.0146484375
64.1940826,46.5869140625,-38.1396484375,83.8427734375
64.232664,47.0751953125,-38.5791015625,81.4990234375
64.2565089,49.0771484375,-38.9208984375,79.2041015625
64.2878632,50.5419921875,-38.6767578125,75.7861328125
64.3138004,51.1279296875,-39.6533203125,73.1005859375
64.3416469,51.5673828125,-40.1416015625,68.9501953125
64.3791929,52.8369140625,-41.5087890625,65.5810546875
64.404806,53.0810546875,-41.6552734375,61.7724609375
64.4422788,53.3251953125,-42.4365234375,57.9638671875
64.465655,54.2041015625,-42.2900390625,54.3505859375
64.4936481,53.2763671875,-40.0927734375,53.4228515625
64.5309851,53.2763671875,-39.7998046875,61.6259765625
64.5547787,54.5458984375,-38.3349609375,73.9306640625
64.5994431,53.9111328125,-38.0419921875,86.1865234375
64.6168835,53.8623046875,-37.2607421875,93.7060546875
64.6462077,53.3251953125,-37.2607421875,98.6865234375
64.6794628,52.1533203125,-36.4794921875,100.7373046875
64.7091037,50.8349609375,-36.6748046875,102.9833984375
64.7354301,50.7861328125,-36.1376953125,103.0322265625
64.7684963,50.1513671875,-35.9423828125,102.0068359375
64.7966064,49.6630859375,-35.5029296875,100.0048828125
64.8269827,48.6376953125,-35.7470703125,98.6376953125
64.8588947,48.5888671875,-35.4541015625,96.8310546875
64.8884977,48.9306640625,-35.9423828125,95.0732421875
64.9154509,50.7861328125,-36.1376953125,92.9248046875
64.9506009,52.1533203125,-36.9189453125,90.5810546875
64.9787224,53.7646484375,-37.3583984375,86.5771484375
65.0058353,54.3994140625,-37.3583984375,82.8662109375
65.0399094,55.5224609375,-38.2373046875,78.8623046875
65.0656907,56.3525390625,-38.5302734375,74.0283203125
65.1014341,56.4013671875,-39.3115234375,70.1220703125
65.1300407,56.6455078125,-39.9462890625,65.7763671875
65.1583191,56.8408203125,-40.5322265625,61.7724609375
65.1923046,56.9873046875,-39.0673828125,59.4775390625
65.2208504,57.3779296875,-38.0419921875,63.5302734375
65.2487384,57.6220703125,-37.7001953125,73.5400390625
65.2812295,57.6708984375,-36.6748046875,86.6259765625
65.3104024,56.8408203125,-36.1865234375,96.1962890625
65.3425792,56.4013671875,-35.7470703125,100.9326171875
65.3714755,54.9853515625,-34.8681640625,103.7646484375
65.3993509,54.2041015625,-34.7705078125,105.2294921875
65.4285857,53.5693359375,-35.0146484375,106.2060546875
65.4624106,53.1298828125,-34.8681640625,104.9365234375
65.4920673,53.2275390625,-34.3798828125,102.8857421875
65.5220196,52.6904296875,-34.3798828125,100.6396484375
65.5520549,51.2744140625,-35.3564453125,98.9306640625
65.5787166,51.8603515625,-35.3564453125,96.5380859375
65.611963,52.8369140625,-35.2099609375,94.7802734375
65.6422375,53.7158203125,-36.5283203125,91.5576171875
65.6732298,55.3759765625,-36.4794921875,88.5302734375
65.7019851,56.2548828125,-37.1142578125,83.7451171875
65.7322899,57.4755859375,-37.7978515625,80.0830078125
65.7637416,57.5732421875,-38.0419921875,75.4931640625
65.7937884,57.7197265625,-39.1162109375,71.4892578125
65.8217148,57.9150390625,-39.6533203125,66.6064453125
65.8540587,58.3544921875,-40.5810546875,62.8955078125
65.8838915,58.0126953125,-41.1181640625,59.8681640625
65.9153065,58.7939453125,-42.2412109375,55.3759765625
65.9502748,59.2822265625,-41.6552734375,51.9580078125
65.9740439,58.7939453125,-40.2392578125,52.5439453125
66.0015181,58.7451171875,-39.1162109375,61.0888671875
66.0347466,57.3779296875,-38.5791015625,71.6845703125
66.0622506,56.8408203125,-38.2373046875,79.8876953125
66.0952525,55.2294921875,-38.8232421875,84.0380859375
66.1239016,54.2529296875,-38.8232421875,85.8447265625
66.1537156,53.2763671875,-38.6767578125,86.3330078125
66.1856777,53.1787109375,-38.2861328125,86.6259765625
66.2156001,52.2021484375,-38.6279296875,85.6005859375
66.2439237,51.5673828125,-39.2138671875,83.6962890625
66.2755087,50.6884765625,-38.5302734375,82.5244140625
66.3116641,50.0048828125,-39.3603515625,81.2548828125
66.3383622,49.6142578125,-39.8486328125,80.4248046875
66.3653428,50.0048828125,-39.8486328125,79.6923828125
66.3962473,50.5908203125,-41.2646484375,77.2998046875
66.4324926,52.5927734375,-41.1669921875,74.2236328125
66.4556337,53.2763671875,-41.7041015625,71.7333984375
66.4939675,53.7646484375,-43.1201171875,68.2177734375
66.5189331,54.4970703125,-43.0224609375,64.8974609375
66.5477277,54.8876953125,-43.9990234375,62.0654296875
66.5829737,55.2294921875,-45.0244140625,57.4755859375
66.6094347,56.1083984375,-45.3662109375,55.1318359375
66.6385742,56.6943359375,-46.6845703125,52.1533203125
66.6765154,56.2060546875,-46.9287109375,48.5888671875
66.6977147,56.4013671875,-46.8798828125,45.8544921875
66.7348114,57.4267578125,-45.6103515625,46.0009765625
66.7595752,55.5224609375,-44.4873046875,52.8857421875
66.7896741,55.7177734375,-43.9501953125,62.8466796875
66.8259011,54.3505859375,-43.9990234375,70.1220703125
66.8479053,52.9345703125,-43.4130859375,73.5888671875
66.8868188,52.3486328125,-43.5595703125,74.8583984375
66.9085029,51.8115234375,-42.6806640625,74.9560546875
66.9472773,51.4697265625,-43.4130859375,74.5654296875
66.9682223,49.9560546875,-43.7548828125,73.1982421875
67.0040823,49.8583984375,-43.7060546875,71.3916015625
67.0306897,48.9306640625,-43.6572265625,70.7080078125
67.0661477,48.4423828125,-44.4384765625,69.4873046875
67.0917709,47.5634765625,-43.8037109375,68.9501953125
67.1205409,47.9052734375,-44.4384765625,66.9970703125
67.1563112,48.7353515625,-44.9267578125,64.4091796875
67.1812489,50.2001953125,-45.3173828125,63.1884765625
67.2186694,51.7626953125,-45.5126953125,59.3310546875
67.2386809,51.6650390625,-46.4892578125,56.1083984375
67.2760816,52.3486328125,-46.9287109375,53.1787109375
67.3100966,53.4228515625,-47.7099609375,49.9072265625
67.3317314,54.3994140625,-48.4423828125,46.6357421875
67.3627864,54.4970703125,-49.0771484375,43.6083984375
67.4132844,54.8876953125,-49.4677734375,40.1904296875
67.4330548,54.7900390625,-49.5654296875,38.1396484375
67.451342,55.1318359375,-47.3193359375,38.4814453125
67.4909133,54.9853515625,-46.1962890625,46.1962890625
67.5136174,54.8388671875,-46.4404296875,54.8388671875
67.540883,54.3017578125,-45.7568359375,60.5029296875
67.585392,53.3740234375,-44.9755859375,63.0908203125
67.606129,52.0556640625,-45.0244140625,64.0185546875
67.6425153,51.2255859375,-44.7802734375,63.8232421875
67.659991,51.3720703125,-44.5361328125,64.3603515625
67.6962224,51.0302734375,-44.5361328125,63.4814453125
67.7232583,50.4443359375,-44.5849609375,61.9189453125
67.7701083,49.6142578125,-44.6337890625,60.3564453125
67.7843144,48.9306640625,-44.6337890625,59.6240234375
67.8343316,49.6142578125,-44.6337890625,57.9638671875
67.8538655,49.6142578125,-44.8779296875,56.8408203125
67.8746387,50.2001953125,-45.2197265625,55.3759765625
67.9119476,51.9091796875,-45.2197265625,52.9833984375
67.9353383,53.1298828125,-46.1474609375,50.0537109375
67.9732575,53.6669921875,-46.3427734375,47.0751953125
67.9941582,54.1552734375,-46.9775390625,44.5849609375
68.0315513,55.0830078125,-47.4658203125,40.8740234375
68.0525294,55.8154296875,-48.5400390625,37.9931640625
68.0921108,56.4990234375,-49.1259765625,35.0634765625
68.1160351,56.5478515625,-49.7607421875,32.3779296875
68.1522355,56.6943359375,-48.9794921875,29.3017578125
68.1779583,56.9873046875,-48.1494140625,28.3251953125
68.2069384,56.6943359375,-46.2939453125,33.7939453125
68.2335039,56.6943359375,-45.9033203125,41.2158203125
68.270239,55.5224609375,-45.9033203125,47.3681640625
68.2978691,55.1806640625,-45.8056640625,51.4208984375
68.3336119,53.3251953125,-45.3173828125,52.0556640625
68.3569213,53.4716796875,-45.4638671875,53.4716796875
68.3844522,52.2021484375,-44.6826171875,52.6904296875
68.4204416,51.4208984375,-44.5849609375,52.8369140625
68.4473993,51.4697265625,-45.2685546875,51.6162109375
68.4839158,50.8837890625,-43.9501953125,50.3466796875
68.5101008,50.9326171875,-44.6826171875,50.7373046875
68.5467773,49.9072265625,-44.5849609375,48.9306640625
68.5656299,49.7119140625,-45.0732421875,47.3681640625
68.6026692,50.1513671875,-45.9033203125,46.4404296875
68.6271909,51.8115234375,-45.9033203125,44.3896484375
68.6638513,53.2275390625,-46.1474609375,42.1923828125
68.6874605,54.7412109375,-46.2939453125,39.5068359375
68.7250739,55.3271484375,-46.5380859375,36.3818359375
68.7474164,55.8154296875,-48.1005859375,34.1357421875
68.7848293,56.3525390625,-47.9541015625,31.1083984375
68.8062859,57.5244140625,-48.9794921875,28.5205078125
68.8448936,57.8662109375,-48.6865234375,26.5673828125
68.8689024,58.0615234375,-50.0537109375,23.1494140625
68.9049615,59.2333984375,-50.4931640625,21.0009765625
68.9296087,58.4033203125,-49.4189453125,17.7783203125
68.9676193,58.5009765625,-48.1005859375,19.5849609375
68.9917336,58.5986328125,-47.6611328125,26.7138671875
69.0203955,57.1337890625,-47.2216796875,34.2333984375
69.0577688,56.2060546875,-46.4404296875,39.0185546875
69.0786877,54.9853515625,-45.6103515625,41.8017578125
69.1169702,54.1064453125,-46.1474609375,42.5830078125
69.1377314,53.6669921875,-45.0732421875,43.3642578125
69.1778282,53.0322265625,-45.1220703125,43.6083984375
69.201398,52.5439453125,-45.4150390625,42.8759765625
69.2300695,52.2509765625,-45.6103515625,42.2900390625
69.2659409,51.3720703125,-45.4638671875,41.1181640625
69.291542,51.1767578125,-45.4150390625,41.0205078125
69.3287372,50.1513671875,-45.9521484375,40.4833984375
69.3506983,50.0537109375,-46.4404296875,39.5556640625
69.3873643,50.4931640625,-46.9287109375,37.8955078125
69.4092873,52.2998046875,-47.3681640625,36.1865234375
69.446453,53.7646484375,-47.1728515625,33.9404296875
69.4707614,54.7412109375,-48.0517578125,31.9384765625
69.507807,54.6923828125,-48.6376953125,29.0087890625
69.5395035,56.4013671875,-49.2724609375,26.7138671875
69.5610321,56.4501953125,-49.8095703125,24.0283203125
69.5968026,57.1826171875,-49.9560546875,21.4892578125
69.6237447,56.8896484375,-51.2744140625,19.5849609375
69.6621923,57.1826171875,-52.0068359375,16.8505859375
69.6839645,57.3779296875,-51.5673828125,13.9697265625
69.7191319,57.4267578125,-50.6884765625,13.3349609375
69.7402829,56.7431640625,-49.1748046875,18.0224609375
69.7792078,56.2548828125,-49.7119140625,25.2490234375
69.8032751,55.6201171875,-49.1259765625,31.4501953125
69.8373612,54.2041015625,-49.5654296875,33.8427734375
69.8654443,53.8134765625,-48.3447265625,34.5751953125
69.8938963,52.7880859375,-48.8330078125,35.1611328125
69.9438214,51.7626953125,-48.2470703125,34.2333984375
69.9646344,51.1279296875,-48.7353515625,34.4287109375
69.9816927,50.6884765625,-48.3447265625,33.4033203125
70.0219934,49.9072265625,-48.2470703125,32.5732421875
70.0443394,49.2236328125,-48.4423828125,32.2802734375
70.0831147,48.2470703125,-48.7841796875,32.1337890625
70.1064675,48.3447265625,-48.4912109375,30.9130859375
70.1341769,48.2470703125,-49.4189453125,28.8134765625
70.1719698,49.4189453125,-50.3466796875,27.4462890625
70.1967863,50.8837890625,-50.1025390625,25.4931640625
70.2247952,51.4697265625,-50.6396484375,23.1982421875
70.2574186,52.4951171875,-50.8837890625,20.9521484375
70.2856216,53.2763671875,-51.1767578125,17.9736328125
70.3146305,54.2041015625,-51.9580078125,16.4111328125
70.3480009,54.0087890625,-52.8369140625,13.1396484375
70.3763183,54.5947265625,-54.0087890625,11.2353515625
70.4121136,54.4482421875,-54.1552734375,8.4033203125
70.4382737,54.3017578125,-51.7626953125,6.8408203125
70.4671348,54.6923828125,-51.0791015625,11.0400390625
70.5008609,54.6923828125,-50.5908203125,18.6083984375
70.5285137,54.2041015625,-50.3955078125,24.4677734375
70.5580776,53.3251953125,-49.9560546875,27.2509765625
70.5891915,51.7626953125,-49.4189453125,27.6416015625
70.6188888,50.2001953125,-49.3212890625,28.7158203125
70.6460054,49.8095703125,-48.5400390625,28.8623046875
70.6789281,49.7119140625,-49.3212890625,27.2509765625
70.7090235,49.6142578125,-48.4912109375,26.9580078125
70.7370246,49.0771484375,-48.2958984375,25.7373046875
70.770335,48.3447265625,-48.1982421875,25.0048828125
70.7972795,47.8076171875,-48.5888671875,24.8095703125
70.832148,47.0263671875,-48.6376953125,23.9794921875
70.85995,47.5634765625,-48.5400390625,22.0751953125
70.8902154,48.5400390625,-49.7119140625,20.1708984375
70.9201554,49.6142578125,-50.0537109375,18.6083984375
70.9502376,50.3466796875,-50.1025390625,15.7275390625
70.97856,51.3232421875,-50.9326171875,13.7744140625
71.0116137,52.4951171875,-51.1279296875,11.4306640625
71.0403154,53.1787109375,-51.6650390625,8.6474609375
71.0677225,53.7158203125,-52.1044921875,6.6455078125
71.1028899,54.1552734375,-52.8857421875,4.3994140625
71.129857,54.6435546875,-53.0322265625,2.6904296875
71.1621676,54.2529296875,-52.1044921875,1.2255859375
71.1910403,54.8388671875,-50.4931640625,4.2041015625
71.2352097,55.1806640625,-50.0537109375,10.0146484375
71.2529788,54.0576171875,-50.1513671875,17.5830078125
71.2832929,54.3017578125,-49.1748046875,21.0498046875
71.3107405,52.8369140625,-47.4658203125,21.6357421875
71.3420146,51.6162109375,-48.1494140625,23.0517578125
71.3718925,51.2744140625,-48.0029296875,23.7353515625
71.4051731,50.5419921875,-47.8076171875,23.6865234375
71.4328188,49.7119140625,-47.9052734375,23.2958984375
71.4620771,49.5166015625,-47.4169921875,23.0029296875
71.4936228,49.1748046875,-47.7587890625,21.9775390625
71.5246687,48.1005859375,-47.5634765625,21.3427734375
71.5511428,47.1240234375,-48.2958984375,20.6103515625
71.5951101,47.0263671875,-48.0029296875,20.2197265625
71.6134898,48.6865234375,-48.1982421875,18.7060546875
71.6424202,49.4189453125,-48.3935546875,16.7041015625
71.6751073,50.8349609375,-49.1748046875,14.6533203125
71.7039216,51.6650390625,-49.3212890625,12.8955078125
71.7459345,52.7880859375,-49.6142578125,10.3564453125
71.7655401,53.7158203125,-50.7373046875,8.4033203125
71.7945916,54.2529296875,-51.2744140625,6.3037109375
71.8258829,54.5458984375,-52.3486328125,3.8623046875
71.8564416,54.6435546875,-52.4462890625,2.2998046875
71.892821,55.8642578125,-53.4228515625,-0.6787109375
71.9175498,55.9619140625,-52.4951171875,-2.4365234375
71.9552075,55.8154296875,-51.3720703125,-2.2412109375
71.9749236,55.6201171875,-49.9560546875,4.1552734375
72.0150604,54.8876953125,-50.2001953125,11.5771484375
72.034611,54.2041015625,-49.7119140625,16.8017578125
72.0745665,54.0087890625,-48.7841796875,19.9267578125
72.097985,52.5927734375,-48.3935546875,20.9521484375
72.12653,50.9326171875,-48.4423828125,21.3916015625
72.1629542,51.3232421875,-48.0517578125,22.2216796875
72.1880896,50.3955078125,-47.9052734375,22.9052734375
72.2246766,50.1025390625,-47.7587890625,22.5634765625
72.2474956,49.6630859375,-47.6611328125,21.8798828125
72.2773046,48.8818359375,-48.0517578125,21.7822265625
72.3167086,47.8076171875,-47.9541015625,21.7333984375
72.3383106,47.4658203125,-48.5400390625,20.8056640625
72.376703,47.6123046875,-48.3935546875,20.5126953125
72.3999239,48.3935546875,-48.9794921875,18.4619140625
72.4374013,50.1025390625,-49.8095703125,16.9970703125
72.4582464,51.3720703125,-49.7119140625,14.2138671875
72.4935546,51.9580078125,-50.1025390625,12.5048828125
72.5205809,52.8857421875,-51.0791015625,10.5517578125
72.5577577,54.2529296875,-51.3720703125,8.7451171875
72.5792068,54.9853515625,-52.5927734375,6.4990234375
72.6165772,55.1318359375,-52.7880859375,5.3759765625
72.6374088,55.5224609375,-53.6181640625,3.0322265625
72.6749029,55.2783203125,-54.7412109375,0.9814453125
72.696976,55.0830078125,-54.5458984375,-1.7041015625
72.7353649,55.1806640625,-53.1787109375,-2.9248046875
72.7590684,54.8876953125,-52.0556640625,1.7138671875
72.7963668,54.4482421875,-51.6162109375,9.8681640625
72.821841,53.7646484375,-51.2255859375,16.7041015625
72.8580611,52.7392578125,-50.6396484375,20.2197265625
72.8783041,51.6162109375,-50.8349609375,21.9775390625
72.9194457,50.5419921875,-50.3955078125,22.8076171875
72.940985,50.2490234375,-50.5419921875,24.0283203125
72.9786743,49.4189453125,-50.6884765625,24.0771484375
73.0029089,48.5400390625,-50.7861328125,23.9306640625
73.040803,47.6611328125,-50.7373046875,23.9794921875
73.0630294,47.5146484375,-50.8349609375,23.3935546875
73.0992171,46.1962890625,-51.4697265625,23.3447265625
73.1223582,45.7568359375,-51.4208984375,23.4912109375
73.1595989,45.3662109375,-51.6162109375,22.0751953125
73.1812643,45.7080078125,-52.3486328125,20.7568359375
73.2177921,46.9775390625,-53.1298828125,19.0966796875
73.2448512,48.5888671875,-53.3251953125,17.5341796875
73.280885,49.8095703125,-53.5693359375,16.3134765625
73.3016041,50.0048828125,-54.4970703125,14.2626953125
73.3388402,51.2255859375,-54.9853515625,12.4560546875
73.3603635,51.7626953125,-55.5224609375,10.5029296875
73.3991147,51.9091796875,-56.1083984375,9.1357421875
73.4236812,52.3974609375,-57.1826171875,6.6455078125
73.4707443,52.2509765625,-56.1572265625,4.8388671875
73.4922106,52.3974609375,-54.9365234375,6.6943359375
73.5135832,52.1044921875,-54.3505859375,12.4560546875
73.551638,52.4462890625,-53.7646484375,20.5126953125
73.5735742,51.9580078125,-53.9599609375,26.4697265625
73.6119561,51.5673828125,-53.0322265625,29.1552734375
73.6315068,50.4443359375,-52.5439453125,31.1083984375
73.6721785,49.3212890625,-52.2021484375,31.2060546875
73.6922975,48.2958984375,-52.2509765625,32.3291015625
73.7287207,47.8564453125,-52.5439453125,31.9384765625
73.7565363,47.5634765625,-51.4697265625,31.9384765625
73.79292,47.1728515625,-52.0068359375,31.2548828125
73.8145332,46.5869140625,-51.5673828125,31.3037109375
73.8546664,44.9755859375,-52.7392578125,31.6455078125
73.8737645,44.4873046875,-51.9091796875,30.9130859375
73.9139459,45.2197265625,-52.9833984375,29.7412109375
73.9339613,45.4150390625,-52.5927734375,28.8134765625
73.9723689,47.2216796875,-53.3740234375,26.8603515625
73.9991018,47.8076171875,-52.9345703125,24.8583984375
74.0361114,49.3212890625,-53.7158203125,22.8076171875
74.0598635,50.0537109375,-54.4970703125,21.0986328125
74.096477,50.3955078125,-55.2783203125,19.4873046875
74.1163435,51.5185546875,-55.4248046875,17.4853515625
74.1530905,51.7626953125,-54.7900390625,14.9951171875
74.1754308,52.2021484375,-53.5693359375,15.4345703125
74.2135684,51.7626953125,-52.1533203125,21.0009765625
74.2396514,51.5673828125,-51.0302734375,29.5947265625
74.2757683,52.5439453125,-49.7607421875,36.9677734375
74.2975783,52.6904296875,-50.1025390625,41.3134765625
74.3399239,51.9091796875,-49.1748046875,43.9501953125
74.3569284,50.9326171875,-48.9306640625,45.8544921875
74.3945751,49.7119140625,-48.6865234375,46.7822265625
74.4194683,49.0771484375,-48.2470703125,47.9541015625
74.4581408,48.3935546875,-47.9541015625,47.5634765625
74.477941,48.6376953125,-47.7099609375,47.1240234375
74.516424,48.0029296875,-47.9541015625,46.9775390625
74.5392308,47.2216796875,-47.7099609375,47.2705078125
74.5730355,46.1474609375,-47.4169921875,46.8798828125
74.5986922,46.5380859375,-47.7099609375,46.0498046875
74.6384176,47.2705078125,-47.7587890625,44.8291015625
74.6604466,49.1748046875,-48.1494140625,43.2177734375
74.6960138,50.5908203125,-48.7353515625,40.6787109375
74.7209767,51.8115234375,-49.0771484375,38.6279296875
74.7575476,52.1044921875,-49.6630859375,35.9423828125
74.7793781,53.6669921875,-49.8095703125,34.5751953125
74.8194641,53.9111328125,-50.3955078125,32.3779296875
74.8399814,54.3017578125,-50.5419921875,29.0576171875
74.8777379,54.3017578125,-50.6396484375,27.2998046875
74.9024039,54.9365234375,-49.6142578125,25.5908203125
74.9393731,55.2783203125,-47.9052734375,29.5947265625
74.9595145,55.2294921875,-46.8798828125,39.1162109375
74.9970572,54.9853515625,-46.4404296875,47.5634765625
75.0225001,55.1318359375,-45.2685546875,53.2275390625
75.0623129,54.2529296875,-45.3173828125,56.2060546875
75.0839841,53.6181640625,-44.2919921875,58.7939453125
75.1195037,51.8603515625,-44.1455078125,60.2587890625
75.1395834,50.9814453125,-43.6572265625,62.0166015625
75.1762632,50.5908203125,-43.9990234375,60.9423828125
75.2020181,50.2001953125,-43.0712890625,60.7470703125
75.2378285,49.6630859375,-43.3154296875,61.0400390625
75.26263,49.4189453125,-42.6318359375,60.8447265625
75.3017096,48.1982421875,-42.8759765625,60.4541015625
75.3258761,47.8076171875,-43.2177734375,59.5751953125
75.3526009,47.8076171875,-43.0224609375,57.8173828125
75.3910769,48.9306640625,-43.7548828125,55.8642578125
75.4147535,50.9326171875,-43.6083984375,53.5205078125
75.4520461,51.5673828125,-44.2919921875,50.5908203125
75.4755224,52.5439453125,-44.9267578125,48.7841796875
75.5117455,53.7646484375,-45.4150390625,45.7568359375
75.5346287,54.3994140625,-45.7080078125,42.9248046875
75.5729685,54.8388671875,-46.5869140625,40.6787109375
75.5948825,54.8876953125,-46.7822265625,37.1630859375
75.6241299,55.1806640625,-47.4658203125,35.0146484375
75.6613631,55.9130859375,-46.7333984375,31.5478515625
75.6844507,55.7666015625,-44.9755859375,32.8662109375
75.7225676,55.8154296875,-44.4384765625,38.6279296875
75.7477079,55.5224609375,-43.0224609375,48.8330078125
75.7742568,55.5712890625,-42.8271484375,57.1337890625
75.8115339,54.3994140625,-41.9482421875,61.4794921875
75.8341623,52.9833984375,-41.7529296875,63.1884765625
75.8718921,51.7138671875,-41.9482421875,64.2626953125
75.8981551,51.6650390625,-41.2158203125,66.2646484375
75.9267096,50.8837890625,-40.3369140625,66.7041015625
75.9637893,49.9560546875,-40.4833984375,66.0205078125
75.988069,49.5654296875,-41.3623046875,65.1904296875
76.0162206,49.5654296875,-41.7529296875,65.0439453125
76.0487624,48.7353515625,-40.6298828125,64.9951171875
76.0778388,47.3193359375,-41.0205078125,63.9697265625
76.1072755,46.8798828125,-41.1181640625,62.2607421875
76.1333355,47.8076171875,-42.3388671875,59.9658203125
76.1736402,48.9794921875,-42.7783203125,57.4755859375
76.1971075,49.7607421875,-43.4619140625,53.8623046875
76.2304731,51.4208984375,-42.6806640625,51.7138671875
76.2590782,52.0068359375,-44.4384765625,49.0771484375
76.2880957,53.0322265625,-45.1708984375,45.8056640625
76.3200131,53.4228515625,-45.3173828125,43.1201171875
76.3500051,54.2529296875,-46.0986328125,39.8486328125
76.3786052,54.3505859375,-46.4892578125,37.2607421875
76.4112594,54.5458984375,-47.6123046875,34.2822265625
76.4393662,54.5458984375,-46.3916015625,31.3037109375
76.4680784,54.3994140625,-44.3896484375,33.9404296875
76.5001724,54.5458984375,-43.3642578125,41.8017578125
76.5280957,53.5693359375,-42.7783203125,51.6650390625
76.5627622,53.4716796875,-43.0224609375,58.4033203125
76.5908123,51.8603515625,-43.1689453125,61.4306640625
76.6200665,51.0791015625,-42.0458984375,61.3818359375
76.6523569,50.3955078125,-41.8505859375,63.4814453125
76.680306,49.9072265625,-41.6064453125,64.3603515625
76.7098188,49.5166015625,-41.9482421875,63.3837890625
76.7414429,48.2470703125,-41.8505859375,62.6513671875
76.7721197,48.1494140625,-41.9970703125,61.7724609375
76.8028305,47.6611328125,-42.4853515625,62.0166015625
76.8320696,46.1474609375,-42.0947265625,61.7236328125
76.8605662,45.7568359375,-42.1435546875,60.3076171875
76.8930321,45.2685546875,-43.0224609375,58.1103515625
76.9224749,45.0244140625,-43.4130859375,56.0107421875
76.9514319,46.8798828125,-43.4619140625,54.1064453125
76.9838999,48.6376953125,-44.6337890625,50.5419921875
77.013365,48.7841796875,-44.7802734375,47.9052734375
77.0553764,50.0537109375,-46.1474609375,44.5361328125
77.0733861,50.6884765625,-45.9033203125,42.1435546875
77.1039297,51.2744140625,-47.1728515625,39.5068359375
77.1483742,51.5185546875,-47.3681640625,35.8935546875
77.1639443,51.5673828125,-46.0009765625,33.9892578125
77.2040798,51.7138671875,-44.3896484375,38.0908203125
77.2255862,52.3974609375,-43.5595703125,48.1494140625
77.2662361,51.7626953125,-43.5595703125,56.4501953125
77.2840433,51.1279296875,-43.5107421875,63.0419921875
77.3153081,50.8837890625,-42.2412109375,65.9716796875
77.343897,49.7119140625,-42.1435546875,67.4365234375
77.3848885,48.7841796875,-42.0458984375,68.8037109375
77.4064113,48.0517578125,-41.9482421875,68.5595703125
77.4335277,47.4658203125,-41.5576171875,68.2666015625
77.4784802,46.9775390625,-41.6064453125,67.0947265625
77.4956548,46.2939453125,-41.4111328125,66.6552734375
77.5364181,45.7568359375,-41.2158203125,66.0693359375
77.5583372,44.9755859375,-41.6064453125,65.1904296875
77.593341,43.9013671875,-41.4111328125,63.5302734375
77.6133165,44.6826171875,-41.9482421875,61.4794921875
77.6584899,45.0244140625,-42.3388671875,59.9658203125
77.6764143,46.3427734375,-42.8271484375,56.4013671875
77.7168079,48.0029296875,-43.6572265625,53.9111328125
77.7387487,47.7099609375,-44.5361328125,50.2978515625
77.7752297,49.4677734375,-44.6826171875,47.2216796875
77.7967596,49.9560546875,-45.3173828125,43.7548828125
77.8402707,50.4443359375,-45.5126953125,41.0693359375
77.8560068,50.7861328125,-43.6572265625,39.8974609375
77.8949816,50.6884765625,-42.8271484375,45.4638671875
77.9176227,51.2255859375,-41.7041015625,55.9619140625
77.9553025,51.3232421875,-41.3623046875,65.8740234375
77.9769609,51.9580078125,-40.1416015625,72.2705078125
78.0135472,51.3232421875,-39.6044921875,75.7373046875
78.0360925,51.6650390625,-39.1650390625,77.8369140625
78.0791206,50.1513671875,-38.7744140625,80.1318359375
78.0975558,49.0283203125,-38.6767578125,80.4248046875
78.1351393,48.3447265625,-38.2373046875,79.6435546875
78.1605664,47.8076171875,-37.6025390625,78.8134765625
78.1967852,47.6611328125,-37.9443359375,78.7158203125
78.2184942,47.0263671875,-37.7978515625,78.5693359375
78.2562794,45.9033203125,-38.1884765625,76.1279296875
78.2793606,45.9033203125,-37.8955078125,74.6630859375
78.3154903,46.5869140625,-38.9208984375,72.2705078125
78.3384488,46.1962890625,-38.7255859375,69.5849609375
78.3760809,48.6865234375,-39.2138671875,66.2646484375
78.3995484,49.0771484375,-39.8974609375,62.2119140625
78.4375197,50.2490234375,-41.2646484375,59.3310546875
78.4566308,51.4208984375,-41.9970703125,55.1806640625
78.4989425,52.0556640625,-42.7783203125,52.3974609375
78.5193531,52.4462890625,-43.3154296875,48.2470703125
78.555975,52.5927734375,-43.3642578125,45.2685546875
78.5806585,53.3251953125,-41.9482421875,42.8271484375
78.6150058,52.8857421875,-40.0439453125,45.8544921875
78.6437137,53.9599609375,-40.0439453125,57.1337890625
78.6760515,53.7158203125,-38.1396484375,68.7548828125
78.6975192,53.6669921875,-38.1396484375,77.4951171875
78.7359102,53.2763671875,-37.6513671875,82.0361328125
78.7626206,53.0810546875,-36.8701171875,86.0888671875
78.8001742,51.7138671875,-36.2353515625,87.8466796875
78.8238501,50.5908203125,-36.4306640625,89.2138671875
78.8509903,50.2001953125,-36.6748046875,88.7744140625
78.8863965,48.8330078125,-36.4306640625,87.3583984375
78.9111894,48.4423828125,-36.4794921875,86.6748046875
78.9511484,47.6611328125,-36.4794921875,86.3330078125
78.97383,47.2705078125,-36.5283203125,84.8193359375
79.0112314,46.1962890625,-36.0400390625,82.6708984375
79.0316388,46.0009765625,-37.1630859375,80.8154296875
79.0683776,46.4892578125,-37.3095703125,77.1044921875
79.0930678,48.3935546875,-38.0419921875,74.0771484375
79.130132,49.6142578125,-39.0673828125,69.6826171875
79.1547132,51.1767578125,-39.5068359375,65.3369140625
79.1912136,51.6162109375,-39.9462890625,61.8701171875
79.2141902,52.5439453125,-40.6298828125,57.8173828125
79.2512298,53.5205078125,-41.4599609375,54.5458984375
79.2726559,53.3251953125,-42.2900390625,50.9814453125
79.3132893,53.4716796875,-43.0712890625,47.8076171875
79.3352954,54.2529296875,-43.8525390625,43.9990234375
79.3742651,54.8388671875,-43.6083984375,40.0927734375
79.3945478,54.6923828125,-42.1923828125,39.0185546875
79.4481557,54.6435546875,-41.3623046875,46.9287109375
79.4536779,55.1318359375,-40.2880859375,58.2080078125
79.4963444,54.4970703125,-39.8486328125,69.2431640625
79.5279818,53.7158203125,-39.8974609375,76.6162109375
79.5497335,51.8115234375,-39.4091796875,79.3017578125
79.5864365,50.6884765625,-38.8232421875,81.8408203125
79.6063155,50.2490234375,-38.7255859375,82.9150390625
79.6450772,49.6630859375,-39.1162109375,83.3544921875
79.6666882,48.6865234375,-38.8232421875,82.2314453125
79.7041764,48.1494140625,-39.1650390625,81.1083984375
79.7288528,47.6123046875,-39.0673828125,79.7900390625
79.7663301,47.3681640625,-39.4580078125,79.4970703125
79.7905735,46.4404296875,-39.8486328125,77.6416015625
79.8285156,45.4638671875,-40.2392578125,75.7861328125
79.8475351,45.0244140625,-40.8251953125,72.5146484375
79.8818322,45.1220703125,-41.5576171875,69.4384765625
79.9077319,46.0986328125,-42.1923828125,66.1181640625
79.943233,47.2705078125,-42.8271484375,62.8466796875
79.9687208,47.4658203125,-43.3154296875,59.8193359375
80.0048485,48.4912109375,-43.8037109375,55.6689453125
80.0265331,49.4677734375,-45.2197265625,52.4462890625
80.0647872,50.4443359375,-46.4404296875,49.0771484375
80.0867631,51.0302734375,-47.1728515625,45.8056640625
80.1261566,51.1279296875,-45.8056640625,42.6806640625
80.1487798,50.6396484375,-44.5361328125,44.9267578125
80.1861587,51.0302734375,-43.6572265625,54.0087890625
80.2124216,51.4697265625,-42.7783203125,64.9462890625
80.2526285,51.3232421875,-43.2177734375,73.0029296875
80.2692526,50.0048828125,-42.7294921875,77.3486328125
80.3057102,49.3212890625,-42.7783203125,77.8369140625
80.33013,48.4912109375,-42.2412109375,78.5693359375
80.3676742,47.7099609375,-42.6806640625,78.3740234375
80.3933762,46.4892578125,-42.7294921875,76.4697265625
80.4302894,46.3916015625,-43.4130859375,75.3466796875
80.450632,45.4150390625,-42.9736328125,73.9306640625
80.4871885,45.5126953125,-43.6572265625,73.7353515625
80.508981,44.6826171875,-42.9248046875,72.9541015625
80.5466375,43.8525390625,-44.2919921875,70.8056640625
80.5710609,43.2666015625,-44.0966796875,68.8037109375
80.609405,43.8525390625,-44.6826171875,66.3134765625
80.6386134,43.8525390625,-45.2197265625,62.3583984375
80.6636446,45.6103515625,-46.0498046875,58.8427734375
80.7043545,46.7333984375,-46.1474609375,56.5478515625
80.7236052,46.6845703125,-47.8076171875,52.4951171875
80.7631992,47.5634765625,-48.2470703125,48.6376953125
80.7797814,48.4423828125,-48.8330078125,46.6357421875
80.8184845,48.7353515625,-46.3916015625,43.2177734375
80.8401429,48.7841796875,-45.4150390625,46.0986328125
80.8834656,48.6376953125,-44.8291015625,55.6689453125
80.9023668,48.9306640625,-44.4873046875,67.5830078125
80.9413549,48.9306640625,-44.1455078125,76.2255859375
80.9660796,49.1748046875,-44.2919921875,80.2783203125
81.0121915,49.9072265625,-43.3154296875,81.9384765625
81.0332383,48.3935546875,-42.8759765625,83.3056640625
81.0574727,47.8076171875,-42.9248046875,83.5498046875
81.0863632,46.7333984375,-43.4130859375,81.8408203125
81.1187601,46.0498046875,-42.8759765625,80.9619140625
81.1471966,45.3662109375,-43.1201171875,79.2529296875
81.174165,46.0009765625,-43.3154296875,78.2275390625
81.2115512,45.4638671875,-43.4130859375,78.2275390625
81.237044,45.0244140625,-43.0224609375,76.0791015625
81.2663038,44.0478515625,-44.0478515625,74.1259765625
81.2970637,44.2919921875,-43.8525390625,71.1474609375
81.3251997,45.2685546875,-44.7314453125,68.1201171875
81.362461,46.6845703125,-45.3173828125,64.3603515625
81.3870102,47.9052734375,-45.5615234375,60.7470703125
81.415267,48.4912109375,-46.0009765625,57.9150390625
81.4523359,49.1259765625,-46.9287109375,54.3994140625
81.4773289,49.9072265625,-48.1005859375,50.5419921875
81.5051751,50.3466796875,-46.7822265625,47.4658203125
81.5443785,50.9326171875,-44.6337890625,49.0771484375
81.5679716,50.7861328125,-44.0966796875,59.3798828125
81.5971164,50.7861328125,-43.3642578125,71.7333984375
81.6278023,51.1767578125,-42.1923828125,81.1083984375
81.6588848,51.7626953125,-42.2900390625,86.2353515625
81.6873732,51.9580078125,-41.8505859375,88.7744140625
81.731674,51.3720703125,-41.4599609375,90.6298828125
81.7473841,50.3955078125,-41.4111328125,91.8994140625
81.7818143,49.3701171875,-41.1181640625,91.1669921875
81.8095487,48.7841796875,-40.7763671875,90.3369140625
81.8382105,48.4423828125,-40.7763671875,89.0673828125
81.8651339,47.3193359375,-41.1181640625,88.5302734375
81.9028866,46.9287109375,-41.3623046875,86.8701171875
81.9256927,46.3916015625,-41.1181640625,86.3818359375
81.9604068,45.2685546875,-41.2646484375,83.5009765625
81.990339,45.5615234375,-41.7529296875,80.8154296875
82.0171633,46.7822265625,-42.1923828125,77.6416015625
82.0573578,47.9541015625,-42.7294921875,74.1748046875
82.0786645,49.3212890625,-43.8525390625,70.3173828125
82.1070485,50.2490234375,-44.3408203125,67.0458984375
82.1414185,51.3232421875,-44.9755859375,63.5302734375
82.1684113,51.9580078125,-45.7568359375,59.9658203125
82.2159021,52.8857421875,-45.8544921875,56.2548828125
82.2313594,52.8369140625,-46.7333984375,52.9345703125
82.2602007,53.0322265625,-44.6337890625,50.4931640625
82.2870825,53.4716796875,-43.6083984375,55.8642578125
82.3239993,53.8623046875,-42.7783203125,67.5341796875
82.3497571,54.1064453125,-42.5830078125,78.3251953125
82.400554,54.3017578125,-41.9482421875,85.6982421875
82.411513,53.9111328125,-41.9482421875,89.1650390625
82.4396955,52.6904296875,-41.5087890625,90.7275390625
82.4860545,52.5927734375,-41.6552734375,91.7529296875
82.5014896,51.5673828125,-41.1669921875,92.4853515625
82.5295401,50.6884765625,-40.7763671875,90.7763671875
82.5633059,50.0048828125,-41.2158203125,89.7021484375
82.5917525,48.9306640625,-40.7763671875,88.0908203125
82.6373874,48.9794921875,-41.0205078125,87.0654296875
82.6524328,48.5888671875,-41.3623046875,86.2841796875
82.6803106,48.1494140625,-41.8994140625,84.2822265625
82.7265682,46.6845703125,-42.3388671875,81.4013671875
82.7428335,47.6123046875,-42.6318359375,78.9599609375
82.7765287,47.7099609375,-43.5107421875,75.2490234375
82.8169544,49.0771484375,-43.3154296875,71.1962890625
82.8362574,50.4443359375,-44.7802734375,67.9736328125
82.8780124,51.1767578125,-45.3662109375,63.7744140625
82.897613,52.2998046875,-45.9033203125,61.7724609375
82.9245886,53.2763671875,-46.8798828125,57.8173828125
82.9658078,52.9345703125,-47.5634765625,54.3994140625
82.9872262,53.9111328125,-46.9775390625,49.9072265625
83.0113942,54.0087890625,-46.1474609375,50.4931640625
83.0613238,53.7646484375,-44.7802734375,57.8173828125
83.0751997,53.9111328125,-44.2919921875,68.8037109375
83.1191995,53.8134765625,-44.2431640625,77.3486328125
83.1396936,54.0087890625,-44.0966796875,81.2060546875
83.1802436,53.9599609375,-43.6572265625,82.7197265625
83.2001816,52.7392578125,-43.4619140625,82.5244140625
83.2374778,52.1533203125,-43.7060546875,82.5732421875
83.2588593,51.4697265625,-43.6083984375,80.8642578125
83.296619,49.8583984375,-44.1455078125,79.5458984375
83.3162729,49.5654296875,-43.7548828125,78.7158203125
83.3567067,48.5888671875,-42.9248046875,77.6416015625
83.3767159,47.5146484375,-44.4384765625,76.6162109375
83.4206637,47.3681640625,-45.1220703125,75.3955078125
83.4391524,46.5380859375,-46.0009765625,73.4423828125
83.4765653,45.4150390625,-45.9521484375,71.0009765625
83.4980701,45.5615234375,-45.9521484375,68.0712890625
83.5413153,46.0986328125,-47.1240234375,64.9951171875
83.5604281,48.0029296875,-46.9287109375,61.0888671875
83.6005888,48.8818359375,-48.1982421875,57.8173828125
83.6199088,50.0048828125,-48.9306640625,55.1806640625
83.6557404,50.3466796875,-49.5166015625,52.3974609375
83.6759437,50.8837890625,-49.2236328125,48.9794921875
83.7134247,51.7138671875,-48.0029296875,47.5634765625
83.7389151,51.9091796875,-46.6357421875,52.1533203125
83.7752086,51.8115234375,-45.7080078125,63.0908203125
83.7979954,52.4951171875,-45.8544921875,71.5380859375
83.8346877,52.2998046875,-44.7802734375,76.2744140625
83.8629769,52.2021484375,-45.0244140625,77.5927734375
83.8990133,51.7626953125,-44.3896484375,79.3505859375
83.9192401,51.1767578125,-44.1455078125,78.8134765625
83.9583062,50.3955078125,-44.5361328125,77.2509765625
83.9799685,49.1259765625,-44.3408203125,75.9814453125
84.0155044,47.7587890625,-43.9990234375,75.1025390625
84.0421666,47.3193359375,-44.0478515625,73.7841796875
84.0832034,46.7822265625,-44.1943359375,72.7099609375
84.1032874,47.1728515625,-45.1708984375,72.0263671875
84.1421653,46.1474609375,-45.0732421875,70.0244140625
84.1622288,44.8779296875,-45.6591796875,68.0224609375
84.1996938,45.1220703125,-45.7080078125,64.5556640625
84.2213812,45.0732421875,-45.9033203125,61.5771484375
84.2575487,47.1728515625,-46.0498046875,57.9638671875
84.2843752,47.8564453125,-46.9287109375,55.4736328125
84.319623,48.9794921875,-47.7587890625,52.5927734375
84.3405297,49.8583984375,-48.2958984375,49.3212890625
84.3769715,50.5908203125,-47.6123046875,46.4404296875
84.401697,51.2255859375,-46.6357421875,44.8779296875
84.4444843,51.6162109375,-45.4638671875,50.3955078125
84.4645447,52.2998046875,-44.7802734375,60.8447265625
84.5043767,52.0068359375,-43.7060546875,69.2431640625
84.5244648,52.2998046875,-43.2666015625,73.5888671875
84.5606258,52.8369140625,-43.0224609375,76.0791015625
84.5818119,52.5927734375,-42.1435546875,76.3232421875
84.6182695,51.9580078125,-41.9970703125,77.0068359375
84.6439351,51.5185546875,-42.0947265625,76.6650390625
84.6816901,50.2978515625,-41.6064453125,75.9326171875
84.7032415,49.2236328125,-41.7041015625,73.8818359375
84.7404313,48.0517578125,-42.1923828125,73.5400390625
84.7610249,48.1494140625,-41.7041015625,72.2705078125
84.7974866,47.3681640625,-42.0947265625,71.1474609375
84.8214305,46.2939453125,-41.9482421875,69.6337890625
84.8600626,46.2451171875,-42.8759765625,67.1435546875
84.8836019,46.2451171875,-42.7294921875,64.9951171875
84.920178,46.8310546875,-43.1689453125,61.6748046875
84.9418608,47.8076171875,-44.0478515625,58.7451171875
84.9785463,49.7119140625,-44.9267578125,55.5224609375
85.0022394,50.0048828125,-45.3173828125,51.5673828125
85.0380153,51.1279296875,-45.6591796875,49.2236328125
85.0648079,52.1044921875,-46.1474609375,45.7568359375
85.1030919,52.9833984375,-47.6611328125,42.3876953125
85.1275215,53.5693359375,-46.8310546875,39.5068359375
85.1597929,53.4228515625,-44.4873046875,40.1416015625
85.1816974,53.9111328125,-43.2666015625,48.1494140625
85.2230186,53.9111328125,-43.4130859375,57.5244140625
85.2454607,54.2041015625,-42.6806640625,64.5556640625
85.2864723,53.7158203125,-42.2412109375,68.5107421875
85.3181335,53.5693359375,-41.2646484375,69.4873046875
85.3341457,52.3974609375,-41.8017578125,69.7802734375
85.3709052,51.6650390625,-40.9716796875,70.9033203125
85.3946565,50.9814453125,-40.8251953125,69.6337890625
85.4330864,49.2236328125,-40.9716796875,68.1201171875
85.4572525,49.3212890625,-40.6787109375,67.2900390625
85.4950076,48.0517578125,-40.7275390625,66.9482421875
85.5151442,47.9052734375,-41.6552734375,65.5322265625
85.5537666,47.5634765625,-41.2158203125,64.1162109375
85.5762628,46.4892578125,-41.3623046875,61.8701171875
85.6137271,46.0498046875,-41.9970703125,59.8681640625
85.6383658,46.0498046875,-42.1435546875,57.3779296875
85.6759107,46.8310546875,-43.7060546875,54.6923828125
85.6981794,48.2958984375,-43.5595703125,51.5673828125
85.733109,48.5888671875,-44.3408203125,48.1005859375
85.7588133,50.1025390625,-45.1220703125,44.8291015625
85.7940553,51.0791015625,-46.3427734375,42.6806640625
85.817574,52.1044921875,-46.7333984375,39.5556640625
85.8561193,52.4951171875,-47.1728515625,36.7724609375
85.8788524,52.8369140625,-46.8798828125,33.3544921875
85.9139918,53.1298828125,-45.3173828125,34.5751953125
85.9365661,53.4716796875,-44.2431640625,40.7763671875
85.9750332,53.3251953125,-43.9013671875,49.4677734375
86.0038563,53.5205078125,-43.1201171875,55.2294921875
86.0415901,53.7646484375,-42.7783203125,58.1103515625
86.0617479,53.0810546875,-42.4365234375,58.0615234375
86.1001332,52.3486328125,-42.4853515625,58.5009765625
86.1203643,50.8837890625,-41.8994140625,58.4033203125
86.1574646,49.9072265625,-42.5341796875,58.1591796875
86.1788042,48.6376953125,-41.8505859375,56.5966796875
86.2164199,48.3935546875,-42.0458984375,55.5712890625
86.2400445,48.4423828125,-42.3876953125,54.7412109375
86.2787411,47.4169921875,-42.5341796875,53.9111328125
86.3005138,47.1728515625,-43.2177734375,52.0068359375
86.3399152,45.4638671875,-43.6572265625,50.5908203125
86.3617066,45.1220703125,-44.5849609375,49.2236328125
86.4042634,45.3662109375,-44.6337890625,45.8544921875
86.4202846,46.1962890625,-45.1220703125,42.9248046875
86.4582574,46.7822265625,-45.7568359375,40.6787109375
86.4819395,47.9052734375,-47.0751953125,37.2607421875
86.5188525,49.2724609375,-47.5146484375,34.5751953125
86.5435939,50.0048828125,-48.0029296875,32.1826171875
86.5806532,49.9072265625,-48.5888671875,29.9853515625
86.6067563,50.6396484375,-48.5888671875,26.6162109375
86.6446568,50.7861328125,-47.2216796875,25.0048828125
86.6612967,51.0302734375,-46.0986328125,28.9111328125
86.7007773,51.6162109375,-45.8056640625,36.3330078125
86.72223,51.4208984375,-45.2685546875,42.5341796875
86.7578609,51.1279296875,-44.8779296875,44.8779296875
86.7856637,50.7861328125,-44.3408203125,45.9521484375
86.8124461,50.2490234375,-44.8291015625,45.4638671875
86.8524076,50.2490234375,-44.3408203125,45.1708984375
86.87688,48.8818359375,-45.2197265625,44.2431640625
86.9154013,48.1982421875,-44.5361328125,42.1923828125
86.9386478,46.7822265625,-44.6337890625,41.6064453125
86.9672334,46.0986328125,-44.4384765625,40.5810546875
87.004732,45.7080078125,-45.2197265625,39.7509765625
87.0248295,44.9267578125,-45.5126953125,38.1884765625
87.0628587,43.9990234375,-46.0009765625,36.5771484375
87.0861392,43.2666015625,-46.1962890625,34.5751953125
87.1317772,43.1201171875,-46.9287109375,32.5732421875
87.1443637,42.9736328125,-47.4169921875,29.8388671875
87.1817543,43.8037109375,-48.1982421875,27.0068359375
87.2065903,45.2685546875,-48.1494140625,24.0771484375
87.2445323,46.6845703125,-49.2236328125,21.3916015625
87.269989,47.4169921875,-49.1259765625,19.2431640625
87.2968117,47.7099609375,-49.1748046875,15.9228515625
87.3245477,48.5888671875,-47.4169921875,14.3603515625
87.3617689,49.0283203125,-46.2939453125,18.4619140625
87.3853425,49.1748046875,-45.3173828125,25.1513671875
87.4214516,49.3701171875,-45.2197265625,31.4990234375
87.4494991,49.0283203125,-44.7314453125,34.6240234375
87.4773641,49.3701171875,-43.8525390625,35.1123046875
87.5127054,49.7607421875,-43.8037109375,35.1611328125
87.540697,48.8330078125,-43.5595703125,35.8935546875
87.5692618,47.9541015625,-43.4619140625,35.1123046875
87.6014359,47.2216796875,-43.5107421875,33.9892578125
87.6481927,46.1474609375,-43.6083984375,32.6220703125
87.6571042,45.3662109375,-43.5107421875,32.4267578125
87.697487,45.3173828125,-43.4130859375,31.4990234375
87.7172654,44.8779296875,-43.6572265625,30.3271484375
87.7545876,44.6826171875,-43.7060546875,28.5205078125
87.8037801,43.8525390625,-44.2919921875,27.3974609375
87.8096743,43.1689453125,-44.8291015625,24.5654296875
87.8364589,43.6083984375,-44.9267578125,22.4658203125
87.875954,44.7802734375,-45.4150390625,19.3408203125
87.8974227,46.1474609375,-45.9033203125,16.8994140625
87.9488319,47.4658203125,-46.4892578125,14.0185546875
87.9619446,47.9541015625,-47.0263671875,11.4794921875
87.9914813,48.3447265625,-46.4892578125,8.6962890625
88.0386105,49.2724609375,-44.8779296875,8.0615234375
88.0507919,50.1025390625,-43.6572265625,12.2607421875
88.0812728,49.9560546875,-42.7294921875,19.3408203125
88.1286642,50.5419921875,-42.3388671875,25.5419921875
88.1495983,50.0048828125,-41.8994140625,29.0576171875
88.1862328,50.6884765625,-40.7275390625,30.2783203125
88.2062367,50.8349609375,-40.4345703125,31.4501953125
88.2586288,50.9814453125,-40.5322265625,32.2802734375
88.2653361,50.5419921875,-40.2880859375,32.1826171875
88.3194056,49.5654296875,-39.6533203125,30.4248046875
88.320418,47.8076171875,-39.2138671875,30.8642578125
88.3547594,47.4169921875,-39.2626953125,29.8388671875
88.3981199,46.7822265625,-39.4091796875,29.3505859375
88.418225,46.4404296875,-40.1416015625,27.9345703125
88.4618414,45.4638671875,-40.6787109375,26.4697265625
88.481166,45.5126953125,-41.1669921875,24.8095703125
88.5223196,44.6337890625,-40.6787109375,22.7587890625
88.5424503,45.3662109375,-41.2646484375,20.3662109375
88.5868599,45.8544921875,-41.9482421875,17.4365234375
88.5957892,47.6611328125,-42.1435546875,15.1416015625
88.638926,48.4912109375,-41.8017578125,12.2607421875
88.6594819,49.1748046875,-43.7060546875,10.2587890625
88.6947493,50.1513671875,-43.6572265625,7.5732421875
88.716808,51.1279296875,-43.5107421875,5.4248046875
88.7624242,51.4697265625,-41.7041015625,5.9619140625
88.7744111,51.2744140625,-41.0205078125,12.0166015625
88.8198827,51.7138671875,-40.2392578125,19.5849609375
88.839408,52.0068359375,-39.3603515625,25.2978515625
88.8788846,52.0068359375,-39.2626953125,27.1044921875
88.8979789,52.8369140625,-38.2373046875,28.2763671875
88.9404338,52.8857421875,-38.6279296875,29.4970703125
88.9606851,52.2998046875,-37.6513671875,29.4970703125
88.9977586,51.0302734375,-37.8466796875,28.9111328125
89.0190384,50.4443359375,-38.1884765625,27.8857421875
89.0585014,48.7353515625,-37.7978515625,26.9091796875
89.0786884,48.8330078125,-37.4072265625,26.3232421875
89.1193966,47.5634765625,-38.4326171875,25.1513671875
89.1419341,47.0751953125,-38.2861328125,24.1748046875
89.1795706,46.1474609375,-39.1650390625,22.3193359375
89.198754,45.8056640625,-39.4580078125,20.2197265625
89.2409468,45.4150390625,-39.8486328125,18.1201171875
89.2612109,45.3173828125,-40.1904296875,15.6787109375
89.2992923,46.6845703125,-41.2646484375,13.3349609375
89.318587,48.2470703125,-42.0947265625,10.3564453125
89.3613699,49.4189453125,-42.5341796875,7.9150390625
89.3814529,50.6396484375,-43.3642578125,5.5712890625
89.4195179,50.8837890625,-43.9501953125,3.1787109375
89.4387043,52.0068359375,-43.8525390625,1.0791015625
89.4798728,51.9091796875,-42.3876953125,0.7861328125
89.5012722,52.2998046875,-41.9482421875,4.4970703125
89.5410053,52.6416015625,-40.5322265625,11.9189453125
89.5604461,52.8369140625,-40.6298828125,17.5341796875
89.6008347,53.1298828125,-40.1416015625,20.4638671875
89.6221817,52.7392578125,-39.8486328125,20.8544921875
89.6587255,52.9345703125,-39.8486328125,21.3916015625
89.6787902,51.9091796875,-40.2880859375,21.4404296875
89.7204197,50.8837890625,-40.3369140625,21.0498046875
89.7398055,49.7119140625,-40.1904296875,20.4150390625
89.7801559,48.1494140625,-40.0439453125,18.5595703125
89.8006985,47.7099609375,-39.8974609375,18.4619140625
89.8407802,46.5380859375,-40.3369140625,17.1923828125
89.8614572,46.1474609375,-41.0693359375,16.8994140625
89.8997974,45.7568359375,-42.2412109375,14.9462890625
89.923506,44.4384765625,-42.7294921875,13.0419921875
89.9590093,43.5107421875,-42.6318359375,10.9912109375
89.9811958,43.7548828125,-43.3154296875,8.7451171875
90.0172141,44.2919921875,-43.8525390625,6.3525390625
90.0437981,46.2939453125,-44.5361328125,4.7900390625
90.0792741,46.7333984375,-45.1220703125,1.6650390625
90.1040687,47.8076171875,-45.9521484375,0.1025390625
90.1398745,48.3935546875,-46.0986328125,-1.6552734375
90.1604415,49.0771484375,-44.9755859375,-4.0966796875
90.203974,49.1259765625,-43.4619140625,-0.5322265625
90.2251496,50.0537109375,-43.4130859375,5.9130859375
90.2625323,49.5654296875,-43.1201171875,12.1142578125
90.2827828,49.6630859375,-42.8271484375,14.7021484375
90.3206142,49.5166015625,-42.9736328125,15.4833984375
90.3465298,49.2236328125,-42.5830078125,14.8974609375
90.3816944,49.2724609375,-42.3876953125,15.7275390625
90.4019379,48.6376953125,-43.0712890625,14.7021484375
90.4543383,47.5634765625,-42.0947265625,13.8720703125
90.4743926,46.5380859375,-42.7294921875,12.9931640625
90.4928899,45.1708984375,-42.3876953125,12.4072265625
90.5240018,44.8779296875,-42.4853515625,11.9189453125
90.5602064,44.0478515625,-43.0224609375,11.5283203125
90.5832395,43.7548828125,-43.2177734375,10.1611328125
90.6268724,42.8271484375,-43.7548828125,8.7939453125
90.6570197,42.3388671875,-43.8525390625,6.6455078125
90.6939999,41.7041015625,-44.1943359375,5.1318359375
90.7061049,42.5341796875,-45.3173828125,3.0810546875
90.7405167,43.3642578125,-45.9033203125,1.7626953125
90.7638493,45.4638671875,-46.3427734375,-0.3857421875
90.8018163,45.4150390625,-46.5869140625,-2.7294921875
90.8269382,45.9521484375,-44.5849609375,-3.9013671875
90.8672107,46.6357421875,-43.9501953125,-1.0693359375
90.8887041,47.2705078125,-42.5341796875,5.3759765625
90.9352826,47.0751953125,-42.3388671875,10.8935546875
90.9554812,47.5634765625,-41.8017578125,14.9462890625
90.9950851,47.4169921875,-40.7275390625,16.2646484375
91.0071596,47.4658203125,-40.5322265625,17.1923828125
91.0419122,48.0029296875,-40.6787109375,17.7294921875
91.0674142,48.1005859375,-40.6787109375,18.2666015625
91.1070509,47.4658203125,-40.2392578125,17.3876953125
91.1286284,46.6357421875,-39.9951171875,16.3134765625
91.1642843,45.5126953125,-39.9462890625,16.4111328125
91.189094,44.5849609375,-40.2392578125,16.4599609375
91.2293228,44.3896484375,-40.1416015625,16.1181640625
91.2495413,43.6572265625,-40.9228515625,15.6787109375
91.2874731,43.1201171875,-41.1669921875,14.1162109375
91.3073528,42.1923828125,-41.1669921875,12.6025390625
91.3446319,42.1435546875,-41.8994140625,10.7470703125
91.3686253,42.7294921875,-42.0947265625,8.7451171875
91.4052877,43.8037109375,-42.0947265625,6.9384765625
91.4277303,45.4638671875,-43.0224609375,4.8388671875
91.469625,46.4892578125,-43.4130859375,3.0810546875
91.4897086,46.5380859375,-43.8037109375,-0.2392578125
91.5273008,47.6123046875,-43.0224609375,-1.0693359375
91.5507608,48.1982421875,-41.6552734375,2.8369140625
91.5885377,49.3212890625,-40.5810546875,9.8681640625
91.611477,49.0283203125,-40.5322265625,16.0693359375
91.6477745,49.8583984375,-39.1650390625,19.4873046875
91.6732362,49.5166015625,-38.5302734375,22.6123046875
91.7127142,49.8095703125,-38.4814453125,24.6630859375
91.7337722,49.7119140625,-37.1630859375,25.4931640625
91.7712501,50.3466796875,-37.6513671875,26.7626953125
91.7914103,48.8818359375,-37.2119140625,26.8115234375
91.828276,48.8818359375,-37.3095703125,26.3232421875
91.8536426,47.4169921875,-37.3583984375,26.5673828125
91.8881967,46.8310546875,-36.9189453125,25.9326171875
91.9119468,46.0009765625,-37.3095703125,26.0791015625
91.9502245,44.7802734375,-37.7978515625,25.4443359375
91.9728014,44.3408203125,-37.4560546875,23.9794921875
92.0084633,43.7548828125,-38.4326171875,23.1494140625
92.0328843,43.1201171875,-38.7744140625,22.2216796875
92.071072,44.0478515625,-39.4580078125,20.1220703125
92.0937731,45.2197265625,-39.0185546875,17.9736328125
92.1323207,46.5380859375,-40.4833984375,16.5087890625
92.1523516,47.7099609375,-41.1181640625,14.8486328125
92.1885517,48.2958984375,-40.8740234375,12.9931640625
92.2164881,49.4677734375,-41.2158203125,10.3564453125
92.2526942,50.0537109375,-39.7998046875,11.1865234375
92.2749888,50.6884765625,-38.7744140625,15.9716796875
92.3164813,51.2255859375,-37.7490234375,23.3935546875
92.3340333,51.2744140625,-37.3095703125,29.1064453125
92.3705079,51.4697265625,-36.9189453125,31.8896484375
92.3940223,51.0302734375,-36.8212890625,34.1845703125
92.4334261,51.3720703125,-35.4541015625,35.6494140625
92.4553601,52.0556640625,-35.5029296875,36.8701171875
92.4933406,51.3232421875,-35.9423828125,37.3583984375
92.5170042,51.1279296875,-35.2587890625,36.8701171875
92.5535888,49.2724609375,-35.7470703125,36.6259765625
92.5737468,48.6865234375,-35.7470703125,36.7724609375
92.6117268,47.3681640625,-36.1376953125,35.8935546875
92.6354603,46.4404296875,-37.1142578125,35.1611328125
92.6694252,46.4892578125,-37.4560546875,34.5263671875
92.6965295,45.4150390625,-37.2607421875,33.0615234375
92.7475975,44.4384765625,-38.6279296875,31.9384765625
92.7584259,44.7314453125,-38.8720703125,29.9853515625
92.7883705,45.3662109375,-39.9462890625,27.7392578125
92.8170761,46.2939453125,-39.9951171875,26.1279296875
92.8565472,48.0029296875,-40.9228515625,24.1259765625
92.8766145,48.9794921875,-41.9482421875,21.8798828125
92.9139902,50.1513671875,-42.1435546875,20.7080078125
92.9372896,50.7861328125,-42.4853515625,18.5595703125
92.9674902,51.5673828125,-41.0693359375,17.6806640625
92.9999696,51.5673828125,-39.9951171875,22.0751953125
93.0474536,52.1533203125,-39.7021484375,28.8623046875
93.0686102,52.0556640625,-39.6533203125,34.3310546875
93.0875524,52.2509765625,-39.0673828125,36.8212890625
93.1243896,51.8115234375,-38.4326171875,38.3349609375
93.1475328,51.4697265625,-38.2373046875,38.7255859375
93.1811477,51.7138671875,-38.4814453125,38.2861328125
93.2089221,51.0302734375,-38.4326171875,38.0419921875
93.2374587,49.7119140625,-38.5791015625,37.5537109375
93.2898583,48.3935546875,-38.7744140625,36.4306640625
93.308983,47.8076171875,-38.5302734375,36.6259765625
93.3298889,46.8310546875,-39.5068359375,35.9912109375
93.3591208,46.0498046875,-40.5322265625,34.9169921875
93.3911684,45.3662109375,-40.1904296875,34.1845703125
93.4213225,44.6826171875,-40.5810546875,32.5732421875
93.4511262,43.9501953125,-40.9228515625,30.7177734375
93.4809651,43.1201171875,-41.7041015625,27.8857421875
93.5123911,43.4619140625,-42.9248046875,26.3232421875
93.5581832,43.8037109375,-42.7294921875,24.2724609375
93.578512,46.0009765625,-43.8037109375,21.2939453125
93.6004334,46.0986328125,-44.4873046875,19.8779296875
93.6327219,46.7822265625,-44.3896484375,18.1689453125
93.6603609,47.9541015625,-42.8271484375,17.6318359375
93.6913321,48.3447265625,-42.0947265625,21.7822265625
93.720511,48.5400390625,-42.0458984375,27.4951171875
93.7542387,48.5400390625,-41.2646484375,31.9873046875
93.8062338,48.4912109375,-40.4345703125,33.3056640625
93.8276312,48.5400390625,-39.9951171875,33.3056640625
93.841957,48.0029296875,-39.9462890625,33.4033203125
93.900605,48.3935546875,-40.2880859375,33.4033203125
93.9016187,47.9541015625,-40.3369140625,31.9384765625
93.9340235,47.2705078125,-40.3369140625,31.1572265625
93.980697,45.8056640625,-40.5810546875,30.1806640625
94.0093151,45.1220703125,-40.6787109375,29.3994140625
94.0231596,44.0478515625,-40.3857421875,29.2529296875
94.0733049,43.8037109375,-40.6787109375,27.7880859375
94.1047244,43.6572265625,-41.4111328125,26.5185546875
94.1161774,42.4853515625,-41.3623046875,25.0537109375
94.1650931,41.3623046875,-42.0947265625,22.1728515625
94.1862584,41.5087890625,-42.1435546875,20.0244140625
94.2219678,41.5576171875,-43.6572265625,17.6806640625
94.2369242,43.1201171875,-43.9013671875,15.6298828125
94.2788875,44.2919921875,-44.9755859375,13.6767578125
94.306107,44.9755859375,-43.8037109375,11.5771484375
94.3441732,45.5615234375,-43.3154296875,11.1376953125
94.3563256,45.7080078125,-41.9482421875,13.8720703125
94.4015242,46.8310546875,-42.2412109375,19.9755859375
94.4228765,46.8798828125,-41.0205078125,23.0517578125
94.462601,47.1240234375,-40.2880859375,24.7119140625
94.4839499,47.0751953125,-40.1904296875,24.4677734375
94.5213751,47.7099609375,-39.7021484375,24.7607421875
94.5429168,47.7587890625,-40.2392578125,24.9560546875
94.580981,48.0517578125,-39.6533203125,24.8583984375
94.6034771,48.2470703125,-39.7509765625,22.7587890625
94.6414696,47.4169921875,-39.6533203125,21.7822265625
94.6625132,46.9287109375,-39.2138671875,21.6845703125
94.7001122,44.8291015625,-39.6044921875,19.9755859375
94.7280092,44.2431640625,-39.6533203125,19.0478515625
94.7650418,43.7060546875,-39.9951171875,17.4853515625
94.7910866,43.3154296875,-41.1181640625,15.7275390625
94.80579,42.9736328125,-41.2646484375,13.8232421875
94.8483865,41.7041015625,-42.4853515625,11.2841796875
94.8683591,42.3876953125,-43.0224609375,9.7216796875
94.9169267,43.1201171875,-43.1689453125,6.9384765625
94.9357855,44.3408203125,-43.9990234375,5.5712890625
94.9729237,45.5615234375,-44.4384765625,3.0810546875
94.9939081,46.8310546875,-44.7802734375,1.2744140625
95.0346544,47.1240234375,-42.9248046875,0.0048828125
95.0545618,47.7099609375,-42.0947265625,3.4716796875
95.0929943,47.8076171875,-41.3134765625,8.7451171875
95.1145697,48.1494140625,-41.3134765625,11.7724609375
95.1522461,48.8818359375,-40.5322265625,13.4326171875
95.1714726,48.4423828125,-39.9951171875,12.7490234375
95.2077231,49.1259765625,-39.7998046875,13.3837890625
95.2319305,49.2236328125,-39.9951171875,13.5791015625
95.2687659,49.2236328125,-39.4580078125,12.8466796875
95.2880064,48.8330078125,-39.9951171875,10.7958984375
95.3332825,47.6123046875,-40.2392578125,9.7216796875
95.3527485,46.9775390625,-40.5810546875,9.9658203125
95.3878282,45.6103515625,-40.4833984375,8.1591796875
95.4117026,44.0478515625,-41.2646484375,8.3544921875
95.4519896,44.0966796875,-40.7275390625,7.0849609375
95.4733544,42.9248046875,-41.6064453125,5.8642578125
95.5141239,42.2412109375,-41.9482421875,2.9345703125
95.5344852,41.5087890625,-43.1201171875,2.4462890625
95.5722116,41.6552734375,-43.7548828125,-0.4833984375
95.5919177,42.9248046875,-44.4384765625,-1.3623046875
95.6296626,43.7548828125,-45.2685546875,-3.7548828125
95.6548406,45.4150390625,-45.6591796875,-5.5126953125
95.6965831,46.2451171875,-46.8310546875,-7.7099609375
95.7179734,47.0263671875,-48.0517578125,-10.1513671875
95.7577915,47.7587890625,-46.5380859375,-11.1767578125
95.7778353,47.8076171875,-45.2197265625,-9.3701171875
95.8151768,47.8564453125,-44.8779296875,-4.4384765625
95.8342847,47.7587890625,-44.2431640625,0.2978515625
95.8721461,48.3935546875,-44.3896484375,2.5439453125
95.8957997,48.9306640625,-44.5361328125,3.0322265625
95.9364104,48.4912109375,-44.1943359375,2.9833984375
95.9576344,48.3447265625,-44.4873046875,3.4716796875
95.9961487,48.2958984375,-44.7314453125,3.0810546875
96.0161048,47.7099609375,-44.6337890625,3.0810546875
96.0513919,45.8056640625,-44.7314453125,1.8115234375
96.0760876,45.4150390625,-45.3173828125,1.5185546875
96.11397,44.2919921875,-45.5126953125,1.1767578125
96.1375928,42.9248046875,-46.7822265625,0.7861328125
96.1749025,42.6318359375,-46.9775390625,0.4443359375
96.1952299,42.2412109375,-47.4658203125,-0.8251953125
96.2345856,40.7763671875,-48.0029296875,-2.1435546875
96.2562784,40.4833984375,-48.9306640625,-3.5595703125
96.2932297,39.9462890625,-49.6142578125,-4.4873046875
96.318037,40.4345703125,-50.0537109375,-6.7822265625
96.3700292,40.9716796875,-51.3720703125,-7.9052734375
96.3891888,42.7294921875,-51.8603515625,-9.9072265625
96.4072464,43.6083984375,-52.7392578125,-10.7373046875
96.4455831,44.5361328125,-52.7880859375,-12.2998046875
96.4685973,45.3173828125,-51.3232421875,-13.3740234375
96.5098535,46.3427734375,-50.0048828125,-9.1259765625
96.5410261,46.6357421875,-50.2978515625,-4.2431640625
96.5585601,46.5380859375,-50.3955078125,-0.6298828125
96.5952309,46.0009765625,-50.1025390625,2.3974609375
96.6167623,46.4404296875,-49.8095703125,2.2998046875
96.6649303,46.3916015625,-50.2001953125,2.2998046875
96.6852415,46.0498046875,-49.9560546875,2.9345703125
96.7275221,46.0009765625,-50.0048828125,2.4951171875
96.7606867,45.1220703125,-50.1513671875,1.5673828125
96.7670162,43.9013671875,-50.5908203125,1.1279296875
96.8031428,43.7548828125,-51.1279296875,1.4208984375
96.8288552,42.2412109375,-51.4208984375,0.6884765625
96.8661972,41.0205078125,-51.3232421875,1.0791015625
96.8885727,40.1416015625,-52.2998046875,0.3466796875
96.9344001,39.8486328125,-52.8857421875,-0.4345703125
96.9657859,39.9951171875,-52.8857421875,-1.8017578125
96.980326,38.2373046875,-53.5693359375,-3.0712890625
97.0178127,38.3349609375,-54.7900390625,-4.5849609375
97.0413807,39.0673828125,-55.0830078125,-5.6591796875
97.0888099,40.1416015625,-55.6689453125,-7.2705078125
97.1089899,41.2646484375,-55.8154296875,-7.8564453125
97.1450843,42.1923828125,-53.9599609375,-9.3212890625
97.1601423,42.4853515625,-53.6669921875,-6.0986328125
97.2001706,43.0712890625,-52.7880859375,-1.0205078125
97.2204475,44.1943359375,-52.7392578125,3.9599609375
97.2582864,44.0478515625,-52.3486328125,6.3525390625
97.2836623,44.4873046875,-51.9091796875,7.5244140625
97.3256807,44.8291015625,-51.8115234375,8.0126953125
97.3418656,44.8291015625,-51.5673828125,9.0380859375
97.3787929,44.8291015625,-51.8115234375,9.4287109375
97.4033618,44.9267578125,-52.1044921875,8.3056640625
97.4426513,45.3662109375,-51.5185546875,8.6474609375
97.4628942,43.9013671875,-52.0556640625,8.8427734375
97.5031602,42.7294921875,-51.7626953125,8.8427734375
97.5246988,41.0693359375,-52.8369140625,8.3056640625
97.5623136,40.5810546875,-52.6904296875,7.9150390625
97.5924727,40.5810546875,-53.2275390625,6.0595703125
97.617131,40.0439453125,-54.1064453125,4.8876953125
97.6545085,39.3115234375,-54.0087890625,3.6669921875
97.6731907,39.1650390625,-54.6923828125,2.2509765625
97.7116576,39.6044921875,-54.9853515625,1.3720703125
97.7323892,40.4345703125,-56.1572265625,0.2001953125
97.7698485,42.3876953125,-55.9130859375,-1.7529296875
97.7948061,43.9013671875,-57.1337890625,-4.1943359375
97.8322667,44.8291015625,-56.0107421875,-5.3173828125
97.8582726,45.2685546875,-53.8623046875,-3.9990234375
97.8852432,45.9033203125,-53.2275390625,2.7880859375
97.9241637,46.0986328125,-53.0810546875,7.6708984375
97.9474506,46.2939453125,-53.2275390625,11.4794921875
97.9844654,46.8798828125,-52.7880859375,12.7001953125
98.0051701,46.0009765625,-52.0068359375,13.5302734375
98.0416008,46.4404296875,-52.0068359375,14.2626953125
98.0653153,46.2451171875,-51.9580078125,15.3857421875
98.1031305,46.7822265625,-51.6650390625,14.5068359375
98.1274084,46.1962890625,-51.9580078125,14.4091796875
98.165038,44.9267578125,-51.4697265625,14.1650390625
98.1875942,43.8525390625,-51.3720703125,14.0673828125
98.2169729,43.2177734375,-51.6650390625,12.9931640625
98.2499653,43.0224609375,-52.6416015625,12.9443359375
98.2873149,41.8994140625,-52.4462890625,13.0908203125
98.3080882,41.4111328125,-53.0322265625,10.8935546875
98.3468362,40.2880859375,-53.1787109375,9.1845703125
98.3680391,39.2626953125,-54.5947265625,8.1103515625
98.4042486,39.7509765625,-54.5947265625,6.4013671875
98.4299947,40.6787109375,-55.4248046875,4.4482421875
98.4603909,42.4365234375,-56.2548828125,2.8369140625
98.4868148,43.8525390625,-56.9873046875,1.5673828125
98.5252007,43.9501953125,-58.1103515625,-0.7275390625
98.5484499,45.5126953125,-56.8408203125,-2.5341796875
98.5850849,45.9521484375,-55.0341796875,-3.5107421875
98.6111814,46.7822265625,-54.5947265625,0.9326171875
98.640613,46.9287109375,-53.7646484375,6.2060546875
98.6717976,46.1962890625,-53.0810546875,12.0166015625
98.702111,46.7333984375,-53.4228515625,13.9697265625
98.7303111,47.1728515625,-52.7392578125,15.0927734375
98.7799383,47.0751953125,-52.9833984375,15.6787109375
98.7928029,47.0263671875,-52.5927734375,16.1181640625
98.8208798,46.2939453125,-52.8369140625,15.6787109375
98.8715032,46.0009765625,-53.0810546875,15.1416015625
98.880081,44.5361328125,-52.4462890625,15.4345703125
98.9155013,43.7548828125,-53.5205078125,15.1416015625
98.9589052,41.9482421875,-53.3740234375,14.7509765625
98.9708815,40.9716796875,-53.9111328125,15.2880859375
99.0207468,40.5322265625,-53.7646484375,13.5302734375
99.0309886,40.0439453125,-54.3505859375,12.4560546875
99.0623849,38.9208984375,-54.6923828125,11.0888671875
99.0933105,38.0419921875,-55.2783203125,9.7216796875
99.1219101,37.8955078125,-55.7177734375,8.2080078125
99.1542217,38.0419921875,-56.3037109375,5.8642578125
99.203117,38.7744140625,-57.6220703125,4.7900390625
99.2130689,40.0439453125,-58.2568359375,2.5439453125
99.2589786,41.0205078125,-58.5986328125,1.3232421875
99.2793384,42.3388671875,-58.4521484375,-0.9228515625
99.3196429,42.8271484375,-56.6943359375,-2.0458984375
99.3358333,42.9736328125,-55.4248046875,1.8115234375
99.3816373,43.2177734375,-55.6201171875,8.1103515625
99.3921117,44.2431640625,-55.5712890625,13.6767578125
99.4397083,43.8525390625,-54.9365234375,15.6298828125
99.4682256,43.5595703125,-54.6923828125,15.8740234375
99.4870322,43.8037109375,-54.6435546875,15.9228515625
99.533822,43.6572265625,-54.6923828125,16.6552734375
99.542796,42.8271484375,-54.8876953125,16.0205078125
99.5931872,42.1923828125,-55.0830078125,14.5556640625
99.6041603,41.0693359375,-55.0341796875,14.2138671875
99.6517398,39.7998046875,-55.0830078125,14.0673828125
99.6719755,38.8232421875,-54.8876953125,13.9208984375
99.7084985,38.1396484375,-55.4248046875,13.4326171875
99.7306476,37.4072265625,-56.0595703125,13.2373046875
99.7815812,36.4306640625,-56.3037109375,11.7236328125
99.8023655,36.1865234375,-57.0849609375,10.1123046875
99.820287,34.9169921875,-57.6220703125,7.7685546875
99.8646352,34.6728515625,-58.1103515625,6.2060546875
99.8839466,34.5751953125,-58.3056640625,5.1318359375
99.9193984,35.5029296875,-59.2822265625,3.4716796875
99.9407676,37.3583984375,-59.2822265625,1.4697265625
99.9814035,38.1396484375,-57.3291015625,0.2001953125
100.0031005,39.1650390625,-56.4990234375,2.4462890625
100.0406021,39.3115234375,-55.2783203125,9.0869140625
100.0605456,40.4833984375,-55.0341796875,14.9462890625
100.1051702,39.7998046875,-54.6435546875,17.9736328125
100.1245129,40.3857421875,-54.0576171875,18.6083984375
100.1627929,40.3857421875,-53.7158203125,19.1943359375
100.1818468,40.3369140625,-53.4228515625,19.1943359375
100.2185599,40.1416015625,-53.2275390625,18.9013671875
100.2414329,40.0439453125,-53.6669921875,18.9990234375
100.2803681,39.9951171875,-53.1787109375,18.8037109375
100.3004562,39.5556640625,-52.7880859375,18.2666015625
100.3473124,38.2373046875,-53.0810546875,17.3876953125
100.3693038,37.1630859375,-52.6904296875,17.9248046875
100.4060099,35.6494140625,-53.5693359375,16.7041015625
100.4219094,35.4052734375,-53.7646484375,15.2880859375
100.4616714,34.5263671875,-54.2529296875,13.6767578125
100.4821659,34.1357421875,-54.7412109375,11.7236328125
100.5207245,33.6474609375,-54.7900390625,10.7958984375
100.543083,33.6474609375,-55.5712890625,8.6962890625
100.5791279,33.9892578125,-55.8154296875,6.8896484375
100.5992682,35.7470703125,-55.7177734375,4.5947265625
100.6425916,36.8701171875,-54.0087890625,2.5439453125
100.6644248,37.7978515625,-52.5927734375,5.5224609375
100.7006203,39.0185546875,-52.3486328125,10.5517578125
100.7241613,39.3115234375,-50.7373046875,17.9248046875
100.7647132,39.7998046875,-49.5166015625,22.5634765625
100.7860776,39.6044921875,-49.4189453125,24.5654296875
100.825601,39.6044921875,-48.3935546875,25.1025390625
100.8467219,39.3115234375,-48.1982421875,26.9580078125
100.8831828,39.2626953125,-48.0517578125,26.5673828125
100.9042939,40.2392578125,-48.1005859375,26.0791015625
100.943037,40.0927734375,-47.5146484375,25.8349609375
100.9623703,39.9951171875,-47.7099609375,25.3466796875
100.998912,39.3603515625,-47.9052734375,25.0048828125
101.0226385,38.2861328125,-47.8076171875,24.2724609375
101.0592019,37.3583984375,-47.2216796875,24.0771484375
101.0849719,35.9423828125,-47.1240234375,22.6611328125
101.1203821,35.5517578125,-47.9052734375,21.6357421875
101.146554,35.0634765625,-48.5888671875,19.7314453125
101.1858216,33.4521484375,-49.0283203125,17.0947265625
101.2058609,34.1357421875,-49.3212890625,14.9462890625
101.2418516,34.8681640625,-50.0048828125,13.0908203125
101.2633957,35.6005859375,-50.0048828125,11.7724609375
101.2997708,37.8955078125,-49.9560546875,8.2568359375
101.327059,38.5302734375,-48.0029296875,6.9873046875
101.3668407,39.9462890625,-46.6357421875,10.9423828125
101.3881342,41.2646484375,-45.4150390625,18.0712890625
101.4303771,41.5087890625,-44.9755859375,24.4189453125
101.449277,41.5576171875,-43.8037109375,28.7646484375
101.4860878,41.4111328125,-43.4619140625,29.5947265625
101.5073957,41.6552734375,-42.7294921875,31.5478515625
101.5427916,41.9482421875,-42.8271484375,31.9384765625
101.5671777,41.4111328125,-42.3876953125,31.3525390625
101.6037716,41.8505859375,-42.3876953125,31.6455078125
101.6283827,41.8505859375,-41.7041015625,30.5712890625
101.6678156,41.5576171875,-40.4833984375,30.7666015625
101.6892941,40.6298828125,-41.9482421875,29.0087890625
101.7260626,39.7021484375,-42.9736328125,28.8134765625
101.7471535,38.1396484375,-43.1201171875,28.3251953125
101.7880224,37.4560546875,-42.7294921875,26.7138671875
101.8095498,37.2607421875,-43.5107421875,24.9072265625
101.848851,36.4306640625,-44.3408203125,22.9541015625
101.8687244,35.8447265625,-44.8779296875,20.1708984375
101.9051301,35.4052734375,-45.3662109375,17.8759765625
101.9275263,35.6982421875,-46.1962890625,15.6298828125
101.9648353,37.6513671875,-47.1728515625,13.2861328125
101.9903753,39.4091796875,-47.1728515625,11.1376953125
102.0277091,40.2880859375,-47.5634765625,8.4521484375
102.0506263,41.1181640625,-45.7568359375,6.4013671875
102.087706,43.0224609375,-44.0478515625,8.6962890625
102.1067809,42.0458984375,-43.8525390625,14.7998046875
102.1442991,42.1923828125,-42.9248046875,22.4169921875
102.1686875,42.7294921875,-42.5341796875,27.3486328125
102.2067555,42.2900390625,-42.2412109375,29.3994140625
102.2304631,42.4365234375,-41.6064453125,29.4970703125
102.2687086,42.2412109375,-41.5576171875,28.8134765625
102.2914386,42.3876953125,-41.7041015625,29.1552734375
102.3305944,42.5341796875,-42.0947265625,28.5693359375
102.3530119,41.6552734375,-41.8017578125,27.0068359375
102.389294,40.6787109375,-41.8017578125,27.2509765625
102.4106495,39.6533203125,-41.9970703125,26.7626953125
102.448339,38.5791015625,-42.5341796875,26.3232421875
102.471529,37.8466796875,-42.9248046875,24.8583984375
102.5104769,36.8701171875,-44.1943359375,23.0029296875
102.5333453,36.2841796875,-44.0966796875,22.4658203125
102.5700004,35.6005859375,-44.7802734375,19.7802734375
102.5912029,34.5263671875,-46.2451171875,18.4130859375
102.630272,33.8916015625,-46.3916015625,15.6787109375
102.6508773,34.8681640625,-46.8798828125,14.0185546875
102.6860613,35.4052734375,-48.1005859375,10.8447265625
102.7146875,37.5048828125,-48.6865234375,8.1591796875
102.7542025,37.7001953125,-46.6845703125,6.4013671875
102.774311,38.8720703125,-45.2685546875,8.7451171875
102.8117577,39.8486328125,-44.6826171875,15.7763671875
102.8330814,39.6044921875,-44.3408203125,22.8564453125
102.869728,40.4345703125,-43.7548828125,26.7138671875
102.894095,39.5068359375,-44.1455078125,28.4716796875
102.9456953,39.5556640625,-43.1201171875,28.8623046875
102.9647765,40.0439453125,-43.9501953125,28.3251953125
102.985143,40.2392578125,-43.6083984375,28.4228515625
103.0238456,40.0927734375,-43.4619140625,26.4697265625
103.0533117,40.1904296875,-43.9013671875,26.0302734375
103.0748865,39.3603515625,-43.9013671875,25.5908203125
103.112428,38.5791015625,-43.9501953125,24.7119140625
103.1355569,37.4072265625,-44.8291015625,24.7119140625
103.1737415,36.5283203125,-45.0732421875,23.0517578125
103.1978335,35.4541015625,-45.9033203125,22.1240234375
103.2264768,35.2099609375,-45.5615234375,20.3662109375
103.2654423,34.6728515625,-47.0263671875,18.3154296875
103.2886025,33.4521484375,-47.1240234375,15.9716796875
103.3288734,33.1103515625,-47.9052734375,13.7744140625
103.349433,33.5498046875,-48.3935546875,11.5771484375
103.3880601,34.3798828125,-48.0517578125,9.3310546875
103.40713,35.6494140625,-45.8544921875,8.1103515625
103.4440017,36.9189453125,-44.5361328125,12.6025390625
103.4678228,37.3095703125,-44.0966796875,20.0244140625
103.5042348,38.2373046875,-43.6572265625,27.7392578125
103.5292172,37.9443359375,-43.3154296875,30.6201171875
103.5579191,38.6767578125,-42.1435546875,31.7431640625
103.5943898,38.7744140625,-42.4853515625,33.3544921875
103.6201437,38.3349609375,-42.4365234375,33.0126953125
103.6571645,38.9208984375,-42.9248046875,33.0615234375
103.6801491,39.8974609375,-42.4365234375,32.3291015625
103.709385,39.6044921875,-42.5830078125,31.9384765625
103.7378038,39.2626953125,-42.3876953125,32.0361328125
103.7742791,38.2861328125,-42.7294921875,31.1083984375
103.8002119,37.1630859375,-42.4853515625,30.2294921875
103.8320176,36.3818359375,-42.9736328125,29.0087890625
103.8608481,35.4541015625,-43.6083984375,28.1298828125
103.898089,35.2099609375,-43.3642578125,25.5908203125
103.9211548,34.7705078125,-44.4384765625,23.4423828125
103.9581784,34.2333984375,-44.4873046875,21.3916015625
103.9774825,33.6474609375,-45.7568359375,18.7548828125
104.0136946,34.4287109375,-46.6357421875,16.3134765625
104.0422186,35.3564453125,-45.9521484375,14.2626953125
104.0688834,36.9189453125,-43.9013671875,12.8466796875
104.1069447,38.1396484375,-42.5341796875,17.4853515625
104.1315863,39.1162109375,-41.5576171875,26.1279296875
104.1606766,39.7021484375,-40.9228515625,33.5009765625
104.1979448,40.8251953125,-40.5810546875,36.8701171875
104.2220634,39.7998046875,-39.5556640625,40.3369140625
104.2540997,39.9951171875,-39.4091796875,40.4833984375
104.2839267,40.8251953125,-39.5556640625,42.2900390625
104.3099526,41.3623046875,-39.5068359375,42.0947265625
104.348701,41.5576171875,-39.6533203125,41.7041015625
104.3719229,41.5087890625,-39.3115234375,41.5087890625
104.4192181,41.4111328125,-39.2138671875,40.7275390625
104.434854,40.5810546875,-39.7021484375,40.3857421875
104.4638107,40.4345703125,-39.8486328125,39.4091796875
104.4962742,39.1162109375,-39.8974609375,38.7744140625
104.5410339,38.2861328125,-40.5322265625,36.9189453125
104.5522182,37.6025390625,-40.4833984375,34.8193359375
104.602325,36.9677734375,-41.3623046875,32.1337890625
104.6158427,36.7236328125,-42.1435546875,29.1064453125
104.6590454,36.3330078125,-42.2412109375,26.9091796875
104.6794115,36.7724609375,-43.7548828125,24.3212890625
104.7195139,37.8466796875,-43.9501953125,21.3427734375
104.7324455,39.2626953125,-43.0712890625,19.9755859375
104.7665252,40.6787109375,-40.7275390625,18.6083984375
104.8167715,42.2900390625,-40.3369140625,24.7119140625
104.8468968,42.6806640625,-39.9462890625,33.5009765625
104.8548896,43.4130859375,-39.0673828125,39.7021484375
104.8854952,43.6572265625,-38.8720703125,43.2177734375
104.931506,43.6083984375,-38.0908203125,44.2919921875
104.9477702,43.9501953125,-37.3583984375,45.2685546875
104.9911181,44.0966796875,-37.8466796875,45.1708984375
105.012755,44.4873046875,-37.1142578125,45.2197265625
105.0364073,44.3408203125,-37.9931640625,43.8525390625
105.0806365,44.6337890625,-37.8466796875,43.2666015625
105.1007686,43.9990234375,-37.7001953125,42.0947265625
105.1256182,43.4619140625,-38.0419921875,41.1181640625
105.1716659,42.1435546875,-38.5302734375,39.8974609375
105.1929097,41.2646484375,-38.8720703125,37.7001953125
105.2307436,40.4345703125,-39.6533203125,35.6494140625
105.2490039,39.7021484375,-40.5810546875,33.5009765625
105.2777436,39.0673828125,-41.0205078125,30.3271484375
105.322672,38.2861328125,-41.4599609375,28.0322265625
105.3423165,38.2861328125,-42.3876953125,25.3955078125
105.3825315,38.9208984375,-44.2919921875,22.6123046875
105.3995365,40.1904296875,-44.3408203125,20.1220703125
105.4403653,41.8505859375,-44.9267578125,17.5341796875
105.4604136,43.2666015625,-43.2666015625,14.3115234375
105.5029961,43.9990234375,-42.2900390625,16.2158203125
105.5255858,44.8291015625,-41.2158203125,23.1494140625
105.5519773,44.7802734375,-41.1669921875,30.8642578125
105.5936431,45.1220703125,-40.9716796875,35.1123046875
105.6157691,45.2685546875,-40.3369140625,36.6748046875
105.6532736,45.3662109375,-39.9951171875,37.8955078125
105.6741154,45.3662109375,-40.7763671875,37.4560546875
105.710637,45.5615234375,-40.3369140625,36.9189453125
105.7311182,45.7080078125,-40.4345703125,35.6982421875
105.7723493,45.5615234375,-40.8251953125,34.5751953125
105.7923442,45.1708984375,-40.3857421875,33.0126953125
105.8292696,43.9501953125,-41.7041015625,31.9873046875
105.8487626,43.1689453125,-41.8017578125,31.6455078125
105.8923979,42.3388671875,-42.5341796875,30.5224609375
105.9142288,41.4599609375,-43.0712890625,28.3740234375
105.9502472,40.5810546875,-43.7548828125,25.9814453125
105.9736508,39.8974609375,-44.3896484375,23.3935546875
106.0101177,38.7744140625,-45.3173828125,21.6357421875
106.0302948,37.8955078125,-46.2939453125,18.6083984375
106.0675012,37.7978515625,-46.7822265625,16.4111328125
106.0915088,38.6767578125,-47.7099609375,13.6767578125
106.1300196,39.3115234375,-48.0029296875,10.7470703125
106.1539032,40.6787109375,-46.0009765625,8.9892578125
106.1930008,42.2900390625,-44.6826171875,11.8701171875
106.2118035,42.6318359375,-44.1943359375,18.8525390625
106.2559265,43.8525390625,-44.3896484375,25.3466796875
106.2757133,44.1455078125,-44.5361328125,27.7880859375
106.3130704,43.4130859375,-44.3408203125,28.8134765625
106.3322015,44.2431640625,-44.1943359375,28.2763671875
106.3734741,43.7548828125,-44.6337890625,27.7880859375
106.3962213,43.8037109375,-44.7802734375,26.5673828125
106.434527,43.5107421875,-44.8779296875,25.8837890625
106.4561722,43.4130859375,-44.7314453125,24.3701171875
106.4934922,42.7783203125,-44.9267578125,23.5888671875
106.514147,42.3876953125,-44.9755859375,22.6611328125
106.5641697,40.7763671875,-45.3173828125,22.3193359375
106.5844984,40.4833984375,-46.1474609375,20.4638671875
106.6042299,39.3603515625,-47.0263671875,18.8037109375
106.6412957,38.8720703125,-47.5146484375,16.5087890625
106.6665234,38.3349609375,-47.8564453125,14.6533203125
106.7065433,37.3095703125,-48.5400390625,12.1630859375
106.7255765,36.4306640625,-49.6142578125,8.8427734375
106.7649312,36.4794921875,-50.4931640625,6.4501953125
106.7844463,37.4072265625,-48.6376953125,4.7412109375
106.8212502,38.9208984375,-47.6123046875,4.7900390625
106.8463585,39.7998046875,-47.1240234375,9.8193359375
106.8853732,40.4833984375,-46.4892578125,16.8017578125
106.9056501,41.5576171875,-45.8056640625,20.9521484375
106.9435653,41.4111328125,-45.1220703125,22.4169921875
106.9684532,42.2412109375,-45.3173828125,22.4658203125
107.0076632,42.3876953125,-44.9267578125,23.1005859375
107.0303142,42.6806640625,-45.2197265625,22.5146484375
107.0678329,42.2900390625,-44.8779296875,20.8544921875
107.0878461,42.3876953125,-44.9267578125,19.5849609375
107.1247883,42.6318359375,-44.5849609375,19.1455078125
107.1486138,42.4365234375,-45.0244140625,18.3154296875
107.185246,41.3134765625,-45.3662109375,17.0947265625
107.2099967,41.5576171875,-45.4638671875,16.5576171875
107.2473821,39.6533203125,-46.2939453125,14.5556640625
107.2682061,38.9697265625,-46.6357421875,12.9931640625
107.3070782,38.8232421875,-46.9775390625,9.8681640625
107.330099,38.6767578125,-47.7099609375,8.3056640625
107.3800212,37.8466796875,-47.9541015625,5.9130859375
107.4093612,37.1142578125,-48.7353515625,2.5927734375
107.4205005,37.6513671875,-49.9072265625,0.7373046875
107.4596479,38.0419921875,-50.4443359375,-1.9970703125
107.487849,39.8486328125,-48.1005859375,-3.7060546875
107.5093934,40.3369140625,-47.5634765625,-2.5341796875
107.545893,41.5576171875,-46.9287109375,3.2275390625
107.572496,42.4853515625,-46.0986328125,9.8193359375
107.608868,42.9736328125,-46.0986328125,13.3837890625
107.6325451,43.2666015625,-45.2197265625,14.4091796875
107.6701182,43.1689453125,-44.6337890625,14.8974609375
107.6923535,43.4130859375,-44.6826171875,15.3857421875
107.7323969,43.8525390625,-44.7314453125,15.6787109375
107.753739,43.7548828125,-45.5615234375,13.8720703125
107.7949098,44.0966796875,-44.6826171875,13.0419921875
107.8140816,44.0478515625,-45.3662109375,12.4072265625
107.8532022,43.6083984375,-45.1708984375,11.6259765625
107.8751119,42.4365234375,-45.5126953125,10.3564453125
107.9124641,41.6064453125,-45.8544921875,9.3798828125
107.9324026,40.6787109375,-46.7333984375,8.3056640625
107.9722562,39.6044921875,-46.9287109375,6.0107421875
108.0013835,38.9208984375,-47.7587890625,4.3994140625
108.0257741,38.1396484375,-48.1005859375,2.2509765625
108.0622526,37.3583984375,-48.1982421875,0.0537109375
108.0826095,37.0654296875,-49.4189453125,-3.4130859375
108.1268444,37.8955078125,-50.5419921875,-5.0244140625
108.1460153,38.6279296875,-51.4208984375,-6.6845703125
108.1890991,40.7763671875,-49.8095703125,-9.3212890625
108.2195649,41.3134765625,-48.9794921875,-9.8095703125
108.2350945,42.4365234375,-47.9052734375,-5.7568359375
108.2744079,43.2177734375,-47.2705078125,0.4443359375
108.2947777,43.7060546875,-47.4658203125,5.0341796875
108.3310098,44.0966796875,-46.7822265625,6.7431640625
108.3561783,43.6572265625,-46.9775390625,6.9384765625
108.395817,43.9990234375,-47.2216796875,7.6708984375
108.4169229,43.9990234375,-46.9287109375,6.7431640625
108.4564391,43.9501953125,-47.0263671875,6.7919921875
108.4768764,44.7314453125,-46.7822265625,5.0341796875
108.5140167,43.7548828125,-47.2705078125,4.3994140625
108.5395163,44.0478515625,-47.9541015625,3.5205078125
108.5785081,43.3154296875,-47.7587890625,2.2509765625
108.5956825,41.8017578125,-48.8330078125,1.5673828125
108.6339166,41.3623046875,-48.5888671875,0.0048828125
108.6569362,40.2880859375,-49.9560546875,-2.1435546875
108.6941375,39.2138671875,-50.7373046875,-3.9013671875
108.7180145,38.9697265625,-51.5673828125,-5.7568359375
108.7563336,38.0419921875,-52.2998046875,-8.0029296875
108.7799952,37.4560546875,-53.7158203125,-10.1513671875
108.8081479,37.0654296875,-53.6669921875,-12.2998046875
108.84614,37.6513671875,-55.3271484375,-14.4482421875
108.8689122,39.3603515625,-56.1083984375,-16.9384765625
108.8988007,40.7763671875,-55.7666015625,-19.2822265625
108.9319222,41.5087890625,-54.4970703125,-20.2099609375
108.9610188,42.5830078125,-53.1787109375,-16.6455078125
108.9977154,42.7294921875,-52.5927734375,-11.9580078125
109.0207561,43.4130859375,-53.2763671875,-7.1728515625
109.0492134,43.5107421875,-52.5927734375,-5.2685546875
109.0957208,43.8525390625,-52.7880859375,-5.3662109375
109.1161712,42.9248046875,-52.9833984375,-5.3662109375
109.1416409,43.6083984375,-53.0322265625,-6.7333984375
109.172816,43.6083984375,-53.6669921875,-7.4658203125
109.2015219,43.5595703125,-54.2529296875,-7.9052734375
109.2305833,43.1689453125,-54.4482421875,-8.8818359375
109.261807,42.3876953125,-55.0830078125,-10.2978515625
109.2904812,40.7275390625,-55.0830078125,-10.4443359375
109.3291064,39.5068359375,-56.2548828125,-11.4697265625
109.3524219,38.2861328125,-56.4990234375,-12.9345703125
109.3890374,37.7978515625,-57.2802734375,-13.8134765625
109.4129319,36.6748046875,-58.0126953125,-15.7177734375
109.4417167,36.4794921875,-58.9404296875,-17.7197265625
109.4721145,35.9912109375,-60.1123046875,-19.7705078125
109.5036778,34.7216796875,-60.5517578125,-21.2841796875
109.534389,34.2333984375,-61.3818359375,-23.3349609375
109.5620364,34.7705078125,-62.3583984375,-25.3369140625
109.5949959,35.4541015625,-62.0654296875,-27.2412109375
109.6245233,37.6513671875,-60.2587890625,-28.9990234375
109.6522718,38.3349609375,-60.1123046875,-26.0205078125
109.6847014,38.8720703125,-59.2333984375,-20.5029296875
109.7134577,39.1650390625,-59.6728515625,-16.4501953125
109.7460954,39.6044921875,-59.6728515625,-13.9599609375
109.7748456,39.7021484375,-59.2822265625,-13.8623046875
109.8020191,40.0927734375,-59.5751953125,-14.3505859375
109.8369117,40.2880859375,-59.9169921875,-14.3994140625
109.8642964,40.0927734375,-60.3076171875,-15.5712890625
109.9107664,40.2880859375,-59.7216796875,-15.9619140625
109.9252745,40.1904296875,-60.0146484375,-16.0107421875
109.9550647,40.3857421875,-60.2099609375,-16.4013671875
109.9991261,39.4580078125,-60.7958984375,-16.6455078125
110.0174328,37.8466796875,-61.3330078125,-17.4267578125
110.0449144,36.8701171875,-61.9189453125,-18.2080078125
110.0900603,36.2353515625,-62.4560546875,-19.6728515625
110.1077814,35.6005859375,-62.8466796875,-20.6494140625
110.1344951,34.7216796875,-63.5302734375,-22.1142578125
110.168872,34.4775390625,-64.7021484375,-24.5068359375
110.2119575,33.6962890625,-65.9228515625,-26.2646484375
110.2288914,33.3056640625,-66.1181640625,-27.4365234375
110.2572186,33.1591796875,-65.6787109375,-29.3896484375
110.2872655,34.1845703125,-64.0185546875,-30.1220703125
110.3312498,35.7958984375,-63.4814453125,-26.8994140625
110.3494489,36.6259765625,-62.1142578125,-21.4794921875
110.393278,36.8701171875,-62.1630859375,-16.4013671875
110.4097723,37.7490234375,-61.6748046875,-13.2275390625
110.4508342,38.2861328125,-62.0166015625,-12.9345703125
110.4666083,38.4326171875,-61.9189453125,-11.8115234375
110.4993897,38.1884765625,-61.8212890625,-12.2998046875
110.5403245,37.8466796875,-62.1630859375,-11.8115234375
110.5617193,39.0185546875,-62.2607421875,-12.4462890625
110.5890875,39.0673828125,-62.3095703125,-12.5439453125
110.6194241,39.4091796875,-62.1142578125,-12.7392578125
110.6615316,39.2626953125,-62.2119140625,-12.8857421875
110.679554,38.8232421875,-62.5537109375,-12.6904296875
110.7312359,38.2861328125,-62.9443359375,-13.5205078125
110.7431298,37.0654296875,-64.0185546875,-15.1806640625
110.7799913,35.7470703125,-64.1650390625,-15.7177734375
110.8015265,36.2841796875,-64.4580078125,-17.2314453125
110.8318299,35.3076171875,-65.3369140625,-18.4033203125
110.8741067,34.5263671875,-65.8251953125,-20.0146484375
110.8951976,33.8916015625,-67.6806640625,-21.5771484375
110.9351821,34.2822265625,-67.3388671875,-23.7744140625
110.9487108,35.0634765625,-66.1181640625,-24.9951171875
110.9972515,36.4794921875,-64.1162109375,-24.4091796875
111.0176996,37.9931640625,-63.6767578125,-18.6962890625
111.0540941,39.0673828125,-63.8232421875,-12.3974609375
111.0710292,39.5068359375,-63.6279296875,-7.0751953125
111.1125836,40.1416015625,-62.6025390625,-4.8779296875
111.1340644,40.7763671875,-62.3095703125,-3.3642578125
111.1700308,40.6298828125,-62.3095703125,-2.6318359375
111.1915438,40.6787109375,-62.1142578125,-1.8994140625
111.2334591,40.6298828125,-62.2607421875,-2.0458984375
111.2535935,40.6787109375,-62.3583984375,-1.7041015625
111.2925359,40.9228515625,-61.7236328125,-1.5576171875
111.3129558,41.1669921875,-62.1630859375,-1.1669921875
111.348935,41.4111328125,-61.8701171875,-1.5087890625
111.3704832,40.6298828125,-61.9677734375,-1.2158203125
111.4122468,39.2626953125,-63.0419921875,-1.8994140625
111.433709,37.8955078125,-63.4814453125,-3.3642578125
111.4725106,37.7490234375,-63.8720703125,-3.7548828125
111.4940373,36.8701171875,-64.7021484375,-6.3427734375
111.533954,35.8935546875,-64.8974609375,-7.5634765625
111.5543326,35.6005859375,-65.5322265625,-8.1494140625
111.5916252,35.4052734375,-66.1181640625,-10.6396484375
111.6164572,35.7958984375,-66.9970703125,-12.2021484375
111.6522279,37.0166015625,-66.6552734375,-13.9111328125
111.6736353,37.9443359375,-64.6044921875,-15.0830078125
111.712864,40.4345703125,-63.4814453125,-10.8349609375
111.7361921,40.8251953125,-62.8466796875,-4.2919921875
111.7728353,41.6552734375,-62.2119140625,2.4462890625
111.7979824,42.1435546875,-62.0166015625,5.9130859375
111.8351232,42.6806640625,-61.9189453125,7.5244140625
111.8551569,42.4853515625,-62.0166015625,8.5498046875
111.8958344,42.4853515625,-61.3330078125,9.5263671875
111.9160001,42.7783203125,-61.6748046875,9.6240234375
111.9549265,43.1689453125,-61.2353515625,9.7216796875
111.9812584,43.4130859375,-61.2841796875,9.3798828125
112.0180929,43.4619140625,-61.2841796875,9.1845703125
112.033879,43.0712890625,-62.2607421875,8.5986328125
112.0710347,41.8994140625,-62.6025390625,8.9892578125
112.0967419,41.1181640625,-63.0908203125,8.0126953125
112.1327453,40.0927734375,-63.2861328125,6.9873046875
112.1573456,39.3115234375,-63.1884765625,5.1318359375
112.1948424,38.7744140625,-64.5556640625,3.7158203125
112.2168911,37.9931640625,-64.5556640625,2.3486328125
112.2537938,37.0166015625,-65.3369140625,0.0048828125
112.2807747,36.6748046875,-66.0693359375,-1.4599609375
112.3188627,37.0654296875,-66.1669921875,-2.3876953125
112.3392003,37.5537109375,-67.8271484375,-5.3662109375
112.3870825,39.1650390625,-68.1689453125,-7.0263671875
112.4085206,41.0693359375,-65.9228515625,-9.0771484375
112.4270825,41.7529296875,-64.3603515625,-9.0771484375
112.4674448,42.3876953125,-64.2626953125,-2.6318359375
112.4888352,43.3642578125,-64.2626953125,3.4228515625
112.5277886,43.4130859375,-63.5302734375,8.3056640625
112.5512791,43.4619140625,-63.1884765625,9.7705078125
112.5869103,44.2919921875,-62.3095703125,10.3076171875
112.6126247,44.2431640625,-62.7490234375,10.3076171875
112.6530569,44.0966796875,-62.9443359375,9.9658203125
112.6731749,44.5849609375,-62.7490234375,9.9169921875
112.7098303,44.0966796875,-62.5048828125,8.7451171875
112.7289802,44.4873046875,-62.7001953125,8.5498046875
112.7659884,42.7783203125,-62.8955078125,8.5986328125
112.7944708,42.0947265625,-63.4814453125,7.9150390625
112.8308194,40.2880859375,-63.1884765625,7.8173828125
112.8528959,39.6044921875,-64.1650390625,5.5712890625
112.889289,39.3603515625,-64.2138671875,4.6923828125
112.9102477,38.6767578125,-65.2392578125,3.0810546875
112.9460524,37.7001953125,-65.1904296875,1.2255859375
112.9730626,37.5048828125,-65.6298828125,-0.8740234375
113.013851,36.9189453125,-66.4111328125,-1.7529296875
113.0338911,36.5771484375,-67.4365234375,-4.2431640625
113.0716015,36.7236328125,-67.6318359375,-6.5869140625
113.1027136,38.1884765625,-67.4853515625,-8.6376953125
113.1239676,38.5302734375,-65.7763671875,-9.3701171875
113.1633768,40.2880859375,-64.8486328125,-7.4658203125
113.1856426,41.2158203125,-64.2626953125,-1.9482421875
113.226627,41.9970703125,-64.3603515625,2.8857421875
113.2448042,41.8994140625,-63.6767578125,5.4248046875
113.2804185,42.0458984375,-62.7490234375,5.6201171875
113.3040204,42.6318359375,-62.8955078125,5.4248046875
113.3395343,42.2412109375,-63.0908203125,5.0341796875
113.3656797,42.1435546875,-63.5302734375,4.4970703125
113.4066553,42.3388671875,-62.7490234375,3.2763671875
113.4241959,42.4853515625,-62.4072265625,3.0810546875
113.461951,41.7041015625,-62.9443359375,2.5439453125
113.4849702,41.3134765625,-63.3349609375,2.1533203125
113.5249469,40.9716796875,-63.5302734375,0.8349609375
113.5552807,39.5068359375,-63.3837890625,0.0048828125
113.5760676,38.3349609375,-63.7744140625,-1.1669921875
113.6188583,37.1630859375,-64.2626953125,-3.4619140625
113.6497735,36.7236328125,-64.6044921875,-4.5849609375
113.6641854,35.9912109375,-65.1904296875,-6.9287109375
113.7120749,35.1611328125,-65.6787109375,-8.6865234375
113.7436067,34.0380859375,-66.7529296875,-10.1025390625
113.7581508,34.1357421875,-66.3134765625,-12.6904296875
113.8047863,34.4775390625,-65.1904296875,-14.5458984375
113.8263331,36.1376953125,-63.3837890625,-14.3505859375
113.8503383,37.3095703125,-62.7001953125,-9.4189453125
113.8896369,37.8466796875,-62.4560546875,-4.2919921875
113.9049564,38.2861328125,-61.4306640625,-1.3623046875
113.941115,38.9208984375,-60.9912109375,-1.0205078125
113.9669439,39.7998046875,-60.3564453125,-0.8740234375
114.0039448,40.2392578125,-60.1123046875,-0.5810546875
114.030966,40.0439453125,-59.5263671875,-0.3369140625
114.067561,40.2880859375,-59.3310546875,-1.8017578125
114.0898739,40.0927734375,-59.1357421875,-2.5341796875
114.1372902,40.6787109375,-59.5263671875,-3.5595703125
114.1668667,40.3857421875,-59.0869140625,-4.0966796875
114.1805445,40.1416015625,-59.0380859375,-4.6337890625
114.2169682,39.4091796875,-59.5751953125,-5.4150390625
114.2418267,38.2861328125,-59.1357421875,-6.9775390625
114.2781498,36.9677734375,-59.2822265625,-8.3447265625
114.3012404,36.6259765625,-60.4052734375,-10.1513671875
114.3411196,36.6259765625,-60.5029296875,-11.7138671875
114.3604498,35.2587890625,-60.3564453125,-13.4716796875
114.4003311,35.1611328125,-61.7236328125,-15.8154296875
114.4238605,34.0380859375,-61.6259765625,-17.5244140625
114.4513785,34.1357421875,-62.7001953125,-19.3310546875
114.4872104,35.1611328125,-62.0166015625,-20.7470703125
114.5126365,36.8212890625,-60.0634765625,-22.1630859375
114.5491417,38.1396484375,-58.2080078125,-19.1845703125
114.5732325,39.1162109375,-58.5009765625,-14.5947265625
114.6024669,39.3115234375,-57.2802734375,-10.7861328125
114.6405288,40.6298828125,-56.7431640625,-9.7119140625
114.6658374,41.4111328125,-56.0595703125,-9.8583984375
114.6921427,41.1669921875,-55.1318359375,-9.6142578125
114.7203315,41.4599609375,-54.5458984375,-8.9794921875
114.7544788,41.2158203125,-54.3994140625,-9.7607421875
114.7835181,41.8505859375,-54.2041015625,-10.6884765625
114.8118036,42.0458984375,-54.1552734375,-11.5673828125
114.8435142,42.0458984375,-54.2529296875,-11.9091796875
114.8707512,42.4853515625,-53.6669921875,-12.2509765625
114.9069158,41.2646484375,-54.0087890625,-13.1787109375
114.9333249,40.1904296875,-53.7158203125,-14.3994140625
114.9623045,38.8720703125,-54.3505859375,-15.0830078125
114.9968119,38.3349609375,-54.3017578125,-16.5966796875
115.0237162,37.9931640625,-55.1318359375,-17.4755859375
115.0525176,37.3583984375,-54.9365234375,-20.0146484375
115.0847966,36.9677734375,-55.8642578125,-21.6748046875
115.11383,36.4794921875,-56.4013671875,-23.1884765625
115.1495027,35.5029296875,-56.6943359375,-24.7998046875
115.1751508,36.4306640625,-57.1337890625,-25.9716796875
115.2045806,37.4560546875,-58.3544921875,-27.6318359375
115.2378735,38.8720703125,-56.1572265625,-29.6337890625
115.26648,40.1904296875,-54.7900390625,-29.4384765625
115.2953453,40.5810546875,-53.8623046875,-25.1416015625
115.3264016,41.3134765625,-53.1787109375,-21.6259765625
115.3565789,42.8271484375,-52.9345703125,-19.1357421875
115.385095,42.7294921875,-51.5673828125,-19.5263671875
115.4186378,42.8759765625,-51.6162109375,-18.7939453125
115.4454436,43.3154296875,-51.0302734375,-19.6240234375
115.4791237,42.9248046875,-50.8349609375,-19.4287109375
115.5087335,43.7548828125,-50.4443359375,-20.6982421875
115.536219,43.8037109375,-50.8837890625,-20.8447265625
115.5693433,44.0966796875,-50.5908203125,-22.2607421875
115.5994952,43.0712890625,-50.9326171875,-21.5283203125
115.6326575,41.8505859375,-50.4443359375,-23.3349609375
115.6684319,41.5087890625,-50.8349609375,-23.5791015625
115.6873085,40.6787109375,-51.6162109375,-24.5556640625
115.7312859,39.7998046875,-51.7626953125,-26.1669921875
115.7479027,38.9208984375,-52.3974609375,-27.1435546875
115.7777548,38.3349609375,-53.4228515625,-28.3642578125
115.8106902,38.2373046875,-53.5205078125,-29.8291015625
115.8391115,37.7001953125,-53.9599609375,-31.4892578125
115.8832547,36.6748046875,-55.1318359375,-32.7099609375
115.8998278,36.4794921875,-55.1806640625,-34.2236328125
115.9292927,37.3095703125,-56.2548828125,-35.6884765625
115.9633,38.0908203125,-57.5244140625,-37.8857421875
115.9906847,39.7021484375,-56.5478515625,-38.4228515625
116.0342761,40.4833984375,-55.6201171875,-40.1318359375
116.0468871,41.6064453125,-54.3017578125,-36.9580078125
116.0822176,42.2900390625,-53.8134765625,-32.1728515625
116.109865,42.8271484375,-53.9599609375,-29.4873046875
116.1436061,42.8759765625,-52.9345703125,-28.2177734375
116.1817558,43.9501953125,-52.4462890625,-28.8525390625
116.1991822,43.2666015625,-52.6904296875,-29.2431640625
116.2340475,43.5107421875,-52.6904296875,-28.9990234375
116.2613291,43.0224609375,-51.9580078125,-29.5849609375
116.3035276,42.9736328125,-52.9345703125,-30.9033203125
116.3227793,43.2666015625,-52.5927734375,-30.8056640625
116.3743851,42.1435546875,-53.3251953125,-31.7822265625
116.3823497,40.9716796875,-53.0810546875,-31.1474609375
116.4135242,39.7021484375,-53.5205078125,-31.8798828125
116.4503958,39.2138671875,-54.0087890625,-32.6123046875
116.4725621,38.3349609375,-54.5947265625,-33.8818359375
116.5036008,37.5537109375,-54.9365234375,-35.1025390625
116.5410508,37.4072265625,-55.5712890625,-35.1025390625
116.5641287,35.8935546875,-56.4013671875,-37.1044921875
116.6016636,35.9912109375,-57.3779296875,-38.0322265625
116.6251453,34.4287109375,-57.6220703125,-39.4482421875
116.6634515,33.5009765625,-58.5986328125,-40.5224609375
116.6835116,34.0869140625,-57.6220703125,-41.7919921875
116.7326925,34.4775390625,-55.8642578125,-42.2314453125
116.7528983,36.4306640625,-55.0830078125,-37.6416015625
116.7727895,37.5048828125,-54.3994140625,-33.3935546875
116.8109029,37.7490234375,-54.2529296875,-30.8056640625
116.8330943,38.8720703125,-54.2529296875,-29.4873046875
116.8744353,39.3603515625,-53.1298828125,-30.0244140625
116.9059533,40.0439453125,-53.1787109375,-29.5361328125
116.9235924,39.9951171875,-53.9111328125,-29.2431640625
116.9610053,40.5322265625,-53.1787109375,-29.5361328125
116.9873584,40.0439453125,-53.6181640625,-29.0478515625
117.0237978,41.0693359375,-53.3740234375,-29.6337890625
117.0476788,40.5322265625,-53.5693359375,-29.3896484375
117.0767231,40.4833984375,-53.4228515625,-29.0478515625
117.1142394,39.3115234375,-54.0087890625,-29.3896484375
117.1408337,38.7744140625,-54.5458984375,-29.8291015625
117.1682117,37.3583984375,-54.5947265625,-30.8544921875
117.2046494,36.7724609375,-55.0830078125,-31.7333984375
117.2269743,36.2353515625,-55.1806640625,-32.6123046875
117.2647283,36.0400390625,-57.0361328125,-33.0517578125
117.2872515,34.5751953125,-56.8896484375,-34.5166015625
117.3231808,34.3310546875,-57.4267578125,-35.1513671875
117.3483551,33.9892578125,-56.0595703125,-36.7626953125
117.3905586,33.7939453125,-54.6435546875,-35.9326171875
117.4089493,34.5263671875,-53.7646484375,-31.6357421875
117.4362477,35.9912109375,-54.1552734375,-26.3134765625
117.4749277,37.3583984375,-53.0810546875,-22.7978515625
117.4973009,37.5537109375,-52.8857421875,-21.3818359375
117.536313,38.8232421875,-52.4462890625,-19.8193359375
117.558825,39.5556640625,-51.9091796875,-18.7451171875
117.5972822,39.4580078125,-51.9091796875,-18.5498046875
117.6214545,39.8486328125,-51.8603515625,-18.0126953125
117.6590351,39.9462890625,-51.7626953125,-18.0615234375
117.6811753,40.0927734375,-51.6162109375,-17.5732421875
117.7196755,39.9462890625,-51.6650390625,-17.3779296875
117.7407426,40.5322265625,-51.8603515625,-17.1337890625
117.7783116,40.2880859375,-52.0556640625,-16.3037109375
117.802154,39.5556640625,-52.4951171875,-17.4267578125
117.8418021,38.2861328125,-52.9833984375,-17.5732421875
117.8626975,37.3583984375,-53.7646484375,-18.1591796875
117.8998738,36.1865234375,-53.3740234375,-19.4287109375
117.919075,36.0888671875,-54.9365234375,-20.5029296875
117.958999,35.7470703125,-55.5224609375,-21.5283203125
117.9790787,34.2822265625,-55.7177734375,-22.7001953125
118.0159507,34.4287109375,-56.4013671875,-22.8466796875
118.0423592,35.5517578125,-55.0830078125,-23.7255859375
118.0789049,35.9912109375,-53.9599609375,-22.7001953125
118.1025937,37.1630859375,-53.0810546875,-18.4033203125
118.1381374,38.7255859375,-52.7880859375,-12.2998046875
118.1614921,39.1650390625,-52.2021484375,-9.2236328125
118.2004575,39.8486328125,-51.2255859375,-6.9287109375
118.2328296,40.3369140625,-50.6396484375,-5.7080078125
118.2550427,41.0693359375,-50.6884765625,-4.2431640625
118.2939586,40.9716796875,-51.2744140625,-3.2177734375
118.3131029,41.6064453125,-51.3232421875,-3.5595703125
118.3500077,40.7275390625,-51.2255859375,-3.2666015625
118.3736898,41.3134765625,-50.7373046875,-3.3642578125
118.4129561,40.9716796875,-50.8837890625,-3.0712890625
118.4358167,40.5810546875,-50.6884765625,-2.7783203125
118.4724286,40.4345703125,-51.4697265625,-2.7294921875
118.4927063,39.8974609375,-52.0068359375,-3.0712890625
118.5431062,39.2138671875,-53.0322265625,-3.3642578125
118.5620221,38.1884765625,-53.5693359375,-4.7802734375
118.5872513,36.9677734375,-53.2763671875,-5.6103515625
118.6245921,36.3818359375,-54.3017578125,-6.6845703125
118.6450057,35.8447265625,-55.0341796875,-8.5888671875
118.6811424,35.6494140625,-55.8642578125,-8.9794921875
118.7071514,35.0634765625,-56.8408203125,-10.7373046875
118.7430967,35.8935546875,-57.8662109375,-11.6650390625
118.7685487,36.8701171875,-57.2802734375,-13.2275390625
118.8079484,37.6513671875,-56.0595703125,-14.1552734375
118.826349,39.6533203125,-55.4248046875,-12.3486328125
118.863727,39.8486328125,-55.1806640625,-7.1728515625
118.8839855,41.0205078125,-54.6923828125,-2.5830078125
118.9207888,41.4111328125,-54.5458984375,0.3955078125
118.9476633,41.5576171875,-53.8623046875,0.7861328125
118.9843681,41.8505859375,-53.6181640625,2.7392578125
119.0083871,41.8994140625,-53.2763671875,2.3974609375
119.0490319,41.6552734375,-53.8134765625,3.2763671875
119.0656067,42.2900390625,-53.7646484375,3.2763671875
119.1032989,43.2177734375,-53.7646484375,3.0810546875
119.1296725,42.6318359375,-53.7646484375,2.0068359375
119.1669953,42.2412109375,-54.3017578125,2.5927734375
119.1882419,41.3623046875,-54.8876953125,2.4462890625
119.2325965,41.2646484375,-55.3271484375,1.6162109375
119.2524343,39.5068359375,-56.0595703125,0.5908203125
119.2809765,38.3349609375,-56.7919921875,-0.3369140625
119.3168405,38.4326171875,-57.0849609375,-1.8017578125
119.3402479,37.5537109375,-58.1591796875,-2.9248046875
119.3695958,37.2607421875,-59.2333984375,-4.4384765625
119.4085209,36.8701171875,-59.9658203125,-5.4150390625
119.4314146,35.1611328125,-60.4541015625,-7.7099609375
119.4594376,35.6005859375,-61.1376953125,-9.1748046875
119.4968147,35.8935546875,-62.3583984375,-10.3466796875
119.5196931,36.4306640625,-62.0654296875,-12.3974609375
119.5565817,38.1396484375,-60.8935546875,-14.3994140625
119.5826113,38.8720703125,-60.1123046875,-12.7392578125
119.6124684,39.1650390625,-59.9658203125,-7.7099609375
119.6402877,39.8486328125,-59.7705078125,-3.8037109375
119.6786838,40.4833984375,-60.1611328125,-2.3388671875
119.7004229,40.2880859375,-59.1845703125,-2.4853515625
119.7377518,40.9716796875,-58.9404296875,-3.0712890625
119.7618289,40.8740234375,-59.6728515625,-3.0224609375
119.7992572,41.4111328125,-59.6728515625,-3.9013671875
119.824889,41.8017578125,-60.0634765625,-3.8525390625
119.8537794,41.8017578125,-59.8681640625,-4.3408203125
119.8808082,41.3134765625,-60.4541015625,-5.2685546875
119.9190701,41.0205078125,-60.2587890625,-4.8779296875
119.9441048,39.7509765625,-60.9423828125,-6.0498046875
119.9763345,38.2373046875,-61.4306640625,-6.8310546875
120.0035779,37.2607421875,-62.1630859375,-8.2470703125
120.0335133,36.6748046875,-62.6025390625,-9.6142578125
