Timestamp,PPG_Forehead,PPG_Earlobe,PPG_Finger
0.00241079999999982,0.185546875,0.185546875,0.185546875
0.00333000000000006,0.185546875,0.185546875,0.185546875
0.00418759999999985,0.185546875,0.185546875,0.185546875
0.00502039999999981,0.185546875,0.185546875,0.185546875
0.00580910000000001,0.185546875,0.185546875,0.185546875
0.00656349999999994,0.185546875,0.185546875,0.185546875
0.00698750000000015,91.0986328125,85.1904296875,82.7490234375
0.00733760000000006,58.9892578125,111.5087890625,18.8037109375
0.00768719999999989,58.6962890625,111.6552734375,19.2919921875
0.00803209999999988,57.6708984375,111.8994140625,18.7548828125
0.00837829999999995,57.7685546875,111.2158203125,17.8759765625
0.00873800000000013,56.7431640625,110.8251953125,15.7763671875
0.00907999999999998,55.8642578125,109.7509765625,14.8974609375
0.00942059999999989,54.3017578125,109.7021484375,13.7255859375
0.0097634000000002,53.9599609375,109.2626953125,11.7236328125
0.0101060999999998,52.2509765625,108.3837890625,9.9169921875
0.0104516000000001,51.6650390625,107.7978515625,8.5498046875
0.010799,50.3466796875,106.7724609375,6.9873046875
0.0111401,49.2724609375,105.7470703125,4.5947265625
0.0114820999999998,48.0517578125,104.2333984375,3.2275390625
0.0118263000000001,47.5146484375,103.5498046875,1.0302734375
0.0121706000000001,46.1474609375,102.6220703125,-0.8740234375
0.0125156,44.7314453125,102.0849609375,-3.0712890625
0.0128644000000002,43.1689453125,100.5224609375,-5.3662109375
0.0132121999999999,42.4853515625,99.5458984375,-7.7099609375
0.0135554999999998,40.7275390625,97.9833984375,-10.0537109375
0.0139043999999999,39.7021484375,97.0556640625,-11.6650390625
0.0142468999999998,39.0185546875,95.8837890625,-14.6435546875
0.0147257999999999,37.6513671875,93.9306640625,-17.0361328125
0.0151414000000001,36.3330078125,92.4658203125,-18.8916015625
0.0155523,35.2099609375,93.1005859375,-13.8134765625
0.0158906000000001,36.7236328125,95.8349609375,-2.0947265625
0.0162049,39.5556640625,98.0810546875,1.3232421875
0.0165104,40.9228515625,99.6923828125,0.9326171875
0.0168058000000002,42.8271484375,100.0341796875,-1.3134765625
0.0170973000000001,43.3642578125,101.9873046875,-2.5830078125
0.0173880999999998,44.7314453125,103.5498046875,-3.1201171875
0.0177388999999999,45.8056640625,104.2822265625,-3.4619140625
0.0180402000000002,46.3427734375,104.8681640625,-4.0478515625
0.0183342,46.8798828125,104.8193359375,-5.6103515625
0.0186305,45.9033203125,105.5517578125,-7.1728515625
0.0189237000000002,45.3662109375,105.2587890625,-8.0029296875
0.0192160000000001,45.1220703125,106.1865234375,-8.8818359375
0.0195107999999999,45.5126953125,105.5517578125,-9.7607421875
0.0198065000000001,44.6337890625,105.0634765625,-11.4208984375
0.0201012,42.7294921875,104.1357421875,-13.8623046875
0.0203958000000002,42.0947265625,103.6962890625,-15.5712890625
0.0209706999999999,41.1669921875,102.6708984375,-16.8408203125
0.021436,40.4833984375,102.5732421875,-18.9892578125
0.0217809,39.9462890625,101.5966796875,-20.4541015625
0.0221442000000001,38.9697265625,100.8642578125,-21.9189453125
0.0224845999999999,37.7490234375,99.6923828125,-23.1884765625
0.022831,36.8701171875,98.9111328125,-25.3857421875
0.0231780000000001,35.5029296875,97.5927734375,-26.8017578125
0.0235243999999999,34.6240234375,96.9091796875,-28.6083984375
0.0238889000000002,33.5986328125,95.9814453125,-30.1220703125
0.0242342,32.4755859375,94.6630859375,-31.9287109375
0.0245815999999999,31.5478515625,93.5400390625,-33.7353515625
0.0249378,30.0830078125,91.9775390625,-35.7861328125
0.0252846,29.3994140625,90.8056640625,-37.8857421875
0.0256253000000002,27.9833984375,90.3173828125,-39.4482421875
0.025976,27.1044921875,89.0478515625,-40.4736328125
0.0263186000000002,26.7626953125,90.1220703125,-33.8330078125
0.0266472000000002,28.0322265625,92.5634765625,-25.6787109375
0.0269507999999998,30.1318359375,93.9306640625,-24.7021484375
0.0272450000000002,31.8896484375,95.2978515625,-25.9228515625
0.0275398999999998,33.4521484375,95.6884765625,-28.8525390625
0.0278299999999998,33.5009765625,96.9091796875,-29.7314453125
0.0281223000000002,34.5751953125,98.1298828125,-29.7314453125
0.0284152999999998,35.3076171875,98.1787109375,-30.7568359375
0.0287126,36.0400390625,98.3740234375,-32.1240234375
0.0290094000000001,35.8447265625,98.1787109375,-33.3447265625
0.0293047999999998,35.1123046875,98.2275390625,-34.4189453125
0.0295961999999999,34.7216796875,98.1298828125,-33.7841796875
0.0298919,34.3798828125,98.2275390625,-35.2001953125
0.0301898,34.0869140625,97.6416015625,-36.0302734375
0.0304920000000002,33.0615234375,97.2021484375,-37.7880859375
0.0307852,31.7919921875,95.9814453125,-39.7900390625
0.0310790999999999,30.3271484375,95.5908203125,-40.5712890625
0.0313758000000002,29.6435546875,94.5654296875,-41.9384765625
0.0317500000000002,28.9599609375,93.9794921875,-43.8427734375
0.0320537000000001,28.1787109375,93.0029296875,-44.3310546875
0.0323598000000001,27.0556640625,92.1728515625,-45.6982421875
0.0326572000000001,26.0791015625,91.3916015625,-46.9677734375
0.0329513000000001,24.3701171875,90.0244140625,-48.1884765625
0.0332449000000001,24.1259765625,88.5595703125,-49.5068359375
0.0335402999999999,22.7587890625,87.6318359375,-51.4111328125
0.0338322999999998,21.3916015625,86.3134765625,-52.2900390625
0.0341266999999998,20.1708984375,85.4345703125,-53.9013671875
0.0344210999999999,18.6572265625,84.3603515625,-55.1220703125
0.0347208000000001,18.0224609375,82.8955078125,-57.5634765625
0.0350195000000002,17.2412109375,82.0654296875,-57.8076171875
0.0353135,15.4345703125,81.6259765625,-57.0751953125
0.0356219000000002,15.5322265625,83.7255859375,-47.7001953125
0.0359234000000002,17.0458984375,85.6787109375,-44.1357421875
0.0362174,19.2431640625,86.8505859375,-43.3544921875
0.0367462999999999,20.6591796875,86.9970703125,-46.1376953125
0.0370908000000001,21.7333984375,88.0224609375,-47.0166015625
0.0373936000000001,22.1728515625,89.4384765625,-47.6025390625
0.0376888000000002,22.7099609375,89.7314453125,-47.5537109375
0.0379801,23.1494140625,89.7802734375,-48.7744140625
0.0382729999999998,23.2470703125,89.0478515625,-50.2392578125
0.0385903000000001,23.2470703125,89.3408203125,-51.0693359375
0.0388853,22.1240234375,89.2431640625,-51.4599609375
0.0391807000000002,21.8310546875,88.3642578125,-50.9716796875
0.0394722999999999,21.1962890625,88.8525390625,-52.1923828125
0.0397728000000002,20.3662109375,87.5341796875,-53.8525390625
0.0400638999999998,19.5361328125,86.7041015625,-54.5849609375
0.0403597000000002,18.3642578125,86.2158203125,-55.8544921875
0.0406521999999998,17.3388671875,86.0205078125,-56.9775390625
0.0409465,16.6064453125,84.5068359375,-58.4423828125
0.0412428,15.4345703125,84.2138671875,-59.1259765625
0.0415372999999999,14.7021484375,83.2373046875,-60.5419921875
0.0418568000000001,13.3349609375,81.9677734375,-60.7373046875
0.0421478999999998,12.5048828125,81.4794921875,-62.1044921875
0.0424408999999999,11.2353515625,80.1611328125,-63.0322265625
0.0427352999999999,10.5029296875,79.4287109375,-63.9111328125
0.0430310999999999,9.0869140625,78.0615234375,-64.8388671875
0.043326,8.2568359375,76.8896484375,-66.4990234375
0.0436287000000002,6.9384765625,75.7177734375,-67.3779296875
0.0439229999999999,6.2060546875,74.5947265625,-68.9404296875
0.0442144,5.3271484375,73.8134765625,-70.2587890625
0.0445077,3.4716796875,73.1298828125,-68.3544921875
0.0448694999999999,3.6181640625,75.1318359375,-59.1259765625
0.0451687000000001,4.8876953125,76.9384765625,-54.5849609375
0.0454647000000001,7.5244140625,77.9638671875,-53.6083984375
0.0457603999999998,9.4287109375,78.5498046875,-56.0009765625
0.0460581000000002,10.0146484375,79.9169921875,-56.6357421875
0.0463529999999999,10.7958984375,80.3076171875,-58.5400390625
0.0466473999999999,10.9423828125,80.6982421875,-57.5146484375
0.0469445999999998,11.5771484375,80.2099609375,-59.0771484375
0.0472418000000001,12.0654296875,80.6982421875,-59.6630859375
0.0475390999999998,12.0166015625,80.5517578125,-60.0537109375
0.0480122999999999,12.2607421875,81.0400390625,-59.4677734375
0.0484005000000001,11.7236328125,80.1611328125,-60.6396484375
0.0487576999999999,11.3818359375,79.6240234375,-60.2978515625
0.0491228000000001,11.1376953125,79.4775390625,-62.0068359375
0.0494702,10.2587890625,79.1845703125,-62.6904296875
0.0498116,9.1845703125,78.6962890625,-63.6669921875
0.05016,8.6474609375,77.4755859375,-64.2041015625
0.0505298999999999,7.4267578125,76.7919921875,-65.2294921875
0.0508888000000001,6.4990234375,76.6455078125,-65.9130859375
0.0513130999999998,5.9619140625,75.6689453125,-66.8408203125
0.0516581999999999,5.0341796875,74.4970703125,-66.8896484375
0.0519995,4.0576171875,74.1064453125,-68.3056640625
0.0524659000000001,2.6416015625,73.2275390625,-68.9404296875
0.0528100999999999,2.0068359375,71.9580078125,-70.0634765625
0.0531554000000001,1.2255859375,70.5419921875,-70.6494140625
0.0535024000000002,-0.2392578125,69.4189453125,-71.8212890625
0.0538509,-1.2158203125,68.4423828125,-73.2861328125
0.0542861000000001,-2.1923828125,67.3193359375,-73.7744140625
0.0546723,-2.8759765625,67.0263671875,-74.5068359375
0.0549670999999998,-3.9990234375,67.5634765625,-70.3564453125
0.0552586000000002,-3.5107421875,69.1748046875,-60.3955078125
0.0989168999999999,-2.8271484375,70.9326171875,-57.1240234375
0.1201342,0.0537109375,71.7138671875,-57.0263671875
0.1571153,1.5673828125,72.7880859375,-58.3935546875
0.1772615,1.8115234375,73.5205078125,-60.0537109375
0.2144028,2.7392578125,74.6435546875,-59.8583984375
0.2346119,3.5205078125,74.6923828125,-59.5654296875
0.2747105,3.7646484375,74.7900390625,-60.2490234375
0.2948923,4.3505859375,74.3017578125,-60.6884765625
0.3375457,4.0087890625,74.2041015625,-60.7373046875
0.3589961,3.6181640625,74.2041015625,-60.0537109375
0.4010039,2.7392578125,73.5205078125,-60.1025390625
0.4204436,3.2275390625,74.2041015625,-60.6884765625
0.4609305,2.7392578125,73.3251953125,-61.4208984375
0.4813997,1.1767578125,73.2763671875,-62.6416015625
0.5212666,0.7861328125,72.8857421875,-63.3740234375
0.5414024,-0.3369140625,71.8115234375,-64.4482421875
0.5802776,-1.0205078125,71.3720703125,-64.6923828125
0.6013343,-1.5087890625,71.1279296875,-65.1806640625
0.6405481,-2.7783203125,69.6142578125,-65.6689453125
0.6614545,-3.6572265625,69.2236328125,-66.3525390625
0.7001946,-5.6103515625,68.0517578125,-66.9384765625
0.7201392,-5.2685546875,67.7099609375,-67.8662109375
0.7583297,-6.1962890625,66.9287109375,-68.5498046875
0.7794262,-7.4658203125,66.2451171875,-69.1357421875
0.8197974,-8.2470703125,64.4873046875,-70.7958984375
0.8399802,-9.3212890625,63.7060546875,-71.1376953125
0.8806446,-10.9326171875,63.1689453125,-72.2119140625
0.9007437,-11.7626953125,62.5341796875,-70.9423828125
0.9382947,-12.9345703125,64.7802734375,-61.3232421875
0.9593323,-11.5185546875,66.5380859375,-54.7802734375
1.0049097,-9.5654296875,67.6611328125,-51.9970703125
1.0241146,-8.1005859375,68.2958984375,-53.9501953125
1.0611588,-6.1474609375,70.1025390625,-54.5849609375
1.0811674,-6.1474609375,70.3466796875,-54.9755859375
1.1249424,-5.3662109375,70.4931640625,-54.8291015625
1.1450436,-4.7314453125,70.3466796875,-53.8525390625
1.1813179,-4.0478515625,70.3466796875,-54.4384765625
1.203225,-4.4873046875,70.6884765625,-53.8037109375
1.243396,-5.0244140625,70.7861328125,-53.1201171875
1.2633007,-4.8779296875,70.8349609375,-53.2177734375
1.3039758,-5.0244140625,70.6884765625,-52.9248046875
1.3252495,-4.6826171875,70.8349609375,-53.8525390625
1.3485201,-4.8779296875,70.2001953125,-54.8291015625
1.3774417,-6.2451171875,69.9560546875,-55.6591796875
1.4255432,-7.3681640625,69.4189453125,-56.3427734375
1.447505,-7.4658203125,68.5888671875,-57.8076171875
1.4830722,-8.1982421875,67.2705078125,-58.1982421875
1.5044095,-9.2724609375,67.4169921875,-58.5400390625
1.5459328,-10.4931640625,67.1728515625,-59.1748046875
1.5647381,-11.1767578125,66.0009765625,-59.7607421875
1.6036668,-12.1044921875,64.9267578125,-59.7607421875
1.6244606,-12.7392578125,64.3896484375,-60.4443359375
1.6631434,-13.9111328125,63.3154296875,-61.7138671875
1.6831046,-14.6435546875,63.0224609375,-62.1533203125
1.7285628,-15.1318359375,61.2158203125,-63.4716796875
1.7425482,-16.0595703125,60.9716796875,-63.9599609375
1.7710381,-17.4267578125,62.1435546875,-58.1005859375
1.817764,-18.1103515625,64.7314453125,-48.2373046875
1.839059,-16.3525390625,65.0732421875,-44.4775390625
1.87499,-14.5458984375,66.3916015625,-43.5498046875
1.8968355,-12.8857421875,67.0751953125,-44.8193359375
1.9347156,-12.2021484375,68.1005859375,-45.9912109375
1.9537933,-11.5673828125,68.5400390625,-45.2587890625
1.998064,-11.0791015625,69.4189453125,-44.9169921875
2.0127558,-10.2490234375,68.5888671875,-45.5517578125
2.0733939,-10.8349609375,68.9306640625,-45.5029296875
2.0743431,-10.2490234375,68.9306640625,-44.4775390625
2.1353409,-10.4931640625,69.3701171875,-44.1845703125
2.1362968,-10.8349609375,69.2236328125,-44.5751953125
2.1646796,-11.1279296875,68.7841796875,-45.0146484375
2.1938165,-10.9814453125,68.2470703125,-45.6005859375
2.2243837,-12.2021484375,68.3447265625,-45.7470703125
2.2743674,-12.5439453125,67.8076171875,-47.5048828125
2.280295,-12.3974609375,67.2216796875,-47.4072265625
2.3168546,-13.8134765625,66.9287109375,-47.8955078125
2.3433473,-14.6435546875,66.0498046875,-48.5791015625
2.3791994,-15.1318359375,65.8056640625,-49.1162109375
2.4184962,-15.6689453125,65.0244140625,-49.8486328125
2.4344308,-16.1572265625,64.2431640625,-50.2880859375
2.4678588,-16.9384765625,63.1689453125,-51.1181640625
2.4978017,-17.7197265625,62.7783203125,-51.7529296875
2.5242924,-18.4521484375,62.7783203125,-52.2412109375
2.5571,-19.2822265625,62.5341796875,-50.1416015625
2.5862499,-19.9658203125,64.6826171875,-40.5712890625
2.6186914,-19.8681640625,66.5380859375,-34.5166015625
2.6578583,-18.5498046875,67.9541015625,-32.5146484375
2.6757868,-15.9619140625,67.8076171875,-33.8818359375
2.703777,-14.8876953125,68.8818359375,-34.0771484375
2.7382667,-14.5947265625,69.7119140625,-33.7841796875
2.7670474,-14.2529296875,70.0537109375,-33.8818359375
2.7982546,-13.4228515625,69.5654296875,-33.9794921875
2.8278002,-13.3740234375,70.0537109375,-33.5888671875
2.8565021,-13.5205078125,70.0537109375,-32.8564453125
2.8884085,-13.5205078125,70.7861328125,-31.7822265625
2.9167196,-13.2763671875,70.5908203125,-32.5146484375
2.94989,-14.0087890625,70.2001953125,-32.7587890625
2.9780587,-13.3740234375,70.6396484375,-33.8818359375
3.0072675,-14.1064453125,69.6630859375,-34.5654296875
3.0372854,-14.6923828125,69.2724609375,-35.2001953125
3.0699553,-14.8876953125,69.0771484375,-35.9326171875
3.0998753,-15.7666015625,68.7841796875,-37.0556640625
3.1308592,-17.3291015625,68.2958984375,-37.2021484375
3.1603793,-17.1826171875,67.8564453125,-37.5927734375
3.188804,-18.2568359375,67.0263671875,-38.5693359375
3.2201883,-18.3544921875,66.5380859375,-39.3994140625
3.2496064,-19.9658203125,65.2685546875,-40.1318359375
3.279886,-20.8447265625,65.0244140625,-41.3037109375
3.3101365,-21.2353515625,64.5849609375,-42.7197265625
3.3409995,-21.7724609375,65.4638671875,-40.1806640625
3.368571,-22.3095703125,66.7822265625,-30.2197265625
3.4206032,-22.4072265625,68.8818359375,-22.5048828125
3.4399061,-20.8935546875,70.2978515625,-19.3310546875
3.4614602,-19.6240234375,72.2509765625,-18.9892578125
3.4915624,-17.7197265625,72.5927734375,-18.8427734375
3.5203975,-16.5966796875,74.0087890625,-17.8173828125
3.5533817,-15.8642578125,74.7900390625,-16.3037109375
3.5799997,-15.3271484375,75.2783203125,-15.4248046875
3.6095071,-13.6669921875,75.6689453125,-16.2060546875
3.6413273,-13.9599609375,76.3037109375,-17.0361328125
3.6716667,-13.6181640625,76.6943359375,-16.7431640625
3.7001345,-14.0576171875,76.9384765625,-16.3525390625
3.7505008,-14.0087890625,77.0361328125,-15.9130859375
3.7705911,-14.8388671875,76.9384765625,-16.5478515625
3.79342,-14.3994140625,76.7431640625,-17.4755859375
3.8217893,-14.5458984375,76.1083984375,-18.2568359375
3.8500262,-15.4736328125,75.8642578125,-19.3798828125
3.8847145,-15.9619140625,75.1806640625,-19.6728515625
3.9123452,-16.5966796875,75.6689453125,-19.7216796875
3.9432534,-17.8173828125,74.5947265625,-21.7724609375
3.9736083,-17.5244140625,74.4970703125,-21.7236328125
4.001971,-19.1845703125,73.9111328125,-21.7724609375
4.0357983,-20.0146484375,73.5693359375,-23.2861328125
4.0650638,-20.7470703125,72.6904296875,-25.1904296875
4.1088222,-20.8935546875,71.7138671875,-26.0693359375
4.1302088,-21.7724609375,72.2021484375,-27.2412109375
4.1720233,-22.9443359375,72.2021484375,-23.7255859375
4.1923699,-23.5302734375,74.1552734375,-13.0810546875
4.2166524,-23.3349609375,76.2060546875,-6.2451171875
4.2439301,-21.8212890625,77.9150390625,-3.4130859375
4.2719297,-20.1611328125,78.7451171875,-2.7783203125
4.32328,-18.3056640625,80.2099609375,-2.0947265625
4.3433053,-17.7685546875,81.4794921875,-0.6787109375
4.381713,-16.8896484375,82.0166015625,1.1767578125
4.400749,-15.2294921875,82.5048828125,1.2255859375
4.4418742,-15.1318359375,83.7255859375,-0.1904296875
4.462019,-14.8876953125,83.3837890625,0.3466796875
4.5031432,-15.2294921875,83.8232421875,1.4208984375
4.5238297,-14.8388671875,84.2138671875,1.3720703125
4.5457794,-15.1318359375,83.6767578125,0.9326171875
4.5931213,-15.9130859375,84.1650390625,-0.1416015625
4.6151696,-15.6689453125,84.1162109375,-1.1181640625
4.6537518,-15.8642578125,84.0673828125,-2.8759765625
4.6738567,-16.8896484375,83.6279296875,-4.2919921875
4.7120544,-18.1103515625,82.2607421875,-5.2197265625
4.7320988,-17.8662109375,82.5537109375,-6.5380859375
4.772143,-18.4033203125,82.1142578125,-7.3681640625
4.7939933,-19.9658203125,81.3330078125,-9.0771484375
4.8310621,-20.4052734375,81.1865234375,-10.2490234375
4.852473,-21.8701171875,79.7216796875,-11.8115234375
4.8753992,-22.0166015625,79.4775390625,-13.6181640625
4.9239117,-23.2861328125,78.2568359375,-15.9619140625
4.944015,-23.4814453125,78.1591796875,-18.2568359375
4.9863685,-24.5556640625,77.3291015625,-19.6728515625
5.0071887,-25.5810546875,78.5986328125,-15.1806640625
5.0436249,-26.6552734375,80.4541015625,-4.2431640625
5.0638197,-26.2646484375,82.3583984375,1.1767578125
5.1039446,-25.4345703125,83.4326171875,3.0810546875
5.1264931,-22.6513671875,84.6044921875,2.5439453125
5.1659722,-21.9189453125,85.7763671875,2.9345703125
5.1859589,-21.7236328125,86.7529296875,3.9111328125
5.2268032,-20.0634765625,87.6318359375,4.9853515625
5.2489391,-20.3076171875,87.4365234375,4.4970703125
5.2881265,-18.9404296875,87.5830078125,3.0810546875
5.3090046,-19.5751953125,88.0712890625,2.9345703125
5.3293058,-18.9404296875,88.0712890625,3.4228515625
5.3576476,-19.1357421875,88.4619140625,2.8857421875
5.4067374,-19.0380859375,88.5595703125,1.6650390625
5.4266963,-19.2333984375,87.9248046875,0.1513671875
5.4496933,-19.3798828125,88.1689453125,-2.4365234375
5.4813012,-20.6982421875,86.8505859375,-3.8037109375
5.5108726,-21.8212890625,87.0947265625,-5.2685546875
5.5422513,-22.4072265625,86.2646484375,-6.9775390625
5.5890337,-22.9931640625,85.6787109375,-8.6865234375
5.6092485,-24.3115234375,84.6533203125,-10.6884765625
5.6494458,-24.2626953125,84.2626953125,-11.7138671875
5.6623241,-24.8486328125,83.3349609375,-14.0087890625
5.7077955,-26.4599609375,82.5537109375,-16.4501953125
5.7276282,-26.7041015625,82.2607421875,-18.8427734375
5.7516298,-28.1201171875,80.8447265625,-20.7470703125
5.7804286,-28.5595703125,80.7470703125,-22.7001953125
5.8127028,-30.1220703125,82.0654296875,-17.8173828125
5.8410852,-30.7080078125,83.2373046875,-8.2958984375
5.8738289,-30.3662109375,83.9697265625,-2.9248046875
5.9191139,-29.3408203125,85.9716796875,-2.0458984375
5.9391756,-27.9248046875,86.0205078125,-4.0966796875
5.9610178,-26.2646484375,88.1201171875,-4.9755859375
5.9945006,-25.9228515625,87.1923828125,-3.9990234375
6.022571,-25.7763671875,87.6318359375,-4.2919921875
6.0558343,-24.8486328125,87.2412109375,-5.9521484375
6.0833742,-24.3115234375,86.9970703125,-6.0986328125
6.1114378,-24.5556640625,87.7294921875,-5.8056640625
6.1619072,-25.3369140625,87.9248046875,-5.7080078125
6.1837595,-25.1904296875,87.4365234375,-7.2705078125
6.2238262,-25.0439453125,87.1923828125,-8.3935546875
6.2352042,-24.8486328125,86.8994140625,-9.9072265625
6.2657686,-25.0927734375,86.6064453125,-11.8115234375
6.2982763,-26.0693359375,86.1669921875,-13.6669921875
6.3426507,-27.0947265625,84.6533203125,-15.8154296875
6.3634174,-27.2900390625,84.6044921875,-17.9150390625
6.4029696,-28.1689453125,83.6279296875,-19.6240234375
6.4220854,-28.3642578125,83.0419921875,-21.9189453125
6.4455052,-29.2919921875,82.3095703125,-22.7978515625
6.4765903,-29.6337890625,81.7724609375,-25.1904296875
6.5219567,-31.4404296875,80.6005859375,-26.9970703125
6.5441946,-31.8310546875,80.2587890625,-29.4873046875
6.5807534,-32.1728515625,79.5263671875,-29.9755859375
6.6011746,-33.0029296875,80.6494140625,-23.5791015625
6.6557089,-33.9306640625,82.6025390625,-13.2275390625
6.6567217,-34.5654296875,84.3603515625,-7.1728515625
6.6851183,-33.0517578125,86.1669921875,-5.9521484375
6.7187497,-31.0986328125,86.7041015625,-5.9521484375
6.7485843,-30.0244140625,87.2412109375,-6.0986328125
6.7775312,-28.8525390625,89.0478515625,-4.0966796875
6.8265265,-27.2900390625,89.3408203125,-2.8759765625
6.8356072,-27.0458984375,89.9755859375,-4.0966796875
6.88584,-25.5810546875,89.7802734375,-5.2685546875
6.89805,-25.8740234375,89.9755859375,-4.8291015625
6.9445409,-25.2392578125,91.1474609375,-4.9267578125
6.964715,-25.3369140625,91.2939453125,-5.7568359375
7.003692,-25.9228515625,91.1962890625,-6.9775390625
7.0237992,-25.7275390625,90.8056640625,-8.7841796875
7.0512234,-26.0693359375,90.5126953125,-11.1767578125
7.0800747,-26.8017578125,89.7314453125,-12.4951171875
7.1084594,-27.4365234375,89.7802734375,-15.5712890625
7.1393113,-28.1201171875,88.4619140625,-17.6708984375
7.1681771,-29.0478515625,88.7060546875,-19.1845703125
7.2011266,-29.1943359375,88.3642578125,-21.4306640625
7.2475321,-30.1220703125,87.4365234375,-23.0419921875
7.2595276,-31.6357421875,87.3876953125,-24.3115234375
7.2872991,-32.4169921875,85.8740234375,-26.9970703125
7.3206109,-33.6865234375,84.8486328125,-29.7314453125
7.3483151,-33.3447265625,85.0927734375,-30.7568359375
7.3844194,-34.4677734375,87.1923828125,-22.0166015625
7.4107292,-34.5654296875,88.7548828125,-12.9345703125
7.4415799,-34.2724609375,90.2197265625,-7.7099609375
7.4731303,-32.6611328125,92.1240234375,-6.8798828125
7.5024887,-30.6591796875,93.1494140625,-7.2705078125
7.5334097,-29.3408203125,94.3212890625,-6.8798828125
7.5630487,-29.1455078125,95.3955078125,-5.2197265625
7.5922343,-28.9501953125,96.0791015625,-5.1220703125
7.6233209,-27.2412109375,95.7373046875,-5.9521484375
7.6543097,-26.0693359375,96.2255859375,-8.0029296875
7.6828509,-26.0205078125,97.1044921875,-8.4912109375
7.7153823,-25.9716796875,96.3232421875,-9.0771484375
7.7430027,-25.8740234375,97.3486328125,-10.1513671875
7.7726116,-26.4111328125,96.5185546875,-11.3720703125
7.8037679,-26.5576171875,96.7626953125,-13.9599609375
7.8322098,-26.6064453125,95.5419921875,-15.9619140625
7.8612205,-28.3154296875,95.2978515625,-17.7685546875
7.8963081,-29.0478515625,94.4677734375,-20.7958984375
7.9222064,-29.5849609375,94.2724609375,-22.1630859375
7.9551588,-30.1220703125,92.8564453125,-24.4580078125
7.9836162,-31.2939453125,92.7099609375,-26.3134765625
8.0126048,-31.2939453125,91.5869140625,-28.8037109375
8.0470922,-32.1240234375,90.8056640625,-30.7568359375
8.0754147,-33.5888671875,90.4150390625,-32.9541015625
8.1052874,-34.2724609375,90.3173828125,-32.0263671875
8.1372228,-35.6396484375,92.6611328125,-22.1142578125
8.165085,-35.8837890625,94.4189453125,-14.4970703125
8.1929848,-36.0791015625,95.2978515625,-11.2255859375
8.2258956,-34.5166015625,96.3232421875,-11.8603515625
8.2542521,-33.4423828125,97.5927734375,-12.3974609375
8.288113,-31.4404296875,98.2763671875,-11.5673828125
8.315331,-30.7568359375,98.9111328125,-9.7607421875
8.3437248,-29.6337890625,99.0087890625,-11.5673828125
8.3768438,-28.6572265625,99.3994140625,-12.8369140625
8.4064759,-28.5107421875,99.0576171875,-13.9111328125
8.4362417,-29.4873046875,99.2529296875,-14.5947265625
8.4688481,-29.3896484375,99.2041015625,-15.1806640625
8.4973163,-29.6826171875,99.1064453125,-17.0361328125
8.5248641,-29.9755859375,98.6669921875,-18.7939453125
8.5580619,-30.1220703125,97.9345703125,-21.0400390625
8.5880159,-30.8544921875,97.2509765625,-24.5068359375
8.6212871,-31.6845703125,96.6650390625,-27.5341796875
8.6482972,-31.8310546875,95.9814453125,-30.1220703125
8.6767713,-33.1005859375,95.0048828125,-31.4892578125
8.7048866,-34.0283203125,93.9794921875,-33.7353515625
8.7391518,-34.7119140625,93.0029296875,-35.4931640625
8.7658722,-35.6884765625,92.5146484375,-38.7646484375
8.7984829,-36.7626953125,91.1962890625,-41.0107421875
8.8272362,-38.1298828125,90.4638671875,-43.4521484375
8.8564117,-39.6923828125,90.2685546875,-41.4501953125
8.890105,-40.1318359375,92.2216796875,-30.8056640625
8.9176534,-41.0107421875,94.5166015625,-22.0654296875
8.9502628,-41.3037109375,95.5419921875,-20.1611328125
8.9793109,-38.8623046875,96.3720703125,-20.9423828125
9.0080856,-36.6650390625,97.1533203125,-20.8447265625
9.0361955,-35.5419921875,97.6904296875,-20.6005859375
9.0741734,-34.8583984375,98.5693359375,-20.3564453125
9.0992269,-33.8330078125,98.2763671875,-21.7724609375
9.1321889,-33.9306640625,98.4228515625,-23.0908203125
9.1600453,-32.9052734375,97.7392578125,-23.4326171875
9.1897172,-33.6376953125,97.8857421875,-24.8974609375
9.2222335,-33.3447265625,97.6904296875,-25.1416015625
9.2503062,-33.4423828125,97.9345703125,-26.4599609375
9.2999178,-34.1259765625,96.9091796875,-28.8525390625
9.3108529,-34.0771484375,96.8115234375,-30.5615234375
9.3417476,-34.2724609375,96.3232421875,-32.7587890625
9.3699131,-35.5419921875,95.4443359375,-34.8583984375
9.4038157,-36.4697265625,94.1748046875,-37.3974609375
9.4296457,-37.6416015625,93.0517578125,-39.1064453125
9.4679164,-38.4228515625,92.1728515625,-41.4501953125
9.493184,-39.3994140625,91.1962890625,-43.4033203125
9.5193573,-39.7412109375,90.5615234375,-44.7705078125
9.554688,-41.7919921875,89.0966796875,-47.0166015625
9.5816516,-42.7685546875,87.9736328125,-49.2626953125
9.6116187,-43.3056640625,86.7529296875,-51.5087890625
9.6440957,-44.1357421875,85.6298828125,-54.7314453125
9.6733993,-44.7705078125,85.3369140625,-56.2939453125
9.7051852,-45.7958984375,86.8017578125,-48.0908203125
9.7338498,-47.2119140625,88.6572265625,-37.1533203125
9.7618079,-48.0908203125,89.2919921875,-32.8076171875
9.7956115,-46.9189453125,90.1220703125,-32.1728515625
9.8243551,-44.5751953125,90.5126953125,-34.2724609375
9.8524058,-42.5732421875,91.3916015625,-36.0302734375
9.8846768,-41.7919921875,92.1728515625,-36.0791015625
9.9136794,-41.2060546875,91.8798828125,-37.2509765625
9.9425874,-41.1083984375,91.3427734375,-39.6923828125
9.9741755,-40.5224609375,91.3916015625,-39.5947265625
10.0036027,-39.3994140625,91.6845703125,-38.9599609375
10.0366907,-40.0341796875,91.5380859375,-40.7177734375
10.0659353,-40.3759765625,90.4638671875,-41.9873046875
10.1102845,-40.3271484375,90.1220703125,-43.1103515625
10.1315049,-40.4248046875,89.2919921875,-45.1123046875
10.1564502,-40.7177734375,89.0966796875,-46.7724609375
10.183191,-41.3525390625,88.2177734375,-49.1650390625
10.2164601,-41.7431640625,87.5341796875,-49.8974609375
10.2460614,-42.8662109375,86.5087890625,-51.6064453125
10.276201,-43.6962890625,85.2880859375,-52.9248046875
10.306867,-45.0634765625,84.5068359375,-54.5361328125
10.3366257,-45.4052734375,83.0908203125,-55.6591796875
10.3638394,-46.0888671875,82.8466796875,-57.6123046875
10.396673,-47.1630859375,81.4306640625,-59.4677734375
10.4236285,-48.5302734375,80.0146484375,-61.7626953125
10.4586005,-49.5556640625,80.4052734375,-60.6396484375
10.5042737,-49.9462890625,82.9443359375,-50.4345703125
10.5258162,-50.7763671875,84.8974609375,-41.7431640625
10.5504996,-51.3134765625,85.3857421875,-39.0576171875
10.5772538,-49.7509765625,86.0205078125,-40.0830078125
10.6065375,-46.9677734375,86.6552734375,-41.6943359375
10.6377282,-45.3564453125,87.6806640625,-41.4501953125
10.6681171,-44.4775390625,87.5830078125,-41.2548828125
10.6966135,-43.8427734375,87.3876953125,-42.7197265625
10.7284185,-43.1103515625,87.2900390625,-44.0380859375
10.7579085,-42.7685546875,86.8994140625,-43.8916015625
10.7896261,-42.8173828125,87.3388671875,-44.7216796875
10.8183268,-43.5498046875,87.4853515625,-44.3798828125
10.8462378,-42.6708984375,86.2646484375,-45.8447265625
10.8759262,-43.2080078125,86.2646484375,-47.3095703125
10.9086212,-43.5009765625,85.4833984375,-49.5068359375
10.9365669,-43.5986328125,84.7021484375,-51.0693359375
10.9705904,-43.9892578125,84.1162109375,-52.7294921875
11.0000694,-46.0400390625,83.4326171875,-54.0478515625
11.0287556,-46.2841796875,82.5537109375,-55.6591796875
11.0604073,-47.1630859375,81.5283203125,-56.7822265625
11.09027,-47.6513671875,80.6005859375,-58.3935546875
11.1258442,-48.1884765625,80.0634765625,-58.9794921875
11.1501899,-49.7998046875,78.6962890625,-61.2744140625
11.1818501,-50.6787109375,78.0615234375,-62.6904296875
11.2116319,-51.8017578125,77.1826171875,-65.7177734375
11.2424101,-52.1435546875,77.5244140625,-62.8857421875
11.2691457,-53.6572265625,79.7705078125,-51.6552734375
11.3028249,-54.1943359375,81.7236328125,-43.6962890625
11.3309827,-54.5849609375,83.1884765625,-40.3271484375
11.3634899,-53.5107421875,84.7021484375,-40.7177734375
11.3914936,-50.4345703125,85.7275390625,-40.7666015625
11.4192948,-48.8720703125,86.7041015625,-39.7900390625
11.4505563,-47.5048828125,87.8759765625,-38.6181640625
11.4831656,-46.5283203125,87.8271484375,-38.6669921875
11.5119394,-45.2587890625,87.9736328125,-39.8876953125
11.5446651,-44.1357421875,88.0224609375,-40.7666015625
11.5734854,-43.4033203125,88.2177734375,-40.0341796875
11.6032905,-44.1357421875,88.3642578125,-40.3271484375
11.6351392,-43.8916015625,87.8759765625,-40.9130859375
11.6641676,-44.7216796875,87.6806640625,-43.0126953125
11.6907326,-44.4287109375,87.0458984375,-43.9892578125
11.7414489,-44.7216796875,86.5576171875,-45.2587890625
11.7616017,-45.1611328125,85.5322265625,-47.5537109375
11.7804876,-46.4306640625,84.5556640625,-48.5791015625
11.8137314,-46.6748046875,83.3349609375,-50.2880859375
11.8440605,-48.1884765625,83.3837890625,-51.6064453125
11.8763986,-48.5791015625,82.5048828125,-53.4130859375
11.9034603,-49.7021484375,81.1865234375,-54.6826171875
11.9337133,-50.9716796875,79.8193359375,-56.5380859375
11.9658478,-51.6552734375,79.1357421875,-58.2470703125
12.0022334,-52.4365234375,77.8662109375,-60.1025390625
12.0222493,-53.5595703125,77.4755859375,-62.2509765625
12.0598624,-54.0478515625,77.5244140625,-62.2509765625
12.0848581,-54.9267578125,79.7705078125,-51.1669921875
12.1181474,-55.9521484375,81.6259765625,-42.0361328125
12.1466212,-57.1240234375,82.5537109375,-38.4716796875
12.1742994,-56.0009765625,84.3115234375,-38.5205078125
12.2027745,-53.0712890625,85.7275390625,-38.3251953125
12.2387043,-50.8251953125,86.3623046875,-38.4716796875
12.2670303,-48.8720703125,87.7783203125,-37.4951171875
12.2959583,-48.4326171875,87.4853515625,-37.0068359375
12.3323367,-47.4560546875,87.5341796875,-38.7646484375
12.356273,-46.1865234375,87.0458984375,-39.1552734375
12.3882076,-45.7958984375,87.5341796875,-40.7666015625
12.4169086,-45.7470703125,87.5341796875,-39.8388671875
12.4516415,-46.4794921875,86.4111328125,-40.5224609375
12.4781438,-46.0888671875,86.5576171875,-42.0361328125
12.5141801,-45.8935546875,86.0205078125,-44.1357421875
12.5351608,-47.1142578125,84.7021484375,-45.4541015625
12.5695552,-46.9189453125,84.9462890625,-47.0166015625
12.5973285,-48.2861328125,84.1162109375,-49.4580078125
12.6318425,-48.2373046875,82.8466796875,-50.2392578125
12.6574109,-49.4091796875,81.9677734375,-51.9970703125
12.6930207,-50.0927734375,81.2353515625,-54.1455078125
12.7362831,-50.2880859375,79.9658203125,-56.0498046875
12.7504201,-52.2900390625,79.7216796875,-57.4658203125
12.7763733,-53.0224609375,78.3056640625,-60.1513671875
12.8128619,-53.6572265625,77.5732421875,-61.7626953125
12.8388243,-55.0732421875,75.6201171875,-64.1552734375
12.8705143,-55.7568359375,74.5458984375,-66.0107421875
12.9013835,-56.4892578125,74.1552734375,-67.7197265625
12.9294616,-57.2705078125,75.7177734375,-59.6142578125
12.9628235,-57.9052734375,78.1591796875,-48.3837890625
12.9893018,-59.6142578125,79.6728515625,-43.5498046875
13.0259609,-59.4677734375,80.2099609375,-43.0615234375
13.0531304,-57.3681640625,81.4794921875,-44.4775390625
13.0806755,-54.4873046875,83.6767578125,-44.8681640625
13.1083517,-53.1201171875,83.8720703125,-43.9892578125
13.1429058,-51.7041015625,83.9697265625,-43.8916015625
13.1706725,-50.8251953125,83.3837890625,-44.8681640625
13.1976641,-49.7021484375,83.2861328125,-46.2353515625
13.2376601,-49.1162109375,83.6767578125,-46.2353515625
13.261728,-49.0673828125,84.0185546875,-46.2841796875
13.2928364,-48.8232421875,83.1884765625,-47.5537109375
13.3236276,-49.1650390625,83.4814453125,-48.0419921875
13.3500141,-49.4580078125,82.2607421875,-50.6298828125
13.3824264,-49.4091796875,81.8212890625,-52.3876953125
13.4203337,-49.4091796875,81.7724609375,-54.0966796875
13.4459832,-50.2392578125,80.9423828125,-55.9033203125
13.4732694,-51.0693359375,79.9169921875,-57.3193359375
13.5044316,-51.7529296875,79.0380859375,-59.6630859375
13.5316487,-52.8271484375,77.5732421875,-61.3720703125
13.5699469,-53.6572265625,77.1826171875,-62.2998046875
13.5928902,-54.0478515625,76.8408203125,-64.5947265625
13.6254414,-54.8291015625,75.2783203125,-66.6455078125
13.6536256,-55.9033203125,74.0087890625,-68.6962890625
13.6828572,-56.9287109375,72.5927734375,-70.9423828125
13.7291522,-57.9052734375,72.3974609375,-73.2861328125
13.744373,-58.5400390625,72.5439453125,-73.7744140625
13.7725173,-59.2236328125,74.5458984375,-62.7880859375
13.80651,-60.9814453125,75.9130859375,-54.1455078125
13.8341295,-61.7626953125,76.4501953125,-51.8994140625
13.868072,-61.1767578125,77.2802734375,-52.4365234375
13.8958992,-59.6142578125,77.7685546875,-54.0478515625
13.92385,-56.9287109375,78.4033203125,-54.7802734375
13.9561384,-54.5849609375,78.9404296875,-55.3173828125
13.9863349,-55.0732421875,78.1103515625,-56.9287109375
14.0134631,-54.7802734375,78.0126953125,-57.7099609375
14.0528025,-53.7060546875,78.0615234375,-56.9287109375
14.0728843,-53.0224609375,78.7939453125,-56.5869140625
14.1092722,-53.6083984375,77.5244140625,-57.1728515625
14.1365362,-53.1689453125,77.6708984375,-58.2958984375
14.1652155,-53.0712890625,76.9384765625,-60.5908203125
14.193912,-53.4130859375,76.2548828125,-61.9091796875
14.2316195,-53.4130859375,76.0595703125,-63.6181640625
14.2535182,-53.9501953125,74.8388671875,-65.3759765625
14.2907991,-54.3408203125,74.6435546875,-66.8896484375
14.3175641,-55.7080078125,73.9111328125,-68.1103515625
14.3453182,-56.1962890625,73.7158203125,-69.6240234375
14.381228,-57.1240234375,72.3974609375,-71.0888671875
14.4060572,-58.1494140625,71.9580078125,-72.9443359375
14.4393303,-58.8818359375,70.4931640625,-73.9208984375
14.4679466,-59.5654296875,69.6630859375,-76.8017578125
14.4970898,-59.1748046875,68.9794921875,-78.0712890625
14.530415,-60.8349609375,70.4931640625,-74.7021484375
14.5599588,-62.0556640625,72.3486328125,-62.9833984375
14.5895159,-62.4951171875,74.1064453125,-56.0986328125
14.616043,-63.7646484375,75.2294921875,-53.8037109375
14.6521348,-62.1044921875,75.5224609375,-55.2197265625
14.6751958,-59.7119140625,76.5966796875,-55.8056640625
14.7133623,-57.7099609375,77.6708984375,-54.8291015625
14.7386229,-56.0498046875,78.0126953125,-54.9267578125
14.7683316,-55.3173828125,77.3779296875,-55.7080078125
14.8068888,-54.5361328125,77.9150390625,-56.8798828125
14.8286584,-53.4130859375,77.7197265625,-56.8310546875
14.8598523,-52.9736328125,77.7685546875,-56.3427734375
14.8915621,-53.2177734375,77.5732421875,-56.8310546875
14.9173573,-53.6572265625,77.5244140625,-58.3447265625
14.954421,-53.6083984375,77.0361328125,-59.7607421875
14.9799007,-53.1201171875,76.5478515625,-61.3232421875
15.0087106,-54.0966796875,76.0107421875,-63.2763671875
15.0443226,-53.9501953125,75.2294921875,-64.8876953125
15.0701809,-54.9267578125,74.2529296875,-66.4990234375
15.0988695,-55.7568359375,73.9111328125,-68.5986328125
15.1350197,-56.6845703125,73.0810546875,-70.1611328125
15.1598957,-57.4169921875,72.0556640625,-72.1142578125
15.195427,-58.1005859375,70.2978515625,-73.4326171875
15.2247755,-59.1748046875,70.3955078125,-75.3857421875
15.2503396,-59.9560546875,69.6630859375,-77.6318359375
15.2791922,-61.1279296875,68.2958984375,-79.4384765625
15.3164282,-62.1044921875,67.6123046875,-81.5380859375
15.3416755,-62.4462890625,68.8818359375,-77.5341796875
15.3750535,-62.9833984375,71.4697265625,-64.7412109375
15.4024158,-64.4482421875,73.3251953125,-55.9521484375
15.4327597,-65.0830078125,74.5947265625,-53.8525390625
15.4647856,-64.6435546875,75.9619140625,-52.7783203125
15.4941322,-61.5673828125,77.2314453125,-52.7783203125
15.5229216,-58.6376953125,79.1357421875,-51.7041015625
15.5547439,-57.0751953125,79.4287109375,-50.2392578125
15.5843036,-55.8544921875,79.4775390625,-50.5322265625
15.615812,-54.2431640625,80.1123046875,-51.5087890625
15.6441602,-53.7548828125,80.4541015625,-52.4365234375
15.6741523,-53.2177734375,80.6982421875,-52.2900390625
15.7037873,-52.1923828125,80.4052734375,-51.8994140625
15.7338738,-52.3876953125,79.9169921875,-52.7294921875
15.7637708,-52.6318359375,80.1123046875,-54.9755859375
15.7952683,-52.3388671875,79.4287109375,-56.3427734375
15.8261798,-52.3388671875,78.9404296875,-58.5888671875
15.8546402,-52.9736328125,78.5498046875,-59.8095703125
15.8872265,-53.7060546875,77.5244140625,-62.0068359375
15.9138847,-54.5849609375,77.3291015625,-63.4716796875
15.9451096,-55.1220703125,76.2060546875,-65.3759765625
15.9758737,-56.0986328125,75.4248046875,-66.9384765625
16.0042285,-56.4892578125,75.1806640625,-68.7939453125
16.0382087,-57.8076171875,74.3017578125,-70.7958984375
16.0674191,-58.5400390625,72.6904296875,-72.2119140625
16.0942272,-59.4189453125,72.0556640625,-74.3603515625
16.1298265,-60.2490234375,70.7373046875,-76.9482421875
16.1556576,-60.4443359375,70.7373046875,-78.7060546875
16.1848941,-61.3232421875,69.9560546875,-81.1474609375
16.217496,-63.0810546875,71.7138671875,-72.8466796875
16.2471715,-64.1064453125,74.4970703125,-60.3955078125
16.2805767,-65.6201171875,75.0341796875,-54.6337890625
16.3092818,-66.3037109375,76.3525390625,-53.4619140625
16.3375978,-64.7900390625,78.4033203125,-53.5595703125
16.3644841,-62.2509765625,79.0380859375,-53.6083984375
16.4002809,-59.1259765625,80.3076171875,-52.3388671875
16.4277341,-57.8076171875,80.4052734375,-51.8017578125
16.4592714,-56.7333984375,80.4052734375,-53.5595703125
16.4893767,-55.2197265625,80.6982421875,-53.9501953125
16.5181642,-53.9990234375,80.7470703125,-54.2919921875
16.5493719,-53.4619140625,81.5771484375,-55.1220703125
16.5776058,-53.0224609375,80.7958984375,-55.1708984375
16.6080346,-53.3642578125,80.6982421875,-56.6845703125
16.6390658,-53.4130859375,80.4052734375,-58.0517578125
16.6687111,-53.1201171875,79.6728515625,-60.0537109375
16.7031104,-53.8525390625,78.7939453125,-62.2998046875
16.7308927,-54.1455078125,79.1845703125,-63.6181640625
16.76912,-54.7802734375,78.3544921875,-65.5224609375
16.7914664,-55.6591796875,77.9150390625,-67.3779296875
16.8283141,-56.5380859375,76.9384765625,-68.9404296875
16.8493146,-57.8564453125,75.9619140625,-70.6494140625
16.882728,-58.4912109375,75.2783203125,-72.7490234375
16.919807,-59.2236328125,74.2041015625,-74.3115234375
16.9404916,-60.2978515625,73.2763671875,-76.6552734375
16.9711908,-60.8837890625,71.9580078125,-79.0966796875
17.0079193,-62.2509765625,72.0556640625,-81.0498046875
17.0292679,-62.8857421875,70.6884765625,-83.7353515625
17.0605528,-64.1552734375,70.0048828125,-85.2978515625
17.0998854,-64.8388671875,71.8603515625,-76.7041015625
17.123602,-65.7177734375,73.7158203125,-65.2783203125
17.1530306,-67.4755859375,74.8876953125,-59.7607421875
17.1831348,-67.8173828125,75.9130859375,-59.7119140625
17.2141663,-67.0361328125,76.5966796875,-61.3720703125
17.253338,-64.3994140625,77.2314453125,-62.1533203125
17.2712395,-61.3720703125,77.9150390625,-61.3720703125
17.3158169,-60.6396484375,77.7197265625,-62.4951171875
17.3314004,-59.8095703125,78.3056640625,-63.8623046875
17.3711607,-58.5888671875,78.0126953125,-64.8388671875
17.393831,-58.0517578125,78.9892578125,-64.0576171875
17.4311886,-57.2705078125,78.2080078125,-64.4970703125
17.4506888,-57.3681640625,77.8662109375,-65.2294921875
17.5036729,-57.4169921875,77.9150390625,-67.1337890625
17.5338775,-58.2958984375,76.7919921875,-69.1357421875
17.5444227,-57.6611328125,76.8408203125,-71.1376953125
17.5812164,-57.8564453125,76.5478515625,-72.3583984375
17.6023686,-58.3447265625,75.3271484375,-74.1162109375
17.6420361,-58.9306640625,74.7900390625,-76.0693359375
17.6617816,-60.1513671875,73.4228515625,-77.2412109375
17.7001781,-60.6884765625,73.2275390625,-78.2177734375
17.7245926,-61.3720703125,72.3974609375,-79.5361328125
17.7595406,-61.8603515625,71.6162109375,-81.6845703125
17.786417,-63.0322265625,71.2255859375,-83.4423828125
17.8320808,-63.5205078125,69.8583984375,-85.6884765625
17.8617241,-64.8876953125,68.7353515625,-87.4462890625
17.876325,-65.5712890625,70.8349609375,-82.1728515625
17.9159019,-66.9384765625,73.3740234375,-70.4052734375
17.9358421,-67.5244140625,74.5947265625,-63.0322265625
17.9676996,-68.6474609375,75.2294921875,-61.5673828125
18.0060763,-67.5732421875,75.4248046875,-61.7626953125
18.0245076,-65.9130859375,77.0849609375,-62.4462890625
18.0670543,-62.9833984375,77.3291015625,-62.2021484375
18.0866578,-61.5673828125,77.6708984375,-62.2998046875
18.1177055,-61.1279296875,77.1337890625,-63.8623046875
18.1490208,-59.3701171875,77.0849609375,-64.8876953125
18.1870223,-59.3212890625,77.3291015625,-64.4482421875
18.2078811,-57.8076171875,77.9150390625,-64.2529296875
18.2534905,-57.7587890625,77.5244140625,-65.2294921875
18.2670181,-57.9052734375,77.0361328125,-65.9130859375
18.3074404,-58.1005859375,76.7431640625,-67.7197265625
18.3284906,-57.9541015625,76.4501953125,-69.8193359375
18.3660678,-58.0517578125,75.3759765625,-71.0400390625
18.3895803,-58.8818359375,74.7412109375,-73.0908203125
18.4180003,-59.1748046875,74.3994140625,-74.8486328125
18.456451,-59.7119140625,72.8857421875,-76.5087890625
18.4784334,-60.9814453125,73.1787109375,-77.8759765625
18.5174066,-61.8603515625,71.5185546875,-79.0478515625
18.5368526,-62.5927734375,70.9814453125,-80.5126953125
18.5743354,-63.1298828125,69.9072265625,-81.5869140625
18.596503,-64.4970703125,69.0771484375,-84.2236328125
18.6343977,-65.6201171875,67.9541015625,-86.5185546875
18.6587255,-66.8896484375,68.2470703125,-87.7880859375
18.6969327,-67.9150390625,70.5908203125,-76.8017578125
18.7212724,-67.8662109375,72.2998046875,-65.7666015625
18.7590159,-69.2333984375,74.2529296875,-59.3701171875
18.7774643,-70.5029296875,75.6689453125,-57.6611328125
18.8152886,-69.3798828125,77.1826171875,-57.6611328125
18.8400268,-66.0595703125,78.3544921875,-56.8310546875
18.8772169,-63.7158203125,79.6728515625,-54.7802734375
18.9017208,-61.5185546875,80.3076171875,-53.6083984375
18.9384767,-60.2490234375,79.9658203125,-54.4873046875
18.9629398,-58.9794921875,80.5517578125,-55.4150390625
19.0008531,-57.3193359375,80.9423828125,-55.2197265625
19.020485,-56.8310546875,81.3818359375,-54.5849609375
19.0649983,-56.8310546875,81.2353515625,-55.6591796875
19.0967558,-56.2939453125,80.8447265625,-56.8798828125
19.1147167,-56.5869140625,80.3564453125,-58.6865234375
19.1423244,-56.8798828125,80.3076171875,-59.6142578125
19.1810908,-56.1474609375,78.9892578125,-61.2255859375
19.2038614,-56.7822265625,78.2568359375,-63.5693359375
19.2516864,-57.5146484375,77.6220703125,-65.2783203125
19.2711295,-58.5400390625,76.7919921875,-67.6220703125
19.2932454,-59.8095703125,76.6943359375,-68.7451171875
19.3300109,-60.5908203125,75.4248046875,-70.6494140625
19.3519099,-61.4208984375,75.2783203125,-72.2607421875
19.3873015,-62.1533203125,74.0087890625,-74.5556640625
19.4127703,-63.1298828125,72.9833984375,-76.8505859375
19.4507697,-64.1064453125,72.3974609375,-78.9990234375
19.4726328,-65.0341796875,71.0302734375,-82.3193359375
19.5055596,-66.4990234375,70.3466796875,-84.4677734375
19.5364024,-67.4755859375,70.6396484375,-84.6142578125
19.5658939,-68.3056640625,72.8857421875,-71.1376953125
19.5925268,-68.8916015625,74.9853515625,-60.2001953125
19.6314472,-70.6494140625,76.8408203125,-54.5361328125
19.653147,-71.7236328125,77.5732421875,-53.9013671875
19.6886073,-70.9423828125,78.7939453125,-54.1455078125
19.7158728,-68.1103515625,79.6728515625,-53.4130859375
19.7545094,-64.6435546875,81.2841796875,-51.3623046875
19.7713616,-63.0810546875,81.2353515625,-50.7763671875
19.8093312,-61.3232421875,81.5283203125,-51.5087890625
19.8365919,-60.2001953125,81.3330078125,-52.5341796875
19.8721888,-58.8330078125,81.8701171875,-52.5341796875
19.8960786,-58.7353515625,81.6748046875,-52.4853515625
19.9313143,-57.5634765625,81.3330078125,-53.7548828125
19.9575452,-57.5146484375,81.4306640625,-54.9755859375
19.9976003,-57.8076171875,80.6005859375,-57.6123046875
20.0171986,-58.1494140625,80.3076171875,-59.1748046875
20.0538887,-57.8076171875,79.3798828125,-61.1279296875
20.0777052,-58.9306640625,78.9892578125,-63.5693359375
20.1093128,-59.8095703125,78.5986328125,-65.6689453125
20.1389042,-60.2001953125,77.5732421875,-67.6220703125
20.1774098,-61.1279296875,76.4013671875,-69.3798828125
20.1995165,-62.2509765625,75.9619140625,-70.7958984375
20.2290756,-63.0810546875,75.0341796875,-72.9931640625
20.2556832,-63.6181640625,74.3505859375,-76.0693359375
20.2924472,-65.0830078125,73.3740234375,-78.0712890625
20.3189346,-65.7177734375,72.8857421875,-79.8779296875
20.3557669,-66.5478515625,70.8837890625,-82.2705078125
20.3800017,-68.2080078125,69.9560546875,-85.7373046875
20.4079501,-68.9892578125,69.0283203125,-88.3251953125
20.4456019,-69.8681640625,70.5908203125,-85.1513671875
20.4700916,-70.9912109375,72.2509765625,-69.9169921875
20.498398,-71.6259765625,74.3994140625,-61.1767578125
20.53185,-72.4072265625,75.3759765625,-58.9306640625
20.5605828,-73.6767578125,75.4736328125,-59.5166015625
20.5881661,-73.0908203125,76.8896484375,-60.8837890625
20.6232034,-69.6728515625,77.3291015625,-60.8349609375
20.6496129,-66.9873046875,77.3291015625,-61.2744140625
20.6796624,-64.9365234375,77.4267578125,-61.8115234375
20.7138115,-64.4970703125,77.4267578125,-63.3251953125
20.7394518,-63.7158203125,77.4267578125,-63.8134765625
20.7718993,-62.7880859375,77.6708984375,-63.9599609375
20.80212,-61.9580078125,76.6943359375,-64.0576171875
20.8312704,-62.2021484375,76.4501953125,-65.1806640625
20.8584432,-62.5927734375,75.8642578125,-67.0361328125
20.8943444,-62.7392578125,75.5712890625,-69.3798828125
20.9217346,-62.7392578125,74.7412109375,-71.4794921875
20.9542713,-62.5927734375,74.0576171875,-73.6279296875
20.9824091,-62.9833984375,73.4228515625,-74.9951171875
21.0114479,-63.9599609375,72.7392578125,-76.7041015625
21.0439802,-65.1806640625,71.9580078125,-78.1201171875
21.0708321,-66.4990234375,71.0791015625,-79.6826171875
21.1034264,-66.7919921875,70.2001953125,-81.0986328125
21.1334915,-67.1826171875,69.2236328125,-83.6376953125
21.1626111,-68.1103515625,68.6376953125,-85.7861328125
21.1961979,-69.5263671875,68.2958984375,-88.4716796875
21.2261602,-69.9169921875,67.8564453125,-88.8623046875
21.2531731,-70.7470703125,70.3955078125,-79.2431640625
21.2837662,-71.4794921875,71.7626953125,-67.0361328125
21.3127471,-73.0419921875,72.8369140625,-61.1767578125
21.3417928,-74.1162109375,73.4228515625,-61.0791015625
21.3758668,-74.0185546875,74.7900390625,-61.5673828125
21.4032681,-72.3583984375,75.7177734375,-62.3486328125
21.4372782,-69.1357421875,75.3759765625,-61.5185546875
21.4648706,-66.4013671875,75.6201171875,-62.1044921875
21.4954336,-65.7177734375,74.7900390625,-63.6181640625
21.5231562,-64.3505859375,76.0595703125,-64.3017578125
21.5540577,-63.8623046875,75.5224609375,-63.2763671875
21.583211,-64.0576171875,74.8388671875,-63.3740234375
21.6191259,-63.0322265625,74.7412109375,-64.5947265625
21.6451117,-63.5693359375,74.6923828125,-65.5712890625
21.6746352,-63.7158203125,73.6181640625,-67.9638671875
21.7069858,-63.7646484375,72.8857421875,-70.1611328125
21.7367642,-63.3251953125,72.5439453125,-71.8701171875
21.7650169,-63.3251953125,71.9580078125,-73.6279296875
21.7979291,-64.5458984375,70.8837890625,-75.3857421875
21.8252791,-65.8154296875,70.7861328125,-76.7529296875
21.8582058,-66.1572265625,69.6630859375,-78.0712890625
21.8863266,-67.3779296875,68.4423828125,-80.2197265625
21.9274403,-68.1591796875,67.3193359375,-81.9287109375
21.9455356,-68.2080078125,66.7822265625,-83.5888671875
21.9769923,-69.7705078125,65.9521484375,-86.0791015625
22.0062201,-70.6982421875,65.1708984375,-87.9833984375
22.0393624,-71.9189453125,67.5634765625,-81.8798828125
22.0812789,-72.7978515625,69.3701171875,-66.4990234375
22.0947958,-73.4814453125,71.3720703125,-58.5400390625
22.137918,-74.7998046875,72.2021484375,-55.7080078125
22.1581841,-75.6298828125,74.6923828125,-55.7568359375
22.1854639,-74.7509765625,75.5712890625,-55.2197265625
22.219368,-72.2607421875,76.8896484375,-53.8037109375
22.248583,-68.5009765625,77.3291015625,-51.7041015625
22.2898901,-66.4501953125,77.0849609375,-51.6064453125
22.3099372,-65.3271484375,77.4755859375,-53.3154296875
22.3384977,-63.9599609375,77.5244140625,-53.6083984375
22.3697362,-62.2509765625,78.4521484375,-53.5595703125
22.4075705,-61.0791015625,78.3544921875,-53.3154296875
22.4284738,-61.0791015625,77.9150390625,-54.7314453125
22.4720761,-61.2744140625,77.5244140625,-55.9033203125
22.4917326,-61.4208984375,77.6220703125,-57.4658203125
22.530537,-61.8603515625,76.8408203125,-59.5166015625
22.5485688,-61.2255859375,75.9619140625,-61.1279296875
22.588294,-61.9091796875,75.2783203125,-62.6416015625
22.6090754,-62.1044921875,74.8388671875,-64.6435546875
22.6413858,-63.2763671875,73.9111328125,-66.4013671875
22.6801153,-64.5947265625,73.4716796875,-67.6220703125
22.700039,-64.8876953125,72.0068359375,-70.1123046875
22.7426744,-66.3037109375,71.4208984375,-71.3330078125
22.7597045,-67.0849609375,69.3701171875,-73.3349609375
22.799163,-67.9638671875,69.4677734375,-75.7763671875
22.8344348,-68.5498046875,68.2470703125,-78.1201171875
22.8493592,-70.0634765625,68.4912109375,-80.6103515625
22.8859081,-70.9423828125,70.2978515625,-72.9931640625
22.9093287,-71.0888671875,72.6904296875,-57.8076171875
22.9508044,-72.7001953125,73.9111328125,-49.7998046875
22.9723679,-73.8232421875,75.3759765625,-47.3583984375
23.0098866,-74.8974609375,76.5966796875,-47.5048828125
23.0318521,-73.8232421875,77.5244140625,-46.8212890625
23.0684896,-71.3330078125,79.1845703125,-45.6494140625
23.0914468,-68.0615234375,80.2099609375,-44.9169921875
23.1279173,-66.2060546875,80.0634765625,-44.8193359375
23.1536274,-64.6435546875,80.1123046875,-47.7001953125
23.198418,-63.1787109375,80.2587890625,-47.6025390625
23.219584,-62.5927734375,80.0634765625,-47.6025390625
23.2442136,-61.3232421875,80.3564453125,-47.9931640625
23.2905981,-61.4208984375,79.8193359375,-48.9697265625
23.3050072,-61.5185546875,78.3544921875,-50.4833984375
23.354376,-61.2255859375,78.5009765625,-52.6318359375
23.3656137,-63.0810546875,77.9638671875,-54.2431640625
23.4162069,-63.2763671875,77.8173828125,-56.4892578125
23.436017,-64.1064453125,77.2314453125,-58.1982421875
23.4555457,-64.9365234375,76.1572265625,-59.8583984375
23.4944932,-65.3759765625,74.8876953125,-61.6162109375
23.5154129,-66.3525390625,74.3994140625,-63.5205078125
23.5528992,-67.2802734375,73.2275390625,-65.1318359375
23.5755943,-68.4033203125,72.4462890625,-66.6943359375
23.6125756,-68.7451171875,71.5673828125,-68.5009765625
23.6357112,-69.9658203125,70.4931640625,-70.8935546875
23.6758731,-70.9912109375,69.1259765625,-73.6767578125
23.6982382,-71.5283203125,68.7353515625,-75.9228515625
23.7382208,-72.6513671875,69.1259765625,-74.7021484375
23.7577018,-73.3837890625,72.0556640625,-60.0537109375
23.7969305,-74.9951171875,73.5693359375,-50.3857421875
23.8171058,-75.7763671875,74.0576171875,-46.0400390625
23.8551552,-76.7529296875,74.7900390625,-47.2607421875
23.8780816,-76.9970703125,75.8154296875,-48.3349609375
23.9144847,-75.7275390625,76.4990234375,-48.3349609375
23.9404151,-72.3583984375,77.4267578125,-47.2607421875
23.9789139,-69.5751953125,76.4013671875,-48.9697265625
23.9990511,-68.4521484375,77.2314453125,-50.5322265625
24.0373429,-67.8173828125,77.0849609375,-50.6787109375
24.0575646,-66.5966796875,77.0361328125,-50.9228515625
24.0960218,-65.9130859375,77.8662109375,-50.6787109375
24.119181,-64.9853515625,76.2060546875,-51.8017578125
24.1558086,-64.9365234375,75.5224609375,-53.3642578125
24.1759208,-65.8154296875,75.5224609375,-55.8056640625
24.2147766,-65.9619140625,74.3994140625,-57.5634765625
24.2362741,-65.7666015625,73.6181640625,-59.7607421875
24.2737812,-65.5712890625,73.1787109375,-61.1279296875
24.2991846,-66.3525390625,71.9580078125,-62.6416015625
24.3363551,-67.3291015625,71.0302734375,-64.2041015625
24.359278,-68.1103515625,70.7861328125,-65.4736328125
24.3933293,-68.4033203125,69.2236328125,-66.8896484375
24.418699,-69.9658203125,68.7353515625,-68.5986328125
24.4570811,-70.2099609375,67.3681640625,-70.8447265625
24.4794233,-71.7724609375,67.2705078125,-72.5048828125
24.5164082,-73.1396484375,69.8095703125,-67.3291015625
24.5392627,-73.2373046875,71.4208984375,-53.6083984375
24.5764389,-74.1650390625,72.6416015625,-46.2353515625
24.5978446,-74.7509765625,73.3740234375,-44.1845703125
24.6351134,-75.9228515625,73.4716796875,-45.3076171875
24.6593518,-76.5087890625,74.4482421875,-46.0400390625
24.6973458,-74.1650390625,75.3759765625,-45.1123046875
24.7200898,-71.3818359375,75.4248046875,-45.2587890625
24.7565831,-68.9404296875,74.9853515625,-47.2607421875
24.7824108,-68.2568359375,75.1318359375,-48.0908203125
24.8186923,-67.0361328125,74.9365234375,-47.5048828125
24.8405203,-65.7666015625,75.3759765625,-46.7724609375
24.8789327,-65.2294921875,74.3017578125,-47.4560546875
24.9004631,-65.7666015625,74.1064453125,-48.5791015625
24.9377682,-66.0595703125,73.6669921875,-50.2392578125
24.9618058,-66.4501953125,72.3486328125,-52.4365234375
24.998517,-65.9130859375,71.9091796875,-53.8525390625
25.0196894,-66.1572265625,71.4208984375,-56.6845703125
25.0587431,-66.7431640625,69.8583984375,-57.4169921875
25.0831747,-67.2802734375,69.5654296875,-59.0771484375
25.1209931,-68.5498046875,67.9052734375,-60.3955078125
25.1427635,-69.5263671875,67.7099609375,-61.7626953125
25.1819343,-69.6728515625,66.6357421875,-63.3251953125
25.2023258,-71.1376953125,66.0009765625,-64.6435546875
25.2407571,-72.0166015625,65.0732421875,-67.1826171875
25.2608057,-72.0166015625,65.4150390625,-67.2802734375
25.2976151,-73.5791015625,68.0029296875,-55.1708984375
25.3229862,-73.7744140625,70.0537109375,-43.4033203125
25.3608612,-74.5556640625,71.2255859375,-37.8857421875
25.383457,-75.8740234375,72.2021484375,-36.7626953125
25.4257504,-76.7041015625,74.3505859375,-36.7626953125
25.4470386,-76.2646484375,75.0830078125,-35.9326171875
25.4760875,-73.6279296875,75.5712890625,-33.2958984375
25.5135891,-69.8681640625,76.0595703125,-31.9287109375
25.5384569,-67.9638671875,76.1572265625,-33.4912109375
25.5666095,-66.8896484375,76.4501953125,-34.7119140625
25.6040628,-65.5224609375,76.6943359375,-34.6630859375
25.6275447,-64.3505859375,76.6943359375,-33.2958984375
25.6655165,-63.1787109375,76.4990234375,-34.1259765625
25.6887804,-62.4462890625,75.7177734375,-34.6630859375
25.7250968,-62.7392578125,75.9130859375,-37.2509765625
25.7467801,-62.5439453125,75.7666015625,-38.3251953125
25.7843508,-63.2763671875,74.4482421875,-39.6923828125
25.8063606,-62.7392578125,73.7158203125,-41.2548828125
25.8339102,-63.2275390625,72.8857421875,-42.9638671875
25.8728721,-64.1552734375,72.2998046875,-44.8681640625
25.8989568,-64.4482421875,71.2744140625,-46.4306640625
25.9231983,-65.7666015625,70.7373046875,-47.3583984375
25.9614865,-66.5478515625,69.2236328125,-49.1162109375
25.9853759,-66.6943359375,68.4423828125,-51.4111328125
26.021223,-68.4033203125,67.1240234375,-53.0712890625
26.0481487,-69.5751953125,66.0986328125,-54.9267578125
26.0784946,-69.5263671875,66.0009765625,-56.7333984375
26.1113944,-71.3330078125,67.6123046875,-54.3408203125
26.1400792,-71.9677734375,69.3701171875,-40.0830078125
26.1678407,-73.4326171875,71.0791015625,-30.9033203125
26.2058428,-74.0185546875,71.5185546875,-26.8505859375
26.2307493,-75.5810546875,73.9111328125,-26.5087890625
26.2561039,-76.5576171875,74.9365234375,-25.8740234375
26.2910048,-75.6787109375,76.6455078125,-23.7744140625
26.316509,-72.0166015625,77.6220703125,-21.9189453125
26.3577196,-69.0380859375,76.7919921875,-21.0888671875
26.3822152,-67.4755859375,77.5732421875,-23.5302734375
26.4066613,-66.4501953125,77.4755859375,-24.2138671875
26.4424609,-64.4970703125,77.5244140625,-23.6279296875
26.4703416,-63.2763671875,77.5732421875,-23.2861328125
26.4967547,-61.9091796875,76.5966796875,-23.6279296875
26.5433179,-62.2998046875,76.1083984375,-25.9716796875
26.5620417,-62.1044921875,75.5712890625,-27.3876953125
26.5873239,-62.2998046875,75.4248046875,-29.3896484375
26.636609,-62.7392578125,74.5947265625,-31.1474609375
26.6502955,-62.4462890625,73.6181640625,-32.3681640625
26.6769951,-62.9345703125,73.0810546875,-34.5166015625
26.7123787,-63.2763671875,71.6162109375,-36.4697265625
26.7403017,-64.6435546875,70.9814453125,-37.1044921875
26.7736864,-65.6201171875,69.9072265625,-38.8623046875
26.8021906,-66.7919921875,68.4912109375,-40.4248046875
26.8303875,-66.3525390625,67.7587890625,-42.4755859375
26.8656081,-68.3056640625,66.6845703125,-44.8193359375
26.8924568,-68.7451171875,65.8056640625,-46.8701171875
26.9226855,-69.9169921875,64.6826171875,-49.4091796875
26.9672435,-71.0888671875,63.9501953125,-51.2646484375
26.9837433,-71.9189453125,64.6337890625,-50.7275390625
27.0128106,-73.4326171875,66.8310546875,-37.5927734375
27.0452754,-74.0673828125,68.4912109375,-27.8271484375
27.088393,-74.9951171875,69.0771484375,-24.6533203125
27.1069646,-76.5576171875,70.1025390625,-24.1162109375
27.1351724,-77.2412109375,71.4208984375,-24.4091796875
27.1646091,-77.7294921875,71.7138671875,-24.5556640625
27.1923976,-75.4833984375,71.6650390625,-23.3837890625
27.2233906,-71.5283203125,72.3486328125,-24.1162109375
27.2689786,-69.4775390625,72.2998046875,-25.6298828125
27.2859563,-68.5986328125,72.0556640625,-26.7041015625
27.3305186,-67.6220703125,72.1044921875,-25.7763671875
27.3424887,-66.5478515625,72.6416015625,-26.8017578125
27.3757995,-65.5712890625,71.8115234375,-27.1435546875
27.407054,-65.7666015625,70.5908203125,-29.0478515625
27.4489596,-65.1806640625,69.9072265625,-30.6591796875
27.466752,-66.1572265625,69.4677734375,-32.8076171875
27.4952671,-65.7666015625,68.5888671875,-34.6630859375
27.5392253,-65.9130859375,67.3681640625,-35.4443359375
27.5562043,-66.1083984375,67.0263671875,-37.5439453125
27.5984429,-66.8408203125,65.7080078125,-38.7158203125
27.6190784,-67.6220703125,64.7802734375,-40.0830078125
27.6593177,-68.4521484375,64.3896484375,-42.0849609375
27.6793124,-69.9658203125,63.7060546875,-43.3544921875
27.7147074,-70.1123046875,61.6552734375,-45.3076171875
27.7350006,-70.7958984375,60.8740234375,-47.5048828125
27.7918363,-72.3095703125,59.9462890625,-49.6044921875
27.798771,-73.3837890625,62.2900390625,-45.0634765625
27.8406911,-74.0185546875,62.9248046875,-32.4658203125
27.8714821,-74.5556640625,64.4873046875,-25.4833984375
27.885093,-75.7763671875,64.7314453125,-24.5068359375
27.9317091,-77.4365234375,66.0986328125,-25.4833984375
27.9485023,-78.3154296875,66.2939453125,-26.1181640625
27.9916762,-77.6806640625,67.1240234375,-25.5322265625
28.0137758,-75.0439453125,67.1728515625,-25.7763671875
28.0408709,-71.9189453125,65.4638671875,-26.9482421875
28.0789622,-70.5029296875,66.0009765625,-28.0224609375
28.0997576,-70.3076171875,66.3427734375,-27.8759765625
28.1392088,-69.2333984375,65.7568359375,-27.4853515625
28.1592392,-68.2568359375,65.7568359375,-27.7783203125
28.1942341,-67.6708984375,64.4384765625,-29.4873046875
28.2199303,-68.2568359375,63.8525390625,-31.3427734375
28.2629408,-68.6962890625,62.7783203125,-33.1005859375
28.2831185,-68.0615234375,62.2412109375,-35.1513671875
28.320111,-68.0126953125,61.4111328125,-36.1767578125
28.3401847,-68.8427734375,60.6787109375,-37.6416015625
28.3756043,-69.0380859375,59.9462890625,-39.0576171875
28.3979245,-69.5751953125,59.1650390625,-40.9619140625
28.4509401,-71.4794921875,57.9443359375,-41.8408203125
28.480622,-71.3818359375,56.6259765625,-44.0380859375
28.4905851,-72.8466796875,55.6005859375,-45.6005859375
28.5325144,-73.1884765625,54.2822265625,-47.8466796875
28.5544101,-74.5068359375,54.5263671875,-49.7021484375
28.5943479,-75.5810546875,56.2353515625,-45.3564453125
28.6136773,-76.8505859375,57.7001953125,-32.1240234375
28.6544957,-77.2412109375,59.1650390625,-23.8232421875
28.6736257,-78.8037109375,60.2392578125,-20.5517578125
28.7126139,-79.7314453125,61.1181640625,-19.9169921875
28.7317162,-80.4150390625,62.9736328125,-19.5751953125
28.7721299,-80.3662109375,64.3408203125,-17.8662109375
28.7919518,-77.9248046875,63.9013671875,-15.5712890625
28.8294187,-74.2138671875,63.8037109375,-15.4736328125
28.8540908,-72.7001953125,64.4384765625,-16.7919921875
28.8914301,-71.5771484375,64.1943359375,-17.4755859375
28.9115964,-70.1611328125,64.1943359375,-16.8896484375
28.9489907,-68.7939453125,64.2919921875,-16.3525390625
28.9741954,-68.1591796875,63.3154296875,-17.3291015625
29.0133083,-66.8896484375,63.2177734375,-18.5986328125
29.0340938,-67.5244140625,62.1435546875,-20.6005859375
29.0757708,-67.6708984375,61.8994140625,-22.6513671875
29.0972204,-67.2802734375,60.7275390625,-24.3603515625
29.1347514,-67.8173828125,60.2880859375,-25.8251953125
29.1549721,-67.9150390625,59.5556640625,-27.8759765625
29.2007565,-68.6474609375,58.5302734375,-29.5361328125
29.2209677,-69.7705078125,58.0419921875,-30.7568359375
29.2578566,-70.3076171875,56.8212890625,-32.8564453125
29.2726879,-70.9912109375,55.5029296875,-35.1513671875
29.3098813,-71.8212890625,54.6240234375,-37.7392578125
29.3340827,-73.0419921875,53.4033203125,-39.5458984375
29.3735639,-73.9208984375,52.8173828125,-41.7919921875
29.3954759,-74.6044921875,52.4267578125,-43.7451171875
29.4364556,-76.1181640625,53.5009765625,-44.3310546875
29.457886,-76.5087890625,55.6005859375,-29.7314453125
29.4951474,-77.8271484375,57.2607421875,-19.7705078125
29.5165898,-78.8037109375,58.2861328125,-14.9853515625
29.5527992,-80.1708984375,59.9951171875,-14.3017578125
29.5740894,-81.6845703125,61.6552734375,-13.6669921875
29.6205249,-82.0751953125,62.7783203125,-12.1533203125
29.6417259,-80.6591796875,62.9736328125,-9.6630859375
29.67872,-76.8994140625,62.9248046875,-9.1748046875
29.6981402,-74.5556640625,63.4619140625,-10.4931640625
29.7333515,-72.4072265625,63.5595703125,-11.8115234375
29.7549205,-71.2841796875,63.8525390625,-11.7626953125
29.7933549,-70.2587890625,63.4619140625,-12.5439453125
29.8177806,-68.9404296875,63.5107421875,-12.8369140625
29.8545184,-67.4267578125,62.9248046875,-13.9111328125
29.879332,-67.4267578125,62.9248046875,-16.0107421875
29.9174858,-67.8662109375,62.1923828125,-18.0615234375
29.9388847,-67.3779296875,61.3623046875,-19.9658203125
29.9797632,-67.7685546875,60.9228515625,-22.1142578125
30.0000147,-68.3056640625,59.7509765625,-23.8720703125
30.0373875,-68.8916015625,59.1650390625,-26.2158203125
30.0594875,-69.4775390625,58.2373046875,-27.4365234375
30.0954623,-70.1611328125,56.6259765625,-29.2431640625
30.120568,-70.6005859375,55.6005859375,-31.7822265625
30.1602467,-72.2607421875,55.3076171875,-33.6376953125
30.1808803,-72.8955078125,53.7451171875,-35.8837890625
30.2180141,-73.6767578125,53.2080078125,-38.8623046875
30.2402598,-74.7021484375,52.1337890625,-41.1083984375
30.2772335,-76.2158203125,51.8896484375,-43.3056640625
30.3009322,-77.0947265625,52.0849609375,-43.5498046875
30.3365274,-77.8271484375,54.3798828125,-31.6357421875
30.3604253,-78.6572265625,56.0400390625,-20.9423828125
30.3988808,-80.0732421875,56.6748046875,-17.4267578125
30.4220113,-81.2451171875,57.4072265625,-18.5498046875
30.4597899,-82.2705078125,58.9697265625,-19.2822265625
30.4822122,-82.9052734375,59.7509765625,-19.2333984375
30.5213138,-82.0263671875,59.7998046875,-18.8916015625
30.5415882,-79.1943359375,59.7509765625,-19.2333984375
30.5788272,-76.0693359375,60.1904296875,-20.9912109375
30.6036026,-74.7998046875,60.0927734375,-22.1142578125
30.6393942,-73.6767578125,59.8974609375,-21.9677734375
30.6593752,-72.1630859375,59.6533203125,-22.2119140625
30.6998727,-71.6259765625,59.4580078125,-23.5302734375
30.7293938,-70.6005859375,59.3603515625,-25.3369140625
30.752369,-70.3564453125,58.6279296875,-27.5830078125
30.7884619,-70.6982421875,58.3349609375,-28.4130859375
30.8140373,-70.5029296875,57.0654296875,-31.3916015625
30.8496762,-70.3564453125,56.2841796875,-33.0029296875
30.8747535,-70.8447265625,55.8935546875,-34.7607421875
30.9194876,-71.0400390625,54.6728515625,-35.8349609375
30.9394271,-72.3583984375,54.3310546875,-37.6904296875
30.963512,-72.7001953125,53.1103515625,-39.3994140625
31.0143318,-74.3115234375,51.6455078125,-41.2060546875
31.0249803,-73.9697265625,51.5478515625,-43.5498046875
31.0616118,-75.1416015625,50.4736328125,-45.4052734375
31.0826716,-76.5087890625,49.9365234375,-47.6025390625
31.1184136,-77.1923828125,51.0595703125,-47.1630859375
31.144121,-78.0712890625,52.7197265625,-36.8603515625
31.1804462,-79.0966796875,53.8916015625,-29.0966796875
31.2050936,-80.0244140625,54.3798828125,-27.7294921875
31.2479988,-81.1474609375,55.3564453125,-28.4130859375
31.2683507,-82.2216796875,55.9423828125,-29.4873046875
31.297706,-83.2470703125,57.0166015625,-29.4384765625
31.3250743,-82.2216796875,56.1376953125,-28.9990234375
31.3732103,-79.5849609375,56.0400390625,-30.9033203125
31.3887579,-76.1669921875,56.8212890625,-32.3193359375
31.4146887,-75.2392578125,56.9677734375,-32.3681640625
31.4511899,-73.9697265625,56.6259765625,-32.1240234375
31.4757771,-72.7001953125,56.2353515625,-32.8564453125
31.5080281,-72.5537109375,55.6982421875,-33.9794921875
31.5389018,-71.5283203125,55.7958984375,-36.2744140625
31.5655177,-71.3818359375,54.5751953125,-37.4951171875
31.5998485,-72.1142578125,54.0380859375,-39.5947265625
31.6277374,-71.8701171875,52.8662109375,-40.9619140625
31.655344,-71.8212890625,52.4267578125,-43.0126953125
31.6863189,-72.3095703125,51.8408203125,-45.1123046875
31.7247539,-72.7978515625,50.7666015625,-46.5771484375
31.745932,-73.5302734375,49.7900390625,-47.9931640625
31.7834656,-74.7021484375,49.4970703125,-49.8974609375
31.8064674,-74.8974609375,47.6416015625,-51.3134765625
31.843147,-76.2158203125,47.1044921875,-53.3154296875
31.8713212,-77.6806640625,46.5673828125,-55.0244140625
31.8968351,-77.5341796875,47.0556640625,-56.5380859375
31.9308304,-79.0478515625,49.3505859375,-49.9462890625
31.9593264,-80.4150390625,50.8642578125,-41.3037109375
31.9874634,-80.6103515625,52.2314453125,-36.5185546875
32.0220746,-82.4169921875,53.0126953125,-36.2255859375
32.0496932,-83.1005859375,54.6240234375,-36.4697265625
32.0776459,-84.6142578125,55.9912109375,-36.4208984375
32.1158526,-84.7607421875,56.4306640625,-35.2001953125
32.1383743,-82.5146484375,56.9677734375,-34.3701171875
32.1689723,-79.3408203125,56.6259765625,-35.8837890625
32.2024451,-76.6064453125,57.3583984375,-37.1533203125
32.2593943,-75.3857421875,57.1142578125,-37.6416015625
32.2602548,-73.6279296875,57.7490234375,-37.6904296875
32.2923113,-72.7978515625,56.3330078125,-38.1787109375
32.3365003,-71.9189453125,56.8212890625,-39.6435546875
32.3566999,-70.6005859375,55.7958984375,-40.4736328125
32.399716,-70.6982421875,55.8447265625,-41.6943359375
32.4088579,-70.6494140625,54.7216796875,-43.8916015625
32.4425382,-70.9912109375,54.0380859375,-45.8447265625
32.470316,-71.1865234375,53.2568359375,-47.1142578125
32.5036577,-71.4794921875,52.8662109375,-49.4091796875
32.5345814,-72.7001953125,51.4013671875,-50.6298828125
32.5773695,-72.7978515625,51.0595703125,-52.7294921875
32.5984045,-74.1650390625,49.8388671875,-54.5849609375
32.6331103,-74.7021484375,48.5205078125,-56.0986328125
32.6551021,-75.7763671875,47.9833984375,-58.1005859375
32.6981424,-76.9482421875,47.1044921875,-59.9560546875
32.712296,-77.7294921875,45.9326171875,-62.1044921875
32.7627193,-79.0478515625,45.9326171875,-64.4482421875
32.77452,-80.3173828125,47.2998046875,-62.3486328125
32.8031184,-81.0009765625,49.1552734375,-53.0224609375
32.8476328,-82.0263671875,50.6201171875,-45.9912109375
32.8685148,-83.2470703125,51.5966796875,-44.6240234375
32.9109598,-83.5888671875,53.0126953125,-44.7705078125
32.9298562,-85.3466796875,54.2822265625,-43.7939453125
32.968512,-86.3720703125,55.7470703125,-42.9638671875
32.9870776,-85.4931640625,56.1376953125,-41.9873046875
33.0295198,-82.9541015625,56.7236328125,-42.2802734375
33.0509787,-79.9755859375,56.2353515625,-42.7685546875
33.087884,-77.4853515625,56.4794921875,-43.8916015625
33.1089291,-75.9716796875,56.6748046875,-43.4033203125
33.1496735,-74.7021484375,56.9677734375,-43.5009765625
33.1711171,-73.3837890625,55.9912109375,-44.5263671875
33.2064465,-72.4560546875,55.7470703125,-45.5517578125
33.2274014,-72.4560546875,54.6240234375,-47.4072265625
33.2686755,-72.0654296875,53.6474609375,-48.7744140625
33.2888033,-72.4560546875,53.9404296875,-51.1669921875
33.3247839,-72.8955078125,52.7197265625,-52.9736328125
33.3462536,-72.1142578125,52.3779296875,-54.5849609375
33.3892903,-73.1884765625,51.0595703125,-55.7568359375
33.4100998,-74.2626953125,50.3759765625,-58.1005859375
33.4491426,-75.2392578125,49.0087890625,-60.1025390625
33.4698371,-76.3623046875,48.7158203125,-61.8115234375
33.5072262,-77.0458984375,47.4462890625,-64.2041015625
33.5265347,-77.8759765625,46.0791015625,-65.9619140625
33.5683885,-78.8037109375,45.2001953125,-67.5732421875
33.5887132,-79.6337890625,44.2724609375,-70.3076171875
33.6392706,-81.5380859375,43.7841796875,-72.0166015625
33.6699103,-82.2705078125,44.1748046875,-73.5791015625
33.6796916,-83.5888671875,45.6396484375,-64.9853515625
33.7194813,-84.4677734375,47.3974609375,-57.4658203125
33.7404003,-85.1025390625,47.7392578125,-53.5595703125
33.7765913,-86.8603515625,48.6181640625,-53.6572265625
33.7968155,-87.6904296875,49.8876953125,-54.4873046875
33.8385318,-88.5693359375,50.5224609375,-54.6337890625
33.8587205,-88.8134765625,50.9619140625,-53.2177734375
33.8976101,-87.6904296875,50.4248046875,-54.2919921875
33.9202194,-83.9794921875,50.1806640625,-54.7802734375
33.956986,-81.5380859375,50.3271484375,-56.1962890625
33.9792778,-80.5615234375,50.8154296875,-55.9033203125
34.0174974,-79.2919921875,50.1806640625,-56.1474609375
34.0385842,-78.5107421875,50.3271484375,-57.0751953125
34.0760199,-76.9970703125,49.4482421875,-58.4912109375
34.1009641,-77.4853515625,49.3994140625,-59.6630859375
34.1354366,-77.5830078125,48.2275390625,-61.8115234375
34.1568822,-77.9736328125,48.3251953125,-63.3251953125
34.2003264,-77.8271484375,47.2509765625,-64.7900390625
34.2223883,-78.0224609375,46.4208984375,-66.4013671875
34.2631799,-77.9248046875,45.1025390625,-68.3544921875
34.283342,-78.7060546875,45.2001953125,-69.0869140625
34.3187602,-79.2431640625,43.6865234375,-70.9912109375
34.3420342,-80.2685546875,42.6611328125,-72.8955078125
34.3798574,-81.2939453125,41.9775390625,-74.3603515625
34.4001542,-82.2216796875,41.0009765625,-76.7041015625
34.4372403,-83.1494140625,40.9521484375,-78.8037109375
34.4620029,-83.9794921875,42.8076171875,-76.4599609375
34.4995576,-84.7119140625,44.3701171875,-66.7431640625
34.5234593,-85.6884765625,45.8349609375,-60.2978515625
34.5591148,-86.1279296875,46.0302734375,-57.7099609375
34.5807126,-88.0810546875,47.2998046875,-57.8076171875
34.6243785,-89.4970703125,48.1787109375,-57.9052734375
34.644161,-89.7412109375,48.7646484375,-57.4658203125
34.6871337,-89.7900390625,48.4716796875,-57.2216796875
34.7061611,-87.4951171875,47.6904296875,-58.2958984375
34.7430541,-84.0771484375,48.3740234375,-59.5166015625
34.7648283,-82.4169921875,48.7158203125,-58.6376953125
34.8049635,-81.0498046875,47.9345703125,-58.5888671875
34.8258985,-80.1220703125,48.1298828125,-59.0283203125
34.8734331,-79.1455078125,47.4462890625,-60.4443359375
34.8943656,-78.4130859375,47.3974609375,-62.1044921875
34.9133264,-78.1201171875,46.1767578125,-63.3740234375
34.9518022,-77.8271484375,45.2978515625,-65.1318359375
34.9735013,-78.6083984375,45.0537109375,-66.1572265625
35.0153004,-78.7548828125,43.7841796875,-68.2568359375
35.0347007,-78.4619140625,44.0283203125,-69.4775390625
35.0708686,-79.0966796875,43.3935546875,-70.6982421875
35.0969566,-79.8291015625,42.1240234375,-72.6513671875
35.1378987,-80.7080078125,41.2939453125,-75.0439453125
35.1581029,-82.0751953125,40.5126953125,-76.1181640625
35.2005831,-82.4169921875,39.8291015625,-78.7548828125
35.221768,-83.6376953125,38.9501953125,-80.4150390625
35.2581115,-84.9560546875,39.7314453125,-82.3193359375
35.2782156,-85.3466796875,41.5869140625,-74.8974609375
35.3248899,-86.9580078125,44.0283203125,-65.0830078125
35.3450803,-88.0810546875,44.4189453125,-59.2724609375
35.3798425,-88.0810546875,45.9326171875,-57.1728515625
35.4003718,-89.2529296875,46.9580078125,-57.1240234375
35.438375,-90.7177734375,48.7646484375,-55.7568359375
35.459675,-91.1083984375,49.5458984375,-54.6826171875
35.4953372,-90.4736328125,49.2041015625,-53.3154296875
35.5179951,-88.2275390625,49.5458984375,-53.9501953125
35.5559922,-84.4677734375,49.7900390625,-54.9755859375
35.5758972,-82.7587890625,49.9853515625,-55.2197265625
35.6134221,-81.1962890625,50.2783203125,-54.1943359375
35.6390062,-79.0478515625,50.1318359375,-55.7568359375
35.6775047,-78.3642578125,49.5458984375,-55.9521484375
35.7014727,-77.1923828125,48.9111328125,-58.2958984375
35.739166,-76.4111328125,48.4228515625,-59.8095703125
35.7603087,-76.8017578125,48.1298828125,-62.5927734375
35.802615,-77.0458984375,47.2021484375,-63.5693359375
35.8195469,-77.2900390625,46.4697265625,-65.7177734375
35.8576507,-77.0458984375,46.1767578125,-67.5732421875
35.8784551,-77.6318359375,45.3466796875,-69.3798828125
35.9235326,-77.9736328125,44.8095703125,-71.3818359375
35.9550115,-79.0478515625,43.7841796875,-73.9208984375
35.9685142,-80.0244140625,42.6611328125,-75.1904296875
36.0072502,-80.8544921875,41.7333984375,-77.8759765625
36.0302901,-81.7822265625,41.5869140625,-79.9755859375
36.067229,-83.5400390625,39.8779296875,-82.0263671875
36.0915643,-83.9306640625,39.7802734375,-84.6142578125
36.1285417,-85.0048828125,40.2685546875,-85.6884765625
36.150922,-86.0791015625,42.8076171875,-75.9228515625
36.1919307,-87.0068359375,45.1025390625,-66.4501953125
36.2192226,-88.2275390625,45.2978515625,-61.2744140625
36.2416255,-89.2529296875,46.8115234375,-60.9814453125
36.2792216,-90.1318359375,47.8369140625,-60.8349609375
36.301108,-91.4501953125,49.0576171875,-60.7373046875
36.3387353,-92.9150390625,49.5947265625,-59.7607421875
36.3639595,-92.0849609375,49.7412109375,-59.5654296875
36.3926297,-89.2529296875,49.7900390625,-61.4697265625
36.4300535,-85.2490234375,50.2294921875,-63.0322265625
36.4521321,-83.7353515625,50.6689453125,-63.7646484375
36.4892566,-82.1728515625,49.9365234375,-63.3740234375
36.5140819,-81.0009765625,50.2783203125,-64.7412109375
36.5502842,-79.8779296875,49.9365234375,-65.6689453125
36.5746124,-78.3642578125,49.2041015625,-68.3056640625
36.6039954,-78.0224609375,48.8134765625,-70.2587890625
36.6545677,-78.2666015625,48.1787109375,-72.0654296875
36.6626195,-78.1201171875,46.8115234375,-73.6767578125
36.6981537,-78.2177734375,46.7138671875,-76.0205078125
36.7244492,-78.2666015625,46.0791015625,-77.1923828125
36.7611465,-78.7548828125,45.6396484375,-79.0966796875
36.7837226,-79.8291015625,44.0283203125,-80.7080078125
36.8215035,-81.0009765625,43.5400390625,-83.0517578125
36.8438673,-81.3916015625,42.6123046875,-84.8583984375
36.8806276,-82.1728515625,41.9287109375,-86.9091796875
36.9051881,-83.6376953125,40.6591796875,-89.7412109375
36.9432405,-84.6142578125,39.9267578125,-91.4990234375
36.9665788,-85.1513671875,39.9267578125,-93.6474609375
37.0048614,-86.5673828125,41.7333984375,-89.3505859375
37.0244062,-87.9345703125,43.4423828125,-78.6572265625
37.063745,-88.5693359375,44.6630859375,-73.6767578125
37.0865741,-89.4482421875,45.5419921875,-72.4560546875
37.1149551,-90.1318359375,45.3955078125,-73.6279296875
37.1512111,-92.0361328125,47.2509765625,-74.6533203125
37.1776859,-93.0126953125,47.5439453125,-75.2392578125
37.2078267,-94.0380859375,46.6650390625,-75.4345703125
37.2374708,-91.9873046875,47.0556640625,-77.2412109375
37.2663728,-87.6904296875,47.0556640625,-77.9248046875
37.2983674,-85.5908203125,47.4951171875,-78.1201171875
37.3270555,-84.2724609375,47.1533203125,-78.9013671875
37.3604187,-83.8818359375,47.2509765625,-79.0966796875
37.3890282,-82.9541015625,47.1533203125,-81.1962890625
37.4193947,-81.3427734375,45.9814453125,-82.7587890625
37.4656124,-82.2216796875,46.1279296875,-84.0771484375
37.4784777,-81.3916015625,45.0048828125,-85.9814453125
37.5078964,-81.7333984375,44.2236328125,-87.4951171875
37.5416658,-81.8798828125,44.1259765625,-89.2041015625
37.5949371,-81.7822265625,43.0029296875,-90.7177734375
37.6006933,-82.6123046875,42.5634765625,-91.9873046875
37.6490136,-83.0029296875,41.4892578125,-93.7939453125
37.6569962,-83.5400390625,41.0009765625,-94.7705078125
37.6888308,-85.0537109375,39.4873046875,-97.4072265625
37.7214161,-85.4931640625,39.3408203125,-98.3837890625
37.7498456,-86.0791015625,40.7080078125,-98.9208984375
37.7946026,-86.9580078125,42.4169921875,-90.9130859375
37.8153576,-88.1298828125,43.8330078125,-81.6357421875
37.8589016,-88.8134765625,44.2724609375,-77.9736328125
37.8689019,-89.9853515625,46.0302734375,-78.8525390625
37.9201954,-90.7666015625,46.4208984375,-78.7548828125
37.9298358,-90.8154296875,47.0556640625,-78.9013671875
37.9807924,-92.8662109375,47.9833984375,-77.3388671875
37.9910799,-92.8662109375,47.5439453125,-78.3642578125
38.0373328,-90.4736328125,47.5927734375,-79.5361328125
38.0564694,-87.7880859375,47.9833984375,-80.4150390625
38.1084676,-85.5908203125,48.2275390625,-80.2197265625
38.128743,-83.9306640625,47.9345703125,-80.4150390625
38.1420664,-83.1494140625,47.6904296875,-81.2939453125
38.1874317,-81.4404296875,47.4951171875,-82.8076171875
38.2086915,-81.0009765625,46.6162109375,-83.9306640625
38.2455598,-80.7568359375,46.2255859375,-85.6396484375
38.2667454,-80.8544921875,45.7861328125,-87.2998046875
38.3076414,-81.1474609375,45.7861328125,-88.6669921875
38.3280864,-81.0986328125,44.6630859375,-89.4970703125
38.3665826,-81.2451171875,43.9794921875,-91.4013671875
38.3867538,-81.8798828125,43.5888671875,-92.1337890625
38.4235746,-82.2216796875,43.1494140625,-93.4033203125
38.4446725,-83.7841796875,41.9287109375,-95.3076171875
38.4869196,-84.3701171875,40.8056640625,-97.1142578125
38.5083963,-87.0068359375,40.4150390625,-98.2373046875
38.5457932,-87.9833984375,40.5126953125,-100.8740234375
38.5648419,-88.7158203125,42.1240234375,-97.9443359375
38.6084492,-89.3017578125,44.1748046875,-86.7138671875
38.6286515,-91.4990234375,45.5908203125,-78.9990234375
38.6712844,-91.8896484375,46.8603515625,-75.0927734375
38.6904335,-93.1591796875,48.0322265625,-75.2392578125
38.7259387,-93.7451171875,49.0576171875,-74.1162109375
38.7473073,-95.1123046875,50.9619140625,-73.3837890625
38.7905315,-96.2841796875,50.9619140625,-71.3330078125
38.8097721,-95.7470703125,51.2060546875,-70.1611328125
38.8538197,-92.7685546875,51.1572265625,-72.0654296875
38.8657237,-89.0087890625,52.3291015625,-72.8466796875
38.9088457,-87.0556640625,52.0849609375,-72.0166015625
38.9301397,-85.4931640625,52.0361328125,-72.3583984375
38.9671273,-84.3212890625,52.0849609375,-72.7490234375
38.9891914,-83.2958984375,50.8154296875,-73.3837890625
39.0257532,-81.7333984375,50.8642578125,-75.1416015625
39.0459911,-81.2451171875,50.0341796875,-76.6064453125
39.0948053,-81.3916015625,49.7412109375,-78.0712890625
39.1249946,-81.3916015625,49.3505859375,-79.5849609375
39.1382553,-81.7822265625,48.1298828125,-81.1474609375
39.1756433,-82.0751953125,47.6416015625,-83.1005859375
39.1991903,-81.9775390625,46.3720703125,-85.2978515625
39.2357908,-82.3193359375,46.1279296875,-88.0810546875
39.260074,-84.0771484375,44.9560546875,-90.2294921875
39.3004618,-85.2490234375,44.6142578125,-92.5732421875
39.3216695,-86.1767578125,43.2470703125,-95.1123046875
39.3570792,-86.4697265625,42.4658203125,-97.3095703125
39.3788839,-87.8369140625,41.6357421875,-98.3349609375
39.4168174,-89.0087890625,43.0029296875,-100.1904296875
39.4380164,-89.5947265625,44.8095703125,-91.0595703125
39.4751513,-90.9130859375,45.8349609375,-79.4873046875
39.4981255,-92.0849609375,47.1044921875,-73.8232421875
39.5324689,-92.9638671875,48.0810546875,-73.5302734375
39.5590239,-94.2333984375,49.7900390625,-74.3603515625
39.5947126,-95.3564453125,50.7177734375,-73.4814453125
39.6203942,-96.1376953125,51.4501953125,-72.5048828125
39.6561895,-96.6259765625,51.4501953125,-71.3330078125
39.679502,-96.2353515625,51.4501953125,-72.4560546875
39.7150557,-92.1337890625,51.9384765625,-73.7255859375
39.7438523,-89.2529296875,51.5478515625,-74.3115234375
39.7800715,-88.1298828125,51.3037109375,-73.4814453125
39.8014212,-86.3720703125,50.8642578125,-73.7744140625
39.8369905,-84.8095703125,50.0830078125,-75.6787109375
39.8605588,-83.7841796875,50.0341796875,-76.8994140625
39.8969939,-83.4423828125,49.4482421875,-78.7548828125
39.9214097,-83.4423828125,48.4716796875,-80.3662109375
39.9591175,-83.1982421875,48.0322265625,-82.3193359375
39.9802079,-83.6376953125,47.9833984375,-83.5888671875
40.0198226,-83.2470703125,46.8603515625,-85.0048828125
40.0438006,-83.7353515625,46.0791015625,-87.1044921875
40.0810354,-83.5888671875,45.4443359375,-87.9833984375
40.1019766,-85.3466796875,45.3466796875,-89.7412109375
40.1383001,-86.0302734375,43.4423828125,-92.3291015625
40.1665897,-86.3232421875,42.9052734375,-94.3310546875
40.2031731,-87.7392578125,42.6123046875,-96.2841796875
40.2231673,-88.8134765625,42.9541015625,-98.4814453125
40.2642925,-90.0341796875,43.9306640625,-88.5693359375
40.2854204,-90.9130859375,45.4931640625,-78.5107421875
40.3234063,-91.1083984375,46.9091796875,-73.3349609375
40.344297,-92.7685546875,47.2509765625,-73.2373046875
40.3803465,-93.7939453125,47.7880859375,-74.3115234375
40.4026551,-94.6728515625,48.2763671875,-73.6767578125
40.4432191,-95.7958984375,48.4228515625,-73.0908203125
40.4622525,-96.7724609375,48.0322265625,-74.1162109375
40.4966133,-95.4052734375,47.9833984375,-75.1904296875
40.5252564,-92.4267578125,48.5205078125,-75.0439453125
40.5625554,-89.6923828125,48.3251953125,-74.5068359375
40.5847711,-88.6669921875,47.9833984375,-74.8974609375
40.6228641,-87.9345703125,47.6416015625,-75.9716796875
40.6493119,-86.0791015625,47.0068359375,-77.1923828125
40.6858391,-85.4931640625,46.7626953125,-78.7060546875
40.7060611,-85.5419921875,45.7861328125,-80.4638671875
40.7443477,-85.5908203125,45.1025390625,-82.3193359375
40.7663095,-85.6396484375,44.2724609375,-83.5400390625
40.8031205,-85.4931640625,44.4677734375,-85.3955078125
40.8282731,-85.2978515625,43.2958984375,-87.3974609375
40.8647675,-86.0791015625,42.6611328125,-89.1552734375
40.8908341,-86.0302734375,41.2939453125,-90.4248046875
40.928151,-87.7392578125,40.8544921875,-92.0361328125
40.9492302,-88.4716796875,39.3408203125,-93.6474609375
40.9854317,-89.3994140625,38.8525390625,-96.2353515625
41.0084529,-90.5224609375,39.5849609375,-97.2607421875
41.0460046,-91.3037109375,41.6357421875,-90.4248046875
41.0681566,-92.3291015625,43.1494140625,-77.2900390625
41.1101599,-93.3056640625,43.4912109375,-70.4052734375
41.1302804,-94.6240234375,45.1513671875,-67.6708984375
41.1680693,-95.3076171875,46.3232421875,-67.5244140625
41.1884691,-96.3330078125,47.3974609375,-67.0361328125
41.2240064,-97.2607421875,47.6416015625,-65.3759765625
41.2500081,-98.9208984375,48.2275390625,-63.5205078125
41.2873116,-98.6279296875,48.0810546875,-64.9365234375
41.3126653,-95.7958984375,48.7158203125,-65.5712890625
41.3483772,-92.7197265625,49.0087890625,-66.4013671875
41.3702639,-89.4482421875,48.8623046875,-64.8388671875
41.4088271,-88.3740234375,48.5693359375,-65.7666015625
41.4369198,-87.3486328125,48.3251953125,-66.4013671875
41.4651399,-86.1279296875,47.7880859375,-68.2568359375
41.502808,-85.2490234375,46.8115234375,-70.4052734375
41.5192685,-84.3212890625,46.1767578125,-72.2607421875
41.5627487,-85.0537109375,46.2255859375,-73.5791015625
41.5806923,-85.1513671875,45.5908203125,-75.7763671875
41.6166318,-84.5654296875,44.7119140625,-77.6318359375
41.6417173,-85.2001953125,43.9306640625,-78.9990234375
41.678902,-84.9072265625,43.0517578125,-80.9521484375
41.6996402,-86.2744140625,42.2216796875,-82.6123046875
41.7403675,-86.9091796875,41.6845703125,-84.5166015625
41.7636899,-88.3251953125,40.4150390625,-86.6162109375
41.7953397,-88.9599609375,39.8291015625,-89.7412109375
41.8255204,-90.0341796875,39.2919921875,-91.4990234375
41.862075,-90.4736328125,39.3896484375,-94.4775390625
41.8849902,-91.7919921875,41.5869140625,-85.2978515625
41.9145461,-92.6708984375,42.9541015625,-71.5771484375
41.9507756,-94.2333984375,44.5166015625,-63.9599609375
41.9740006,-95.1611328125,45.9326171875,-60.8837890625
42.0112669,-95.8447265625,46.9580078125,-60.7861328125
42.0361152,-96.8701171875,47.5927734375,-60.3466796875
42.0659083,-98.7255859375,48.8134765625,-58.4423828125
42.0960407,-99.6044921875,49.2529296875,-56.7822265625
42.1246871,-99.7998046875,49.2041015625,-57.4169921875
42.1618606,-97.6513671875,49.0087890625,-59.0283203125
42.1834765,-93.7939453125,49.4970703125,-58.9794921875
42.2223312,-91.0595703125,49.2041015625,-58.7841796875
42.2465351,-89.0576171875,49.1064453125,-59.5654296875
42.275883,-87.8369140625,49.1552734375,-60.6396484375
42.3111415,-86.4697265625,49.0087890625,-62.3486328125
42.3350682,-85.6884765625,48.1298828125,-64.6923828125
42.3711032,-84.8095703125,47.2021484375,-67.0849609375
42.396715,-85.2978515625,46.8115234375,-68.7451171875
42.4270346,-85.3466796875,46.0302734375,-71.5283203125
42.4595949,-85.0537109375,45.8837890625,-73.4326171875
42.4853883,-85.4443359375,44.9560546875,-75.3857421875
42.5171688,-85.4443359375,44.1748046875,-77.5830078125
42.5495964,-86.3232421875,43.3935546875,-80.2197265625
42.5789046,-87.2021484375,42.2216796875,-81.7822265625
42.6054485,-87.9345703125,41.6357421875,-84.6142578125
42.6547117,-89.5947265625,40.5615234375,-86.8115234375
42.6666586,-90.2294921875,39.5849609375,-89.1552734375
42.7166551,-91.3525390625,38.1201171875,-92.5732421875
42.7285953,-92.4267578125,38.7060546875,-95.3564453125
42.7589949,-93.6474609375,40.4150390625,-91.5966796875
42.7927955,-94.6728515625,42.2705078125,-74.7021484375
42.8186761,-95.7470703125,42.6611328125,-65.0341796875
42.8474265,-97.1142578125,44.3212890625,-62.2021484375
42.8986135,-97.7978515625,45.3466796875,-63.1298828125
42.9087845,-98.9208984375,47.5439453125,-63.9111328125
42.9605548,-99.7021484375,46.6162109375,-63.5205078125
42.9807284,-100.8251953125,47.3974609375,-62.5927734375
42.9997438,-101.9970703125,47.0068359375,-63.1787109375
43.0464176,-101.6552734375,47.7880859375,-65.0341796875
43.0593879,-97.1142578125,47.8369140625,-65.6201171875
43.1047192,-94.2333984375,47.9833984375,-66.3037109375
43.1226754,-92.2802734375,47.2998046875,-67.3779296875
43.179055,-90.7666015625,47.5439453125,-67.7197265625
43.1821619,-89.5947265625,46.5673828125,-70.5517578125
43.2251552,-88.6669921875,46.5185546875,-72.6025390625
43.2465009,-88.3251953125,45.8349609375,-74.1162109375
43.2860029,-87.2509765625,45.1025390625,-76.7041015625
43.3078548,-88.1298828125,44.7119140625,-78.7548828125
43.3334528,-88.0322265625,43.6865234375,-80.6591796875
43.3764435,-87.9345703125,42.9052734375,-82.7099609375
43.3978,-88.0810546875,42.5146484375,-84.8583984375
43.4375218,-88.7646484375,41.4404296875,-86.9091796875
43.4584179,-89.3017578125,40.8056640625,-88.8623046875
43.4935167,-90.8642578125,40.0244140625,-90.7177734375
43.5145409,-91.1572265625,38.6572265625,-92.8662109375
43.5566244,-92.1337890625,38.1201171875,-95.5029296875
43.5767204,-93.8427734375,38.1201171875,-98.4326171875
43.6147679,-94.1845703125,39.5849609375,-95.7958984375
43.633916,-96.0400390625,40.9521484375,-79.9267578125
43.6756281,-96.5283203125,41.8798828125,-70.6494140625
43.6961258,-97.7001953125,43.0517578125,-69.3310546875
43.7433128,-98.9208984375,43.0029296875,-70.3076171875
43.7633074,-99.9951171875,43.4423828125,-72.1630859375
43.8020733,-100.4833984375,43.0029296875,-72.6025390625
43.8130125,-101.8994140625,43.2470703125,-73.1396484375
43.8573792,-103.2177734375,42.8076171875,-75.2880859375
43.8775059,-102.5341796875,43.5888671875,-76.0693359375
43.9146775,-99.7998046875,43.3447265625,-75.9716796875
43.9348791,-96.1865234375,43.5888671875,-75.6787109375
43.9783654,-94.3310546875,43.3935546875,-75.9716796875
43.9984397,-93.1591796875,42.1728515625,-77.8271484375
44.0352263,-92.2314453125,42.1728515625,-79.6337890625
44.0556395,-91.4990234375,41.5380859375,-82.2216796875
44.0928443,-91.5966796875,41.2451171875,-84.4189453125
44.1180554,-91.4013671875,40.1708984375,-85.8349609375
44.1543168,-91.8896484375,40.0244140625,-88.0810546875
44.1800045,-91.5478515625,39.1943359375,-89.5458984375
44.2152529,-92.0361328125,38.3154296875,-91.4501953125
44.2365629,-92.1337890625,38.4619140625,-93.3056640625
44.2736128,-92.5732421875,36.8017578125,-95.1611328125
44.2979203,-93.5986328125,35.7763671875,-95.6005859375
44.3341233,-94.9658203125,35.0439453125,-97.9931640625
44.3606189,-96.2841796875,34.2626953125,-100.6787109375
44.3993412,-96.5771484375,36.0205078125,-99.9462890625
44.4195695,-97.4560546875,38.3154296875,-85.0048828125
44.4533565,-99.0673828125,39.2919921875,-73.8720703125
44.4770716,-99.7021484375,39.8779296875,-68.9892578125
44.5129607,-100.7275390625,41.2939453125,-69.2333984375
44.5400276,-101.6064453125,42.6611328125,-69.6240234375
44.5772883,-102.8271484375,43.6376953125,-69.6240234375
44.5983501,-102.9248046875,44.1748046875,-69.4287109375
44.6355412,-105.1708984375,43.9794921875,-69.6240234375
44.6609177,-105.2197265625,43.6865234375,-71.6748046875
44.6997042,-103.2177734375,43.6376953125,-71.7236328125
44.7210381,-98.4326171875,43.6865234375,-71.5283203125
44.7582049,-96.1376953125,43.6376953125,-71.7236328125
44.7796839,-94.7705078125,43.1005859375,-72.4560546875
44.8175956,-93.4521484375,43.3935546875,-73.6767578125
44.8428441,-92.5732421875,43.1005859375,-75.6787109375
44.882198,-92.1826171875,42.3193359375,-77.1435546875
44.9022121,-90.7177734375,41.7822265625,-80.0732421875
44.93971,-91.6455078125,41.3916015625,-81.7333984375
44.9598845,-92.0849609375,40.0732421875,-83.3447265625
44.9976264,-92.1337890625,40.4150390625,-84.6630859375
45.0206952,-91.5478515625,39.6826171875,-85.9814453125
45.0579078,-92.5732421875,38.7060546875,-87.8857421875
45.0821711,-93.5009765625,37.8271484375,-89.7412109375
45.1204667,-94.4775390625,36.9970703125,-91.3037109375
45.1424876,-95.3564453125,36.4111328125,-93.2080078125
45.1829205,-96.2353515625,35.8740234375,-95.6982421875
45.2031028,-97.4072265625,35.2880859375,-97.6025390625
45.2417387,-98.0908203125,36.4111328125,-99.6044921875
45.2619158,-99.4091796875,38.1689453125,-86.8115234375
45.2985674,-100.0927734375,39.9755859375,-70.8447265625
45.3245037,-101.6552734375,41.0498046875,-64.8876953125
45.3616183,-102.5830078125,42.6123046875,-63.0322265625
45.3818086,-103.3642578125,42.8076171875,-63.4716796875
45.430642,-104.3408203125,44.3701171875,-63.4228515625
45.4508725,-106.2451171875,44.8095703125,-62.2998046875
45.4871822,-106.8310546875,45.4443359375,-61.7626953125
45.5072185,-107.5634765625,45.0537109375,-62.4951171875
45.5458781,-107.3193359375,45.6396484375,-64.3994140625
45.5664225,-103.1689453125,45.7373046875,-64.3994140625
45.6036001,-99.2626953125,46.0302734375,-63.8134765625
45.6225353,-97.4072265625,45.6396484375,-65.0830078125
45.6583318,-96.1865234375,45.1513671875,-65.7177734375
45.6834476,-94.6240234375,45.3466796875,-66.9873046875
45.721099,-93.5986328125,44.7607421875,-68.7939453125
45.7463703,-93.1591796875,44.2236328125,-70.4541015625
45.785469,-92.8173828125,43.4912109375,-72.3095703125
45.8056752,-93.1103515625,42.5146484375,-74.6044921875
45.8433308,-93.4033203125,42.1728515625,-75.8740234375
45.8648383,-93.5986328125,42.1240234375,-78.0224609375
45.900297,-93.2568359375,40.8544921875,-79.2431640625
45.9253188,-93.2568359375,41.0986328125,-81.2451171875
45.9620808,-95.0146484375,40.2197265625,-83.2958984375
45.9889791,-96.2841796875,39.0966796875,-85.0537109375
46.0285908,-97.4072265625,37.9736328125,-87.1533203125
46.0509987,-97.9443359375,36.9970703125,-89.4970703125
46.0881406,-99.0673828125,36.3134765625,-91.9873046875
46.110274,-100.5810546875,37.2412109375,-94.4287109375
46.1479724,-100.9228515625,39.4873046875,-85.9326171875
46.1680547,-102.3876953125,41.2939453125,-68.2568359375
46.204093,-104.2919921875,41.7822265625,-60.0048828125
46.2301135,-104.5361328125,43.0517578125,-57.9541015625
46.2669653,-105.6103515625,43.6376953125,-59.1259765625
46.2878556,-106.2451171875,44.9072265625,-60.2490234375
46.3383643,-107.5634765625,45.9326171875,-60.0537109375
46.3676316,-108.5888671875,45.8837890625,-59.0283203125
46.3767416,-109.8095703125,45.0048828125,-60.4931640625
46.4143653,-110.6396484375,45.7373046875,-61.7138671875
46.439806,-107.6611328125,45.6396484375,-62.2509765625
46.4934788,-103.0712890625,45.9326171875,-61.9580078125
46.5005113,-100.6787109375,45.8349609375,-62.4462890625
46.5545369,-99.5068359375,45.8349609375,-63.6181640625
46.574362,-98.7255859375,45.4443359375,-65.2294921875
46.5895688,-97.0654296875,45.2490234375,-67.0849609375
46.6259113,-96.1376953125,44.6142578125,-69.2333984375
46.6519792,-96.1376953125,43.9306640625,-71.5771484375
46.6886668,-96.6748046875,43.7841796875,-74.3603515625
46.7117312,-96.8701171875,42.3193359375,-75.3857421875
46.7527817,-96.7236328125,42.0263671875,-77.0458984375
46.7718468,-97.5537109375,41.2451171875,-79.0966796875
46.8092011,-97.0166015625,41.2451171875,-80.6103515625
46.8303316,-98.2373046875,40.3173828125,-82.4169921875
46.8649897,-98.9697265625,39.9755859375,-84.0283203125
46.8913174,-100.4345703125,38.7548828125,-87.3974609375
46.9249073,-101.5576171875,38.5595703125,-88.9599609375
46.9525316,-101.8017578125,40.1220703125,-88.6181640625
46.993182,-103.2177734375,42.0263671875,-70.9912109375
47.0134239,-104.4384765625,43.3447265625,-60.4931640625
47.0505471,-105.2197265625,43.6865234375,-56.6357421875
47.0736871,-105.9033203125,44.3212890625,-57.3681640625
47.1099565,-107.4169921875,44.7607421875,-59.3212890625
47.1375825,-108.1494140625,45.3955078125,-60.2490234375
47.1650413,-109.3701171875,45.4931640625,-60.5419921875
47.1954988,-110.5908203125,45.3955078125,-62.5927734375
47.2279138,-111.2255859375,44.6142578125,-64.0087890625
47.2556346,-110.4443359375,45.0537109375,-63.5693359375
47.2866412,-107.1728515625,45.2978515625,-62.9833984375
47.31615,-103.8037109375,44.6630859375,-62.4462890625
47.3461933,-102.1435546875,44.4677734375,-63.7158203125
47.3771792,-101.6064453125,43.9794921875,-65.3759765625
47.4051355,-100.8740234375,43.9794921875,-68.0126953125
47.4377724,-99.6533203125,42.9541015625,-69.4775390625
47.4674824,-99.9462890625,42.5634765625,-72.0166015625
47.495901,-99.9462890625,42.6123046875,-73.5302734375
47.5243471,-100.2392578125,41.8310546875,-75.4345703125
47.5610436,-99.8974609375,40.8056640625,-76.9970703125
47.5869206,-99.8486328125,39.6826171875,-79.3408203125
47.6180745,-100.3369140625,39.1455078125,-80.0244140625
47.6481865,-101.0693359375,38.5107421875,-81.6845703125
47.674817,-101.9482421875,38.1201171875,-83.8330078125
47.7081791,-103.2177734375,37.5341796875,-86.6650390625
47.7369658,-104.1943359375,39.4873046875,-86.5673828125
47.7671557,-104.8291015625,41.5380859375,-71.7724609375
47.7981308,-105.3173828125,43.0517578125,-57.2216796875
47.829017,-106.3427734375,44.5654296875,-51.1181640625
47.8601107,-107.6611328125,44.4677734375,-49.7998046875
47.8896675,-109.2236328125,46.7138671875,-50.9228515625
47.9167973,-109.4189453125,46.8115234375,-51.6064453125
47.9504764,-110.5908203125,47.6416015625,-50.1416015625
47.9794662,-111.7626953125,47.4951171875,-49.3603515625
48.0350506,-112.9345703125,48.1787109375,-50.2880859375
48.0419919,-112.3974609375,47.8857421875,-52.1923828125
48.0827747,-109.9560546875,48.7158203125,-50.9716796875
48.0984619,-105.6591796875,48.3251953125,-50.5810546875
48.1309723,-103.8525390625,47.9833984375,-51.1669921875
48.1591994,-102.4365234375,47.7880859375,-52.4853515625
48.1918748,-100.1904296875,48.3251953125,-54.2431640625
48.2204059,-99.4091796875,48.0322265625,-56.3916015625
48.2499423,-98.1884765625,47.4951171875,-58.6376953125
48.2983942,-98.2861328125,47.1044921875,-60.2978515625
48.3102483,-98.5791015625,46.5185546875,-61.9091796875
48.3539885,-98.9697265625,45.6396484375,-64.1552734375
48.3725911,-98.6279296875,44.7607421875,-66.2548828125
48.4017521,-98.6767578125,44.3701171875,-67.4755859375
48.4339597,-98.8720703125,44.0283203125,-69.7216796875
48.476947,-99.7021484375,43.2470703125,-72.1142578125
48.492223,-100.8740234375,42.4658203125,-74.0185546875
48.5253076,-101.3134765625,41.7822265625,-76.4111328125
48.552709,-102.8271484375,42.9541015625,-78.6572265625
48.5851634,-103.7548828125,45.2978515625,-70.6982421875
48.6272039,-103.9013671875,47.3974609375,-52.7783203125
48.641848,-105.2197265625,48.4716796875,-43.5498046875
48.6848478,-106.4404296875,49.4970703125,-40.7666015625
48.7040133,-107.1728515625,50.7177734375,-41.1572265625
48.7461853,-108.3447265625,52.2314453125,-41.5966796875
48.7665071,-108.9306640625,52.8662109375,-41.3525390625
48.8019083,-110.2490234375,53.0126953125,-40.2783203125
48.8235569,-111.0302734375,53.0126953125,-40.6201171875
48.8662092,-111.5673828125,53.2080078125,-42.4267578125
48.8865056,-111.0791015625,54.0869140625,-42.6708984375
48.9261121,-106.6357421875,53.2568359375,-42.4755859375
48.9442037,-103.5595703125,53.6962890625,-43.2568359375
48.9813612,-101.7041015625,53.1591796875,-43.3544921875
49.0033723,-100.2392578125,52.6220703125,-45.8447265625
49.0454464,-99.3115234375,52.9150390625,-48.0419921875
49.0682316,-97.7490234375,52.6220703125,-49.9951171875
49.104926,-97.2607421875,51.7919921875,-51.1181640625
49.1351081,-96.5771484375,50.9619140625,-53.5595703125
49.1548752,-96.9189453125,50.6201171875,-56.2939453125
49.1961799,-97.1142578125,49.6923828125,-57.1240234375
49.215234,-97.4072265625,49.7900390625,-58.9306640625
49.2574279,-97.5048828125,48.9111328125,-60.6884765625
49.2782728,-97.7978515625,47.8857421875,-62.9833984375
49.3186061,-98.8720703125,47.2509765625,-65.0341796875
49.3366039,-99.9951171875,46.4208984375,-67.6708984375
49.3740316,-100.7763671875,45.7373046875,-69.8681640625
49.3943204,-101.0205078125,45.2001953125,-72.2607421875
49.434624,-102.2412109375,46.2255859375,-74.8486328125
49.4570511,-103.1689453125,48.9111328125,-61.8603515625
49.4925968,-104.5361328125,50.8642578125,-45.6494140625
49.5183076,-104.6826171875,51.2548828125,-37.9833984375
49.556172,-105.9033203125,51.9873046875,-36.5673828125
49.5802674,-107.3193359375,53.2080078125,-38.8623046875
49.6202935,-108.1494140625,55.2099609375,-40.1806640625
49.6413747,-108.9794921875,55.5517578125,-38.6181640625
49.6825702,-109.8095703125,55.0634765625,-38.3740234375
49.6994654,-110.5419921875,55.5029296875,-39.6435546875
49.7352968,-111.5673828125,55.9912109375,-41.0595703125
49.7615263,-109.5654296875,56.4306640625,-41.9873046875
49.7984069,-106.1474609375,56.9677734375,-41.4990234375
49.8206216,-103.5107421875,56.1865234375,-42.1337890625
49.8591176,-101.7529296875,55.9912109375,-43.2080078125
49.8880114,-100.3857421875,55.2099609375,-45.5029296875
49.9099074,-99.1650390625,55.4541015625,-47.5048828125
49.9493764,-98.1884765625,55.2587890625,-49.6533203125
49.9679264,-97.7978515625,55.3076171875,-51.9482421875
50.0061569,-97.2607421875,54.2822265625,-54.2431640625
50.0306638,-97.8955078125,53.6474609375,-56.2939453125
50.0717572,-97.5537109375,52.7197265625,-57.7099609375
50.0920063,-97.6513671875,52.2314453125,-59.4189453125
50.1287464,-98.3837890625,52.1826171875,-61.0791015625
50.1511027,-98.7255859375,51.0107421875,-63.5205078125
50.1897483,-99.5068359375,49.8876953125,-65.2294921875
50.2100015,-100.6787109375,49.1064453125,-67.4267578125
50.2477178,-101.0693359375,48.6669921875,-69.9658203125
50.2738841,-101.6552734375,50.0830078125,-72.1630859375
50.3130605,-103.1201171875,52.4267578125,-58.1494140625
50.3349684,-103.7548828125,53.5009765625,-43.9404296875
50.3722659,-104.6337890625,54.0869140625,-37.5927734375
50.3943661,-106.2451171875,54.9169921875,-38.4716796875
50.4331137,-106.4404296875,55.1123046875,-40.8154296875
50.4521368,-107.2705078125,55.8935546875,-42.0361328125
50.4902812,-108.1494140625,55.9423828125,-42.7197265625
50.5133745,-108.9306640625,56.1376953125,-43.9404296875
50.5604952,-110.0048828125,56.5283203125,-46.1865234375
50.5808372,-111.0791015625,56.7236328125,-46.1865234375
50.6043084,-110.3466796875,56.1865234375,-45.2099609375
50.6393784,-106.8310546875,55.8935546875,-45.2099609375
50.6664043,-104.0966796875,56.1865234375,-46.1376953125
50.7052921,-102.3388671875,55.4541015625,-47.7490234375
50.7255134,-101.8017578125,54.8193359375,-49.7509765625
50.7646083,-101.1669921875,53.9892578125,-52.0458984375
50.7849276,-100.2392578125,53.8427734375,-54.4384765625
50.8411316,-100.0439453125,53.7451171875,-56.8798828125
50.8441733,-100.7275390625,52.7197265625,-57.8076171875
50.8859479,-100.0927734375,52.5244140625,-59.6630859375
50.9069815,-100.3369140625,51.7919921875,-60.6396484375
50.9423406,-99.9951171875,50.8642578125,-62.2021484375
50.96726,-100.1416015625,50.4736328125,-64.2041015625
51.0045901,-101.0205078125,49.6435546875,-65.6201171875
51.0267783,-102.3876953125,50.1806640625,-68.4521484375
51.0681213,-102.2412109375,52.0361328125,-63.9599609375
51.086956,-103.5107421875,53.8916015625,-47.2119140625
51.1273954,-104.4384765625,55.0146484375,-37.7880859375
51.1475646,-105.2197265625,56.1865234375,-34.4189453125
51.1868043,-105.8544921875,56.9677734375,-34.5166015625
51.210874,-106.0009765625,57.9931640625,-36.4697265625
51.2500295,-107.8076171875,58.2861328125,-36.0302734375
51.2663699,-108.4423828125,57.9443359375,-36.0791015625
51.3022774,-109.1748046875,58.3349609375,-37.3486328125
51.3282332,-109.8583984375,58.6279296875,-38.6181640625
51.3666194,-110.4931640625,58.5791015625,-37.5927734375
51.3897083,-108.6376953125,58.8720703125,-38.5205078125
51.4270158,-104.5849609375,58.4814453125,-37.4462890625
51.4476105,-102.3388671875,58.1884765625,-38.2763671875
51.4856408,-100.1416015625,58.0419921875,-40.5224609375
51.5091009,-99.8486328125,57.1630859375,-42.1826171875
51.5485679,-98.6767578125,57.3095703125,-44.8193359375
51.5710913,-97.8955078125,56.6748046875,-46.9677734375
51.6073517,-97.7001953125,56.2353515625,-48.0419921875
51.6316909,-97.9931640625,55.4541015625,-50.4345703125
51.6796143,-97.6513671875,55.0146484375,-51.8505859375
51.6890576,-97.9931640625,53.9892578125,-52.2900390625
51.727271,-97.9931640625,53.0126953125,-54.8291015625
51.7525437,-98.0419921875,52.1826171875,-56.0009765625
51.7925114,-99.5556640625,51.9873046875,-58.7841796875
51.8137616,-99.9951171875,52.2802734375,-61.3720703125
51.8396954,-101.1669921875,53.4033203125,-62.6904296875
51.8767363,-101.8994140625,56.1865234375,-50.5810546875
51.9003217,-102.3388671875,57.4072265625,-35.1513671875
51.9377712,-103.6572265625,58.8720703125,-26.0693359375
51.9647729,-104.0478515625,59.5068359375,-25.5810546875
51.9935869,-105.2197265625,61.1669921875,-25.2880859375
52.0205662,-106.3427734375,62.6318359375,-25.1904296875
52.0570743,-106.8310546875,63.1689453125,-23.3349609375
52.0811531,-108.0029296875,63.2666015625,-21.8701171875
52.1338836,-109.0283203125,63.9501953125,-22.5537109375
52.1544562,-109.1259765625,64.0478515625,-24.0185546875
52.1705791,-109.0771484375,64.6337890625,-24.6533203125
52.2116541,-106.3916015625,64.8779296875,-23.7744140625
52.2346471,-102.6806640625,64.7802734375,-24.1650390625
52.2692592,-100.2880859375,64.1455078125,-25.2880859375
52.2962947,-99.0673828125,64.3408203125,-27.1435546875
52.3251467,-97.6513671875,63.8037109375,-28.7060546875
52.3547832,-96.3330078125,63.1201171875,-30.9521484375
52.3857976,-94.7705078125,62.1923828125,-32.1240234375
52.4146195,-94.9169921875,62.1435546875,-34.7607421875
52.4468101,-94.9169921875,61.2646484375,-35.8837890625
52.4739246,-94.8193359375,60.8740234375,-38.1787109375
52.5114601,-95.3564453125,60.0439453125,-39.4482421875
52.5371692,-95.2587890625,59.4580078125,-40.9619140625
52.5642252,-95.1611328125,58.6767578125,-43.4033203125
52.5975693,-96.3330078125,57.4560546875,-45.3076171875
52.6259355,-97.6025390625,56.7724609375,-48.1884765625
52.6550044,-98.2861328125,56.3818359375,-49.6533203125
52.6921366,-98.7255859375,57.5537109375,-52.0947265625
52.71813,-99.7021484375,60.1416015625,-43.0126953125
52.7466015,-100.6787109375,62.5830078125,-26.1181640625
52.777598,-101.8994140625,63.2177734375,-18.1103515625
52.8086989,-102.5830078125,64.3408203125,-16.5966796875
52.8372167,-104.3896484375,65.4638671875,-17.0849609375
52.8694136,-104.4873046875,66.2451171875,-17.5244140625
52.8965873,-105.6103515625,66.8798828125,-16.9873046875
52.9305828,-107.0263671875,66.9287109375,-16.0595703125
52.957987,-108.0517578125,67.5146484375,-16.5966796875
52.9871857,-108.5400390625,67.0263671875,-18.5009765625
53.0212967,-108.9794921875,67.7099609375,-18.3056640625
53.0495227,-107.3681640625,67.3193359375,-18.3544921875
53.0788683,-103.0712890625,67.7099609375,-19.1845703125
53.1118123,-100.9228515625,67.3193359375,-20.0634765625
53.1381525,-99.1650390625,66.2451171875,-22.5537109375
53.1668887,-97.5537109375,66.6357421875,-25.1416015625
53.2003502,-96.5771484375,65.7080078125,-26.8994140625
53.229153,-95.6494140625,65.3662109375,-28.9501953125
53.2643586,-95.1611328125,64.5361328125,-31.2451171875
53.2925545,-95.1123046875,64.4384765625,-33.1494140625
53.3206377,-95.6494140625,62.9248046875,-35.2001953125
53.3513493,-94.8681640625,61.8017578125,-36.7626953125
53.38172,-95.7470703125,61.6064453125,-38.8623046875
53.4243585,-95.1123046875,60.7275390625,-40.8154296875
53.4417649,-96.0400390625,59.9462890625,-43.3544921875
53.4717166,-97.7001953125,59.6044921875,-46.2353515625
53.5028022,-98.6767578125,57.8466796875,-48.3349609375
53.5443232,-99.1650390625,58.0419921875,-50.8251953125
53.5592838,-100.0927734375,59.0673828125,-52.9736328125
53.5958118,-100.7275390625,60.7275390625,-42.3779296875
53.6234835,-101.9970703125,62.3388671875,-26.6552734375
53.6517665,-103.1689453125,62.8271484375,-19.6728515625
53.6850523,-104.4873046875,63.6083984375,-19.3310546875
53.7121113,-105.2197265625,64.7802734375,-21.3330078125
53.7400398,-106.0498046875,65.1708984375,-23.0908203125
53.7747111,-106.3427734375,65.6103515625,-23.5791015625
53.8022723,-108.2470703125,65.7080078125,-23.1884765625
53.8367522,-109.0771484375,65.3173828125,-25.9228515625
53.8814473,-109.9072265625,65.8056640625,-26.9482421875
53.891922,-110.7373046875,65.8056640625,-26.3623046875
53.943093,-109.5166015625,65.7080078125,-25.8740234375
53.9521155,-104.7314453125,65.5126953125,-27.0947265625
53.9838763,-102.1923828125,64.6337890625,-28.8525390625
54.0249101,-101.2646484375,64.5849609375,-31.0009765625
54.0447473,-100.0927734375,63.8037109375,-33.7353515625
54.0818044,-99.2138671875,63.4130859375,-35.6884765625
54.1057545,-98.9208984375,62.7294921875,-38.3251953125
54.1400206,-98.3837890625,61.9970703125,-39.8876953125
54.167837,-98.7744140625,61.6064453125,-41.6455078125
54.2040479,-98.8232421875,60.7275390625,-43.1103515625
54.2250597,-99.3603515625,59.8486328125,-44.5751953125
54.260071,-98.8720703125,58.6279296875,-45.7958984375
54.2868721,-99.2626953125,58.4326171875,-47.6025390625
54.3215172,-99.9951171875,57.2119140625,-50.6298828125
54.3478363,-101.3134765625,58.4814453125,-52.3388671875
54.37721,-102.2412109375,59.9462890625,-44.5751953125
54.4131879,-103.2666015625,61.9970703125,-29.8291015625
54.4361696,-103.7060546875,62.1435546875,-22.7001953125
54.4731086,-104.2431640625,63.4619140625,-21.2841796875
54.4995915,-105.3173828125,63.8037109375,-23.2373046875
54.5357177,-106.3916015625,64.8779296875,-24.6044921875
54.5561943,-106.5869140625,63.9990234375,-24.5068359375
54.5995065,-108.1005859375,63.8037109375,-24.3603515625
54.6182364,-108.7841796875,64.1943359375,-27.1923828125
54.6544516,-109.6630859375,64.0966796875,-27.3876953125
54.6766019,-110.2490234375,63.6083984375,-26.4111328125
54.7148285,-109.4189453125,63.8037109375,-26.4111328125
54.7353772,-105.9033203125,63.5107421875,-27.0947265625
54.7744632,-103.1201171875,62.9736328125,-29.4873046875
54.7952248,-101.7529296875,62.6318359375,-31.0498046875
54.8458018,-100.5810546875,62.1923828125,-34.1259765625
54.8664328,-100.5322265625,60.6787109375,-35.2490234375
54.887275,-99.4091796875,60.7763671875,-38.0810546875
54.9232515,-98.7744140625,59.8486328125,-39.8876953125
54.9499417,-99.7021484375,59.7998046875,-41.5478515625
54.9810749,-99.4580078125,58.4814453125,-42.9638671875
55.0353609,-99.6533203125,57.9443359375,-44.9169921875
55.03833,-99.8486328125,56.8212890625,-46.8212890625
55.0751507,-100.1416015625,56.4794921875,-48.9208984375
55.0995645,-101.0693359375,56.2353515625,-52.4365234375
55.1374421,-102.1435546875,57.9931640625,-53.5595703125
55.1614902,-102.8759765625,59.4091796875,-40.9130859375
55.2034462,-103.8037109375,60.1416015625,-26.4111328125
55.2184649,-104.5849609375,62.2412109375,-19.0869140625
55.2530982,-105.7080078125,63.9501953125,-17.4755859375
55.2788451,-106.1962890625,64.6337890625,-18.2568359375
55.3191504,-107.1728515625,65.9521484375,-17.3291015625
55.3414466,-107.9052734375,65.9033203125,-15.9130859375
55.378338,-108.8330078125,66.3427734375,-14.5458984375
55.4031543,-109.3701171875,66.4892578125,-15.3271484375
55.4404615,-110.3466796875,67.1240234375,-17.0849609375
55.4594749,-111.4208984375,66.9287109375,-16.8408203125
55.4959487,-110.2490234375,67.0751953125,-17.5244140625
55.5212422,-105.3662109375,66.5380859375,-17.1826171875
55.5595013,-103.4130859375,66.2451171875,-18.9892578125
55.5839467,-101.1669921875,66.1474609375,-20.4052734375
55.6200307,-100.1904296875,65.8544921875,-22.8955078125
55.6463109,-98.4814453125,64.8779296875,-25.4833984375
55.6732312,-97.4560546875,63.9013671875,-27.4365234375
55.7105254,-96.5283203125,63.9013671875,-29.7802734375
55.734348,-96.1376953125,63.1201171875,-31.9287109375
55.7715552,-96.4794921875,62.3876953125,-33.6865234375
55.7930389,-96.3330078125,62.0947265625,-36.1279296875
55.8313313,-96.8212890625,60.6787109375,-37.5439453125
55.8532284,-97.0166015625,59.7509765625,-40.2783203125
55.894896,-97.3583984375,59.2138671875,-42.0849609375
55.9140689,-98.5302734375,58.4326171875,-45.0634765625
55.9572009,-99.9951171875,59.2626953125,-47.4560546875
55.9873752,-100.6298828125,61.6552734375,-43.0126953125
56.0073641,-101.8505859375,63.9013671875,-26.1181640625
56.047196,-102.3388671875,64.2919921875,-16.7431640625
56.0667394,-103.3642578125,65.6103515625,-12.6416015625
56.103602,-104.3896484375,66.8798828125,-12.6904296875
56.1237973,-105.1220703125,68.7841796875,-12.8369140625
56.1609595,-106.1962890625,68.9794921875,-12.5927734375
56.1857416,-106.9775390625,69.2724609375,-10.5419921875
56.2182324,-107.9541015625,69.7119140625,-10.4443359375
56.2576491,-108.5888671875,70.0048828125,-13.2763671875
56.2777121,-110.0537109375,70.2978515625,-13.2275390625
56.314541,-110.2001953125,69.8583984375,-14.3505859375
56.3367361,-107.3681640625,70.1025390625,-14.1064453125
56.3745025,-103.7060546875,69.3212890625,-15.6201171875
56.3985566,-101.2158203125,69.3701171875,-18.0126953125
56.4416884,-99.9951171875,68.4423828125,-20.2587890625
56.4728276,-98.4326171875,67.6123046875,-22.5537109375
56.4899067,-97.0654296875,67.5146484375,-24.4580078125
56.5282379,-96.0888671875,67.3193359375,-27.2412109375
56.5479616,-95.7958984375,66.5869140625,-29.7802734375
56.5831497,-95.5517578125,65.9521484375,-31.5380859375
56.6061581,-96.0400390625,65.1220703125,-34.1259765625
56.6427229,-95.6982421875,64.7802734375,-36.0791015625
56.6667685,-95.6494140625,63.8525390625,-38.0322265625
56.703539,-96.3818359375,62.9248046875,-40.9130859375
56.7298334,-96.6259765625,61.8017578125,-43.4521484375
56.7680408,-98.4814453125,60.4833984375,-46.3818359375
56.7914646,-99.0673828125,60.2392578125,-49.1650390625
56.8219649,-99.8974609375,61.8505859375,-51.8505859375
56.8500702,-100.6787109375,64.5361328125,-40.4736328125
56.8856398,-101.4599609375,65.6591796875,-25.0439453125
56.9118879,-102.5830078125,66.1474609375,-17.6708984375
56.9496507,-103.8525390625,67.1728515625,-17.2802734375
56.9717721,-104.6826171875,68.1982421875,-18.9404296875
57.0019056,-105.7568359375,68.9794921875,-20.0146484375
57.0386759,-106.9775390625,68.7841796875,-19.1357421875
57.0622128,-107.8564453125,69.2724609375,-19.5263671875
57.1018104,-108.7353515625,68.7353515625,-21.4794921875
57.1260586,-109.5654296875,69.5166015625,-23.5302734375
57.1509323,-110.6884765625,69.0283203125,-22.9443359375
57.1893026,-110.4931640625,69.4677734375,-23.3349609375
57.2145835,-107.5634765625,68.5400390625,-24.5556640625
57.2416004,-103.8525390625,68.8818359375,-26.8994140625
57.2775402,-101.6552734375,67.8564453125,-28.8525390625
57.3034755,-101.3623046875,67.3681640625,-31.6357421875
57.3313668,-99.7509765625,66.8798828125,-34.0283203125
57.3696719,-98.6279296875,66.6845703125,-36.0302734375
57.3926851,-97.5537109375,65.8544921875,-38.4716796875
57.4234092,-97.2119140625,65.1220703125,-40.8642578125
57.4566141,-98.2373046875,64.6826171875,-42.6220703125
57.4837156,-98.0419921875,63.3642578125,-45.2587890625
57.5138458,-98.2861328125,62.2412109375,-46.9677734375
57.5474725,-98.1884765625,60.9716796875,-48.8232421875
57.5753212,-99.0185546875,60.7275390625,-51.6552734375
57.6079771,-99.8486328125,60.5322265625,-54.5849609375
57.637176,-100.5322265625,62.3388671875,-55.4150390625
57.6639348,-101.8505859375,64.2919921875,-41.5478515625
57.6971221,-102.5341796875,64.8291015625,-28.9990234375
57.7269516,-103.0224609375,65.8056640625,-24.5556640625
57.753863,-103.7548828125,66.3427734375,-24.9462890625
57.7866612,-104.5849609375,67.0751953125,-26.9970703125
57.816249,-105.9033203125,67.8076171875,-28.1201171875
57.8445246,-106.3916015625,67.2705078125,-28.3154296875
57.8779577,-107.7587890625,66.9775390625,-29.5849609375
57.9065497,-108.3935546875,67.2216796875,-31.0986328125
57.9378267,-109.8095703125,67.3681640625,-31.6357421875
57.9679663,-110.3466796875,67.4658203125,-31.2939453125
57.9947972,-110.3955078125,66.6845703125,-32.0751953125
58.0297235,-106.8310546875,66.2939453125,-33.3935546875
58.0568015,-103.6083984375,66.1474609375,-36.0791015625
58.0891252,-102.2900390625,65.7568359375,-38.2763671875
58.1185632,-101.0205078125,64.6337890625,-41.2548828125
58.1488005,-100.1904296875,63.9990234375,-43.3056640625
58.1776971,-99.7021484375,63.0224609375,-45.1611328125
58.2094554,-99.8974609375,62.1923828125,-47.8955078125
58.2387366,-99.9951171875,62.1435546875,-49.4091796875
58.271344,-99.6044921875,61.3134765625,-50.7275390625
58.2981551,-99.8974609375,60.5810546875,-52.8271484375
58.3295708,-99.4091796875,59.2138671875,-55.7568359375
58.361027,-99.5556640625,58.8232421875,-58.1982421875
58.3898688,-100.5810546875,59.2626953125,-60.4931640625
58.4211688,-101.4599609375,61.5576171875,-56.0009765625
58.4515653,-102.9248046875,63.5595703125,-38.4228515625
58.4786429,-102.9736328125,64.3896484375,-28.5107421875
58.5066444,-104.3408203125,65.2197265625,-25.4345703125
58.5395716,-105.2685546875,66.7333984375,-25.6298828125
58.570496,-105.5615234375,68.2958984375,-26.6552734375
58.6018712,-107.0751953125,68.8330078125,-25.9228515625
58.6296698,-107.5634765625,68.5400390625,-24.7509765625
58.6595525,-108.4912109375,68.4423828125,-25.0439453125
58.6917715,-109.7607421875,69.0283203125,-26.7529296875
58.7217794,-110.8837890625,69.8095703125,-27.2900390625
58.7544462,-110.9326171875,69.4677734375,-27.6318359375
58.7817027,-109.9560546875,68.7841796875,-27.7783203125
58.8108486,-106.1474609375,69.0283203125,-29.2431640625
58.8441565,-103.2177734375,68.1005859375,-31.0498046875
58.8749465,-101.8505859375,68.3447265625,-33.6865234375
58.9021561,-99.9951171875,68.0029296875,-35.3955078125
58.9343526,-98.5302734375,67.1240234375,-37.8369140625
58.9602133,-97.9443359375,66.1474609375,-39.6923828125
58.9913973,-97.2119140625,65.6103515625,-41.6455078125
59.0259592,-97.1142578125,65.0244140625,-43.5498046875
59.0529018,-97.4560546875,64.7314453125,-45.5029296875
59.0864152,-97.6025390625,63.6083984375,-47.0654296875
59.1142337,-97.1630859375,62.8271484375,-49.4580078125
59.1627043,-97.2607421875,61.9970703125,-51.5576171875
59.1743965,-97.8466796875,60.9228515625,-53.9990234375
59.2113354,-99.0673828125,60.2392578125,-57.2216796875
59.2319729,-99.6533203125,62.0947265625,-59.3212890625
59.2665585,-100.8251953125,64.0478515625,-51.9482421875
59.2965253,-101.6552734375,65.2197265625,-35.2490234375
59.3263552,-102.6318359375,66.4404296875,-25.4345703125
59.3558753,-103.0712890625,67.9541015625,-23.3349609375
59.383483,-104.2919921875,69.4189453125,-23.5791015625
59.4170252,-105.3662109375,70.6884765625,-23.2373046875
59.4439556,-106.0009765625,71.6162109375,-21.6748046875
59.4733801,-107.0263671875,71.5673828125,-19.8193359375
59.5143028,-107.9541015625,71.4208984375,-20.7470703125
59.5365792,-109.0283203125,72.3486328125,-22.7978515625
59.5648971,-110.0048828125,72.9345703125,-23.7255859375
59.6022817,-110.5908203125,72.4462890625,-23.4814453125
59.6252772,-109.1259765625,72.5439453125,-24.3115234375
59.6588936,-105.4150390625,72.6904296875,-24.3603515625
59.6880106,-102.2412109375,72.0068359375,-26.4599609375
59.7237987,-100.6298828125,71.0302734375,-28.2666015625
59.7492549,-99.1650390625,70.7861328125,-31.1962890625
59.7763337,-97.8955078125,69.9560546875,-33.1494140625
59.8141597,-96.6259765625,69.3701171875,-35.1513671875
59.8401881,-95.9423828125,68.7841796875,-37.5439453125
59.8777574,-95.0634765625,67.7099609375,-39.3994140625
59.897182,-95.1611328125,67.4658203125,-41.7431640625
59.9344405,-95.3076171875,66.5869140625,-43.6962890625
59.9588447,-95.1611328125,65.3662109375,-46.4794921875
59.989934,-95.8447265625,64.3408203125,-48.2861328125
60.0204677,-95.6982421875,63.3154296875,-50.4833984375
60.0487814,-96.3330078125,63.0224609375,-53.1201171875
60.0852719,-97.7978515625,62.1435546875,-56.0498046875
60.110277,-98.8232421875,63.4130859375,-58.1982421875
60.1421903,-99.0185546875,65.6591796875,-51.6552734375
60.1706934,-99.8486328125,66.9775390625,-35.7373046875
60.2188061,-101.0205078125,68.1494140625,-27.7783203125
60.2280473,-101.7529296875,69.2236328125,-26.5576171875
60.2649173,-102.5830078125,70.3466796875,-27.2900390625
60.287809,-103.8037109375,71.8603515625,-28.6572265625
60.3289565,-104.3896484375,72.2998046875,-27.4853515625
60.3507138,-105.2197265625,71.9580078125,-27.0947265625
60.3873257,-106.7333984375,72.1533203125,-29.7314453125
60.4142969,-107.7099609375,72.2998046875,-30.5126953125
60.4412883,-108.9794921875,72.2998046875,-32.2705078125
60.4843118,-109.0283203125,71.9580078125,-31.2451171875
60.5037043,-108.9306640625,71.2255859375,-33.1494140625
60.5405685,-105.2197265625,71.2744140625,-34.0283203125
60.5591912,-101.8505859375,70.8837890625,-36.6162109375
60.5979148,-100.5322265625,70.2978515625,-38.3740234375
60.6237759,-99.1650390625,69.1259765625,-39.8388671875
60.6540084,-97.2119140625,68.9306640625,-41.9873046875
60.6910514,-96.4794921875,68.3447265625,-44.5263671875
60.7109881,-95.6982421875,67.4169921875,-46.6748046875
60.7496607,-95.8447265625,66.4892578125,-48.2861328125
60.7738758,-95.8935546875,65.8544921875,-49.6533203125
60.8110603,-95.5029296875,64.7802734375,-52.2412109375
60.8331419,-95.7470703125,63.3642578125,-54.2431640625
60.8700118,-96.0888671875,63.2177734375,-56.5380859375
60.8963427,-96.2353515625,61.8017578125,-58.8818359375
60.9335327,-97.6513671875,62.7783203125,-62.2021484375
60.95807,-97.8955078125,64.3896484375,-60.4443359375
60.9854974,-99.7509765625,65.4150390625,-46.9189453125
61.0220655,-100.2880859375,66.1962890625,-39.3505859375
61.0443446,-100.8251953125,67.1240234375,-38.1298828125
61.0816963,-101.6552734375,67.6611328125,-38.9599609375
61.1019179,-102.9248046875,68.3447265625,-41.2060546875
61.1527868,-104.1455078125,68.8330078125,-41.5966796875
61.1649004,-105.0244140625,67.6123046875,-42.1826171875
61.2049461,-105.4638671875,68.3935546875,-43.3544921875
61.2268374,-106.3427734375,68.5888671875,-45.6005859375
61.2564522,-107.3681640625,68.0517578125,-45.7958984375
61.2889807,-108.4912109375,67.3681640625,-46.0400390625
61.3182458,-108.1494140625,66.8798828125,-46.6259765625
61.3483193,-105.5126953125,66.6845703125,-47.9443359375
61.3793927,-102.3876953125,66.2939453125,-49.9951171875
61.4090373,-100.6298828125,65.3173828125,-52.3876953125
61.4352773,-99.3115234375,64.8291015625,-54.4873046875
61.4739618,-98.6767578125,63.8037109375,-55.5615234375
61.4966285,-98.1396484375,63.2666015625,-58.1494140625
61.5342093,-96.8212890625,62.4853515625,-59.4189453125
61.5604463,-97.4560546875,62.0458984375,-61.7138671875
61.5884302,-97.0166015625,60.9716796875,-63.5205078125
61.6220335,-97.2119140625,59.7509765625,-65.8154296875
61.6500429,-98.0419921875,58.6767578125,-67.4755859375
61.6769086,-97.3583984375,58.8720703125,-69.8193359375
61.7141014,-98.2861328125,60.3369140625,-70.6494140625
61.7396928,-99.2626953125,62.4853515625,-62.0068359375
61.7776131,-100.0927734375,62.6318359375,-51.8994140625
61.801095,-100.7275390625,64.2431640625,-48.0908203125
61.8286333,-101.8994140625,65.5126953125,-49.3603515625
61.8681917,-102.3876953125,66.5869140625,-49.4091796875
61.8923104,-103.2666015625,67.2705078125,-49.7998046875
61.9207106,-104.0966796875,68.0029296875,-49.8974609375
61.9572803,-105.4638671875,67.4658203125,-49.5068359375
61.9818817,-106.2451171875,67.4658203125,-51.5576171875
62.0108197,-106.8310546875,66.3916015625,-52.7783203125
62.041135,-107.4658203125,67.6123046875,-52.5341796875
62.0728989,-108.6865234375,67.4169921875,-53.6083984375
62.1001391,-107.8564453125,66.9287109375,-54.5361328125
62.1370273,-103.9013671875,66.3916015625,-56.1962890625
62.1600521,-101.0693359375,66.2939453125,-57.2705078125
62.1961521,-99.7021484375,65.2197265625,-60.2978515625
62.2233667,-98.3349609375,64.3408203125,-61.0302734375
62.2524533,-97.0654296875,63.9990234375,-63.8134765625
62.2848829,-96.0400390625,63.1689453125,-65.3271484375
62.312361,-94.7705078125,61.9482421875,-67.2802734375
62.3407603,-95.3076171875,61.4111328125,-68.5986328125
62.3795702,-95.0634765625,60.4345703125,-70.1123046875
62.403513,-94.5263671875,59.7021484375,-72.1142578125
62.4315059,-95.0634765625,58.4326171875,-74.0673828125
62.4652673,-95.3564453125,56.7724609375,-76.1669921875
62.4920862,-95.6494140625,56.6748046875,-78.4619140625
62.5305749,-96.5771484375,56.1865234375,-80.7080078125
62.5543563,-98.0419921875,59.1650390625,-81.1962890625
62.5809086,-98.6767578125,60.2880859375,-70.6982421875
62.6180419,-99.7998046875,60.9228515625,-62.4462890625
62.6433826,-100.3369140625,62.2900390625,-59.4677734375
62.678559,-101.6552734375,63.8525390625,-60.1025390625
62.7060509,-102.9248046875,65.3173828125,-61.2744140625
62.7335132,-104.2919921875,64.9755859375,-60.9326171875
62.7635755,-104.9755859375,65.8056640625,-59.4189453125
62.8131734,-105.3662109375,64.9755859375,-60.3955078125
62.833169,-106.3916015625,66.0009765625,-61.4697265625
62.8552905,-107.5146484375,65.4150390625,-62.7880859375
62.8872959,-108.6376953125,66.1474609375,-62.2021484375
62.9141848,-108.9306640625,65.2685546875,-63.3251953125
62.9478503,-108.3935546875,64.4873046875,-63.8134765625
62.9749963,-104.1943359375,64.8291015625,-65.1318359375
63.0099363,-101.0205078125,63.4130859375,-66.9384765625
63.038738,-99.4580078125,63.2177734375,-68.9404296875
63.0651716,-97.9443359375,62.3388671875,-69.9169921875
63.0948288,-96.8701171875,61.7529296875,-71.8212890625
63.126977,-95.3076171875,60.8740234375,-73.5302734375
63.1565199,-94.8681640625,59.9462890625,-75.8740234375
63.1903448,-94.6728515625,58.4814453125,-77.0947265625
63.2165951,-95.3076171875,57.7490234375,-78.6572265625
63.2476892,-95.6982421875,57.1630859375,-81.3427734375
63.2785766,-94.7216796875,56.3818359375,-82.8564453125
63.3066907,-95.8935546875,55.3564453125,-85.0048828125
63.3402667,-96.5771484375,54.1845703125,-87.0556640625
63.367304,-97.2119140625,53.4033203125,-89.3994140625
63.3968328,-98.4326171875,52.0361328125,-91.4013671875
63.4314084,-99.4580078125,53.4521484375,-93.3544921875
63.4586551,-99.9462890625,54.8681640625,-90.6201171875
63.4887179,-101.0693359375,56.0888671875,-79.2919921875
63.5218856,-101.9482421875,56.8701171875,-73.3349609375
63.5495653,-103.0712890625,57.6513671875,-73.2861328125
63.57704,-104.3408203125,58.8720703125,-74.9462890625
63.6103333,-105.6591796875,59.7509765625,-75.2880859375
63.6398507,-106.3427734375,59.3115234375,-75.3857421875
63.6740858,-107.1240234375,59.1162109375,-75.7763671875
63.6994826,-108.1494140625,59.2138671875,-76.3623046875
63.7285852,-109.4677734375,59.3115234375,-77.9736328125
63.7635081,-110.8349609375,59.4091796875,-77.9248046875
63.7905258,-111.6650390625,59.8974609375,-79.1943359375
63.8202993,-112.4951171875,58.5791015625,-79.4873046875
63.8524378,-110.4931640625,58.3349609375,-80.4638671875
63.8795294,-106.7333984375,57.5537109375,-81.6845703125
63.9130472,-103.6572265625,57.3095703125,-82.8564453125
63.9409637,-102.8759765625,56.5283203125,-85.0048828125
63.972371,-101.2646484375,55.8935546875,-86.7138671875
64.0013205,-100.1416015625,55.3076171875,-87.9833984375
64.0321216,-98.8720703125,54.4287109375,-89.2529296875
64.0620762,-99.2138671875,53.6474609375,-90.8154296875
64.094594,-98.4814453125,52.2802734375,-92.1337890625
64.1226491,-99.7509765625,51.5966796875,-93.4033203125
64.1517512,-99.6533203125,50.7177734375,-94.9169921875
64.1838019,-99.8486328125,50.0341796875,-96.8701171875
64.2137238,-99.9462890625,48.9111328125,-98.3837890625
64.2462874,-100.9716796875,48.9599609375,-100.2392578125
64.2736456,-101.8505859375,50.8154296875,-101.0693359375
64.3031756,-103.0224609375,52.1826171875,-91.5966796875
64.335198,-103.9990234375,53.0126953125,-84.1748046875
64.3634004,-105.0244140625,53.2568359375,-80.9033203125
64.4130943,-105.9033203125,53.7451171875,-81.4892578125
64.4260037,-106.4404296875,54.2822265625,-82.8076171875
64.4724832,-107.9052734375,55.1123046875,-83.2958984375
64.4937256,-108.7353515625,54.8681640625,-83.3447265625
64.5168417,-109.4189453125,54.3310546875,-84.1259765625
64.5452285,-110.4931640625,54.9658203125,-84.8583984375
64.5764142,-111.8115234375,54.5263671875,-85.4443359375
64.604419,-113.1298828125,54.3310546875,-84.5166015625
64.6340075,-114.1064453125,54.3798828125,-84.2724609375
64.6669351,-113.6669921875,53.1103515625,-85.3955078125
64.6946617,-110.3466796875,53.3056640625,-87.1044921875
64.7293223,-107.0263671875,52.4267578125,-88.1787109375
64.7579308,-105.9521484375,51.9873046875,-89.2529296875
64.7859428,-104.2919921875,51.1083984375,-90.4736328125
64.8129849,-104.0478515625,50.6201171875,-91.7431640625
64.8486717,-103.1689453125,49.2529296875,-93.5498046875
64.8768974,-102.6318359375,48.4716796875,-94.5263671875
64.9241817,-102.8271484375,47.7880859375,-95.6005859375
64.9437737,-103.8037109375,47.2509765625,-96.6748046875
64.9637769,-103.1689453125,46.0302734375,-98.1396484375
65.0009047,-103.4619140625,45.8349609375,-99.0673828125
65.0283848,-103.5595703125,45.4443359375,-100.9716796875
65.0600131,-103.8525390625,46.8603515625,-101.3134765625
65.0879368,-105.1708984375,49.1064453125,-91.9873046875
65.1173888,-106.3916015625,50.1318359375,-81.9775390625
65.1512973,-107.4169921875,50.4736328125,-77.0458984375
65.1798041,-108.3447265625,52.2802734375,-76.1669921875
65.2079342,-108.5400390625,52.7197265625,-76.9482421875
65.2429199,-109.4677734375,53.3056640625,-76.2158203125
65.2699171,-110.6884765625,53.7451171875,-74.7021484375
65.2984329,-111.1767578125,53.7451171875,-73.8232421875
65.3309903,-112.6904296875,54.6240234375,-75.0439453125
65.3584964,-113.4228515625,54.4775390625,-76.1181640625
65.3938294,-114.2041015625,54.3310546875,-75.3857421875
65.4219927,-116.0107421875,54.2822265625,-75.5810546875
65.450208,-115.2294921875,53.9404296875,-75.8740234375
65.4973194,-113.8134765625,53.6962890625,-76.5576171875
65.5114254,-109.4189453125,53.5986328125,-78.5595703125
65.5584296,-107.1240234375,53.2568359375,-79.0478515625
65.5722031,-105.6103515625,52.4267578125,-80.1220703125
65.6030888,-104.3408203125,51.7919921875,-81.6845703125
65.6298285,-104.3896484375,51.1083984375,-82.9052734375
65.6623269,-103.1201171875,50.4736328125,-84.2236328125
65.6923895,-102.4853515625,49.9365234375,-85.6396484375
65.7247804,-103.3154296875,48.9111328125,-86.6162109375
65.7532096,-103.4619140625,48.1298828125,-88.7158203125
65.7824555,-102.9736328125,47.2509765625,-89.9365234375
65.8129823,-103.2177734375,46.2255859375,-90.8154296875
65.8427999,-103.6083984375,45.0048828125,-92.6708984375
65.8702875,-104.5849609375,44.7607421875,-94.4775390625
65.9034647,-105.5126953125,46.1767578125,-96.6259765625
65.9331766,-106.4892578125,47.8857421875,-93.2568359375
65.9645073,-107.3681640625,49.3505859375,-79.6337890625
65.9947553,-108.4423828125,50.7177734375,-70.7470703125
66.021932,-109.0771484375,51.6455078125,-67.3779296875
66.0550949,-110.2001953125,53.0126953125,-67.4755859375
66.085223,-111.4697265625,54.3310546875,-67.5732421875
66.1131398,-112.7880859375,54.1845703125,-66.6943359375
66.1465077,-113.0322265625,55.0146484375,-65.1318359375
66.1737056,-114.3017578125,55.3076171875,-64.6435546875
66.2082871,-115.5712890625,55.0146484375,-66.5966796875
66.2353797,-116.2060546875,55.6982421875,-67.2314453125
66.2653546,-117.4267578125,55.9912109375,-67.6220703125
66.2961901,-118.9892578125,55.1611328125,-67.8662109375
66.3274263,-118.5498046875,55.2099609375,-68.3544921875
66.3539411,-115.0830078125,54.8193359375,-69.0869140625
66.3888153,-111.0302734375,54.5751953125,-70.8447265625
66.4179268,-108.5400390625,53.4521484375,-72.3095703125
66.4461632,-107.9052734375,53.9404296875,-74.7021484375
66.4794174,-106.3427734375,52.4755859375,-75.8740234375
66.5075297,-104.1455078125,52.2802734375,-77.8759765625
66.5394695,-103.7060546875,51.4501953125,-79.2919921875
66.567219,-103.9013671875,50.7666015625,-81.2451171875
66.597393,-103.5595703125,49.7900390625,-82.6611328125
66.6301664,-103.9990234375,49.5947265625,-84.6630859375
66.6600983,-104.2919921875,48.3740234375,-86.3232421875
66.6882512,-103.9990234375,47.5927734375,-88.6181640625
66.7198352,-104.8291015625,46.7138671875,-90.3271484375
66.7495092,-105.6591796875,46.0791015625,-92.1337890625
66.7759311,-107.3193359375,45.0048828125,-94.4287109375
66.8090582,-108.4912109375,47.1044921875,-96.2353515625
66.8368855,-108.9306640625,49.2041015625,-87.7392578125
66.8673543,-109.7119140625,50.0830078125,-74.2626953125
66.9003903,-110.6396484375,50.8154296875,-68.2568359375
66.9301778,-112.0556640625,51.4990234375,-67.0849609375
66.9592796,-113.3740234375,52.2314453125,-68.6962890625
66.9903069,-113.9111328125,53.2568359375,-69.9658203125
67.0186536,-115.2294921875,53.1103515625,-70.6494140625
67.0511151,-116.4501953125,52.7685546875,-70.1611328125
67.0819567,-117.3291015625,52.8173828125,-72.1142578125
67.1114142,-118.1591796875,53.3544921875,-73.3837890625
67.1398365,-119.6728515625,52.8662109375,-72.4560546875
67.1684483,-120.5029296875,53.2568359375,-72.7978515625
67.2024992,-121.6259765625,53.0126953125,-73.4326171875
67.2304461,-120.4541015625,52.4267578125,-74.7021484375
67.2590376,-117.1826171875,51.6943359375,-76.8017578125
67.2941444,-113.2275390625,51.2548828125,-78.9501953125
67.3203122,-111.4697265625,51.1083984375,-80.4150390625
67.3539489,-110.9814453125,50.2294921875,-83.4423828125
67.3842939,-109.6142578125,49.5458984375,-84.9560546875
67.4116637,-108.6865234375,49.3017578125,-86.1279296875
67.4431003,-108.6376953125,48.1787109375,-87.5927734375
67.471402,-108.2470703125,47.8369140625,-88.6181640625
67.4993808,-109.3212890625,46.5185546875,-90.7177734375
67.5346057,-108.5888671875,46.2255859375,-92.1337890625
67.561554,-108.8818359375,45.3466796875,-93.4033203125
67.5905785,-109.2236328125,45.8837890625,-95.8447265625
67.6240578,-109.5166015625,48.0810546875,-95.4052734375
67.651957,-111.6162109375,49.2529296875,-82.5146484375
67.6847858,-112.0068359375,50.0341796875,-72.0654296875
67.7152515,-112.0068359375,50.9619140625,-68.2080078125
67.7421927,-113.8134765625,51.6943359375,-68.1591796875
67.7778791,-114.1064453125,51.8896484375,-70.2099609375
67.803702,-116.1572265625,51.8408203125,-71.1865234375
67.8344384,-115.9130859375,52.3291015625,-70.8935546875
67.8649348,-116.8896484375,51.6943359375,-72.4072265625
67.8954778,-118.4033203125,52.1337890625,-73.9697265625
67.9437556,-118.7939453125,52.0361328125,-73.3349609375
67.974669,-119.9658203125,52.2802734375,-73.2861328125
67.9826903,-120.7958984375,51.5478515625,-73.1396484375
68.0325871,-121.4306640625,51.1083984375,-74.4091796875
68.0444661,-120.1123046875,50.8154296875,-75.9716796875
68.0754156,-115.7666015625,50.7177734375,-77.9736328125
68.1077106,-113.1298828125,49.8876953125,-80.4150390625
68.1361582,-112.2509765625,48.9599609375,-82.2216796875
68.1637131,-110.6396484375,48.7646484375,-84.1259765625
68.2266712,-110.5419921875,47.9345703125,-85.7861328125
68.2275243,-109.4677734375,47.3974609375,-87.2509765625
68.2585051,-109.5654296875,46.7626953125,-88.9599609375
68.3032831,-109.9072265625,45.5419921875,-90.2294921875
68.3250585,-110.1513671875,45.5419921875,-92.3291015625
68.3477119,-109.8095703125,44.3212890625,-93.7451171875
68.3944983,-110.0048828125,44.7119140625,-95.7958984375
68.4173475,-110.4931640625,45.8349609375,-97.9443359375
68.454897,-110.3955078125,48.3251953125,-89.5458984375
68.4757685,-112.2021484375,49.5458984375,-73.6279296875
68.5125751,-113.6669921875,51.5478515625,-66.3037109375
68.533991,-113.7646484375,52.5732421875,-63.1298828125
68.5877337,-114.9853515625,53.2568359375,-63.8623046875
68.6184059,-115.7177734375,55.2587890625,-63.1787109375
68.6193246,-116.5478515625,55.5517578125,-62.5439453125
68.6491245,-118.5009765625,55.6494140625,-60.8837890625
68.6802233,-118.3544921875,55.6982421875,-62.1044921875
68.7273502,-119.3310546875,55.2099609375,-62.7392578125
68.7484724,-120.5517578125,56.4306640625,-63.1787109375
68.7856231,-120.9423828125,55.4541015625,-62.5439453125
68.8078925,-122.1142578125,56.0888671875,-63.1787109375
68.8270471,-122.6025390625,55.8447265625,-63.6669921875
68.8762418,-120.1123046875,55.4541015625,-64.6923828125
68.896324,-114.7412109375,55.1123046875,-67.4755859375
68.9378948,-112.6904296875,54.2333984375,-69.1357421875
68.9600835,-111.1767578125,53.8427734375,-70.9912109375
68.9771017,-110.5419921875,53.7451171875,-72.9931640625
69.0121962,-108.8818359375,53.0615234375,-74.8974609375
69.0413202,-107.6123046875,52.1337890625,-77.3388671875
69.0918084,-107.3681640625,51.8408203125,-78.4130859375
69.1120151,-108.1005859375,50.8642578125,-80.7080078125
69.1328751,-107.5634765625,50.7666015625,-82.6611328125
69.166375,-107.6123046875,48.9111328125,-84.8095703125
69.2086085,-107.9541015625,48.6669921875,-87.2021484375
69.2296469,-108.1982421875,48.3251953125,-89.7412109375
69.2682121,-108.7353515625,49.3505859375,-91.5966796875
69.2884374,-110.5908203125,51.3525390625,-91.9384765625
69.3093613,-111.2255859375,53.3056640625,-76.5087890625
69.3443095,-112.2998046875,54.8193359375,-63.4716796875
69.3718333,-112.9345703125,55.9423828125,-57.7099609375
69.4305769,-113.3740234375,57.0166015625,-55.9521484375
69.4495087,-114.5458984375,58.2373046875,-56.3427734375
69.4619995,-116.0107421875,59.1162109375,-56.0498046875
69.4961811,-116.4501953125,58.7255859375,-55.3662109375
69.5415621,-117.6220703125,59.7509765625,-54.2919921875
69.5615685,-118.4033203125,60.0927734375,-56.3916015625
69.6025373,-119.1357421875,60.3369140625,-57.3681640625
69.622751,-120.6494140625,60.2880859375,-57.5634765625
69.6596272,-121.9677734375,61.0693359375,-58.3447265625
69.6796995,-122.6513671875,60.0927734375,-58.1494140625
69.7208555,-122.0654296875,60.0439453125,-60.5419921875
69.7437022,-118.6474609375,59.6044921875,-62.1533203125
69.7816709,-114.8876953125,59.1650390625,-64.7900390625
69.802016,-112.7880859375,59.1162109375,-67.2802734375
69.8393175,-111.4697265625,58.9208984375,-69.6728515625
69.8584384,-110.5419921875,57.8466796875,-71.3330078125
69.8823358,-109.1259765625,57.3095703125,-74.0673828125
69.9189491,-108.1494140625,56.4306640625,-75.3857421875
69.9467106,-107.8564453125,56.2353515625,-77.8759765625
69.9951871,-108.2958984375,55.2587890625,-79.9267578125
70.0068704,-108.5888671875,55.1123046875,-82.2216796875
70.0363601,-108.8330078125,53.7939453125,-84.2236328125
70.0677745,-108.2470703125,52.5244140625,-86.3720703125
70.1146091,-108.9306640625,52.1337890625,-89.3017578125
70.1352016,-109.6630859375,53.2568359375,-91.5966796875
70.1583949,-111.1767578125,55.5517578125,-90.6201171875
70.1885464,-112.3974609375,56.6259765625,-74.7509765625
70.2462642,-112.9833984375,57.3583984375,-63.0810546875
70.2773256,-113.3740234375,58.3837890625,-59.4189453125
70.2781797,-114.3017578125,59.9462890625,-59.7607421875
70.3243092,-115.0830078125,60.3857421875,-62.3486328125
70.3444262,-116.2060546875,60.5810546875,-63.2275390625
70.3675248,-117.3291015625,60.6298828125,-63.2275390625
70.4020127,-118.0126953125,60.2392578125,-64.7900390625
70.4481182,-119.1357421875,60.3369140625,-66.8408203125
70.4611116,-120.1123046875,60.6787109375,-67.1337890625
70.503722,-121.3330078125,60.6787109375,-66.4990234375
70.5238277,-122.3095703125,60.3857421875,-66.5478515625
70.5655099,-123.2861328125,60.1416015625,-68.0615234375
70.5785315,-122.7978515625,59.7509765625,-69.7705078125
70.6087384,-120.6005859375,59.2626953125,-72.9443359375
70.6433929,-116.2548828125,58.8720703125,-74.0673828125
70.6716124,-114.0576171875,58.2373046875,-75.8251953125
70.7162591,-114.0087890625,57.7001953125,-78.3154296875
70.7314537,-112.4951171875,57.3583984375,-80.3662109375
70.7611058,-111.6650390625,56.5771484375,-81.4404296875
70.8078881,-111.0302734375,55.6005859375,-83.8330078125
70.8208391,-110.9814453125,55.1611328125,-85.3466796875
70.8694998,-111.7138671875,54.1357421875,-86.8603515625
70.8784972,-111.8115234375,53.7451171875,-89.0087890625
70.9130819,-110.6884765625,53.3056640625,-91.4990234375
70.9566958,-111.7626953125,54.9169921875,-93.1591796875
70.973695,-112.2021484375,56.8701171875,-84.1259765625
71.0048999,-113.3251953125,57.9931640625,-68.8916015625
71.0476929,-113.9599609375,59.0673828125,-61.2744140625
71.0617947,-114.3505859375,59.5556640625,-59.6142578125
71.0916506,-115.5712890625,60.7275390625,-60.6396484375
71.1258823,-115.8154296875,60.6298828125,-62.2509765625
71.1564592,-116.5966796875,60.8740234375,-62.3974609375
71.183575,-118.4033203125,60.5810546875,-62.5927734375
71.2153489,-118.7939453125,60.8251953125,-64.1552734375
71.2426902,-119.7216796875,60.5810546875,-65.1318359375
71.2737802,-120.3564453125,60.9716796875,-64.3505859375
71.3094459,-121.4306640625,61.1181640625,-64.3017578125
71.3363284,-122.2607421875,61.2646484375,-64.3505859375
71.3632373,-122.9443359375,59.7021484375,-66.2060546875
71.3975325,-121.3330078125,59.5068359375,-68.1591796875
71.4250175,-118.1591796875,59.5068359375,-69.9169921875
71.4577403,-114.7900390625,58.9697265625,-72.8466796875
71.4867033,-113.7158203125,58.5791015625,-74.1162109375
71.5151957,-112.9345703125,58.0908203125,-76.0693359375
71.5486226,-111.3720703125,56.9677734375,-78.2177734375
71.5884828,-110.6396484375,56.6259765625,-79.9755859375
71.6039308,-110.2001953125,55.9912109375,-81.3427734375
71.6383869,-110.7373046875,54.5751953125,-83.3935546875
71.6645545,-110.8837890625,54.0869140625,-84.6142578125
71.6980838,-111.0302734375,53.6474609375,-87.2509765625
71.7279082,-111.0302734375,54.1845703125,-89.1552734375
71.7582652,-111.2744140625,56.7724609375,-88.4228515625
71.7894152,-111.4208984375,57.8955078125,-72.8955078125
71.8166231,-112.5439453125,59.8486328125,-58.9794921875
71.847321,-113.4228515625,60.8251953125,-52.7294921875
71.8787855,-114.1064453125,62.2900390625,-51.8505859375
71.9073969,-114.7900390625,63.5107421875,-51.9970703125
71.9369877,-115.2783203125,63.8525390625,-51.8017578125
71.9684552,-116.5966796875,65.0244140625,-49.4580078125
71.9991658,-118.0126953125,65.1708984375,-49.5556640625
72.032729,-118.1591796875,65.2685546875,-53.1689453125
72.0603686,-119.6728515625,65.5615234375,-53.7060546875
72.0889552,-120.4541015625,65.2197265625,-53.3642578125
72.1215953,-121.0400390625,65.4638671875,-53.9990234375
72.148012,-122.7001953125,65.2685546875,-54.3408203125
72.1772298,-122.7001953125,64.5849609375,-55.8056640625
72.2118639,-121.0888671875,64.6826171875,-57.1728515625
72.2384748,-116.6943359375,64.0966796875,-59.2724609375
72.2689366,-113.3740234375,63.3154296875,-61.8603515625
72.299909,-111.8115234375,63.5107421875,-63.5693359375
72.3297234,-110.9326171875,62.0458984375,-65.7177734375
72.3628256,-109.2724609375,62.0458984375,-68.0126953125
72.3913973,-108.5888671875,61.3623046875,-68.7939453125
72.4204553,-108.0029296875,60.7763671875,-71.1865234375
72.4547972,-107.9052734375,59.8486328125,-73.8720703125
72.4808884,-108.3935546875,59.6044921875,-75.1904296875
72.5160546,-108.6376953125,58.5791015625,-77.0947265625
72.5444408,-108.4912109375,58.1396484375,-79.5361328125
72.5736203,-108.5888671875,60.2880859375,-82.0263671875
72.5985916,-108.3447265625,62.1923828125,-76.5576171875
72.6316959,-110.1513671875,63.7548828125,-59.0771484375
72.6625098,-110.9326171875,65.1708984375,-48.2861328125
72.6959587,-112.1533203125,66.5869140625,-44.8681640625
72.7205323,-112.8857421875,67.8564453125,-45.5029296875
72.7532937,-113.7158203125,68.0029296875,-45.6982421875
72.7849095,-114.2041015625,69.4677734375,-44.4287109375
72.8131263,-115.0341796875,69.4677734375,-42.4755859375
72.8448073,-116.0595703125,69.7607421875,-42.9638671875
72.8915973,-117.0361328125,69.8095703125,-44.8681640625
72.9125952,-117.4755859375,70.1025390625,-46.1376953125
72.9498766,-118.4033203125,70.2490234375,-46.2353515625
72.9693018,-119.5263671875,70.3955078125,-45.5029296875
73.0192892,-120.7958984375,69.1259765625,-47.6025390625
73.0254801,-120.4052734375,69.8583984375,-48.4326171875
73.0798023,-118.5498046875,69.3212890625,-50.6298828125
73.0998948,-113.9599609375,68.7353515625,-53.3154296875
73.1149134,-112.6416015625,68.8330078125,-55.7080078125
73.1624966,-110.4931640625,67.6123046875,-58.0029296875
73.1835274,-109.2724609375,67.4658203125,-59.8583984375
73.2193426,-108.1494140625,66.5869140625,-60.9814453125
73.2404147,-107.3681640625,66.2939453125,-63.3740234375
73.2811777,-107.1240234375,65.1708984375,-64.8388671875
73.3014159,-107.0751953125,64.9755859375,-67.0849609375
73.3371396,-107.3193359375,63.9501953125,-69.2822265625
73.3595426,-106.7822265625,63.6083984375,-71.7236328125
73.4009549,-106.7333984375,63.6083984375,-74.2138671875
73.4229873,-107.1728515625,65.1708984375,-76.1669921875
73.4606451,-107.9052734375,67.1240234375,-64.9853515625
73.4810829,-109.2236328125,68.6376953125,-49.2138671875
73.5213468,-110.3955078125,68.8330078125,-42.8662109375
73.5414909,-110.9814453125,69.7119140625,-41.6455078125
73.5833833,-111.6162109375,71.1279296875,-43.4033203125
73.603646,-112.5927734375,71.7626953125,-44.0869140625
73.6410818,-113.1298828125,71.6650390625,-44.1357421875
73.6623343,-114.2529296875,71.4208984375,-44.6728515625
73.7055024,-115.0830078125,72.3974609375,-46.2353515625
73.7247671,-115.7666015625,71.7626953125,-47.0166015625
73.7618671,-116.7919921875,72.0556640625,-46.4306640625
73.7808014,-117.4267578125,71.9091796875,-45.8935546875
73.8253224,-119.4775390625,72.1533203125,-47.3095703125
73.84525,-119.8681640625,71.4697265625,-48.4814453125
73.8813139,-119.1357421875,71.7138671875,-50.1416015625
73.9026893,-115.8154296875,70.3466796875,-52.2412109375
73.9441093,-112.7392578125,69.8583984375,-54.2919921875
73.9640083,-111.0791015625,69.7119140625,-56.5869140625
74.0063772,-110.3466796875,69.0771484375,-58.1494140625
74.0272568,-109.3212890625,68.8330078125,-60.2001953125
74.0640336,-108.1494140625,67.9052734375,-61.2255859375
74.0842365,-107.7099609375,66.8798828125,-63.2275390625
74.1249845,-108.0517578125,66.2939453125,-64.0576171875
74.1447586,-107.4658203125,66.3427734375,-65.7666015625
74.1869513,-107.6611328125,67.1728515625,-68.3544921875
74.2070765,-107.8564453125,69.6630859375,-66.0595703125
74.2469161,-107.6611328125,70.2490234375,-51.5576171875
74.2668089,-108.6865234375,72.0068359375,-40.0830078125
74.3054257,-109.7607421875,72.9833984375,-36.1279296875
74.3265213,-110.3466796875,74.4970703125,-34.8583984375
74.3626618,-111.9091796875,75.9619140625,-35.5908203125
74.3828672,-111.9091796875,76.3525390625,-35.3955078125
74.4272853,-112.9345703125,75.6689453125,-33.9306640625
74.4468892,-112.8369140625,76.1083984375,-35.0048828125
74.483156,-114.3017578125,76.7431640625,-36.4208984375
74.5037362,-114.6435546875,77.1826171875,-35.9814453125
74.5443455,-115.2294921875,77.2802734375,-35.6884765625
74.5655981,-116.1083984375,76.5966796875,-35.0537109375
74.6055077,-116.8896484375,76.2548828125,-36.2255859375
74.6255579,-118.3056640625,76.0107421875,-37.7392578125
74.6701511,-116.7919921875,76.0107421875,-40.1806640625
74.6891481,-112.5439453125,75.5224609375,-41.4501953125
74.727946,-110.2978515625,75.2294921875,-42.5732421875
74.7481353,-108.3447265625,74.8388671875,-44.6240234375
74.7949279,-107.9541015625,74.0576171875,-46.6259765625
74.814322,-106.0986328125,73.4228515625,-47.6513671875
74.8516602,-105.1220703125,72.7880859375,-48.6767578125
74.8731716,-104.7802734375,72.4462890625,-50.2392578125
74.9107231,-104.3408203125,71.3720703125,-52.3388671875
74.931939,-104.8779296875,70.7861328125,-53.9990234375
74.9808867,-105.1220703125,71.9091796875,-56.7822265625
75.0011974,-104.6337890625,74.3994140625,-55.4638671875
75.0151812,-104.8779296875,76.8896484375,-41.4990234375
75.0736433,-105.6103515625,77.9150390625,-28.4130859375
75.0939606,-105.9521484375,79.4775390625,-22.6513671875
75.1069143,-107.1728515625,80.8935546875,-21.2353515625
75.1527662,-108.0517578125,83.0419921875,-20.0146484375
75.1723271,-108.3935546875,83.6279296875,-18.5986328125
75.2093596,-109.9072265625,83.8720703125,-16.7919921875
75.2295251,-110.2978515625,84.2626953125,-14.9853515625
75.2771511,-111.3720703125,84.2138671875,-16.1083984375
75.2975226,-111.9580078125,85.4833984375,-17.2802734375
75.3385895,-112.4951171875,85.3369140625,-17.1337890625
75.3496662,-113.2763671875,85.4345703125,-17.1826171875
75.4022877,-114.5947265625,84.7021484375,-16.9384765625
75.4223078,-114.8388671875,84.7021484375,-18.2080078125
75.4374216,-114.4970703125,84.2138671875,-20.1123046875
75.4842236,-110.9814453125,83.7744140625,-22.1630859375
75.50322,-107.6611328125,82.7490234375,-23.5302734375
75.5397339,-106.8310546875,82.3095703125,-26.3134765625
75.5620442,-104.3408203125,81.8701171875,-27.1435546875
75.6061816,-103.4130859375,80.9423828125,-29.3408203125
75.6266368,-102.0947265625,80.2099609375,-31.0009765625
75.6665808,-100.2880859375,79.3310546875,-32.9052734375
75.6867394,-99.8974609375,78.8916015625,-35.0048828125
75.7293781,-100.4833984375,77.5244140625,-37.2509765625
75.7402496,-100.4345703125,76.6455078125,-38.7646484375
75.7861421,-100.1904296875,76.4013671875,-41.9873046875
75.8021695,-100.5810546875,77.5732421875,-44.2333984375
75.8563828,-100.1904296875,79.4287109375,-44.0380859375
75.8573195,-101.3134765625,81.1865234375,-30.0244140625
75.9041952,-101.8017578125,81.9677734375,-17.9150390625
75.9231724,-103.5107421875,83.4814453125,-12.5439453125
75.966917,-104.4873046875,85.0439453125,-11.5673828125
75.9809783,-104.7314453125,86.4111328125,-12.0556640625
76.0267932,-105.5615234375,86.8017578125,-10.1513671875
76.043703,-105.9033203125,86.7529296875,-8.8818359375
76.0836434,-106.7822265625,87.2412109375,-7.6611328125
76.105681,-108.1982421875,87.4365234375,-10.4931640625
76.1438449,-108.5400390625,88.0712890625,-12.2509765625
76.1646021,-109.4677734375,87.7294921875,-12.4951171875
76.192497,-110.2001953125,87.4853515625,-12.5927734375
76.2331461,-111.6650390625,86.6064453125,-12.8369140625
76.25331,-112.2021484375,86.2158203125,-14.4970703125
76.2954572,-111.6650390625,85.9228515625,-15.9619140625
76.3162471,-109.0771484375,84.7509765625,-18.3544921875
76.3431307,-106.0009765625,84.5068359375,-20.5517578125
76.3884716,-103.6572265625,83.4326171875,-22.3095703125
76.4056995,-102.9736328125,82.8466796875,-24.4580078125
76.4333607,-101.3134765625,81.3330078125,-26.3134765625
76.4757286,-99.7998046875,81.0888671875,-28.1689453125
76.4962282,-99.2138671875,79.3798828125,-29.9755859375
76.5359591,-98.8720703125,78.1103515625,-32.2705078125
76.5551767,-98.5791015625,77.7197265625,-34.5654296875
76.5841021,-98.2373046875,75.7177734375,-36.6650390625
76.6165988,-98.5791015625,75.7666015625,-39.3994140625
76.6541662,-98.6279296875,76.6455078125,-41.9384765625
76.6742944,-98.5302734375,78.0126953125,-43.5009765625
76.7090182,-99.2138671875,79.1845703125,-31.5869140625
76.7370894,-100.3369140625,80.1611328125,-19.7705078125
76.7642083,-101.5087890625,80.9423828125,-15.3271484375
76.7987479,-102.2900390625,82.1142578125,-16.2548828125
76.8346317,-102.7294921875,82.6513671875,-17.6220703125
76.8546055,-103.7060546875,82.8955078125,-18.2080078125
76.889225,-103.9990234375,82.9931640625,-17.8173828125
76.9174453,-105.1708984375,82.6025390625,-18.9404296875
76.9486456,-106.2939453125,82.7001953125,-21.4306640625
76.9785562,-107.2216796875,83.1884765625,-21.2353515625
77.0069778,-107.8564453125,82.6513671875,-21.1865234375
77.0406541,-108.3447265625,82.2607421875,-21.6259765625
77.0687661,-110.0048828125,81.6259765625,-22.5048828125
77.1005417,-110.9326171875,80.7958984375,-24.9951171875
77.13063,-110.5908203125,79.6728515625,-26.4599609375
77.1589455,-108.5400390625,79.3310546875,-27.8759765625
77.1867995,-104.7802734375,78.0126953125,-30.0732421875
77.2203098,-103.3154296875,77.5732421875,-31.7333984375
77.2472001,-101.7529296875,76.4990234375,-33.3447265625
77.2809991,-101.5576171875,75.2783203125,-35.5419921875
77.3094401,-100.3857421875,75.0341796875,-37.3486328125
77.3392535,-99.5068359375,73.7158203125,-39.2041015625
77.3713382,-99.0673828125,72.1533203125,-41.3525390625
77.4003287,-99.7998046875,71.8603515625,-43.3056640625
77.4327415,-99.1162109375,72.5927734375,-46.1865234375
77.4601951,-99.1162109375,74.5458984375,-46.1865234375
77.4895305,-99.1650390625,76.0595703125,-35.5908203125
77.5191704,-99.7509765625,76.7431640625,-25.8251953125
77.5519233,-100.6298828125,77.7197265625,-21.4794921875
77.578779,-101.8505859375,79.4775390625,-21.5771484375
77.6299109,-101.6552734375,80.1611328125,-21.5771484375
77.6514128,-103.0712890625,81.2353515625,-21.3330078125
77.669219,-103.8525390625,81.0400390625,-19.8681640625
77.7003761,-104.5361328125,80.7470703125,-19.8193359375
77.7319838,-105.3662109375,80.7470703125,-22.6025390625
77.7636554,-106.0498046875,81.3818359375,-22.8955078125
77.7918763,-106.1474609375,81.2353515625,-22.7490234375
77.8225156,-107.2705078125,80.9423828125,-22.4560546875
77.853898,-108.4423828125,80.1123046875,-23.7744140625
77.8821538,-109.8095703125,79.4775390625,-25.4345703125
77.9100889,-109.8583984375,78.2568359375,-27.3388671875
77.9442131,-107.5634765625,77.4755859375,-29.9267578125
77.9722607,-104.3896484375,76.5966796875,-31.0009765625
78.0004719,-102.6318359375,75.1318359375,-33.5888671875
78.0354086,-100.9716796875,75.3271484375,-35.6884765625
78.0624207,-99.9462890625,73.6181640625,-36.6650390625
78.1132247,-98.3837890625,72.3486328125,-39.3017578125
78.1335061,-97.1630859375,71.3232421875,-41.1572265625
78.1521236,-96.8212890625,70.8349609375,-43.5009765625
78.1859077,-97.0166015625,69.6142578125,-45.6494140625
78.2305674,-96.4794921875,68.0517578125,-47.7001953125
78.2519178,-96.7724609375,66.8310546875,-50.1416015625
78.2888054,-96.6748046875,66.4404296875,-52.7783203125
78.3101067,-97.1142578125,68.0029296875,-54.9755859375
78.354597,-97.7490234375,70.8349609375,-52.8759765625
78.3650916,-97.8955078125,71.4208984375,-38.3740234375
78.4126166,-99.2626953125,73.0322265625,-29.3896484375
78.4338343,-99.7509765625,74.3017578125,-26.1669921875
78.4701638,-100.7275390625,75.6689453125,-26.2158203125
78.490312,-101.4111328125,77.0849609375,-25.9228515625
78.5330131,-102.5341796875,77.6708984375,-23.7255859375
78.5533186,-104.0478515625,76.8896484375,-21.9677734375
78.5903466,-104.4873046875,77.4267578125,-21.4794921875
78.6102611,-105.4150390625,77.8173828125,-23.7255859375
78.6506051,-106.2451171875,78.2080078125,-24.7021484375
78.6719963,-107.4658203125,77.6708984375,-24.8486328125
78.7127533,-108.4423828125,76.3037109375,-25.5322265625
78.7319567,-110.1513671875,76.4013671875,-26.5576171875
78.7734849,-110.2490234375,75.2294921875,-27.8759765625
78.7915525,-110.3466796875,74.9365234375,-30.7568359375
78.825647,-107.9052734375,73.3251953125,-32.5634765625
78.8496042,-104.0966796875,73.1298828125,-34.5166015625
78.8924894,-102.2412109375,71.4697265625,-36.6650390625
78.9182886,-100.4833984375,70.2001953125,-38.5205078125
78.9559825,-98.4326171875,69.2236328125,-40.7666015625
78.9762921,-96.9677734375,68.5888671875,-42.5244140625
79.0117547,-96.4794921875,67.3681640625,-45.0634765625
79.0329246,-95.3564453125,66.2939453125,-47.2119140625
79.0710322,-95.5029296875,65.0732421875,-50.0439453125
79.0921471,-95.1123046875,63.5107421875,-51.8994140625
79.1300896,-94.6728515625,62.2900390625,-54.8291015625
79.1511902,-94.9169921875,60.9716796875,-57.2705078125
79.1961024,-96.0888671875,60.2880859375,-61.0791015625
79.2175323,-96.4306640625,58.3349609375,-62.5927734375
79.2541266,-97.5048828125,58.1884765625,-65.3759765625
79.2742982,-98.6279296875,59.9951171875,-68.4521484375
79.3123612,-99.4580078125,61.7529296875,-63.3251953125
79.3338713,-100.1904296875,62.6806640625,-48.6767578125
79.3730973,-100.8251953125,63.5595703125,-42.3291015625
79.3922698,-102.4853515625,64.3896484375,-40.3759765625
79.4315198,-102.9248046875,65.7568359375,-41.5478515625
79.4527261,-104.6826171875,67.6123046875,-41.6943359375
79.4870303,-105.1708984375,66.9775390625,-41.4990234375
79.5143609,-105.9033203125,67.0263671875,-39.8876953125
79.5515695,-107.5146484375,66.5869140625,-40.3759765625
79.5715832,-108.0029296875,67.0263671875,-42.9638671875
79.6118387,-109.5166015625,67.0751953125,-43.5498046875
79.6359419,-110.5419921875,66.3916015625,-43.5498046875
79.6720912,-111.0791015625,66.1474609375,-43.7939453125
79.6921484,-112.5439453125,65.3173828125,-45.7470703125
79.7318582,-113.6669921875,64.8779296875,-47.0166015625
79.7532528,-113.0810546875,64.7314453125,-49.2626953125
79.7985328,-111.1279296875,63.1201171875,-50.7763671875
79.8189008,-107.0751953125,62.6806640625,-53.4619140625
79.8529478,-103.9990234375,61.6064453125,-55.7080078125
79.8729985,-103.0712890625,60.4345703125,-57.4169921875
79.9110274,-101.7529296875,59.3603515625,-58.7841796875
79.9330059,-100.3857421875,58.6767578125,-61.2255859375
79.9760456,-99.3603515625,57.0654296875,-62.7880859375
79.9964791,-98.4326171875,56.7724609375,-64.9365234375
80.0420069,-98.8232421875,54.5751953125,-67.2802734375
80.0622555,-99.0673828125,53.9404296875,-69.8193359375
80.1055325,-99.0185546875,53.2080078125,-72.5048828125
80.1257468,-98.9208984375,53.7939453125,-74.4580078125
80.1622062,-99.4091796875,55.7470703125,-76.6064453125
80.1822811,-99.8974609375,56.6748046875,-67.7685546875
80.2215022,-101.3623046875,57.0654296875,-57.2705078125
80.2414752,-102.1923828125,57.6513671875,-52.5341796875
80.278036,-102.9248046875,58.0419921875,-53.5595703125
80.2979644,-103.8525390625,58.5791015625,-54.4384765625
80.3383495,-104.7802734375,59.1650390625,-56.1962890625
80.3597627,-106.1474609375,58.3349609375,-56.1474609375
80.3953605,-106.8310546875,57.7978515625,-57.4169921875
80.4163408,-107.8564453125,58.0419921875,-58.4912109375
80.4595932,-108.8818359375,58.0419921875,-59.1748046875
80.4798516,-109.7119140625,57.4072265625,-58.2958984375
80.514318,-110.5419921875,56.9677734375,-59.2724609375
80.536143,-111.6650390625,56.3330078125,-60.3955078125
80.5887689,-112.9833984375,55.1611328125,-62.3486328125
80.6098796,-113.4228515625,54.8681640625,-64.5947265625
80.6313704,-113.3740234375,53.7451171875,-65.7177734375
80.6692998,-109.8583984375,53.3544921875,-67.8173828125
80.6894225,-106.6357421875,52.5732421875,-69.5751953125
80.7266552,-105.5126953125,51.4501953125,-71.3330078125
80.7470979,-104.1455078125,50.3759765625,-73.0908203125
80.7892241,-103.4130859375,49.5458984375,-75.4345703125
80.8097257,-102.4853515625,48.8134765625,-76.1669921875
80.8529728,-101.8505859375,47.4462890625,-78.2177734375
80.8726932,-102.2412109375,46.6162109375,-79.9267578125
80.9115536,-102.9736328125,45.8837890625,-82.4658203125
80.9318468,-102.4853515625,47.2021484375,-83.9306640625
80.9682768,-102.5341796875,49.2041015625,-83.1494140625
80.988861,-103.0224609375,50.5712890625,-70.4052734375
81.0329373,-103.5107421875,51.4501953125,-61.8603515625
81.0519367,-105.1708984375,51.8896484375,-58.7353515625
81.0932685,-106.9775390625,53.5986328125,-58.9306640625
81.1136706,-106.5380859375,54.2333984375,-58.9794921875
81.1651505,-107.7099609375,54.2333984375,-59.0771484375
81.1855773,-108.6376953125,54.1357421875,-57.3193359375
81.204167,-108.9306640625,54.0380859375,-57.3681640625
81.2421099,-111.5673828125,54.5263671875,-59.4189453125
81.2616198,-111.9091796875,54.0869140625,-60.6396484375
81.2997035,-112.0556640625,54.4775390625,-60.7373046875
81.3217929,-113.2275390625,54.4775390625,-61.0302734375
81.362444,-114.2041015625,53.2080078125,-60.9326171875
81.3853313,-115.8642578125,53.0126953125,-62.6416015625
81.4207177,-116.8896484375,52.1826171875,-64.8876953125
81.4409089,-115.9619140625,51.3037109375,-66.6455078125
81.4799899,-112.0556640625,50.3271484375,-68.8427734375
81.5003434,-108.3935546875,49.9365234375,-70.8447265625
81.5424283,-107.0751953125,49.2529296875,-72.5537109375
81.5625136,-105.2685546875,47.9345703125,-73.9208984375
81.6049675,-103.8525390625,46.8603515625,-76.5087890625
81.6251109,-102.6806640625,46.3720703125,-77.7783203125
81.6636825,-102.2412109375,45.6396484375,-80.2197265625
81.6834496,-102.4365234375,44.3212890625,-81.7333984375
81.7210256,-102.7294921875,43.2958984375,-83.7353515625
81.744029,-103.0224609375,42.3681640625,-86.4208984375
81.7857915,-102.5830078125,41.6357421875,-88.9111328125
81.8201625,-102.7783203125,43.9306640625,-91.0107421875
81.8356156,-103.9013671875,45.4443359375,-86.4697265625
81.8734627,-105.2197265625,46.7138671875,-72.5537109375
81.8944903,-106.3916015625,47.3974609375,-63.1298828125
81.9360681,-107.1240234375,48.7158203125,-60.2490234375
81.9567717,-108.3935546875,50.0830078125,-61.1279296875
81.9852412,-109.4189453125,51.4501953125,-60.1025390625
82.0157242,-110.0537109375,51.4501953125,-59.4677734375
82.05325,-111.1767578125,51.4990234375,-57.2705078125
82.0765315,-111.9091796875,51.2548828125,-57.4658203125
82.1158185,-113.2763671875,51.6943359375,-59.4189453125
82.1390431,-113.9111328125,51.4501953125,-60.3955078125
82.1651103,-114.7412109375,51.6455078125,-60.2001953125
82.200389,-116.1572265625,50.8154296875,-60.6396484375
82.2277595,-117.3779296875,51.0595703125,-61.4697265625
82.266977,-118.8916015625,49.6435546875,-63.0322265625
82.290107,-119.3310546875,49.3505859375,-64.6923828125
82.3167286,-118.8916015625,48.8134765625,-67.5732421875
82.3476209,-114.2529296875,47.9345703125,-68.8916015625
82.3791696,-110.6884765625,47.4951171875,-71.2353515625
82.406696,-109.6630859375,46.2255859375,-72.3095703125
82.4408072,-108.2958984375,46.4208984375,-74.3603515625
82.4693663,-106.5869140625,45.0537109375,-75.8740234375
82.4985121,-105.0732421875,44.5166015625,-78.7060546875
82.5360708,-104.3896484375,43.2470703125,-80.4150390625
82.5580419,-104.6826171875,42.4169921875,-83.2958984375
82.590053,-104.7802734375,41.1474609375,-85.2978515625
82.6220363,-105.8056640625,40.0732421875,-87.4462890625
82.6482687,-104.8779296875,39.7314453125,-89.6923828125
82.6832181,-105.4150390625,38.8525390625,-92.9150390625
82.7112285,-105.4150390625,39.7802734375,-94.9658203125
82.7538969,-106.7333984375,41.7333984375,-96.6259765625
82.7711137,-108.2470703125,43.4423828125,-84.9560546875
82.8029572,-108.9794921875,43.8818359375,-72.5537109375
82.8316499,-109.6142578125,45.1513671875,-66.2548828125
82.8812968,-110.6884765625,45.9814453125,-65.3759765625
82.902379,-111.6650390625,47.2509765625,-65.9619140625
82.9191965,-112.6904296875,47.8857421875,-67.2314453125
82.9536728,-114.1064453125,47.7392578125,-65.7177734375
82.9813608,-115.1806640625,47.7392578125,-65.4248046875
83.0295176,-115.7177734375,48.2275390625,-66.8896484375
83.0406687,-117.3291015625,47.7392578125,-68.4033203125
83.0714909,-117.9150390625,48.2275390625,-69.4287109375
83.1013503,-118.9892578125,48.1298828125,-68.8916015625
83.1506137,-119.1357421875,47.9833984375,-69.3798828125
83.1718935,-120.4052734375,46.7626953125,-70.7958984375
83.2089204,-121.7724609375,46.5185546875,-73.1884765625
83.2289887,-123.0419921875,46.2744140625,-74.9462890625
83.271675,-121.3818359375,45.6884765625,-76.8994140625
83.2928551,-116.4013671875,45.4443359375,-78.8037109375
83.3292925,-113.5693359375,44.9072265625,-81.1962890625
83.3508128,-112.4462890625,43.7353515625,-82.3681640625
83.3866273,-110.9814453125,43.2958984375,-84.2236328125
83.4087089,-110.0537109375,42.2705078125,-86.2255859375
83.4494441,-108.1982421875,41.6357421875,-87.9833984375
83.4708764,-108.2958984375,41.0009765625,-89.8388671875
83.5069334,-107.4658203125,39.9755859375,-91.4501953125
83.5271226,-108.4912109375,39.8291015625,-93.7451171875
83.574023,-108.6376953125,38.2177734375,-95.9912109375
83.5930011,-108.6865234375,40.6103515625,-98.8720703125
83.6412868,-108.5400390625,41.8310546875,-95.7958984375
83.6615893,-109.2236328125,43.3935546875,-81.5869140625
83.6787389,-110.2978515625,43.9794921875,-73.3349609375
83.7073797,-111.2255859375,44.2236328125,-72.1142578125
83.7496705,-112.6416015625,44.4189453125,-72.2607421875
83.7695927,-113.4228515625,45.1025390625,-74.4091796875
83.8133446,-113.3740234375,44.2236328125,-75.8740234375
83.8335952,-114.6923828125,44.6142578125,-75.8251953125
83.8721285,-115.5712890625,45.2001953125,-77.5341796875
83.8922413,-117.1826171875,44.5654296875,-78.1201171875
83.9292729,-117.5244140625,45.5908203125,-77.7294921875
83.949489,-118.9892578125,45.0048828125,-77.7294921875
83.9902132,-119.6240234375,44.4189453125,-77.7783203125
84.0103749,-120.8447265625,44.2236328125,-79.9267578125
84.0543551,-121.5283203125,43.9306640625,-82.0263671875
84.0747476,-122.6513671875,42.9052734375,-83.2958984375
84.1127943,-122.2607421875,42.4658203125,-85.0048828125
84.1342755,-120.0634765625,41.0498046875,-87.2998046875
84.1845808,-115.8154296875,41.0498046875,-89.3017578125
84.2158067,-114.8876953125,40.4150390625,-91.4013671875
84.2211212,-113.8134765625,40.1708984375,-92.6220703125
84.2632743,-112.6416015625,39.0966796875,-94.0380859375
84.2846353,-111.8603515625,38.6083984375,-95.7470703125
84.3218179,-110.9814453125,37.4365234375,-97.4560546875
84.3418424,-111.1767578125,36.9970703125,-99.3115234375
84.3818206,-111.7138671875,38.0224609375,-101.7041015625
84.4030253,-111.4697265625,39.6337890625,-102.4853515625
84.4423745,-111.9580078125,41.3916015625,-90.9619140625
84.4612915,-111.6162109375,42.6611328125,-79.1455078125
84.4986854,-111.8115234375,43.9794921875,-73.4326171875
84.5189474,-113.9111328125,44.7119140625,-72.5048828125
84.5651171,-114.4970703125,45.6884765625,-72.4072265625
84.5853867,-115.0341796875,46.4697265625,-73.4326171875
84.621233,-116.0107421875,46.5185546875,-72.3095703125
84.6430948,-116.3037109375,46.3232421875,-71.9189453125
84.683289,-117.1826171875,46.2744140625,-73.4326171875
84.7054981,-118.3544921875,46.9580078125,-74.0673828125
84.7420737,-118.5986328125,46.5185546875,-74.9462890625
84.7620972,-120.0634765625,46.4208984375,-74.8486328125
84.7994486,-120.5029296875,47.1044921875,-74.7509765625
84.8255259,-121.6748046875,46.1279296875,-76.1181640625
84.8628107,-122.3095703125,45.7861328125,-78.0224609375
84.8839242,-123.2373046875,45.7861328125,-80.5615234375
84.919776,-122.7978515625,45.0537109375,-82.4169921875
84.9409689,-118.9404296875,44.0771484375,-84.5166015625
84.9840062,-115.6201171875,43.7353515625,-85.3955078125
85.0040582,-114.2529296875,43.7353515625,-87.3974609375
85.0397832,-112.9833984375,42.0751953125,-89.1064453125
85.0669053,-111.5673828125,42.1728515625,-90.7177734375
85.1055979,-109.8095703125,40.4638671875,-92.9638671875
85.1268937,-109.7119140625,40.7080078125,-94.3798828125
85.1641442,-109.2724609375,39.5849609375,-96.7236328125
85.1842053,-109.7607421875,39.5849609375,-97.9931640625
85.2212361,-109.8583984375,38.9501953125,-100.9716796875
85.2442992,-109.1748046875,40.6103515625,-103.1689453125
85.2825549,-109.7607421875,42.9052734375,-101.7041015625
85.3025011,-110.6396484375,44.0771484375,-86.1767578125
85.3435667,-111.5185546875,45.4931640625,-74.8974609375
85.3636069,-112.4951171875,47.1044921875,-70.4541015625
85.4025985,-113.5693359375,48.4228515625,-69.9658203125
85.4248728,-114.0576171875,49.5458984375,-69.8193359375
85.4600294,-114.7900390625,50.0830078125,-70.0634765625
85.4860972,-115.5712890625,49.7900390625,-68.1591796875
85.5227249,-116.5966796875,50.3271484375,-66.6943359375
85.54903,-118.1103515625,51.6455078125,-68.7451171875
85.6040591,-118.4521484375,51.5478515625,-69.5751953125
85.6252941,-119.3798828125,51.9384765625,-69.6240234375
85.6396006,-120.7470703125,51.2548828125,-69.1357421875
85.6790524,-121.8701171875,50.9619140625,-70.5517578125
85.7001807,-122.5048828125,51.1572265625,-71.5283203125
85.7435444,-123.4326171875,50.5712890625,-73.6279296875
85.7637299,-124.2626953125,50.6689453125,-75.6787109375
85.8013445,-122.5537109375,49.8388671875,-76.4599609375
85.8216786,-118.8916015625,49.8388671875,-78.4130859375
85.8595283,-116.0595703125,49.0576171875,-80.6591796875
85.8786172,-114.0087890625,48.7646484375,-82.1728515625
85.9166553,-112.3974609375,47.6416015625,-83.7353515625
85.9379489,-111.0302734375,47.1044921875,-85.2001953125
85.9744154,-109.6142578125,46.5673828125,-87.0068359375
85.9985291,-109.2236328125,45.5908203125,-88.8134765625
86.0359163,-108.6376953125,45.0537109375,-91.2060546875
86.0612005,-109.2724609375,43.9306640625,-93.4521484375
86.1006162,-109.0771484375,43.2470703125,-95.8447265625
86.134099,-108.3447265625,43.9794921875,-98.6767578125
86.1507279,-109.2236328125,45.3955078125,-99.7509765625
86.1886924,-109.6142578125,47.4462890625,-95.0146484375
86.2133268,-110.4443359375,48.6181640625,-79.9755859375
86.2513542,-111.6650390625,49.4482421875,-70.6005859375
86.2728506,-112.2998046875,50.8642578125,-67.5244140625
86.3210579,-112.7880859375,51.7919921875,-68.0615234375
86.3409644,-113.9111328125,53.3544921875,-68.7939453125
86.3579748,-114.4970703125,54.0380859375,-67.6708984375
86.3938173,-115.9619140625,53.5498046875,-66.3037109375
86.4222367,-116.7919921875,54.4287109375,-66.8896484375
86.4614568,-117.5244140625,54.8681640625,-68.1103515625
86.4816027,-118.4033203125,55.1611328125,-69.5751953125
86.517914,-119.8193359375,54.8681640625,-69.0869140625
86.5431695,-120.3564453125,54.5751953125,-69.3798828125
86.5880141,-121.2353515625,54.7705078125,-70.1123046875
86.6072726,-122.3583984375,54.5751953125,-72.0654296875
86.6512881,-123.0908203125,54.2333984375,-73.6279296875
86.6628051,-124.3603515625,53.6474609375,-75.9716796875
86.7010374,-122.6025390625,53.5986328125,-77.5341796875
86.7237728,-118.3544921875,52.8173828125,-80.1220703125
86.7627936,-115.4736328125,52.2802734375,-81.4892578125
86.7846963,-114.1552734375,51.7431640625,-83.7841796875
86.8225629,-112.4951171875,51.0107421875,-84.5654296875
86.8439184,-111.4208984375,50.7666015625,-86.2255859375
86.8794988,-109.3701171875,49.9365234375,-88.3251953125
86.9056046,-109.1748046875,49.0087890625,-90.2294921875
86.9445579,-109.0283203125,47.7392578125,-92.1337890625
86.9651031,-109.6630859375,48.1787109375,-94.7216796875
87.0015297,-109.1748046875,48.8623046875,-96.7724609375
87.0288539,-109.2724609375,50.8642578125,-96.8212890625
87.0566065,-109.7607421875,51.8896484375,-83.0517578125
87.0946511,-110.5419921875,52.3291015625,-71.9189453125
87.1163322,-111.1279296875,53.5986328125,-68.5986328125
87.1537519,-112.2998046875,53.8916015625,-69.1357421875
87.1787769,-113.3251953125,55.3076171875,-70.6982421875
87.2155543,-114.2041015625,55.1123046875,-70.8935546875
87.234714,-114.7412109375,54.7216796875,-70.6982421875
87.270819,-115.4736328125,55.2587890625,-72.1630859375
87.2987358,-116.6455078125,55.7958984375,-73.6767578125
87.3251285,-117.2802734375,55.2587890625,-73.4814453125
87.3632227,-118.1591796875,55.0146484375,-73.4326171875
87.3893495,-119.0869140625,54.9169921875,-72.9443359375
87.4271389,-119.9658203125,54.5751953125,-74.9462890625
87.4471338,-121.1376953125,54.1845703125,-75.5810546875
87.4792244,-121.4794921875,53.7939453125,-77.4853515625
87.5116684,-123.1396484375,53.6474609375,-79.6337890625
87.5401652,-121.9677734375,53.1591796875,-81.6845703125
87.5688331,-119.4775390625,51.9384765625,-83.2470703125
87.6046215,-116.1572265625,51.6943359375,-85.3466796875
87.6302765,-114.3017578125,50.6689453125,-86.9580078125
87.6571775,-114.1552734375,49.6923828125,-88.5693359375
87.6900154,-112.2998046875,49.4970703125,-90.4248046875
87.7197465,-111.4208984375,48.2763671875,-92.0361328125
87.7460983,-111.4697265625,48.0322265625,-94.0869140625
87.7808393,-111.4208984375,47.4951171875,-96.4794921875
87.8088265,-111.5185546875,50.0830078125,-98.5791015625
87.8436591,-111.1767578125,51.7919921875,-96.5771484375
87.8716691,-111.6650390625,52.9638671875,-80.5126953125
87.9007448,-112.2021484375,54.7216796875,-70.4541015625
87.9318442,-112.8857421875,55.2099609375,-66.3525390625
87.9586369,-113.1787109375,57.0654296875,-66.4990234375
87.9939706,-114.6923828125,57.5537109375,-65.5224609375
88.0219326,-114.9365234375,57.2119140625,-65.4248046875
88.0506792,-115.8642578125,57.7978515625,-63.1787109375
88.0792224,-116.5478515625,58.0419921875,-63.3740234375
88.1158104,-116.6455078125,58.1884765625,-65.1318359375
88.1420247,-118.1591796875,58.9208984375,-65.9130859375
88.1730433,-118.9892578125,58.5302734375,-64.8388671875
88.2193126,-120.4052734375,57.9931640625,-65.5712890625
88.23946,-120.2099609375,58.0419921875,-66.3037109375
88.2643268,-121.1376953125,58.2373046875,-67.6220703125
88.2932712,-121.9677734375,57.3583984375,-70.4052734375
88.3388878,-123.6767578125,57.5537109375,-72.2119140625
88.353331,-123.0908203125,56.6259765625,-73.6279296875
88.4058596,-120.3076171875,56.1376953125,-76.8017578125
88.4089934,-116.5478515625,55.5517578125,-78.6572265625
88.4454159,-115.2294921875,55.5517578125,-80.1708984375
88.4733841,-113.4228515625,54.6728515625,-82.3193359375
88.5219121,-111.9091796875,54.0380859375,-84.0283203125
88.5438319,-110.4931640625,52.7197265625,-85.9814453125
88.5799088,-110.1513671875,52.3291015625,-88.5205078125
88.6002052,-110.2001953125,51.2548828125,-90.4736328125
88.638289,-109.8095703125,50.8154296875,-93.0126953125
88.6583804,-110.2490234375,51.0595703125,-96.0400390625
88.7007171,-109.9560546875,53.0615234375,-97.9931640625
88.7207615,-110.0048828125,55.4541015625,-92.5732421875
88.7613012,-110.1025390625,55.8447265625,-75.6298828125
88.7972552,-111.7138671875,57.5537109375,-66.1083984375
88.8075077,-112.3486328125,59.9462890625,-61.8603515625
88.849858,-113.1787109375,60.9716796875,-61.4208984375
88.8707918,-114.1064453125,61.6552734375,-61.2744140625
88.9104031,-114.4970703125,62.6806640625,-60.2978515625
88.9295694,-115.4736328125,62.4853515625,-58.2958984375
88.9702636,-116.4990234375,62.9248046875,-57.8076171875
88.9904078,-116.9873046875,63.2666015625,-59.6630859375
89.031695,-118.6962890625,63.8037109375,-61.0791015625
89.0521091,-118.9404296875,63.8037109375,-60.2978515625
89.0924961,-120.1611328125,63.4619140625,-61.0302734375
89.114528,-121.4306640625,63.2666015625,-61.8115234375
89.150841,-121.8701171875,63.6083984375,-63.2275390625
89.1729165,-123.0419921875,62.7783203125,-65.9619140625
89.2112063,-124.1650390625,62.0947265625,-67.8662109375
89.2331653,-123.3837890625,61.6552734375,-70.0146484375
89.2715019,-120.2587890625,61.7529296875,-72.3583984375
89.2906443,-116.4990234375,60.7763671875,-74.3115234375
89.3277196,-114.2529296875,60.1416015625,-75.9716796875
89.3479489,-113.3740234375,59.9462890625,-77.9736328125
89.3909518,-111.6162109375,59.5068359375,-79.5361328125
89.4109628,-110.2001953125,58.4814453125,-82.9052734375
89.451668,-109.2724609375,57.9931640625,-84.3212890625
89.4733901,-108.4423828125,56.8701171875,-86.7626953125
89.5146987,-108.2470703125,56.6748046875,-90.4736328125
89.5361751,-109.0771484375,56.0888671875,-92.6220703125
89.5739582,-108.5888671875,58.7255859375,-95.1611328125
89.5941617,-108.7841796875,60.0927734375,-90.1806640625
89.6313734,-109.3701171875,62.0458984375,-73.1396484375
89.6514636,-110.5908203125,62.6318359375,-64.3505859375
89.6882779,-111.3232421875,63.9013671875,-61.1767578125
89.7098316,-112.3486328125,65.1708984375,-61.7138671875
89.7483014,-113.1787109375,66.8310546875,-62.1533203125
89.7690487,-113.6669921875,66.5869140625,-60.4931640625
89.8095083,-114.2041015625,66.9287109375,-59.8583984375
89.830705,-115.0830078125,66.9775390625,-60.6884765625
89.8681527,-115.7666015625,67.6611328125,-62.4951171875
89.8932566,-116.7431640625,68.1982421875,-63.7646484375
89.9334409,-118.2080078125,67.9052734375,-63.8134765625
89.9546816,-118.6474609375,67.9052734375,-64.3017578125
89.9960921,-119.3310546875,66.8310546875,-65.3271484375
90.0267224,-120.1123046875,66.7333984375,-66.8896484375
90.0460432,-121.6259765625,66.5380859375,-69.5263671875
90.0820635,-122.2119140625,66.8798828125,-70.6005859375
90.1029525,-122.0654296875,66.0009765625,-73.3349609375
90.1408327,-119.9658203125,65.1220703125,-75.5322265625
90.1629397,-116.7431640625,64.7802734375,-77.6806640625
90.1982261,-114.1552734375,64.4873046875,-78.6083984375
90.2266812,-113.0810546875,63.3154296875,-81.1962890625
90.2795926,-111.4208984375,61.9970703125,-82.9541015625
90.3089781,-110.4931640625,62.1435546875,-84.8583984375
90.3161652,-109.4189453125,60.9228515625,-86.8603515625
90.352439,-108.6865234375,60.3857421875,-89.4482421875
90.3784181,-109.0283203125,60.6787109375,-92.4267578125
90.419476,-109.2236328125,62.8271484375,-94.8681640625
90.4405444,-109.4677734375,63.9501953125,-89.9365234375
90.4797382,-108.9306640625,65.5126953125,-74.8486328125
90.5018332,-109.6142578125,66.2939453125,-66.1083984375
90.540297,-110.4443359375,67.1240234375,-63.7158203125
90.5614564,-110.7861328125,68.2958984375,-64.7900390625
90.6024346,-111.8603515625,67.8564453125,-65.9619140625
90.6216207,-112.8857421875,67.9052734375,-66.2548828125
90.662365,-114.0087890625,67.7587890625,-66.1083984375
90.6835266,-114.4482421875,68.3935546875,-67.6220703125
90.7195126,-115.3759765625,68.3935546875,-68.9892578125
90.7409946,-116.2548828125,67.9541015625,-68.4521484375
90.7786007,-116.5478515625,68.7841796875,-68.9892578125
90.79882,-118.0615234375,68.4423828125,-68.6962890625
90.8371544,-118.6962890625,67.9052734375,-70.7470703125
90.8592941,-119.1357421875,67.4658203125,-72.6025390625
90.9013285,-120.5517578125,67.1240234375,-74.8974609375
90.9206038,-121.4306640625,65.9033203125,-76.5087890625
90.9544314,-121.7724609375,66.0498046875,-78.5107421875
90.9774284,-119.7705078125,64.8291015625,-80.5615234375
91.0152201,-115.4736328125,64.4384765625,-82.1240234375
91.0393012,-114.4970703125,63.0224609375,-83.6376953125
91.0773375,-113.1298828125,62.3388671875,-85.9326171875
91.0987772,-111.5673828125,61.8505859375,-87.4462890625
91.1372121,-110.9326171875,61.2158203125,-89.3017578125
91.1595158,-110.3466796875,61.5576171875,-91.1083984375
91.1967985,-110.4931640625,63.0224609375,-94.2333984375
91.2204352,-110.5908203125,65.5126953125,-90.1318359375
91.2579773,-110.2978515625,66.5380859375,-75.3857421875
91.2880852,-110.2978515625,67.8076171875,-63.9599609375
91.325202,-110.0537109375,69.2236328125,-60.9326171875
91.3394861,-110.2978515625,70.5908203125,-59.7119140625
91.377617,-111.5185546875,71.5185546875,-60.5908203125
91.3996637,-112.2998046875,71.3720703125,-58.3447265625
91.4348131,-113.1787109375,71.9580078125,-56.9775390625
91.4619933,-113.4228515625,71.4697265625,-57.4658203125
91.4991604,-115.1806640625,72.0556640625,-59.4189453125
91.5251877,-115.4248046875,72.6904296875,-58.7353515625
91.5518019,-115.8154296875,72.6904296875,-58.7353515625
91.588976,-116.7919921875,72.4462890625,-58.7353515625
91.6146953,-117.6220703125,71.6162109375,-59.7607421875
91.6539593,-118.5009765625,71.3232421875,-61.4208984375
91.672795,-119.3798828125,71.1767578125,-64.3994140625
91.7132501,-120.3564453125,70.5908203125,-65.9130859375
91.7419582,-121.1376953125,70.1025390625,-67.7197265625
91.7618527,-119.2822265625,68.8330078125,-70.0634765625
91.800088,-115.7666015625,68.8330078125,-72.3583984375
91.8208067,-113.1787109375,68.1982421875,-73.9208984375
91.8580998,-111.9091796875,67.3681640625,-76.2158203125
91.8855827,-110.2490234375,66.2939453125,-78.0224609375
91.9226741,-109.1748046875,65.5126953125,-79.7314453125
91.9449571,-107.6123046875,64.9755859375,-81.9287109375
91.9754505,-106.9775390625,63.9990234375,-84.8583984375
92.0113087,-107.6123046875,63.2177734375,-87.0068359375
92.0350097,-107.2705078125,64.1455078125,-89.9853515625
92.0849661,-106.9775390625,67.2705078125,-91.0107421875
92.1148742,-107.1240234375,68.4912109375,-76.7529296875
92.1238301,-107.4169921875,70.3955078125,-62.6904296875
92.1609725,-108.4912109375,72.1533203125,-56.0986328125
92.1927303,-109.1259765625,72.9833984375,-54.6337890625
92.2167182,-110.1025390625,74.3505859375,-55.2197265625
92.2555702,-111.3720703125,75.3271484375,-54.0478515625
92.2775844,-111.4697265625,75.4736328125,-52.5341796875
92.315828,-112.5439453125,75.5224609375,-50.5322265625
92.3367299,-113.9111328125,75.5712890625,-52.5830078125
92.3750128,-114.5947265625,76.0595703125,-53.6083984375
92.3959872,-115.4248046875,76.1572265625,-54.3896484375
92.4341902,-116.0595703125,76.1083984375,-54.2431640625
92.4561798,-116.5966796875,76.1572265625,-55.1708984375
92.4956422,-118.3544921875,75.5224609375,-56.0986328125
92.5194565,-118.6962890625,75.4736328125,-58.4912109375
92.5482614,-119.8193359375,75.0341796875,-60.1513671875
92.57926,-120.7958984375,74.8388671875,-63.3251953125
92.6097688,-120.3076171875,73.6181640625,-64.4482421875
92.6395743,-117.1337890625,73.4228515625,-67.6220703125
92.6670549,-113.8623046875,72.1533203125,-68.6474609375
92.6985305,-111.2255859375,71.3720703125,-70.5517578125
92.7281419,-110.0537109375,70.2001953125,-72.7490234375
92.7621859,-108.7841796875,69.6142578125,-75.2392578125
92.7906296,-106.8798828125,68.9794921875,-76.6552734375
92.8171753,-106.0498046875,67.8076171875,-80.2685546875
92.8498762,-104.4873046875,66.9775390625,-81.2939453125
92.8790368,-105.6103515625,66.2939453125,-84.0771484375
92.9132228,-105.5126953125,65.5615234375,-86.8603515625
92.9417054,-105.1708984375,67.7099609375,-90.1806640625
92.9709727,-106.0009765625,70.0537109375,-88.4716796875
92.998669,-105.5126953125,70.9814453125,-72.1630859375
93.0311398,-106.8310546875,71.6650390625,-60.3955078125
93.0587083,-107.9052734375,72.3974609375,-56.5869140625
93.0950713,-108.9794921875,74.3994140625,-57.4658203125
93.1351776,-109.9560546875,75.3271484375,-59.3212890625
93.1480639,-110.2978515625,75.5712890625,-59.4677734375
93.1818003,-110.9814453125,75.5224609375,-57.5634765625
93.2103708,-112.0068359375,75.9130859375,-58.0029296875
93.2593217,-112.7880859375,75.7666015625,-60.6884765625
93.2740239,-114.5458984375,75.4736328125,-60.9326171875
93.3018852,-114.9853515625,75.6689453125,-61.2744140625
93.3476235,-115.9619140625,75.7177734375,-60.9326171875
93.3676578,-117.4267578125,74.7900390625,-62.1044921875
93.392206,-117.6220703125,74.3994140625,-63.8623046875
93.4254474,-118.8916015625,74.1064453125,-65.4248046875
93.4684421,-120.4052734375,73.5693359375,-68.0126953125
93.4813924,-120.6494140625,72.8369140625,-69.2822265625
93.5278041,-120.0634765625,72.1533203125,-71.6748046875
93.5479228,-117.1337890625,71.6650390625,-73.5302734375
93.5760965,-113.4228515625,70.4931640625,-75.3857421875
93.6195132,-111.9091796875,70.0537109375,-77.0458984375
93.6334947,-110.7373046875,68.4423828125,-78.2177734375
93.6798957,-109.3701171875,67.4169921875,-80.5615234375
93.7019017,-108.0517578125,66.2939453125,-82.8076171875
93.7383449,-106.9775390625,65.7568359375,-83.9306640625
93.7577555,-107.3681640625,66.6845703125,-87.0068359375
93.8016067,-106.9775390625,68.6865234375,-89.4970703125
93.8138992,-106.9775390625,70.6396484375,-83.1005859375
93.8610444,-106.9775390625,71.0791015625,-68.4521484375
93.882873,-106.9287109375,71.7138671875,-61.0791015625
93.9218616,-107.4658203125,72.6904296875,-60.2001953125
93.9408588,-108.2958984375,73.9599609375,-62.1533203125
93.9655194,-109.9560546875,74.0087890625,-63.1298828125
94.0113525,-110.3466796875,74.2041015625,-62.8857421875
94.0262329,-111.0791015625,74.2041015625,-63.4716796875
94.0724897,-111.8603515625,73.9599609375,-65.0830078125
94.0863382,-112.9345703125,73.8134765625,-66.0595703125
94.1278696,-113.1787109375,73.9111328125,-66.1083984375
94.1491826,-114.7412109375,73.8623046875,-65.6689453125
94.1873739,-115.4248046875,72.2998046875,-66.5478515625
94.2094083,-116.5478515625,72.5439453125,-67.8173828125
94.245593,-116.9384765625,71.2744140625,-70.2587890625
94.2670757,-117.9150390625,70.9326171875,-72.0654296875
94.311299,-119.2822265625,70.4443359375,-73.5302734375
94.3304021,-120.1123046875,69.6142578125,-75.5322265625
94.3656266,-118.8427734375,68.6865234375,-77.1923828125
94.3868244,-115.6201171875,67.8564453125,-78.0712890625
94.4293855,-112.0068359375,66.6845703125,-80.4150390625
94.4494307,-111.0302734375,66.7333984375,-80.8056640625
94.4865394,-110.2001953125,64.8779296875,-82.7587890625
94.5099071,-109.3212890625,64.8291015625,-84.3701171875
94.5476244,-107.9541015625,64.7802734375,-86.4208984375
94.5695957,-107.4169921875,66.1474609375,-88.6181640625
94.6121706,-108.0517578125,68.7841796875,-85.3955078125
94.6335419,-108.1005859375,69.8095703125,-70.4541015625
94.6690297,-107.6611328125,70.9326171875,-61.5673828125
94.6917644,-107.4658203125,72.6416015625,-59.7119140625
94.7310221,-107.4658203125,73.1298828125,-61.0791015625
94.7503803,-108.1982421875,75.2783203125,-61.6162109375
94.7859918,-109.9560546875,74.8876953125,-60.1025390625
94.8120416,-111.3232421875,75.2783203125,-58.8818359375
94.8505678,-112.0556640625,75.0830078125,-59.2724609375
94.8716184,-112.5439453125,75.6689453125,-61.8603515625
94.9115867,-113.7646484375,75.7666015625,-61.4697265625
94.9435388,-113.8134765625,75.8642578125,-62.2998046875
94.963565,-115.0830078125,75.1806640625,-62.0556640625
95.0005651,-115.5224609375,75.1318359375,-62.4462890625
95.0217388,-116.4990234375,74.5458984375,-63.5205078125
95.0574927,-117.4267578125,72.8369140625,-65.7666015625
95.083066,-118.3056640625,72.5439453125,-66.4990234375
95.1174431,-119.4287109375,72.6416015625,-69.0869140625
95.1427159,-118.9404296875,71.1767578125,-69.9658203125
95.1797941,-116.3525390625,70.4931640625,-71.5283203125
95.2009333,-112.0068359375,69.6142578125,-73.6279296875
95.2479744,-110.3955078125,68.7841796875,-74.8486328125
95.2695171,-108.8818359375,67.5146484375,-76.5087890625
95.3040676,-107.3681640625,66.6357421875,-78.2177734375
95.3263245,-105.6591796875,65.5615234375,-79.1455078125
95.3646992,-105.0244140625,65.0732421875,-80.9033203125
95.3854532,-104.3896484375,65.4638671875,-83.8330078125
95.4235581,-104.6337890625,68.1005859375,-84.8095703125
95.4470023,-104.3896484375,69.9560546875,-75.5322265625
95.4851177,-104.6826171875,71.0791015625,-61.9091796875
95.5042247,-105.1220703125,71.7138671875,-56.2939453125
95.543148,-105.3173828125,74.2529296875,-56.0009765625
95.5646204,-105.8056640625,74.5947265625,-56.0986328125
95.6022163,-107.1728515625,75.4736328125,-55.8544921875
95.6277005,-108.2958984375,76.2548828125,-53.6083984375
95.6637556,-109.2724609375,75.7666015625,-54.0478515625
95.6840717,-109.5166015625,75.7177734375,-54.5849609375
95.7316001,-110.4931640625,76.2060546875,-56.0009765625
95.7530711,-112.0556640625,76.0107421875,-56.3916015625
95.7891721,-113.1787109375,75.9130859375,-56.7822265625
95.809417,-113.5693359375,74.9853515625,-56.7822265625
95.8459147,-114.8876953125,74.6923828125,-58.0517578125
95.8668224,-115.5712890625,73.2763671875,-59.0283203125
95.9062179,-116.7431640625,72.7880859375,-61.1767578125
95.9267646,-118.4521484375,71.8115234375,-62.8857421875
95.9652847,-118.7939453125,70.9814453125,-64.6923828125
95.9856033,-117.9150390625,70.7861328125,-66.8408203125
96.021527,-113.8134765625,69.5654296875,-67.5732421875
96.049426,-110.5908203125,68.1005859375,-69.3798828125
96.0854743,-108.5400390625,67.3681640625,-70.4541015625
96.1086541,-107.6123046875,66.9287109375,-72.9443359375
96.1460555,-105.7568359375,65.8056640625,-74.0673828125
96.1663158,-104.6826171875,64.1943359375,-75.6298828125
96.203951,-102.9248046875,64.2919921875,-77.9248046875
96.2307084,-103.2177734375,66.2451171875,-79.8779296875
96.2677456,-104.0966796875,68.3447265625,-77.7783203125
96.2894399,-103.8525390625,69.1259765625,-63.0322265625
96.3281664,-103.8525390625,69.3701171875,-55.5126953125
96.3485064,-104.1455078125,70.8349609375,-54.0966796875
96.3891054,-104.8779296875,72.0556640625,-55.8544921875
96.409177,-105.8544921875,72.7880859375,-55.7568359375
96.4450488,-106.7822265625,72.0556640625,-56.6845703125
96.4732884,-107.9541015625,72.3486328125,-55.1220703125
96.5132956,-108.5400390625,72.6904296875,-56.2939453125
96.5330519,-109.8095703125,72.1044921875,-57.9541015625
96.5730997,-110.4931640625,72.1044921875,-58.1005859375
96.5908226,-111.5673828125,72.0556640625,-58.1005859375
96.6279317,-112.4951171875,71.4208984375,-58.0517578125
96.6488,-113.7158203125,70.2490234375,-59.2724609375
96.6844803,-114.5458984375,69.5654296875,-60.5419921875
96.7125573,-115.8154296875,68.7841796875,-62.2998046875
96.7500483,-116.4501953125,68.3447265625,-63.6669921875
96.777527,-118.4033203125,67.3193359375,-65.4736328125
96.8028179,-118.1103515625,67.4169921875,-67.1337890625
96.8407287,-116.8408203125,65.8544921875,-68.0126953125
96.8617911,-112.3486328125,64.9267578125,-69.2333984375
96.8975972,-109.6142578125,63.8037109375,-71.0888671875
96.9198213,-108.4423828125,63.4619140625,-71.6259765625
96.9626591,-107.0751953125,61.8994140625,-73.8232421875
96.9815114,-106.3916015625,63.3154296875,-75.8740234375
97.019543,-105.0732421875,65.0732421875,-76.6552734375
97.0462087,-105.0732421875,66.9287109375,-71.0400390625
97.0831615,-105.9033203125,66.9287109375,-58.4423828125
97.1049201,-106.0009765625,67.8564453125,-53.3154296875
97.1408018,-105.2197265625,68.4423828125,-52.5341796875
97.166718,-106.2939453125,70.1025390625,-53.3154296875
97.1947837,-106.4892578125,69.6630859375,-53.4130859375
97.2321298,-107.0751953125,69.9072265625,-52.2412109375
97.2538509,-108.3447265625,70.1025390625,-51.9482421875
97.2951625,-108.9306640625,69.9560546875,-53.7060546875
97.3132389,-110.0537109375,69.7119140625,-54.2919921875
97.3524523,-110.5908203125,69.3701171875,-53.6083984375
97.3775814,-111.1767578125,68.5400390625,-53.2666015625
97.403656,-112.3486328125,69.1259765625,-52.8759765625
97.4431022,-112.9833984375,67.1728515625,-54.4873046875
97.465109,-114.3017578125,67.1240234375,-56.0498046875
97.5109507,-115.1318359375,65.6103515625,-56.9287109375
97.5268703,-116.0595703125,65.1708984375,-58.7841796875
97.5640481,-117.4755859375,64.0478515625,-60.4443359375
97.5839925,-116.7431640625,63.3642578125,-61.3232421875
97.6218139,-114.4482421875,62.5830078125,-62.4462890625
97.6447789,-110.7373046875,61.6064453125,-63.6669921875
97.6820716,-108.8818359375,60.0927734375,-64.4970703125
97.7089745,-108.1005859375,59.4580078125,-66.2060546875
97.7371653,-106.8310546875,59.8486328125,-67.8173828125
97.7716011,-105.3662109375,62.1435546875,-70.4541015625
97.7979852,-105.4150390625,63.8037109375,-67.3291015625
97.8311682,-105.1220703125,64.8779296875,-54.3896484375
97.8605502,-104.8291015625,66.1962890625,-46.1865234375
97.8884373,-104.7314453125,68.2470703125,-43.3544921875
97.9211092,-105.0732421875,69.5654296875,-43.2080078125
97.9503207,-104.8779296875,70.4931640625,-42.3779296875
97.9777428,-105.5126953125,70.9326171875,-40.3271484375
98.0100106,-106.4892578125,70.8837890625,-38.3740234375
98.0388435,-107.6611328125,70.7373046875,-37.9345703125
98.0671175,-108.5888671875,70.6396484375,-39.8876953125
98.1049355,-108.9794921875,71.3720703125,-39.8876953125
98.1288649,-110.5908203125,70.5419921875,-39.4970703125
98.1622065,-111.1279296875,70.0048828125,-38.9111328125
98.1907351,-111.5185546875,69.3701171875,-40.1318359375
98.2182061,-112.5439453125,68.2958984375,-41.2060546875
98.2540792,-113.1298828125,68.0029296875,-42.5244140625
98.2817895,-113.7646484375,66.3427734375,-43.5498046875
98.3101972,-114.8876953125,65.8056640625,-44.9169921875
98.3410757,-116.3037109375,64.4873046875,-46.4306640625
98.3708796,-114.7900390625,63.2666015625,-47.3095703125
98.3988722,-110.9326171875,62.5341796875,-50.2880859375
98.4333298,-108.1005859375,61.3623046875,-51.2158203125
98.4621747,-106.4892578125,61.0205078125,-52.3388671875
98.4937472,-105.1708984375,59.4091796875,-54.7314453125
98.5238617,-102.5341796875,57.8955078125,-56.5869140625
98.5521368,-101.8994140625,58.1396484375,-58.8818359375
98.5845519,-100.7275390625,59.9462890625,-61.1767578125
98.6131733,-100.8251953125,61.5087890625,-61.4697265625
98.6409189,-101.3623046875,62.5341796875,-51.1181640625
98.6744851,-101.4111328125,63.3642578125,-41.7919921875
98.7042025,-101.4599609375,65.3173828125,-38.1787109375
98.7499575,-101.8994140625,66.5380859375,-38.4716796875
98.7643335,-101.8505859375,67.4169921875,-37.7392578125
98.8071649,-102.4853515625,68.1494140625,-36.5185546875
98.8244008,-103.9501953125,67.8076171875,-34.6142578125
98.8538495,-104.7802734375,68.1494140625,-33.9794921875
98.8821554,-106.0498046875,67.4169921875,-36.7626953125
98.9177101,-106.6357421875,68.1005859375,-37.6416015625
98.9458854,-107.6611328125,67.2705078125,-37.1533203125
98.9731096,-108.6865234375,66.1962890625,-36.8603515625
99.0200237,-109.7607421875,65.8056640625,-38.5205078125
99.0339231,-110.6884765625,64.7314453125,-39.5458984375
99.0795081,-111.7626953125,63.4130859375,-40.8154296875
99.0950492,-112.7392578125,62.4365234375,-42.6708984375
99.124749,-113.8623046875,61.8017578125,-45.1611328125
99.156847,-115.1318359375,60.4833984375,-46.4794921875
99.2006192,-114.4482421875,59.4580078125,-48.6767578125
99.2197041,-111.0302734375,58.7744140625,-50.4345703125
99.2578308,-107.6611328125,57.3095703125,-52.8271484375
99.2797487,-105.8056640625,55.6982421875,-54.2919921875
99.3329927,-104.4384765625,54.8193359375,-56.9775390625
99.3361412,-102.7294921875,53.3544921875,-59.7607421875
99.3787551,-101.8994140625,52.8173828125,-61.5185546875
99.4004444,-100.2392578125,51.3525390625,-64.2041015625
99.4362472,-99.8486328125,50.0830078125,-65.9130859375
99.4565337,-99.7509765625,51.3525390625,-68.9404296875
99.5035947,-99.9951171875,52.9638671875,-70.7958984375
99.5201759,-99.8974609375,54.7705078125,-63.1298828125
99.5578992,-99.7021484375,54.8193359375,-53.6083984375
99.5790929,-100.9716796875,56.0888671875,-48.9697265625
99.6161463,-101.4599609375,56.9677734375,-49.8974609375
99.6386416,-102.5830078125,57.7490234375,-50.7275390625
99.677275,-103.6572265625,57.7001953125,-50.5810546875
99.7002971,-104.2431640625,57.6025390625,-49.5068359375
99.7358919,-105.6103515625,57.6025390625,-49.8486328125
99.758973,-106.0009765625,57.5537109375,-51.8505859375
99.7947221,-107.6611328125,57.6025390625,-52.9248046875
99.8220768,-109.0771484375,57.3095703125,-53.0224609375
99.8638147,-110.1025390625,56.2841796875,-53.9990234375
99.8866566,-111.1279296875,56.1376953125,-54.2919921875
99.923678,-111.9580078125,54.9169921875,-56.0009765625
99.9407308,-113.0810546875,54.0380859375,-57.9541015625
99.9803033,-114.7900390625,53.4033203125,-59.3212890625
100.0011277,-115.5712890625,52.2802734375,-61.4697265625
100.0366856,-116.4013671875,51.6455078125,-63.1787109375
100.0622761,-117.0361328125,50.2783203125,-64.9853515625
100.1004358,-114.3994140625,49.6435546875,-67.7685546875
100.1207277,-110.3466796875,48.5693359375,-69.0869140625
100.1567884,-108.4423828125,46.9580078125,-70.5029296875
100.182635,-107.1240234375,46.9580078125,-72.7001953125
100.2376115,-105.8056640625,45.3955078125,-74.7509765625
100.2681102,-104.2919921875,43.8818359375,-77.5341796875
100.2689906,-102.3876953125,44.2724609375,-79.6826171875
100.3069016,-102.6806640625,45.8837890625,-81.8310546875
100.3335372,-102.3876953125,47.6904296875,-80.4638671875
100.3699698,-102.9248046875,47.5439453125,-70.6005859375
100.3950932,-102.5830078125,49.0576171875,-63.7646484375
100.4321387,-102.2412109375,49.4482421875,-62.0556640625
100.4523324,-103.8037109375,50.2294921875,-62.5927734375
100.4894802,-103.5107421875,50.7666015625,-63.2763671875
100.5116539,-105.4638671875,50.5224609375,-62.2509765625
100.5456309,-106.4892578125,49.7900390625,-61.9580078125
100.5732274,-107.1240234375,50.4736328125,-63.4228515625
100.6113338,-108.0029296875,50.4248046875,-65.0341796875
100.6376179,-109.0771484375,50.2783203125,-64.2041015625
100.6761313,-109.9072265625,49.2041015625,-64.5947265625
100.6952914,-111.1767578125,48.6181640625,-65.1318359375
100.750464,-111.8603515625,47.6416015625,-66.8408203125
100.7535874,-113.2763671875,47.6416015625,-68.5009765625
100.7925011,-113.3251953125,46.0791015625,-70.1611328125
100.8157513,-114.9365234375,45.4443359375,-72.0654296875
100.8538711,-116.0595703125,44.9072265625,-74.4580078125
100.8781733,-116.8896484375,43.7841796875,-75.7763671875
100.9211217,-116.2060546875,42.8564453125,-77.5830078125
100.9349963,-113.4228515625,41.7333984375,-79.3408203125
100.9737626,-110.0048828125,41.0009765625,-81.2451171875
100.9938936,-108.6376953125,39.9755859375,-82.9541015625
101.033137,-106.7822265625,38.1689453125,-85.7861328125
101.0596777,-105.8544921875,38.2177734375,-88.4228515625
101.0974953,-104.6826171875,39.0478515625,-89.8876953125
101.1195277,-103.6572265625,40.8544921875,-91.3525390625
101.1559266,-104.5361328125,42.5634765625,-84.7607421875
101.1759186,-103.9990234375,43.0517578125,-73.9697265625
101.2143561,-104.1455078125,44.5166015625,-69.1845703125
101.2374549,-104.5849609375,46.3232421875,-66.8896484375
101.2771919,-103.9013671875,46.8115234375,-67.0361328125
101.2983867,-105.5126953125,47.4951171875,-65.1318359375
101.3376808,-106.1474609375,47.6904296875,-63.1787109375
101.3603686,-107.5146484375,46.9580078125,-62.4462890625
101.3968318,-107.7099609375,46.8603515625,-63.3740234375
101.419115,-108.9794921875,47.6904296875,-64.1552734375
101.4564222,-109.9072265625,47.3974609375,-64.7900390625
101.4785341,-110.8837890625,46.6162109375,-64.7412109375
101.5276565,-112.2998046875,46.9091796875,-65.4736328125
101.5479672,-112.9833984375,45.9814453125,-66.3037109375
101.5714935,-114.2041015625,44.7607421875,-68.4521484375
101.6107584,-114.6923828125,44.1259765625,-70.6494140625
101.6298291,-115.7177734375,43.4912109375,-73.3349609375
101.668149,-117.3291015625,42.3681640625,-75.1904296875
101.6929537,-118.1591796875,41.7333984375,-78.2177734375
101.7312394,-116.9873046875,40.5615234375,-79.6826171875
101.7499306,-112.9833984375,39.3408203125,-81.6357421875
101.7873117,-110.4931640625,38.8525390625,-83.4423828125
101.810201,-108.5888671875,38.1689453125,-85.7373046875
101.8504837,-107.2216796875,36.9482421875,-88.0322265625
101.8734471,-104.9755859375,36.1181640625,-90.9619140625
101.9107859,-103.6083984375,35.1416015625,-92.9638671875
101.935342,-103.6572265625,34.3603515625,-96.0888671875
101.9723189,-102.9736328125,36.1181640625,-98.3837890625
101.993318,-103.1201171875,37.8271484375,-99.1162109375
102.030157,-103.1689453125,38.4619140625,-88.1787109375
102.0512453,-103.3154296875,39.9267578125,-77.8271484375
102.0940602,-103.9990234375,41.0498046875,-73.3349609375
102.11236,-104.6337890625,42.0263671875,-72.8466796875
102.1506619,-106.1962890625,42.5634765625,-72.2607421875
102.1699529,-107.2705078125,43.2958984375,-71.3818359375
102.2053332,-107.9052734375,43.2958984375,-69.6728515625
102.2338771,-109.3701171875,43.0029296875,-68.6962890625
102.2724232,-110.5419921875,42.8076171875,-70.8447265625
102.2943404,-111.5185546875,42.6611328125,-72.9443359375
102.3338897,-112.6904296875,42.8564453125,-72.9443359375
102.3568016,-113.8134765625,42.1240234375,-73.6767578125
102.3848447,-114.3994140625,41.7822265625,-74.1650390625
102.4219131,-115.6689453125,41.3427734375,-76.5087890625
102.4454717,-116.3525390625,40.2685546875,-78.5107421875
102.4841584,-117.9638671875,40.1220703125,-80.9521484375
102.5070706,-119.1845703125,39.1455078125,-83.4423828125
102.5369153,-120.0634765625,38.5595703125,-85.8837890625
102.5652301,-120.8935546875,37.2900390625,-88.2763671875
102.6077898,-119.6240234375,36.8994140625,-90.0830078125
102.6249502,-115.4248046875,36.3623046875,-92.3291015625
102.6580199,-112.6904296875,35.2392578125,-94.6240234375
102.6895834,-110.4931640625,34.0185546875,-97.7978515625
102.7175021,-109.6630859375,33.2373046875,-99.7021484375
102.7543081,-107.5634765625,32.4072265625,-102.0947265625
102.777704,-106.9287109375,30.7958984375,-104.9267578125
102.8046988,-105.5126953125,29.8193359375,-107.7099609375
102.8418827,-105.8056640625,29.2333984375,-110.9326171875
102.8672785,-105.9033203125,30.7470703125,-113.4228515625
102.8962707,-106.4404296875,31.6748046875,-116.6455078125
102.9314174,-106.0009765625,33.2373046875,-109.5654296875
102.9577948,-106.6845703125,33.5302734375,-96.7236328125
102.9856409,-107.6611328125,34.3115234375,-90.3759765625
103.0235059,-108.4423828125,35.2880859375,-90.4736328125
103.0468272,-110.1025390625,35.9228515625,-91.6455078125
103.08022,-111.5673828125,36.2646484375,-92.8662109375
103.1088062,-112.6904296875,35.7275390625,-92.3291015625
103.1378024,-113.0810546875,35.2392578125,-92.6220703125
103.1698833,-114.4970703125,35.9716796875,-94.3798828125
103.1990707,-115.5224609375,35.3857421875,-96.2841796875
103.2328842,-117.4267578125,35.3857421875,-96.2353515625
103.2606397,-118.5498046875,35.4833984375,-97.0654296875
103.2886171,-118.8916015625,34.7509765625,-97.4072265625
103.3171343,-120.4052734375,33.7255859375,-99.3115234375
103.3516648,-121.6259765625,34.0673828125,-100.8740234375
103.3803898,-122.5537109375,33.3349609375,-103.8037109375
103.4139936,-123.0908203125,32.7978515625,-105.8056640625
103.441732,-124.7998046875,31.7236328125,-108.7353515625
103.4689072,-126.5087890625,31.2353515625,-110.6884765625
103.5017763,-125.5810546875,30.1611328125,-112.2509765625
103.5308193,-123.6279296875,30.1611328125,-114.7412109375
103.5595783,-118.7451171875,28.9404296875,-115.9130859375
103.5940016,-116.6943359375,27.6220703125,-117.8662109375
103.621568,-115.3271484375,26.8896484375,-119.7705078125
103.6544344,-114.4482421875,26.7919921875,-121.4794921875
103.683568,-113.1787109375,26.5966796875,-124.4580078125
103.7124608,-112.3974609375,28.4521484375,-126.9482421875
103.7430568,-112.2998046875,29.7705078125,-125.2880859375
103.7741744,-112.6416015625,30.2587890625,-112.4951171875
103.800989,-113.2275390625,30.8447265625,-103.9501953125
103.833046,-112.8857421875,31.6259765625,-101.9970703125
103.8652043,-113.4228515625,31.7724609375,-103.5107421875
103.8964123,-113.9111328125,32.7490234375,-104.8779296875
103.9267235,-115.0341796875,33.0908203125,-104.8779296875
103.9521531,-116.2060546875,32.1142578125,-105.7568359375
103.9846122,-117.4267578125,32.8466796875,-106.9287109375
104.0154462,-117.9150390625,32.7978515625,-108.6376953125
104.0424892,-118.5986328125,31.9189453125,-108.9794921875
104.074957,-120.1611328125,32.3095703125,-108.7841796875
104.1055088,-121.2353515625,31.3818359375,-109.3212890625
104.1339616,-121.7236328125,30.8935546875,-110.7373046875
104.1665921,-123.4326171875,30.5029296875,-112.2998046875
104.1944352,-124.1650390625,30.0634765625,-114.5947265625
104.2282273,-125.1904296875,29.4287109375,-116.6943359375
104.2663684,-126.4111328125,29.3310546875,-118.1591796875
104.2840732,-127.1923828125,28.4521484375,-120.1611328125
104.3311829,-128.4130859375,27.5244140625,-121.6259765625
104.3469066,-127.4365234375,27.4755859375,-124.1162109375
104.3765567,-122.6513671875,26.0107421875,-125.5322265625
104.4080039,-119.8681640625,24.7412109375,-126.7041015625
104.4370216,-117.7685546875,24.6923828125,-128.2177734375
104.4700974,-117.2314453125,23.5693359375,-130.6103515625
104.5054773,-116.2060546875,24.0087890625,-132.1240234375
104.5276016,-114.9853515625,25.7177734375,-135.0048828125
104.5654283,-114.7412109375,27.9150390625,-135.3466796875
104.5874277,-115.2783203125,28.5498046875,-122.8955078125
104.6197582,-115.2783203125,29.9658203125,-111.1279296875
104.6516068,-115.4736328125,31.0400390625,-107.9052734375
104.6766546,-115.5224609375,32.0166015625,-107.5634765625
104.7195188,-115.9130859375,32.6513671875,-108.2470703125
104.7394591,-117.2802734375,33.4326171875,-108.2470703125
104.7769069,-118.1103515625,33.5302734375,-108.0029296875
104.8002274,-119.5263671875,32.9931640625,-108.0517578125
104.8382012,-120.6494140625,33.4326171875,-109.1259765625
104.8572174,-121.2353515625,34.0673828125,-110.5419921875
104.8914544,-122.1142578125,34.3115234375,-111.2255859375
104.9283725,-122.5048828125,34.2626953125,-111.3232421875
104.9494837,-123.7744140625,33.4326171875,-111.6162109375
104.9876337,-125.1904296875,33.2373046875,-113.3251953125
105.0090542,-126.0693359375,32.7001953125,-115.0830078125
105.0460776,-127.1435546875,32.5048828125,-116.7919921875
105.0719597,-128.2177734375,31.6259765625,-118.1591796875
105.1090347,-129.3896484375,32.0166015625,-118.8916015625
105.1335254,-131.1962890625,31.2841796875,-121.2353515625
105.1705647,-130.0244140625,30.1611328125,-123.2373046875
105.1937223,-127.7783203125,29.7216796875,-125.4833984375
105.2227937,-122.6025390625,29.1357421875,-126.5087890625
105.2724524,-120.0634765625,27.6708984375,-128.6572265625
105.278483,-118.4521484375,27.3779296875,-129.4384765625
105.3209211,-117.3291015625,26.7431640625,-131.1474609375
105.3404744,-115.5712890625,26.2548828125,-133.6865234375
105.3792854,-115.5712890625,26.7919921875,-135.5908203125
105.4012774,-114.0087890625,28.7451171875,-137.8369140625
105.4373041,-114.7412109375,29.9658203125,-136.3232421875
105.4624446,-115.9619140625,31.1865234375,-121.6748046875
105.4981507,-114.7900390625,32.1630859375,-112.6416015625
105.5202069,-115.8154296875,32.9443359375,-108.6376953125
105.5568677,-116.0107421875,34.4580078125,-110.0048828125
105.5837052,-116.7919921875,35.4833984375,-110.9326171875
105.6215385,-118.5009765625,35.2880859375,-111.5185546875
105.6434501,-119.8681640625,35.8251953125,-110.0048828125
105.6811584,-119.8681640625,35.8251953125,-110.2978515625
105.7125934,-120.9423828125,35.6298828125,-111.6162109375
105.7335618,-122.5048828125,36.1669921875,-114.1064453125
105.7734805,-123.4326171875,36.0693359375,-113.6669921875
105.7934902,-124.7509765625,35.5810546875,-114.1552734375
105.8306179,-125.6298828125,35.6298828125,-114.4482421875
105.8556914,-126.4599609375,35.5810546875,-115.4736328125
105.8955704,-127.3876953125,35.1416015625,-117.3779296875
105.9136557,-128.5595703125,34.6533203125,-119.7705078125
105.9542362,-130.1220703125,34.3115234375,-120.8935546875
105.9763402,-131.1474609375,33.4326171875,-122.4072265625
106.0137898,-131.7822265625,33.6279296875,-124.1162109375
106.03693,-132.1728515625,32.7490234375,-125.9716796875
106.0666898,-128.2666015625,32.5537109375,-127.4365234375
106.10353,-123.5302734375,31.5283203125,-128.9013671875
106.1258502,-121.0400390625,30.7958984375,-130.2197265625
106.1577703,-120.4052734375,29.7705078125,-132.1728515625
106.1929113,-118.1591796875,29.2822265625,-134.2236328125
106.2165877,-117.2802734375,29.1845703125,-135.9814453125
106.2531956,-116.4501953125,31.3330078125,-138.1298828125
106.2783188,-115.7177734375,32.3583984375,-137.5927734375
106.3158577,-117.0849609375,34.1162109375,-122.8955078125
106.3351377,-117.9150390625,34.0673828125,-113.7646484375
106.3731898,-117.6708984375,35.1904296875,-111.3232421875
106.3976331,-117.4267578125,35.8251953125,-112.2509765625
106.4339143,-117.0849609375,36.8017578125,-114.2529296875
106.4602067,-118.7451171875,36.5087890625,-114.7900390625
106.4960137,-120.2099609375,35.8251953125,-114.6923828125
106.5204441,-121.9189453125,36.1669921875,-116.4990234375
106.558161,-122.5537109375,36.4111328125,-117.4267578125
106.5779506,-122.8466796875,35.8251953125,-117.1826171875
106.6115093,-124.3603515625,36.3623046875,-116.8896484375
106.6411064,-125.0439453125,35.9716796875,-117.3779296875
106.6788342,-126.5087890625,36.0205078125,-117.9150390625
106.6987742,-127.3876953125,34.8974609375,-120.0146484375
106.7355683,-128.4619140625,34.0185546875,-121.6748046875
106.760482,-129.6337890625,34.3603515625,-123.6279296875
106.7925387,-130.9033203125,33.8232421875,-124.1650390625
106.818916,-131.9287109375,32.9931640625,-126.6552734375
106.8563145,-132.5634765625,32.8955078125,-127.6806640625
106.8798968,-133.2958984375,32.5048828125,-129.8779296875
106.9197589,-131.1474609375,31.9189453125,-130.0244140625
106.9433369,-125.6298828125,30.7470703125,-131.7822265625
106.9709197,-122.8955078125,29.9658203125,-132.4658203125
107.0092088,-122.2607421875,30.1611328125,-134.4677734375
107.0320858,-121.3330078125,32.7978515625,-136.4697265625
107.0616157,-120.6494140625,33.9697265625,-135.5419921875
107.0978647,-120.1611328125,35.3369140625,-120.5517578125
107.1220076,-120.0146484375,36.0205078125,-110.7861328125
107.1599118,-121.1376953125,36.9970703125,-107.8076171875
107.1840518,-121.0888671875,37.9248046875,-108.8818359375
107.2109861,-120.6982421875,38.7548828125,-109.4677734375
107.2502114,-120.9423828125,38.8525390625,-109.5166015625
107.2739703,-121.8701171875,38.3642578125,-108.6376953125
107.303388,-122.6513671875,39.4384765625,-109.1748046875
107.3445616,-123.0419921875,39.3896484375,-110.6396484375
107.3644686,-124.1162109375,39.2919921875,-110.4931640625
107.3946527,-125.1904296875,39.7802734375,-109.7607421875
107.4244575,-125.9228515625,38.8037109375,-110.0048828125
107.4539047,-126.8505859375,38.7060546875,-110.2978515625
107.4842788,-127.9248046875,38.2666015625,-112.3486328125
107.521808,-128.5107421875,38.1201171875,-113.0810546875
107.5457251,-130.0244140625,37.4853515625,-114.9853515625
107.5775371,-130.6103515625,37.2412109375,-116.7919921875
107.605376,-131.5380859375,36.5576171875,-118.1591796875
107.644716,-132.5146484375,35.7275390625,-118.9404296875
107.6642887,-132.9052734375,36.1181640625,-121.1865234375
107.7076569,-131.5869140625,34.7998046875,-121.5283203125
107.7242045,-126.3623046875,34.7998046875,-123.5302734375
107.7638831,-123.4326171875,33.5302734375,-124.8974609375
107.7873184,-122.7001953125,32.9931640625,-127.0458984375
107.8124399,-121.6748046875,33.6279296875,-128.9501953125
107.8503051,-121.0400390625,35.7763671875,-130.5126953125
107.8788332,-119.5751953125,38.1201171875,-125.5322265625
107.9099119,-119.5751953125,39.6826171875,-110.1513671875
107.9384391,-120.2099609375,40.8544921875,-100.3857421875
107.9670567,-120.5029296875,41.6845703125,-97.0654296875
108.0009315,-120.2099609375,43.1494140625,-96.8701171875
108.0331573,-120.6005859375,44.4677734375,-97.5048828125
108.0571464,-120.7470703125,44.4189453125,-95.4052734375
108.0893282,-122.1630859375,44.2724609375,-93.6962890625
108.1163771,-122.7490234375,45.1025390625,-93.0615234375
108.167183,-123.8232421875,45.2978515625,-95.0146484375
108.1881768,-124.1650390625,45.7373046875,-94.9169921875
108.2070326,-125.3857421875,45.3955078125,-94.7705078125
108.235701,-126.2158203125,45.6884765625,-94.2822265625
108.2758593,-126.9482421875,45.6396484375,-95.6005859375
108.2983919,-128.3642578125,44.8583984375,-96.2353515625
108.3332818,-129.6337890625,44.3701171875,-97.7978515625
108.3598883,-129.8291015625,44.4189453125,-99.7998046875
108.3893253,-131.1962890625,43.8818359375,-102.0947265625
108.4225212,-132.3681640625,43.6376953125,-104.0478515625
108.4504625,-132.8564453125,42.5146484375,-105.3662109375
108.4816485,-133.7841796875,42.4169921875,-107.0751953125
108.5115448,-131.5869140625,41.4404296875,-108.3447265625
108.5400851,-126.4111328125,40.8544921875,-110.1513671875
108.5714673,-123.7744140625,39.9755859375,-112.5439453125
108.6019315,-122.1142578125,39.1943359375,-114.0087890625
108.6286703,-121.2353515625,38.7548828125,-116.4013671875
108.6620023,-119.6728515625,38.6572265625,-118.5498046875
108.6918361,-118.4033203125,40.9033203125,-121.9677734375
108.7232389,-117.5244140625,42.9052734375,-121.4794921875
108.7516099,-118.2568359375,44.0283203125,-107.2216796875
108.7835244,-119.0380859375,45.7373046875,-94.0869140625
108.8117873,-118.5986328125,46.9580078125,-88.5693359375
108.8438325,-118.9404296875,48.8134765625,-88.3740234375
108.8722625,-118.6474609375,49.2041015625,-89.0087890625
108.9050781,-120.1611328125,49.8876953125,-88.9599609375
108.9319637,-120.8935546875,50.0830078125,-87.2509765625
108.9613999,-122.3583984375,50.5224609375,-86.7138671875
108.9948788,-123.5302734375,50.3759765625,-88.7646484375
109.0224283,-124.0673828125,50.4736328125,-89.4482421875
109.0549473,-125.0439453125,51.0107421875,-90.4736328125
109.0861885,-125.7275390625,50.2294921875,-90.1806640625
109.1126573,-126.6552734375,50.4248046875,-91.0595703125
109.1474329,-127.8759765625,49.6923828125,-91.9873046875
109.1767851,-128.9501953125,49.7900390625,-94.6240234375
109.2068417,-130.2685546875,49.2041015625,-96.0888671875
109.234031,-130.8544921875,48.7646484375,-98.3837890625
109.2648457,-131.5380859375,48.5693359375,-100.7763671875
109.2910558,-133.0029296875,47.4462890625,-102.2412109375
109.3272748,-133.7841796875,47.4462890625,-103.4619140625
109.3538099,-133.2958984375,46.5673828125,-106.0986328125
109.3880199,-129.8779296875,45.9326171875,-107.2705078125
109.4263833,-125.6298828125,45.3955078125,-109.4189453125
109.4436611,-123.9208984375,44.7119140625,-111.8115234375
109.476443,-122.5537109375,43.1982421875,-114.0087890625
109.5153957,-120.6494140625,43.6376953125,-116.0107421875
109.5348928,-119.7216796875,44.9072265625,-118.5498046875
109.5667514,-118.6962890625,47.0556640625,-120.5517578125
109.6031606,-118.5498046875,47.9345703125,-107.2705078125
109.6452842,-118.8427734375,48.8134765625,-94.2333984375
109.6653786,-119.5263671875,49.8388671875,-89.3994140625
109.685444,-119.2333984375,50.6689453125,-90.1806640625
109.7191269,-119.0869140625,51.0107421875,-91.4013671875
109.755492,-120.5029296875,51.0107421875,-92.6220703125
109.7763967,-121.0400390625,50.7177734375,-93.4521484375
109.8106255,-122.3095703125,50.6689453125,-93.9892578125
109.8377059,-123.1884765625,50.8642578125,-95.9912109375
109.8679116,-124.1650390625,51.5478515625,-96.2353515625
109.898215,-124.7021484375,51.5966796875,-95.4541015625
109.927846,-124.9951171875,50.8642578125,-95.7958984375
109.9657149,-126.4111328125,50.3271484375,-97.1142578125
109.9907084,-127.5341796875,50.0341796875,-98.6767578125
110.0190975,-128.5595703125,49.4970703125,-100.4833984375
110.0498141,-129.0478515625,49.2529296875,-103.6572265625
110.0785686,-130.2685546875,48.0810546875,-104.6826171875
110.1166594,-131.2939453125,48.0322265625,-106.9287109375
110.1597248,-132.8076171875,47.2021484375,-108.1982421875
110.1789882,-133.4423828125,46.8115234375,-109.8583984375
110.1990135,-133.3935546875,45.8837890625,-111.6162109375
110.2357482,-130.9521484375,45.5908203125,-112.7392578125
110.259028,-126.3623046875,43.7841796875,-114.5458984375
110.3086,-125.1904296875,44.1259765625,-116.0595703125
110.3204768,-123.5302734375,46.1767578125,-118.1591796875
110.3711099,-122.6025390625,48.2763671875,-118.8916015625
110.3821659,-121.7724609375,49.6923828125,-105.1220703125
110.4202653,-120.9912109375,50.5224609375,-92.7685546875
110.4423593,-120.8447265625,51.4013671875,-88.5205078125
110.4742901,-121.8212890625,52.3779296875,-88.1298828125
110.5019921,-121.5283203125,52.7197265625,-89.7412109375
110.5310407,-121.7236328125,53.4033203125,-89.3017578125
110.5678782,-121.7236328125,53.6474609375,-89.1064453125
110.5918492,-121.6748046875,53.7451171875,-88.8134765625
110.6226664,-123.1396484375,53.8916015625,-91.2060546875
110.6520591,-123.7744140625,54.7705078125,-91.4501953125
110.6921465,-124.5068359375,54.2822265625,-91.0595703125
110.7137463,-125.5810546875,53.9892578125,-90.8642578125
110.743912,-126.3134765625,53.5986328125,-91.4990234375
110.7767287,-126.8994140625,52.9638671875,-93.7451171875
110.805568,-127.7783203125,52.5244140625,-95.6005859375
110.8327849,-128.6572265625,52.4267578125,-97.6513671875
110.8703967,-129.3896484375,51.4990234375,-98.3837890625
110.8956984,-130.0732421875,51.4013671875,-100.3857421875
110.9306677,-131.2939453125,50.8642578125,-102.3876953125
110.9581199,-132.0263671875,50.2783203125,-104.1455078125
111.0088164,-132.1728515625,49.5458984375,-105.6591796875
111.0098231,-130.4150390625,48.5205078125,-107.1240234375
111.0500692,-125.8251953125,47.4951171875,-109.5166015625
111.0751277,-123.4326171875,47.1533203125,-111.0302734375
111.1113574,-121.8212890625,48.0322265625,-113.2763671875
111.1355831,-121.0400390625,50.4736328125,-115.3759765625
111.1648206,-119.0869140625,52.6220703125,-112.5927734375
111.1965352,-118.4033203125,53.7939453125,-95.9423828125
111.2270332,-118.4033203125,55.2099609375,-85.8349609375
111.2585206,-118.7451171875,56.9189453125,-82.0263671875
111.2880635,-119.1845703125,57.7978515625,-82.3681640625
111.3177799,-118.9404296875,59.0673828125,-82.2216796875
111.3443144,-118.5986328125,59.4580078125,-81.2939453125
111.3830288,-118.9892578125,59.6044921875,-80.0244140625
111.4067234,-120.7958984375,60.0439453125,-79.6337890625
111.4457114,-121.9677734375,60.3369140625,-81.5380859375
111.484504,-122.5048828125,59.7998046875,-82.5146484375
111.495599,-123.9208984375,59.7021484375,-81.9287109375
111.5338593,-124.1162109375,60.0927734375,-82.4169921875
111.5580356,-125.2880859375,59.6044921875,-82.9052734375
111.5892695,-126.8994140625,59.4580078125,-83.8330078125
111.6194243,-127.1435546875,59.1650390625,-85.9326171875
111.6455146,-128.7060546875,58.3837890625,-87.7392578125
111.6835443,-129.3896484375,58.2373046875,-89.2041015625
111.7084877,-129.9755859375,57.2119140625,-91.6455078125
111.745686,-131.3916015625,57.0654296875,-93.2080078125
111.770696,-132.0751953125,56.2841796875,-95.3564453125
111.8005259,-131.7333984375,55.5517578125,-96.8212890625
111.8278771,-128.6083984375,54.9658203125,-99.1650390625
111.8668325,-123.9697265625,54.0380859375,-100.7275390625
111.8889412,-121.5771484375,53.2080078125,-102.2412109375
111.9280953,-120.7958984375,52.2802734375,-104.7314453125
111.950071,-119.9658203125,51.9873046875,-106.2451171875
111.9807995,-118.5986328125,54.1357421875,-109.7119140625
112.0127348,-116.2060546875,57.0166015625,-110.6884765625
112.0422791,-116.3037109375,57.7978515625,-98.2373046875
112.0707827,-116.6455078125,58.8232421875,-84.6630859375
112.1034835,-116.9384765625,59.7998046875,-78.7060546875
112.1319459,-117.0361328125,61.1669921875,-78.1201171875
112.160566,-116.4990234375,62.4853515625,-79.5361328125
112.1974066,-116.9873046875,62.6318359375,-79.2919921875
112.2201703,-118.7451171875,62.8271484375,-78.1201171875
112.2576463,-119.9169921875,62.9736328125,-76.7529296875
112.2838239,-120.5517578125,63.5595703125,-78.8525390625
112.3106378,-121.6748046875,63.5107421875,-80.6103515625
112.3479258,-121.7236328125,63.4130859375,-80.9521484375
112.3728867,-123.4814453125,62.6806640625,-81.0498046875
112.4012306,-124.4580078125,62.6806640625,-81.5380859375
112.4381161,-125.3857421875,61.9970703125,-83.0029296875
112.4620052,-126.9482421875,62.3388671875,-84.7607421875
112.4947652,-127.2412109375,60.6787109375,-86.9091796875
112.5259543,-128.0712890625,60.7763671875,-88.6669921875
112.5546463,-129.7314453125,60.1904296875,-90.5224609375
112.5860475,-130.9033203125,59.1162109375,-93.0615234375
112.6155578,-131.5869140625,58.3349609375,-94.0380859375
112.6421517,-132.0263671875,57.7001953125,-96.4306640625
112.6944564,-130.8056640625,56.9189453125,-97.6025390625
112.7025593,-125.8251953125,56.0888671875,-99.3603515625
112.7342233,-122.9443359375,55.0634765625,-101.2646484375
112.7655695,-121.1376953125,54.9658203125,-102.9736328125
112.7944996,-120.4052734375,55.9912109375,-106.1962890625
112.8263104,-118.8916015625,58.0419921875,-107.5146484375
112.856543,-117.2314453125,59.0185546875,-99.8486328125
112.8856648,-116.9384765625,59.9462890625,-85.4931640625
112.9188986,-116.8408203125,60.4833984375,-79.2431640625
112.9484624,-117.8662109375,60.7275390625,-78.8525390625
112.9802058,-117.1337890625,61.6552734375,-81.0498046875
113.0078398,-117.4267578125,61.5576171875,-82.4169921875
113.0364931,-117.7197265625,60.8740234375,-82.6611328125
113.0637185,-118.6962890625,61.4111328125,-83.3447265625
113.1124079,-120.2099609375,61.5576171875,-85.4443359375
113.1335909,-121.2841796875,61.5087890625,-86.0791015625
113.1761953,-121.3818359375,61.4599609375,-85.1513671875
113.1964296,-122.4072265625,61.0693359375,-85.2978515625
113.2341986,-123.4326171875,60.4345703125,-86.4697265625
113.2558255,-124.0673828125,59.1650390625,-87.8857421875
113.2778407,-125.7275390625,58.9697265625,-89.3017578125
113.3096448,-126.3623046875,59.1162109375,-92.1337890625
113.3394791,-126.6064453125,58.0908203125,-93.5498046875
113.3671743,-128.2666015625,57.6513671875,-94.7216796875
113.3964931,-129.1455078125,57.2119140625,-96.3330078125
113.4288433,-130.4150390625,55.9912109375,-98.2373046875
113.4599849,-131.5380859375,54.7705078125,-99.1650390625
113.4898184,-130.8056640625,54.3798828125,-100.8251953125
113.5205578,-127.4853515625,54.0380859375,-102.4365234375
113.5473156,-123.5791015625,53.4521484375,-103.9501953125
113.5815976,-121.7724609375,55.4541015625,-105.9521484375
113.6087342,-121.0888671875,57.7001953125,-106.6845703125
113.6583738,-119.6240234375,58.9697265625,-93.5986328125
113.6695888,-118.7451171875,59.6533203125,-81.5380859375
113.6987835,-119.3310546875,60.7275390625,-77.7783203125
113.7318239,-119.8193359375,62.4365234375,-77.7783203125
113.7627516,-119.8681640625,62.8271484375,-78.3154296875
113.7952925,-119.4775390625,63.0224609375,-77.3388671875
113.8397951,-119.3798828125,63.3154296875,-76.6552734375
113.8601471,-119.3798828125,63.4619140625,-76.0205078125
113.8980993,-120.1123046875,63.8525390625,-78.1201171875
113.9193115,-121.5771484375,64.0966796875,-78.7060546875
113.9406544,-122.1142578125,63.8037109375,-78.5107421875
113.9735643,-123.2373046875,63.0712890625,-78.4619140625
114.020389,-123.8232421875,63.1201171875,-78.5595703125
114.0403914,-124.4580078125,62.5341796875,-80.1708984375
114.0766798,-125.3369140625,62.4853515625,-81.2939453125
114.0971993,-126.8994140625,61.6552734375,-83.2470703125
114.1511203,-126.8994140625,61.1669921875,-84.9560546875
114.1541393,-128.2666015625,60.2880859375,-86.7626953125
114.1832583,-129.2431640625,59.2626953125,-87.9345703125
114.2145331,-129.9267578125,59.1162109375,-90.2294921875
114.2456303,-130.9521484375,58.0419921875,-91.5966796875
114.2738988,-130.2197265625,56.9189453125,-93.2568359375
114.3057066,-125.9228515625,56.1865234375,-94.7216796875
114.3339883,-121.8212890625,55.7958984375,-96.0888671875
114.3632237,-120.8447265625,55.3564453125,-98.9697265625
114.3950529,-119.5263671875,56.4794921875,-100.3857421875
114.424324,-117.9638671875,59.6044921875,-102.3876953125
114.457899,-116.3525390625,60.8740234375,-92.6220703125
114.4843961,-116.1083984375,61.9482421875,-78.7060546875
114.5142136,-116.5966796875,63.8037109375,-72.1142578125
114.5466877,-115.2294921875,64.7314453125,-70.8935546875
114.5938339,-116.1572265625,66.2939453125,-71.1376953125
114.6145698,-116.1083984375,66.8310546875,-70.9423828125
114.6530577,-116.2060546875,66.5869140625,-69.5263671875
114.6742476,-117.1826171875,66.7822265625,-68.3056640625
114.7120253,-118.1591796875,67.6611328125,-68.9892578125
114.7331534,-119.0869140625,67.4658203125,-70.3076171875
114.7743259,-120.7958984375,67.5146484375,-71.0888671875
114.7952341,-121.5283203125,66.8798828125,-70.8935546875
114.820192,-121.9677734375,66.8310546875,-70.8935546875
114.8486119,-123.4814453125,65.9521484375,-71.4794921875
114.8969956,-124.3115234375,65.2197265625,-73.1884765625
114.9075833,-124.8974609375,64.6826171875,-74.9951171875
114.9361821,-125.8740234375,64.3408203125,-76.7529296875
114.9697687,-126.5576171875,63.5107421875,-77.9736328125
114.9986658,-127.7294921875,63.1201171875,-79.9755859375
115.0456202,-128.9501953125,61.4599609375,-81.7333984375
115.0608645,-129.7802734375,61.1181640625,-83.9794921875
115.08954,-129.8291015625,59.9951171875,-85.2001953125
115.1196752,-126.1669921875,59.0673828125,-87.0068359375
115.1500917,-121.7236328125,58.5791015625,-89.0576171875
115.1828458,-119.1357421875,57.1142578125,-91.4013671875
115.2285346,-118.4033203125,55.6494140625,-92.6220703125
115.2489868,-116.8408203125,55.4541015625,-95.3564453125
115.2696986,-115.1318359375,56.4794921875,-97.8466796875
115.3011375,-114.1064453125,58.3349609375,-100.3857421875
115.3290535,-112.6416015625,60.1416015625,-97.1630859375
115.3779691,-113.1298828125,60.7275390625,-82.1240234375
115.3890656,-113.9111328125,62.9736328125,-73.0908203125
115.4209008,-113.7646484375,63.2177734375,-71.7724609375
115.4528292,-114.1064453125,64.9267578125,-72.2607421875
115.4813276,-114.3505859375,65.0244140625,-73.3349609375
115.5161306,-115.0830078125,64.8291015625,-72.4072265625
115.5588795,-116.8408203125,64.9755859375,-71.6259765625
115.5801601,-117.6708984375,64.8291015625,-72.1630859375
115.6171181,-118.6962890625,65.2685546875,-74.2626953125
115.6379077,-119.2822265625,65.3173828125,-75.5322265625
115.6599795,-120.9423828125,64.2919921875,-75.2880859375
115.6956469,-121.7724609375,63.9013671875,-75.1416015625
115.7375922,-122.6513671875,63.9501953125,-76.2646484375
115.7568841,-123.5791015625,62.8271484375,-77.5830078125
115.7994962,-125.1416015625,61.6064453125,-78.9501953125
115.8131718,-125.9228515625,61.2158203125,-81.1474609375
115.8692238,-126.5576171875,60.8251953125,-83.3447265625
115.8740948,-127.7783203125,59.7509765625,-84.6142578125
115.9021453,-128.9013671875,58.8720703125,-86.3720703125
115.9311012,-130.0244140625,57.7490234375,-88.6181640625
115.9797605,-130.5615234375,57.7978515625,-89.8876953125
116.0000285,-129.7802734375,56.0888671875,-91.4990234375
116.0271178,-124.7021484375,54.8681640625,-92.9150390625
116.0559562,-121.8701171875,54.7705078125,-94.4775390625
116.0837979,-120.3076171875,53.8427734375,-96.6748046875
116.1149225,-118.4033203125,55.1611328125,-98.6279296875
116.1602081,-116.7919921875,57.2119140625,-101.1669921875
116.1761344,-116.3037109375,58.0419921875,-95.6494140625
116.2050521,-114.9365234375,58.2861328125,-82.6123046875
116.2343625,-115.0341796875,59.2138671875,-76.0693359375
116.2662981,-115.6201171875,60.3369140625,-76.0693359375
116.3105816,-115.3759765625,60.2880859375,-77.9248046875
116.3245007,-115.5712890625,60.0927734375,-79.2431640625
116.370039,-115.6201171875,60.5322265625,-78.4130859375
116.3870208,-116.5478515625,60.7275390625,-79.0966796875
116.4151159,-118.2080078125,60.2880859375,-81.1474609375
116.4461461,-118.9892578125,59.8486328125,-81.7333984375
116.4776981,-120.4541015625,59.9951171875,-81.0009765625
116.5085383,-121.1376953125,58.9697265625,-81.1962890625
116.5371248,-121.7236328125,59.2626953125,-81.3427734375
116.5669049,-123.3837890625,57.8466796875,-83.5400390625
116.5984888,-123.1396484375,56.8701171875,-85.4931640625
116.6293672,-124.4091796875,56.4306640625,-87.0068359375
116.6560881,-125.7763671875,55.1611328125,-88.3251953125
116.6884538,-126.7041015625,54.9169921875,-90.0341796875
116.7196724,-127.2412109375,54.3310546875,-91.5966796875
116.7453784,-128.7548828125,53.3056640625,-92.4755859375
116.7787629,-129.2431640625,51.9873046875,-94.2822265625
116.8084261,-130.3173828125,51.3525390625,-95.5517578125
116.8410749,-128.8037109375,49.8876953125,-97.2119140625
116.8700352,-124.2138671875,49.4482421875,-99.1162109375
116.8991786,-122.3095703125,49.2041015625,-100.8251953125
116.9341384,-120.5029296875,51.2548828125,-102.9736328125
116.9582022,-120.0146484375,52.8662109375,-104.6337890625
116.9887482,-118.5009765625,53.6474609375,-95.7470703125
117.0229697,-117.6220703125,54.4287109375,-82.4169921875
117.0478481,-117.3291015625,55.8935546875,-77.4365234375
117.0826899,-117.8662109375,57.7978515625,-76.6064453125
117.1121853,-118.3544921875,58.4814453125,-78.4619140625
117.1412618,-118.2080078125,58.6767578125,-76.5576171875
117.1735528,-117.7685546875,58.6767578125,-75.5322265625
117.2022823,-118.5498046875,58.3837890625,-74.4580078125
117.230952,-119.5751953125,58.6279296875,-75.3369140625
117.2625565,-120.6982421875,58.8720703125,-76.0205078125
117.2915146,-121.9189453125,58.5791015625,-76.3134765625
117.3202075,-122.0654296875,57.9443359375,-76.1669921875
117.3503846,-123.1884765625,57.5537109375,-76.5087890625
117.3826434,-124.2138671875,56.9677734375,-77.7294921875
117.414051,-125.3369140625,56.7724609375,-78.8037109375
117.4432835,-126.3134765625,55.6494140625,-80.6103515625
117.4714345,-126.8017578125,55.4541015625,-82.1728515625
117.5037375,-127.7294921875,54.7216796875,-83.9794921875
117.535178,-128.7548828125,54.1357421875,-85.2490234375
117.564562,-129.4873046875,52.8662109375,-86.3232421875
117.594796,-130.6103515625,52.0849609375,-87.9345703125
117.6254014,-131.1474609375,51.0107421875,-90.1318359375
117.6529016,-130.6103515625,50.2294921875,-91.1572265625
117.6851226,-125.3857421875,49.3505859375,-93.5498046875
117.7123012,-122.4560546875,47.6904296875,-94.9658203125
117.7447493,-120.6982421875,47.4462890625,-97.1630859375
117.7748451,-119.0869140625,46.0302734375,-99.4091796875
117.8026792,-117.9638671875,47.1533203125,-101.5087890625
117.8370826,-116.3525390625,48.9599609375,-103.6572265625
117.8628461,-115.9619140625,50.3759765625,-103.5107421875
117.8968327,-115.9619140625,51.4990234375,-89.3017578125
117.9256318,-116.0107421875,52.7197265625,-78.0712890625
117.9543201,-116.2060546875,54.6240234375,-74.0185546875
117.9877552,-115.6201171875,55.6005859375,-73.8720703125
118.0151818,-116.4501953125,56.2841796875,-73.9697265625
118.0445335,-117.4755859375,56.6748046875,-72.4072265625
118.0760664,-118.2568359375,57.1142578125,-71.0888671875
118.1074379,-120.1123046875,56.8212890625,-70.1611328125
118.1356485,-120.9423828125,57.1630859375,-71.6748046875
118.1688266,-121.1865234375,56.7724609375,-72.6513671875
118.1953382,-122.6513671875,57.1142578125,-73.5302734375
118.2290587,-122.7978515625,57.1630859375,-73.3349609375
118.2570918,-124.1162109375,55.8935546875,-73.5791015625
118.2854565,-125.7763671875,55.6982421875,-74.8486328125
118.3183595,-125.5810546875,54.7216796875,-76.1669921875
118.3469435,-127.3876953125,53.7451171875,-78.1689453125
118.3967835,-127.6318359375,53.7939453125,-79.0966796875
118.4087163,-128.7548828125,53.0615234375,-81.0986328125
118.4370796,-130.3173828125,51.5478515625,-83.4912109375
118.4672875,-130.7080078125,50.9619140625,-84.1259765625
118.5145454,-131.7333984375,49.8388671875,-86.5673828125
118.5347014,-132.8564453125,48.8623046875,-88.3251953125
118.5857245,-129.8291015625,48.2763671875,-89.6435546875
118.5888707,-125.3369140625,47.3486328125,-92.0361328125
118.6180874,-121.8212890625,45.7373046875,-94.1845703125
118.6512551,-120.2099609375,45.4443359375,-95.8935546875
118.6978438,-119.0869140625,44.0771484375,-98.6279296875
118.7174969,-117.2802734375,43.0029296875,-101.2158203125
118.7539917,-116.3037109375,41.6845703125,-102.7783203125
118.7743037,-115.6689453125,41.4404296875,-106.0986328125
118.8204878,-115.3271484375,41.8798828125,-108.2958984375
118.8510393,-116.0595703125,43.9794921875,-110.8349609375
118.8570929,-115.7666015625,45.9326171875,-109.7607421875
118.9083451,-115.2294921875,47.2021484375,-94.5263671875
118.921467,-116.1572265625,47.6904296875,-84.4189453125
118.9658648,-116.4990234375,49.3994140625,-80.6103515625
118.9861154,-118.1103515625,50.6689453125,-80.9521484375
119.0262266,-119.3798828125,50.9619140625,-82.0751953125
119.0482554,-120.1611328125,50.7666015625,-82.4169921875
119.0912889,-121.0400390625,50.7177734375,-81.3916015625
119.1102369,-122.0654296875,51.2060546875,-81.6357421875
119.1477298,-122.8466796875,51.6455078125,-83.1005859375
119.1676694,-123.7744140625,51.1083984375,-84.4189453125
119.1901875,-124.7998046875,51.2060546875,-84.9072265625
119.2243778,-126.3134765625,50.6201171875,-84.7607421875
119.2701514,-127.1923828125,50.2783203125,-85.7861328125
119.2913156,-127.9248046875,49.4970703125,-87.3486328125
119.3271392,-129.0478515625,49.4970703125,-89.3994140625
119.3480183,-129.9267578125,48.9599609375,-90.7177734375
119.3708238,-131.2939453125,48.1298828125,-92.9150390625
119.404953,-132.2705078125,47.1533203125,-94.2822265625
119.4500256,-133.3447265625,46.8115234375,-96.5771484375
119.4700163,-134.5166015625,46.1767578125,-98.0908203125
119.5060944,-135.9814453125,45.0537109375,-99.9951171875
119.5275371,-136.9091796875,44.2724609375,-101.8017578125
119.5704338,-134.9560546875,43.5400390625,-102.9736328125
119.5895136,-129.6337890625,42.7099609375,-104.7802734375
119.6320887,-126.0205078125,41.2451171875,-107.1240234375
119.6521023,-124.7021484375,40.5615234375,-109.4677734375
119.6882648,-123.2373046875,39.9267578125,-111.2255859375
119.7095559,-121.2353515625,40.5126953125,-113.6181640625
119.7376418,-120.0634765625,42.5634765625,-116.0595703125
119.7647033,-118.7451171875,44.5166015625,-114.8876953125
119.8164651,-119.0869140625,44.1748046875,-100.7275390625
119.8365747,-119.4287109375,45.1025390625,-92.4755859375
119.8720377,-119.3798828125,45.4443359375,-90.8642578125
119.894108,-119.3798828125,46.4208984375,-91.5966796875
119.9296655,-120.3564453125,46.2255859375,-93.9892578125
119.9500793,-120.9423828125,45.9814453125,-94.7705078125
119.9771664,-121.1865234375,45.5908203125,-95.7470703125
120.007878,-122.7978515625,45.6396484375,-97.1630859375
120.0548514,-123.7255859375,45.1025390625,-98.4326171875
