Timestamp,PPG_Forehead,PPG_Earlobe,PPG_Finger
0.0041758999999999,0.185546875,0.5224609375,0.185546875
0.00618069999999982,0.185546875,0.185546875,0.185546875
0.00715179999999993,0.185546875,0.185546875,0.185546875
0.00805230000000012,0.185546875,0.185546875,0.185546875
0.00890630000000003,0.185546875,0.185546875,0.185546875
0.00966250000000013,0.185546875,0.185546875,0.185546875
0.010478,91.7333984375,85.8251953125,82.6513671875
0.0107750000000002,-109.7216796875,84.7216796875,-65.3466796875
0.0110299,-107.8173828125,85.6494140625,-48.6474609375
0.0112871999999999,-105.6689453125,85.9423828125,-38.6865234375
0.0115405000000002,-103.7646484375,86.4306640625,-33.6083984375
0.0117946,-100.7373046875,86.7724609375,-33.0224609375
0.0120490000000002,-98.8818359375,86.6748046875,-39.7119140625
0.0123044999999999,-97.8564453125,87.9931640625,-49.5263671875
0.0125560999999998,-96.0498046875,87.9931640625,-56.2158203125
0.0128116,-94.6826171875,87.9443359375,-59.1455078125
0.0130750000000002,-94.0966796875,88.4326171875,-61.5380859375
0.0133972,-93.7060546875,88.5791015625,-65.1513671875
0.0137437,-93.6083984375,87.5048828125,-69.6435546875
0.0140470000000001,-94.0478515625,87.8466796875,-75.6005859375
0.0142981999999998,-94.2919921875,87.4072265625,-80.8251953125
0.0145507999999999,-93.7548828125,87.4072265625,-86.4892578125
0.0148022000000001,-93.4619140625,86.4794921875,-92.7392578125
0.0150534000000002,-93.3154296875,85.3564453125,-97.0849609375
0.0153083999999999,-92.8759765625,84.8193359375,-100.8935546875
0.0155601000000001,-92.6806640625,84.0380859375,-104.8974609375
0.0158143000000002,-93.1689453125,82.6708984375,-108.1201171875
0.0160670999999999,-94.0478515625,82.4755859375,-111.6357421875
0.0163353000000002,-94.0478515625,80.9619140625,-115.1025390625
0.0165905999999998,-94.3896484375,79.5458984375,-119.1552734375
0.0168536000000001,-94.1455078125,79.5947265625,-122.4755859375
0.0171117999999999,-95.4638671875,78.8134765625,-125.1123046875
0.0173643999999999,-95.4638671875,77.2021484375,-126.9189453125
0.0176166000000002,-95.4638671875,76.9091796875,-130.4833984375
0.0178691999999998,-96.5380859375,75.6884765625,-133.4619140625
0.0181209999999998,-96.6845703125,74.0283203125,-136.9775390625
0.0183751999999999,-96.9775390625,73.1005859375,-140.2978515625
0.0266636,-97.3193359375,72.0263671875,-141.7626953125
0.0269384000000001,-96.2939453125,73.5400390625,-132.6806640625
0.0271924000000001,-95.1220703125,73.1494140625,-111.0009765625
0.0274619999999999,-94.1943359375,73.4423828125,-84.9755859375
0.0277219999999998,-93.3154296875,73.1494140625,-64.1259765625
0.0279756999999998,-91.7041015625,73.1005859375,-48.5498046875
0.0282292000000002,-90.3369140625,73.9306640625,-38.4423828125
0.0285120000000001,-88.6767578125,74.6630859375,-33.5107421875
0.0287877999999999,-86.7236328125,75.3955078125,-33.4130859375
0.0290430000000002,-86.4794921875,75.4443359375,-41.3232421875
0.0292963999999998,-85.8935546875,75.2001953125,-49.5751953125
0.0295500999999998,-84.6240234375,76.0791015625,-56.2158203125
0.0298348000000002,-84.8681640625,75.4443359375,-58.7060546875
0.0301154000000001,-84.1845703125,76.0791015625,-61.0986328125
0.0304587000000001,-83.7939453125,75.5908203125,-64.9560546875
0.0307548999999998,-83.9892578125,75.2001953125,-69.3505859375
0.0310526000000002,-84.6240234375,74.9072265625,-74.6240234375
0.0313191000000002,-85.0146484375,74.3701171875,-80.4833984375
0.0315721999999998,-85.0146484375,74.9072265625,-86.3427734375
0.0318394999999998,-85.9423828125,74.0771484375,-92.2509765625
0.0321034,-85.7470703125,73.4423828125,-97.2314453125
0.0323633999999999,-86.3330078125,73.9306640625,-100.2587890625
0.0326213000000002,-86.5771484375,72.5146484375,-104.5068359375
0.0328732,-86.3818359375,72.6611328125,-107.5830078125
0.0331473,-86.5771484375,71.2451171875,-110.9033203125
0.0334311999999999,-85.8935546875,71.2451171875,-114.3212890625
0.0336832999999999,-86.6748046875,70.4638671875,-117.6904296875
0.0339375999999998,-88.1396484375,68.5107421875,-121.2548828125
0.0341900000000002,-88.7255859375,68.4619140625,-124.0380859375
0.0344433,-91.2158203125,67.8759765625,-127.3583984375
0.0346955000000002,-91.5576171875,67.3388671875,-128.9208984375
0.0349490000000001,-91.8017578125,66.5087890625,-131.2158203125
0.0352005000000002,-94.1943359375,65.8740234375,-134.4384765625
0.0354738000000001,-96.4892578125,64.9462890625,-137.7587890625
0.035765,-94.1455078125,63.7255859375,-139.7119140625
0.0360227000000002,-89.0185546875,64.3603515625,-133.3642578125
0.0362749,-85.1611328125,64.9951171875,-113.5888671875
0.0365275,-84.9169921875,65.0439453125,-87.9541015625
0.0367828000000001,-82.6708984375,65.1904296875,-65.7861328125
0.0370368000000001,-82.0849609375,66.1669921875,-48.8916015625
0.0372875000000001,-81.0107421875,66.5087890625,-38.3935546875
0.0375402,-79.3994140625,68.1689453125,-32.4853515625
0.0378143,-80.3271484375,67.7783203125,-32.1923828125
0.0380984,-81.6455078125,69.2919921875,-38.3447265625
0.0383526000000001,-81.3037109375,69.2919921875,-47.4755859375
0.0386046000000002,-81.2060546875,70.0244140625,-54.3603515625
0.0388552999999998,-79.1552734375,70.3173828125,-58.5595703125
0.0391092,-77.2021484375,70.3662109375,-60.9033203125
0.0393618999999998,-75.4443359375,70.5615234375,-64.5654296875
0.0396165000000002,-74.3212890625,70.6591796875,-67.9833984375
0.0398676,-73.4423828125,71.1474609375,-72.8662109375
0.0401828000000002,-74.0771484375,70.9521484375,-77.9931640625
0.0404640999999999,-76.0302734375,70.4638671875,-83.9013671875
0.0407179000000002,-77.3974609375,70.3173828125,-89.7607421875
0.0409727000000002,-78.7158203125,69.3896484375,-93.9111328125
0.0412256000000002,-81.0595703125,68.9990234375,-98.5009765625
0.0414775000000001,-81.4501953125,68.8525390625,-101.7236328125
0.0417304999999999,-82.6220703125,68.3642578125,-105.3369140625
0.0419814000000001,-82.1337890625,67.6806640625,-108.1201171875
0.0422544,-81.3037109375,67.7783203125,-111.3427734375
0.0425284000000001,-80.6689453125,66.9970703125,-115.3466796875
0.0428027000000002,-79.8876953125,66.4111328125,-118.6181640625
0.0430533,-80.4248046875,66.2158203125,-120.4736328125
0.0433119999999998,-80.9619140625,65.7763671875,-123.6474609375
0.0435623999999999,-82.0361328125,65.5810546875,-125.6982421875
0.0438160999999999,-83.0126953125,65.2392578125,-130.0927734375
0.0440664000000002,-84.4775390625,64.0673828125,-133.2177734375
0.0443202999999999,-85.4052734375,62.6025390625,-136.5380859375
0.0445738000000002,-86.1865234375,62.9931640625,-137.4169921875
0.0448545999999999,-86.2841796875,64.0673828125,-126.1865234375
0.0451302999999998,-85.8447265625,63.3837890625,-103.8720703125
0.0453819000000002,-84.4287109375,62.9931640625,-79.4580078125
0.0456332000000002,-82.4755859375,64.1162109375,-60.9033203125
0.0458835999999998,-80.4736328125,64.6533203125,-46.9873046875
0.0461388,-78.8134765625,65.7275390625,-40.1025390625
0.0463879999999999,-77.5439453125,66.5576171875,-36.8310546875
0.0466980000000001,-76.4697265625,66.8017578125,-38.9306640625
0.0469871999999998,-76.2255859375,67.3388671875,-47.2802734375
0.0472394999999999,-76.4208984375,68.1201171875,-56.7041015625
0.0474893000000001,-76.9580078125,68.6083984375,-62.1728515625
0.0477414999999999,-75.9814453125,68.4619140625,-64.8095703125
0.0479946,-76.3720703125,67.6318359375,-67.1044921875
0.0482946000000002,-76.4208984375,67.6318359375,-70.8642578125
0.0485481000000001,-76.7138671875,66.8994140625,-75.5517578125
0.0487999000000001,-75.9326171875,66.4599609375,-81.1669921875
0.0490672000000001,-75.6884765625,66.5576171875,-86.9775390625
0.0493256999999998,-76.2255859375,66.1669921875,-91.7138671875
0.0495765000000001,-77.8857421875,65.9228515625,-96.4013671875
0.0498273,-78.0322265625,66.1181640625,-100.6494140625
0.0500793000000002,-79.3994140625,65.8251953125,-104.4580078125
0.0503490000000002,-79.5947265625,65.2392578125,-107.8271484375
0.0506313999999999,-80.2783203125,64.5556640625,-111.2451171875
0.0508817000000001,-81.7431640625,64.4091796875,-114.7607421875
0.0511313000000002,-81.8896484375,63.3837890625,-118.6181640625
0.0513816,-81.4990234375,62.5537109375,-121.8408203125
0.0516478,-82.0361328125,61.9189453125,-125.0146484375
0.0519021999999998,-81.9384765625,60.9912109375,-127.4072265625
0.0521512,-81.8896484375,60.9912109375,-129.2138671875
0.0524005000000001,-82.4267578125,60.9912109375,-131.5576171875
0.0526770000000001,-83.3544921875,60.1611328125,-135.1220703125
0.0529647999999998,-83.9892578125,60.0634765625,-138.4423828125
0.0532176,-85.0146484375,59.5263671875,-140.6884765625
0.0534678,-85.8447265625,59.8193359375,-136.5380859375
0.0537193999999999,-85.0634765625,60.0634765625,-118.2275390625
0.0539825,-84.1357421875,61.1865234375,-92.8369140625
0.0542359000000001,-82.9150390625,61.7724609375,-70.3759765625
0.0544858000000001,-81.2060546875,62.0654296875,-54.0185546875
0.0547369999999998,-78.7158203125,63.5302734375,-44.3994140625
0.0550492,-77.2509765625,64.3603515625,-38.5400390625
0.0553005,-76.3232421875,65.8740234375,-36.9775390625
0.0555500000000002,-75.9814453125,66.0205078125,-41.6162109375
0.0558040000000002,-75.0537109375,67.0458984375,-50.9423828125
0.0560858,-75.4931640625,68.4130859375,-58.2177734375
0.0564409000000001,-75.9326171875,68.4130859375,-61.7333984375
0.0566903000000001,-74.5166015625,68.5595703125,-63.7353515625
0.0569419,-75.1025390625,69.9267578125,-66.6650390625
0.0572569999999999,-74.2724609375,70.3662109375,-71.3037109375
0.0575161999999998,-74.6630859375,70.6103515625,-76.0400390625
0.0577664000000002,-74.4189453125,70.6103515625,-81.4599609375
0.0580216,-74.4677734375,69.4384765625,-86.9775390625
0.0583065,-74.7119140625,71.0009765625,-92.9345703125
0.0585718000000002,-74.9560546875,70.0244140625,-97.2314453125
0.0588223999999999,-76.2744140625,69.8291015625,-101.1376953125
0.0590725000000001,-77.1044921875,69.5849609375,-105.1904296875
0.0593449000000001,-78.0810546875,70.0732421875,-108.8037109375
0.0596382000000002,-78.9111328125,68.8525390625,-112.7099609375
0.0598926,-78.9599609375,69.1455078125,-115.7373046875
0.0601455999999998,-80.2783203125,68.1689453125,-119.6435546875
0.0604005999999999,-79.9853515625,68.0224609375,-123.1103515625
0.0607014000000001,-80.3271484375,67.4853515625,-125.3564453125
0.0609608000000001,-81.2548828125,67.2412109375,-128.1396484375
0.0612233,-81.4501953125,66.6064453125,-130.7275390625
0.0614880000000002,-82.4755859375,66.3623046875,-134.3896484375
0.0617950999999999,-82.5732421875,66.2646484375,-137.0751953125
0.062046,-83.3544921875,66.2158203125,-140.5419921875
0.0758358000000001,-83.5498046875,66.7529296875,-136.7822265625
0.1077147,-83.8427734375,68.5595703125,-118.5693359375
0.1475399,-82.7685546875,68.6083984375,-93.5693359375
0.1640487,-81.8896484375,69.2919921875,-70.9619140625
0.1959433,-80.3759765625,70.4638671875,-55.0439453125
0.2253402,-79.1064453125,72.0751953125,-43.9599609375
0.2585537,-77.6904296875,72.6123046875,-37.6611328125
0.2953035,-76.7138671875,73.2958984375,-37.3681640625
0.3147409,-75.0537109375,74.6142578125,-41.8603515625
0.3485159,-74.6630859375,75.8349609375,-52.0654296875
0.3788857,-74.6142578125,76.0302734375,-59.2919921875
0.4094556,-73.3935546875,76.9580078125,-63.2958984375
0.4386088,-73.6376953125,77.3974609375,-65.8837890625
0.4690192,-73.7353515625,77.6904296875,-69.6923828125
0.4962343,-73.3935546875,78.9111328125,-73.6962890625
0.5291224,-74.1748046875,78.8134765625,-78.5302734375
0.5573683,-74.3701171875,78.4716796875,-84.1943359375
0.5899918,-74.6630859375,79.2529296875,-89.9072265625
0.6198828,-75.1513671875,79.3505859375,-94.8388671875
0.6481993,-75.9814453125,79.3994140625,-99.6728515625
0.6820148,-76.2744140625,78.9599609375,-103.8232421875
0.7080792,-76.6162109375,79.3505859375,-107.3876953125
0.7374813,-77.2021484375,78.2763671875,-110.3173828125
0.7722471,-77.4951171875,77.9345703125,-113.7841796875
0.7998384,-78.4716796875,78.3251953125,-116.7626953125
0.8312224,-78.9111328125,77.5927734375,-121.0595703125
0.8787345,-79.1552734375,77.1044921875,-123.9404296875
0.8987784,-80.0341796875,76.3232421875,-127.4072265625
0.9193334,-80.6201171875,75.7373046875,-128.8720703125
0.9735546,-81.4990234375,75.3466796875,-131.7041015625
0.993857,-81.8408203125,74.6142578125,-134.5361328125
1.0129636,-82.6708984375,74.2236328125,-137.5146484375
1.0404116,-83.1591796875,72.5634765625,-141.5185546875
1.0701539,-84.0380859375,72.8076171875,-142.5927734375
1.100205,-84.1357421875,73.7841796875,-133.5107421875
1.1322033,-83.5986328125,74.4677734375,-110.0732421875
1.1615582,-82.5244140625,75.5908203125,-84.9755859375
1.2072122,-81.1572265625,76.6162109375,-64.0283203125
1.2275024,-79.3994140625,77.7392578125,-49.9169921875
1.2686713,-78.4228515625,77.9833984375,-40.2001953125
1.2823429,-77.1533203125,79.3017578125,-34.8779296875
1.3108845,-75.5419921875,79.3505859375,-35.7568359375
1.3447142,-74.7607421875,80.8154296875,-41.9580078125
1.3880651,-73.9794921875,81.9384765625,-51.1865234375
1.408921,-73.4912109375,82.2802734375,-56.8994140625
1.4476876,-72.6611328125,82.8662109375,-60.0732421875
1.4690665,-71.9287109375,84.0380859375,-62.9052734375
1.5087249,-72.0263671875,83.7451171875,-66.1767578125
1.5302306,-72.2216796875,83.5009765625,-71.5478515625
1.5662842,-72.4169921875,83.2080078125,-76.3330078125
1.5864062,-72.3681640625,83.0615234375,-81.8994140625
1.631788,-73.0029296875,83.1103515625,-87.5146484375
1.6524671,-73.7353515625,82.2314453125,-92.5927734375
1.6891433,-73.7353515625,82.4267578125,-96.5966796875
1.7102272,-74.2724609375,82.0361328125,-100.6005859375
1.7477094,-74.9560546875,81.4013671875,-104.0185546875
1.7695023,-75.2490234375,81.1572265625,-107.6318359375
1.8187003,-75.7861328125,80.8154296875,-111.1474609375
1.8384867,-76.2744140625,79.1552734375,-114.6142578125
1.856417,-77.1044921875,78.1787109375,-117.6904296875
1.8841154,-77.0556640625,77.6904296875,-119.3505859375
1.9282682,-78.1787109375,77.1533203125,-122.8173828125
1.9487281,-78.5205078125,77.2998046875,-124.4775390625
1.9907961,-78.2275390625,76.3720703125,-128.3349609375
2.0203835,-79.5947265625,76.1279296875,-130.9716796875
2.0361028,-79.9365234375,75.2978515625,-134.5849609375
2.0774985,-80.5224609375,75.0048828125,-136.6357421875
2.0984906,-81.2060546875,75.3955078125,-130.8740234375
2.1437785,-81.1083984375,76.5185546875,-110.6591796875
2.1638834,-80.0341796875,77.4951171875,-85.3173828125
2.1990969,-78.9111328125,78.4228515625,-64.9560546875
2.2208533,-78.1787109375,79.7900390625,-49.8681640625
2.2696683,-76.7626953125,81.7431640625,-39.9560546875
2.2899602,-75.2001953125,83.0615234375,-34.9267578125
2.308354,-73.6376953125,83.9892578125,-34.3896484375
2.3401602,-72.1240234375,84.4775390625,-41.1279296875
2.3800767,-71.5869140625,85.1123046875,-50.0146484375
2.4022287,-71.0986328125,85.8935546875,-56.5087890625
2.4395849,-70.3173828125,86.6259765625,-59.8291015625
2.4608328,-70.1708984375,87.6025390625,-62.7099609375
2.4997141,-69.4873046875,86.9677734375,-66.1767578125
2.5213636,-69.9267578125,86.5283203125,-70.1806640625
2.5590901,-70.3662109375,85.1611328125,-75.9912109375
2.5800296,-70.7568359375,84.7705078125,-80.5322265625
2.6260908,-70.5615234375,84.7705078125,-86.8310546875
2.6462592,-70.7080078125,84.1845703125,-91.3720703125
2.6801094,-71.0009765625,83.7451171875,-96.8408203125
2.7012526,-71.3427734375,83.6474609375,-100.6982421875
2.7511634,-71.9287109375,82.9638671875,-103.9697265625
2.7711094,-72.3681640625,82.1337890625,-108.3154296875
2.8053039,-72.7099609375,80.7666015625,-110.6591796875
2.8275213,-73.7353515625,80.5712890625,-114.6142578125
2.8652518,-74.8095703125,79.7412109375,-117.3974609375
2.8863515,-74.2724609375,78.8134765625,-119.7900390625
2.9245697,-75.7861328125,78.9599609375,-122.5732421875
2.9457742,-75.9814453125,78.4228515625,-124.9169921875
2.980574,-77.1533203125,76.6650390625,-128.3349609375
3.0006427,-77.5927734375,76.2255859375,-131.1669921875
3.0432772,-77.7392578125,76.2255859375,-134.8779296875
3.0654135,-78.9599609375,75.3466796875,-137.1240234375
3.1085514,-79.4970703125,74.7119140625,-131.0693359375
3.1290512,-79.3017578125,76.3720703125,-110.3173828125
3.1648602,-78.9111328125,77.0068359375,-85.6591796875
3.1850246,-77.8369140625,78.0322265625,-64.0283203125
3.2333257,-76.5185546875,78.5205078125,-48.7451171875
3.2549058,-75.7373046875,79.3017578125,-37.6123046875
3.2723099,-73.3935546875,79.7900390625,-31.8994140625
3.3034677,-72.0263671875,81.0595703125,-30.3369140625
3.3584719,-70.5126953125,81.4013671875,-35.8056640625
3.3787537,-69.8779296875,82.0849609375,-45.4248046875
3.3915598,-69.4873046875,82.2802734375,-52.3583984375
3.4409259,-69.9267578125,83.3056640625,-56.0205078125
3.4609922,-68.7060546875,82.6220703125,-58.1689453125
3.497679,-68.0712890625,83.1591796875,-61.5869140625
3.5181361,-68.6083984375,82.7685546875,-65.9326171875
3.5574748,-68.0712890625,83.0126953125,-71.0595703125
3.5774404,-68.8525390625,82.4755859375,-76.8212890625
3.6165921,-69.3896484375,81.7431640625,-81.5576171875
3.6394584,-69.7802734375,81.3525390625,-87.0263671875
3.6757864,-70.7080078125,80.8642578125,-91.8115234375
3.6957627,-71.7822265625,79.5458984375,-95.6689453125
3.7355514,-72.1240234375,79.8876953125,-99.2822265625
3.7578107,-72.6611328125,78.8623046875,-102.7978515625
3.7964775,-73.3935546875,77.6416015625,-106.3623046875
3.8166845,-74.3701171875,77.3974609375,-109.5361328125
3.861102,-74.5654296875,76.0791015625,-113.2470703125
3.8760901,-75.6884765625,75.9326171875,-116.6162109375
3.9179881,-76.1279296875,74.1259765625,-119.6435546875
3.9385473,-77.1044921875,72.9541015625,-121.6943359375
3.9785875,-77.2509765625,71.7333984375,-124.5751953125
3.9986617,-77.7880859375,71.0986328125,-127.6513671875
4.0448438,-78.6181640625,70.7568359375,-131.0693359375
4.0567684,-78.9111328125,69.8291015625,-133.2666015625
4.1031147,-80.4248046875,69.4873046875,-132.1435546875
4.11604,-80.4736328125,70.1708984375,-116.3232421875
4.1576688,-79.8388671875,70.6103515625,-91.3720703125
4.1779638,-78.5693359375,69.7314453125,-67.5439453125
4.2334753,-77.5927734375,70.4150390625,-50.1123046875
4.234443,-76.3232421875,70.8544921875,-38.0029296875
4.2682505,-75.3466796875,71.8310546875,-29.9462890625
4.3127524,-73.9306640625,71.7822265625,-26.9677734375
4.3317051,-72.2216796875,71.8798828125,-29.3115234375
4.3581201,-71.6357421875,72.6611328125,-38.4423828125
4.4017738,-70.5615234375,72.6611328125,-46.8896484375
4.421844,-70.4638671875,73.2958984375,-50.4541015625
4.4610115,-70.4150390625,73.3935546875,-53.0908203125
4.4814827,-70.6591796875,73.1494140625,-56.6552734375
4.5103617,-70.0244140625,71.4404296875,-60.4638671875
4.5523499,-70.7568359375,72.0751953125,-65.1513671875
4.5686291,-70.5126953125,72.2216796875,-70.2783203125
4.6137102,-71.2939453125,71.0986328125,-75.4052734375
4.6277124,-72.2705078125,71.0009765625,-81.1181640625
4.6620845,-72.4658203125,70.2197265625,-86.2939453125
4.6909857,-73.0517578125,69.7314453125,-89.5166015625
4.7200926,-73.9794921875,69.2919921875,-93.0810546875
4.751186,-74.6142578125,68.3154296875,-96.3525390625
4.7969721,-74.9072265625,67.3876953125,-100.1611328125
4.8096251,-75.3955078125,67.1923828125,-102.6513671875
4.8443845,-75.9326171875,66.0205078125,-106.7041015625
4.8702748,-76.5185546875,65.4833984375,-109.4384765625
4.9025005,-77.2021484375,65.3369140625,-111.7333984375
4.9326824,-77.8369140625,64.9951171875,-114.5654296875
4.9598561,-78.1298828125,64.0673828125,-116.8115234375
4.9943602,-79.0576171875,64.1650390625,-120.0830078125
5.022408,-79.9853515625,63.8720703125,-123.8916015625
5.0631129,-81.1083984375,63.1396484375,-126.4306640625
5.0840204,-81.6455078125,63.9697265625,-127.6025390625
5.114358,-81.4501953125,65.3369140625,-115.2978515625
5.1440758,-81.8896484375,65.3857421875,-91.9091796875
5.1738758,-81.3037109375,66.3623046875,-68.0810546875
5.2036281,-80.6201171875,66.9970703125,-49.9169921875
5.2325126,-80.0341796875,67.3876953125,-36.5869140625
5.2634408,-78.2275390625,67.8271484375,-29.7021484375
5.2938304,-77.1044921875,69.2919921875,-25.7470703125
5.3249278,-75.5419921875,69.1455078125,-28.3837890625
5.3535733,-73.9794921875,68.9013671875,-37.1240234375
5.3823938,-73.5888671875,69.1455078125,-46.3525390625
5.4148505,-72.8076171875,69.0478515625,-51.0400390625
5.444025,-73.2958984375,69.5849609375,-53.0908203125
5.4795141,-73.3935546875,69.5849609375,-56.2646484375
5.5056647,-73.1494140625,69.1943359375,-60.3173828125
5.5333952,-73.1494140625,68.8525390625,-65.0537109375
5.5661845,-73.3447265625,68.1689453125,-70.0830078125
5.5967006,-73.5888671875,68.3154296875,-75.8447265625
5.6252758,-74.0771484375,67.9248046875,-81.0205078125
5.6573644,-74.9560546875,68.0224609375,-85.8544921875
5.6858455,-75.8349609375,67.3876953125,-90.0048828125
5.7145666,-75.2978515625,66.9482421875,-93.5205078125
5.7481242,-76.8115234375,65.5810546875,-97.3291015625
5.7769699,-77.0068359375,66.0693359375,-100.7958984375
5.8049249,-77.2509765625,65.2392578125,-103.6767578125
5.8377458,-78.5205078125,64.1650390625,-107.6318359375
5.867374,-78.9111328125,63.7744140625,-110.8544921875
5.899379,-79.5458984375,63.3349609375,-113.1494140625
5.9274773,-80.6689453125,62.1630859375,-116.0302734375
5.9563438,-80.5712890625,61.9677734375,-118.6181640625
5.9906627,-81.2060546875,61.5771484375,-122.1826171875
6.0172947,-82.1337890625,61.1376953125,-124.5263671875
6.045473,-82.1337890625,60.0146484375,-127.9443359375
6.0790001,-83.1591796875,59.7705078125,-130.3369140625
6.1087201,-83.6474609375,60.7958984375,-121.9873046875
6.1418032,-84.6728515625,61.0888671875,-100.6982421875
6.1684904,-84.6728515625,61.5771484375,-75.7958984375
6.1974123,-83.7451171875,61.1376953125,-54.7021484375
6.2284061,-82.8173828125,62.1142578125,-39.8583984375
6.2613981,-80.9619140625,62.5537109375,-28.9697265625
6.2894048,-79.3994140625,63.5302734375,-22.9150390625
6.3208104,-77.7880859375,63.5791015625,-23.6474609375
6.367108,-76.8115234375,64.1650390625,-29.1162109375
6.3874207,-75.7861328125,64.9462890625,-37.8564453125
6.4102881,-74.5166015625,66.2646484375,-43.7646484375
6.4429578,-74.8583984375,65.7763671875,-46.3525390625
6.4874047,-74.4677734375,65.0927734375,-49.1845703125
6.5002508,-73.9306640625,66.1669921875,-52.8955078125
6.5312041,-73.9306640625,65.6787109375,-58.0712890625
6.5637354,-74.0771484375,66.8505859375,-63.0517578125
6.6062071,-74.8095703125,65.5322265625,-68.2275390625
6.6273218,-75.2001953125,65.2880859375,-74.3310546875
6.6693843,-75.3955078125,65.4833984375,-79.1650390625
6.6906471,-75.7861328125,65.5322265625,-83.4619140625
6.7267778,-76.7626953125,65.2392578125,-87.1728515625
6.7469411,-77.0556640625,64.1650390625,-91.0791015625
6.7881796,-77.9345703125,63.3349609375,-94.1064453125
6.8095024,-78.2275390625,63.2373046875,-97.6708984375
6.8491781,-78.4716796875,62.4072265625,-101.3818359375
6.8720848,-79.6435546875,61.4306640625,-105.2392578125
6.90768,-80.1806640625,61.6259765625,-107.9736328125
6.9292257,-80.8154296875,59.8193359375,-110.2685546875
6.9665291,-81.1083984375,59.1845703125,-113.0517578125
6.9866978,-81.2060546875,58.9892578125,-115.3466796875
7.0264127,-82.0361328125,57.7685546875,-119.2041015625
7.0465185,-82.7197265625,57.0361328125,-121.6455078125
7.0864731,-83.4521484375,56.1083984375,-125.0146484375
7.1061625,-83.6474609375,56.8896484375,-125.4052734375
7.1538042,-84.2822265625,56.9873046875,-112.0263671875
7.1739833,-84.8681640625,57.6708984375,-87.5634765625
7.1922228,-84.7705078125,58.9404296875,-63.2958984375
7.2223927,-83.2568359375,58.9404296875,-44.1552734375
7.2735452,-81.9873046875,59.3310546875,-31.8505859375
7.2943688,-81.4990234375,60.6982421875,-22.7197265625
7.331255,-79.8876953125,60.3564453125,-19.0087890625
7.3517195,-78.3740234375,60.9912109375,-21.0107421875
7.3898031,-76.7138671875,62.1630859375,-28.6767578125
7.410053,-75.5419921875,62.6025390625,-37.7587890625
7.4496102,-75.3955078125,63.9208984375,-41.2744140625
7.4685763,-74.5166015625,63.7744140625,-44.1064453125
7.5086935,-74.6630859375,63.9697265625,-46.4990234375
7.529843,-74.5654296875,64.1650390625,-50.5517578125
7.5739483,-74.3701171875,64.7509765625,-55.6298828125
7.5931628,-74.7607421875,64.7509765625,-60.8056640625
7.6329166,-75.1025390625,64.7509765625,-66.2744140625
7.6532282,-75.4443359375,64.1650390625,-71.2548828125
7.6906005,-76.1767578125,64.0673828125,-75.5029296875
7.7117688,-75.7861328125,64.1650390625,-80.3857421875
7.7503293,-76.9580078125,64.5068359375,-83.7060546875
7.7717143,-77.3974609375,63.5791015625,-87.2705078125
7.8127025,-77.4462890625,64.0185546875,-91.2744140625
7.8327525,-78.0322265625,64.2626953125,-94.3505859375
7.8855174,-78.3251953125,63.7744140625,-97.7197265625
7.9052219,-79.0576171875,64.1162109375,-100.9423828125
7.9187027,-79.5947265625,63.4326171875,-103.4814453125
7.9617193,-80.2783203125,63.3837890625,-105.7275390625
7.9820662,-81.1083984375,63.4814453125,-108.2177734375
8.0205732,-81.4501953125,63.7744140625,-111.5869140625
8.0422641,-81.5966796875,63.3349609375,-114.9072265625
8.0810808,-82.1826171875,63.4326171875,-118.0810546875
8.1026648,-83.1103515625,63.6279296875,-119.3017578125
8.131618,-83.5986328125,64.6044921875,-109.1943359375
8.1748072,-83.7939453125,66.1669921875,-87.3681640625
8.1949396,-83.3544921875,67.6806640625,-62.8564453125
8.2352593,-83.0615234375,67.7783203125,-43.4716796875
8.2559528,-81.4990234375,68.7548828125,-30.3369140625
8.2961348,-80.7666015625,71.0498046875,-22.8662109375
8.317274,-79.1064453125,72.0751953125,-19.0576171875
8.3542642,-77.9833984375,73.1494140625,-20.9130859375
8.3745698,-76.3232421875,73.5400390625,-28.3837890625
8.4144442,-75.0048828125,74.7119140625,-36.8798828125
8.4353322,-74.5166015625,76.1767578125,-41.4208984375
8.4763634,-73.9306640625,76.3720703125,-44.1552734375
8.4956538,-73.6376953125,76.7138671875,-46.9873046875
8.5318823,-73.1982421875,77.2021484375,-50.6982421875
8.5542828,-73.3447265625,77.1533203125,-55.5810546875
8.5952709,-73.2958984375,77.2509765625,-60.9521484375
8.6152205,-73.6865234375,77.1533203125,-67.1533203125
8.6539819,-74.2236328125,76.8115234375,-71.2060546875
8.675288,-74.6630859375,77.7392578125,-77.0166015625
8.7003962,-75.6884765625,77.4951171875,-80.8740234375
8.7332007,-75.8837890625,76.7626953125,-84.2431640625
8.7797199,-76.6650390625,76.8115234375,-87.5634765625
8.8120703,-77.5927734375,77.1044921875,-90.9326171875
8.8243831,-77.8369140625,76.6162109375,-94.3017578125
8.8638982,-78.5693359375,75.9814453125,-98.5986328125
8.8863596,-79.2529296875,75.4443359375,-101.8212890625
8.9335456,-79.7900390625,74.5654296875,-104.5068359375
8.9547867,-79.9365234375,74.9072265625,-106.6064453125
8.9744975,-80.3271484375,73.8818359375,-109.2431640625
9.0294796,-80.3271484375,73.0029296875,-112.0263671875
9.0498559,-80.9130859375,72.8076171875,-114.9560546875
9.0666722,-82.4755859375,72.9541015625,-118.7646484375
9.0935125,-82.3291015625,71.7333984375,-121.5966796875
9.1261811,-83.1591796875,73.3447265625,-119.6923828125
9.1723732,-83.6962890625,73.8818359375,-102.8466796875
9.183375,-83.4521484375,74.7607421875,-77.9931640625
9.2281897,-83.6474609375,76.5185546875,-54.9951171875
9.2491104,-82.8173828125,77.1533203125,-36.5869140625
9.2869388,-81.9873046875,77.9345703125,-24.4775390625
9.3090679,-80.6689453125,79.6435546875,-16.7626953125
9.3464279,-78.8623046875,81.0107421875,-14.5654296875
9.3675442,-76.9580078125,81.8408203125,-17.7392578125
9.4096121,-75.7861328125,82.6708984375,-26.7236328125
9.429564,-74.6142578125,83.9404296875,-35.4150390625
9.4690017,-73.7841796875,83.8916015625,-39.5654296875
9.4894871,-73.7841796875,85.0146484375,-41.7138671875
9.515925,-73.4423828125,85.2099609375,-45.0341796875
9.5615038,-73.2958984375,84.8681640625,-49.1357421875
9.5774374,-72.7099609375,84.7216796875,-53.2373046875
9.6226227,-73.8330078125,85.0146484375,-59.4873046875
9.6390673,-73.6865234375,84.6728515625,-64.4189453125
9.6687499,-73.8818359375,84.2333984375,-70.1806640625
9.7126255,-74.7119140625,83.8916015625,-74.6240234375
9.7266226,-75.0537109375,83.9404296875,-78.1884765625
9.7578486,-75.2978515625,83.1591796875,-82.2412109375
9.7866199,-75.7373046875,82.1826171875,-85.4638671875
9.8319031,-76.2744140625,81.7431640625,-88.7841796875
9.8474398,-76.9091796875,80.2294921875,-92.3974609375
9.8796833,-77.3486328125,79.1064453125,-96.4501953125
9.9227043,-78.6181640625,79.1064453125,-100.3076171875
9.9472885,-78.8134765625,78.2275390625,-103.1884765625
9.9702519,-79.3994140625,77.7392578125,-105.7275390625
9.9987727,-80.0341796875,76.6650390625,-108.2177734375
10.0280802,-80.6689453125,75.9814453125,-111.8310546875
10.0606282,-81.6943359375,74.9560546875,-114.5166015625
10.0895752,-81.6455078125,74.0283203125,-117.3974609375
10.1225059,-82.3779296875,73.0029296875,-120.4736328125
10.1509763,-83.4033203125,73.3935546875,-119.5458984375
10.1796343,-83.9892578125,73.8330078125,-104.9951171875
10.2129735,-84.0380859375,74.0771484375,-80.7275390625
10.2419378,-84.2822265625,74.7119140625,-57.3876953125
10.2696838,-83.7939453125,75.3955078125,-38.6865234375
10.3035785,-82.4755859375,76.0302734375,-25.8935546875
10.3315878,-81.2060546875,77.2998046875,-17.9345703125
10.3591573,-79.9365234375,78.8134765625,-13.0517578125
10.391588,-77.7880859375,79.0576171875,-15.0537109375
10.4217292,-76.6650390625,79.2041015625,-23.8427734375
10.4539005,-76.0791015625,80.1318359375,-31.9970703125
10.482247,-74.7119140625,79.4482421875,-36.0009765625
10.5123741,-75.0048828125,80.2294921875,-38.9794921875
10.5401089,-74.4189453125,79.5947265625,-41.9580078125
10.574156,-73.4423828125,80.5712890625,-46.0107421875
10.6008304,-73.4912109375,80.3271484375,-51.1376953125
10.6356219,-73.4912109375,80.2783203125,-56.8505859375
10.6624829,-74.5654296875,79.1552734375,-62.0263671875
10.6923472,-74.3701171875,78.8134765625,-67.8857421875
10.7245011,-75.0048828125,77.6904296875,-73.1591796875
10.7534455,-75.6884765625,76.6162109375,-77.1630859375
10.7817081,-75.9814453125,76.7138671875,-80.6298828125
10.8152423,-76.8603515625,76.1767578125,-83.4619140625
10.843585,-76.9091796875,75.2978515625,-88.0517578125
10.876433,-78.1787109375,74.6630859375,-90.3466796875
10.9048208,-78.9599609375,75.4443359375,-94.1552734375
10.9325691,-78.9111328125,73.6376953125,-97.5244140625
10.9660628,-79.6923828125,73.1982421875,-100.3076171875
10.9957005,-80.5712890625,72.5146484375,-102.5048828125
11.0246056,-80.5224609375,72.8564453125,-104.5068359375
11.055979,-81.2548828125,71.9287109375,-108.5107421875
11.0837741,-81.6455078125,72.2216796875,-111.4404296875
11.113418,-83.1591796875,71.4404296875,-114.8583984375
11.1461875,-83.7451171875,71.2939453125,-118.1298828125
11.1748174,-83.4521484375,72.3681640625,-113.8330078125
11.2060269,-84.5751953125,72.8564453125,-95.1806640625
11.2354756,-84.5751953125,73.5888671875,-70.9619140625
11.2656137,-84.9169921875,74.1259765625,-49.5263671875
11.2979702,-84.3310546875,74.9072265625,-34.7802734375
11.3263654,-82.6220703125,75.7861328125,-24.4775390625
11.3552423,-82.0361328125,76.4697265625,-20.0341796875
11.3881741,-80.9619140625,76.9091796875,-18.7646484375
11.4165933,-79.4970703125,77.2509765625,-25.2587890625
11.4498432,-77.5927734375,78.0322265625,-33.5107421875
11.4968908,-76.1279296875,78.3740234375,-39.5654296875
11.517033,-76.2744140625,78.9599609375,-43.3251953125
11.5353799,-75.8349609375,78.8623046875,-46.6943359375
11.5856443,-75.5419921875,78.5693359375,-50.3564453125
11.6073416,-74.9072265625,78.1298828125,-54.8974609375
11.6477042,-75.2001953125,78.8623046875,-59.5361328125
11.6693438,-75.5908203125,77.9345703125,-65.3955078125
11.6871816,-76.1767578125,77.1533203125,-70.6201171875
11.7198406,-76.6162109375,77.1044921875,-75.6005859375
11.7657865,-76.8115234375,76.4697265625,-79.7998046875
11.7859238,-76.7626953125,75.9814453125,-83.9990234375
11.8260723,-77.7880859375,75.1025390625,-87.1240234375
11.8484147,-78.2275390625,74.2724609375,-90.7861328125
11.884225,-78.7646484375,73.1982421875,-94.5947265625
11.9041848,-79.3994140625,73.1494140625,-97.8173828125
11.9425725,-79.9853515625,72.0751953125,-101.5771484375
11.9627073,-80.2783203125,72.1240234375,-104.5556640625
12.003816,-81.7431640625,71.5380859375,-107.2900390625
12.0254487,-81.4501953125,70.0732421875,-109.9267578125
12.0675515,-83.1103515625,69.2431640625,-112.2705078125
12.0870072,-82.8173828125,68.5107421875,-115.0537109375
12.1090488,-83.5498046875,67.2900390625,-118.0322265625
12.1429909,-84.5263671875,66.6552734375,-121.6943359375
12.1891301,-84.9658203125,66.8017578125,-124.5263671875
12.2094089,-85.2587890625,68.0224609375,-117.2509765625
12.2473893,-85.7470703125,68.1201171875,-96.1083984375
12.2665717,-86.2841796875,68.4130859375,-72.1826171875
12.3142406,-86.0400390625,68.3154296875,-51.4306640625
12.3343691,-85.5029296875,68.6083984375,-36.1962890625
12.3513968,-85.0634765625,69.4384765625,-26.0888671875
12.3824348,-83.5986328125,70.0244140625,-20.5712890625
12.4314693,-81.7919921875,70.1708984375,-19.5458984375
12.4518019,-79.8876953125,70.8544921875,-25.7958984375
12.4892758,-78.9111328125,71.2451171875,-34.1943359375
12.5095945,-77.9833984375,70.8544921875,-41.6162109375
12.5296433,-76.8603515625,71.2451171875,-44.3505859375
12.5648306,-76.7626953125,72.7587890625,-46.9384765625
12.5928044,-76.4697265625,71.3916015625,-51.1865234375
12.6359666,-76.1279296875,71.0498046875,-54.3603515625
12.6580272,-75.9326171875,71.7333984375,-59.5849609375
12.6996543,-76.2744140625,71.2451171875,-65.0537109375
12.7212855,-76.6650390625,71.0498046875,-69.8876953125
12.7578497,-77.0068359375,70.0732421875,-75.5029296875
12.7798413,-76.9091796875,69.3408203125,-79.8974609375
12.8224448,-77.8369140625,69.5849609375,-83.7060546875
12.8424732,-77.9833984375,68.2177734375,-87.1728515625
12.8818521,-78.4228515625,68.0224609375,-90.6396484375
12.894389,-78.5693359375,66.8994140625,-93.9599609375
12.9533195,-79.2529296875,66.3134765625,-98.1103515625
12.9738224,-79.3505859375,65.6787109375,-101.7236328125
12.986547,-80.7177734375,64.6044921875,-104.4091796875
13.0286194,-80.5712890625,63.0419921875,-108.0712890625
13.0487083,-81.4990234375,63.0419921875,-109.0966796875
13.0911025,-81.9384765625,61.4306640625,-111.9775390625
13.1113104,-82.8662109375,61.1865234375,-114.7119140625
13.1537563,-83.1103515625,60.0146484375,-117.8857421875
13.1739564,-84.2822265625,59.5751953125,-120.8154296875
13.2095522,-84.1357421875,58.6474609375,-123.4033203125
13.2309532,-85.1611328125,59.1357421875,-119.8876953125
13.2728956,-85.6005859375,59.1845703125,-101.4306640625
13.2935576,-85.8935546875,59.6240234375,-76.5283203125
13.3341054,-85.6005859375,59.4287109375,-55.1904296875
13.3574609,-85.8935546875,59.7705078125,-38.6865234375
13.3938911,-84.3310546875,59.9658203125,-27.4072265625
13.4164609,-83.1103515625,60.4541015625,-21.0107421875
13.4526043,-83.0126953125,60.3076171875,-18.5205078125
13.4716344,-80.1806640625,60.5517578125,-21.9873046875
13.5108587,-79.2041015625,60.1123046875,-30.7763671875
13.5310278,-77.7392578125,60.4541015625,-37.3681640625
13.5773588,-76.6650390625,60.8935546875,-41.5673828125
13.5974514,-76.0302734375,61.6259765625,-43.7646484375
13.6207903,-75.9326171875,60.6005859375,-47.1337890625
13.6627727,-75.1513671875,60.5517578125,-51.0400390625
13.682941,-74.8583984375,60.7470703125,-56.4599609375
13.7304427,-74.6630859375,60.6494140625,-61.3916015625
13.750715,-74.7607421875,60.1123046875,-66.6162109375
13.7895328,-75.4931640625,60.4052734375,-70.8642578125
13.8000152,-75.2978515625,59.8193359375,-75.8447265625
13.8431264,-75.5419921875,59.4287109375,-79.3603515625
13.8632448,-76.6650390625,59.5263671875,-83.2177734375
13.908186,-76.9580078125,59.0869140625,-86.7822265625
13.9282912,-77.1533203125,58.5498046875,-90.4443359375
13.9685797,-77.9833984375,58.5498046875,-93.6669921875
13.9878031,-78.6669921875,57.4267578125,-98.1591796875
14.025062,-78.8623046875,57.7197265625,-100.6982421875
14.0460807,-79.7412109375,57.8173828125,-103.5791015625
14.0853806,-80.5712890625,57.2314453125,-106.6552734375
14.1061795,-80.8642578125,56.7431640625,-107.8759765625
14.1471823,-81.5478515625,56.9873046875,-111.3916015625
14.1672553,-81.2060546875,55.9130859375,-113.5400390625
14.2079871,-82.2802734375,55.7177734375,-117.5439453125
14.2284313,-82.6708984375,55.2294921875,-120.1318359375
14.2516678,-83.2568359375,56.1083984375,-117.9833984375
14.2831914,-83.1591796875,56.5966796875,-99.9169921875
14.3284388,-84.5263671875,56.3525390625,-75.6982421875
14.3484399,-85.2587890625,57.7685546875,-54.3115234375
14.4000521,-84.3798828125,57.9150390625,-39.0283203125
14.4204949,-83.7451171875,58.6962890625,-29.0185546875
14.437994,-82.0849609375,58.6962890625,-23.1591796875
14.4813204,-80.7666015625,59.7705078125,-21.0107421875
14.491984,-79.1064453125,59.6240234375,-26.2841796875
14.538517,-77.2509765625,60.7470703125,-35.8056640625
14.5589031,-75.9814453125,61.7724609375,-43.6669921875
14.6036008,-75.7373046875,60.7470703125,-46.8896484375
14.624016,-75.4931640625,60.8447265625,-48.6962890625
14.6451004,-75.3955078125,61.5771484375,-51.8212890625
14.6971123,-74.8583984375,62.3095703125,-56.5576171875
14.7183154,-74.1259765625,62.4560546875,-61.0009765625
14.7357604,-73.5400390625,62.5048828125,-66.3720703125
14.7676282,-74.0771484375,62.0654296875,-70.7177734375
14.8191137,-74.1748046875,61.3818359375,-76.0888671875
14.8232974,-74.3701171875,61.0400390625,-80.8740234375
14.8586308,-74.9560546875,60.5517578125,-85.1708984375
14.8864501,-75.2490234375,60.6005859375,-88.1982421875
14.9288658,-76.0791015625,60.6494140625,-91.0791015625
14.9498083,-77.1044921875,60.8447265625,-94.5947265625
14.9886818,-77.9833984375,60.4052734375,-97.5732421875
15.0089455,-78.2763671875,59.9169921875,-100.8935546875
15.0383744,-78.6181640625,59.6240234375,-104.7021484375
15.0674878,-79.0087890625,58.8916015625,-107.3876953125
15.0966358,-79.5947265625,58.5986328125,-110.1708984375
15.1268455,-79.7412109375,58.2568359375,-111.4892578125
15.1715376,-80.6689453125,58.1591796875,-114.1259765625
15.1893363,-80.8642578125,57.9150390625,-117.2021484375
15.2180992,-81.4990234375,56.9873046875,-120.5712890625
15.2469925,-82.4267578125,56.2060546875,-123.1103515625
15.2792922,-82.3779296875,56.8408203125,-125.4052734375
15.3087329,-83.4033203125,58.1103515625,-115.7373046875
15.33835,-83.1591796875,58.0126953125,-93.4716796875
15.3706782,-84.3798828125,58.8916015625,-68.2763671875
15.3983463,-84.4287109375,58.9892578125,-48.8427734375
15.43091,-84.2822265625,59.5751953125,-34.3896484375
15.4597312,-82.9150390625,60.5029296875,-25.2587890625
15.4874122,-82.0849609375,61.9189453125,-19.7900390625
15.5172564,-80.9619140625,63.1396484375,-19.6923828125
15.5496654,-79.1552734375,63.8232421875,-25.8935546875
15.5795842,-77.2998046875,65.1416015625,-35.0732421875
15.6121396,-75.8349609375,65.4345703125,-41.5673828125
15.6400567,-74.6142578125,65.5810546875,-44.6435546875
15.668422,-73.3447265625,66.0693359375,-46.4990234375
15.7020563,-72.9541015625,66.5576171875,-50.0146484375
15.7289805,-73.1494140625,67.4853515625,-54.9462890625
15.7625965,-72.3681640625,67.8271484375,-60.5615234375
15.7911366,-72.8076171875,67.6806640625,-65.5908203125
15.8205362,-73.2958984375,68.7548828125,-70.5712890625
15.8539345,-73.5400390625,67.7294921875,-75.9423828125
15.8831394,-73.5888671875,67.8759765625,-79.5556640625
15.9093986,-73.9794921875,67.8271484375,-83.4619140625
15.9452198,-74.8583984375,66.9970703125,-86.9775390625
15.973236,-75.8349609375,66.9482421875,-90.5419921875
16.0055272,-76.0791015625,66.7041015625,-94.1552734375
16.0332801,-76.6650390625,66.0205078125,-97.2314453125
16.062052,-76.9091796875,65.5810546875,-100.8447265625
16.0900935,-77.5439453125,65.2880859375,-104.5068359375
16.1231938,-78.3251953125,65.1416015625,-107.0458984375
16.1524052,-79.2529296875,64.6044921875,-109.8291015625
16.1835109,-80.1318359375,64.7998046875,-111.6357421875
16.2148655,-80.4248046875,63.2861328125,-114.0283203125
16.2424273,-80.6201171875,63.0908203125,-117.0068359375
16.2748333,-81.9384765625,62.2119140625,-120.1806640625
16.3046255,-82.7197265625,61.7724609375,-123.2568359375
16.3328565,-82.6708984375,62.7490234375,-123.8427734375
16.366687,-83.5498046875,63.2861328125,-111.5869140625
16.3925434,-83.7939453125,63.6767578125,-88.1982421875
16.4455636,-84.4287109375,64.4580078125,-65.2001953125
16.4545113,-84.7216796875,65.6298828125,-46.2060546875
16.5011601,-84.3310546875,66.4111328125,-33.9990234375
16.5226266,-83.4033203125,67.3388671875,-25.2099609375
16.5452772,-81.9384765625,68.3154296875,-22.1826171875
16.5735294,-80.9130859375,69.2919921875,-22.7197265625
16.6056324,-78.6669921875,70.1708984375,-30.6298828125
16.6352957,-77.8857421875,70.6591796875,-39.0771484375
16.663142,-76.4208984375,72.1240234375,-44.2529296875
16.6964256,-75.8837890625,72.3193359375,-46.0107421875
16.7446487,-75.4443359375,73.3935546875,-48.8427734375
16.7674697,-74.9072265625,74.1259765625,-52.6025390625
16.8056828,-74.9072265625,75.1025390625,-56.6552734375
16.8303905,-74.2724609375,74.6142578125,-62.3681640625
16.8497495,-74.3701171875,74.9560546875,-67.7392578125
16.8945522,-74.6142578125,74.4189453125,-72.1337890625
16.9158389,-75.1025390625,74.3212890625,-76.9189453125
16.9378618,-75.1513671875,74.2724609375,-80.1904296875
16.9668853,-76.1767578125,74.9072265625,-84.0966796875
17.0156922,-76.2744140625,73.9306640625,-87.3193359375
17.0481274,-77.5927734375,74.3701171875,-90.1025390625
17.0562398,-78.8623046875,73.5400390625,-94.2041015625
17.1022052,-78.2763671875,73.8818359375,-97.2314453125
17.1226719,-78.9599609375,74.0771484375,-100.8935546875
17.1639557,-79.3994140625,73.9306640625,-104.7509765625
17.1834009,-80.4248046875,73.7353515625,-106.4111328125
17.2253373,-80.8642578125,73.5888671875,-108.9501953125
17.2454781,-81.0107421875,73.1005859375,-110.6103515625
17.2840345,-81.8896484375,72.5634765625,-113.1005859375
17.3055618,-82.5244140625,72.4658203125,-117.2021484375
17.3264713,-83.1103515625,72.6123046875,-120.0830078125
17.3593571,-83.5009765625,72.2216796875,-122.9638671875
17.4062665,-84.3798828125,72.3193359375,-121.4990234375
17.4276873,-84.6240234375,73.7353515625,-104.5556640625
17.4677388,-85.2099609375,74.7607421875,-80.5810546875
17.4894746,-85.6494140625,75.6396484375,-58.9013671875
17.5250263,-85.9912109375,76.5673828125,-43.0322265625
17.5451949,-84.9169921875,77.7880859375,-32.9248046875
17.5900066,-84.4775390625,78.8134765625,-26.2353515625
17.6100947,-82.9638671875,79.9365234375,-24.3310546875
17.6430838,-81.5966796875,80.4736328125,-28.1396484375
17.6631595,-80.3271484375,80.4248046875,-37.4658203125
17.7166206,-78.4228515625,81.6455078125,-44.6435546875
17.7372255,-77.7880859375,82.8662109375,-47.7197265625
17.7523455,-76.2744140625,82.8662109375,-50.0634765625
17.7979234,-76.1767578125,83.4521484375,-52.6025390625
17.8260903,-76.1279296875,82.7197265625,-56.8994140625
17.8435058,-74.9072265625,83.4033203125,-61.5380859375
17.8713027,-75.4931640625,83.0615234375,-66.3720703125
17.8989372,-75.3955078125,82.0361328125,-71.5966796875
17.9472493,-75.8349609375,82.4267578125,-76.1865234375
17.9685588,-75.5419921875,82.5732421875,-80.3857421875
18.0100166,-75.4443359375,81.9873046875,-84.3408203125
18.0303768,-76.1767578125,81.9384765625,-88.0517578125
18.0532942,-77.8369140625,81.3525390625,-91.6162109375
18.0789279,-77.1533203125,80.1806640625,-94.9853515625
18.1276321,-77.9345703125,79.6435546875,-98.1591796875
18.147966,-78.2275390625,79.1064453125,-101.3330078125
18.1876076,-78.9599609375,78.5693359375,-104.8486328125
18.2065061,-80.2294921875,77.9345703125,-108.1689453125
18.2507646,-80.6689453125,77.6416015625,-111.0498046875
18.2807438,-80.5224609375,76.4697265625,-113.0029296875
18.2942425,-81.9384765625,76.6162109375,-115.2001953125
18.3406095,-82.1337890625,75.2001953125,-117.2998046875
18.3604384,-82.1826171875,74.9560546875,-120.3759765625
18.4022389,-83.4033203125,74.4189453125,-122.6708984375
18.4224626,-83.6474609375,74.3701171875,-125.5029296875
18.4592787,-84.3310546875,74.5654296875,-122.8662109375
18.4814968,-84.3310546875,75.3466796875,-106.8994140625
18.5025035,-85.1123046875,75.7861328125,-81.7041015625
18.5352037,-85.7470703125,76.1767578125,-59.4873046875
18.583186,-86.1865234375,77.6416015625,-42.9833984375
18.6033772,-85.3076171875,77.8369140625,-31.2158203125
18.6494146,-84.4775390625,79.3505859375,-24.4287109375
18.6696909,-83.1103515625,79.4482421875,-20.8154296875
18.6887342,-81.8408203125,80.1806640625,-23.4033203125
18.714913,-80.0341796875,80.8154296875,-31.7041015625
18.7502057,-78.6669921875,82.2802734375,-40.2490234375
18.7777943,-77.5439453125,82.5244140625,-44.2041015625
18.806456,-76.3720703125,81.6943359375,-46.6943359375
18.8383258,-75.5908203125,82.2802734375,-49.6728515625
18.900162,-75.1513671875,82.8662109375,-52.9931640625
18.9010866,-74.6142578125,82.2802734375,-57.9248046875
18.9319937,-74.3701171875,82.7197265625,-62.7099609375
18.9763223,-73.9794921875,81.4501953125,-68.5205078125
19.0083218,-74.4189453125,81.1572265625,-72.9150390625
19.0185091,-75.0537109375,80.8642578125,-77.5537109375
19.0468046,-74.9560546875,79.2529296875,-80.8251953125
19.0761703,-75.4443359375,79.2529296875,-84.8291015625
19.1350234,-75.9326171875,78.0322265625,-87.9052734375
19.1661668,-75.5908203125,78.2275390625,-91.5185546875
19.1702746,-76.7138671875,76.9580078125,-94.7900390625
19.1997005,-77.3974609375,75.8349609375,-97.9638671875
19.2445175,-77.1044921875,75.1025390625,-101.5771484375
19.2658729,-77.8857421875,73.9306640625,-104.7998046875
19.3070781,-78.5205078125,72.4169921875,-106.8505859375
19.327382,-78.7646484375,72.3193359375,-109.2919921875
19.3640077,-79.6923828125,70.6103515625,-111.0009765625
19.3838699,-80.1318359375,70.0732421875,-113.3447265625
19.4290662,-80.4736328125,68.9013671875,-116.9091796875
19.4405177,-81.5966796875,67.8759765625,-120.1318359375
19.4871109,-81.7919921875,67.4365234375,-122.7197265625
19.5071923,-82.0361328125,68.1689453125,-117.7392578125
19.5327707,-82.8173828125,68.9013671875,-97.7685546875
19.5589311,-82.7685546875,68.8525390625,-73.8916015625
19.5936863,-83.2080078125,70.0732421875,-54.0185546875
19.6210205,-83.5009765625,70.8544921875,-39.1259765625
19.650942,-82.9638671875,71.0986328125,-29.3603515625
19.6990213,-81.4990234375,71.5380859375,-24.4287109375
19.7182946,-81.4990234375,71.5380859375,-22.0361328125
19.773423,-79.7900390625,72.3193359375,-27.4072265625
19.7739063,-78.3740234375,72.6611328125,-36.3427734375
19.8174527,-76.6650390625,72.9541015625,-43.7158203125
19.8342051,-75.7861328125,73.2470703125,-46.9384765625
19.8640682,-74.6142578125,73.2958984375,-48.7451171875
19.9100498,-73.7841796875,74.3701171875,-51.4794921875
19.925727,-73.8330078125,73.4423828125,-56.1669921875
19.9531559,-73.1494140625,74.3701171875,-60.4638671875
19.980913,-73.3935546875,73.6376953125,-65.7373046875
20.0143069,-73.1005859375,73.7353515625,-70.3271484375
20.0434407,-73.4912109375,73.2470703125,-74.7705078125
20.1018168,-74.0283203125,72.9052734375,-78.5302734375
20.1027631,-73.9306640625,72.8564453125,-82.6318359375
20.1506805,-74.2236328125,71.9287109375,-85.0732421875
20.1648523,-74.4189453125,70.4638671875,-89.0771484375
20.1958742,-75.2001953125,70.8544921875,-91.5673828125
20.2241474,-75.2490234375,70.6103515625,-95.6201171875
20.2572735,-75.7373046875,70.0244140625,-98.5986328125
20.2861479,-76.0302734375,69.9267578125,-101.5771484375
20.3179876,-77.1044921875,69.5849609375,-104.4580078125
20.3451765,-77.8369140625,69.2431640625,-106.8017578125
20.3761831,-77.6416015625,67.6806640625,-109.3896484375
20.4090962,-78.9111328125,67.3876953125,-111.7822265625
20.4385232,-79.8876953125,67.1923828125,-115.2490234375
20.464768,-80.1318359375,65.6787109375,-118.5205078125
20.4974201,-80.9619140625,66.9970703125,-120.2294921875
20.5283557,-81.1083984375,67.4365234375,-112.9541015625
20.5590664,-81.4013671875,67.8759765625,-91.3232421875
20.5877597,-81.3525390625,68.3154296875,-67.2998046875
20.6172027,-81.9873046875,67.8759765625,-48.4521484375
20.6457401,-82.4267578125,68.4619140625,-35.4150390625
20.6785684,-81.5966796875,69.0966796875,-26.5771484375
20.7085576,-80.6689453125,70.0732421875,-22.9638671875
20.7397313,-80.0830078125,69.8291015625,-22.5732421875
20.7694,-78.5205078125,69.9267578125,-28.6279296875
20.7972279,-77.2021484375,70.6591796875,-37.6611328125
20.825741,-75.3466796875,70.0732421875,-43.1787109375
20.8590393,-74.0283203125,71.0498046875,-45.5224609375
20.8914538,-72.8564453125,71.3916015625,-47.5244140625
20.9188421,-72.3193359375,71.8798828125,-51.1865234375
20.9477896,-71.9287109375,71.6845703125,-55.3857421875
20.9782728,-70.9033203125,71.4892578125,-60.5615234375
21.0117402,-71.2451171875,71.0986328125,-65.5419921875
21.039429,-71.3916015625,70.3173828125,-69.9365234375
21.072254,-71.7822265625,70.8056640625,-75.0146484375
21.0997155,-71.8310546875,70.4638671875,-78.5302734375
21.1298253,-71.6357421875,68.9501953125,-83.0712890625
21.1616164,-72.4658203125,69.3408203125,-85.7080078125
21.1902233,-72.3193359375,68.3642578125,-88.9794921875
21.2200948,-73.5400390625,67.9736328125,-92.1044921875
21.2522302,-73.4912109375,67.2900390625,-94.3017578125
21.2806675,-73.7353515625,66.6552734375,-97.5244140625
21.3140195,-74.7119140625,66.5087890625,-101.6259765625
21.3419387,-74.7119140625,64.9951171875,-103.5791015625
21.370266,-75.9814453125,64.5068359375,-105.9228515625
21.4024927,-76.1767578125,64.0673828125,-108.1201171875
21.4649668,-76.7138671875,63.7744140625,-110.4150390625
21.4658928,-77.5439453125,62.6025390625,-113.4912109375
21.4933401,-78.2763671875,62.0166015625,-116.9091796875
21.5218783,-78.0322265625,62.0166015625,-120.2783203125
21.5505452,-78.7158203125,62.0166015625,-118.1787109375
21.5829573,-79.8876953125,62.0654296875,-101.0400390625
21.6146859,-79.6435546875,62.8466796875,-76.4306640625
21.6430417,-80.2783203125,62.6025390625,-54.5556640625
21.6733016,-80.5712890625,63.4814453125,-38.1005859375
21.7023545,-81.1083984375,63.1884765625,-25.7958984375
21.735463,-79.8876953125,64.1162109375,-17.9833984375
21.791584,-79.3505859375,64.2138671875,-14.8095703125
21.7925502,-77.9833984375,64.2138671875,-16.2255859375
21.8211814,-75.9326171875,64.6044921875,-25.7470703125
21.8705508,-74.8583984375,64.9951171875,-33.2177734375
21.8897902,-72.8076171875,64.8486328125,-38.0517578125
21.9305062,-71.8310546875,65.3857421875,-40.4443359375
21.9506217,-70.5126953125,64.9462890625,-42.2509765625
21.9719829,-70.8544921875,65.0439453125,-46.7431640625
22.0056562,-70.2197265625,64.6533203125,-50.8447265625
22.0527025,-70.1708984375,63.9208984375,-56.3623046875
22.0719644,-69.8779296875,64.1162109375,-61.5380859375
22.1129951,-70.0244140625,63.2373046875,-66.1279296875
22.1341874,-70.1708984375,62.3095703125,-70.2294921875
22.1581056,-70.2685546875,62.5537109375,-74.1357421875
22.213065,-70.8056640625,62.9443359375,-77.4072265625
22.2140593,-71.5869140625,61.6259765625,-81.2158203125
22.2462475,-72.0263671875,61.2841796875,-84.6826171875
22.2758643,-72.6611328125,60.6005859375,-87.8076171875
22.3069541,-72.5146484375,60.0146484375,-90.6396484375
22.336724,-73.3447265625,59.2822265625,-94.2041015625
22.3658971,-73.9794921875,58.4033203125,-96.6943359375
22.3951674,-74.7119140625,58.5009765625,-99.2333984375
22.4279287,-75.2001953125,57.2314453125,-101.2841796875
22.4718755,-75.9326171875,56.5478515625,-103.1396484375
22.4937263,-76.4208984375,55.6201171875,-106.6064453125
22.5476687,-76.8115234375,54.8876953125,-109.7802734375
22.5485944,-77.2998046875,54.5458984375,-112.9541015625
22.5792062,-77.5927734375,54.8876953125,-114.0771484375
22.6270748,-78.1787109375,55.7177734375,-102.3583984375
22.6547835,-79.6923828125,56.0107421875,-79.7998046875
22.6688298,-80.1806640625,56.4990234375,-55.8251953125
22.7145837,-80.6201171875,56.3037109375,-38.2958984375
22.734688,-80.5712890625,58.1591796875,-26.2353515625
22.7769537,-80.6201171875,58.6474609375,-18.5205078125
22.7976076,-79.2529296875,59.6240234375,-14.3212890625
22.8365928,-78.1787109375,59.5751953125,-14.9072265625
22.8576743,-77.1044921875,60.5029296875,-22.6708984375
22.8795589,-76.1279296875,61.3818359375,-31.8994140625
22.91076,-73.8818359375,62.2119140625,-36.4892578125
22.9575568,-73.2958984375,63.4326171875,-38.6865234375
22.9766826,-72.2705078125,63.1884765625,-41.2744140625
23.0015587,-71.9775390625,64.0185546875,-44.9853515625
23.0272715,-71.6845703125,64.7509765625,-49.5751953125
23.0621901,-70.5615234375,64.9462890625,-54.3603515625
23.1099951,-71.3427734375,64.7509765625,-59.2431640625
23.1396323,-70.8056640625,64.7509765625,-64.2236328125
23.1506064,-70.7568359375,64.4091796875,-68.6181640625
23.1990056,-71.1474609375,64.4091796875,-72.6708984375
23.2192926,-71.4892578125,63.6279296875,-76.0400390625
23.2424758,-71.8310546875,64.1650390625,-79.0185546875
23.2709636,-71.9775390625,63.8232421875,-82.2412109375
23.3189295,-72.5146484375,63.6767578125,-85.9521484375
23.3350469,-72.8076171875,62.9931640625,-89.3701171875
23.3608352,-73.2470703125,62.1142578125,-92.7880859375
23.3918999,-73.9794921875,62.7001953125,-95.6689453125
23.4397896,-74.4677734375,62.8466796875,-98.2080078125
23.4616138,-75.8349609375,61.3330078125,-100.3564453125
23.4995658,-76.3232421875,61.8701171875,-102.8955078125
23.5220115,-76.7626953125,61.3818359375,-105.7763671875
23.5405884,-77.7392578125,60.5029296875,-108.6083984375
23.589838,-78.0810546875,59.7705078125,-111.6845703125
23.6029692,-78.8134765625,61.0888671875,-112.1728515625
23.6338172,-78.9599609375,62.4560546875,-98.2568359375
23.6650428,-79.3994140625,62.7978515625,-74.9658203125
23.6928534,-79.5458984375,63.5791015625,-52.2119140625
23.7281064,-80.9619140625,64.0673828125,-34.8779296875
23.7713978,-81.4990234375,64.5556640625,-23.4521484375
23.7914613,-81.4501953125,66.6552734375,-15.7373046875
23.8307639,-80.6201171875,66.6064453125,-11.9287109375
23.850858,-79.4482421875,67.1435546875,-13.9306640625
23.8723775,-78.4228515625,68.7548828125,-21.2060546875
23.9240638,-77.0068359375,69.1943359375,-29.8974609375
23.9441068,-75.3955078125,69.6826171875,-34.3896484375
23.9645087,-73.8818359375,70.3173828125,-36.4892578125
23.9958594,-73.3447265625,70.6591796875,-38.9794921875
24.0413469,-72.2705078125,70.9033203125,-43.0810546875
24.0605531,-71.6845703125,71.0986328125,-47.0849609375
24.1017601,-71.6357421875,71.8310546875,-52.5048828125
24.1227331,-71.0498046875,72.9052734375,-57.1435546875
24.1638997,-72.1728515625,72.1728515625,-62.2705078125
24.1853344,-72.1728515625,71.4892578125,-66.2744140625
24.2100448,-72.2216796875,72.7099609375,-70.2294921875
24.2545017,-73.0029296875,72.2216796875,-73.9892578125
24.2756645,-72.5146484375,71.6357421875,-77.7978515625
24.2946555,-73.2470703125,71.5869140625,-80.7763671875
24.3276924,-73.8818359375,70.6591796875,-83.4130859375
24.373764,-74.1259765625,70.9521484375,-87.1728515625
24.3942291,-75.1513671875,70.8544921875,-90.5908203125
24.4186888,-75.4443359375,69.8291015625,-93.4716796875
24.4506115,-76.0791015625,70.5126953125,-95.4736328125
24.479738,-76.5673828125,69.9755859375,-98.0126953125
24.5255719,-76.5185546875,69.2431640625,-100.6005859375
24.5471814,-76.5673828125,69.0478515625,-103.4814453125
24.5843492,-76.9091796875,68.7548828125,-106.9970703125
24.6036407,-77.0068359375,68.0224609375,-110.4150390625
24.6491521,-77.2509765625,68.9990234375,-107.8271484375
24.6594088,-77.9833984375,70.5126953125,-91.2255859375
24.705,-78.9111328125,70.8544921875,-66.7626953125
24.7261642,-79.4970703125,71.0498046875,-45.3271484375
24.7665674,-79.9853515625,72.2705078125,-28.4326171875
24.7856859,-80.3759765625,74.0771484375,-16.7626953125
24.8292436,-79.7412109375,73.7841796875,-10.7080078125
24.8414295,-79.4970703125,75.0537109375,-7.9248046875
24.8704465,-78.3740234375,75.7861328125,-11.5869140625
24.9018761,-77.2998046875,76.9091796875,-20.9130859375
24.9314401,-76.0302734375,76.5673828125,-28.3837890625
24.9641518,-74.5654296875,76.8115234375,-31.8017578125
24.9920239,-73.2958984375,77.7392578125,-34.1455078125
25.0401195,-72.2705078125,77.2021484375,-36.8798828125
25.0510908,-71.1962890625,77.9833984375,-40.5908203125
25.0821934,-71.2451171875,78.2275390625,-45.6201171875
25.1109721,-70.6591796875,77.5439453125,-50.0146484375
25.1653021,-70.2197265625,77.5439453125,-55.4833984375
25.1715489,-69.9755859375,77.1044921875,-60.7080078125
25.2015518,-70.0732421875,76.5185546875,-63.9794921875
25.2574645,-70.5126953125,76.2744140625,-68.2763671875
25.260426,-70.7568359375,75.9814453125,-71.9384765625
25.2912025,-70.7568359375,74.9560546875,-75.0634765625
25.3238213,-71.2451171875,74.9072265625,-77.6025390625
25.3697832,-71.7822265625,74.1259765625,-81.1181640625
25.3860555,-72.6123046875,73.1494140625,-84.1943359375
25.4146516,-73.3935546875,73.4912109375,-87.0263671875
25.4438999,-73.9794921875,72.6611328125,-89.8583984375
25.4747317,-73.8818359375,71.6845703125,-92.8369140625
25.5035393,-74.4189453125,71.3916015625,-94.7900390625
25.5331456,-74.8095703125,70.2685546875,-97.4755859375
25.5642124,-76.0302734375,69.5361328125,-101.4306640625
25.5933211,-76.1767578125,69.5849609375,-103.7744140625
25.6268362,-76.5185546875,69.0478515625,-104.9951171875
25.6545022,-77.0068359375,70.4150390625,-93.0322265625
25.684445,-77.4462890625,70.8544921875,-70.5712890625
25.7132347,-78.2275390625,71.5380859375,-47.5244140625
25.7448177,-78.8134765625,72.7099609375,-29.9951171875
25.7741782,-79.0087890625,73.2958984375,-18.5693359375
25.8082234,-79.3505859375,74.5166015625,-11.0009765625
25.8366319,-78.7158203125,75.9326171875,-7.5830078125
25.8640127,-78.0810546875,76.2744140625,-8.8525390625
25.8982034,-76.5185546875,77.2998046875,-16.2255859375
25.9246505,-76.0302734375,78.8134765625,-24.8681640625
25.9595964,-73.8330078125,79.9365234375,-29.1650390625
25.98731,-72.2705078125,80.4736328125,-30.8740234375
26.0150477,-71.3916015625,80.6201171875,-33.3642578125
26.0434256,-70.3662109375,81.8408203125,-37.1728515625
26.0780612,-70.1708984375,82.0361328125,-42.0068359375
26.105745,-70.1708984375,82.5732421875,-46.2548828125
26.1382062,-69.5361328125,81.5966796875,-51.7724609375
26.1661262,-69.2919921875,82.6708984375,-55.8740234375
26.1982197,-68.9501953125,82.0361328125,-60.0244140625
26.2282728,-69.0966796875,82.0361328125,-63.5400390625
26.2570381,-69.5361328125,82.3291015625,-67.5439453125
26.2896947,-69.4384765625,82.2314453125,-70.3759765625
26.31933,-70.4150390625,81.3037109375,-73.3056640625
26.3481358,-70.7568359375,80.9130859375,-77.0166015625
26.3820243,-71.6357421875,79.8876953125,-79.3115234375
26.4095551,-71.9775390625,80.2783203125,-82.7294921875
26.4370321,-71.7822265625,80.0830078125,-84.4384765625
26.4685674,-71.5380859375,78.5693359375,-86.8798828125
26.4996384,-71.6845703125,79.0576171875,-90.4443359375
26.5328954,-72.1240234375,77.3486328125,-94.3505859375
26.5615411,-72.6611328125,76.8115234375,-97.7685546875
26.5891239,-73.9306640625,76.7626953125,-101.0400390625
26.6177915,-74.3212890625,78.2275390625,-98.0126953125
26.6516271,-75.0537109375,78.7646484375,-80.6298828125
26.6791793,-75.1025390625,78.8134765625,-57.0458984375
26.7123345,-75.8349609375,80.1318359375,-35.5126953125
26.7695428,-76.6162109375,80.7666015625,-20.8154296875
26.7705415,-76.8603515625,81.4990234375,-11.3916015625
26.8025754,-76.7138671875,82.2314453125,-5.7275390625
26.8320824,-75.6884765625,83.2568359375,-4.5068359375
26.8587807,-75.4931640625,82.8173828125,-9.7802734375
26.8918471,-73.6865234375,83.2080078125,-18.6669921875
26.9206559,-72.2216796875,83.9892578125,-24.7216796875
26.9506448,-70.7568359375,84.5751953125,-27.7490234375
26.9818374,-70.1708984375,84.6240234375,-29.8974609375
27.0116326,-68.4619140625,85.3564453125,-32.3876953125
27.0625621,-67.4365234375,84.5751953125,-36.1962890625
27.0945773,-67.9736328125,85.0146484375,-41.5185546875
27.1005537,-67.1435546875,84.4287109375,-46.1572265625
27.1343303,-66.9970703125,84.3798828125,-51.2353515625
27.1623526,-66.8017578125,83.1103515625,-56.4111328125
27.1903317,-66.2646484375,82.8173828125,-59.7314453125
27.2232152,-66.7041015625,81.8896484375,-63.9306640625
27.2521397,-67.1923828125,82.0849609375,-66.7626953125
27.2862576,-67.5830078125,81.4501953125,-70.4248046875
27.3135418,-68.0712890625,80.8642578125,-73.3056640625
27.3430938,-68.5595703125,80.1318359375,-76.7236328125
27.390388,-69.1943359375,79.3994140625,-80.0439453125
27.4033183,-69.4384765625,79.1552734375,-82.5830078125
27.4334336,-69.9755859375,78.7158203125,-84.4384765625
27.4650916,-70.0244140625,77.2998046875,-87.1240234375
27.4954134,-70.8056640625,76.3720703125,-89.7119140625
27.5233279,-71.5869140625,75.8837890625,-93.5693359375
27.5708227,-71.9775390625,75.2001953125,-96.7431640625
27.5924096,-72.6123046875,74.3212890625,-98.3056640625
27.613744,-72.8564453125,75.6884765625,-92.7880859375
27.6455292,-73.6376953125,76.3720703125,-71.4990234375
27.6747718,-74.6142578125,76.6650390625,-46.6943359375
27.7087578,-75.0537109375,77.0556640625,-26.4794921875
27.7362145,-75.7861328125,77.6416015625,-13.1494140625
27.7644763,-75.1513671875,77.8369140625,-3.0908203125
27.7998125,-75.3955078125,78.3251953125,1.5966796875
27.8270433,-74.4677734375,78.2275390625,2.4267578125
27.8563832,-73.8330078125,79.0576171875,-3.9697265625
27.889201,-71.7822265625,79.1552734375,-12.7587890625
27.9153874,-71.2451171875,79.4970703125,-19.8388671875
27.9460523,-69.5849609375,79.2041015625,-21.9384765625
27.9790388,-67.7294921875,80.1318359375,-24.1845703125
28.0062441,-66.8017578125,78.3740234375,-26.9189453125
28.039362,-65.5322265625,78.5693359375,-31.8505859375
28.0683056,-66.0693359375,78.1787109375,-36.3916015625
28.0974405,-65.1904296875,77.8857421875,-41.4208984375
28.1305875,-64.7021484375,77.2998046875,-46.6943359375
28.1580988,-65.0927734375,76.5185546875,-51.3818359375
28.1904504,-65.3857421875,75.7861328125,-55.4345703125
28.2202428,-65.8251953125,75.3955078125,-58.5107421875
28.248447,-65.8251953125,74.4677734375,-61.4404296875
28.2770416,-65.7763671875,74.2236328125,-65.5908203125
28.3108758,-66.8017578125,72.7099609375,-68.0810546875
28.3386077,-66.8505859375,71.3427734375,-71.9873046875
28.3872632,-68.0712890625,71.4892578125,-73.9404296875
28.4073117,-68.6083984375,71.4404296875,-76.2841796875
28.4474587,-69.7314453125,69.7314453125,-78.8720703125
28.4808574,-69.7802734375,69.3896484375,-81.8505859375
28.4890791,-70.6103515625,68.7548828125,-85.2197265625
28.5191903,-71.1962890625,66.8994140625,-88.4423828125
28.5526218,-71.6357421875,67.2412109375,-91.5185546875
28.5797622,-72.4169921875,66.8505859375,-89.8583984375
28.6127501,-72.7587890625,66.7041015625,-73.9892578125
28.6592608,-73.4423828125,67.3388671875,-49.7705078125
28.6806025,-73.6376953125,67.8759765625,-27.6513671875
28.700184,-74.1259765625,68.2177734375,-11.8798828125
28.7317018,-75.4931640625,68.7060546875,-1.6259765625
28.7590286,-74.9560546875,70.0244140625,5.6494140625
28.8095515,-75.0537109375,70.6591796875,8.3837890625
28.8308759,-73.9306640625,69.8291015625,4.6240234375
28.8683697,-72.4658203125,70.7568359375,-5.0439453125
28.8883557,-71.2939453125,71.9775390625,-12.1728515625
28.9111368,-70.2197265625,71.8310546875,-15.7861328125
28.9453268,-68.8525390625,71.8798828125,-18.1298828125
28.9719708,-67.2900390625,72.2216796875,-21.0595703125
29.0007471,-66.7529296875,72.9052734375,-25.0146484375
29.0302983,-66.7041015625,72.7587890625,-29.6044921875
29.0626746,-66.1669921875,72.7099609375,-35.0244140625
29.0932271,-65.5322265625,72.8564453125,-39.8583984375
29.1248428,-65.4345703125,72.7099609375,-44.7900390625
29.1543716,-65.4833984375,72.7587890625,-49.4287109375
29.1818113,-65.6298828125,71.7822265625,-53.1396484375
29.2165481,-66.4599609375,73.1494140625,-57.2900390625
29.2455995,-66.3623046875,72.1240234375,-60.8056640625
29.2979633,-67.1435546875,71.5869140625,-64.4189453125
29.3189204,-67.7294921875,71.0498046875,-66.7626953125
29.333045,-68.0712890625,70.7080078125,-69.3994140625
29.3657915,-69.6337890625,70.4150390625,-71.1083984375
29.4149326,-70.5615234375,69.6337890625,-75.0146484375
29.4383872,-70.7080078125,68.1201171875,-77.6025390625
29.4747231,-72.0263671875,67.2412109375,-82.0947265625
29.4948793,-72.6611328125,67.4853515625,-85.4638671875
29.5190952,-72.5634765625,66.4599609375,-87.5634765625
29.5475627,-73.3447265625,67.7294921875,-82.2900390625
29.5777226,-74.2236328125,68.2666015625,-63.1494140625
29.6034304,-74.6630859375,68.3642578125,-38.5400390625
29.6412994,-75.3466796875,68.3154296875,-18.1298828125
29.6652466,-76.0791015625,68.8037109375,-4.9462890625
29.698304,-76.3232421875,69.1455078125,5.0146484375
29.7252851,-76.8603515625,69.7314453125,9.7509765625
29.756727,-75.6884765625,69.5849609375,10.7275390625
29.7897572,-74.7119140625,70.0732421875,4.6240234375
29.8179141,-74.0283203125,71.6357421875,-5.1416015625
29.848772,-73.1494140625,71.0986328125,-11.1474609375
29.8977542,-71.8798828125,70.7080078125,-14.2236328125
29.9077078,-70.4150390625,71.0009765625,-16.3720703125
29.9355587,-69.0478515625,71.0498046875,-19.9365234375
29.9674724,-68.1689453125,71.8798828125,-23.9892578125
29.9979458,-68.0712890625,70.3662109375,-28.9697265625
30.0318719,-67.5830078125,70.2685546875,-34.0966796875
30.0585615,-67.6806640625,70.2197265625,-38.9794921875
30.0892397,-67.7294921875,69.7314453125,-44.2529296875
30.1205637,-67.3876953125,69.2431640625,-47.8662109375
30.1696205,-67.4853515625,68.9990234375,-52.1142578125
30.1757023,-68.1689453125,68.9990234375,-55.6787109375
30.2099535,-68.6083984375,67.6318359375,-58.7548828125
30.2398741,-69.2431640625,68.3154296875,-61.9287109375
30.2724197,-69.9267578125,67.8759765625,-65.2001953125
30.3009742,-70.3173828125,66.6552734375,-67.7392578125
30.3308702,-70.6103515625,66.3623046875,-70.3759765625
30.3623023,-71.1962890625,65.7275390625,-73.0615234375
30.3924716,-71.3916015625,64.8974609375,-76.7236328125
30.448471,-72.2705078125,64.7998046875,-79.5556640625
30.4516828,-72.9052734375,64.3115234375,-83.1689453125
30.4821013,-73.2958984375,63.4814453125,-85.0732421875
30.5087692,-73.5400390625,64.5068359375,-76.1865234375
30.5426133,-74.4677734375,64.7509765625,-53.9697265625
30.5713878,-74.9560546875,65.0439453125,-29.4091796875
30.6026287,-75.8349609375,65.6298828125,-10.6103515625
30.632717,-76.5673828125,66.2158203125,2.8662109375
30.6611804,-76.4697265625,66.3134765625,11.9970703125
30.7111586,-77.1533203125,66.8017578125,16.0498046875
30.7222301,-75.9326171875,66.7041015625,16.2939453125
30.7522781,-75.4443359375,66.4599609375,8.2373046875
30.7832458,-74.1259765625,66.8505859375,-0.6005859375
30.8114484,-72.7587890625,66.6064453125,-6.6064453125
30.8401413,-71.3427734375,66.6064453125,-7.9736328125
30.8757903,-69.4873046875,66.8994140625,-10.6591796875
30.9018064,-68.5107421875,66.7041015625,-14.8095703125
30.9363076,-67.3388671875,66.8994140625,-19.1552734375
30.9649659,-67.4365234375,66.3134765625,-23.6962890625
30.9922899,-67.0458984375,66.5087890625,-29.1650390625
31.0278992,-66.5576171875,65.3857421875,-34.5361328125
31.0550783,-66.1181640625,65.5810546875,-39.0283203125
31.0832372,-66.0693359375,65.7763671875,-43.0810546875
31.1187338,-66.4111328125,64.9462890625,-46.5966796875
31.1452525,-67.0458984375,63.9697265625,-50.0146484375
31.1728849,-67.3388671875,64.2626953125,-53.5791015625
31.2053929,-67.0458984375,62.8955078125,-57.0458984375
31.2344339,-68.2666015625,62.9443359375,-58.9013671875
31.2640855,-68.8525390625,62.1142578125,-61.6357421875
31.2947509,-69.3408203125,61.4794921875,-64.9072265625
31.3244587,-70.2197265625,60.8447265625,-67.8369140625
31.3634986,-70.2685546875,59.2822265625,-72.3779296875
31.3867483,-70.8544921875,59.5751953125,-74.9658203125
31.414908,-71.1474609375,58.7939453125,-78.1884765625
31.448631,-72.4169921875,58.9892578125,-73.4521484375
31.4770318,-72.6611328125,60.2099609375,-53.0908203125
31.5092574,-72.9541015625,60.7958984375,-29.2626953125
31.538672,-73.5888671875,60.6494140625,-8.8525390625
31.5664211,-74.0771484375,61.6748046875,6.3330078125
31.6145347,-74.5654296875,62.1142578125,15.4638671875
31.6270533,-74.6630859375,62.8955078125,20.4443359375
31.6567196,-74.5654296875,64.1650390625,21.1767578125
31.6892786,-73.8330078125,63.8720703125,14.5849609375
31.7170779,-72.9052734375,64.7021484375,5.1123046875
31.7540955,-71.8798828125,65.5322265625,-0.8447265625
31.7792088,-70.1708984375,66.6064453125,-4.0185546875
31.8092063,-68.6572265625,66.7529296875,-5.8251953125
31.841816,-67.2412109375,67.6318359375,-9.1943359375
31.8702316,-66.8017578125,67.6318359375,-13.8818359375
31.8993819,-65.8740234375,67.4365234375,-19.0087890625
31.9247442,-66.2646484375,68.5595703125,-24.2822265625
31.9619601,-65.9228515625,68.9013671875,-29.6044921875
31.988926,-64.7509765625,68.7060546875,-33.7548828125
32.018561,-65.2392578125,69.0478515625,-38.8330078125
32.0511742,-65.0927734375,69.5361328125,-42.2021484375
32.0778852,-65.4833984375,69.0966796875,-46.2060546875
32.1128552,-65.8251953125,69.3408203125,-50.0146484375
32.1390802,-66.1669921875,68.9501953125,-53.4814453125
32.1746172,-66.5087890625,68.5595703125,-55.2392578125
32.2177583,-67.6806640625,69.3408203125,-58.1201171875
32.2397879,-67.7783203125,69.2919921875,-61.0498046875
32.2618884,-68.3642578125,68.1201171875,-64.6630859375
32.2928348,-68.9501953125,68.2177734375,-68.4228515625
32.3211391,-69.4873046875,68.2666015625,-71.8408203125
32.3545477,-70.3173828125,67.7783203125,-74.3310546875
32.3816754,-70.2685546875,69.2919921875,-66.2255859375
32.4111045,-71.0009765625,69.7314453125,-45.1806640625
32.4465056,-71.4404296875,69.6337890625,-21.4013671875
32.4714113,-71.8310546875,70.7080078125,-2.4560546875
32.5004022,-72.6123046875,71.3916015625,11.5576171875
32.5501185,-73.1005859375,72.5634765625,20.2490234375
32.5609357,-73.5888671875,73.6865234375,24.2529296875
32.5958585,-73.4912109375,74.2724609375,22.9345703125
32.6450196,-72.0751953125,74.6142578125,14.4384765625
32.6651117,-71.4404296875,75.6884765625,5.3564453125
32.6814029,-70.1220703125,75.8349609375,0.6201171875
32.7308344,-68.2666015625,77.3486328125,-1.6748046875
32.7498775,-66.7041015625,76.7138671875,-4.4091796875
32.775304,-65.7275390625,77.2998046875,-8.3642578125
32.802549,-63.9697265625,77.7392578125,-13.1982421875
32.8317027,-64.3603515625,77.5927734375,-18.2763671875
32.8825865,-63.4814453125,77.8369140625,-24.4775390625
32.9074386,-63.2861328125,77.9345703125,-30.1416015625
32.9276573,-63.8232421875,77.4951171875,-34.5361328125
32.9544804,-63.1884765625,77.1044921875,-37.7099609375
32.9822001,-63.9208984375,76.9580078125,-42.2509765625
33.0169409,-64.5556640625,76.8115234375,-46.0595703125
33.0463108,-64.3115234375,76.4208984375,-49.5263671875
33.0767425,-64.9951171875,76.3720703125,-52.9931640625
33.1071269,-65.0439453125,76.2255859375,-56.1669921875
33.1358724,-65.7275390625,76.0791015625,-59.1455078125
33.1642232,-66.4111328125,75.9326171875,-61.4892578125
33.1958422,-66.8994140625,74.8095703125,-64.3701171875
33.225811,-67.6318359375,75.1513671875,-68.4716796875
33.2575495,-68.7060546875,72.9541015625,-72.2314453125
33.3046782,-68.6083984375,73.5400390625,-74.1845703125
33.324885,-69.1455078125,74.4677734375,-68.9111328125
33.3484819,-70.3662109375,74.3701171875,-49.1845703125
33.3775672,-71.5380859375,75.1513671875,-23.5009765625
33.4061363,-70.7568359375,74.9560546875,-1.8212890625
33.4379525,-71.9775390625,76.2744140625,14.0966796875
33.4675231,-72.4658203125,76.9580078125,25.1806640625
33.4946327,-72.4169921875,78.1787109375,30.3564453125
33.5289172,-73.0029296875,78.3740234375,31.4306640625
33.5622092,-71.4892578125,78.8623046875,25.7666015625
33.5863237,-71.1474609375,79.4970703125,16.1474609375
33.6176115,-70.0732421875,80.7177734375,9.5556640625
33.6477243,-68.5107421875,81.3525390625,5.9912109375
33.6807245,-66.8017578125,81.6943359375,3.8916015625
33.7084896,-64.6044921875,81.3525390625,-0.2099609375
33.7376059,-63.8232421875,81.5966796875,-5.0927734375
33.7870953,-63.1396484375,80.7177734375,-9.7314453125
33.8091887,-62.8466796875,81.4013671875,-15.7861328125
33.8263001,-62.6513671875,80.6689453125,-21.2548828125
33.8610969,-62.2119140625,80.2294921875,-25.3076171875
33.8868504,-62.6513671875,80.5712890625,-30.1904296875
33.9237559,-62.0166015625,80.3271484375,-34.6337890625
33.9522306,-63.3837890625,79.5458984375,-38.4912109375
33.9781942,-63.2861328125,78.6669921875,-41.5185546875
34.0116437,-63.0419921875,78.1298828125,-45.0830078125
34.0397429,-64.1650390625,78.0810546875,-47.9638671875
34.0681419,-65.0927734375,77.0068359375,-50.3076171875
34.1016645,-65.4345703125,76.8115234375,-54.1650390625
34.1306964,-65.9716796875,75.5419921875,-57.9248046875
34.1639621,-67.0458984375,76.2255859375,-61.5380859375
34.210208,-67.9736328125,74.8095703125,-65.4443359375
34.2310749,-68.5107421875,75.0537109375,-68.4716796875
34.2481884,-69.2919921875,75.8349609375,-64.8095703125
34.3016469,-69.8291015625,77.1533203125,-45.6201171875
34.3207972,-70.4638671875,77.0068359375,-20.6689453125
34.3581241,-70.9521484375,78.5205078125,1.6943359375
34.3795737,-71.8798828125,78.8134765625,16.9287109375
34.4020683,-72.3681640625,80.1318359375,27.2314453125
34.4345497,-72.5146484375,81.8408203125,32.6025390625
34.4622339,-73.0517578125,83.0126953125,33.5791015625
34.4953133,-73.2470703125,83.9892578125,27.9638671875
34.5241713,-71.8798828125,85.3076171875,17.8564453125
34.552748,-70.7568359375,86.4794921875,10.6298828125
34.5816804,-69.4384765625,86.6259765625,6.8701171875
34.6313761,-68.3154296875,86.6259765625,4.3798828125
34.6513564,-65.8740234375,86.9677734375,-0.0146484375
34.6742963,-64.5556640625,86.9189453125,-4.8974609375
34.7171319,-64.3115234375,87.9931640625,-10.6591796875
34.7336831,-63.5791015625,87.7978515625,-16.2255859375
34.7643291,-63.7744140625,87.3583984375,-22.5244140625
34.8015112,-63.8232421875,86.2353515625,-28.4326171875
34.8215265,-63.9208984375,86.3818359375,-32.9248046875
34.8570144,-63.8720703125,86.6259765625,-37.0263671875
34.8842909,-64.9462890625,86.4794921875,-40.8837890625
34.9126605,-65.7763671875,85.0634765625,-44.4482421875
34.9617227,-65.8251953125,85.1611328125,-48.4521484375
34.9815946,-66.4111328125,84.1845703125,-51.5283203125
35.0066542,-66.4111328125,84.0869140625,-54.7509765625
35.0368774,-68.0712890625,83.1103515625,-58.3642578125
35.0654013,-68.8525390625,82.2314453125,-61.6845703125
35.1149333,-69.3896484375,81.3525390625,-65.9326171875
35.127022,-70.5126953125,80.9619140625,-70.0830078125
35.1589066,-70.7568359375,81.2060546875,-72.6708984375
35.188117,-71.8310546875,81.1572265625,-68.1298828125
35.2159214,-72.3193359375,82.3779296875,-48.4033203125
35.2436009,-73.3447265625,82.5732421875,-23.1103515625
35.2814353,-73.5888671875,82.7197265625,-0.7470703125
35.3048729,-74.6630859375,83.1591796875,15.1220703125
35.341817,-74.9072265625,84.9169921875,25.6201171875
35.3671758,-75.7861328125,85.0146484375,31.5283203125
35.3958684,-76.0302734375,85.6494140625,32.0166015625
35.4295477,-75.5419921875,85.5517578125,26.2548828125
35.4583731,-74.6630859375,86.1376953125,15.6103515625
35.4907102,-72.9541015625,87.7001953125,8.0908203125
35.5185726,-71.7822265625,87.4072265625,4.7216796875
35.5538659,-70.3662109375,87.6025390625,2.1826171875
35.5772516,-68.5595703125,87.6513671875,-1.2841796875
35.6096772,-66.8994140625,87.6513671875,-6.8994140625
35.6378403,-66.7041015625,86.9677734375,-13.2470703125
35.6712943,-65.7763671875,86.7724609375,-18.3251953125
35.6994274,-66.1669921875,86.4306640625,-24.2822265625
35.728129,-66.1669921875,86.6748046875,-29.6044921875
35.7607461,-65.7763671875,85.2099609375,-34.8291015625
35.7884069,-66.2646484375,84.5263671875,-38.9306640625
35.8239757,-66.7041015625,83.8916015625,-43.2275390625
35.851461,-67.1923828125,83.7451171875,-47.5244140625
35.8789077,-67.3388671875,82.3779296875,-50.6494140625
35.9140615,-68.2177734375,81.4501953125,-55.3369140625
35.9431557,-68.8525390625,80.4736328125,-57.4365234375
35.9712414,-69.6826171875,79.7412109375,-60.5126953125
36.0025419,-71.0498046875,77.9345703125,-63.6376953125
36.0305531,-71.3916015625,77.5927734375,-68.2763671875
36.0611533,-71.8310546875,76.6162109375,-71.9873046875
36.0930607,-73.1005859375,76.1767578125,-75.4052734375
36.1212834,-73.1005859375,76.4208984375,-75.4541015625
36.1497396,-74.3212890625,77.1533203125,-61.3427734375
36.1832584,-75.0537109375,76.9580078125,-36.4892578125
36.2112615,-75.5908203125,77.3486328125,-11.7333984375
36.2441607,-76.1767578125,77.7880859375,7.3583984375
36.2743493,-76.6650390625,78.2275390625,20.6884765625
36.3025348,-76.9091796875,78.2763671875,28.7939453125
36.3359106,-78.0322265625,78.7646484375,32.0166015625
36.3635641,-78.0810546875,78.6181640625,29.4287109375
36.3905421,-77.1533203125,78.7646484375,19.6142578125
36.423389,-75.9326171875,79.0087890625,9.4580078125
36.4528045,-75.1513671875,78.8623046875,4.6240234375
36.4813109,-74.2236328125,78.8623046875,1.0107421875
36.5150478,-72.4658203125,78.8623046875,-2.4560546875
36.5419072,-70.9033203125,78.4228515625,-7.4853515625
36.5790343,-69.9755859375,79.0576171875,-12.4658203125
36.6043646,-68.6083984375,77.5927734375,-18.8134765625
36.6333614,-68.9501953125,77.2021484375,-25.1123046875
36.6660967,-68.5595703125,76.3232421875,-30.3857421875
36.6939483,-67.5341796875,75.7861328125,-34.6337890625
36.7291762,-68.1201171875,75.0048828125,-40.1513671875
36.757069,-68.0712890625,74.6630859375,-43.9111328125
36.7854377,-68.4619140625,73.7841796875,-47.2802734375
36.8128308,-69.1943359375,73.1982421875,-50.3076171875
36.8472174,-69.4873046875,72.9541015625,-54.2626953125
36.875615,-70.3662109375,71.1962890625,-57.7294921875
36.9089767,-70.3662109375,70.7080078125,-60.2197265625
36.9366826,-71.7333984375,70.1220703125,-63.7353515625
36.9640663,-72.6123046875,69.4384765625,-66.8603515625
37.0004189,-73.1982421875,68.5107421875,-70.6689453125
37.0267379,-73.4912109375,66.8505859375,-74.3798828125
37.0545251,-73.7841796875,67.7783203125,-77.0654296875
37.0936274,-74.9072265625,67.7783203125,-72.3291015625
37.1169328,-75.6884765625,68.6083984375,-52.1630859375
37.1446049,-76.1279296875,68.4130859375,-27.2607421875
37.1811986,-76.6162109375,69.3896484375,-5.5810546875
37.2066486,-77.8369140625,70.0732421875,9.5068359375
37.2423649,-77.8857421875,70.3662109375,18.7353515625
37.2669264,-78.2763671875,71.9287109375,24.3505859375
37.2991608,-78.8623046875,72.1728515625,24.8388671875
37.3293505,-79.1064453125,72.5146484375,17.7587890625
37.3592008,-78.1298828125,74.0771484375,7.7490234375
37.3869121,-76.7626953125,74.0771484375,0.9130859375
37.4248044,-76.0791015625,75.1513671875,-3.1884765625
37.4562781,-74.5166015625,74.9072265625,-6.4599609375
37.4776692,-73.2470703125,74.7607421875,-10.4150390625
37.5109329,-70.8544921875,74.0283203125,-16.3720703125
37.5394071,-70.3662109375,74.1748046875,-21.6943359375
37.5959752,-69.7314453125,74.3701171875,-28.5791015625
37.6255696,-69.2919921875,74.3212890625,-33.8037109375
37.6286295,-69.0966796875,73.7353515625,-39.0283203125
37.660358,-69.2431640625,73.2470703125,-43.8623046875
37.6888116,-69.2919921875,72.8076171875,-48.4033203125
37.724327,-69.2431640625,72.5146484375,-52.0166015625
37.7511169,-69.2431640625,71.2451171875,-55.7763671875
37.783012,-70.0244140625,71.5869140625,-59.2919921875
37.8129234,-70.1708984375,70.3662109375,-63.7841796875
37.8411484,-70.5615234375,70.3662109375,-67.3486328125
37.8711178,-71.3427734375,69.0478515625,-69.3017578125
37.9013461,-72.2705078125,68.1201171875,-72.7197265625
37.9327965,-72.0751953125,67.9248046875,-76.6259765625
37.9593526,-73.4423828125,67.8759765625,-80.7763671875
37.9933488,-74.1748046875,66.5087890625,-84.8291015625
38.0229575,-74.5166015625,66.8017578125,-85.6591796875
38.050894,-75.2490234375,67.5341796875,-72.5244140625
38.0843288,-75.9326171875,67.7783203125,-48.7939453125
38.1125313,-76.2744140625,68.1689453125,-23.9892578125
38.1420164,-77.3974609375,68.7548828125,-5.5810546875
38.1731166,-77.8857421875,68.8525390625,7.6513671875
38.2026376,-79.1552734375,70.2685546875,15.3173828125
38.2342904,-79.0576171875,70.2685546875,18.8330078125
38.2644587,-79.2529296875,70.0244140625,16.4404296875
38.2920529,-78.3251953125,70.7080078125,7.3583984375
38.3256302,-77.6904296875,71.3916015625,-2.1630859375
38.3534402,-76.9580078125,71.7333984375,-7.1435546875
38.3822708,-75.1025390625,72.1240234375,-10.1708984375
38.4148911,-73.8330078125,71.8310546875,-14.1259765625
38.4429799,-71.5380859375,71.6357421875,-18.7646484375
38.4729457,-70.2685546875,71.7822265625,-24.4775390625
38.5040975,-69.3896484375,72.3193359375,-29.9462890625
38.5340891,-68.9013671875,71.5380859375,-36.3916015625
38.5678608,-68.4619140625,72.2705078125,-42.4951171875
38.5949577,-67.8759765625,70.9521484375,-47.2314453125
38.6233615,-67.6318359375,70.5615234375,-51.0888671875
38.6576603,-67.7294921875,70.2685546875,-55.6298828125
38.6864338,-68.6572265625,69.9755859375,-58.9501953125
38.7177906,-68.6572265625,69.8779296875,-63.4912109375
38.7474228,-69.1455078125,68.9990234375,-67.3974609375
38.7762962,-69.8291015625,68.5595703125,-70.5224609375
38.8045104,-69.8291015625,67.7294921875,-73.4033203125
38.8370887,-70.0732421875,66.0205078125,-75.6494140625
38.8646056,-70.7080078125,66.6064453125,-79.2626953125
38.8980864,-71.3916015625,65.6298828125,-83.1689453125
38.9262421,-72.0263671875,65.2880859375,-86.2451171875
38.9573099,-72.9052734375,63.5791015625,-90.9814453125
38.9885142,-73.7353515625,65.1416015625,-90.7861328125
39.017493,-74.0771484375,64.7509765625,-77.2119140625
39.044968,-74.9072265625,65.7275390625,-53.0908203125
39.077527,-75.0537109375,66.8017578125,-27.7001953125
39.1080115,-76.0791015625,66.3623046875,-8.6083984375
39.1399775,-76.3232421875,66.8994140625,4.4287109375
39.1678091,-77.1533203125,68.1689453125,12.3388671875
39.1966326,-77.4951171875,68.3642578125,15.6591796875
39.2299988,-77.8369140625,67.9736328125,13.5107421875
39.2587086,-76.9580078125,68.4130859375,4.4775390625
39.2964566,-77.1044921875,69.6337890625,-4.8974609375
39.3183717,-75.8349609375,69.6826171875,-10.2685546875
39.3487441,-73.8818359375,69.5849609375,-14.1748046875
39.377214,-72.3681640625,70.3173828125,-17.9345703125
39.410126,-70.7080078125,69.5849609375,-22.5244140625
39.4400495,-69.4873046875,70.1708984375,-27.0654296875
39.4781664,-68.1689453125,70.2197265625,-33.3642578125
39.5023432,-67.3388671875,69.4384765625,-39.5654296875
39.5300493,-66.8505859375,69.0966796875,-44.3017578125
39.5678466,-67.1435546875,68.8525390625,-49.2333984375
39.5902804,-66.3623046875,68.7548828125,-53.7255859375
39.6191521,-66.4111328125,68.2666015625,-57.6806640625
39.6511647,-66.6064453125,67.6318359375,-61.1962890625
39.6821427,-67.0458984375,67.0947265625,-64.6142578125
39.7091625,-67.8271484375,66.7041015625,-68.9111328125
39.7427347,-67.7294921875,65.9228515625,-71.4013671875
39.771487,-69.0966796875,65.2880859375,-74.4775390625
39.8034977,-69.7314453125,64.7509765625,-76.8701171875
39.8321149,-70.4150390625,63.9697265625,-79.4580078125
39.8608182,-70.8544921875,63.4326171875,-83.7060546875
39.8981274,-71.5380859375,62.9931640625,-87.0263671875
39.9220003,-71.9775390625,63.3349609375,-90.7373046875
39.974274,-72.7587890625,63.5302734375,-91.0302734375
39.9842219,-73.8330078125,64.3603515625,-78.5302734375
40.0114702,-73.9306640625,65.0439453125,-54.6533203125
40.0531165,-74.6142578125,66.0205078125,-30.6787109375
40.0762192,-75.8349609375,66.9970703125,-13.2958984375
40.1030976,-75.7373046875,68.3154296875,-1.2353515625
40.1457028,-76.8603515625,69.9755859375,6.2841796875
40.1637268,-77.4951171875,70.3662109375,9.2626953125
40.1932292,-77.1044921875,71.1474609375,6.0888671875
40.230364,-77.1533203125,73.1005859375,-3.3837890625
40.2544727,-76.4697265625,73.6865234375,-12.9052734375
40.2829648,-75.5908203125,75.3955078125,-18.3251953125
40.3209053,-74.0771484375,75.7373046875,-20.8642578125
40.3437985,-72.6123046875,76.1767578125,-24.0869140625
40.391798,-71.1474609375,76.9580078125,-28.6767578125
40.4122002,-69.4873046875,76.7626953125,-33.7060546875
40.4342195,-68.3642578125,77.3974609375,-39.4677734375
40.4721112,-68.0712890625,77.3974609375,-45.0341796875
40.4971668,-67.8759765625,77.2998046875,-50.2099609375
40.5254628,-67.2412109375,78.1298828125,-55.4833984375
40.56221,-67.0458984375,77.9833984375,-58.6572265625
40.5856605,-67.3876953125,77.3974609375,-63.2470703125
40.6230428,-67.6806640625,77.4462890625,-66.6162109375
40.6564735,-68.8037109375,76.9580078125,-70.9619140625
40.6759684,-68.6572265625,77.1533203125,-73.5498046875
40.7114544,-69.1455078125,76.2744140625,-76.5283203125
40.7375581,-70.0244140625,75.7373046875,-79.0673828125
40.7677592,-69.8779296875,75.7373046875,-82.3876953125
40.7999714,-70.6103515625,74.6630859375,-85.6103515625
40.8284276,-71.5380859375,75.1025390625,-89.5654296875
40.8756433,-72.3193359375,74.5654296875,-93.7158203125
40.8846282,-73.1005859375,74.3212890625,-96.6943359375
40.9221612,-73.7353515625,75.1025390625,-93.6181640625
40.9536942,-74.1259765625,75.9326171875,-75.2587890625
40.9793754,-74.6142578125,77.0556640625,-51.0400390625
41.0088859,-75.4931640625,76.9580078125,-28.1884765625
41.0460042,-75.7861328125,79.0087890625,-11.7822265625
41.0710974,-77.3974609375,79.8388671875,-0.8935546875
41.0971539,-77.4462890625,81.3037109375,5.0146484375
41.1335863,-78.0322265625,81.5966796875,7.2119140625
41.1598759,-78.5693359375,83.0126953125,1.0107421875
41.2035039,-78.3251953125,83.8916015625,-8.9013671875
41.2205345,-77.1533203125,84.1357421875,-16.3720703125
41.2502592,-76.5185546875,85.3076171875,-20.8154296875
41.2878064,-75.5908203125,85.6494140625,-23.3056640625
41.3099897,-74.1259765625,86.0888671875,-26.9189453125
41.3472086,-71.8310546875,85.9423828125,-31.4111328125
41.3663183,-70.3173828125,86.5283203125,-36.9775390625
41.4029416,-69.1455078125,86.3330078125,-43.2275390625
41.4298545,-68.8037109375,84.8681640625,-48.2568359375
41.4678708,-68.7548828125,84.9658203125,-52.9443359375
41.4926968,-68.4130859375,85.3564453125,-57.7294921875
41.5209955,-68.3642578125,85.1611328125,-61.4404296875
41.5529481,-68.4619140625,84.2333984375,-65.7373046875
41.5813922,-68.7060546875,83.9404296875,-69.3994140625
41.6184287,-68.9501953125,82.9150390625,-73.0615234375
41.6431329,-69.4873046875,82.6708984375,-76.6748046875
41.6805739,-70.1708984375,82.2802734375,-79.3115234375
41.7042882,-70.5615234375,81.4990234375,-82.0947265625
41.7321691,-71.5869140625,81.4013671875,-84.8779296875
41.7613492,-71.5380859375,79.9365234375,-88.2470703125
41.7922335,-73.4423828125,79.7900390625,-91.3720703125
41.8218938,-73.4912109375,79.5947265625,-95.5224609375
41.8594429,-74.5654296875,79.1064453125,-98.5498046875
41.8850804,-75.1025390625,79.7412109375,-93.0322265625
41.9140124,-75.4931640625,79.8388671875,-72.3291015625
41.9518757,-76.3720703125,80.9619140625,-46.8408203125
41.9749935,-76.5673828125,81.9873046875,-24.8681640625
42.0100947,-77.8857421875,81.8896484375,-9.7802734375
42.0305592,-78.4716796875,83.5498046875,0.4736328125
42.0676675,-78.6181640625,84.4287109375,6.8701171875
42.0938233,-79.4482421875,84.0380859375,7.5048828125
42.1295961,-79.7412109375,85.0634765625,1.7431640625
42.1560969,-79.8876953125,85.7470703125,-8.1689453125
42.184283,-77.9345703125,85.9912109375,-15.7373046875
42.2197928,-77.4951171875,85.6494140625,-19.1552734375
42.2449764,-76.3720703125,85.6982421875,-21.5966796875
42.2949391,-75.0537109375,86.6259765625,-25.6494140625
42.3085412,-72.9541015625,86.4306640625,-30.2880859375
42.3349855,-71.5380859375,85.6494140625,-35.8544921875
42.3644137,-70.9521484375,85.4052734375,-40.9814453125
42.3991011,-70.2197265625,84.6240234375,-46.3525390625
42.4245276,-69.6826171875,84.2822265625,-51.3818359375
42.4579425,-69.8779296875,83.7451171875,-55.6787109375
42.4873035,-69.3408203125,83.2568359375,-59.8779296875
42.5164843,-69.0966796875,82.3291015625,-63.8818359375
42.5525868,-69.4873046875,80.7177734375,-67.0556640625
42.5744844,-69.1943359375,80.2783203125,-70.7177734375
42.6138308,-70.2197265625,79.5458984375,-73.1103515625
42.6379335,-71.0986328125,78.9599609375,-75.9912109375
42.6666926,-70.9033203125,78.2275390625,-78.9208984375
42.7021296,-71.8310546875,77.5439453125,-82.2900390625
42.7282651,-72.2705078125,76.7138671875,-86.0986328125
42.7579568,-73.1982421875,75.0537109375,-89.2724609375
42.7899208,-73.6865234375,74.9072265625,-93.0322265625
42.8173861,-74.3212890625,76.1767578125,-92.4462890625
42.8475729,-75.1513671875,76.1767578125,-79.8486328125
42.8850189,-75.8349609375,76.9091796875,-56.2158203125
42.9081275,-76.4208984375,77.0068359375,-33.3642578125
42.9375888,-77.1044921875,77.8369140625,-16.0302734375
42.972961,-78.1787109375,78.9599609375,-4.6044921875
42.9998459,-77.7880859375,80.1318359375,3.5986328125
43.0285221,-78.8134765625,81.2060546875,6.0888671875
43.0595488,-79.1064453125,81.0107421875,3.4033203125
43.0879576,-79.5458984375,81.8408203125,-7.8759765625
43.1236683,-78.6181640625,83.0126953125,-17.3974609375
43.1511701,-78.1298828125,83.8427734375,-21.5966796875
43.1784347,-77.1044921875,83.6962890625,-24.1357421875
43.2118096,-75.5908203125,84.3310546875,-27.6513671875
43.2397356,-74.3212890625,84.8681640625,-31.7041015625
43.2695618,-73.2958984375,84.3798828125,-36.6357421875
43.3032713,-71.6845703125,84.9169921875,-42.6416015625
43.3301438,-71.1962890625,83.9404296875,-47.8173828125
43.3586225,-71.1474609375,83.7939453125,-53.1396484375
43.393243,-71.5380859375,83.8916015625,-57.2900390625
43.4209065,-70.8056640625,83.3056640625,-61.0498046875
43.4484893,-70.6591796875,82.8662109375,-65.5419921875
43.482829,-70.5615234375,82.4755859375,-68.5205078125
43.5104255,-70.6591796875,81.8408203125,-71.7431640625
43.5430877,-71.1474609375,81.1572265625,-75.2587890625
43.5733503,-72.0263671875,80.0341796875,-78.0419921875
43.6018031,-71.7333984375,78.8134765625,-80.0927734375
43.6342344,-73.2470703125,78.9111328125,-83.0224609375
43.66327,-73.6376953125,78.3740234375,-87.5634765625
43.6911893,-73.8330078125,76.5185546875,-91.5185546875
43.7234989,-73.9794921875,77.0556640625,-95.2294921875
43.7534891,-75.5419921875,77.7392578125,-95.1318359375
43.7852357,-75.4443359375,78.1787109375,-82.7294921875
43.8150197,-76.2255859375,78.4228515625,-58.5107421875
43.8437727,-76.2744140625,79.0087890625,-35.0244140625
43.8702296,-77.2021484375,80.2294921875,-17.3974609375
43.9047213,-78.2275390625,80.6201171875,-4.7509765625
43.9316234,-78.6669921875,81.1572265625,1.9384765625
43.9645985,-79.5458984375,82.1826171875,5.5517578125
43.9934564,-79.6923828125,82.8662109375,2.6220703125
44.0227831,-80.7666015625,83.4521484375,-7.0458984375
44.0554564,-79.5947265625,83.8427734375,-15.7373046875
44.0855859,-78.8134765625,84.3310546875,-20.5712890625
44.1166194,-77.5927734375,84.1845703125,-23.6474609375
44.1525768,-76.4208984375,84.2822265625,-27.4072265625
44.1745284,-75.4443359375,83.7451171875,-31.0693359375
44.2031071,-73.3935546875,83.7451171875,-35.7568359375
44.2354391,-72.7099609375,83.5009765625,-41.2744140625
44.2654132,-71.6845703125,83.2568359375,-47.3779296875
44.2979186,-70.4638671875,82.9638671875,-52.2607421875
44.3269054,-70.7568359375,82.3291015625,-56.9970703125
44.3556551,-70.5615234375,81.3525390625,-61.1962890625
44.3879819,-70.3662109375,80.7666015625,-65.2001953125
44.4247423,-69.8779296875,79.5458984375,-69.1552734375
44.4488827,-70.6103515625,79.7412109375,-72.9638671875
44.4962193,-70.8056640625,79.0087890625,-76.0888671875
44.5277054,-71.0986328125,77.2021484375,-79.0673828125
44.5366872,-71.9287109375,77.2509765625,-81.5576171875
44.5685322,-72.2216796875,76.0302734375,-84.3896484375
44.5953999,-72.8564453125,76.3720703125,-87.9541015625
44.6377163,-73.8818359375,73.9794921875,-91.5673828125
44.6575172,-73.3935546875,73.6865234375,-94.9365234375
44.6977047,-74.5654296875,73.6376953125,-98.5498046875
44.7195999,-74.9560546875,73.8818359375,-92.3486328125
44.7475082,-75.5908203125,75.1513671875,-71.6455078125
44.7761434,-76.3232421875,74.7119140625,-46.4013671875
44.8101846,-76.9580078125,74.5166015625,-25.1123046875
44.8383458,-77.4951171875,75.5419921875,-9.2431640625
44.8695501,-77.8857421875,76.6162109375,-0.0634765625
44.8997386,-78.4716796875,76.3720703125,7.0654296875
44.9282105,-79.0576171875,77.0068359375,8.2861328125
44.9803054,-79.3505859375,77.0556640625,1.0107421875
45.0002028,-79.2041015625,77.3974609375,-10.3173828125
45.0229686,-78.2763671875,77.3486328125,-18.3251953125
45.0597232,-78.0322265625,77.4951171875,-21.2060546875
45.0814906,-77.0556640625,77.4951171875,-24.2822265625
45.1191861,-74.6142578125,77.0068359375,-27.8466796875
45.1511089,-73.1494140625,76.9091796875,-32.2900390625
45.1703899,-71.8310546875,76.4697265625,-37.8564453125
45.2051438,-70.7568359375,75.6396484375,-42.9833984375
45.2321158,-70.1708984375,74.6630859375,-48.7451171875
45.2591169,-69.0478515625,74.7119140625,-53.9697265625
45.2942101,-69.7314453125,73.6865234375,-58.1689453125
45.321049,-68.9501953125,72.9052734375,-62.1240234375
45.3570907,-68.5595703125,72.2216796875,-65.3466796875
45.3828414,-68.5107421875,71.9775390625,-69.0087890625
45.4124726,-68.8525390625,70.5615234375,-72.1826171875
45.4498739,-69.3408203125,70.2197265625,-74.9169921875
45.4822746,-70.1220703125,69.2919921875,-77.4072265625
45.5022009,-70.4638671875,68.8525390625,-80.7763671875
45.5343915,-71.0986328125,67.9248046875,-83.9501953125
45.5635203,-72.1728515625,66.4599609375,-87.8564453125
45.5918906,-72.8076171875,65.8740234375,-91.1767578125
45.6278461,-73.2958984375,65.5322265625,-94.8388671875
45.6515155,-73.8330078125,65.3369140625,-92.9345703125
45.6983003,-74.2724609375,66.0205078125,-76.7724609375
45.7141098,-74.7607421875,66.3134765625,-51.9677734375
45.7611732,-75.7373046875,66.8505859375,-29.3115234375
45.7757252,-76.1279296875,66.6064453125,-13.1494140625
45.8227927,-76.5673828125,67.7294921875,-1.4306640625
45.8321519,-77.8857421875,68.8525390625,5.0146484375
45.8878688,-77.8369140625,68.7060546875,7.4560546875
45.9166068,-78.5693359375,68.6083984375,2.0361328125
45.9226465,-79.2529296875,69.8779296875,-7.8271484375
45.9601515,-78.4228515625,70.0732421875,-16.2744140625
45.9956051,-77.5439453125,70.6591796875,-19.6923828125
46.0126529,-76.4697265625,69.9267578125,-22.2314453125
46.0573005,-75.0048828125,70.3662109375,-25.7470703125
46.0771849,-73.2958984375,71.2451171875,-30.3369140625
46.11365,-71.6357421875,70.1708984375,-35.9521484375
46.1355588,-70.1708984375,70.8544921875,-42.1044921875
46.1663926,-69.7802734375,70.7568359375,-46.3525390625
46.2036536,-69.0478515625,69.5849609375,-51.6748046875
46.2268119,-69.8291015625,69.8291015625,-56.6552734375
46.2613293,-69.2919921875,69.4873046875,-60.5126953125
46.289381,-68.2666015625,68.7548828125,-64.7119140625
46.3162424,-68.3642578125,68.9013671875,-67.5927734375
46.3538664,-68.9501953125,68.5107421875,-71.5478515625
46.3854693,-68.9501953125,67.5341796875,-74.1845703125
46.4058409,-69.7314453125,67.4365234375,-77.3583984375
46.4455941,-70.3173828125,67.4365234375,-79.1650390625
46.4805123,-71.2451171875,66.5576171875,-83.1689453125
46.4967502,-71.9775390625,65.9228515625,-86.3916015625
46.5324069,-72.1728515625,65.9228515625,-90.6884765625
46.5559956,-72.8076171875,64.7509765625,-94.8388671875
46.592798,-73.0517578125,65.6787109375,-94.0087890625
46.6185601,-74.3212890625,66.1669921875,-79.7509765625
46.6563941,-74.3212890625,66.7529296875,-56.0693359375
46.6769737,-74.7607421875,66.9970703125,-31.9970703125
46.7156495,-75.6396484375,68.5595703125,-14.9072265625
46.7368907,-75.9814453125,68.2177734375,-2.4072265625
46.7724071,-76.9580078125,69.5361328125,5.7470703125
46.7993999,-77.3974609375,69.2431640625,9.5556640625
46.8367252,-77.3486328125,70.3173828125,5.6494140625
46.8628416,-78.8623046875,71.2451171875,-3.3837890625
46.8909088,-78.9111328125,72.5146484375,-12.0263671875
46.9203743,-77.5927734375,71.9287109375,-15.9326171875
46.960836,-76.9580078125,71.4404296875,-19.3994140625
46.9806777,-75.2978515625,72.1240234375,-22.1337890625
47.0241202,-73.7353515625,72.5146484375,-26.5771484375
47.0417285,-72.8564453125,72.3193359375,-32.3388671875
47.0861653,-71.0498046875,71.7333984375,-37.7099609375
47.1001716,-69.4384765625,71.4404296875,-42.6904296875
47.1367252,-68.5107421875,70.9033203125,-48.5009765625
47.1584993,-68.6083984375,71.1962890625,-52.7490234375
47.1954912,-68.5595703125,70.8544921875,-57.0947265625
47.2228181,-68.0224609375,69.8291015625,-60.8056640625
47.2603369,-68.0712890625,69.6826171875,-64.9072265625
47.2829071,-68.6572265625,69.1455078125,-68.0322265625
47.3183337,-69.1943359375,68.4130859375,-72.5244140625
47.3417702,-69.0478515625,67.9248046875,-74.8193359375
47.3783714,-69.5849609375,67.2900390625,-77.5048828125
47.400853,-70.2685546875,67.0947265625,-80.0927734375
47.4397524,-70.4638671875,65.9228515625,-83.6572265625
47.4622438,-71.4892578125,65.6298828125,-87.2216796875
47.4992733,-72.4169921875,64.7998046875,-91.5673828125
47.5241111,-72.9052734375,64.8486328125,-93.0810546875
47.5604098,-73.7841796875,65.2880859375,-84.7314453125
47.5818191,-74.4189453125,65.6298828125,-62.4658203125
47.616249,-75.5419921875,65.8251953125,-37.1240234375
47.6439783,-75.6396484375,66.9970703125,-16.2255859375
47.6800794,-76.2255859375,67.2900390625,-1.2353515625
47.706427,-77.5927734375,68.2177734375,9.1650390625
47.7357078,-77.5439453125,68.5595703125,15.2685546875
47.7621811,-77.5927734375,68.2666015625,14.6337890625
47.798024,-78.9599609375,69.6337890625,7.6025390625
47.8220347,-79.0087890625,69.5849609375,-2.0166015625
47.8632772,-78.1298828125,69.5361328125,-8.3642578125
47.8863562,-77.9833984375,69.8291015625,-11.6357421875
47.9153671,-76.7138671875,69.7314453125,-14.2724609375
47.9538966,-75.8349609375,69.7802734375,-19.2041015625
47.9738544,-73.8330078125,69.8779296875,-24.3310546875
48.0129704,-72.3681640625,69.5849609375,-29.7509765625
48.0375665,-70.4638671875,69.0478515625,-35.8056640625
48.0659546,-69.3896484375,68.4619140625,-40.5908203125
48.0944657,-69.3408203125,67.4853515625,-46.0595703125
48.1305709,-68.8037109375,68.0224609375,-50.1611328125
48.1570773,-68.3642578125,67.7783203125,-54.1162109375
48.1938795,-67.5341796875,66.3623046875,-58.2666015625
48.216532,-68.3642578125,66.3134765625,-61.4404296875
48.2454628,-68.5595703125,65.7275390625,-64.9560546875
48.2833935,-68.6572265625,65.4345703125,-68.0322265625
48.3072535,-69.5361328125,64.2138671875,-70.9130859375
48.3394999,-69.3408203125,63.6279296875,-72.6708984375
48.3700718,-70.4638671875,62.4072265625,-76.2353515625
48.3966709,-70.9521484375,62.0654296875,-79.8486328125
48.4277297,-71.9775390625,61.8701171875,-83.6572265625
48.4599702,-72.9052734375,61.5771484375,-87.0751953125
48.4882489,-73.5888671875,62.9443359375,-86.2939453125
48.5206969,-73.6376953125,63.0419921875,-70.0830078125
48.548961,-74.1748046875,63.6279296875,-44.8388671875
48.5774736,-75.2978515625,64.0673828125,-22.5732421875
48.6096794,-76.1279296875,65.5810546875,-4.7021484375
48.6396756,-76.5673828125,65.7275390625,6.3818359375
48.6676353,-76.6650390625,67.2412109375,13.8525390625
48.7012247,-77.7392578125,67.5830078125,17.2705078125
48.7292144,-77.9833984375,68.7548828125,12.7294921875
48.7568666,-78.5205078125,70.7080078125,3.2080078125
48.7910656,-79.0576171875,71.0498046875,-5.3857421875
48.8204327,-78.3740234375,71.9775390625,-9.7314453125
48.8534815,-77.2998046875,72.6611328125,-12.4169921875
48.8809652,-76.2744140625,72.5634765625,-16.5673828125
48.9073411,-74.4189453125,73.1005859375,-21.0595703125
48.9441145,-73.2958984375,73.5888671875,-26.7236328125
48.9703688,-71.0986328125,73.4423828125,-31.9482421875
49.0004458,-70.0732421875,73.5400390625,-37.6611328125
49.031574,-69.5849609375,73.8818359375,-43.2763671875
49.0618015,-69.1943359375,73.8330078125,-48.9404296875
49.0932429,-68.9990234375,73.5888671875,-52.7490234375
49.1221681,-68.4130859375,73.2470703125,-56.7529296875
49.1504266,-68.6572265625,73.1005859375,-59.7802734375
49.1809914,-68.5595703125,72.5634765625,-64.2236328125
49.212555,-68.9013671875,72.3193359375,-66.8115234375
49.2411002,-68.9501953125,72.6123046875,-70.0830078125
49.2731982,-69.2919921875,72.4169921875,-72.2802734375
49.3037912,-69.5849609375,71.4892578125,-75.4052734375
49.3307707,-70.3662109375,71.6357421875,-80.0439453125
49.3642287,-71.2939453125,71.3427734375,-83.6572265625
49.3932213,-71.4892578125,71.0986328125,-87.5146484375
49.4220791,-72.4658203125,70.9521484375,-88.3935546875
49.4541917,-73.1982421875,73.1494140625,-78.3349609375
49.4840064,-73.1005859375,74.0283203125,-55.7763671875
49.5151315,-74.7119140625,75.0537109375,-30.5810546875
49.5660304,-75.0048828125,75.7373046875,-12.2216796875
49.5735203,-76.1279296875,77.5439453125,1.8896484375
49.605389,-77.0556640625,78.6669921875,11.0205078125
49.645222,-77.2509765625,79.2529296875,15.1708984375
49.6748222,-77.7880859375,79.9853515625,13.8525390625
49.6959553,-78.7158203125,81.5966796875,5.2587890625
49.7244283,-78.6181640625,82.5244140625,-4.4580078125
49.7662466,-79.0576171875,83.8427734375,-10.2685546875
49.7859531,-78.5693359375,84.2333984375,-12.9052734375
49.8139484,-77.1044921875,84.4287109375,-16.7138671875
49.8574958,-75.9326171875,84.9658203125,-21.1572265625
49.8776367,-73.8818359375,84.7705078125,-26.5771484375
49.9055227,-72.4658203125,85.6005859375,-31.6064453125
49.9394294,-70.8056640625,85.0634765625,-38.3935546875
49.9854658,-68.4619140625,85.1611328125,-43.2763671875
49.9965743,-68.0712890625,85.3564453125,-48.4033203125
50.0499562,-67.8759765625,84.7216796875,-52.6513671875
50.0559293,-67.1923828125,84.4287109375,-57.0458984375
50.0865948,-67.1435546875,84.0869140625,-60.2685546875
50.1244456,-67.2412109375,83.2568359375,-63.4912109375
50.1570851,-67.6806640625,82.5732421875,-68.2275390625
50.1795968,-68.1689453125,82.8173828125,-70.8642578125
50.2172935,-68.8525390625,81.9384765625,-73.5986328125
50.2523918,-68.9990234375,82.3291015625,-76.5283203125
50.2708917,-69.3896484375,81.1083984375,-79.6044921875
50.3101876,-70.8056640625,80.3271484375,-83.4619140625
50.3283665,-71.3427734375,79.7412109375,-87.8076171875
50.3758115,-71.6845703125,79.8876953125,-91.0302734375
50.3961101,-73.3447265625,80.1318359375,-91.1279296875
50.4209101,-73.3447265625,81.0595703125,-77.5537109375
50.4567025,-74.2724609375,81.7431640625,-52.8955078125
50.4783528,-75.3466796875,82.7197265625,-28.1884765625
50.5075053,-75.6396484375,83.5986328125,-8.8037109375
50.5462376,-76.8115234375,84.8193359375,4.1845703125
50.5669969,-77.4951171875,85.9912109375,13.1201171875
50.6028879,-77.9833984375,86.7724609375,17.8076171875
50.6298604,-79.0576171875,87.6513671875,16.0498046875
50.6713973,-79.1552734375,88.8232421875,6.5771484375
50.6916651,-79.9365234375,89.5556640625,-1.4306640625
50.7288451,-79.4482421875,89.1162109375,-7.5830078125
50.7531175,-79.1552734375,89.8974609375,-9.8291015625
50.7893074,-77.4951171875,89.7509765625,-13.8330078125
50.8094463,-75.6396484375,89.6533203125,-18.2763671875
50.8487119,-74.2724609375,89.8486328125,-23.4521484375
50.8801746,-72.0263671875,89.2626953125,-29.5068359375
50.9014567,-70.0732421875,88.9208984375,-34.6826171875
50.9388642,-68.4619140625,88.5791015625,-40.2001953125
50.9633219,-67.3876953125,88.2861328125,-44.3994140625
50.9899282,-67.3876953125,86.9677734375,-48.9404296875
51.0277206,-67.6318359375,86.1865234375,-53.1884765625
51.0592137,-67.2412109375,86.3330078125,-56.9970703125
51.0854359,-67.3388671875,84.6240234375,-60.3662109375
51.1247318,-67.7294921875,84.3310546875,-63.8818359375
51.1427148,-68.0712890625,83.8916015625,-66.9580078125
51.1804278,-68.4619140625,82.9638671875,-69.2529296875
51.2013202,-69.9267578125,82.2802734375,-72.1826171875
51.2481376,-70.8056640625,81.0595703125,-75.3564453125
51.2675252,-71.4404296875,80.1318359375,-79.5068359375
51.304139,-72.7099609375,79.3017578125,-83.3154296875
51.326075,-73.0029296875,79.2529296875,-85.3662109375
51.3565009,-74.2236328125,79.9365234375,-82.7294921875
51.4014628,-74.7607421875,80.6689453125,-64.9072265625
51.4125593,-76.0791015625,81.8896484375,-40.2490234375
51.4515486,-76.7626953125,82.8173828125,-18.5693359375
51.471708,-76.8115234375,83.8427734375,-2.3583984375
51.5106685,-77.6416015625,85.6982421875,9.5556640625
51.5327392,-78.5693359375,86.8212890625,16.7333984375
51.5704052,-79.4970703125,87.0654296875,19.2236328125
51.5968199,-80.1806640625,88.9208984375,13.9501953125
51.6348696,-80.8154296875,89.3603515625,4.0380859375
51.6545751,-81.1572265625,90.3369140625,-4.0673828125
51.6922795,-81.8896484375,90.7763671875,-7.2412109375
51.7170035,-80.3271484375,91.4599609375,-10.5615234375
51.764913,-79.1064453125,91.3623046875,-14.2724609375
51.7850121,-78.1298828125,91.3623046875,-18.9111328125
51.8066811,-76.2744140625,90.7275390625,-24.2822265625
51.8442071,-74.0771484375,91.3134765625,-30.3857421875
51.8739506,-72.3681640625,91.4599609375,-35.8544921875
51.8955726,-70.7080078125,91.2646484375,-40.2490234375
51.9332722,-71.0498046875,90.2880859375,-45.3759765625
51.9554933,-71.0498046875,90.1416015625,-49.8193359375
51.9988969,-70.8544921875,88.9697265625,-53.8720703125
52.0182879,-70.7080078125,88.6279296875,-57.1435546875
52.0599063,-71.3916015625,88.6279296875,-60.3662109375
52.0762547,-71.6845703125,88.0419921875,-63.7841796875
52.1208879,-71.8798828125,87.2119140625,-66.1767578125
52.1414105,-72.6611328125,86.4306640625,-69.3505859375
52.1778016,-73.2470703125,86.2353515625,-72.2802734375
52.1978025,-74.4189453125,85.8447265625,-76.3818359375
52.2333946,-74.9072265625,85.0634765625,-79.9951171875
52.2598376,-76.0302734375,84.4775390625,-83.8525390625
52.2980837,-77.0556640625,85.6494140625,-82.9736328125
52.3178242,-77.9833984375,86.6748046875,-68.0810546875
52.3564761,-78.9111328125,87.4072265625,-43.6669921875
52.3767647,-79.5947265625,88.6767578125,-21.3525390625
52.4145455,-80.5224609375,89.2138671875,-4.2138671875
52.4401964,-81.5478515625,90.8740234375,7.1630859375
52.4794401,-81.6455078125,91.9970703125,15.5615234375
52.5005145,-82.9150390625,93.1201171875,18.9794921875
52.5378517,-83.1103515625,93.2177734375,14.1943359375
52.5583014,-84.1357421875,94.5849609375,4.1357421875
52.6031014,-84.6728515625,95.4638671875,-3.8232421875
52.6240473,-85.3076171875,95.8056640625,-8.4619140625
52.6503545,-84.3310546875,95.8056640625,-11.1962890625
52.6882011,-83.1103515625,94.8779296875,-14.8583984375
52.7119682,-81.7919921875,95.4638671875,-18.8134765625
52.7503647,-79.2041015625,94.6826171875,-24.5263671875
52.7712232,-78.2275390625,95.0732421875,-30.8251953125
52.8114803,-76.0302734375,93.9990234375,-36.0498046875
52.8296373,-74.5166015625,93.4130859375,-41.4208984375
52.868689,-74.0771484375,92.7783203125,-46.5478515625
52.8900369,-74.3701171875,92.0947265625,-50.0634765625
52.9278624,-73.9794921875,90.7275390625,-54.2626953125
52.953375,-74.0283203125,90.7275390625,-57.7783203125
52.9828275,-74.0283203125,89.5068359375,-61.3916015625
53.0141996,-74.7607421875,88.8232421875,-64.7607421875
53.0434591,-75.3955078125,88.1884765625,-67.5439453125
53.089135,-75.4931640625,87.0654296875,-70.4248046875
53.1037983,-76.7626953125,85.9912109375,-73.2568359375
53.1413171,-77.2509765625,85.6005859375,-76.6748046875
53.1675816,-78.2763671875,83.6962890625,-81.4111328125
53.1953933,-79.2041015625,83.1591796875,-85.1708984375
53.2246636,-80.3759765625,83.1103515625,-85.8544921875
53.2572736,-80.2294921875,83.8916015625,-76.0888671875
53.2868327,-81.3037109375,85.0146484375,-53.3349609375
53.3137575,-82.7685546875,83.9404296875,-28.4814453125
53.3450814,-83.3056640625,85.4052734375,-8.2177734375
53.3753305,-84.0869140625,86.3818359375,6.6748046875
53.4125392,-84.2333984375,87.5537109375,16.8798828125
53.4366838,-85.9912109375,87.4072265625,22.3486328125
53.4659547,-86.4794921875,88.5791015625,22.7880859375
53.4969326,-86.8701171875,89.1650390625,15.0244140625
53.5258919,-87.9443359375,88.5791015625,5.3564453125
53.5550697,-87.9931640625,89.4580078125,-1.4794921875
53.5926549,-87.1630859375,89.5556640625,-3.3349609375
53.6170803,-86.5283203125,89.0185546875,-7.4853515625
53.6453967,-85.5029296875,88.1884765625,-11.1474609375
53.6834377,-83.5009765625,87.4072265625,-16.0302734375
53.7060755,-81.8408203125,86.8701171875,-22.2314453125
53.7339975,-79.9853515625,86.9677734375,-27.8955078125
53.771896,-78.0322265625,85.5029296875,-33.5107421875
53.7976396,-76.9091796875,84.9169921875,-37.9541015625
53.8284437,-76.2255859375,83.6962890625,-42.0556640625
53.8577589,-76.3720703125,83.2080078125,-46.8896484375
53.8878052,-76.0302734375,82.3291015625,-50.2587890625
53.9182099,-76.2744140625,80.7177734375,-53.8720703125
53.9482903,-76.6162109375,80.7177734375,-57.2412109375
53.9769893,-76.4697265625,79.4970703125,-59.5361328125
54.0095525,-78.1787109375,79.1552734375,-62.4658203125
54.0361585,-78.3740234375,77.8857421875,-65.2490234375
54.0677183,-78.5693359375,76.8115234375,-67.6416015625
54.1015336,-80.0830078125,75.4443359375,-71.8408203125
54.1287369,-80.3271484375,74.7607421875,-76.2353515625
54.1555756,-81.3037109375,73.9306640625,-78.5791015625
54.189446,-82.2802734375,74.4189453125,-74.0869140625
54.2179058,-82.7197265625,74.8095703125,-55.4345703125
54.2503657,-83.6962890625,75.2001953125,-29.8974609375
54.2793713,-84.3310546875,75.9814453125,-8.9501953125
54.3078164,-85.0634765625,76.7626953125,5.8935546875
54.3421595,-85.9423828125,79.4482421875,16.4892578125
54.3708482,-86.8212890625,79.9853515625,23.0322265625
54.4033493,-87.5048828125,81.0595703125,25.4248046875
54.4308627,-88.1884765625,81.4990234375,19.9072265625
54.4598506,-88.8232421875,81.6455078125,9.2626953125
54.4899413,-89.8486328125,82.1826171875,2.2802734375
54.5218494,-89.7509765625,83.4033203125,-1.8701171875
54.5500395,-88.2373046875,82.5244140625,-4.4580078125
54.5824305,-87.5537109375,83.2080078125,-8.5595703125
54.612488,-86.6259765625,83.0126953125,-13.2470703125
54.6402983,-84.7216796875,83.2568359375,-18.8623046875
54.683114,-82.6708984375,83.0615234375,-24.2822265625
54.7000882,-81.5478515625,82.8662109375,-29.4580078125
54.7438058,-79.6923828125,82.1337890625,-33.9501953125
54.763205,-79.2041015625,82.5732421875,-39.5654296875
54.7909482,-79.8388671875,81.4013671875,-43.1787109375
54.8361892,-79.3994140625,81.4501953125,-47.6708984375
54.8525642,-78.9599609375,80.9130859375,-51.3818359375
54.8815176,-79.2041015625,81.1572265625,-54.2138671875
54.914636,-79.4482421875,80.4736328125,-56.9970703125
54.9435522,-79.4970703125,78.8134765625,-59.2431640625
54.9835818,-79.3505859375,78.3740234375,-63.6376953125
55.0036699,-80.7177734375,78.0322265625,-66.3720703125
55.0414052,-81.8896484375,76.3232421875,-71.0595703125
55.0627737,-81.8408203125,76.7138671875,-74.3310546875
55.1052829,-83.4521484375,77.0068359375,-76.5771484375
55.1241796,-84.2333984375,76.8603515625,-69.3017578125
55.165054,-84.2822265625,77.2998046875,-48.5986328125
55.1850096,-84.5263671875,78.6669921875,-24.3798828125
55.2280341,-86.0888671875,78.4716796875,-3.9697265625
55.257221,-86.6748046875,79.6435546875,9.6533203125
55.2748611,-87.1142578125,79.9365234375,19.0283203125
55.3122019,-87.9443359375,81.0107421875,24.3505859375
55.3351629,-88.5302734375,81.9873046875,24.9853515625
55.3740155,-89.5068359375,82.0361328125,17.5146484375
55.3938723,-89.7021484375,82.4267578125,6.3330078125
55.4357003,-89.8974609375,83.4521484375,-0.3076171875
55.4543297,-90.4833984375,83.0126953125,-2.9931640625
55.4963271,-89.6533203125,83.6474609375,-5.8251953125
55.5174475,-88.5302734375,83.1591796875,-9.7314453125
55.554867,-87.7978515625,82.6708984375,-14.7607421875
55.5843524,-85.8935546875,82.3291015625,-20.3271484375
55.6073852,-84.1357421875,82.2802734375,-25.1123046875
55.6429173,-82.6220703125,81.7431640625,-30.6298828125
55.6667966,-81.4990234375,81.4501953125,-35.2197265625
55.7047199,-81.0107421875,80.4248046875,-39.9560546875
55.7252451,-80.5224609375,79.8388671875,-44.3017578125
55.7721941,-80.4736328125,79.1064453125,-47.6220703125
55.8035936,-80.1806640625,78.8134765625,-51.4794921875
55.8206959,-80.1806640625,77.3486328125,-54.3603515625
55.8651801,-80.6201171875,77.2021484375,-57.8271484375
55.8751022,-80.6689453125,76.0791015625,-60.8544921875
55.9157434,-81.8408203125,75.6884765625,-63.9794921875
55.9382852,-82.3779296875,74.7607421875,-66.7138671875
55.9769245,-83.1591796875,74.0283203125,-70.4248046875
55.9993537,-83.6962890625,72.7099609375,-74.3310546875
56.0385063,-84.4287109375,72.4169921875,-77.2607421875
56.0589697,-85.6982421875,72.3193359375,-76.3330078125
56.0986766,-85.8447265625,73.1005859375,-61.2939453125
56.1192322,-86.7236328125,74.3701171875,-36.2451171875
56.1541949,-87.7001953125,73.9794921875,-13.1005859375
56.1796226,-87.8955078125,74.9560546875,4.4287109375
56.2149734,-88.4814453125,75.5908203125,16.7822265625
56.2416053,-89.0185546875,76.4697265625,24.7412109375
56.281504,-89.9462890625,77.1533203125,28.9892578125
56.3016808,-90.6787109375,77.2509765625,26.9873046875
56.3374367,-91.0693359375,77.2021484375,17.3681640625
56.3609116,-91.2646484375,77.7880859375,9.1650390625
56.3969817,-91.8017578125,78.6181640625,3.7939453125
56.4225711,-91.8994140625,78.4716796875,1.0595703125
56.4605525,-90.3369140625,78.8134765625,-2.3095703125
56.4834506,-89.9951171875,77.8369140625,-7.0947265625
56.5185878,-88.5302734375,78.7158203125,-12.2216796875
56.5387292,-87.0166015625,77.9833984375,-16.6650390625
56.5870088,-85.4052734375,77.6416015625,-22.9150390625
56.6076696,-83.5009765625,77.2021484375,-27.8466796875
56.6510449,-81.7919921875,76.8115234375,-32.5341796875
56.6639373,-81.4501953125,76.2744140625,-36.9287109375
56.6995258,-82.0361328125,75.7373046875,-41.0302734375
56.7197081,-81.4501953125,75.3466796875,-44.7900390625
56.7573909,-80.7666015625,73.9306640625,-47.7197265625
56.7829497,-81.2548828125,73.2958984375,-51.4794921875
56.8222003,-81.2060546875,73.0029296875,-54.2138671875
56.852847,-82.2802734375,71.8798828125,-56.8994140625
56.8720958,-81.9873046875,71.9287109375,-60.2685546875
56.9079905,-82.7685546875,71.6845703125,-63.4423828125
56.9347155,-83.4033203125,70.0732421875,-66.6162109375
56.9722315,-84.4287109375,69.2919921875,-70.4248046875
56.9940095,-85.5029296875,69.0966796875,-73.9404296875
57.0293642,-86.0400390625,70.7568359375,-71.8896484375
57.0551493,-86.0400390625,71.0498046875,-56.1669921875
57.0944283,-87.3095703125,70.9033203125,-31.8017578125
57.1147911,-88.1884765625,72.5634765625,-10.2685546875
57.1519327,-88.5791015625,73.2470703125,6.3818359375
57.1770966,-88.3349609375,74.2724609375,17.2216796875
57.2252841,-89.6533203125,76.5185546875,24.1064453125
57.2550108,-90.2880859375,77.4462890625,27.2314453125
57.2659719,-90.8251953125,78.1787109375,22.8857421875
57.3044432,-91.2158203125,78.8623046875,12.7783203125
57.3355461,-91.6064453125,79.4482421875,4.7216796875
57.3553726,-92.7294921875,80.0341796875,0.8642578125
57.3927548,-92.7294921875,80.7666015625,-2.7490234375
57.4167678,-91.2646484375,81.1083984375,-6.2158203125
57.4533658,-90.2880859375,82.2314453125,-10.4150390625
57.4758223,-89.2626953125,82.8662109375,-15.6396484375
57.5132039,-87.3095703125,82.5732421875,-21.0595703125
57.5349306,-85.5029296875,83.7451171875,-26.4306640625
57.5715196,-84.7216796875,83.5009765625,-31.8017578125
57.5967459,-83.3544921875,82.9638671875,-36.2451171875
57.6346994,-82.9150390625,83.2080078125,-40.8837890625
57.6573988,-82.3779296875,82.7685546875,-44.3994140625
57.693987,-82.0361328125,82.7197265625,-47.9638671875
57.721943,-82.0849609375,81.9384765625,-51.6259765625
57.7580903,-82.1826171875,81.7919921875,-55.3369140625
57.7782294,-82.5732421875,81.4501953125,-57.9248046875
57.8139864,-82.5732421875,81.1572265625,-60.2685546875
57.8380163,-83.1103515625,81.0107421875,-63.8330078125
57.875878,-83.4521484375,80.0830078125,-67.7392578125
57.9008056,-84.4287109375,79.2041015625,-71.4990234375
57.9340298,-84.6240234375,78.3740234375,-75.6005859375
57.9557479,-85.2099609375,79.9365234375,-76.5283203125
57.9928291,-86.3330078125,80.9130859375,-66.7626953125
58.0192736,-86.5771484375,81.6943359375,-44.5458984375
58.0571517,-87.4560546875,82.3779296875,-21.2060546875
58.0807236,-87.8955078125,84.2822265625,-2.8466796875
58.1174897,-88.1884765625,85.5517578125,9.6533203125
58.1412857,-89.7509765625,87.1630859375,18.7841796875
58.1768059,-89.9951171875,88.1884765625,23.1787109375
58.2000217,-90.6298828125,88.6279296875,22.0556640625
58.2359356,-91.1181640625,89.4580078125,13.5107421875
58.259573,-91.7529296875,91.1181640625,4.1357421875
58.2970401,-92.5341796875,91.9970703125,-1.7236328125
58.3209828,-92.5830078125,91.9482421875,-4.7998046875
58.3592786,-91.9970703125,91.8017578125,-8.1201171875
58.3818201,-90.1416015625,93.2666015625,-12.3681640625
58.4140908,-89.2138671875,92.8271484375,-16.3720703125
58.4423053,-87.7490234375,91.9482421875,-21.9384765625
58.4796358,-86.0400390625,92.0458984375,-28.1396484375
58.502692,-85.0146484375,92.1923828125,-33.4130859375
58.546236,-82.6708984375,91.6552734375,-38.5400390625
58.5650634,-81.9384765625,90.4833984375,-43.6181640625
58.5920787,-81.3037109375,90.3369140625,-47.2314453125
58.6290449,-81.4501953125,89.7509765625,-50.6982421875
58.6547843,-80.7177734375,89.0185546875,-54.4580078125
58.6822871,-80.5712890625,88.5791015625,-58.5107421875
58.7187333,-80.4248046875,87.3095703125,-61.0498046875
58.742478,-80.7666015625,87.0654296875,-64.1259765625
58.7748262,-81.4013671875,85.6982421875,-66.5185546875
58.806545,-82.3779296875,84.4287109375,-70.0830078125
58.8364268,-82.3779296875,84.7216796875,-74.4775390625
58.8641154,-82.3779296875,82.6220703125,-77.5537109375
58.8952927,-84.1357421875,82.0849609375,-81.1669921875
58.9265853,-84.4287109375,83.0615234375,-81.5576171875
58.9546921,-85.2099609375,83.5009765625,-68.4716796875
58.9857195,-85.7470703125,83.6962890625,-44.5458984375
59.0146133,-86.3818359375,84.9658203125,-20.6201171875
59.0414925,-87.4072265625,85.8447265625,-3.4326171875
59.0802359,-87.5048828125,87.0166015625,9.6044921875
59.1050973,-88.8720703125,88.9697265625,17.8564453125
59.1309538,-88.9697265625,88.8232421875,21.3232421875
59.1672272,-89.4091796875,89.3603515625,20.6884765625
59.1964272,-90.4345703125,90.6298828125,12.2412109375
59.229617,-90.9716796875,91.9482421875,2.9150390625
59.2574281,-91.4111328125,92.0947265625,-2.0654296875
59.2844964,-91.7529296875,92.2900390625,-4.8486328125
59.3193062,-91.5576171875,92.6318359375,-7.9248046875
59.3457845,-90.2880859375,91.4599609375,-12.5634765625
59.3766418,-88.7744140625,92.1923828125,-17.7880859375
59.4072515,-86.8212890625,91.5087890625,-23.3544921875
59.4381698,-85.1611328125,90.5810546875,-28.9208984375
59.4819625,-83.4521484375,90.2880859375,-34.6337890625
59.4993167,-81.9873046875,89.6044921875,-39.0283203125
59.5280939,-80.2783203125,88.6767578125,-43.9599609375
59.5598922,-80.1318359375,87.7978515625,-48.0615234375
59.6022515,-80.1806640625,86.9677734375,-51.4794921875
59.6175715,-79.2041015625,86.8701171875,-55.4345703125
59.6490141,-78.7646484375,85.5517578125,-59.0966796875
59.6794538,-79.0576171875,84.9658203125,-61.9287109375
59.7245386,-79.4970703125,84.2333984375,-64.9072265625
59.7411924,-79.7900390625,83.8916015625,-67.4462890625
59.7961249,-80.1806640625,81.5478515625,-71.4501953125
59.79706,-81.3525390625,81.7919921875,-74.6240234375
59.8430592,-81.4990234375,80.6689453125,-77.9931640625
59.856761,-82.8173828125,80.4736328125,-81.0693359375
59.9193146,-82.7685546875,81.7431640625,-78.9208984375
59.9205362,-83.9892578125,82.5244140625,-61.1474609375
59.9477961,-84.7216796875,82.9150390625,-37.1728515625
59.9928661,-85.6494140625,85.1611328125,-16.3232421875
60.0098798,-85.6982421875,85.8935546875,-1.2353515625
60.0556411,-86.3818359375,86.7236328125,8.6279296875
60.0758918,-87.3583984375,87.8466796875,14.2919921875
60.1132468,-88.2861328125,88.4814453125,16.1474609375
60.1278311,-88.1884765625,88.9208984375,10.5322265625
60.1754426,-89.0185546875,89.0185546875,-0.6494140625
60.192438,-89.5556640625,89.8974609375,-7.2900390625
60.2340308,-90.1416015625,89.9462890625,-11.7333984375
60.2515638,-90.5322265625,90.4345703125,-13.5400390625
60.2811111,-89.6533203125,90.1416015625,-17.5927734375
60.3238314,-88.2373046875,90.1416015625,-21.9873046875
60.3438724,-86.5283203125,89.9951171875,-26.8212890625
60.3904754,-86.3330078125,89.2626953125,-32.8759765625
60.412258,-83.8916015625,88.0908203125,-38.2470703125
60.431693,-82.4755859375,88.7255859375,-44.1064453125
60.4716275,-80.7177734375,87.0654296875,-47.9150390625
60.4942784,-79.4970703125,87.8466796875,-52.3095703125
60.5326951,-79.5458984375,87.1630859375,-56.3623046875
60.5628932,-79.7412109375,86.0400390625,-60.5126953125
60.5839105,-78.0810546875,85.6982421875,-63.5888671875
60.6249578,-78.4716796875,85.1123046875,-66.5673828125
60.6452241,-79.3017578125,84.7705078125,-70.0830078125
60.6845264,-79.5458984375,83.4033203125,-72.9638671875
60.7167109,-79.3017578125,83.2080078125,-75.8447265625
60.7400585,-80.3271484375,82.6220703125,-79.2626953125
60.7772184,-80.3271484375,81.4501953125,-83.1201171875
60.7971065,-81.5966796875,80.6201171875,-86.9775390625
60.8347139,-82.4755859375,80.8642578125,-89.0771484375
60.8572189,-83.0126953125,81.4013671875,-84.1943359375
60.8925865,-83.3056640625,82.0849609375,-63.1494140625
60.9156971,-84.6728515625,82.0361328125,-38.6376953125
60.9686666,-85.1611328125,83.2080078125,-18.5693359375
60.9980099,-85.0146484375,84.2333984375,-4.1162109375
61.0058836,-85.9912109375,85.7470703125,5.2099609375
61.041904,-87.0166015625,85.6982421875,10.6787109375
61.0654856,-87.8955078125,86.3330078125,11.5087890625
61.1079106,-88.8232421875,86.6259765625,3.9892578125
61.1282953,-88.6279296875,87.9931640625,-5.9716796875
61.1662064,-90.3857421875,87.4560546875,-12.6611328125
61.1883274,-90.4345703125,87.8466796875,-16.2255859375
61.2298976,-90.0927734375,87.7001953125,-19.1064453125
61.2499762,-89.7998046875,86.4794921875,-22.6708984375
61.2872208,-87.6025390625,87.0166015625,-26.3330078125
61.307073,-86.6748046875,86.2841796875,-32.3876953125
61.3452516,-85.5517578125,85.4541015625,-38.1982421875
61.3656639,-83.3056640625,85.0634765625,-43.1787109375
61.4032733,-82.0361328125,85.0634765625,-48.9404296875
61.4270652,-79.8388671875,83.5498046875,-53.0908203125
61.463355,-78.6669921875,83.1591796875,-57.5830078125
61.4901417,-78.6669921875,81.9873046875,-60.7080078125
61.527186,-78.1787109375,81.7431640625,-65.0048828125
61.5490394,-78.1787109375,80.8154296875,-68.8134765625
61.5827784,-77.5927734375,79.1064453125,-71.8896484375
61.6054932,-78.1787109375,78.4716796875,-74.9169921875
61.6435862,-79.4970703125,77.4951171875,-77.9931640625
61.6673744,-78.9111328125,76.4697265625,-80.5322265625
61.7043177,-79.9853515625,75.4931640625,-83.8037109375
61.7283754,-80.1318359375,74.0283203125,-86.9775390625
61.7668798,-80.4248046875,73.1005859375,-91.0791015625
61.79157,-82.2314453125,72.5634765625,-93.5205078125
61.8279324,-82.2314453125,73.6865234375,-88.0517578125
61.8490436,-83.0126953125,72.5146484375,-66.6162109375
61.885663,-83.7451171875,73.0517578125,-41.4208984375
61.9120588,-84.8681640625,73.9794921875,-19.8388671875
61.9490626,-85.5029296875,75.2490234375,-4.9951171875
61.9728109,-85.5029296875,75.6396484375,5.8447265625
62.0058724,-86.2841796875,75.8837890625,11.2646484375
62.0314141,-86.7724609375,76.7626953125,13.0712890625
62.0686149,-87.9443359375,76.3232421875,6.1376953125
62.0903383,-88.1396484375,77.2021484375,-4.8974609375
62.1277103,-88.7744140625,76.9091796875,-11.0986328125
62.1555521,-89.4580078125,77.3974609375,-14.2724609375
62.1932006,-89.8974609375,76.6162109375,-17.4951171875
62.2133645,-89.5556640625,76.7138671875,-21.1572265625
62.2483248,-87.7490234375,75.7373046875,-25.7470703125
62.269614,-86.8212890625,75.6884765625,-31.0205078125
62.3073311,-85.7470703125,74.3701171875,-36.9287109375
62.3309065,-83.5498046875,74.3212890625,-42.2509765625
62.3669367,-81.4990234375,73.9306640625,-47.5732421875
62.3961503,-79.4482421875,72.8564453125,-52.6025390625
62.4376629,-79.0576171875,72.3193359375,-56.5087890625
62.4558255,-77.8369140625,70.4638671875,-60.3173828125
62.4926264,-77.5927734375,70.6591796875,-64.0771484375
62.5127276,-77.1044921875,69.3896484375,-67.5439453125
62.5483994,-77.3486328125,68.8525390625,-70.7666015625
62.5742006,-77.9833984375,68.1201171875,-73.8427734375
62.6117144,-77.7392578125,67.6318359375,-76.4306640625
62.6332281,-78.4716796875,66.1669921875,-79.4091796875
62.6686784,-78.7158203125,65.9716796875,-83.0712890625
62.6968985,-78.9599609375,64.2626953125,-86.8798828125
62.7335658,-80.0830078125,63.9208984375,-90.2978515625
62.7545273,-80.8154296875,64.6044921875,-92.1044921875
62.7953258,-81.1083984375,65.3369140625,-84.8779296875
62.8155485,-81.7431640625,66.1669921875,-62.7587890625
62.8508253,-82.5244140625,66.4599609375,-38.0517578125
62.8788964,-83.0615234375,67.7783203125,-18.5693359375
62.9155795,-83.6474609375,68.7060546875,-4.5068359375
62.9358996,-84.8681640625,70.6103515625,3.8427734375
62.98205,-85.0634765625,70.7568359375,8.4326171875
63.002643,-85.8447265625,71.3427734375,8.2373046875
63.0222696,-85.8447265625,72.5634765625,-0.2099609375
63.0591611,-86.5283203125,72.8076171875,-10.4150390625
63.0842118,-87.6025390625,73.9306640625,-16.2255859375
63.1207341,-88.0908203125,75.0048828125,-19.0087890625
63.1463331,-88.5791015625,74.5166015625,-21.8408203125
63.1830721,-87.5537109375,75.3955078125,-26.0888671875
63.2088331,-86.2841796875,75.1025390625,-31.3134765625
63.2380961,-84.7705078125,74.9560546875,-37.2705078125
63.2800135,-83.4521484375,75.2001953125,-42.2509765625
63.3003889,-81.6943359375,74.2724609375,-48.0615234375
63.344308,-79.9853515625,73.9306640625,-52.4560546875
63.364633,-77.9833984375,73.1494140625,-58.1201171875
63.3916022,-76.9580078125,73.7353515625,-61.9287109375
63.438839,-76.6162109375,72.7587890625,-65.5419921875
63.4465124,-76.0302734375,72.4169921875,-69.4482421875
63.49885,-75.5908203125,71.4404296875,-73.4521484375
63.5203977,-75.3955078125,71.4404296875,-76.1376953125
63.5343731,-75.5908203125,71.0498046875,-79.1650390625
63.572463,-75.8837890625,69.9267578125,-81.6552734375
63.5997066,-76.4208984375,69.0966796875,-84.7802734375
63.6368849,-77.3486328125,69.2919921875,-88.4912109375
63.6607099,-77.4462890625,68.2177734375,-92.5439453125
63.698239,-78.3251953125,68.0712890625,-95.8154296875
63.7226209,-78.5205078125,68.9013671875,-94.4970703125
63.7507719,-79.6435546875,69.7802734375,-78.9697265625
63.7961979,-81.0107421875,70.0244140625,-54.7021484375
63.8118132,-81.2548828125,71.1474609375,-31.7041015625
63.8476667,-82.2314453125,71.9287109375,-13.9794921875
63.869206,-82.9638671875,73.2958984375,-2.3583984375
63.9059445,-83.0126953125,73.7841796875,5.3076171875
63.9295431,-83.9892578125,74.5166015625,7.6513671875
63.9666566,-84.7216796875,75.0537109375,3.3056640625
63.9925887,-85.2587890625,76.3720703125,-8.3154296875
64.0216065,-85.4052734375,77.0068359375,-17.3486328125
64.0571013,-86.6259765625,77.8369140625,-21.5478515625
64.0831288,-86.9677734375,77.2998046875,-23.7451171875
64.1112081,-87.4072265625,78.3251953125,-26.7724609375
64.1472652,-86.2353515625,78.3251953125,-30.7763671875
64.1695415,-84.9658203125,77.5927734375,-36.5869140625
64.2042662,-83.9892578125,78.2763671875,-41.9580078125
64.2326187,-81.6943359375,78.1298828125,-47.7197265625
64.2612477,-79.3505859375,77.1044921875,-52.4560546875
64.2957756,-77.7880859375,77.2998046875,-57.1923828125
64.3240035,-76.1767578125,76.6650390625,-62.0263671875
64.3524103,-75.2001953125,76.4208984375,-65.5908203125
64.3899915,-75.0048828125,75.5419921875,-69.8388671875
64.4148882,-74.9072265625,75.2978515625,-72.7197265625
64.4420277,-74.5166015625,74.3701171875,-76.3330078125
64.4799489,-74.8583984375,73.1494140625,-78.8232421875
64.5055069,-74.8583984375,72.8564453125,-82.0458984375
64.5384693,-75.2001953125,71.4404296875,-84.3408203125
64.5807276,-76.1279296875,71.1962890625,-87.7587890625
64.5926836,-76.4697265625,70.0732421875,-91.7138671875
64.6269556,-77.0556640625,69.7314453125,-95.3271484375
64.6567391,-78.0810546875,68.8525390625,-98.1591796875
64.6856689,-78.9599609375,69.2919921875,-95.3759765625
64.7166402,-79.8876953125,70.7568359375,-78.2373046875
64.7451867,-80.7666015625,71.5869140625,-52.2119140625
64.7898583,-81.3037109375,72.0263671875,-29.2138671875
64.8058591,-82.6220703125,73.4423828125,-11.4404296875
64.8501548,-82.8173828125,74.4189453125,0.7666015625
64.8645102,-84.1845703125,76.0302734375,8.2861328125
64.897904,-84.6240234375,77.2021484375,10.9716796875
64.9507501,-85.6494140625,77.4462890625,6.5771484375
64.9568378,-86.7236328125,79.1552734375,-3.4814453125
64.9881071,-87.2607421875,79.8876953125,-12.7587890625
65.0153898,-88.3349609375,80.3271484375,-15.9326171875
65.0617899,-88.5302734375,80.6201171875,-18.7158203125
65.0787272,-89.5556640625,81.0595703125,-23.1591796875
65.1111434,-87.8466796875,81.1572265625,-26.7724609375
65.1549637,-86.1376953125,81.1572265625,-32.2900390625
65.1680838,-85.2099609375,80.2294921875,-38.1494140625
65.1959861,-83.0615234375,80.9619140625,-43.5205078125
65.2427448,-81.6455078125,80.7666015625,-48.7451171875
65.2570706,-79.0087890625,79.6923828125,-54.0185546875
65.3039393,-77.2998046875,79.0087890625,-57.7294921875
65.3235849,-76.4697265625,78.6181640625,-61.6357421875
65.3628599,-76.6162109375,78.4228515625,-65.3466796875
65.380617,-76.0791015625,78.6181640625,-68.7646484375
65.4217754,-75.6396484375,77.4462890625,-72.0361328125
65.4420843,-76.2744140625,76.7138671875,-74.8193359375
65.4853839,-76.0791015625,76.3232421875,-77.2607421875
65.5046139,-76.7138671875,75.6396484375,-80.3857421875
65.540613,-77.7392578125,75.3466796875,-84.1943359375
65.5604877,-78.6181640625,75.0537109375,-87.4658203125
65.6110885,-79.4970703125,74.8583984375,-91.5673828125
65.622553,-80.0830078125,75.3955078125,-92.6416015625
65.659449,-81.0595703125,76.6162109375,-82.0458984375
65.6808879,-82.3291015625,77.5439453125,-58.5595703125
65.7377258,-83.2080078125,79.3017578125,-34.4873046875
65.757658,-84.0380859375,81.4013671875,-15.7373046875
65.7686575,-85.1123046875,82.6220703125,-2.7001953125
65.8131712,-85.5029296875,84.4775390625,5.3564453125
65.8346424,-86.8212890625,85.0146484375,9.2138671875
65.8708297,-87.5537109375,86.2353515625,6.3818359375
65.8911306,-88.6767578125,87.5048828125,-4.1650390625
65.9348446,-89.4580078125,88.1396484375,-14.7119140625
65.9569671,-90.0927734375,89.5068359375,-19.6435546875
65.993322,-90.6787109375,89.7021484375,-22.2314453125
66.0135705,-91.5087890625,90.8740234375,-25.8935546875
66.0529365,-90.8740234375,90.9228515625,-29.5556640625
66.0730497,-90.0927734375,90.4345703125,-34.5849609375
66.114149,-89.1650390625,90.8740234375,-39.9560546875
66.1364665,-87.0654296875,89.7998046875,-46.2060546875
66.1723448,-85.4052734375,89.8974609375,-51.8701171875
66.1941112,-84.1845703125,89.5556640625,-56.8505859375
66.2292227,-82.1826171875,89.7509765625,-60.6591796875
66.2509479,-81.3037109375,88.7744140625,-64.8095703125
66.2919095,-81.7431640625,87.4560546875,-69.0087890625
66.3141888,-80.9619140625,87.1142578125,-72.4755859375
66.3515122,-81.2548828125,86.7236328125,-75.3076171875
66.3771845,-81.2548828125,85.9912109375,-78.6767578125
66.4141178,-81.4501953125,85.2099609375,-81.0205078125
66.4358246,-82.3779296875,84.5263671875,-83.7060546875
66.4719621,-82.8662109375,83.7939453125,-88.1982421875
66.4944691,-83.4521484375,83.1591796875,-91.7626953125
66.5482353,-83.9892578125,83.2568359375,-96.2548828125
66.5674365,-84.3798828125,84.4775390625,-97.4755859375
66.5850872,-85.6494140625,84.1357421875,-89.9560546875
66.6265081,-86.6748046875,85.0634765625,-68.3740234375
66.646623,-87.4072265625,86.6748046875,-42.8369140625
66.686567,-88.4326171875,86.6748046875,-21.6943359375
66.707533,-89.5556640625,88.8232421875,-5.8740234375
66.7448502,-89.6044921875,89.3115234375,3.5986328125
66.7687114,-90.7763671875,90.0927734375,9.5068359375
66.8047792,-91.6552734375,91.1181640625,8.9697265625
66.8249925,-92.1923828125,92.4853515625,0.5712890625
66.8612965,-93.3642578125,92.4853515625,-10.3662109375
66.8886053,-93.9990234375,93.1689453125,-17.2998046875
66.9243794,-94.4873046875,93.7548828125,-20.2783203125
66.9484524,-95.7568359375,93.3154296875,-22.8173828125
66.9858741,-95.6103515625,93.5107421875,-25.9912109375
67.0082053,-94.6337890625,93.3642578125,-30.3369140625
67.0479802,-92.9248046875,92.4853515625,-36.1962890625
67.0689081,-91.6552734375,92.2900390625,-41.5185546875
67.1030396,-91.2646484375,91.6552734375,-47.4755859375
67.1318772,-88.3349609375,90.4833984375,-52.5537109375
67.1747911,-87.0166015625,89.2138671875,-57.1435546875
67.1950681,-85.7958984375,88.3349609375,-61.4404296875
67.2323665,-84.9169921875,87.2119140625,-65.3955078125
67.2528987,-84.9169921875,86.3330078125,-68.0322265625
67.294153,-84.9169921875,85.7958984375,-72.4755859375
67.3171792,-84.5751953125,84.4287109375,-74.8681640625
67.33812,-84.7216796875,83.9404296875,-77.6025390625
67.369158,-85.3564453125,82.4267578125,-79.8974609375
67.404573,-85.4052734375,81.7431640625,-83.9013671875
67.4284332,-86.3330078125,80.9619140625,-87.2705078125
67.4683794,-86.7724609375,79.0087890625,-90.8837890625
67.4885793,-86.7724609375,79.3994140625,-93.9111328125
67.5233323,-87.7490234375,79.3994140625,-93.1298828125
67.5511669,-88.7255859375,79.4482421875,-77.1142578125
67.5890301,-89.3603515625,80.0830078125,-51.8701171875
67.611917,-90.1416015625,80.7177734375,-27.3583984375
67.65848,-90.5322265625,81.5966796875,-8.3642578125
67.6782098,-91.3134765625,82.7197265625,4.2333984375
67.7136446,-92.4853515625,83.8916015625,12.8759765625
67.7336154,-93.2177734375,83.6474609375,15.8544921875
67.7835068,-93.3642578125,84.8193359375,12.6806640625
67.8140292,-94.2919921875,84.8681640625,2.8173828125
67.821808,-94.6826171875,85.3564453125,-5.9228515625
67.8607814,-96.0498046875,84.9658203125,-10.3662109375
67.8902873,-96.5869140625,85.1611328125,-12.8076171875
67.9270091,-97.1728515625,85.3564453125,-15.4931640625
67.9470741,-96.7333984375,85.4541015625,-20.6689453125
67.9842869,-95.2685546875,83.7939453125,-25.7470703125
68.0043405,-94.4384765625,83.5986328125,-31.1669921875
68.0404424,-93.7548828125,82.9150390625,-36.7333984375
68.0623148,-91.0693359375,81.9384765625,-42.5927734375
68.0947626,-89.8486328125,81.4990234375,-47.1826171875
68.1256753,-87.9931640625,80.8642578125,-51.5283203125
68.1612557,-86.8701171875,80.3271484375,-55.7275390625
68.1876974,-86.9677734375,79.0576171875,-60.0732421875
68.2250115,-86.6259765625,78.8623046875,-62.1728515625
68.2452897,-86.4306640625,77.9833984375,-66.1279296875
68.2816641,-85.8935546875,77.0556640625,-68.3251953125
68.304761,-85.3076171875,77.0068359375,-71.3037109375
68.3430037,-86.5283203125,76.6650390625,-74.6728515625
68.3751557,-86.2841796875,74.9072265625,-78.9208984375
68.3946176,-86.6748046875,74.9072265625,-82.0947265625
68.4318067,-87.9443359375,74.6142578125,-85.7568359375
68.4551983,-88.4326171875,75.1513671875,-85.3173828125
68.4929529,-89.2138671875,76.5673828125,-70.9619140625
68.5135204,-90.3857421875,77.4462890625,-46.7431640625
68.5508158,-90.3857421875,78.3740234375,-22.1826171875
68.5763538,-91.3134765625,79.7900390625,-4.1162109375
68.6153316,-91.8994140625,80.2294921875,7.7978515625
68.6372431,-91.8505859375,81.0107421875,14.5849609375
68.6866014,-92.5341796875,81.8408203125,16.5380859375
68.7076361,-93.8037109375,81.3037109375,11.8994140625
68.7261076,-94.0478515625,82.8173828125,1.1572265625
68.7668252,-95.1220703125,83.5009765625,-7.5830078125
68.7882196,-95.7080078125,83.8427734375,-11.6357421875
68.8265822,-96.4892578125,83.8916015625,-14.3212890625
68.8460463,-96.8310546875,84.1357421875,-17.8857421875
68.8842783,-96.3427734375,82.9150390625,-22.6708984375
68.9099785,-95.7568359375,83.5498046875,-28.9208984375
68.9398593,-94.4384765625,82.8662109375,-34.0478515625
68.9785533,-93.8037109375,82.3779296875,-40.0537109375
68.9969846,-92.3388671875,81.6455078125,-46.4013671875
69.0342129,-90.4345703125,81.3525390625,-51.6748046875
69.0570782,-89.4580078125,80.0830078125,-56.6064453125
69.108143,-87.8466796875,79.8388671875,-60.4150390625
69.1283867,-86.8212890625,79.9365234375,-64.7607421875
69.1476608,-86.9677734375,78.5205078125,-67.4462890625
69.1883808,-86.6748046875,78.0322265625,-70.8642578125
69.2104731,-86.2841796875,77.5927734375,-74.2333984375
69.2465687,-86.5771484375,76.1767578125,-77.3583984375
69.2718015,-86.7724609375,75.4443359375,-79.8486328125
69.3007723,-86.6748046875,74.7607421875,-84.2431640625
69.3291023,-87.6513671875,74.0771484375,-88.1982421875
69.3742797,-88.0908203125,72.9541015625,-91.4208984375
69.388618,-88.2373046875,74.7119140625,-90.8349609375
69.4276031,-89.9951171875,74.9072265625,-75.5517578125
69.450407,-89.8974609375,75.3466796875,-49.9169921875
69.4815724,-90.4833984375,74.9072265625,-25.4052734375
69.5161541,-90.9228515625,75.5419921875,-6.3623046875
69.5436522,-91.6064453125,76.7138671875,7.2607421875
69.5698018,-92.9248046875,77.2509765625,14.8291015625
69.6072115,-93.2177734375,77.8369140625,18.0029296875
69.6324745,-94.2919921875,78.6669921875,13.6572265625
69.6590461,-94.9755859375,78.6669921875,3.4521484375
69.6939647,-95.1708984375,79.8388671875,-5.2880859375
69.7223555,-96.3916015625,80.1806640625,-10.0732421875
69.750854,-96.8310546875,79.1064453125,-12.7099609375
69.7868613,-96.8798828125,79.0087890625,-16.5185546875
69.8309748,-96.9775390625,78.9599609375,-20.8642578125
69.8449052,-96.5380859375,78.6669921875,-26.3818359375
69.8731484,-94.4873046875,78.5693359375,-32.4365234375
69.9003874,-93.9013671875,76.9580078125,-38.3935546875
69.9390996,-92.7294921875,76.6162109375,-44.2529296875
69.982996,-90.9716796875,75.6396484375,-49.1845703125
69.9916288,-89.0673828125,75.4443359375,-53.7255859375
70.0267687,-87.3095703125,74.0771484375,-57.7294921875
70.0523551,-86.7724609375,72.6123046875,-61.9775390625
70.0945343,-86.0400390625,72.1240234375,-65.8837890625
70.1160479,-85.6982421875,71.0009765625,-69.4970703125
70.1719483,-85.1123046875,70.2685546875,-72.3779296875
70.1729626,-84.9658203125,69.5361328125,-75.0146484375
70.2052352,-85.5029296875,67.5341796875,-78.1396484375
70.2501795,-85.8447265625,67.2900390625,-81.7529296875
70.2704234,-86.1865234375,66.3623046875,-85.8544921875
70.3268929,-86.7724609375,65.7275390625,-89.4189453125
70.3281483,-86.9189453125,65.4833984375,-91.7626953125
70.3572279,-87.4560546875,65.8740234375,-82.9736328125
70.4037417,-88.1396484375,66.4111328125,-59.8779296875
70.4252921,-89.2138671875,66.9970703125,-33.3642578125
70.4656545,-89.6533203125,67.5341796875,-10.9033203125
70.4780349,-90.9228515625,67.9248046875,4.6240234375
70.5289822,-91.2158203125,68.6572265625,14.2431640625
70.5359192,-91.9482421875,69.1455078125,20.4931640625
70.584901,-92.4365234375,69.6337890625,19.9560546875
70.5997406,-92.7783203125,70.2685546875,11.7529296875
70.6419734,-94.1455078125,69.9267578125,1.2060546875
70.6628623,-93.8037109375,70.4150390625,-4.7998046875
70.7021134,-94.4384765625,69.8291015625,-8.7548828125
70.7209148,-95.1220703125,69.7314453125,-11.3427734375
70.7632894,-95.3173828125,69.8291015625,-15.2978515625
70.7824975,-95.5615234375,69.2919921875,-20.7177734375
70.8235976,-94.2431640625,68.6572265625,-26.2353515625
70.8430536,-93.2177734375,68.2177734375,-32.0458984375
70.8787739,-91.4599609375,67.5341796875,-37.3193359375
70.8987076,-89.9951171875,68.1201171875,-43.0810546875
70.9467031,-88.1884765625,67.9248046875,-47.9150390625
70.9567969,-86.6259765625,66.8505859375,-52.4560546875
71.003054,-85.1123046875,66.3623046875,-56.5576171875
71.0256703,-85.1123046875,65.9228515625,-59.8779296875
71.0724683,-84.3798828125,65.1416015625,-63.3447265625
71.0931718,-83.9892578125,65.1904296875,-66.3232421875
71.1125994,-83.5498046875,64.8974609375,-68.8134765625
71.1524874,-83.6474609375,63.7744140625,-71.8896484375
71.1724764,-84.5263671875,63.7744140625,-75.4541015625
71.2126082,-84.6240234375,63.5791015625,-79.8486328125
71.2443967,-84.7705078125,62.7490234375,-83.3642578125
71.2624214,-85.1611328125,63.5302734375,-86.3916015625
71.2998346,-85.8447265625,64.4580078125,-80.5322265625
71.3202631,-86.3818359375,65.7763671875,-60.0244140625
71.3632218,-86.9677734375,65.8251953125,-34.2431640625
71.3854291,-87.8466796875,67.3388671875,-11.9775390625
71.4223686,-88.8720703125,68.3642578125,3.5498046875
71.4416186,-88.3837890625,69.7314453125,13.4619140625
71.4955341,-89.7509765625,70.4638671875,18.3935546875
71.5150079,-90.0439453125,70.8056640625,18.4423828125
71.531633,-91.0693359375,71.1962890625,10.8740234375
71.5704237,-91.3623046875,72.2216796875,-0.1123046875
71.593074,-91.6552734375,72.6123046875,-6.8505859375
71.6296158,-91.8994140625,73.2958984375,-10.7080078125
71.6510856,-93.1689453125,73.7841796875,-13.5888671875
71.6975369,-93.4130859375,74.0771484375,-17.5439453125
71.7188445,-93.5107421875,74.2724609375,-23.5498046875
71.7551109,-92.7783203125,73.4912109375,-29.6044921875
71.7787375,-92.1435546875,73.5888671875,-35.1220703125
71.8158216,-90.5322265625,73.2958984375,-41.4208984375
71.836818,-89.3603515625,72.6123046875,-47.0361328125
71.8858666,-87.7490234375,72.5634765625,-51.6748046875
71.9062191,-85.8935546875,72.1728515625,-56.4111328125
71.9252919,-84.6240234375,71.7333984375,-59.8779296875
71.961312,-84.0380859375,70.8544921875,-64.2236328125
71.9839305,-83.4033203125,71.0009765625,-67.9345703125
72.0220013,-82.8662109375,69.8779296875,-71.8896484375
72.0448114,-82.5732421875,70.5126953125,-74.3798828125
72.0897442,-83.1591796875,69.0478515625,-77.0166015625
72.1103145,-83.0615234375,68.4130859375,-80.9228515625
72.1468815,-83.6962890625,68.0712890625,-84.7802734375
72.1671575,-83.6962890625,67.8759765625,-88.8330078125
72.2046671,-84.2333984375,67.8759765625,-92.7392578125
72.2291442,-85.0634765625,68.7060546875,-93.3251953125
72.2648918,-85.3076171875,70.5615234375,-79.3603515625
72.2849923,-86.1376953125,70.4638671875,-53.4814453125
72.3214387,-87.4072265625,69.9755859375,-28.0419921875
72.3478408,-88.0419921875,71.8310546875,-7.1923828125
72.3825619,-88.4326171875,73.4912109375,5.7470703125
72.4051221,-88.8232421875,74.5654296875,14.7802734375
72.4455992,-90.2880859375,75.7373046875,19.1259765625
72.4662396,-89.9462890625,76.0302734375,16.6845703125
72.5041525,-90.8740234375,77.0068359375,7.7490234375
72.5268297,-90.9228515625,78.2275390625,-1.9677734375
72.5619097,-92.2412109375,78.7646484375,-7.3388671875
72.5884872,-92.5341796875,79.3994140625,-10.9521484375
72.6268665,-92.8271484375,79.4970703125,-14.6142578125
72.6466158,-93.2666015625,79.5947265625,-19.2529296875
72.683032,-93.1689453125,79.9853515625,-24.7705078125
72.707116,-91.8505859375,79.8876953125,-31.3623046875
72.7466434,-91.3623046875,79.2529296875,-37.4658203125
72.7707966,-90.1904296875,78.8623046875,-43.2275390625
72.8082371,-88.2373046875,78.1787109375,-49.6240234375
72.8298149,-85.9912109375,77.0556640625,-53.6767578125
72.8634221,-84.5751953125,76.5185546875,-58.0224609375
72.887261,-83.1103515625,76.4697265625,-61.0498046875
72.9235737,-82.1826171875,74.9560546875,-65.1513671875
72.9480255,-82.4267578125,74.1748046875,-69.3505859375
72.9860365,-82.4755859375,73.8818359375,-72.5244140625
73.0130477,-82.1826171875,73.3447265625,-76.2353515625
73.0502367,-81.8896484375,72.2705078125,-78.4326171875
73.0707462,-82.0849609375,71.7822265625,-82.1435546875
73.1058808,-83.0126953125,71.2939453125,-85.6103515625
73.128899,-83.1103515625,71.0498046875,-89.5166015625
73.165152,-83.6474609375,70.4638671875,-93.3251953125
73.1935005,-83.3056640625,71.2451171875,-94.0576171875
73.2284261,-84.4775390625,71.9775390625,-80.0439453125
73.253723,-85.0634765625,72.8564453125,-55.0927734375
73.291097,-85.5517578125,72.8076171875,-28.4814453125
73.3125933,-86.3330078125,75.1513671875,-8.3642578125
73.3517336,-86.5771484375,75.8349609375,5.6494140625
73.3843167,-87.6513671875,77.1533203125,14.3408203125
73.4021809,-88.5302734375,78.1787109375,18.7353515625
73.4392089,-88.7744140625,78.6669921875,16.8798828125
73.46359,-89.6044921875,79.0087890625,7.0166015625
73.5112725,-90.2392578125,79.5947265625,-2.7978515625
73.5320783,-90.9228515625,80.7177734375,-8.5595703125
73.5552864,-91.2646484375,80.7177734375,-11.0986328125
73.5915509,-91.8505859375,80.4248046875,-15.2490234375
73.6135737,-91.8994140625,80.2783203125,-19.3505859375
73.6511028,-92.5830078125,81.1083984375,-25.8447265625
73.6849964,-91.3134765625,80.2783203125,-31.8505859375
73.703672,-91.1669921875,80.3271484375,-37.5634765625
73.7399982,-88.6279296875,80.1318359375,-43.3740234375
73.7634387,-87.8955078125,79.0087890625,-48.5986328125
73.8007312,-85.7958984375,78.7158203125,-53.3349609375
73.8258551,-83.7939453125,79.1064453125,-57.7294921875
73.871787,-82.3779296875,76.7626953125,-60.9521484375
73.8919218,-81.3525390625,77.4951171875,-65.3466796875
73.9153704,-81.3525390625,76.6162109375,-68.7646484375
73.9535848,-81.2060546875,76.1279296875,-71.9384765625
73.9755316,-80.4248046875,76.5185546875,-74.3798828125
74.0137856,-80.9130859375,74.8583984375,-77.2607421875
74.033928,-80.1806640625,74.3701171875,-80.6787109375
74.0713827,-81.2548828125,73.4423828125,-84.7314453125
74.0960977,-81.4990234375,73.6376953125,-89.4189453125
74.1324532,-82.0361328125,73.2470703125,-92.7880859375
74.1567183,-82.8173828125,75.1025390625,-92.0556640625
74.195283,-83.4521484375,75.5908203125,-75.6982421875
74.2187502,-84.6240234375,77.0556640625,-49.9658203125
74.2622545,-84.3798828125,78.2275390625,-25.3564453125
74.2790644,-85.3564453125,79.6923828125,-7.8271484375
74.3263527,-85.8935546875,81.0595703125,3.8427734375
74.3400484,-86.8212890625,82.4267578125,11.6064453125
74.3651805,-86.9189453125,84.0380859375,13.6572265625
74.4067582,-87.4072265625,83.8427734375,8.8232421875
74.4269838,-88.6279296875,85.5029296875,-2.6513671875
74.4805471,-89.1162109375,85.8935546875,-12.3681640625
74.488987,-89.6044921875,86.0888671875,-17.1533203125
74.5240812,-90.2392578125,87.2119140625,-19.6923828125
74.5480426,-90.8251953125,86.8212890625,-23.1103515625
74.591755,-90.9228515625,87.2607421875,-28.9208984375
74.6230805,-90.9716796875,85.9423828125,-33.7060546875
74.6389005,-89.7998046875,85.8935546875,-40.4443359375
74.6768657,-88.7744140625,85.0146484375,-46.0595703125
74.6980163,-87.5048828125,84.5751953125,-51.9189453125
74.7349593,-86.1376953125,84.5263671875,-57.3388671875
74.7618162,-84.3798828125,83.5498046875,-61.4892578125
74.792611,-83.3544921875,82.8662109375,-65.7373046875
74.8231024,-81.2548828125,81.2548828125,-69.3017578125
74.848986,-81.2548828125,81.6455078125,-73.1591796875
74.8809097,-80.5224609375,80.8154296875,-76.9189453125
74.9130533,-80.9619140625,80.0830078125,-80.3369140625
74.939705,-80.2294921875,79.1064453125,-83.4130859375
74.9717039,-80.3271484375,78.5205078125,-86.5380859375
75.0004944,-80.3759765625,77.2998046875,-90.0048828125
75.0321144,-80.7666015625,76.5673828125,-93.1298828125
75.0790067,-81.4990234375,75.4931640625,-96.7431640625
75.0907815,-81.3525390625,75.7861328125,-100.2587890625
75.1229642,-82.1826171875,76.2255859375,-97.7685546875
75.1523656,-83.2568359375,77.4951171875,-77.9443359375
75.200324,-83.4521484375,77.7392578125,-51.7236328125
75.2135933,-83.9892578125,79.0087890625,-27.5048828125
75.2589772,-84.7216796875,79.9365234375,-9.0966796875
75.2793203,-85.9912109375,80.9619140625,2.9150390625
75.3015046,-86.7724609375,81.8896484375,10.4345703125
75.3349351,-87.3583984375,82.6220703125,13.2177734375
75.3800032,-87.5537109375,83.0126953125,8.5791015625
75.3947251,-88.2373046875,83.3056640625,-1.3818359375
75.4398505,-88.8232421875,84.2822265625,-10.7568359375
75.4598649,-89.1650390625,84.4287109375,-15.0048828125
75.5014742,-90.2392578125,85.2587890625,-17.9833984375
75.5156556,-90.9228515625,84.3310546875,-22.1826171875
75.5608126,-90.4833984375,84.6728515625,-27.5048828125
75.5745418,-90.6298828125,84.0869140625,-32.6318359375
75.6203532,-89.7021484375,83.7451171875,-38.4423828125
75.6339412,-88.1884765625,83.1103515625,-44.7412109375
75.6788948,-87.4072265625,82.2802734375,-50.6982421875
75.6999014,-85.8935546875,81.4501953125,-55.0927734375
75.7418512,-84.4287109375,80.2783203125,-59.7802734375
75.7609654,-82.6220703125,79.6435546875,-63.5888671875
75.7973244,-81.0595703125,78.5693359375,-67.4951171875
75.819868,-80.1806640625,77.2998046875,-71.4013671875
75.8697166,-79.8876953125,76.4697265625,-74.8681640625
75.8898588,-79.4970703125,75.5908203125,-78.5302734375
75.9055351,-78.9599609375,74.4677734375,-80.7763671875
75.9658404,-78.8623046875,73.9306640625,-83.9990234375
75.9666945,-79.5458984375,72.7587890625,-86.9775390625
75.9957135,-79.2529296875,71.3427734375,-90.7373046875
76.0400433,-79.6435546875,70.1220703125,-94.7412109375
76.0715526,-80.3271484375,70.2685546875,-97.7685546875
76.0860785,-80.6201171875,70.3662109375,-99.0380859375
76.1332901,-81.1572265625,70.3173828125,-84.2431640625
76.1556249,-82.0361328125,70.5615234375,-58.3154296875
76.1931957,-82.3291015625,71.3427734375,-32.5341796875
76.2155328,-83.4033203125,71.7333984375,-12.3193359375
76.2529082,-83.7451171875,72.8076171875,1.1572265625
76.2732361,-84.4287109375,74.4677734375,10.1904296875
76.3189762,-85.4052734375,73.4423828125,13.8037109375
76.3393807,-85.7958984375,73.9794921875,11.8994140625
76.3757804,-85.9912109375,74.9072265625,3.7451171875
76.3877127,-86.6259765625,75.2978515625,-7.1435546875
76.4285384,-87.1630859375,74.9560546875,-12.0751953125
76.4491101,-88.1884765625,75.2490234375,-15.6884765625
76.4919292,-88.1884765625,75.2490234375,-18.7646484375
76.5120028,-89.0185546875,75.7373046875,-23.9892578125
76.5503745,-89.3115234375,74.2724609375,-29.4091796875
76.5837158,-88.3349609375,74.2236328125,-35.0244140625
76.5997971,-87.7490234375,73.5400390625,-40.6396484375
76.6456994,-86.6259765625,72.8564453125,-46.8896484375
76.6659533,-84.6240234375,72.2705078125,-51.7724609375
76.7023761,-83.5009765625,72.5634765625,-56.1181640625
76.7240156,-82.2314453125,71.2939453125,-60.6103515625
76.7618947,-79.3017578125,70.7568359375,-64.4189453125
76.7823929,-78.6669921875,70.1708984375,-68.4228515625
76.8192238,-78.2763671875,69.5849609375,-72.2802734375
76.8435507,-78.0810546875,68.9501953125,-75.7470703125
76.883254,-78.3251953125,67.8759765625,-78.7255859375
76.9043522,-77.1533203125,67.7294921875,-81.2646484375
76.9407585,-77.5439453125,67.5830078125,-83.5107421875
76.9597513,-77.2021484375,67.0947265625,-88.4912109375
77.0018993,-77.9345703125,65.9716796875,-92.0556640625
77.0214308,-78.8623046875,66.8994140625,-95.8642578125
77.0618711,-78.9599609375,68.0712890625,-94.9853515625
77.0814166,-79.3994140625,68.1689453125,-81.0693359375
77.1167753,-80.2294921875,68.5595703125,-56.6552734375
77.1433854,-80.6689453125,69.3408203125,-31.9482421875
77.1802052,-81.6455078125,69.9267578125,-13.5888671875
77.2019531,-81.7431640625,71.1962890625,-1.2841796875
77.2403194,-83.0615234375,71.8310546875,5.9423828125
77.2644609,-83.2080078125,72.5146484375,8.6767578125
77.3024546,-84.6240234375,72.9541015625,4.7216796875
77.3256318,-84.7216796875,73.6865234375,-4.9462890625
77.3633421,-85.1611328125,73.8330078125,-14.4677734375
77.3846918,-85.7958984375,73.9306640625,-19.4970703125
77.421829,-86.5283203125,74.7119140625,-21.9384765625
77.4464493,-87.4072265625,74.4677734375,-26.7724609375
77.4814555,-87.0166015625,74.2236328125,-31.3134765625
77.5049961,-88.1396484375,74.0771484375,-36.3427734375
77.542218,-87.4560546875,73.5888671875,-42.2509765625
77.562321,-86.8212890625,73.3935546875,-47.9638671875
77.6004884,-85.7958984375,72.0263671875,-53.2373046875
77.6283402,-84.3310546875,72.6123046875,-58.3642578125
77.6633412,-82.7685546875,72.0751953125,-62.8564453125
77.6857202,-80.8642578125,71.5380859375,-66.4697265625
77.7234552,-80.1318359375,70.0244140625,-70.4736328125
77.7453693,-78.5205078125,70.3662109375,-74.1357421875
77.7901477,-78.0322265625,69.3408203125,-77.7001953125
77.8089128,-77.3974609375,68.9990234375,-81.1181640625
77.8446144,-77.7880859375,68.0224609375,-84.2431640625
77.8659164,-77.7880859375,67.3876953125,-86.3916015625
77.9031696,-77.5439453125,66.0693359375,-89.6630859375
77.9282265,-77.5439453125,66.3623046875,-93.4228515625
77.9660971,-77.7392578125,65.8251953125,-97.5244140625
77.9907729,-79.0087890625,64.6533203125,-100.3076171875
78.0387144,-79.1552734375,65.7275390625,-100.6982421875
78.0584508,-79.4970703125,66.7041015625,-86.1474609375
78.08023,-80.4736328125,66.9482421875,-60.8056640625
78.1174465,-81.4013671875,67.9248046875,-35.8544921875
78.1376914,-81.7919921875,68.1689453125,-16.1279296875
78.1731505,-82.6708984375,69.0478515625,-2.9443359375
78.1969286,-83.3544921875,70.2197265625,6.0400390625
78.2397685,-83.8916015625,70.4150390625,10.0927734375
78.2619985,-83.8427734375,70.3662109375,8.8232421875
78.3013277,-84.8681640625,71.3916015625,-0.8447265625
78.3339421,-86.0400390625,72.2705078125,-10.3662109375
78.3505277,-86.0400390625,72.3193359375,-16.2255859375
78.3895081,-86.7236328125,72.6123046875,-19.6923828125
78.4117496,-87.1630859375,72.3193359375,-22.9638671875
78.4500376,-87.8955078125,72.5146484375,-26.9189453125
78.4731446,-88.2861328125,72.4169921875,-32.2900390625
78.5101898,-88.0419921875,72.2216796875,-37.6123046875
78.5301971,-87.2119140625,71.9775390625,-43.4228515625
78.568993,-86.3818359375,70.7080078125,-48.3056640625
78.5906064,-84.6240234375,70.8544921875,-54.1162109375
78.6282138,-83.7451171875,69.6337890625,-58.2177734375
78.6521383,-81.5478515625,69.1455078125,-62.3193359375
78.6934762,-80.8154296875,68.6572265625,-65.5908203125
78.7138378,-78.7646484375,68.4619140625,-69.5458984375
78.7515637,-78.0322265625,67.0947265625,-73.5498046875
78.7849111,-77.8857421875,66.4111328125,-76.6259765625
78.8015348,-78.5205078125,66.0693359375,-79.8486328125
78.8387689,-77.6416015625,65.0927734375,-81.8505859375
78.8623764,-77.6416015625,64.5068359375,-85.9033203125
78.8984444,-78.0810546875,63.3349609375,-89.0771484375
78.9237802,-78.0322265625,62.7978515625,-92.5927734375
78.9616573,-78.5693359375,62.6513671875,-96.3525390625
78.9835281,-78.8623046875,62.2119140625,-98.3056640625
79.018594,-80.0341796875,63.4814453125,-90.5908203125
79.0503783,-80.1806640625,64.2138671875,-68.8623046875
79.0754168,-80.7666015625,64.6044921875,-42.7392578125
79.1132088,-81.8896484375,65.0927734375,-21.1083984375
79.1346391,-82.1826171875,66.8994140625,-4.9951171875
79.1699682,-82.8173828125,67.4853515625,5.5029296875
79.1948024,-83.6962890625,68.5595703125,12.5830078125
79.2350431,-84.4287109375,68.9013671875,13.6083984375
79.2554475,-84.8193359375,70.3173828125,6.6259765625
79.2911613,-84.9169921875,70.0732421875,-2.6025390625
79.3177099,-85.6005859375,71.3916015625,-11.0009765625
79.3468176,-86.2353515625,70.7080078125,-14.0771484375
79.3842303,-87.2119140625,71.1474609375,-16.5673828125
79.4070863,-87.8466796875,71.6845703125,-21.2060546875
79.4342026,-88.3837890625,70.8544921875,-26.1865234375
79.4733196,-88.3349609375,71.9775390625,-32.2412109375
79.4971692,-88.2373046875,72.0751953125,-37.3193359375
79.5364877,-87.4072265625,71.3916015625,-42.9833984375
79.5578421,-85.3076171875,71.4404296875,-48.5498046875
79.5947673,-84.3310546875,70.8056640625,-52.8955078125
79.6148894,-82.6708984375,71.0986328125,-56.8505859375
79.6520311,-80.6689453125,71.0986328125,-61.3427734375
79.6753868,-79.5458984375,70.2197265625,-64.3701171875
79.7116546,-77.9345703125,69.5849609375,-68.9111328125
79.7379218,-77.5927734375,69.1943359375,-72.1337890625
79.7756934,-77.6904296875,69.6337890625,-74.4775390625
79.8012905,-76.8603515625,69.1943359375,-77.5537109375
79.8296562,-76.3232421875,68.9501953125,-80.1416015625
79.8574939,-77.6416015625,68.7548828125,-83.7060546875
79.8932471,-77.2021484375,67.8271484375,-87.3681640625
79.9181751,-77.8369140625,67.5830078125,-91.1767578125
79.9451425,-78.4228515625,68.8525390625,-93.9111328125
79.9826748,-79.1064453125,69.8779296875,-88.1982421875
80.0078077,-79.4482421875,70.9033203125,-68.1298828125
80.0378601,-80.1806640625,72.3681640625,-42.4951171875
80.0767408,-80.7666015625,72.7587890625,-21.3525390625
80.1009019,-81.4013671875,74.7119140625,-6.4599609375
80.1302644,-81.6943359375,76.1279296875,4.0380859375
80.1606217,-82.8173828125,77.2021484375,9.8486328125
80.187533,-83.4521484375,77.8857421875,10.6787109375
80.2248893,-84.1357421875,79.2529296875,3.6962890625
80.2501108,-84.4775390625,79.9853515625,-7.4365234375
80.2796153,-85.2587890625,80.5712890625,-13.7841796875
80.3118741,-85.6982421875,81.6455078125,-17.9833984375
80.3611516,-85.8447265625,81.0107421875,-21.1083984375
80.3911187,-86.8212890625,81.8408203125,-25.0146484375
80.4003073,-87.5048828125,81.1083984375,-30.1904296875
80.4310061,-87.6513671875,81.2548828125,-36.3916015625
80.4637359,-88.2373046875,80.9130859375,-41.8115234375
80.4920848,-87.5537109375,80.8642578125,-47.7197265625
80.5213409,-85.8447265625,80.8642578125,-53.2373046875
80.5688861,-85.0146484375,80.2783203125,-57.4365234375
80.5891132,-82.7685546875,80.4248046875,-61.8310546875
80.6277427,-81.2548828125,79.0576171875,-66.2255859375
80.6613565,-79.8388671875,79.5947265625,-70.2783203125
80.6716478,-78.7158203125,77.8369140625,-75.0634765625
80.700688,-78.5693359375,77.7392578125,-78.0419921875
80.7318232,-78.3740234375,77.2021484375,-81.7041015625
80.7798663,-77.9345703125,76.2255859375,-83.9990234375
80.7997118,-77.9345703125,76.0302734375,-87.1240234375
80.8350645,-78.4716796875,75.2978515625,-90.0537109375
80.8564355,-78.4228515625,74.5654296875,-94.6923828125
80.8989996,-79.0576171875,73.8330078125,-97.7197265625
80.915403,-79.6435546875,73.8818359375,-101.4794921875
80.9592434,-79.6435546875,75.0048828125,-99.2822265625
80.9793398,-80.1806640625,76.0791015625,-80.8251953125
81.0147339,-81.4990234375,76.4697265625,-54.7998046875
81.0371744,-82.0849609375,77.6416015625,-31.1669921875
81.0771709,-82.5732421875,78.9111328125,-13.3447265625
81.0971278,-82.4755859375,79.4970703125,-0.9912109375
81.1393224,-83.9404296875,81.8896484375,6.6259765625
81.1594081,-84.5263671875,82.9150390625,9.7509765625
81.1975591,-85.6005859375,83.1103515625,7.3583984375
81.2186801,-85.6982421875,84.1845703125,-3.3837890625
81.267258,-86.1865234375,84.9169921875,-12.2705078125
81.2872072,-87.3583984375,85.0146484375,-17.1044921875
81.3292516,-87.1142578125,85.3076171875,-20.2294921875
81.3349071,-87.8955078125,85.1611328125,-24.4287109375
81.3791579,-88.3837890625,84.4287109375,-29.6533203125
81.3997231,-88.5791015625,84.3798828125,-35.0244140625
81.436641,-88.6279296875,84.3310546875,-40.4931640625
81.4582031,-88.0419921875,83.3544921875,-45.4248046875
81.5032826,-87.0166015625,82.7685546875,-51.7724609375
81.5216074,-85.6982421875,82.1337890625,-56.4111328125
81.5588919,-84.7216796875,81.0107421875,-61.2451171875
81.5789399,-82.6708984375,79.5947265625,-65.3955078125
81.6254199,-81.2548828125,78.9111328125,-69.5458984375
81.6459535,-80.2294921875,77.9345703125,-72.9638671875
81.689747,-79.4482421875,77.0068359375,-76.9677734375
81.7101395,-78.2275390625,76.9091796875,-79.7021484375
81.7462891,-78.6181640625,75.2978515625,-83.5107421875
81.7677403,-77.9345703125,73.7841796875,-86.1474609375
81.8046485,-78.3251953125,73.3935546875,-88.7353515625
81.8247731,-78.0810546875,72.4658203125,-91.9091796875
81.86157,-78.5693359375,70.7568359375,-96.7431640625
81.8816943,-79.0576171875,70.4638671875,-99.5263671875
81.9188847,-79.3505859375,70.9033203125,-101.4306640625
81.9413184,-79.4482421875,71.6357421875,-91.4697265625
81.9773326,-80.8154296875,72.5146484375,-68.1298828125
81.9973346,-81.1572265625,73.4423828125,-42.5439453125
82.0400862,-81.9873046875,73.7841796875,-22.3779296875
82.0601921,-82.2802734375,74.5654296875,-7.0458984375
82.1087712,-82.9150390625,75.4931640625,2.3779296875
82.1377993,-83.7939453125,75.4443359375,7.6513671875
82.1513534,-84.7216796875,76.8115234375,8.3349609375
82.1892552,-85.1123046875,76.8603515625,1.4013671875
82.2164309,-85.0634765625,77.6904296875,-8.7548828125
82.2526524,-85.8447265625,77.7880859375,-15.7373046875
82.2727104,-86.2841796875,77.7880859375,-18.5205078125
82.3083296,-87.3583984375,78.0810546875,-22.5732421875
82.3343343,-87.8955078125,77.5927734375,-26.8212890625
82.3720296,-88.2861328125,76.9580078125,-32.3876953125
82.392456,-88.8232421875,77.0556640625,-38.2958984375
82.4293949,-88.9208984375,76.5185546875,-43.2275390625
82.4524161,-87.7978515625,76.0302734375,-49.0380859375
82.4878196,-86.9189453125,75.0537109375,-53.8232421875
82.5122106,-85.3564453125,75.0048828125,-58.5107421875
82.5482334,-83.9404296875,73.5400390625,-62.2705078125
82.5710007,-82.3291015625,74.1259765625,-66.1767578125
82.6072983,-81.0595703125,73.1494140625,-70.5712890625
82.6332879,-79.2529296875,71.9775390625,-73.7939453125
82.6706151,-79.2041015625,71.4404296875,-76.9677734375
82.7007571,-78.9599609375,72.4658203125,-80.2392578125
82.7491113,-78.6669921875,70.9033203125,-82.9248046875
82.7688487,-78.2275390625,70.4150390625,-86.2939453125
82.7848221,-77.7880859375,70.2197265625,-89.5166015625
82.8205805,-77.8369140625,69.3408203125,-93.0322265625
82.8475901,-78.5693359375,69.8291015625,-95.8154296875
82.887602,-79.0087890625,70.1708984375,-99.7705078125
82.9067313,-79.5458984375,70.9521484375,-95.0830078125
82.9422445,-79.7900390625,72.2216796875,-75.6982421875
82.9645695,-80.6201171875,73.0029296875,-50.9912109375
83.0144647,-80.8154296875,73.4423828125,-29.7509765625
83.0346131,-81.4013671875,75.2978515625,-13.3935546875
83.0698165,-81.8408203125,75.4443359375,-3.1884765625
83.0899342,-82.4267578125,76.7626953125,3.1591796875
83.1268369,-83.1103515625,76.9580078125,4.9658203125
83.1486014,-83.8427734375,77.5927734375,-1.5283203125
83.2032309,-84.6240234375,78.2275390625,-11.8798828125
83.2254373,-84.8681640625,78.2275390625,-20.7177734375
83.2362025,-85.2587890625,77.9833984375,-24.2822265625
83.2726914,-86.3330078125,78.0810546875,-26.9677734375
83.2975514,-86.9677734375,77.8369140625,-30.6298828125
83.3346141,-87.1630859375,77.9833984375,-36.0009765625
83.359897,-87.2607421875,77.3974609375,-41.1279296875
83.3961184,-88.3349609375,76.9091796875,-46.4990234375
83.420745,-87.2119140625,76.5673828125,-52.0654296875
83.4584147,-86.2353515625,76.2255859375,-57.3876953125
83.4784111,-85.0634765625,76.0791015625,-61.3916015625
83.5147248,-83.9404296875,75.1513671875,-65.9326171875
83.5382837,-82.2314453125,74.0771484375,-70.5712890625
83.5738907,-81.3037109375,73.4912109375,-73.2080078125
83.6004215,-79.5458984375,73.4423828125,-77.0654296875
83.6371316,-79.2529296875,72.4658203125,-81.1669921875
83.6609953,-78.4228515625,71.6357421875,-84.7802734375
83.6969107,-78.4228515625,71.1474609375,-87.8076171875
83.7191829,-77.3974609375,69.9267578125,-90.6396484375
83.7557676,-77.0556640625,69.4384765625,-93.8623046875
83.7815072,-77.8369140625,69.0966796875,-96.8408203125
83.8190161,-77.7392578125,67.8271484375,-100.7470703125
83.8400747,-78.1298828125,67.5830078125,-104.4580078125
83.879669,-78.3251953125,68.5107421875,-105.3857421875
83.9047248,-78.8134765625,69.0966796875,-93.0810546875
83.9536393,-79.3505859375,69.0966796875,-68.9599609375
83.9596307,-79.7900390625,69.3896484375,-43.6181640625
83.997655,-80.3271484375,70.6591796875,-23.2568359375
84.0210444,-81.0107421875,72.0751953125,-9.4384765625
84.0594293,-81.5966796875,72.3681640625,-0.0634765625
84.0826202,-82.0361328125,72.7099609375,5.6005859375
84.1185044,-82.8173828125,73.2958984375,5.3564453125
84.1390829,-83.3056640625,74.4189453125,-2.2607421875
84.175863,-83.4521484375,73.9794921875,-13.1494140625
84.202601,-84.0869140625,74.3701171875,-19.8876953125
84.238452,-84.0869140625,74.8583984375,-23.2080078125
84.2619044,-85.1123046875,74.7119140625,-26.5283203125
84.2968642,-85.4052734375,73.8818359375,-30.6787109375
84.325273,-85.9912109375,73.5888671875,-35.6591796875
84.361547,-86.7236328125,72.7587890625,-41.6650390625
84.3861027,-86.6748046875,72.0263671875,-47.1826171875
84.4222713,-85.6494140625,71.9287109375,-53.0419921875
84.4430345,-84.4287109375,70.8544921875,-58.0712890625
84.4777185,-83.7939453125,70.3662109375,-63.0029296875
84.5037367,-81.5478515625,69.5361328125,-66.1767578125
84.5474968,-80.2294921875,68.3642578125,-70.3759765625
84.5690412,-78.9111328125,67.1435546875,-74.4775390625
84.5969046,-76.7626953125,67.2412109375,-77.9443359375
84.6232041,-76.0791015625,66.1181640625,-81.5576171875
84.6601118,-75.4443359375,65.1416015625,-84.4384765625
84.688038,-74.2236328125,64.6533203125,-87.3681640625
84.7176549,-74.2724609375,63.7255859375,-89.6630859375
84.7485149,-73.7353515625,62.5048828125,-92.1533203125
84.7766825,-73.6376953125,61.3330078125,-96.5478515625
84.8140243,-73.9306640625,60.3076171875,-100.4052734375
84.8363749,-74.1748046875,60.9912109375,-103.4814453125
84.8668704,-74.7119140625,61.3330078125,-100.8935546875
84.9043978,-74.7607421875,61.2841796875,-81.0693359375
84.927098,-75.5908203125,61.7724609375,-56.0205078125
84.9632237,-75.5908203125,62.4560546875,-33.0712890625
84.9885164,-76.2255859375,63.5791015625,-15.6884765625
85.0155472,-76.8115234375,63.7744140625,-3.0908203125
85.0627634,-77.2998046875,64.3115234375,4.1357421875
85.0831991,-78.2275390625,64.1650390625,7.1630859375
85.1071134,-78.5205078125,65.0927734375,2.6708984375
85.1416082,-79.1552734375,65.4833984375,-6.7529296875
85.1860538,-79.4482421875,66.0205078125,-16.4697265625
85.1948099,-80.0830078125,65.3369140625,-20.6689453125
85.2311895,-80.7177734375,66.0205078125,-23.9404296875
85.2581358,-81.1572265625,65.6298828125,-28.6767578125
85.2956036,-81.6943359375,65.4833984375,-33.0712890625
85.3372063,-82.2802734375,64.7998046875,-38.0029296875
85.3480734,-82.6708984375,65.0439453125,-43.7158203125
85.391688,-82.5244140625,65.1904296875,-50.0634765625
85.4295266,-80.7177734375,64.0673828125,-54.5556640625
85.4403042,-80.0341796875,64.0673828125,-58.9013671875
85.4706024,-79.2041015625,63.7744140625,-63.4912109375
85.4998884,-77.3974609375,62.9931640625,-67.2998046875
85.5304106,-75.2490234375,63.0908203125,-71.8408203125
85.5614309,-73.3935546875,62.4072265625,-74.7216796875
85.6076736,-72.0263671875,61.2353515625,-77.9931640625
85.6216118,-70.7080078125,61.0400390625,-81.7041015625
85.651048,-69.9755859375,60.9912109375,-84.5361328125
85.679703,-70.2685546875,60.0634765625,-87.8564453125
85.7283788,-70.2197265625,60.2099609375,-91.3232421875
85.7427849,-70.0732421875,59.8681640625,-94.3505859375
85.7704624,-69.1943359375,59.4775390625,-98.8916015625
85.8198851,-69.9267578125,60.9423828125,-102.2607421875
85.8313935,-70.6591796875,61.3330078125,-102.3095703125
85.8915777,-71.1474609375,62.1142578125,-87.3681640625
85.8925317,-71.4892578125,63.3837890625,-63.1982421875
85.9413809,-72.1240234375,64.5068359375,-39.0283203125
85.9553812,-73.0517578125,65.1416015625,-21.5966796875
86.0003009,-73.9306640625,65.5322265625,-9.2431640625
86.0128406,-73.9306640625,67.0458984375,-1.1376953125
86.0602631,-74.9072265625,66.8505859375,2.0361328125
86.0723063,-75.6396484375,67.9248046875,-0.8447265625
86.1191658,-76.0302734375,69.1455078125,-10.4638671875
86.1347938,-76.4697265625,69.3896484375,-19.3505859375
86.1775752,-77.3486328125,70.1220703125,-24.1845703125
86.1976516,-77.6416015625,70.6103515625,-27.2607421875
86.2364033,-78.4716796875,70.8056640625,-30.2880859375
86.2580054,-78.9599609375,70.6591796875,-35.2197265625
86.2859019,-79.6923828125,71.2451171875,-40.6884765625
86.3282063,-80.4248046875,70.7080078125,-45.4248046875
86.3482295,-80.7177734375,70.8056640625,-50.5029296875
86.3881786,-79.6923828125,70.4150390625,-56.6552734375
86.4084112,-78.8623046875,70.2197265625,-61.0498046875
86.4484714,-77.4951171875,70.4150390625,-65.1025390625
86.469959,-75.2490234375,69.3896484375,-69.3505859375
86.5146776,-74.1259765625,68.8037109375,-73.0615234375
86.534517,-71.9287109375,68.9990234375,-76.8212890625
86.5715027,-70.3662109375,68.7060546875,-80.3857421875
86.591669,-68.9501953125,67.9248046875,-83.1201171875
86.6416429,-69.6337890625,67.4365234375,-86.3427734375
86.6624275,-69.4384765625,66.7529296875,-88.1005859375
86.6747743,-69.2919921875,67.3876953125,-91.9091796875
86.7214306,-68.9013671875,66.3623046875,-94.7412109375
86.7358024,-69.2919921875,65.3369140625,-98.8916015625
86.7781033,-70.1708984375,65.3857421875,-101.8212890625
86.798163,-69.6337890625,66.3134765625,-105.2880859375
86.8390908,-70.7080078125,67.1435546875,-98.2568359375
86.8604972,-71.5380859375,67.8759765625,-76.0400390625
86.8960375,-71.9287109375,68.4619140625,-49.4775390625
86.9170783,-72.3681640625,69.9267578125,-27.8466796875
86.9580005,-72.8564453125,71.0009765625,-11.3427734375
86.9810359,-73.7353515625,71.7822265625,-0.6005859375
87.0186391,-74.7119140625,73.5888671875,6.8212890625
87.0464004,-75.1513671875,74.8583984375,9.5068359375
87.0829549,-76.0791015625,74.8583984375,3.6962890625
87.1048229,-76.4208984375,76.2744140625,-7.8759765625
87.1415882,-77.3486328125,76.5673828125,-15.8837890625
87.1638645,-78.3251953125,76.8115234375,-19.3994140625
87.2029264,-78.1298828125,77.8857421875,-22.5732421875
87.2344998,-79.2041015625,77.2998046875,-26.1376953125
87.24764,-79.4970703125,76.9580078125,-30.6787109375
87.2883063,-80.9619140625,77.2998046875,-36.0986328125
87.310704,-81.4013671875,77.2998046875,-41.1279296875
87.3452982,-80.0830078125,76.5673828125,-46.7919921875
87.3714007,-80.1318359375,76.2744140625,-51.3818359375
87.4092378,-79.3505859375,75.5419921875,-56.9970703125
87.428286,-77.2509765625,74.9072265625,-60.8056640625
87.466968,-76.5185546875,75.0537109375,-65.0537109375
87.4900552,-74.5166015625,73.1005859375,-68.3251953125
87.5254966,-72.7587890625,73.0029296875,-71.8896484375
87.5524697,-71.6845703125,72.3681640625,-75.6005859375
87.589329,-70.3173828125,72.4169921875,-78.5302734375
87.6126413,-70.5615234375,71.4404296875,-81.1181640625
87.6516408,-69.8779296875,69.9755859375,-84.0966796875
87.6721824,-69.1943359375,69.7314453125,-86.5869140625
87.7045045,-69.9267578125,68.9990234375,-89.9072265625
87.7329695,-69.8779296875,68.6083984375,-93.5693359375
87.7758656,-70.1220703125,68.6083984375,-96.3525390625
87.7968471,-71.0009765625,68.7060546875,-95.7666015625
87.8360629,-71.4404296875,70.0244140625,-81.2158203125
87.8581896,-72.3193359375,70.6103515625,-55.2392578125
87.8955127,-72.8076171875,71.7333984375,-30.6298828125
87.9141807,-73.6376953125,73.2470703125,-12.1728515625
87.9464254,-74.2236328125,73.5888671875,1.2548828125
87.9737058,-74.2236328125,74.9560546875,10.5322265625
88.0100411,-75.3955078125,75.7861328125,14.9267578125
88.0354011,-76.2255859375,76.1767578125,13.3642578125
88.0759468,-77.3486328125,77.2021484375,3.7939453125
88.0950945,-77.9345703125,78.8623046875,-6.1181640625
88.136491,-77.9345703125,78.6669921875,-11.7822265625
88.1589573,-79.4482421875,78.9111328125,-14.3701171875
88.1951837,-79.6435546875,79.3017578125,-17.2021484375
88.2148715,-80.0341796875,78.6669921875,-22.4755859375
88.2509093,-81.3525390625,78.7158203125,-27.0654296875
88.2765064,-81.6455078125,77.7880859375,-33.3642578125
88.3108007,-81.9873046875,77.5927734375,-39.2724609375
88.3369849,-81.9873046875,78.1787109375,-44.7900390625
88.3720684,-81.0595703125,77.2998046875,-49.0869140625
88.3955983,-79.8388671875,77.3974609375,-53.7255859375
88.4465875,-78.2763671875,76.0302734375,-57.6806640625
88.4681397,-77.5439453125,76.5673828125,-61.3427734375
88.4841715,-75.1025390625,75.3955078125,-64.8583984375
88.5211303,-74.1748046875,75.3466796875,-68.6181640625
88.5471347,-72.8564453125,75.2978515625,-72.0849609375
88.5842724,-72.3193359375,75.1025390625,-74.2822265625
88.6076416,-72.5146484375,74.6142578125,-77.1630859375
88.6466018,-71.8310546875,74.6142578125,-80.5322265625
88.6685971,-71.9287109375,74.5166015625,-84.2919921875
88.7058213,-72.3193359375,74.2724609375,-87.5146484375
88.7261213,-73.2470703125,74.4677734375,-91.7138671875
88.7627487,-72.5634765625,75.5908203125,-88.6376953125
88.7911195,-73.0517578125,76.7626953125,-70.0830078125
88.8292482,-73.7841796875,78.4716796875,-44.7412109375
88.849345,-74.1748046875,78.8134765625,-21.7431640625
88.8867148,-74.8583984375,81.1572265625,-5.2880859375
88.9069265,-75.8837890625,82.3291015625,5.6982421875
88.9420724,-76.3720703125,84.1357421875,12.6318359375
88.9664282,-76.8603515625,84.6240234375,15.3662109375
89.0027461,-77.5927734375,84.2822265625,10.8251953125
89.0287815,-78.1298828125,85.2587890625,-1.0400390625
89.0654252,-78.9111328125,85.6005859375,-9.9755859375
89.0917689,-78.8134765625,86.6259765625,-15.4931640625
89.1287261,-79.7900390625,85.9423828125,-18.2763671875
89.148876,-80.5224609375,85.6005859375,-22.1337890625
89.1835102,-80.7177734375,85.5517578125,-27.0166015625
89.2119947,-81.4501953125,85.4052734375,-32.3388671875
89.24951,-82.4267578125,84.4775390625,-38.0029296875
89.2718098,-82.8662109375,84.1845703125,-43.7646484375
89.3086694,-82.3779296875,83.5986328125,-49.0380859375
89.3329922,-81.7431640625,82.8662109375,-53.9208984375
89.3705015,-80.3759765625,82.3291015625,-57.9248046875
89.390958,-79.2041015625,81.7431640625,-61.0009765625
89.4357165,-77.8857421875,80.8154296875,-64.8095703125
89.4547203,-76.5673828125,79.9365234375,-69.2529296875
89.4944652,-75.2978515625,79.7412109375,-71.8408203125
89.512564,-73.8818359375,78.9111328125,-75.6005859375
89.5494524,-74.0283203125,77.3974609375,-77.7490234375
89.5737368,-73.7841796875,77.2998046875,-80.2880859375
89.6045791,-73.6376953125,76.6650390625,-83.9501953125
89.6528409,-73.1494140625,76.3232421875,-87.4658203125
89.6638088,-73.6376953125,75.2490234375,-91.4208984375
89.6997164,-73.8330078125,75.3955078125,-94.6923828125
89.7251575,-74.2236328125,77.0556640625,-92.3486328125
89.7539981,-73.9794921875,77.2998046875,-74.0869140625
89.7920373,-74.8095703125,77.9833984375,-47.3291015625
89.8234122,-75.5419921875,78.2763671875,-24.0380859375
89.8461696,-75.5419921875,79.6435546875,-5.6298828125
89.8832168,-77.0068359375,81.0595703125,7.1630859375
89.9072112,-76.5673828125,81.2060546875,16.2451171875
89.9346885,-77.8857421875,82.0849609375,20.0537109375
89.9734484,-78.2763671875,82.0361328125,16.8310546875
89.9964954,-78.0322265625,82.9638671875,7.5048828125
90.0327639,-79.3994140625,83.4521484375,-1.8701171875
90.0570352,-79.5947265625,83.0615234375,-7.8759765625
90.0867361,-80.0341796875,82.9638671875,-10.9521484375
90.1375338,-81.4501953125,82.7197265625,-15.1513671875
90.1448568,-80.9130859375,82.0361328125,-19.8876953125
90.1782014,-82.0849609375,81.6455078125,-25.1123046875
90.2055423,-82.5732421875,81.6455078125,-30.5810546875
90.2384027,-82.8662109375,80.0341796875,-36.2939453125
90.2662985,-82.5244140625,79.2041015625,-41.9580078125
90.2965686,-81.6943359375,77.7880859375,-47.1337890625
90.3280644,-80.8642578125,77.0556640625,-51.8701171875
90.357102,-79.3017578125,77.2021484375,-55.0927734375
90.3899391,-78.1298828125,76.3720703125,-59.3896484375
90.4174113,-76.6162109375,74.3212890625,-63.1982421875
90.4543384,-74.9560546875,73.8330078125,-67.0068359375
90.4807019,-73.1982421875,73.0517578125,-70.0341796875
90.5088416,-72.2216796875,71.3916015625,-73.4033203125
90.5369051,-71.8798828125,70.8544921875,-76.1376953125
90.5704224,-72.0751953125,69.7314453125,-78.7744140625
90.5989572,-70.9521484375,68.1689453125,-82.2412109375
90.6281364,-70.3662109375,67.7294921875,-86.4892578125
90.6593487,-70.7568359375,67.5830078125,-89.5166015625
90.6863667,-70.8056640625,67.4365234375,-90.6396484375
90.7243765,-71.6357421875,68.4130859375,-79.8974609375
90.7511451,-71.2939453125,69.2919921875,-56.4111328125
90.779232,-71.7333984375,69.1455078125,-29.8974609375
90.8116723,-72.7587890625,69.6826171875,-9.3896484375
90.8415801,-72.9052734375,70.2197265625,5.9912109375
90.8693819,-72.5634765625,72.0263671875,15.4150390625
90.9200045,-73.2958984375,72.0263671875,21.4208984375
90.9306956,-73.6376953125,72.5634765625,21.6650390625
90.9604954,-74.5166015625,73.0029296875,14.7802734375
90.9918326,-75.0537109375,72.9052734375,4.3310546875
91.0359009,-75.8837890625,72.6123046875,-2.4560546875
91.058565,-76.0791015625,72.9052734375,-6.3134765625
91.0961982,-76.9091796875,73.6865234375,-9.6826171875
91.1172806,-77.1044921875,72.8076171875,-14.4189453125
91.1539384,-77.8369140625,72.3681640625,-19.5947265625
91.1739773,-78.4228515625,72.3681640625,-26.1865234375
91.217169,-78.5205078125,72.8076171875,-31.0205078125
91.2395569,-78.6181640625,71.1474609375,-37.1240234375
91.2809388,-78.7646484375,71.0498046875,-42.1533203125
91.2944627,-77.1533203125,70.6103515625,-46.6455078125
91.3376739,-75.7373046875,70.2197265625,-50.9423828125
91.3507638,-74.5166015625,69.5849609375,-55.3369140625
91.4042766,-72.9541015625,68.6572265625,-58.5595703125
91.4257819,-70.6591796875,68.8037109375,-63.2470703125
91.4424002,-68.9990234375,68.9013671875,-66.2255859375
91.4729676,-68.3642578125,67.6806640625,-69.0576171875
91.5308344,-66.7529296875,67.2900390625,-72.4267578125
91.5623238,-66.6064453125,67.8759765625,-74.8193359375
91.5632099,-66.1669921875,66.0693359375,-78.4326171875
91.6075193,-65.4345703125,66.1181640625,-82.8271484375
91.6388605,-65.8251953125,66.0693359375,-85.9033203125
91.6541868,-65.7763671875,66.9970703125,-87.4169921875
91.6985228,-65.0439453125,68.4130859375,-74.1845703125
91.7192992,-66.0205078125,69.1455078125,-50.3076171875
91.7577935,-66.3134765625,68.9501953125,-25.0634765625
91.7789204,-66.8994140625,70.8544921875,-5.8251953125
91.8142851,-67.2900390625,71.1962890625,7.3095703125
91.8336055,-68.1689453125,71.9287109375,16.1474609375
91.878757,-69.1455078125,71.7333984375,20.8349609375
91.8997872,-69.3896484375,72.7587890625,19.5654296875
91.9372888,-70.1708984375,72.9541015625,10.9228515625
91.9566408,-70.3173828125,73.6376953125,0.7177734375
91.9969638,-71.4892578125,72.7099609375,-5.2880859375
92.0178807,-71.5380859375,73.8330078125,-9.1455078125
92.0562084,-72.3681640625,73.5888671875,-13.1494140625
92.0761996,-72.9052734375,73.8818359375,-17.1044921875
92.12473,-73.2470703125,72.8076171875,-22.5244140625
92.1451046,-73.9306640625,72.4169921875,-27.5537109375
92.184893,-75.1513671875,72.8076171875,-34.2919921875
92.1972458,-74.9072265625,71.5869140625,-39.8583984375
92.2333946,-75.1025390625,71.7333984375,-44.2529296875
92.2565878,-73.9306640625,70.9033203125,-48.9404296875
92.3089626,-72.3193359375,71.0498046875,-53.1884765625
92.3291043,-70.9521484375,70.1220703125,-57.1923828125
92.3470779,-69.1455078125,69.7314453125,-60.4638671875
92.3799182,-66.7041015625,68.8037109375,-65.0048828125
92.4185734,-65.4833984375,68.6083984375,-68.2275390625
92.4394488,-63.9697265625,67.6806640625,-70.9619140625
92.4825366,-63.9208984375,67.4853515625,-74.2822265625
92.5049442,-63.7255859375,67.1435546875,-76.6748046875
92.5407826,-63.4814453125,66.5576171875,-80.5810546875
92.5609778,-63.4326171875,64.9462890625,-84.5849609375
92.6050567,-63.4326171875,64.7509765625,-88.4912109375
92.625405,-64.2138671875,65.4833984375,-89.9560546875
92.6607238,-64.3603515625,66.5576171875,-79.7509765625
92.6817027,-65.3369140625,67.2900390625,-54.9951171875
92.7304164,-65.9716796875,67.4853515625,-28.4326171875
92.7521754,-67.2412109375,68.4619140625,-7.6318359375
92.7734619,-67.6806640625,69.3896484375,8.1884765625
92.8098213,-68.8037109375,69.8779296875,18.3935546875
92.8299944,-69.9267578125,71.1474609375,25.5712890625
92.8686939,-70.5615234375,71.2939453125,26.3037109375
92.8920113,-71.0498046875,71.4892578125,19.4677734375
92.9295971,-72.1240234375,72.3681640625,8.3349609375
92.9639479,-72.4169921875,72.8076171875,0.5224609375
92.981446,-73.3935546875,73.1982421875,-2.7001953125
93.0177642,-74.1748046875,72.5634765625,-6.6064453125
93.0420596,-75.2001953125,71.6357421875,-10.7080078125
93.0879,-75.8837890625,72.1728515625,-15.2978515625
93.1177996,-76.8115234375,71.6357421875,-21.6455078125
93.1329251,-77.4462890625,70.9521484375,-27.2119140625
93.1690637,-77.7392578125,70.7080078125,-33.1689453125
93.1960416,-78.2763671875,70.3662109375,-37.8564453125
93.2333866,-76.8115234375,69.0966796875,-42.1533203125
93.2534512,-75.9326171875,68.4619140625,-46.7431640625
93.2890154,-74.3701171875,67.7294921875,-50.6982421875
93.3120719,-72.9052734375,67.2900390625,-53.7744140625
93.3529006,-71.1962890625,65.8740234375,-57.5830078125
93.375238,-69.1455078125,65.6298828125,-61.6845703125
93.4121588,-67.8271484375,65.2392578125,-63.3935546875
93.4346251,-67.0947265625,63.4326171875,-66.8603515625
93.4717451,-66.8505859375,63.7255859375,-69.3994140625
93.4921798,-67.4853515625,62.1630859375,-73.0615234375
93.5325151,-67.0458984375,61.4794921875,-77.2607421875
93.5566692,-67.3876953125,61.2353515625,-80.4833984375
93.5951401,-67.6318359375,62.4072265625,-81.9970703125
93.6171723,-68.8525390625,62.5537109375,-72.0361328125
93.6532086,-69.0478515625,64.0673828125,-47.9150390625
93.6793316,-70.1220703125,63.3837890625,-21.2548828125
93.7171565,-70.1220703125,64.5556640625,-0.2587890625
93.7373827,-71.2939453125,65.5322265625,15.2197265625
93.7749646,-72.2216796875,66.5087890625,25.2294921875
93.7974897,-72.8564453125,67.7783203125,31.7236328125
93.8348936,-73.3447265625,68.7060546875,31.8701171875
93.8583484,-74.5166015625,69.3896484375,25.0830078125
93.9025257,-75.6884765625,70.7080078125,14.1455078125
93.9220454,-76.0791015625,71.8798828125,7.4560546875
93.9595546,-76.4208984375,71.2939453125,4.6728515625
93.977259,-77.5927734375,71.0986328125,1.5478515625
94.012632,-78.4228515625,71.7822265625,-3.4814453125
94.0381091,-79.3017578125,71.6357421875,-8.7548828125
94.0750589,-79.8388671875,71.7822265625,-14.0771484375
94.1004622,-79.9365234375,71.6357421875,-20.0830078125
94.1516742,-80.8642578125,72.2705078125,-26.2353515625
94.18208,-80.9130859375,71.7333984375,-30.8740234375
94.1879216,-80.3271484375,71.9775390625,-35.4150390625
94.2313079,-79.5947265625,71.0009765625,-38.9794921875
94.2605474,-77.6904296875,70.8056640625,-43.5205078125
94.2790853,-76.8603515625,71.2939453125,-47.4755859375
94.314461,-74.5166015625,70.8056640625,-51.2841796875
94.3415677,-73.3935546875,71.0498046875,-54.5068359375
94.3866439,-72.1240234375,71.0498046875,-56.8505859375
94.4071005,-70.8544921875,70.6591796875,-59.4873046875
94.4314585,-70.7080078125,70.9521484375,-63.7353515625
94.4712625,-71.3916015625,71.0009765625,-67.0556640625
94.4965574,-70.9521484375,70.6103515625,-71.1083984375
94.5238058,-71.1474609375,71.7822265625,-74.4287109375
94.573278,-71.5380859375,73.4423828125,-71.7919921875
94.5832769,-71.4404296875,74.2236328125,-52.2119140625
94.6201969,-72.3681640625,75.2001953125,-26.2841796875
94.6418229,-73.2470703125,76.7626953125,-3.7744140625
94.6781845,-73.1982421875,78.6669921875,13.2177734375
94.7024102,-73.8818359375,80.6201171875,25.0830078125
94.738083,-74.5654296875,80.6689453125,32.4560546875
94.7639824,-76.0302734375,81.5966796875,33.8232421875
94.7999809,-76.7138671875,82.7197265625,29.2822265625
94.824432,-77.1044921875,83.8916015625,18.0029296875
94.8612839,-78.4716796875,85.0634765625,9.4091796875
94.8809591,-78.4228515625,85.4541015625,4.7216796875
94.9303766,-79.3017578125,85.5517578125,2.1826171875
94.9439343,-79.2041015625,85.3076171875,-2.5048828125
94.9819502,-79.8876953125,86.1865234375,-7.5830078125
95.0061893,-80.9619140625,85.9423828125,-12.8564453125
95.0347657,-81.1572265625,85.5517578125,-18.6669921875
95.072353,-82.1337890625,85.7958984375,-24.5751953125
95.0959222,-82.4267578125,84.8193359375,-30.6298828125
95.1229316,-82.7197265625,84.8193359375,-35.8056640625
95.1612373,-80.8642578125,84.8193359375,-39.3212890625
95.1854696,-79.7412109375,83.9892578125,-43.4716796875
95.2146697,-79.2041015625,83.5498046875,-47.0361328125
95.2525894,-77.6904296875,82.6220703125,-51.1865234375
95.2763183,-75.8837890625,82.3779296875,-54.9462890625
95.3043144,-74.7119140625,81.5966796875,-57.8271484375
95.3529661,-73.8818359375,80.8642578125,-60.6591796875
95.3664557,-73.7353515625,79.8388671875,-63.3935546875
95.396732,-73.7353515625,80.0341796875,-67.5927734375
95.4276837,-72.5634765625,79.1552734375,-70.6689453125
95.4554338,-73.0029296875,79.3505859375,-75.6005859375
95.4939402,-73.3935546875,79.3994140625,-78.1396484375
95.5172681,-73.5400390625,80.2294921875,-69.5458984375
95.5507155,-73.7353515625,81.6455078125,-46.6943359375
95.5798602,-74.3212890625,82.5732421875,-19.3017578125
95.6073309,-74.5654296875,83.5498046875,2.6220703125
95.6356093,-75.3955078125,85.1611328125,19.9072265625
95.6803061,-75.8837890625,86.6748046875,30.6005859375
95.6977505,-76.8115234375,88.2373046875,37.4853515625
95.7309695,-77.4951171875,88.6767578125,39.2431640625
95.7587082,-77.6416015625,89.0185546875,32.8466796875
95.7875609,-78.7646484375,89.7509765625,20.8837890625
95.8191747,-79.5458984375,89.9462890625,12.3876953125
95.8492902,-79.5458984375,89.4091796875,7.7978515625
95.8804289,-80.3271484375,89.4580078125,4.6728515625
95.910293,-80.6201171875,89.6533203125,-0.2099609375
95.9402617,-81.2548828125,88.7744140625,-4.8486328125
95.9680024,-82.3779296875,88.2373046875,-10.7568359375
96.0002802,-83.0126953125,87.7001953125,-16.3232421875
96.0456466,-83.4521484375,87.0654296875,-22.3779296875
96.0616785,-83.5498046875,85.9912109375,-27.8955078125
96.1077546,-82.7197265625,84.8193359375,-32.5341796875
96.1200978,-82.0361328125,84.6240234375,-37.6123046875
96.1522414,-81.4013671875,83.3544921875,-41.8115234375
96.1959158,-79.8876953125,82.9638671875,-45.6201171875
96.2128384,-78.0322265625,82.0361328125,-49.3310546875
96.243442,-76.1767578125,81.0107421875,-52.7978515625
96.2847131,-75.2001953125,79.7412109375,-55.9716796875
96.304806,-73.8818359375,79.1064453125,-57.9736328125
96.3470285,-73.7353515625,77.5927734375,-61.4404296875
96.3605374,-73.0029296875,76.9091796875,-64.7607421875
96.3929293,-72.8076171875,75.5908203125,-68.7158203125
96.4372761,-72.7587890625,75.6884765625,-72.2802734375
96.4502771,-72.4658203125,74.5654296875,-74.9658203125
96.5105753,-72.7587890625,75.5908203125,-68.9111328125
96.5113743,-73.1982421875,76.2255859375,-46.2060546875
96.5570547,-72.8076171875,77.2021484375,-19.0576171875
96.5736489,-73.6376953125,77.2509765625,3.2568359375
96.617281,-74.8583984375,79.0576171875,20.9814453125
96.6493983,-75.2490234375,79.8876953125,33.0419921875
96.6639978,-75.0048828125,80.1318359375,39.9755859375
96.7127583,-75.7373046875,80.2783203125,41.9287109375
96.7322458,-76.5185546875,81.4501953125,36.8994140625
96.7682186,-76.6162109375,82.0849609375,25.8642578125
96.7900477,-77.5927734375,81.5966796875,16.9775390625
96.8259734,-77.6904296875,81.6943359375,13.2177734375
96.8454863,-78.4716796875,81.2060546875,9.7509765625
96.8866064,-79.4482421875,81.2060546875,5.7958984375
96.9069708,-79.3994140625,80.2783203125,0.2294921875
96.9393975,-80.3271484375,80.9130859375,-4.6044921875
96.964645,-80.9130859375,80.6689453125,-11.0986328125
97.0028915,-81.0107421875,79.4970703125,-17.5439453125
97.0228107,-81.4501953125,79.3505859375,-22.3779296875
97.0667386,-80.8642578125,78.2275390625,-27.7001953125
97.0883083,-80.2294921875,77.5439453125,-31.7529296875
97.127366,-79.0576171875,76.9580078125,-35.9033203125
97.1473167,-78.5205078125,75.8349609375,-40.2001953125
97.1824645,-76.2255859375,75.6396484375,-43.6669921875
97.2076118,-74.5654296875,74.4677734375,-47.4755859375
97.2579432,-72.9541015625,74.4189453125,-50.2099609375
97.2778504,-71.3916015625,73.8818359375,-52.8955078125
97.2988943,-70.3173828125,73.0517578125,-56.4111328125
97.33721,-70.3662109375,72.0751953125,-59.7314453125
97.3661173,-69.3896484375,72.2216796875,-63.8330078125
97.3890229,-68.9990234375,72.2216796875,-66.9091796875
97.4231686,-68.8525390625,73.0029296875,-68.7158203125
97.4482612,-69.2919921875,73.9306640625,-57.1435546875
97.4841973,-69.5361328125,75.2490234375,-32.2412109375
97.5080543,-68.9013671875,75.2490234375,-5.8740234375
97.5458075,-69.4384765625,76.5185546875,14.2431640625
97.5670683,-69.1943359375,76.9091796875,28.7939453125
97.6023366,-70.6591796875,78.4716796875,37.4853515625
97.6304358,-71.2939453125,79.1064453125,42.0263671875
97.6685659,-71.8310546875,78.7646484375,40.5126953125
97.6890561,-72.5146484375,79.1064453125,30.5029296875
97.7276206,-72.5146484375,79.8388671875,19.8095703125
97.749691,-73.2470703125,80.5712890625,12.8271484375
97.7869728,-73.9306640625,79.8876953125,9.9951171875
97.808165,-74.1259765625,79.9365234375,6.1376953125
97.8458194,-74.5166015625,80.1318359375,1.8408203125
97.870898,-75.3955078125,79.7900390625,-4.7021484375
97.9081303,-75.5419921875,79.3017578125,-10.3173828125
97.932811,-76.0791015625,78.3251953125,-15.9326171875
97.9709634,-76.0302734375,77.9345703125,-21.9873046875
97.991159,-77.0068359375,77.2509765625,-27.6025390625
98.0300172,-76.5673828125,76.6650390625,-32.3876953125
98.0500459,-75.4931640625,76.6162109375,-36.1474609375
98.0863926,-75.1025390625,76.2744140625,-40.3955078125
98.1140662,-72.5146484375,74.8583984375,-44.5458984375
98.1519576,-71.4892578125,73.4912109375,-48.3056640625
98.1726808,-69.0966796875,73.2470703125,-52.7490234375
98.2106481,-68.3642578125,72.4658203125,-55.0439453125
98.2309124,-66.1669921875,71.9287109375,-58.1689453125
98.2702494,-65.5810546875,70.6591796875,-60.7568359375
98.3030891,-64.9951171875,70.9521484375,-65.4443359375
98.3411533,-64.8974609375,69.4873046875,-68.3740234375
98.3544754,-63.9208984375,69.3896484375,-72.2314453125
98.392736,-64.6044921875,69.7314453125,-74.3310546875
98.4271666,-64.7998046875,69.7314453125,-64.1259765625
98.4445851,-64.5068359375,70.1708984375,-39.8583984375
98.481641,-65.4345703125,70.6591796875,-11.4892578125
98.5028511,-66.0205078125,71.0498046875,9.7998046875
98.5408619,-65.8740234375,71.9775390625,26.2548828125
98.563206,-67.1923828125,73.8330078125,38.1201171875
98.6013151,-67.5341796875,73.2470703125,43.4423828125
98.629466,-68.1689453125,73.2958984375,44.8583984375
98.6646124,-68.3642578125,73.8330078125,37.8271484375
98.6856036,-69.3896484375,73.9306640625,26.4501953125
98.7242415,-69.9267578125,73.9794921875,18.2958984375
98.7444585,-70.9033203125,74.7607421875,13.8525390625
98.7820375,-71.9775390625,74.5654296875,10.2880859375
98.8031573,-71.9287109375,74.4677734375,5.4541015625
98.8412984,-72.9052734375,73.5400390625,-0.6494140625
98.8659692,-73.5888671875,73.9306640625,-5.7275390625
98.9126886,-73.4423828125,72.6611328125,-12.4658203125
98.9330402,-74.2724609375,72.7099609375,-18.8134765625
98.9688572,-74.2236328125,72.5146484375,-24.1357421875
98.9864898,-74.4677734375,70.8056640625,-29.2138671875
99.0247057,-73.6376953125,71.0986328125,-33.5107421875
99.0449255,-72.2216796875,69.9267578125,-37.8076171875
99.0814022,-70.8056640625,68.3642578125,-42.3486328125
99.1096813,-69.0966796875,67.5341796875,-45.5712890625
99.1471638,-66.9970703125,67.1435546875,-49.6240234375
99.1674384,-65.2880859375,66.2158203125,-53.5302734375
99.2043458,-63.7744140625,65.4833984375,-55.9716796875
99.2264233,-62.5048828125,64.4091796875,-59.8779296875
99.2620942,-62.2607421875,62.7490234375,-62.4169921875
99.2883697,-62.2119140625,62.2119140625,-65.8837890625
99.325679,-61.7724609375,61.4794921875,-70.2783203125
99.349194,-62.2119140625,60.9423828125,-73.4521484375
99.3884158,-62.6025390625,60.9423828125,-76.4794921875
99.4080125,-63.3349609375,61.6748046875,-70.4248046875
99.4565011,-63.6767578125,61.9189453125,-47.9638671875
99.4774999,-63.9208984375,62.1142578125,-20.1318359375
99.5028732,-65.0439453125,62.7978515625,3.5009765625
99.5398752,-65.9716796875,62.7001953125,21.3232421875
99.5568465,-66.9482421875,62.5048828125,33.6279296875
99.5925584,-67.8271484375,63.9697265625,41.0986328125
99.6215841,-68.8525390625,64.2626953125,45.0048828125
99.6529717,-69.5361328125,64.6044921875,39.6826171875
99.6917864,-70.1708984375,65.3369140625,29.4775390625
99.7117451,-71.8798828125,65.0439453125,20.3955078125
99.7492294,-72.6611328125,64.9951171875,15.7080078125
99.7736327,-73.5888671875,64.5068359375,11.7041015625
99.7999068,-74.1748046875,65.6298828125,7.6025390625
99.8374992,-75.0537109375,64.5556640625,2.2314453125
99.8621245,-76.2255859375,63.5302734375,-3.9208984375
99.8985947,-78.0810546875,63.9208984375,-10.3173828125
99.9238578,-78.1787109375,63.6767578125,-16.5673828125
99.9536296,-79.3505859375,63.6279296875,-22.4755859375
99.985299,-80.5224609375,63.0908203125,-27.7490234375
100.0145004,-79.8388671875,62.5048828125,-32.0947265625
100.0418068,-79.0576171875,61.0400390625,-36.1962890625
100.0778568,-77.8857421875,61.3818359375,-39.8095703125
100.1032532,-76.3720703125,60.7470703125,-44.3017578125
100.1319962,-75.1025390625,59.9658203125,-47.7685546875
100.1721384,-72.6611328125,60.0146484375,-51.8212890625
100.1923139,-70.8056640625,59.9169921875,-54.3603515625
100.2291279,-69.0966796875,58.8427734375,-56.8505859375
100.2561173,-67.4853515625,58.5986328125,-59.8779296875
100.2846489,-66.1669921875,58.5498046875,-63.8330078125
100.3125268,-64.9951171875,58.1103515625,-67.2021484375
100.3507631,-64.3115234375,58.8427734375,-71.6943359375
100.3734241,-64.2626953125,59.2333984375,-72.8173828125
100.4218177,-64.8974609375,60.4541015625,-61.1962890625
100.4362183,-65.8251953125,60.6005859375,-36.5380859375
100.463857,-66.2158203125,62.1142578125,-10.8056640625
100.5009984,-66.8017578125,62.6025390625,8.8232421875
100.5263829,-68.2666015625,63.8232421875,22.5927734375
100.5533916,-69.2431640625,63.9208984375,31.5771484375
100.5864637,-70.7568359375,64.1650390625,36.5087890625
100.6152742,-70.6103515625,64.7021484375,36.3134765625
100.6441043,-71.6845703125,65.6298828125,25.8642578125
100.6764865,-72.8076171875,65.5810546875,15.3173828125
100.7049392,-73.3447265625,66.0693359375,8.4326171875
100.7384301,-75.0537109375,66.5576171875,4.6240234375
100.767031,-75.1513671875,67.0458984375,1.1083984375
100.7957206,-75.9326171875,66.5576171875,-2.9931640625
100.8304152,-76.4697265625,66.9970703125,-8.7548828125
100.8572057,-77.1044921875,66.6552734375,-14.7607421875
100.8904226,-77.6904296875,65.9228515625,-19.8388671875
100.9198996,-78.6669921875,65.8740234375,-26.5771484375
100.9460084,-78.7646484375,65.8740234375,-31.7041015625
100.9758908,-79.7412109375,65.2880859375,-36.3427734375
101.0097388,-79.3017578125,65.8251953125,-40.2978515625
101.0379223,-78.5693359375,64.7509765625,-44.7412109375
101.0693178,-76.7138671875,64.6044921875,-47.9150390625
101.0985063,-76.2744140625,63.9208984375,-51.8701171875
101.1285392,-74.1259765625,63.8720703125,-56.8505859375
101.1594441,-72.8076171875,63.1884765625,-59.3896484375
101.1866368,-71.8798828125,62.1630859375,-63.1982421875
101.2214485,-70.9521484375,62.4072265625,-65.6396484375
101.2524789,-70.6591796875,61.9677734375,-68.2763671875
101.2797233,-71.0009765625,60.8447265625,-73.0126953125
101.3269826,-69.9755859375,60.8935546875,-76.1376953125
101.3391447,-70.3173828125,60.0634765625,-79.7998046875
101.369394,-71.0498046875,61.1865234375,-79.2138671875
101.4140481,-71.0986328125,62.1142578125,-62.3193359375
101.4331247,-71.8310546875,61.7724609375,-36.2451171875
101.4586154,-72.3193359375,62.7001953125,-10.8056640625
101.5055511,-72.7099609375,63.8720703125,8.3837890625
101.5220844,-73.1982421875,64.8974609375,22.7392578125
101.5768104,-73.9794921875,65.7763671875,30.8447265625
101.596972,-74.4677734375,66.7529296875,36.2158203125
101.6130964,-75.0048828125,67.2412109375,34.8974609375
101.6548463,-75.8837890625,68.2177734375,26.7919921875
101.6749794,-76.8115234375,68.3642578125,16.1962890625
101.712195,-77.4951171875,69.1455078125,10.3857421875
101.7357571,-77.8857421875,70.2197265625,6.7236328125
101.7736704,-78.7158203125,69.6826171875,2.5732421875
101.7956421,-78.9599609375,70.6591796875,-1.3330078125
101.8349882,-79.8876953125,70.1220703125,-7.9736328125
101.8552541,-79.8388671875,70.8544921875,-13.3447265625
101.8953424,-81.2548828125,70.5615234375,-20.1318359375
101.9126967,-80.9130859375,71.1962890625,-25.6982421875
101.9562488,-81.7919921875,70.4638671875,-31.3134765625
101.9742471,-82.2314453125,70.4150390625,-35.9033203125
102.015362,-81.4501953125,69.5849609375,-39.8095703125
102.0444422,-81.1083984375,70.0732421875,-43.9111328125
102.0663767,-79.6435546875,69.8779296875,-48.2568359375
102.1026147,-77.9833984375,69.1455078125,-52.2119140625
102.1280276,-75.7861328125,68.8525390625,-55.3857421875
102.1690976,-74.6142578125,67.8271484375,-58.9013671875
102.1884964,-73.2470703125,67.6318359375,-61.0986328125
102.2254411,-72.0751953125,66.9482421875,-63.8818359375
102.2455997,-72.0263671875,66.4599609375,-67.2021484375
102.294206,-71.7333984375,65.6298828125,-71.0107421875
102.3137034,-71.2939453125,66.3623046875,-74.5751953125
102.3369169,-71.1474609375,67.0458984375,-76.7724609375
102.372597,-71.4404296875,68.0712890625,-70.8154296875
102.3956728,-71.3427734375,69.3896484375,-47.6708984375
102.4329657,-71.5869140625,70.6103515625,-20.1806640625
102.463129,-71.9775390625,72.2705078125,0.6689453125
102.5004373,-72.1728515625,74.5166015625,15.8544921875
102.515881,-72.7587890625,75.7861328125,26.6455078125
102.5545628,-73.1494140625,76.9580078125,32.9443359375
102.5778073,-73.5888671875,78.7158203125,35.0927734375
102.6157698,-74.3212890625,80.2783203125,28.6474609375
102.6378721,-75.1025390625,80.8642578125,16.8798828125
102.6768656,-75.3466796875,82.2802734375,8.8232421875
102.7092632,-76.0302734375,83.4521484375,3.9404296875
102.7292785,-76.3232421875,83.2080078125,0.2783203125
102.7650817,-77.4951171875,84.6728515625,-3.0419921875
102.7884695,-77.8369140625,85.4052734375,-8.5107421875
102.8224514,-78.4716796875,85.2587890625,-15.0537109375
102.8469185,-78.8623046875,85.6494140625,-20.7666015625
102.8851876,-79.2529296875,86.0400390625,-27.1142578125
102.9094474,-79.7900390625,84.8681640625,-31.5576171875
102.9454247,-79.9365234375,85.8447265625,-37.2705078125
102.9685655,-80.5712890625,85.9912109375,-41.8115234375
103.0081851,-79.0576171875,84.6728515625,-45.1318359375
103.0323944,-77.8857421875,84.1845703125,-49.5263671875
103.0700904,-76.7138671875,84.4287109375,-53.1884765625
103.0901524,-75.2001953125,83.6962890625,-57.1435546875
103.1265362,-73.4423828125,83.7451171875,-59.8779296875
103.1506927,-71.9775390625,82.7197265625,-62.2705078125
103.1872777,-70.5126953125,81.5478515625,-65.8837890625
103.211584,-69.4384765625,81.0107421875,-69.5947265625
103.2487504,-69.3408203125,80.8642578125,-73.3544921875
103.2717517,-68.6572265625,80.3759765625,-78.0419921875
103.3088936,-67.9248046875,80.6689453125,-80.2392578125
103.3289117,-67.7783203125,82.5732421875,-77.5048828125
103.3652966,-67.5341796875,82.8173828125,-56.1669921875
103.393037,-67.4365234375,83.6962890625,-30.0439453125
103.4312738,-67.9248046875,84.8193359375,-6.4111328125
103.4527154,-67.9248046875,86.3818359375,10.6787109375
103.4900117,-67.7294921875,87.1142578125,21.9580078125
103.5100414,-69.0478515625,89.3115234375,28.3544921875
103.547429,-68.8037109375,90.0927734375,30.7470703125
103.5723433,-69.4384765625,91.0693359375,27.4267578125
103.6071805,-69.7802734375,92.0458984375,16.6845703125
103.6337155,-70.3173828125,93.1689453125,6.6259765625
103.6703502,-70.9521484375,93.6083984375,2.0361328125
103.6944149,-71.0986328125,93.5107421875,-0.8935546875
103.7319032,-71.7822265625,93.1689453125,-5.1416015625
103.7550466,-72.4169921875,92.6806640625,-10.5615234375
103.7899395,-73.0517578125,92.5830078125,-15.7373046875
103.8122542,-73.4423828125,91.5576171875,-22.5732421875
103.8495876,-74.0283203125,90.9716796875,-28.2861328125
103.8744377,-74.5654296875,91.1181640625,-33.5595703125
103.9135337,-74.8095703125,89.7509765625,-38.1005859375
103.9377325,-75.2978515625,89.1650390625,-42.3974609375
103.9877703,-74.2236328125,88.5302734375,-46.6455078125
104.0069509,-73.3447265625,87.2607421875,-49.8681640625
104.0272169,-71.7822265625,86.5771484375,-54.9951171875
104.0646795,-70.0732421875,85.6005859375,-57.7294921875
104.0890698,-68.3642578125,84.3310546875,-61.4892578125
104.1246457,-67.0947265625,83.1591796875,-64.7607421875
104.1448769,-65.0439453125,82.6708984375,-67.5927734375
104.1809101,-63.0419921875,81.0107421875,-70.2294921875
104.2067888,-63.0419921875,80.3271484375,-73.6962890625
104.242375,-62.4072265625,78.3251953125,-77.4560546875
104.268268,-62.1630859375,78.9111328125,-81.1181640625
104.3081693,-61.7236328125,78.6181640625,-82.3388671875
104.325275,-61.4794921875,79.5947265625,-72.2314453125
104.3626465,-61.7724609375,81.3525390625,-47.1826171875
104.3891239,-61.3330078125,81.6943359375,-21.1083984375
104.4264108,-62.1142578125,82.3779296875,-1.2841796875
104.4470873,-62.8466796875,82.5732421875,14.1943359375
104.4821433,-63.0908203125,83.7451171875,23.7158203125
104.5099344,-63.7255859375,85.1123046875,30.2099609375
104.5631979,-63.5302734375,84.9658203125,30.8447265625
104.5667591,-64.5556640625,85.3564453125,23.5693359375
104.6025073,-64.9951171875,85.9423828125,12.8759765625
104.6286521,-66.0205078125,86.3330078125,6.1865234375
104.6661706,-66.8017578125,86.3330078125,1.5966796875
104.6890881,-67.5830078125,86.2841796875,-1.2841796875
104.7262268,-67.6806640625,85.2587890625,-5.7763671875
104.7466006,-67.7294921875,84.6240234375,-10.2685546875
104.784499,-68.6572265625,83.7451171875,-15.5908203125
104.8147565,-69.1455078125,83.7939453125,-21.4501953125
104.842631,-69.8779296875,82.8173828125,-26.6748046875
104.8702232,-69.9755859375,81.4013671875,-32.0458984375
104.9225303,-71.1962890625,81.7431640625,-36.8798828125
104.9328473,-70.5126953125,79.5458984375,-40.7373046875
104.9704286,-70.3173828125,79.4970703125,-43.4228515625
104.9933188,-68.9501953125,78.2763671875,-47.7197265625
105.0209476,-67.5830078125,77.8369140625,-51.8701171875
105.0588019,-66.3623046875,77.0068359375,-55.5322265625
105.0799551,-63.7255859375,76.7138671875,-58.3154296875
105.1181865,-62.1630859375,75.0537109375,-60.1708984375
105.1416996,-60.5517578125,74.8095703125,-62.7587890625
105.1883758,-59.5751953125,73.3935546875,-66.2744140625
105.2022421,-59.3310546875,72.7587890625,-69.8876953125
105.2322824,-59.6240234375,72.1728515625,-73.5986328125
105.2647292,-58.7939453125,73.2958984375,-76.4306640625
105.2929053,-58.7939453125,72.8564453125,-74.9169921875
105.3251849,-58.4033203125,73.8818359375,-56.2646484375
105.3527588,-58.5009765625,74.2236328125,-29.5556640625
105.3819416,-59.3310546875,75.7373046875,-6.7529296875
105.4177411,-59.8193359375,76.6650390625,9.2626953125
105.4446873,-60.6982421875,78.5205078125,20.8349609375
105.4717587,-60.9912109375,78.8134765625,27.6220703125
105.5055039,-62.3095703125,79.8388671875,30.5029296875
105.5347482,-62.3095703125,80.6201171875,25.8154296875
105.5633243,-63.0908203125,81.3037109375,15.3173828125
105.59344,-64.0673828125,81.3037109375,6.2841796875
105.6258044,-64.3115234375,81.5966796875,1.0595703125
105.6566827,-65.1904296875,81.9384765625,-1.3818359375
105.6865498,-65.7275390625,83.1103515625,-5.9716796875
105.713528,-66.5576171875,81.3525390625,-10.0244140625
105.7464893,-66.7041015625,81.6943359375,-15.2978515625
105.7761761,-67.9248046875,80.8154296875,-21.7431640625
105.8037541,-68.5107421875,80.1318359375,-27.4072265625
105.8367577,-69.5849609375,80.0830078125,-32.6806640625
105.8651014,-69.8779296875,79.3017578125,-37.5146484375
105.8953438,-71.0009765625,78.9599609375,-42.2021484375
105.9265786,-70.3173828125,77.4951171875,-46.5478515625
105.9566742,-69.6826171875,77.2998046875,-50.3076171875
105.9895313,-67.9248046875,76.5673828125,-53.5302734375
106.0172449,-66.6064453125,75.4443359375,-57.1923828125
106.0580385,-65.2880859375,75.1025390625,-60.1708984375
106.0791056,-63.5302734375,74.1748046875,-63.4423828125
106.1065965,-62.2119140625,73.0029296875,-66.4208984375
106.1364634,-60.6982421875,71.5869140625,-69.6435546875
106.1683036,-60.5029296875,70.7568359375,-72.5244140625
106.1955672,-60.3076171875,70.1708984375,-76.9189453125
106.2312434,-59.9658203125,69.7802734375,-80.5810546875
106.2581958,-59.6240234375,70.8544921875,-81.4599609375
106.2883625,-60.1611328125,71.1962890625,-66.1767578125
106.3208296,-60.3076171875,71.2939453125,-40.9814453125
106.3483479,-60.9423828125,72.2216796875,-15.7373046875
106.3781638,-60.8447265625,72.8564453125,2.1826171875
106.4111058,-61.7724609375,72.8076171875,14.9267578125
106.4383251,-62.3095703125,73.6865234375,22.4951171875
106.4668586,-62.8466796875,73.6376953125,26.7431640625
106.5002307,-63.7255859375,73.6865234375,24.0576171875
106.5449062,-65.1416015625,74.5166015625,15.3173828125
106.5618325,-65.5322265625,74.4677734375,5.7470703125
106.5899527,-65.7275390625,74.8095703125,-1.1865234375
106.6338436,-67.0947265625,74.4677734375,-3.5302734375
106.6522113,-67.4365234375,74.6142578125,-7.9736328125
106.6805992,-67.8759765625,74.4189453125,-11.8310546875
106.7126691,-69.2919921875,73.2958984375,-17.1533203125
106.7421331,-69.9755859375,73.6865234375,-23.4033203125
106.7726123,-71.0009765625,72.6123046875,-29.0673828125
106.8155604,-71.2451171875,72.1728515625,-34.5361328125
106.8314571,-72.5146484375,71.3916015625,-39.3212890625
106.8623884,-73.3447265625,70.1220703125,-44.1064453125
106.9198587,-73.3935546875,69.8291015625,-48.3056640625
106.920666,-72.5146484375,68.6083984375,-52.3095703125
106.951412,-71.3916015625,67.0458984375,-55.0439453125
106.995393,-71.1474609375,66.7041015625,-58.4619140625
107.0133176,-69.0966796875,65.0439453125,-62.9052734375
107.0454853,-67.6318359375,63.8232421875,-65.8349609375
107.0741889,-66.1669921875,63.5791015625,-68.2275390625
107.1202916,-64.9951171875,61.7236328125,-71.3037109375
107.1302333,-64.0673828125,61.8212890625,-73.7451171875
107.1748634,-63.5302734375,59.8193359375,-77.4560546875
107.1929673,-63.4326171875,59.4287109375,-81.3134765625
107.2453393,-63.5302734375,59.2822265625,-84.8779296875
107.255148,-63.4814453125,59.2333984375,-83.2177734375
107.2925791,-64.3115234375,59.9658203125,-64.7607421875
107.3130679,-64.6044921875,59.5263671875,-37.6123046875
107.3491624,-64.5068359375,60.5029296875,-12.7587890625
107.3775856,-65.2880859375,60.9423828125,3.8427734375
107.4170321,-65.8740234375,61.6748046875,15.1708984375
107.434688,-66.2646484375,61.3330078125,21.8603515625
107.4706398,-67.2900390625,62.0166015625,25.0830078125
107.4962014,-67.5830078125,61.5771484375,21.8603515625
107.5363748,-68.5595703125,62.1630859375,10.9716796875
107.5548957,-68.7548828125,62.4072265625,0.3271484375
107.6043092,-69.7802734375,61.5771484375,-4.0185546875
107.6235903,-70.7568359375,62.5537109375,-6.3134765625
107.6487578,-71.4404296875,61.2841796875,-9.9267578125
107.676418,-72.2705078125,60.8447265625,-14.2236328125
107.7151823,-72.7587890625,60.6005859375,-19.3994140625
107.7421637,-73.9306640625,60.7470703125,-24.6728515625
107.7657421,-74.4189453125,59.1357421875,-30.4345703125
107.8020407,-74.9072265625,59.3310546875,-35.7080078125
107.8277131,-75.0048828125,58.3544921875,-40.7861328125
107.8669444,-75.5419921875,57.1337890625,-44.5458984375
107.8879598,-76.1767578125,57.4755859375,-47.9638671875
107.9240155,-75.3955078125,56.9873046875,-52.3583984375
107.9463189,-75.0048828125,56.8896484375,-55.1904296875
107.9834551,-73.9306640625,56.1083984375,-58.9013671875
108.0072034,-72.5634765625,55.5224609375,-61.4404296875
108.0452705,-70.2197265625,55.1806640625,-65.2978515625
108.0696888,-69.4873046875,55.2294921875,-67.6416015625
108.0973427,-67.8759765625,54.9365234375,-69.9853515625
108.1351607,-67.5830078125,54.0087890625,-73.9404296875
108.1584645,-66.4599609375,53.8134765625,-77.3583984375
108.195739,-66.8505859375,54.5458984375,-81.2158203125
108.2203533,-66.2158203125,54.9853515625,-83.6572265625
108.257412,-66.5087890625,55.8642578125,-77.5537109375
108.28281,-66.7529296875,56.7431640625,-55.1904296875
108.3211363,-66.5576171875,57.1337890625,-28.3349609375
108.3546632,-67.3876953125,58.3544921875,-7.3388671875
108.3733984,-67.5341796875,59.5751953125,6.5771484375
108.4160022,-68.0224609375,60.4052734375,15.4638671875
108.4269917,-69.0478515625,60.6005859375,20.4443359375
108.4651221,-69.0966796875,61.3818359375,21.7626953125
108.4919398,-70.0732421875,62.2607421875,14.7802734375
108.5287411,-70.6591796875,62.9931640625,3.1103515625
108.5526691,-70.8056640625,63.3837890625,-3.8232421875
108.6044644,-72.2705078125,64.1650390625,-7.6318359375
108.6149449,-72.8564453125,63.7744140625,-10.6103515625
108.6512795,-73.4912109375,63.8720703125,-14.7119140625
108.6704457,-73.2958984375,64.5556640625,-19.0576171875
108.7089649,-73.6865234375,64.5068359375,-23.9404296875
108.7339851,-74.3212890625,63.8720703125,-29.6044921875
108.7708655,-74.8095703125,64.5556640625,-35.7080078125
108.7931241,-75.5908203125,63.9208984375,-41.2744140625
108.8306238,-75.8837890625,63.6767578125,-46.4501953125
108.8508324,-75.9326171875,63.8720703125,-49.4287109375
108.8903357,-76.0791015625,62.9443359375,-54.2626953125
108.9151229,-76.0791015625,62.6513671875,-57.8759765625
108.9521227,-74.5654296875,62.3583984375,-61.2451171875
108.9726164,-73.4423828125,61.7724609375,-65.1025390625
109.0102668,-72.4169921875,61.0400390625,-68.3251953125
109.0344655,-70.7568359375,60.7958984375,-72.1826171875
109.0700089,-68.8525390625,60.6005859375,-74.7216796875
109.0970844,-67.8759765625,60.0634765625,-76.8212890625
109.1349411,-66.9482421875,60.1123046875,-80.6298828125
109.153612,-66.0693359375,58.8427734375,-84.9755859375
109.1951254,-65.2880859375,58.8427734375,-88.7353515625
109.2154882,-65.0927734375,60.3076171875,-92.2998046875
109.2541098,-65.5322265625,61.7236328125,-85.2197265625
109.2766019,-65.6298828125,61.8701171875,-62.0263671875
109.3123433,-65.2392578125,62.4072265625,-35.1708984375
109.332435,-66.2158203125,63.7744140625,-13.9794921875
109.3726343,-66.4599609375,64.8486328125,0.4736328125
109.3956852,-66.5576171875,66.0693359375,9.1650390625
109.435766,-67.0947265625,67.0947265625,14.8291015625
109.4570608,-67.3388671875,67.8271484375,15.8544921875
109.4964372,-68.6083984375,69.3408203125,8.3837890625
109.5188065,-68.5107421875,69.0478515625,-2.9931640625
109.5541706,-69.5361328125,70.2685546875,-10.2685546875
109.5742104,-69.7314453125,70.5615234375,-14.0771484375
109.6105657,-70.3173828125,70.6591796875,-16.1767578125
109.637236,-70.8056640625,71.2451171875,-20.1318359375
109.6776317,-71.4404296875,70.8056640625,-24.0869140625
109.6990412,-71.8310546875,70.7080078125,-29.9462890625
109.7345923,-72.8564453125,70.5615234375,-35.5126953125
109.7597304,-72.6123046875,70.1708984375,-41.2744140625
109.8029356,-73.2958984375,70.0244140625,-46.0107421875
109.8171606,-73.8818359375,69.4873046875,-50.4541015625
109.8531069,-74.3701171875,69.1455078125,-54.8974609375
109.8779003,-74.6630859375,68.5595703125,-58.9990234375
109.9151704,-73.6376953125,68.6572265625,-61.7822265625
109.9416263,-73.1494140625,67.6318359375,-65.6884765625
109.9707069,-71.9287109375,67.4853515625,-69.1552734375
110.007175,-69.8779296875,66.8994140625,-72.9150390625
110.0293489,-68.8525390625,66.4111328125,-75.8935546875
110.0701097,-66.3134765625,65.6298828125,-78.6767578125
110.0918209,-65.2392578125,65.3369140625,-80.9716796875
110.1275852,-64.3115234375,64.4091796875,-83.8525390625
110.1501259,-63.7255859375,63.7744140625,-87.5146484375
110.1884742,-63.4326171875,64.7509765625,-91.7138671875
110.2116045,-62.3095703125,64.1162109375,-94.3505859375
110.2466074,-62.2119140625,65.7275390625,-87.3681640625
110.2726256,-61.9189453125,66.0693359375,-64.2724609375
110.3030167,-62.0166015625,67.7294921875,-37.4169921875
110.3345868,-62.0166015625,68.3154296875,-17.1044921875
110.3625972,-62.9443359375,69.3408203125,-3.5791015625
110.3907131,-63.2373046875,70.9033203125,5.5029296875
110.4225312,-63.8232421875,71.1474609375,10.3857421875
110.4504131,-63.7255859375,72.3193359375,11.0693359375
110.4821097,-64.3603515625,73.1982421875,3.8916015625
110.5136545,-65.5322265625,74.4677734375,-7.0947265625
110.5420037,-65.3857421875,75.2978515625,-14.9072265625
110.5712675,-65.9716796875,75.9326171875,-17.6904296875
110.608111,-66.5087890625,76.3720703125,-19.3505859375
110.6353014,-66.8017578125,76.2255859375,-22.2802734375
110.6652773,-67.4365234375,76.5185546875,-27.3095703125
110.6959564,-67.6806640625,76.3720703125,-31.8994140625
110.7246288,-68.2177734375,76.2744140625,-37.3193359375
110.7561434,-69.8291015625,77.0068359375,-42.3486328125
110.7838821,-68.8037109375,76.6650390625,-47.4267578125
110.8188676,-68.5595703125,76.2744140625,-52.4072265625
110.8449567,-70.6591796875,75.9814453125,-56.6064453125
110.8748686,-70.5615234375,76.0791015625,-59.5361328125
110.9030751,-69.7802734375,75.2978515625,-62.8076171875
110.9349691,-68.2177734375,75.8349609375,-66.6162109375
110.9643457,-67.0947265625,75.6884765625,-69.5458984375
110.9982373,-65.7763671875,75.5908203125,-73.0615234375
111.0233256,-64.5068359375,75.1025390625,-75.8935546875
111.0546701,-62.7978515625,74.1748046875,-78.2373046875
111.086167,-60.3564453125,73.5400390625,-80.7275390625
111.1148016,-59.2822265625,74.4189453125,-84.7802734375
111.1479815,-58.6962890625,73.9794921875,-88.0029296875
111.1769683,-58.6962890625,74.6142578125,-91.6650390625
111.2048473,-57.7197265625,74.9560546875,-93.9599609375
111.2355692,-56.9384765625,75.8349609375,-85.1708984375
111.2670698,-57.0849609375,77.0556640625,-61.4404296875
111.2952424,-57.3779296875,79.0087890625,-35.6591796875
111.328044,-57.4755859375,79.8388671875,-16.3720703125
111.3566239,-58.0615234375,81.4013671875,-3.7255859375
111.3837969,-59.0380859375,83.0126953125,4.5751953125
111.4194443,-59.4287109375,83.2080078125,8.1884765625
111.4489393,-59.9169921875,84.7216796875,7.8955078125
111.4810869,-60.3564453125,85.5029296875,0.5712890625
111.5081176,-61.4306640625,85.5517578125,-9.7314453125
111.5372933,-61.4794921875,86.2353515625,-15.9814453125
111.5706677,-61.9677734375,86.9677734375,-18.6181640625
111.5987747,-62.2607421875,87.1142578125,-21.3037109375
111.6302021,-62.6025390625,87.7490234375,-24.7705078125
111.6598886,-63.2861328125,87.4560546875,-29.4580078125
111.69033,-63.5302734375,86.0888671875,-34.6337890625
111.7165667,-64.3603515625,86.7236328125,-39.6630859375
111.7518935,-64.9462890625,85.9912109375,-44.5947265625
111.7902502,-65.5810546875,86.2353515625,-49.9169921875
111.8099459,-66.0693359375,85.4052734375,-53.7744140625
111.8401968,-66.5576171875,84.4287109375,-59.0478515625
111.8824248,-67.0947265625,84.1845703125,-62.8076171875
111.9030545,-67.0458984375,84.0869140625,-66.2744140625
111.9416006,-65.8251953125,82.7685546875,-70.0341796875
111.9625414,-63.9208984375,82.2314453125,-73.5009765625
111.9992031,-63.0419921875,81.5966796875,-76.5771484375
112.0216378,-60.9423828125,80.3759765625,-79.0673828125
112.0536206,-59.8681640625,79.7900390625,-81.4111328125
112.091727,-58.2080078125,79.0576171875,-84.2431640625
112.1119445,-56.9873046875,79.2529296875,-87.6611328125
112.1493004,-56.8896484375,77.6416015625,-91.5673828125
112.1724555,-56.2548828125,77.5927734375,-94.7900390625
112.2094923,-56.0595703125,79.3994140625,-96.2060546875
112.2348129,-55.2783203125,79.7412109375,-83.3154296875
112.2630852,-55.9130859375,80.7666015625,-57.0947265625
112.306551,-55.0830078125,82.0849609375,-31.7041015625
112.3258835,-56.1083984375,82.8173828125,-13.7353515625
112.3618662,-56.6943359375,83.2080078125,-0.5029296875
112.3849513,-57.4267578125,84.8193359375,7.8466796875
112.4286552,-57.6220703125,85.4541015625,11.2158203125
112.449226,-58.8916015625,85.7958984375,10.5322265625
112.4767139,-59.2333984375,86.3330078125,1.8896484375
112.5152102,-59.4287109375,87.0654296875,-8.3642578125
112.5340887,-59.7705078125,86.5283203125,-12.9541015625
112.5693177,-60.2587890625,87.0166015625,-16.6162109375
112.5940755,-61.4306640625,86.7724609375,-18.6181640625
112.6318453,-61.5283203125,86.4306640625,-22.0849609375
112.6533004,-62.7490234375,85.6005859375,-26.3330078125
112.6894327,-63.3837890625,84.9658203125,-31.7529296875
112.7156848,-63.9697265625,84.2333984375,-37.0263671875
112.7513483,-64.3115234375,83.8916015625,-42.3486328125
112.7746345,-64.8974609375,82.3291015625,-46.7431640625
112.8196258,-65.3857421875,82.1337890625,-51.4306640625
112.8390788,-65.5322265625,80.9130859375,-55.2880859375
112.8819021,-65.8740234375,80.1318359375,-57.9736328125
112.9020908,-65.4345703125,79.3505859375,-61.3916015625
112.9387599,-65.1904296875,78.6669921875,-65.2001953125
112.9536565,-64.0185546875,77.0556640625,-68.0810546875
112.9910837,-62.6513671875,76.3720703125,-70.8642578125
113.025444,-60.9423828125,74.1748046875,-72.8662109375
113.048561,-59.2822265625,74.0771484375,-75.2099609375
113.0768231,-57.7197265625,73.2470703125,-77.9443359375
113.1143731,-56.3037109375,71.8310546875,-82.2412109375
113.1365136,-55.9619140625,71.3427734375,-85.7568359375
113.1734835,-55.8642578125,72.4658203125,-89.1259765625
113.2017218,-55.5712890625,72.4658203125,-84.8291015625
113.2287838,-55.0830078125,72.9052734375,-64.7119140625
113.2647856,-55.1806640625,74.0283203125,-38.3935546875
113.2858606,-55.8154296875,74.7607421875,-16.6162109375
113.3241219,-55.9619140625,76.1279296875,-1.6748046875
113.353319,-56.4013671875,77.2021484375,8.5791015625
113.3812777,-56.7919921875,78.3251953125,13.2666015625
113.4096009,-57.4267578125,78.6669921875,15.0732421875
113.4467589,-57.8662109375,78.9599609375,11.4111328125
113.4713427,-58.4033203125,80.7666015625,0.8154296875
113.5002595,-59.4775390625,81.4013671875,-6.7529296875
113.5387776,-59.5751953125,81.5966796875,-10.1220703125
113.571069,-60.1123046875,81.6455078125,-11.7333984375
113.5908198,-60.9423828125,81.5966796875,-15.5908203125
113.6265661,-61.7724609375,80.7666015625,-19.1552734375
113.6508389,-62.0654296875,81.6943359375,-24.1845703125
113.6879892,-62.6025390625,81.6455078125,-29.9462890625
113.7101483,-63.9208984375,81.3037109375,-35.2685546875
113.7477821,-64.3603515625,81.6455078125,-39.7607421875
113.771179,-63.8720703125,80.2294921875,-44.2041015625
113.8226638,-64.9462890625,80.1806640625,-48.1103515625
113.8533336,-65.7275390625,80.0341796875,-51.3818359375
113.8633045,-65.8251953125,79.4970703125,-53.9697265625
113.9018898,-65.0927734375,78.9111328125,-58.2177734375
113.9220107,-64.6044921875,78.0322265625,-61.0986328125
113.9594565,-63.6279296875,77.7880859375,-63.9306640625
113.9829343,-61.7236328125,76.5185546875,-66.4208984375
114.0205092,-60.4052734375,76.8603515625,-69.1064453125
114.0425742,-58.7939453125,75.4931640625,-72.9638671875
114.0787593,-57.4755859375,75.2978515625,-76.5283203125
114.1047676,-56.5478515625,74.8583984375,-80.2392578125
114.1432409,-56.9384765625,74.9560546875,-83.1689453125
114.1626275,-56.4501953125,75.2490234375,-72.6708984375
114.2019508,-56.4990234375,76.4697265625,-49.9658203125
114.2271069,-56.2548828125,77.5439453125,-26.8701171875
114.264439,-56.0595703125,77.8857421875,-7.8271484375
114.2858373,-56.4013671875,79.0087890625,4.2333984375
114.3219944,-55.7666015625,79.6435546875,11.8017578125
114.343659,-56.4990234375,80.9130859375,14.6826171875
114.3807359,-56.7431640625,80.6689453125,14.0478515625
114.404483,-57.5244140625,80.7666015625,5.7470703125
114.4426123,-57.6708984375,81.7919921875,-4.1650390625
114.4652132,-59.0869140625,81.1083984375,-9.1455078125
114.4942058,-58.9404296875,82.2314453125,-11.9775390625
114.5402047,-59.7705078125,81.7919921875,-13.6865234375
114.5603325,-61.0400390625,80.9130859375,-17.9833984375
114.5884067,-61.1865234375,81.2060546875,-22.2314453125
114.6174284,-61.8212890625,80.9130859375,-27.7001953125
114.6558255,-62.2119140625,80.0830078125,-32.6806640625
114.6731586,-62.7490234375,79.5458984375,-37.6123046875
114.7083887,-63.8720703125,78.7646484375,-42.2998046875
114.7356031,-64.6044921875,78.2763671875,-47.1826171875
114.7739819,-65.1904296875,77.4951171875,-50.7470703125
114.8080634,-65.3369140625,76.8115234375,-54.5556640625
114.8276832,-65.6787109375,76.6650390625,-57.7783203125
114.8639815,-64.9462890625,75.0537109375,-60.7080078125
114.8869989,-63.7744140625,74.1748046875,-63.1005859375
114.9229276,-62.8466796875,74.0283203125,-66.0791015625
114.9486518,-61.9189453125,73.0517578125,-68.4716796875
114.9930269,-59.6728515625,72.3193359375,-71.2548828125
115.0070838,-58.5986328125,71.1474609375,-75.0634765625
115.0435143,-57.3291015625,69.7314453125,-78.8232421875
115.0676281,-57.2314453125,69.9755859375,-82.7294921875
115.1062393,-56.9873046875,70.8056640625,-81.8505859375
115.1302147,-56.3525390625,70.9033203125,-66.8603515625
115.157894,-56.4990234375,72.0263671875,-40.9814453125
115.1921212,-56.0107421875,71.6845703125,-17.6416015625
115.2207773,-56.6455078125,72.8076171875,0.1318359375
115.2532531,-57.3779296875,72.5146484375,12.3388671875
115.2824678,-57.3291015625,73.5888671875,19.5166015625
115.3108022,-57.4267578125,73.1494140625,23.2763671875
115.3428272,-58.3544921875,73.0517578125,21.3232421875
115.3699534,-59.2822265625,73.9306640625,12.0947265625
115.406652,-59.1357421875,73.7841796875,2.6220703125
115.4316363,-60.6494140625,73.8818359375,-0.8447265625
115.462128,-60.7958984375,73.8818359375,-2.5048828125
115.4897784,-60.7958984375,73.1005859375,-6.0205078125
115.5379997,-61.6748046875,73.3935546875,-9.3896484375
115.5528407,-62.5048828125,71.9287109375,-15.0048828125
115.5853716,-63.1884765625,72.1728515625,-19.7412109375
115.613087,-63.3837890625,71.7822265625,-25.3564453125
115.641401,-64.1650390625,71.2939453125,-30.4833984375
115.6744305,-64.4580078125,70.0732421875,-34.5849609375
115.7026469,-65.3369140625,69.2431640625,-38.5400390625
115.7314222,-66.0693359375,69.8291015625,-41.9580078125
115.7642677,-65.8251953125,67.4365234375,-45.5224609375
115.7933907,-65.6787109375,66.9970703125,-48.4521484375
115.8219241,-64.9951171875,66.2158203125,-51.3330078125
115.8545627,-63.5302734375,64.8486328125,-53.8720703125
115.8832535,-63.1884765625,63.8720703125,-55.7275390625
115.9163298,-61.3818359375,63.0419921875,-59.2431640625
115.9441986,-59.3798828125,61.8701171875,-62.4658203125
115.971989,-58.8427734375,60.9912109375,-66.4208984375
116.0045548,-57.7197265625,61.8701171875,-69.2041015625
116.0335714,-56.6943359375,61.8212890625,-71.0107421875
116.0618371,-55.7177734375,62.9443359375,-59.4873046875
116.0946918,-55.6689453125,63.1884765625,-35.5126953125
116.1239135,-55.4736328125,63.4326171875,-11.6357421875
116.1572983,-54.9365234375,63.9208984375,6.3330078125
116.1871457,-55.4736328125,65.1904296875,17.8076171875
116.2153913,-55.7177734375,66.1669921875,25.8642578125
116.2471433,-56.6943359375,67.0947265625,29.7216796875
116.2757624,-56.0107421875,67.0947265625,29.0869140625
116.3048808,-57.0361328125,68.1689453125,20.2978515625
116.3362822,-58.0615234375,69.8779296875,10.6787109375
116.3661175,-58.4521484375,69.9755859375,6.1865234375
116.3952897,-59.2822265625,70.2685546875,3.5498046875
116.4278812,-59.5263671875,70.3173828125,1.3037109375
116.4570182,-60.1611328125,70.1708984375,-2.8955078125
116.4883018,-60.9912109375,70.6103515625,-7.9736328125
116.5189022,-61.0888671875,70.8056640625,-13.2470703125
116.5449571,-62.0654296875,70.3173828125,-18.5205078125
116.5776866,-63.0419921875,70.4150390625,-22.8173828125
116.606865,-63.7255859375,70.4638671875,-27.6513671875
116.639456,-63.7744140625,70.5615234375,-31.3134765625
116.6679471,-64.1650390625,69.8291015625,-35.3662109375
116.6970955,-64.9462890625,69.5361328125,-38.6865234375
116.7262173,-65.2392578125,69.4873046875,-42.1044921875
116.7607076,-64.1162109375,68.5107421875,-44.5947265625
116.7891269,-63.2373046875,67.6318359375,-47.3779296875
116.819826,-61.9677734375,67.6806640625,-49.7216796875
116.8507826,-60.6982421875,67.6318359375,-53.5791015625
116.877551,-58.7451171875,66.8505859375,-57.3876953125
116.9103153,-57.7197265625,66.2646484375,-60.5615234375
116.9403874,-56.5966796875,67.0947265625,-65.0048828125
116.9727182,-55.5712890625,67.3876953125,-63.4912109375
117.010813,-55.6689453125,68.0712890625,-48.3056640625
117.0303968,-55.0830078125,68.9990234375,-23.6474609375
117.0589646,-54.8876953125,69.5849609375,-0.7470703125
117.1032849,-54.8876953125,70.2197265625,15.5615234375
117.1184792,-54.5947265625,71.8798828125,26.4013671875
117.1546572,-55.4736328125,71.4892578125,32.7001953125
117.1821518,-56.0107421875,71.6357421875,35.8740234375
117.2119519,-55.5712890625,72.6123046875,31.8701171875
117.243177,-57.1337890625,73.2958984375,21.7138671875
117.2725034,-57.1826171875,73.7841796875,13.3642578125
117.3101951,-58.1591796875,73.8330078125,9.3115234375
117.3338227,-59.1357421875,74.2724609375,6.7236328125
117.3700183,-59.6240234375,74.0771484375,3.3056640625
117.3938061,-60.5029296875,75.4443359375,-0.9423828125
117.4317986,-60.6982421875,73.8818359375,-6.0693359375
117.4499357,-61.2841796875,74.0771484375,-11.9775390625
117.4897884,-62.3583984375,73.4423828125,-17.9833984375
117.5128495,-62.8466796875,73.5888671875,-22.8662109375
117.5508587,-63.7744140625,73.2958984375,-28.0419921875
117.57519,-64.7021484375,72.8564453125,-32.0458984375
117.6115212,-64.6533203125,72.3193359375,-35.4150390625
117.63538,-65.3857421875,72.3681640625,-39.1748046875
117.663125,-65.7763671875,71.6845703125,-42.0068359375
117.6987395,-64.9951171875,70.8056640625,-45.8154296875
117.724899,-64.0673828125,70.0732421875,-48.1591796875
117.761763,-62.7001953125,69.7802734375,-50.6494140625
117.78316,-61.2353515625,69.4384765625,-53.6279296875
117.8195264,-59.2333984375,68.4619140625,-57.9736328125
117.8448201,-58.3056640625,67.5830078125,-61.5869140625
117.8813914,-56.7431640625,68.2177734375,-65.2001953125
117.9049761,-56.0107421875,69.1943359375,-66.8115234375
117.9532478,-56.1083984375,68.6572265625,-56.7041015625
117.9676755,-56.1572265625,69.2431640625,-33.0712890625
118.0016745,-55.7666015625,70.6591796875,-7.5830078125
118.0234994,-55.9619140625,70.6591796875,12.4853515625
118.0617034,-56.0107421875,71.5869140625,25.7177734375
118.0862135,-56.0595703125,72.0263671875,34.9951171875
118.1245779,-57.1826171875,72.4658203125,40.0244140625
118.1480445,-57.6220703125,72.3193359375,40.5615234375
118.2018451,-58.6962890625,74.3701171875,33.3349609375
118.2075602,-58.5986328125,74.8095703125,23.2763671875
118.244834,-59.6728515625,74.6630859375,17.5634765625
118.2670452,-60.4541015625,75.2978515625,13.9990234375
118.2994377,-60.8447265625,74.7119140625,10.8740234375
118.3391463,-61.3330078125,75.9326171875,7.3095703125
118.354232,-62.9931640625,75.0537109375,1.3037109375
118.3923053,-63.1396484375,74.8095703125,-4.7509765625
118.4167461,-64.2626953125,74.3212890625,-9.9755859375
118.4552343,-64.5068359375,73.9306640625,-15.4443359375
118.4792308,-65.0439453125,73.4912109375,-20.8154296875
118.5166647,-66.0693359375,72.8076171875,-24.7216796875
118.540341,-66.7041015625,72.2705078125,-28.3837890625
118.573751,-66.9970703125,71.5869140625,-32.3876953125
118.5984182,-67.6806640625,71.9775390625,-36.0498046875
118.6314487,-67.0947265625,71.0986328125,-39.5166015625
118.6583437,-65.7763671875,70.5615234375,-41.9091796875
118.6993363,-65.0927734375,70.4638671875,-44.3994140625
118.7193869,-64.3115234375,69.1943359375,-47.5244140625
118.7561691,-62.0654296875,67.8759765625,-51.8701171875
118.7775649,-60.6494140625,68.1201171875,-55.3857421875
118.8230803,-59.1357421875,67.3876953125,-59.3896484375
118.8388667,-57.6220703125,68.3642578125,-61.4892578125
118.8768525,-57.7197265625,68.8525390625,-55.9716796875
118.901708,-57.6708984375,68.8525390625,-34.2431640625
118.9307472,-56.8896484375,71.0498046875,-8.7060546875
118.9688286,-56.7431640625,71.9287109375,11.6552734375
118.990962,-57.0361328125,73.4423828125,26.5478515625
119.027868,-57.5244140625,74.1748046875,36.2158203125
119.0536586,-57.8173828125,75.6396484375,41.2939453125
119.104703,-58.4521484375,76.9091796875,42.5146484375
119.1143287,-59.5751953125,77.4951171875,36.0693359375
119.1424022,-59.4775390625,79.0087890625,25.2783203125
119.180861,-61.3330078125,79.9365234375,18.1005859375
119.2035109,-61.1376953125,80.3759765625,14.2919921875
119.2451562,-61.5283203125,80.9619140625,11.1181640625
119.2609962,-62.6513671875,81.1572265625,7.3095703125
119.2977601,-63.4814453125,82.2802734375,1.8896484375
119.3240275,-64.0673828125,81.3525390625,-3.2373046875
119.3624291,-64.5556640625,82.0849609375,-9.5361328125
119.383458,-65.5322265625,81.7919921875,-15.5908203125
119.4141126,-66.8994140625,81.3525390625,-21.2548828125
119.4655948,-67.1923828125,81.4501953125,-25.2587890625
119.4734919,-67.7783203125,81.1083984375,-29.6044921875
119.5082052,-68.0224609375,80.7666015625,-33.1201171875
119.5358663,-68.3642578125,80.5224609375,-36.7333984375
119.5718806,-68.5595703125,79.5458984375,-40.6396484375
119.5941227,-67.9248046875,79.2041015625,-43.6181640625
119.6298101,-67.1923828125,78.7158203125,-46.2548828125
119.6537681,-65.5322265625,78.1298828125,-49.0869140625
119.6898202,-64.7509765625,77.5439453125,-53.3837890625
119.7137129,-63.4326171875,76.6162109375,-56.7529296875
119.7532116,-62.1142578125,77.4462890625,-61.0498046875
119.7773056,-60.9423828125,77.8369140625,-64.1259765625
119.8066471,-60.6982421875,78.7646484375,-57.3388671875
119.8602936,-60.4052734375,79.6435546875,-36.6357421875
119.866287,-60.6005859375,80.1806640625,-10.9033203125
119.9034998,-59.9658203125,81.4013671875,10.1904296875
119.9284288,-60.5517578125,81.8408203125,25.6201171875
119.9584273,-60.8447265625,83.4521484375,35.5322265625
119.9999568,-61.2841796875,84.0869140625,41.1474609375
120.0200423,-61.9189453125,84.5751953125,42.2705078125
120.048461,-62.8466796875,86.2841796875,35.6298828125
