Timestamp,PPG_Forehead,PPG_Earlobe,PPG_Finger
0.0138707999999999,0.185546875,0.185546875,0.185546875
0.0203102999999998,0.185546875,0.185546875,0.185546875
0.0377561000000002,0.185546875,0.185546875,0.185546875
0.0449858000000001,0.185546875,0.185546875,0.185546875
0.0517595000000002,0.185546875,0.185546875,0.185546875
0.0549078000000001,0.185546875,0.185546875,0.185546875
0.0621605999999999,148.5595703125,85.3369140625,82.7978515625
0.0687194999999998,-13.1103515625,137.6318359375,-56.4501953125
0.0700620000000001,-13.2568359375,137.3876953125,-61.7236328125
0.0710907000000001,-13.7939453125,137.0458984375,-62.5537109375
0.0721243999999999,-13.5009765625,138.0224609375,-49.6142578125
0.0731461000000002,-13.8916015625,139.5849609375,-24.5166015625
0.0741586999999999,-13.2080078125,140.1708984375,-2.6416015625
0.0751607999999999,-14.1357421875,141.0498046875,8.7841796875
0.0761637999999998,-14.6728515625,140.3662109375,8.6865234375
0.0785746000000001,-16.0400390625,140.4150390625,2.5341796875
0.0796093999999998,-17.1142578125,139.7802734375,-10.2099609375
0.0806045000000002,-17.8466796875,139.4384765625,-22.7587890625
0.0815849000000002,-16.6748046875,138.9990234375,-31.0595703125
0.0826085000000001,-14.8193359375,139.2431640625,-32.5244140625
0.0835987,-14.4775390625,138.7548828125,-30.3759765625
0.0846029000000001,-14.2333984375,138.7060546875,-28.3740234375
0.0856102000000001,-13.8427734375,138.6572265625,-28.3740234375
0.0866208999999998,-13.7451171875,138.9501953125,-30.9619140625
0.0876803000000002,-14.1357421875,138.0712890625,-34.8193359375
0.0886821000000002,-13.6962890625,137.2412109375,-40.4833984375
0.0896705999999998,-13.1103515625,136.7529296875,-45.8544921875
0.0906709999999999,-13.3056640625,136.2646484375,-51.6162109375
0.0917644000000002,-12.5732421875,135.3857421875,-58.1103515625
0.0928889000000002,-13.3544921875,135.4833984375,-63.4326171875
0.0951586,-14.0869140625,135.1416015625,-63.2861328125
0.0961338,-14.7216796875,136.2158203125,-46.6845703125
0.0990430999999998,-15.4052734375,138.2177734375,-19.5849609375
0.100154,-16.8701171875,138.6083984375,4.3408203125
0.1011202,-17.9931640625,138.8037109375,15.4248046875
0.1020757,-18.8720703125,138.9501953125,15.8642578125
0.1030513,-19.4580078125,137.9248046875,8.5888671875
0.1040077,-19.1162109375,137.9736328125,-3.2275390625
0.1049512,-19.2138671875,137.1923828125,-14.8486328125
0.1059192,-16.6748046875,137.0947265625,-23.0517578125
0.1069271,-13.7939453125,137.0458984375,-25.7861328125
0.1082866,-12.3291015625,136.9482421875,-24.7119140625
0.1100954,-12.0361328125,137.6318359375,-22.9541015625
0.1111472,-11.2548828125,136.6552734375,-22.1240234375
0.1128213,-11.3037109375,136.2646484375,-25.0048828125
0.1138822,-11.9384765625,135.8251953125,-28.0322265625
0.1153481,-12.7685546875,134.9951171875,-31.3525390625
0.1166723,-13.3056640625,134.6044921875,-34.2333984375
0.1178586,-13.6474609375,133.5791015625,-37.2119140625
0.1193798,-13.3056640625,133.3349609375,-34.3310546875
0.1203864,-12.8662109375,133.0908203125,-35.1611328125
0.1220337,-12.8662109375,133.1884765625,-44.5361328125
0.1231198,-13.5009765625,133.9697265625,-35.6494140625
0.1244718,-13.8916015625,135.3369140625,-6.4501953125
0.1258043,-13.5498046875,136.4599609375,20.5517578125
0.1268877,-14.1845703125,136.7041015625,35.9326171875
0.1287426,-14.2822265625,136.4599609375,37.2509765625
0.129861,-15.2099609375,136.7529296875,32.6123046875
0.1316765,-16.0888671875,135.7763671875,23.8232421875
0.1327587,-16.2353515625,134.4580078125,13.2275390625
0.1342298,-15.6005859375,133.8232421875,3.2177734375
0.1355348,-13.3544921875,133.8232421875,-4.3017578125
0.1366953,-11.6943359375,132.7001953125,-8.6962890625
0.1382582,-10.9619140625,132.0654296875,-12.1142578125
0.1392855,-10.8154296875,131.2353515625,-11.2841796875
0.1411513,-10.6689453125,131.3818359375,-11.5771484375
0.1421662,-10.7666015625,128.8916015625,-15.8740234375
0.1467196,-10.7177734375,128.9404296875,-22.4658203125
0.1494257,-8.9599609375,128.1591796875,-27.7392578125
0.1505101,-5.4931640625,127.4755859375,-32.4755859375
0.1519829,-3.5888671875,126.9384765625,-36.2353515625
0.1536523,-1.7333984375,126.6943359375,-42.9736328125
0.1547755,-1.5869140625,125.6689453125,-50.0537109375
0.1559888,-1.4404296875,124.9853515625,-40.1904296875
0.1569602,-1.8310546875,126.4990234375,-14.0673828125
0.15796,-0.0244140625,127.0361328125,14.3017578125
0.1589611,2.0751953125,128.1591796875,28.7060546875
0.159938,2.6123046875,128.0126953125,28.7548828125
0.1609225,4.2724609375,128.4033203125,21.7236328125
0.1619083,4.9072265625,128.5986328125,11.6650390625
0.162862,5.3955078125,128.4033203125,0.0927734375
0.1638752,6.2744140625,127.6220703125,-7.6708984375
0.1648501,7.2021484375,127.3291015625,-10.8935546875
0.1658712,6.9580078125,128.3056640625,-9.6728515625
0.1668351,8.5205078125,128.4033203125,-8.8427734375
0.1678746,7.8857421875,128.7451171875,-10.6494140625
0.1688454,6.6650390625,127.1826171875,-15.6787109375
0.1698587,6.3232421875,126.6943359375,-23.8330078125
0.1708361,5.1025390625,125.8642578125,-31.7431640625
0.1718488,3.5888671875,124.9365234375,-39.7998046875
0.1728142,1.9775390625,124.4970703125,-48.0029296875
0.1738596,0.0244140625,123.8134765625,-56.4990234375
0.1748432,-1.9287109375,124.4482421875,-64.9462890625
0.1758511,-2.3193359375,123.9599609375,-66.4599609375
0.1768414,-3.1005859375,124.4482421875,-48.8330078125
0.1779001,-3.2958984375,125.8642578125,-20.6103515625
0.1788555,-4.3701171875,127.0849609375,0.7763671875
0.1798509,-5.0537109375,127.5244140625,11.4697265625
0.180799,-6.0302734375,127.8173828125,6.2939453125
0.1817539,-6.9580078125,126.7431640625,-4.2041015625
0.1827298,-8.4228515625,125.3271484375,-18.0224609375
0.1836784,-9.5947265625,125.2294921875,-29.6435546875
0.184622,-8.1298828125,124.3505859375,-36.5771484375
0.1855844,-6.5185546875,124.3994140625,-37.7001953125
0.1865527,-4.1748046875,123.2763671875,-35.8447265625
0.1875228,-4.3701171875,123.4228515625,-34.0869140625
0.1885079,-4.8095703125,122.9833984375,-35.1123046875
0.1894475,-6.2255859375,122.3486328125,-38.1884765625
0.1903949,-7.6904296875,120.9814453125,-42.7783203125
0.1913722,-8.9599609375,119.2236328125,-49.4189453125
0.1923413,-9.1552734375,117.2705078125,-56.6455078125
0.1934551,-8.5205078125,115.3173828125,-65.0927734375
0.194445,-7.5439453125,113.4130859375,-72.5634765625
0.1953938,-5.9326171875,111.8505859375,-78.1787109375
0.1963884,-4.6630859375,111.2646484375,-71.1962890625
0.1975606,-3.1982421875,111.7041015625,-49.6630859375
0.1986644,-1.8798828125,112.3388671875,-22.4169921875
0.2005623,0.3662109375,111.3134765625,-4.6435546875
0.2016511,1.8310546875,111.1669921875,0.6787109375
0.2026722,4.0283203125,109.7509765625,-1.1279296875
0.2037046,5.7373046875,110.4345703125,-9.2333984375
0.2047197,7.6904296875,109.9462890625,-22.4169921875
0.205724,10.3271484375,110.8251953125,-33.5498046875
0.2066923,15.2587890625,111.1669921875,-38.2373046875
0.2076723,19.8486328125,111.7041015625,-40.3857421875
0.2086324,22.3388671875,113.0224609375,-39.9951171875
0.2096204,25.4638671875,112.2412109375,-42.3388671875
0.2106594,26.4404296875,112.0458984375,-47.1240234375
0.2116516,26.7333984375,111.1669921875,-51.8603515625
0.2126355,26.0986328125,111.4111328125,-57.8173828125
0.2135924,24.3408203125,110.1416015625,-62.1142578125
0.2145867,20.2392578125,109.8974609375,-67.1435546875
0.21557,17.2607421875,108.8232421875,-72.7099609375
0.2165252,15.3564453125,108.6279296875,-77.1044921875
0.2174887,13.3056640625,108.7255859375,-78.7158203125
0.2184511,11.7919921875,110.1904296875,-67.1435546875
0.2194047,10.9619140625,111.0205078125,-42.4365234375
0.2203472,10.7666015625,112.3388671875,-20.9521484375
0.2213185,11.3037109375,112.1435546875,-9.0380859375
0.2222641,10.7177734375,112.5341796875,-7.1337890625
0.2232272,10.0341796875,112.8759765625,-13.8232421875
0.2241885,9.0576171875,111.3134765625,-25.8349609375
0.2251285,8.8623046875,110.4345703125,-38.9208984375
0.2261978,9.6435546875,110.5322265625,-48.5888671875
0.2272013,12.1337890625,110.3369140625,-51.2744140625
0.2281484,14.6728515625,110.9228515625,-49.7607421875
0.2290868,16.3818359375,109.7998046875,-48.1982421875
0.2300505,17.5537109375,109.9462890625,-50.2001953125
0.2309979,16.9189453125,109.1650390625,-51.3232421875
0.2319531,17.2607421875,108.6279296875,-54.4482421875
0.2329043,15.7958984375,107.9931640625,-59.4287109375
0.2338547,15.8935546875,107.6513671875,-64.2626953125
0.2347994,13.7939453125,106.3818359375,-68.2177734375
0.2357556,13.9892578125,114.0966796875,-73.3447265625
0.2366943,14.2333984375,113.6083984375,-78.9111328125
0.237636,15.0634765625,114.1455078125,-80.0830078125
0.2386262,14.9169921875,115.0732421875,-65.8251953125
0.2395738,14.6240234375,116.7333984375,-41.8017578125
0.2405213,13.7451171875,117.2216796875,-22.1240234375
0.2415644,12.5732421875,117.2216796875,-12.0654296875
0.242545,10.6689453125,116.9287109375,-12.1142578125
0.2436647,10.5712890625,116.8310546875,-18.7060546875
0.244861,10.3271484375,115.8544921875,-30.9130859375
0.245944,10.6201171875,115.5615234375,-43.1201171875
0.2469332,10.8642578125,115.7568359375,-50.4443359375
0.2481867,13.0126953125,114.9267578125,-53.7158203125
0.249156,14.6240234375,115.1220703125,-53.4228515625
0.2501006,14.7216796875,114.9267578125,-51.8603515625
0.2510518,15.1611328125,114.6337890625,-52.3486328125
0.2521165,15.2587890625,114.4873046875,-55.2294921875
0.2530526,15.2587890625,113.4619140625,-57.9150390625
0.2540965,14.8681640625,113.4130859375,-62.4560546875
0.255038,15.1123046875,112.5341796875,-67.3876953125
0.2561292,15.4541015625,111.8505859375,-73.9794921875
0.257078,14.8681640625,111.4599609375,-79.1064453125
0.2581778,14.0869140625,111.0693359375,-83.5986328125
0.2591145,13.4521484375,111.9482421875,-82.3779296875
0.2601741,13.2080078125,113.2177734375,-67.2900390625
0.2611321,12.6220703125,114.2919921875,-43.0712890625
0.2621852,12.0361328125,115.7080078125,-24.9560546875
0.2631727,12.0361328125,115.1220703125,-16.1669921875
0.2642126,11.3525390625,115.0732421875,-17.7294921875
0.2652393,10.5712890625,114.6337890625,-26.7626953125
0.266257,10.3759765625,113.5595703125,-39.2138671875
0.2673172,9.3017578125,113.8525390625,-49.3701171875
0.2683376,10.5224609375,113.7060546875,-55.6201171875
0.2692965,12.3291015625,113.7060546875,-55.5712890625
0.2702873,13.9892578125,113.6083984375,-53.8623046875
0.2712791,14.5751953125,113.3642578125,-53.5205078125
0.272353,15.2099609375,113.4619140625,-53.7158203125
0.2733564,14.4287109375,112.7294921875,-57.0361328125
0.274346,13.6474609375,111.4111328125,-61.6259765625
0.2753299,12.5244140625,111.2646484375,-67.0947265625
0.2762933,12.2802734375,110.0439453125,-72.1728515625
0.2772612,12.5732421875,110.0927734375,-77.8369140625
0.2782949,12.8173828125,109.8486328125,-82.4267578125
0.2792699,13.5498046875,109.1162109375,-85.2587890625
0.2802733,12.9638671875,110.7275390625,-75.3466796875
0.2812396,12.5732421875,111.7529296875,-53.5693359375
0.282206,12.0361328125,113.1689453125,-31.1572265625
0.2831965,11.7431640625,112.8271484375,-18.3154296875
0.2841639,11.9873046875,112.9248046875,-15.3369140625
0.2851398,11.6943359375,112.8271484375,-19.8779296875
0.2861142,11.8408203125,112.1435546875,-31.4501953125
0.2870897,11.4990234375,111.3134765625,-43.2666015625
0.2880989,10.5712890625,110.4833984375,-52.4951171875
0.2891126,13.1103515625,111.2158203125,-54.1552734375
0.2901056,14.7705078125,111.0205078125,-52.9345703125
0.2911308,16.4306640625,111.1669921875,-50.7861328125
0.2921162,16.9677734375,111.1669921875,-51.3232421875
0.2930632,17.1630859375,111.0205078125,-51.8603515625
0.2940048,17.2607421875,110.5322265625,-54.5947265625
0.2949714,16.0888671875,109.3603515625,-58.5009765625
0.29594,16.3330078125,109.3115234375,-62.7001953125
0.2969061,16.1376953125,108.4326171875,-67.4853515625
0.297866,16.6748046875,108.1396484375,-73.8330078125
0.2988166,15.8447265625,108.2861328125,-76.9091796875
0.2997752,15.7958984375,109.2138671875,-69.4384765625
0.300732,15.6982421875,110.2392578125,-47.8564453125
0.301685,15.5517578125,111.6552734375,-26.3720703125
0.315528,14.7216796875,112.5341796875,-13.3837890625
0.3525641,14.8681640625,112.8271484375,-8.5009765625
0.3754984,13.8916015625,111.9482421875,-9.8681640625
0.4205789,13.2080078125,110.9716796875,-19.5849609375
0.4375305,12.6708984375,110.8251953125,-30.0341796875
0.4665492,12.4267578125,110.2880859375,-38.1396484375
0.5116129,13.3056640625,111.0205078125,-41.8994140625
0.5265622,15.8447265625,110.3369140625,-40.5322265625
0.5757381,17.4560546875,110.2880859375,-39.6533203125
0.587646,17.8466796875,110.4833984375,-40.0439453125
0.617765,17.9931640625,109.9462890625,-41.8017578125
0.6625138,17.9931640625,109.6044921875,-44.7802734375
0.6784107,17.3583984375,109.2626953125,-48.9306640625
0.7215291,17.4072265625,109.1162109375,-53.8623046875
0.7405467,17.0166015625,107.9931640625,-57.8173828125
0.7798236,17.1142578125,107.7001953125,-64.6044921875
0.8009291,17.1142578125,107.6513671875,-68.3642578125
0.8299984,17.4560546875,108.4326171875,-65.1416015625
0.8603555,16.9189453125,109.4580078125,-47.0263671875
0.9056398,16.7236328125,111.3134765625,-23.5888671875
0.9185042,16.2353515625,111.9482421875,-6.7919921875
0.9609083,16.6259765625,112.3876953125,2.8271484375
0.9818286,15.6494140625,112.0947265625,4.5361328125
1.0258596,15.6494140625,111.6552734375,-0.0048828125
1.0386693,15.1123046875,111.3134765625,-9.6240234375
1.0807141,14.8193359375,111.4111328125,-19.6826171875
1.101736,15.2587890625,111.7041015625,-24.0283203125
1.1434506,18.3837890625,112.3388671875,-25.7861328125
1.1749904,20.7275390625,112.0458984375,-24.5654296875
1.1914865,22.2900390625,112.4365234375,-24.8095703125
1.2353981,22.5341796875,111.8505859375,-25.9814453125
1.2533712,22.4365234375,111.3623046875,-29.2529296875
1.2934965,22.1435546875,111.3134765625,-32.0361328125
1.3143147,22.0458984375,110.9716796875,-36.5771484375
1.347396,21.7041015625,110.8251953125,-41.1669921875
1.3694743,21.7529296875,110.1416015625,-45.7568359375
1.4147537,22.1435546875,109.5068359375,-50.8349609375
1.433795,22.2900390625,109.7998046875,-53.6181640625
1.4728285,21.9482421875,110.8740234375,-43.2177734375
1.4929267,21.6552734375,112.8271484375,-22.1728515625
1.5284295,20.7763671875,113.8525390625,-1.8115234375
1.5503903,20.2392578125,114.1943359375,11.4697265625
1.5924305,19.8486328125,115.0244140625,17.1337890625
1.612456,19.8974609375,114.9267578125,14.2529296875
1.6537307,19.0185546875,114.3896484375,7.6123046875
1.6739008,18.8720703125,113.9013671875,-3.9599609375
1.7122782,17.6513671875,113.8037109375,-11.8701171875
1.7343003,19.6533203125,113.9501953125,-15.9228515625
1.7724224,22.3876953125,113.9501953125,-15.7763671875
1.7923795,23.8037109375,113.9013671875,-16.0205078125
1.8385638,25.6103515625,113.8525390625,-16.4599609375
1.8573444,25.5615234375,114.1455078125,-16.9970703125
1.8938809,25.9521484375,113.3642578125,-20.7568359375
1.9139259,26.5380859375,113.1689453125,-25.8837890625
1.9549273,25.9033203125,112.3388671875,-29.4482421875
1.9769818,25.9521484375,111.8017578125,-34.9169921875
2.0189421,25.8056640625,111.6064453125,-40.1416015625
2.0374273,26.6357421875,111.8994140625,-44.8779296875
2.0745565,26.0498046875,111.1181640625,-45.9521484375
2.096638,26.0986328125,112.7783203125,-32.9150390625
2.1296631,25.7080078125,113.6083984375,-9.5751953125
2.1570474,25.5615234375,115.3662109375,8.8330078125
2.1911484,25.1708984375,115.4150390625,19.2822265625
2.2119141,24.8779296875,115.3173828125,20.8935546875
2.2539186,25.3173828125,115.8544921875,15.6689453125
2.2745503,24.4384765625,115.2197265625,5.5126953125
2.3180697,23.6083984375,114.5361328125,-6.4013671875
2.3407463,23.6572265625,115.0732421875,-12.6513671875
2.3761622,25.2685546875,115.0732421875,-14.6044921875
2.3983396,26.7822265625,116.0498046875,-12.2607421875
2.4356638,29.5166015625,115.3173828125,-11.6259765625
2.4556948,30.2001953125,114.5849609375,-12.3095703125
2.4989682,29.7607421875,114.8779296875,-15.1904296875
2.5185532,30.4931640625,114.4384765625,-19.9267578125
2.5531861,30.3466796875,114.2431640625,-24.0283203125
2.5788833,29.0771484375,113.3642578125,-29.1064453125
2.6159945,28.1494140625,113.1201171875,-34.4287109375
2.6427771,28.4912109375,112.7294921875,-38.6279296875
2.6792632,27.7099609375,111.8505859375,-43.6083984375
2.7001139,27.8076171875,112.3388671875,-43.9013671875
2.735161,27.5146484375,113.6083984375,-28.1298828125
2.7593541,26.6357421875,114.8291015625,-3.8134765625
2.7954036,25.6591796875,115.9033203125,14.9365234375
2.8216784,25.4638671875,115.5126953125,22.0654296875
2.8570139,25.0244140625,115.7568359375,20.5029296875
2.883566,24.5361328125,115.4150390625,12.0556640625
2.9225166,23.9990234375,114.8291015625,-0.0537109375
2.9425267,23.0224609375,114.5361328125,-11.7236328125
2.9775575,23.4619140625,114.3896484375,-16.8994140625
3.0008061,24.5849609375,114.9755859375,-17.2412109375
3.0358785,26.6845703125,114.8779296875,-14.7509765625
3.0672154,27.9541015625,114.8291015625,-13.9697265625
3.0903249,27.8564453125,113.8037109375,-15.4345703125
3.1283929,28.3447265625,113.9013671875,-18.7060546875
3.1513418,28.2470703125,113.3154296875,-23.2470703125
3.1843401,27.7099609375,112.8271484375,-27.4951171875
3.2153292,26.7333984375,112.3388671875,-31.9384765625
3.2493259,26.7822265625,111.5087890625,-36.6748046875
3.2703628,26.3916015625,111.6064453125,-41.8505859375
3.3064675,26.8310546875,111.1181640625,-46.4404296875
3.3325733,26.7822265625,111.4111328125,-41.1181640625
3.368533,25.6103515625,113.0712890625,-19.4384765625
3.3946865,25.4150390625,114.2919921875,3.8037109375
3.4294966,25.1220703125,114.8291015625,18.4033203125
3.449498,24.9267578125,115.1220703125,22.0166015625
3.4845136,24.0478515625,114.6337890625,17.4755859375
3.5144012,23.3642578125,114.2919921875,7.7099609375
3.5494392,22.7783203125,113.9013671875,-4.6923828125
3.5752455,22.4365234375,113.7060546875,-14.7021484375
3.6092359,21.8994140625,113.9990234375,-18.0712890625
3.636344,23.9501953125,113.7060546875,-17.4853515625
3.6754025,25.1708984375,113.5595703125,-15.8251953125
3.6943452,26.7822265625,113.7060546875,-16.5087890625
3.7304079,27.2216796875,113.5107421875,-18.1201171875
3.7544925,27.2705078125,112.6806640625,-21.5380859375
3.7885717,27.4658203125,112.3388671875,-26.2744140625
3.8145128,26.5380859375,112.3388671875,-30.2783203125
3.8626478,25.6591796875,111.1669921875,-35.7958984375
3.8825705,25.6591796875,111.2158203125,-41.4111328125
3.9166292,25.7568359375,110.2880859375,-46.0009765625
3.9375344,25.1708984375,110.9716796875,-44.8779296875
3.9728425,25.3173828125,112.2900390625,-28.3251953125
3.9952448,24.9755859375,113.5595703125,-3.5693359375
4.0299748,24.0966796875,114.4873046875,14.5947265625
4.0570026,23.5595703125,115.4150390625,24.8486328125
4.09103,22.4365234375,114.9267578125,23.5302734375
4.118971,21.8505859375,114.7802734375,17.8662109375
4.1540485,21.4599609375,114.6337890625,6.4892578125
4.1739917,20.9716796875,113.5595703125,-4.3017578125
4.2110757,20.2880859375,113.9501953125,-11.9189453125
4.2367332,20.8740234375,113.5595703125,-14.6533203125
4.2741871,23.4130859375,113.9501953125,-15.2392578125
4.3001023,24.6826171875,113.9501953125,-14.1650390625
4.3365846,25.3173828125,113.7060546875,-14.6044921875
4.3623586,25.8056640625,113.3154296875,-17.9736328125
4.3882624,25.7568359375,113.4130859375,-23.0517578125
4.4248576,24.4873046875,112.8271484375,-27.7880859375
4.4466534,24.8779296875,112.1923828125,-33.5498046875
4.4850092,24.0966796875,112.2412109375,-39.5068359375
4.5060913,24.2919921875,111.2158203125,-45.1220703125
4.5462137,24.7802734375,110.7275390625,-50.2001953125
4.5715568,24.6826171875,111.7041015625,-48.4423828125
4.6079155,24.0478515625,112.4365234375,-29.3017578125
4.6328658,24.2919921875,113.7060546875,-5.1318359375
4.6709118,22.5830078125,114.9267578125,12.7880859375
4.6884827,22.5830078125,115.2685546875,21.6748046875
4.7245374,21.8994140625,115.2685546875,21.6259765625
4.7493992,21.7529296875,115.3662109375,14.7412109375
4.7868431,21.1181640625,114.5849609375,4.2919921875
4.8111586,20.9228515625,114.0966796875,-5.8154296875
4.8477235,20.3857421875,114.4873046875,-14.2138671875
4.8740856,21.3134765625,114.8291015625,-17.6318359375
4.9110422,23.7060546875,114.8779296875,-17.5830078125
4.9279635,25.5615234375,115.4150390625,-17.8271484375
4.9637233,26.4404296875,114.6826171875,-19.0478515625
4.9932969,26.7822265625,113.6572265625,-22.5146484375
5.0292008,26.5380859375,113.6083984375,-26.5185546875
5.0521782,27.1728515625,113.7548828125,-31.4013671875
5.0873511,26.1474609375,113.0712890625,-36.1865234375
5.114666,26.2451171875,112.8271484375,-41.0693359375
5.1431472,25.4638671875,111.6552734375,-46.5869140625
5.1840369,25.3662109375,111.9482421875,-52.1533203125
5.2058782,25.1220703125,110.9716796875,-55.0341796875
5.2329961,25.1708984375,111.8994140625,-47.5146484375
5.2799495,24.6337890625,113.0224609375,-25.0048828125
5.2948722,24.1943359375,114.0966796875,-2.9345703125
5.3229135,23.8037109375,115.1708984375,11.9580078125
5.3570376,23.5107421875,115.3173828125,16.0107421875
5.3839012,22.8271484375,115.0732421875,13.2275390625
5.4130696,21.9970703125,115.4638671875,4.6337890625
5.4483015,21.6064453125,114.7314453125,-6.7919921875
5.4742796,21.3623046875,114.5849609375,-16.4111328125
5.50992,21.1181640625,114.6826171875,-21.2451171875
5.5362438,22.1435546875,114.5849609375,-22.9541015625
5.5692982,24.9267578125,114.5361328125,-21.9287109375
5.6103883,26.2451171875,114.7802734375,-23.1005859375
5.627394,26.7333984375,114.2431640625,-25.4443359375
5.6553359,27.0751953125,113.5595703125,-29.1064453125
5.7013927,27.1240234375,113.6572265625,-32.6220703125
5.7153836,26.9287109375,112.1923828125,-38.6767578125
5.7443946,26.1474609375,113.0224609375,-42.8759765625
5.7798185,26.0498046875,112.0458984375,-47.7099609375
5.807824,25.2685546875,111.3134765625,-52.5439453125
5.8353311,25.4638671875,111.5576171875,-57.4755859375
5.8687777,25.2197265625,110.6787109375,-61.3330078125
5.8968771,24.9755859375,111.3623046875,-56.0107421875
5.9323978,24.4873046875,112.0947265625,-35.7470703125
5.9743013,24.0966796875,113.7060546875,-12.5048828125
5.9855821,23.3154296875,114.0966796875,1.8994140625
6.0196981,23.6572265625,114.5361328125,6.8798828125
6.0626525,22.8271484375,113.6572265625,2.6806640625
6.0817979,22.6806640625,114.0478515625,-5.2783203125
6.1237647,21.8994140625,113.6572265625,-18.8037109375
6.138721,21.3134765625,112.4853515625,-29.6923828125
6.1657266,20.9716796875,113.1201171875,-33.7451171875
6.1997494,22.0947265625,113.6572265625,-33.5498046875
6.2428054,24.3408203125,113.0712890625,-31.9873046875
6.2578125,26.0009765625,112.8271484375,-31.3037109375
6.2918141,26.8798828125,112.6806640625,-33.0126953125
6.3337585,27.0263671875,112.3876953125,-35.9423828125
6.3457,26.9775390625,112.0947265625,-40.3369140625
6.3803715,26.8310546875,111.5087890625,-44.6826171875
6.4088351,26.7333984375,110.8251953125,-49.4189453125
6.451862,25.9521484375,110.5322265625,-53.8134765625
6.4732578,25.7080078125,109.8974609375,-58.9892578125
6.5117117,25.4150390625,109.6044921875,-63.5302734375
6.5338628,25.5126953125,109.7998046875,-65.7275390625
6.5772275,25.1220703125,109.7509765625,-56.2548828125
6.5886871,24.8291015625,111.0693359375,-35.0634765625
6.633486,23.7060546875,112.3388671875,-14.3115234375
6.6543743,23.5107421875,112.3876953125,-3.0322265625
6.6924704,22.8759765625,112.5830078125,-1.8115234375
6.7124939,22.5830078125,112.0458984375,-7.1337890625
6.7559719,21.9482421875,111.2646484375,-17.0458984375
6.7692731,21.5576171875,110.7275390625,-28.1298828125
6.8113135,21.3134765625,110.9228515625,-36.0888671875
6.8328608,20.3369140625,111.1181640625,-38.0419921875
6.8737205,22.2900390625,111.4599609375,-37.8955078125
6.8938818,24.4384765625,110.6787109375,-36.5283203125
6.9376309,25.4638671875,110.7763671875,-37.0654296875
6.95206,25.6103515625,110.8740234375,-39.6533203125
6.9951277,26.1474609375,110.1904296875,-43.3642578125
7.016594,25.3173828125,110.1416015625,-47.0751953125
7.0525993,25.4150390625,109.6533203125,-52.2509765625
7.0730425,24.0966796875,108.7255859375,-56.0107421875
7.1154628,23.7060546875,108.6279296875,-60.6005859375
7.1369348,23.4619140625,107.4072265625,-66.4111328125
7.1749934,23.0224609375,106.8701171875,-70.6103515625
7.209023,22.6318359375,108.0419921875,-68.3154296875
7.2223232,21.4599609375,108.5302734375,-50.8837890625
7.2638328,20.8740234375,109.9951171875,-28.1298828125
7.2832701,20.6787109375,109.8486328125,-10.6005859375
7.3223028,19.8486328125,110.8740234375,-3.3740234375
7.3472942,19.9951171875,110.5810546875,-4.0576171875
7.3857461,18.7744140625,110.8740234375,-11.0888671875
7.4061417,18.5302734375,109.7998046875,-22.1728515625
7.4411252,18.6279296875,109.6533203125,-32.0361328125
7.4639966,17.1630859375,109.5068359375,-38.5302734375
7.5040524,17.2607421875,109.6044921875,-40.4833984375
7.5251583,19.2626953125,109.6044921875,-39.7021484375
7.561322,21.2158203125,109.7509765625,-39.2626953125
7.5864102,22.9248046875,109.0673828125,-40.1416015625
7.6239052,22.5341796875,109.0185546875,-43.4130859375
7.6443478,22.9248046875,108.7255859375,-47.5146484375
7.6855141,22.9736328125,108.1884765625,-52.7392578125
7.7063966,21.8994140625,107.8955078125,-58.0126953125
7.743428,21.6064453125,107.1630859375,-63.2861328125
7.7673305,21.1181640625,106.0400390625,-68.0712890625
7.8045285,21.4599609375,106.7236328125,-73.9794921875
7.8267399,21.4111328125,105.6982421875,-77.2021484375
7.8672428,21.0693359375,105.6494140625,-71.8310546875
7.8881211,20.2392578125,107.6513671875,-52.8857421875
7.9241824,19.3115234375,109.0185546875,-30.3759765625
7.9492161,19.0673828125,109.4091796875,-15.0927734375
7.9868668,18.7744140625,109.5068359375,-8.3544921875
8.0107063,18.3837890625,109.4580078125,-10.4541015625
8.0477457,17.8955078125,109.7509765625,-15.5810546875
8.0691817,16.8701171875,109.2138671875,-26.7138671875
8.1096182,15.8935546875,108.5791015625,-36.6748046875
8.1294074,16.0400390625,109.5068359375,-42.4365234375
8.1658997,15.8447265625,109.1162109375,-44.8291015625
8.1900316,19.0185546875,109.0673828125,-44.4384765625
8.2274579,20.8740234375,108.9697265625,-44.1455078125
8.251163,21.7529296875,108.4814453125,-45.2197265625
8.2880807,21.8994140625,108.5302734375,-48.9794921875
8.3099325,22.1435546875,107.6025390625,-52.3974609375
8.3460182,22.3876953125,107.3095703125,-57.7197265625
8.3708243,22.0947265625,107.1142578125,-62.1142578125
8.4079062,21.2646484375,106.2841796875,-68.0224609375
8.4321032,20.8740234375,105.8935546875,-72.7587890625
8.4709615,21.4599609375,105.9912109375,-77.8369140625
8.4913973,21.3623046875,106.0888671875,-81.3525390625
8.529455,20.6298828125,106.3818359375,-71.8798828125
8.5509691,19.7998046875,107.4560546875,-49.8095703125
8.5885262,19.4091796875,108.9697265625,-29.7412109375
8.6118243,19.0185546875,109.1162109375,-17.2412109375
8.6508543,18.7255859375,109.3603515625,-14.5068359375
8.6718945,17.9443359375,109.2138671875,-17.4365234375
8.7078946,18.0908203125,109.2138671875,-25.8837890625
8.7279365,17.3095703125,108.6279296875,-36.6748046875
8.7728204,15.3076171875,108.5791015625,-45.2197265625
8.8057992,15.1611328125,108.4326171875,-50.5908203125
8.8258468,16.1376953125,108.6279296875,-51.5673828125
8.8641715,18.3349609375,108.8232421875,-52.6904296875
8.8849842,20.6787109375,108.1884765625,-53.2763671875
8.9223827,22.4365234375,108.1884765625,-55.5224609375
8.9422519,22.3876953125,107.8955078125,-59.1845703125
8.9790395,23.1689453125,107.3583984375,-64.0185546875
9.0057428,22.4853515625,106.5771484375,-67.8271484375
9.042241,21.9482421875,106.2353515625,-73.1982421875
9.061151,21.6552734375,105.8935546875,-78.0322265625
9.0973815,21.9482421875,105.5029296875,-83.3544921875
9.122834,21.6064453125,104.9658203125,-88.5302734375
9.1587534,21.6064453125,105.3564453125,-86.7236328125
9.1851869,20.9228515625,106.2841796875,-70.3173828125
9.2241468,20.5810546875,108.0419921875,-48.1494140625
9.2460668,20.7275390625,108.7744140625,-33.0126953125
9.2880752,19.6044921875,109.1650390625,-26.4208984375
9.3070079,18.8720703125,108.8232421875,-28.9599609375
9.3442261,18.4814453125,107.9443359375,-37.1630859375
9.3642997,17.8955078125,107.0166015625,-49.6630859375
9.413331,16.8701171875,107.3583984375,-58.5986328125
9.4343362,16.6748046875,108.1396484375,-64.3603515625
9.4764823,15.5029296875,107.7978515625,-64.6044921875
9.4868381,17.0166015625,107.7490234375,-63.6279296875
9.5248598,19.5068359375,107.2607421875,-63.5791015625
9.5457315,20.2880859375,107.0166015625,-65.9228515625
9.5816729,21.4111328125,106.7724609375,-68.6572265625
9.6076755,21.1669921875,107.1142578125,-73.1982421875
9.6424907,20.7275390625,106.3818359375,-77.5927734375
9.6678577,19.9951171875,105.6005859375,-82.6708984375
9.7043827,18.7255859375,105.2099609375,-87.3583984375
9.7249986,18.9208984375,104.1845703125,-92.5830078125
9.7583782,19.1162109375,104.3310546875,-96.0986328125
9.7884027,18.5302734375,104.2822265625,-94.0966796875
9.8234304,18.6279296875,105.4052734375,-79.4482421875
9.8477529,17.9443359375,106.7236328125,-59.1357421875
9.8847542,17.7978515625,107.2119140625,-46.3916015625
9.9087787,16.8212890625,107.8466796875,-42.0947265625
9.9481744,16.5771484375,107.5048828125,-45.7080078125
9.9664471,16.0888671875,107.3095703125,-54.5458984375
10.0063841,15.4541015625,106.1376953125,-65.9228515625
10.0303171,15.4541015625,106.3330078125,-74.7119140625
10.0667413,14.8193359375,106.4306640625,-78.4228515625
10.0905726,13.8427734375,106.2353515625,-78.3251953125
10.125627,15.8935546875,106.1865234375,-77.9345703125
10.1526417,17.7978515625,106.8701171875,-78.8134765625
10.1917907,18.4326171875,105.7958984375,-81.0595703125
10.2077782,18.9208984375,106.0400390625,-83.8916015625
10.243808,19.3115234375,105.4052734375,-88.5791015625
10.2707725,19.0185546875,105.2099609375,-92.9736328125
10.3057522,17.7978515625,104.1357421875,-97.5634765625
10.3308403,17.3095703125,103.9892578125,-102.2998046875
10.3649669,17.1630859375,103.3544921875,-107.5244140625
10.3927811,17.1630859375,103.6474609375,-108.4521484375
10.4291172,16.7236328125,105.6005859375,-96.9775390625
10.4501203,16.8212890625,106.1865234375,-77.3486328125
10.4862208,15.6982421875,106.6748046875,-61.4794921875
10.5116059,15.4052734375,106.9189453125,-54.0087890625
10.5478056,15.0634765625,106.5771484375,-55.4248046875
10.5728147,14.0380859375,106.7724609375,-62.1630859375
10.6093121,13.5498046875,105.8935546875,-72.3681640625
10.630344,13.2080078125,106.1376953125,-83.3056640625
10.6648851,12.7685546875,105.6982421875,-88.7255859375
10.6927494,12.2314453125,105.6982421875,-91.9482421875
10.7296587,12.7685546875,105.9423828125,-91.2158203125
10.7541525,13.9404296875,106.3818359375,-90.1904296875
10.7898377,16.2841796875,105.6982421875,-93.1689453125
10.8149722,16.6259765625,105.4541015625,-96.0498046875
10.8531293,16.9677734375,105.3076171875,-100.3466796875
10.8716778,17.0654296875,104.5263671875,-104.6435546875
10.9078287,16.4794921875,104.4287109375,-108.2568359375
10.935051,15.4052734375,104.0380859375,-114.3115234375
10.9679127,14.6240234375,102.7197265625,-118.9013671875
11.0015042,15.1611328125,103.3544921875,-120.5615234375
11.0229118,14.8193359375,104.3798828125,-111.5771484375
11.0585783,14.8193359375,105.7470703125,-93.9990234375
11.0870209,14.3310546875,106.6259765625,-76.5185546875
11.1209882,13.2568359375,106.8701171875,-66.6552734375
11.1459341,12.8173828125,106.5283203125,-64.1162109375
11.1919986,12.4755859375,106.6748046875,-68.2666015625
11.2038204,11.3525390625,106.7236328125,-75.8837890625
11.238994,11.1083984375,105.8447265625,-84.5751953125
11.2719821,10.5224609375,106.0400390625,-91.4599609375
11.2979327,10.2783203125,106.6259765625,-95.7080078125
11.3411988,10.1318359375,106.4794921875,-96.3427734375
11.3628771,12.2802734375,106.5771484375,-96.4892578125
11.4053017,14.2333984375,105.7470703125,-97.8564453125
11.4183261,15.7958984375,105.9423828125,-100.0537109375
11.4615343,15.6982421875,105.6005859375,-102.0556640625
11.481884,15.6494140625,105.6005859375,-106.4501953125
11.5248671,15.6494140625,105.2587890625,-110.6982421875
11.537775,15.2587890625,104.1357421875,-115.2392578125
11.5829804,14.7216796875,104.1845703125,-120.1708984375
11.6037444,14.6240234375,103.2568359375,-123.5400390625
11.6434135,14.3310546875,103.8427734375,-121.2451171875
11.6634478,14.6728515625,106.2353515625,-108.4521484375
11.6875183,13.5009765625,106.9189453125,-91.1181640625
11.7146936,12.8173828125,107.5537109375,-78.1787109375
11.76755,13.1591796875,107.5537109375,-69.7802734375
11.7764699,12.5244140625,107.5537109375,-68.5107421875
11.8206106,11.8408203125,106.9677734375,-71.6357421875
11.8412048,11.7919921875,106.8212890625,-79.3505859375
11.8837561,11.0107421875,106.3330078125,-86.0888671875
11.9040305,10.3759765625,106.9677734375,-91.7529296875
11.9455062,9.5458984375,106.7724609375,-93.7548828125
11.9553246,10.2294921875,106.7236328125,-93.5107421875
12.0034286,12.8173828125,107.0654296875,-94.1943359375
12.0244664,14.4775390625,106.7236328125,-95.5126953125
12.0649202,15.1611328125,105.7958984375,-97.0751953125
12.0843377,16.2841796875,105.6982421875,-100.7373046875
12.1094943,16.0400390625,105.7470703125,-103.3740234375
12.1434042,16.2841796875,105.2587890625,-107.3291015625
12.1783959,16.0400390625,104.4287109375,-110.8935546875
12.2001128,15.5029296875,104.3310546875,-115.6298828125
12.2421667,15.6494140625,103.6962890625,-119.7314453125
12.2621813,15.8935546875,103.9892578125,-120.0732421875
12.3061381,15.8935546875,104.5263671875,-110.4052734375
12.3265725,15.6982421875,106.8212890625,-93.6572265625
12.3625522,15.0146484375,107.2607421875,-79.3017578125
12.3825885,14.6240234375,107.9443359375,-69.4873046875
12.4391324,14.1845703125,107.6513671875,-65.6787109375
12.460627,13.7939453125,107.3095703125,-68.5107421875
12.4736356,12.6220703125,106.4794921875,-73.4912109375
12.5151771,12.3291015625,106.3330078125,-81.0595703125
12.5344422,12.3291015625,105.9912109375,-86.7724609375
12.5765099,11.5478515625,106.7236328125,-89.1650390625
12.5976387,11.6943359375,107.1630859375,-89.3603515625
12.6329139,13.9404296875,106.9677734375,-89.0185546875
12.6536455,16.2353515625,106.6259765625,-90.4833984375
12.6955603,17.7978515625,106.1865234375,-92.8271484375
12.7143867,18.9697265625,105.7958984375,-95.5126953125
12.7514373,19.4580078125,106.0400390625,-98.4423828125
12.7734097,19.2626953125,105.4052734375,-101.5185546875
12.8129289,19.0673828125,104.9169921875,-105.2783203125
12.8327531,18.3349609375,103.8916015625,-109.6240234375
12.8728137,18.4814453125,104.0869140625,-113.5791015625
12.8947782,19.1162109375,104.1845703125,-113.0419921875
12.928441,18.8232421875,105.2587890625,-102.2021484375
12.9573434,18.7255859375,106.5283203125,-86.1376953125
12.994866,17.7978515625,106.6748046875,-72.5634765625
13.0155037,17.6025390625,107.6025390625,-65.9228515625
13.0565661,17.6025390625,107.2119140625,-63.9208984375
13.0767675,16.6259765625,106.2841796875,-68.3154296875
13.1118676,16.9677734375,106.1376953125,-76.0302734375
13.1378364,16.2841796875,106.2353515625,-83.3544921875
13.1758622,15.6982421875,106.6748046875,-88.2373046875
13.1993527,15.4052734375,105.8447265625,-90.5810546875
13.2367575,15.5029296875,106.3330078125,-90.8251953125
13.2567242,17.8955078125,105.8935546875,-90.2880859375
13.29379,19.6533203125,105.6005859375,-91.8505859375
13.3185833,20.9228515625,105.6005859375,-94.1943359375
13.3574818,20.6787109375,104.4775390625,-97.7099609375
13.3786546,20.1904296875,104.6240234375,-100.1513671875
13.4145028,20.9228515625,104.0869140625,-103.2275390625
13.4420964,19.2626953125,103.6474609375,-107.3291015625
13.4791153,19.0185546875,103.3056640625,-111.1865234375
13.5013596,18.8232421875,102.8173828125,-113.9208984375
13.5400819,18.9697265625,102.8662109375,-109.4775390625
13.5608176,18.5302734375,104.4287109375,-94.8779296875
13.5981491,18.7255859375,105.5029296875,-79.3505859375
13.6182646,17.7978515625,105.7958984375,-68.6572265625
13.6577009,17.0654296875,105.8935546875,-63.6279296875
13.6772292,17.0654296875,105.6494140625,-67.1435546875
13.7143247,16.6748046875,105.1611328125,-74.1259765625
13.7368004,16.2353515625,104.6728515625,-82.9638671875
13.7729078,15.6982421875,104.6728515625,-88.6279296875
13.8014309,15.2099609375,104.7705078125,-91.3134765625
13.8363796,14.9169921875,104.8681640625,-91.6064453125
13.8593012,15.3564453125,104.7216796875,-91.6552734375
13.8963013,17.5537109375,104.3798828125,-91.7529296875
13.9182746,18.7744140625,104.4287109375,-92.9248046875
13.9562441,18.9697265625,103.8427734375,-93.3642578125
13.9810558,20.0927734375,103.3056640625,-95.2197265625
14.0196389,18.9208984375,103.0126953125,-98.0517578125
14.0430398,18.4326171875,102.3779296875,-102.2509765625
14.076438,17.3583984375,101.7919921875,-106.0595703125
14.1010507,17.1142578125,101.6455078125,-109.7705078125
14.1358636,17.3583984375,102.2314453125,-110.6494140625
14.161095,16.5283203125,102.8662109375,-98.8818359375
14.1990062,17.2607421875,103.4521484375,-82.0361328125
14.2220085,16.9189453125,104.2822265625,-68.3642578125
14.256983,16.0400390625,103.7451171875,-61.6259765625
14.2840025,14.7705078125,103.9404296875,-62.6025390625
14.3200529,14.0869140625,103.0615234375,-70.4150390625
14.3398794,13.5498046875,102.3779296875,-79.8388671875
14.3769004,12.7685546875,102.4755859375,-86.6748046875
14.4029124,11.8408203125,102.3779296875,-91.0205078125
14.4406666,11.6455078125,102.5244140625,-91.7529296875
14.4649254,11.4013671875,102.2314453125,-91.7041015625
14.5004813,12.8173828125,102.4267578125,-91.5576171875
14.5259421,14.6240234375,101.6455078125,-92.8759765625
14.5623182,15.7470703125,101.9873046875,-95.2685546875
14.5812928,16.1865234375,101.0107421875,-98.1494140625
14.6163041,15.5029296875,101.2548828125,-102.0068359375
14.6420342,15.3076171875,100.5712890625,-105.7177734375
14.6800468,14.2333984375,100.1318359375,-110.2099609375
14.7050741,13.5986328125,99.2529296875,-113.7255859375
14.7420702,13.1103515625,100.0341796875,-111.1376953125
14.7612371,13.2568359375,101.5478515625,-96.6357421875
14.797144,13.7451171875,102.1337890625,-79.7900390625
14.8240648,13.5009765625,102.5732421875,-68.0224609375
14.8581316,12.4755859375,102.2314453125,-63.1884765625
14.8861719,12.4267578125,102.1337890625,-65.4833984375
14.9202884,11.8896484375,101.3525390625,-73.1494140625
14.9475196,11.1083984375,100.9130859375,-82.4755859375
14.985005,10.5224609375,101.5966796875,-88.5302734375
15.0060472,10.0830078125,101.4013671875,-91.0693359375
15.0401896,9.3505859375,101.3525390625,-91.0693359375
15.0649442,8.7158203125,101.4013671875,-90.2880859375
15.0990344,10.7177734375,101.1572265625,-90.7763671875
15.1271762,13.0126953125,100.6689453125,-92.5341796875
15.165741,13.5009765625,100.8154296875,-95.0732421875
15.1865641,14.5263671875,100.4248046875,-98.0517578125
15.2249355,14.3798828125,99.2041015625,-100.9814453125
15.244444,13.8427734375,99.0576171875,-105.3271484375
15.282424,12.3291015625,98.5693359375,-110.3564453125
15.308414,12.3291015625,97.9833984375,-112.1630859375
15.3479753,12.0361328125,99.3994140625,-104.6923828125
15.3694137,11.4501953125,100.8154296875,-87.2607421875
15.4095702,11.4013671875,101.1572265625,-68.4619140625
15.4297454,10.7666015625,101.8408203125,-56.6455078125
15.4655248,10.0830078125,102.1826171875,-51.4208984375
15.4863912,9.9853515625,101.8408203125,-54.8388671875
15.5233339,8.9599609375,101.1572265625,-61.5771484375
15.5493536,9.4482421875,100.7177734375,-71.1962890625
15.584347,8.3251953125,100.3759765625,-77.2509765625
15.6113031,7.9833984375,100.5224609375,-80.1318359375
15.6464397,7.4462890625,100.6689453125,-80.6201171875
15.6713526,7.2021484375,100.5224609375,-80.6201171875
15.7079394,9.1552734375,100.5224609375,-81.2548828125
15.7274235,11.6455078125,100.2294921875,-82.9150390625
15.7642764,12.6220703125,99.5458984375,-85.4052734375
15.7894695,13.0126953125,100.0341796875,-88.6279296875
15.8248455,13.2568359375,99.5947265625,-92.2900390625
15.8515943,13.2080078125,98.7646484375,-95.7568359375
15.8899262,12.8662109375,98.4228515625,-99.4677734375
15.9104478,12.0361328125,98.1298828125,-103.2763671875
15.9453118,12.4755859375,98.6669921875,-96.0498046875
15.9720586,12.7197265625,100.2783203125,-78.9111328125
16.0066173,12.6220703125,101.3037109375,-58.7939453125
16.0334552,12.6708984375,101.5478515625,-45.0732421875
16.0683894,12.1826171875,102.0361328125,-39.2626953125
16.0943222,11.7431640625,101.2548828125,-40.9228515625
16.1277313,11.2060546875,101.0595703125,-48.2470703125
16.152143,10.8642578125,101.0107421875,-56.6943359375
16.1896425,9.8876953125,101.3037109375,-64.7998046875
16.2130246,9.7412109375,101.7919921875,-68.5595703125
16.2485762,9.9853515625,102.1826171875,-68.7548828125
16.2726593,9.3994140625,101.4990234375,-68.1201171875
16.3096022,11.0595703125,101.4501953125,-68.1201171875
16.3356252,13.6962890625,101.0107421875,-69.6337890625
16.371677,15.2587890625,101.0107421875,-72.7587890625
16.3925661,15.6494140625,100.3271484375,-75.6396484375
16.4247658,15.7958984375,100.0341796875,-80.1318359375
16.4547283,15.5029296875,99.7900390625,-83.3544921875
16.4889288,15.1123046875,98.9111328125,-88.3349609375
16.5161756,14.4287109375,98.6181640625,-92.0458984375
16.5441847,14.1845703125,98.8623046875,-92.1923828125
16.5726689,14.3798828125,100.4248046875,-77.1533203125
16.6089823,14.5263671875,101.2060546875,-57.5244140625
16.6329224,14.5263671875,102.4267578125,-42.3388671875
16.6701336,14.1357421875,102.6708984375,-34.3798828125
16.6951892,14.1845703125,101.4501953125,-33.7939453125
16.7260075,13.2568359375,101.9873046875,-40.0439453125
16.7620362,12.9638671875,100.8642578125,-49.1748046875
16.8034805,12.7685546875,101.7919921875,-57.8662109375
16.8226433,11.7431640625,101.6455078125,-64.0673828125
16.8645923,10.8642578125,101.8408203125,-66.2646484375
16.8765404,10.2783203125,101.8408203125,-65.4833984375
16.9196169,10.2783203125,101.7431640625,-65.6298828125
16.9416803,13.4521484375,101.9873046875,-66.0205078125
16.9828166,16.0400390625,101.5966796875,-68.5595703125
17.0045322,16.8701171875,101.0595703125,-72.4169921875
17.027074,17.5048828125,100.4248046875,-75.1513671875
17.0565902,17.5537109375,99.9853515625,-79.9853515625
17.1016898,17.6513671875,100.1806640625,-83.9404296875
17.122524,16.4306640625,99.8876953125,-87.7978515625
17.1465094,16.2353515625,99.6923828125,-92.3876953125
17.1789767,15.8447265625,99.6923828125,-91.3623046875
17.2070107,15.9912109375,100.2783203125,-76.0302734375
17.2370089,15.4541015625,102.0849609375,-55.1318359375
17.270319,15.1123046875,102.4267578125,-39.6533203125
17.2992307,14.5263671875,102.7197265625,-32.3779296875
17.3332547,14.2333984375,102.4267578125,-35.0634765625
17.3692447,13.5498046875,102.1337890625,-43.7060546875
17.3892878,13.0615234375,102.0849609375,-54.5458984375
17.4443668,12.7685546875,101.8408203125,-63.0419921875
17.4648004,12.0361328125,102.1337890625,-68.0712890625
17.4808025,10.6689453125,102.5732421875,-67.5341796875
17.5120897,10.1806640625,102.2802734375,-65.9716796875
17.5671897,9.9853515625,101.6943359375,-66.5087890625
17.5684013,11.6943359375,101.8408203125,-68.5107421875
17.600732,13.9404296875,101.6455078125,-71.8310546875
17.6283048,15.5517578125,101.1572265625,-75.0537109375
17.6707424,15.5029296875,100.7666015625,-79.7900390625
17.6907803,15.1123046875,100.5712890625,-84.5263671875
17.7345992,14.7705078125,100.2783203125,-88.9697265625
17.7565489,13.2080078125,99.8876953125,-93.1201171875
17.7926266,12.8662109375,99.3505859375,-96.1962890625
17.8115598,13.3544921875,99.7412109375,-90.5810546875
17.8565106,13.5498046875,100.8154296875,-71.7333984375
17.8771271,13.3544921875,102.3779296875,-52.5439453125
17.9143653,12.3779296875,101.8896484375,-40.8740234375
17.9449112,12.7197265625,102.0849609375,-39.2138671875
17.9629089,11.8896484375,101.5966796875,-45.7080078125
17.9942958,11.4501953125,101.1083984375,-55.4248046875
18.033331,10.5224609375,101.0107421875,-66.2646484375
18.0537888,9.4970703125,101.4990234375,-72.1240234375
18.0969228,9.0087890625,101.3525390625,-73.8330078125
18.1159827,7.8369140625,101.4501953125,-73.1005859375
18.1538265,7.8857421875,101.8408203125,-71.8310546875
18.1738713,7.8857421875,101.4990234375,-72.9541015625
18.2121806,10.5712890625,101.0107421875,-75.2001953125
18.2330927,12.2314453125,100.9130859375,-78.6181640625
18.2732388,12.6708984375,100.2783203125,-82.3291015625
18.2923218,12.1826171875,100.1806640625,-86.3330078125
18.3332127,12.3779296875,99.7900390625,-91.0205078125
18.3554342,11.5966796875,98.9111328125,-95.3173828125
18.4031376,10.3271484375,98.7158203125,-99.1748046875
18.4214503,10.6201171875,99.5458984375,-95.3662109375
18.4566042,10.9130859375,100.1806640625,-78.2275390625
18.4765464,10.1806640625,101.4013671875,-57.1826171875
18.5162601,9.6923828125,101.7431640625,-43.3642578125
18.5368674,8.9599609375,102.2314453125,-37.7978515625
18.5713194,8.4716796875,102.0361328125,-39.2626953125
18.5946379,7.9345703125,101.4990234375,-47.5634765625
18.6370514,7.1533203125,101.7431640625,-58.4033203125
18.6569905,6.4697265625,100.9130859375,-66.8994140625
18.7009838,5.4931640625,101.8408203125,-71.3427734375
18.7227121,4.2236328125,101.6943359375,-70.5126953125
18.7567364,4.1259765625,101.7919921875,-69.0478515625
18.777031,4.3212890625,101.3525390625,-69.5361328125
18.8153845,6.3720703125,101.2548828125,-71.0986328125
18.8371409,8.1787109375,100.8154296875,-73.7353515625
18.8733899,9.1064453125,100.3271484375,-77.8857421875
18.899122,9.4482421875,100.4248046875,-82.6708984375
18.9371598,8.8623046875,99.5458984375,-87.4072265625
18.9593447,8.2763671875,99.4482421875,-92.1923828125
18.9967212,7.7392578125,99.3017578125,-95.8056640625
19.0177413,6.8115234375,99.3017578125,-95.4150390625
19.0537556,6.5185546875,100.2294921875,-80.5224609375
19.0793838,7.2021484375,101.6455078125,-57.3291015625
19.1140872,6.8115234375,102.1337890625,-38.9697265625
19.1361017,6.0302734375,102.4267578125,-29.6435546875
19.1739706,5.5908203125,102.9150390625,-29.6923828125
19.1977029,4.4189453125,102.5244140625,-36.0888671875
19.2317238,3.9306640625,102.8173828125,-45.4150390625
19.2587274,2.9541015625,102.8662109375,-55.5224609375
19.2951481,2.1240234375,102.9150390625,-61.6748046875
19.3227207,1.4892578125,102.7197265625,-64.5068359375
19.3611394,1.0009765625,103.0615234375,-62.5537109375
19.3818705,0.4638671875,103.5986328125,-62.5537109375
19.4185715,1.8310546875,103.0126953125,-62.5048828125
19.4392657,4.1748046875,102.5244140625,-64.5556640625
19.476401,5.5419921875,102.7197265625,-68.6083984375
19.5056608,6.2744140625,102.3291015625,-71.9775390625
19.5396429,6.1767578125,101.4013671875,-76.2744140625
19.5633504,6.4697265625,101.4990234375,-81.2548828125
19.5993997,5.9814453125,101.6943359375,-85.8447265625
19.6183561,3.8330078125,100.9130859375,-89.6044921875
19.6648918,4.0771484375,101.7431640625,-87.3095703125
19.6872871,4.3212890625,102.5732421875,-68.8037109375
19.7222899,4.3701171875,103.8427734375,-46.3916015625
19.7425766,4.1259765625,104.9169921875,-30.0341796875
19.7780574,3.5888671875,104.7705078125,-22.7587890625
19.7981924,2.9052734375,105.4052734375,-24.1259765625
19.8326917,2.2216796875,105.2587890625,-31.3525390625
19.8626976,1.4892578125,104.4287109375,-42.1435546875
19.9009795,0.9033203125,104.4775390625,-51.2744140625
19.9222643,0.5615234375,105.3564453125,-56.1083984375
19.9602694,-0.3173828125,105.4541015625,-56.8408203125
19.9843345,-0.5126953125,105.4541015625,-56.4013671875
20.0207409,0.1708984375,105.4541015625,-55.7177734375
20.042071,1.4892578125,105.0634765625,-56.8408203125
20.0816742,4.0771484375,104.7705078125,-59.4287109375
20.1025625,5.5419921875,104.8193359375,-62.3583984375
20.1365234,6.0791015625,104.0380859375,-66.5576171875
20.1644604,5.6884765625,104.2333984375,-70.9033203125
20.1989232,5.8349609375,103.4521484375,-76.4208984375
20.2244137,4.5654296875,103.1103515625,-80.9130859375
20.2589005,4.7607421875,102.8662109375,-83.7451171875
20.2833649,4.0771484375,103.1103515625,-77.0068359375
20.3219783,4.1259765625,104.8681640625,-56.0107421875
20.3442441,4.3212890625,105.6005859375,-33.9404296875
20.3787506,4.0771484375,105.8447265625,-20.7568359375
20.4072685,3.8330078125,106.4306640625,-18.0712890625
20.442759,3.0029296875,105.5029296875,-23.8818359375
20.4620284,2.7099609375,105.3076171875,-33.4033203125
20.499567,1.9775390625,105.5029296875,-44.1455078125
20.5255351,1.3916015625,105.6005859375,-51.6650390625
20.5600544,0.4638671875,105.5517578125,-53.6181640625
20.5866902,-0.3662109375,106.1376953125,-51.1279296875
20.6227176,0.0732421875,105.8935546875,-49.6142578125
20.6476827,-0.4638671875,105.5029296875,-48.8330078125
20.6836027,1.9287109375,104.7216796875,-51.0302734375
20.7046349,3.3447265625,104.7705078125,-53.8134765625
20.7527989,4.8583984375,104.1845703125,-57.0361328125
20.7732091,5.0048828125,103.8916015625,-60.8447265625
20.8087352,5.5908203125,103.5498046875,-64.5556640625
20.8298738,5.0048828125,103.0615234375,-70.4150390625
20.8666899,3.9306640625,102.3291015625,-75.2978515625
20.8936587,3.6376953125,102.7685546875,-72.3681640625
20.9292565,3.6865234375,103.9892578125,-55.3271484375
20.9492122,4.2236328125,105.0146484375,-32.1826171875
20.9853859,4.0771484375,105.5517578125,-16.6552734375
21.0082552,3.3447265625,105.6982421875,-11.1376953125
21.0434855,4.3701171875,105.3564453125,-15.3369140625
21.0683948,3.3935546875,104.2822265625,-25.4931640625
21.1034218,3.0517578125,104.0380859375,-37.7490234375
21.1311609,2.9052734375,104.3798828125,-46.1962890625
21.1661781,2.7587890625,104.4287109375,-49.8095703125
21.1864466,1.2939453125,104.6240234375,-48.7841796875
21.2240146,1.4404296875,104.9169921875,-48.0517578125
21.2494126,0.7080078125,104.0380859375,-48.1982421875
21.2854334,1.4404296875,103.7939453125,-49.1748046875
21.3110031,4.3212890625,103.3056640625,-52.4951171875
21.348373,5.1025390625,103.5009765625,-56.6455078125
21.3693974,5.6884765625,102.3779296875,-60.0634765625
21.4059396,5.7861328125,101.7919921875,-64.8974609375
21.4296571,5.5419921875,101.6943359375,-70.4150390625
21.46382,4.9560546875,101.3037109375,-73.8330078125
21.4908456,4.3212890625,101.5478515625,-72.0751953125
21.5259784,4.4189453125,102.6708984375,-55.4248046875
21.5511651,4.6142578125,103.4521484375,-32.2314453125
21.5885394,4.6142578125,103.7451171875,-17.2900390625
21.6136268,4.0771484375,103.9892578125,-11.1376953125
21.6487968,3.8330078125,103.3056640625,-13.0419921875
21.6717937,2.6123046875,103.4521484375,-20.9521484375
21.7068154,2.6123046875,103.1591796875,-32.0361328125
21.7327694,2.6611328125,102.6220703125,-40.5322265625
21.7683848,2.6123046875,102.8173828125,-45.5615234375
21.7927273,1.9287109375,103.3544921875,-46.0009765625
21.8296481,0.3173828125,103.3544921875,-45.1220703125
21.8546275,-0.3173828125,102.4267578125,-43.9990234375
21.890188,0.6591796875,102.8662109375,-45.4150390625
21.9126102,2.6123046875,102.1826171875,-48.4912109375
21.9423832,4.6630859375,101.5966796875,-51.3232421875
21.9777183,5.3466796875,101.6943359375,-56.2060546875
22.005177,5.9326171875,100.6201171875,-61.0400390625
22.0398042,5.4931640625,100.1806640625,-66.3134765625
22.0657526,5.0048828125,99.9853515625,-69.2919921875
22.1007487,4.0283203125,100.3271484375,-62.5048828125
22.1267216,4.1748046875,101.9384765625,-41.8994140625
22.1599888,4.2724609375,102.5244140625,-20.0732421875
22.1839858,4.1748046875,102.7197265625,-5.5224609375
22.219156,4.4677734375,103.1591796875,-1.2744140625
22.2440477,3.6376953125,102.5244140625,-3.5205078125
22.2795664,2.9541015625,102.6708984375,-11.2353515625
22.3065503,2.6123046875,102.7197265625,-22.6611328125
22.3374991,1.7822265625,102.4267578125,-30.0341796875
22.3681252,1.8310546875,102.2314453125,-33.7451171875
22.3960386,0.6103515625,102.2314453125,-34.2333984375
22.4438938,0.1220703125,102.4755859375,-32.5732421875
22.4644609,0.3662109375,101.9384765625,-32.7197265625
22.4874425,0.8544921875,100.9130859375,-34.4287109375
22.5155081,4.1259765625,100.5712890625,-36.8212890625
22.5608178,5.2978515625,100.5224609375,-40.5810546875
22.5810112,6.7138671875,100.3759765625,-45.5615234375
22.6089065,5.7861328125,99.4482421875,-49.7119140625
22.6517959,6.6162109375,99.3017578125,-54.9365234375
22.6715704,5.7373046875,98.7158203125,-58.9404296875
22.7151541,4.5166015625,99.3994140625,-54.8388671875
22.7277101,4.3701171875,100.1318359375,-35.9912109375
22.7623276,4.5654296875,100.8154296875,-12.4072265625
22.8063241,5.1025390625,101.6455078125,3.6572265625
22.826392,5.5908203125,101.5966796875,9.8095703125
22.8487236,5.1513671875,101.4013671875,8.4423828125
22.8792199,4.3212890625,101.4501953125,2.0458984375
22.9243736,4.5654296875,101.1572265625,-8.8427734375
22.9449666,3.7353515625,101.1083984375,-18.1201171875
22.9836982,3.2470703125,101.0595703125,-23.2470703125
23.0032213,2.7587890625,100.7666015625,-24.1748046875
23.0302817,1.6845703125,100.7666015625,-23.0029296875
23.0761877,1.3427734375,100.4736328125,-22.7587890625
23.0966997,1.6845703125,100.4248046875,-23.5400390625
23.1333044,4.5166015625,100.0830078125,-25.9814453125
23.1543602,6.6650390625,99.4482421875,-29.6923828125
23.192735,8.3740234375,98.9599609375,-33.8916015625
23.2138359,8.1787109375,98.3251953125,-37.8955078125
23.2568683,8.2763671875,98.2275390625,-41.8505859375
23.2773097,8.3251953125,97.6416015625,-47.1728515625
23.3159008,7.1533203125,97.8369140625,-48.6376953125
23.3358975,6.5673828125,98.2763671875,-38.0908203125
23.3708519,6.5673828125,99.0087890625,-13.1884765625
23.3908158,6.6650390625,99.9365234375,8.6376953125
23.434731,6.4697265625,99.6923828125,20.5517578125
23.4547861,6.3232421875,99.9853515625,22.4072265625
23.4959178,5.5908203125,99.6923828125,16.2548828125
23.5148897,5.7861328125,99.3017578125,5.2197265625
23.554146,5.1025390625,99.1552734375,-6.0595703125
23.5734758,4.4677734375,99.3505859375,-12.8466796875
23.6155957,3.8818359375,99.3994140625,-14.1650390625
23.6345972,2.6611328125,98.9599609375,-12.3095703125
23.6730236,1.7333984375,99.1064453125,-10.6494140625
23.6931768,1.5380859375,98.6181640625,-11.5771484375
23.7335897,2.4658203125,98.3740234375,-13.3349609375
23.7550026,5.4931640625,97.8857421875,-17.2900390625
23.7967559,6.7138671875,97.1533203125,-20.6103515625
23.8161412,7.8857421875,97.4462890625,-25.4443359375
23.8505306,8.1298828125,96.3232421875,-29.8876953125
23.8748639,7.4951171875,96.2255859375,-34.8193359375
23.9165756,7.4951171875,95.4931640625,-38.8232421875
23.9381597,6.2255859375,95.6396484375,-35.8447265625
23.9745889,6.0791015625,96.5673828125,-16.0205078125
23.9963724,6.1767578125,97.4951171875,8.7353515625
24.0323919,5.8837890625,97.4462890625,26.5087890625
24.054276,4.7119140625,98.1787109375,31.7822265625
24.0952862,4.7119140625,97.5927734375,27.2900390625
24.1162971,3.8818359375,97.5439453125,17.3291015625
24.1513253,3.3447265625,96.9580078125,4.5361328125
24.1791907,2.7099609375,96.4697265625,-3.8134765625
24.2132225,1.9287109375,96.0791015625,-7.0361328125
24.2352304,1.7333984375,96.1767578125,-5.6201171875
24.273196,1.3916015625,95.9814453125,-3.1787109375
24.2983382,1.2939453125,96.5673828125,-3.4228515625
24.3329748,0.7568359375,95.9326171875,-4.0576171875
24.3578908,2.4658203125,96.1767578125,-8.8916015625
24.3960469,5.3466796875,95.3955078125,-12.3583984375
24.4152408,5.7373046875,94.8583984375,-16.6064453125
24.454355,5.8837890625,94.7119140625,-20.0244140625
24.4753638,5.8837890625,93.7353515625,-25.0537109375
24.5183007,5.4931640625,93.5888671875,-30.1806640625
24.5383077,4.5166015625,93.2958984375,-30.6201171875
24.5743456,3.9794921875,94.4189453125,-17.2412109375
24.6014001,4.5654296875,95.2978515625,8.3935546875
24.6349269,4.5654296875,96.1279296875,28.6572265625
24.6555332,3.9306640625,96.6162109375,39.2529296875
24.6904539,3.7353515625,96.5673828125,40.0341796875
24.7200438,3.6376953125,96.1279296875,34.3701171875
24.7575393,2.5146484375,95.2978515625,23.3837890625
24.780115,1.9287109375,95.6884765625,12.9345703125
24.8156165,0.3173828125,95.3466796875,6.4892578125
24.8386048,-0.0244140625,95.5419921875,4.9755859375
24.8748941,-0.9033203125,95.4443359375,6.3916015625
24.8988042,-1.8798828125,95.2978515625,7.0263671875
24.934824,-2.3193359375,95.2978515625,6.6845703125
24.9607479,-1.5380859375,95.0537109375,3.8525390625
24.9960611,1.6357421875,94.5654296875,0.5322265625
25.0206715,3.5400390625,93.8330078125,-3.5205078125
25.0569894,4.0771484375,94.0283203125,-7.9638671875
25.0775133,4.6142578125,93.9794921875,-12.7978515625
25.1148506,3.6865234375,92.8076171875,-17.2900390625
25.1429942,3.1494140625,92.0751953125,-20.9521484375
25.1794605,1.5380859375,92.1728515625,-20.9033203125
25.2016262,1.9287109375,93.8330078125,-3.5693359375
25.238116,1.3916015625,94.5166015625,21.2353515625
25.2591945,1.2451171875,95.4931640625,40.4248046875
25.2962911,1.4404296875,96.0302734375,48.9697265625
25.3223103,0.5615234375,95.5908203125,49.2626953125
25.3581568,-0.4150390625,95.8349609375,42.9638671875
25.3802004,-0.7080078125,95.6396484375,33.7353515625
25.4187908,-1.3916015625,95.3466796875,22.3583984375
25.4441849,-2.2216796875,95.4931640625,14.5458984375
25.4812071,-2.6123046875,95.2978515625,13.6181640625
25.5011881,-3.5400390625,95.3466796875,13.5205078125
25.5392318,-4.6142578125,95.2490234375,14.0576171875
25.5632111,-5.1025390625,95.1025390625,12.8857421875
25.5999865,-3.2958984375,95.2978515625,10.1513671875
25.6244487,-0.6591796875,94.8583984375,6.0498046875
25.661393,1.3916015625,94.3212890625,1.1669921875
25.6864211,2.3193359375,94.0283203125,-4.7412109375
25.7224886,2.9541015625,93.5400390625,-10.2099609375
25.7435408,2.4658203125,92.8076171875,-15.7275390625
25.7810035,2.0263671875,92.9541015625,-20.4150390625
25.8020266,1.1962890625,93.4423828125,-19.7314453125
25.8385278,0.5615234375,94.0771484375,-2.7392578125
25.8651021,0.6103515625,95.4443359375,22.4072265625
25.9020396,0.4150390625,95.4443359375,41.0595703125
25.9278948,0.4150390625,95.8349609375,49.8974609375
25.9631349,-0.1708984375,95.6396484375,48.6279296875
25.9872502,-1.1962890625,95.6396484375,41.9384765625
26.0267097,-1.9775390625,95.2490234375,31.2451171875
26.04682,-2.6123046875,95.5908203125,19.7705078125
26.0818425,-2.7099609375,95.1513671875,13.8623046875
26.1082419,-3.3447265625,95.4443359375,12.5927734375
26.1442292,-4.5654296875,95.2978515625,13.3740234375
26.1671423,-5.4931640625,95.2490234375,13.9111328125
26.2003003,-5.8349609375,95.1025390625,12.0068359375
26.2262417,-5.1025390625,95.1025390625,8.1494140625
26.2619651,-2.5146484375,94.6142578125,3.9501953125
26.2888483,-0.8056640625,94.0771484375,-0.4931640625
26.3260295,-0.1708984375,94.4677734375,-5.2783203125
26.3482285,0.3662109375,93.8330078125,-11.3330078125
26.3851178,-0.1220703125,92.8564453125,-16.3623046875
26.4101167,0.0732421875,92.9541015625,-20.4638671875
26.4488712,-0.6103515625,93.1005859375,-20.2197265625
26.4690392,-1.2451171875,94.0771484375,-4.3017578125
26.5074047,-0.8056640625,95.1025390625,21.8701171875
26.5277082,-0.4638671875,95.7373046875,40.5224609375
26.5758228,-0.8544921875,95.8837890625,46.8701171875
26.5959021,-1.8798828125,95.8837890625,42.6708984375
26.6183199,-1.7333984375,95.8349609375,32.7587890625
26.6533884,-2.3193359375,94.7119140625,18.4033203125
26.679656,-3.1005859375,94.5166015625,7.8564453125
26.7152832,-3.3935546875,94.9072265625,3.0224609375
26.7425153,-4.5654296875,94.4189453125,3.6083984375
26.7803209,-4.7119140625,95.1513671875,5.6591796875
26.7994702,-6.0791015625,94.6630859375,6.2451171875
26.8328834,-6.9091796875,95.2490234375,3.9013671875
26.8601139,-5.9814453125,94.7607421875,0.9228515625
26.9051984,-3.1494140625,94.0771484375,-3.3740234375
26.9240577,-0.5126953125,94.1748046875,-7.9638671875
26.9591589,-0.1708984375,93.1005859375,-13.7255859375
26.9789607,-0.3173828125,92.4169921875,-18.3154296875
27.0302759,-0.3173828125,92.1240234375,-24.9072265625
27.0612052,-0.3662109375,92.3193359375,-28.3251953125
27.0732153,-1.4892578125,93.2958984375,-21.6845703125
27.1085049,-1.7822265625,93.8330078125,0.2392578125
27.1322183,-1.7333984375,95.0537109375,23.0419921875
27.166157,-1.6845703125,94.8095703125,35.2978515625
27.1931733,-1.7822265625,94.9560546875,37.1533203125
27.2294437,-2.3681640625,94.7119140625,31.4892578125
27.253589,-2.6123046875,94.6142578125,20.4052734375
27.2894282,-2.4169921875,94.1748046875,7.9541015625
27.3229409,-3.1005859375,94.2236328125,0.0439453125
27.3439328,-3.8818359375,94.2236328125,-3.3740234375
27.3793713,-4.5166015625,94.3701171875,-2.9345703125
27.4004949,-4.7119140625,93.9794921875,-2.1044921875
27.4354768,-4.8583984375,94.3701171875,-2.5927734375
27.4642224,-5.6884765625,93.7841796875,-4.8388671875
27.4941587,-3.8330078125,93.7353515625,-8.4521484375
27.5290846,-1.8798828125,93.1982421875,-12.6025390625
27.5532419,0.2685546875,92.8076171875,-17.1435546875
27.5862349,0.3662109375,91.7822265625,-21.7333984375
27.6212503,0.1708984375,91.7822265625,-26.9091796875
27.6431829,-0.0244140625,91.4404296875,-30.8154296875
27.6768081,-1.1962890625,91.6845703125,-27.6416015625
27.7020773,-1.7333984375,92.8076171875,-7.2314453125
27.7340866,-1.5869140625,93.7841796875,15.4248046875
27.7691004,-1.1474609375,94.2724609375,30.4150390625
27.7937768,-0.9521484375,94.8583984375,35.9814453125
27.8431614,-0.8544921875,94.5166015625,33.7841796875
27.8561161,-1.7822265625,93.9794921875,26.3134765625
27.8913976,-1.9287109375,93.8330078125,14.9853515625
27.9175357,-2.0263671875,94.2236328125,6.4404296875
27.9473276,-2.9052734375,93.6865234375,1.4599609375
27.9752846,-3.6865234375,94.0283203125,-0.2490234375
28.0082902,-3.6376953125,93.9306640625,0.6787109375
28.0354337,-4.4189453125,93.2958984375,0.2392578125
28.069788,-4.7119140625,93.1982421875,-1.5185546875
28.0978765,-3.8818359375,92.9052734375,-5.3759765625
28.1328256,-0.7568359375,92.9541015625,-8.9404296875
28.1578198,1.0498046875,92.6123046875,-13.5302734375
28.1889095,2.4658203125,91.6357421875,-18.3642578125
28.2214477,3.1005859375,91.3427734375,-24.2724609375
28.266436,2.4658203125,91.1962890625,-28.8623046875
28.2863297,2.9052734375,90.6591796875,-31.6943359375
28.3251897,1.7333984375,91.6845703125,-18.6572265625
28.3463501,1.0498046875,92.4658203125,4.7314453125
28.3812294,1.1962890625,93.1982421875,23.4326171875
28.4027539,1.5380859375,94.0283203125,33.9794921875
28.4472016,1.5380859375,94.0283203125,35.4931640625
28.4664913,1.4892578125,93.3935546875,31.0986328125
28.503529,1.2451171875,93.1982421875,20.0146484375
28.5230286,0.4150390625,92.8564453125,9.5654296875
28.5664504,0.0244140625,93.4912109375,1.9970703125
28.5855941,-0.3662109375,93.4423828125,-0.3955078125
28.625514,-1.4404296875,93.6865234375,0.6298828125
28.6456149,-2.4658203125,92.8076171875,1.9482421875
28.6826866,-1.9775390625,92.8564453125,0.8251953125
28.7040913,-2.6611328125,92.4169921875,-2.0068359375
28.7440778,-0.3662109375,91.4892578125,-5.9130859375
28.7659499,2.1240234375,91.3427734375,-10.8935546875
28.8050222,3.9306640625,91.3916015625,-15.5810546875
28.826182,4.5166015625,90.3662109375,-20.8056640625
28.8612971,4.5654296875,90.5615234375,-26.2744140625
28.8853764,4.5166015625,89.9267578125,-30.6201171875
28.9226589,4.3212890625,90.4638671875,-24.1748046875
28.9434814,2.8076171875,91.1474609375,-2.2509765625
28.982117,2.9541015625,93.0517578125,21.1376953125
29.0038636,3.0517578125,92.0263671875,33.6865234375
29.0450027,3.0517578125,92.0263671875,35.7861328125
29.0643666,3.2958984375,91.9775390625,28.7548828125
29.1059063,2.3193359375,91.1962890625,17.6708984375
29.1258304,2.0751953125,91.2939453125,4.5361328125
29.1617907,1.4892578125,91.7822265625,-3.5205078125
29.1821727,1.7822265625,91.3427734375,-4.9853515625
29.2236136,0.8544921875,91.5380859375,-4.1064453125
29.2450685,0.2197265625,91.5380859375,-2.9345703125
29.2864641,0.0244140625,91.8310546875,-3.7158203125
29.3064439,-0.5615234375,90.7568359375,-5.8154296875
29.3482878,0.2685546875,90.5126953125,-10.1611328125
29.3667044,2.6611328125,90.0732421875,-14.7998046875
29.402671,4.3212890625,89.2431640625,-19.9267578125
29.4256565,5.4443359375,88.9990234375,-24.4189453125
29.4673277,5.2978515625,88.7060546875,-29.8388671875
29.4881694,4.9072265625,88.4619140625,-35.2099609375
29.5240989,4.0771484375,88.4619140625,-32.5244140625
29.5483697,3.7353515625,89.7314453125,-13.1884765625
29.5863523,3.3935546875,90.5615234375,9.6142578125
29.6061683,3.4912109375,91.0009765625,23.7744140625
29.6424861,4.1748046875,90.3662109375,27.4365234375
29.6654054,3.8818359375,90.6103515625,22.4560546875
29.69951,3.6376953125,89.5849609375,11.5185546875
29.7266467,3.2470703125,89.2919921875,-1.1767578125
29.7636645,2.3681640625,89.3408203125,-10.0146484375
29.7881466,1.9287109375,90.1708984375,-13.3349609375
29.8240132,0.6591796875,89.1943359375,-13.2373046875
29.84466,0.6103515625,89.6337890625,-13.0419921875
29.8851176,-0.4638671875,89.3896484375,-13.7255859375
29.9079314,-0.7568359375,89.0966796875,-15.6298828125
29.9440797,-0.7568359375,88.6572265625,-19.1455078125
29.9673202,2.0751953125,87.7294921875,-22.6123046875
30.0088168,3.9794921875,87.6318359375,-28.3251953125
30.0281,5.4443359375,87.3876953125,-32.4755859375
30.0634553,5.8837890625,86.5087890625,-38.1396484375
30.0864827,6.0791015625,86.7041015625,-42.4365234375
30.1223116,4.6630859375,87.3388671875,-37.5537109375
30.1503309,3.6865234375,87.8271484375,-17.1435546875
30.184635,3.1494140625,88.9990234375,4.5361328125
30.2106765,3.1982421875,89.3896484375,16.9384765625
30.2435702,2.7587890625,89.0478515625,22.9443359375
30.2686246,2.5634765625,89.3896484375,21.2353515625
30.3149934,2.9541015625,88.8037109375,14.7412109375
30.3352275,2.4169921875,88.2666015625,4.8779296875
30.3711136,2.2705078125,88.3642578125,-3.3740234375
30.3910799,1.7333984375,89.1455078125,-7.3291015625
30.4269513,1.3427734375,88.2666015625,-8.0615234375
30.4536014,0.3662109375,88.6083984375,-7.9150390625
30.493494,-0.3173828125,88.4619140625,-9.2333984375
30.5137545,-0.4638671875,87.7294921875,-12.0654296875
30.5511777,-1.4892578125,87.5830078125,-15.3369140625
30.5830216,1.2451171875,86.8505859375,-19.5361328125
30.5991404,3.6865234375,86.7529296875,-23.7841796875
30.6390026,4.8583984375,86.6552734375,-28.8134765625
30.6620853,5.5908203125,85.6298828125,-33.9404296875
30.6971424,5.5419921875,86.3134765625,-39.5068359375
30.7223371,5.0537109375,86.0693359375,-37.8955078125
30.7617545,4.6142578125,87.2412109375,-21.3427734375
30.7834914,3.6865234375,88.3642578125,2.7783203125
30.8209401,4.3701171875,88.8525390625,19.2822265625
30.8403664,3.9794921875,88.6572265625,26.7041015625
30.8763153,3.7353515625,88.9013671875,25.3857421875
30.9017667,3.5400390625,88.3154296875,19.7216796875
30.9387623,3.4423828125,87.4853515625,9.2236328125
30.9652741,2.4658203125,87.7783203125,-1.4697265625
31.0027654,2.3681640625,88.3154296875,-7.1826171875
31.0258463,1.9287109375,88.3642578125,-8.4033203125
31.0629456,1.5380859375,88.1689453125,-7.6220703125
31.0841601,-0.4150390625,87.8271484375,-7.2314453125
31.1187954,-0.2197265625,87.4365234375,-8.7451171875
31.1436989,-0.5615234375,86.7529296875,-11.9677734375
31.1790858,0.9521484375,86.6064453125,-15.2392578125
31.2055433,3.1005859375,86.4111328125,-19.1455078125
31.2441426,4.6630859375,85.9716796875,-24.4189453125
31.2665773,4.8095703125,85.5322265625,-29.3994140625
31.3034216,5.1025390625,84.9462890625,-33.9404296875
31.324691,5.0537109375,85.0439453125,-37.0166015625
31.3633456,4.0771484375,85.7275390625,-27.8369140625
31.3851367,3.2958984375,87.1435546875,-3.7158203125
31.4193679,3.3447265625,87.2412109375,19.0380859375
31.4447964,2.7587890625,87.6806640625,29.2919921875
31.4816559,1.9775390625,87.8759765625,28.9013671875
31.5050667,2.0263671875,87.2900390625,22.1142578125
31.5420002,1.6357421875,86.5087890625,10.6884765625
31.5653523,1.4404296875,85.7763671875,-1.1767578125
31.6015167,0.6591796875,86.1669921875,-8.5986328125
31.626889,0.0244140625,86.6064453125,-10.6005859375
31.6628575,-0.1220703125,86.3134765625,-8.2568359375
31.6827328,-0.7568359375,85.9228515625,-7.9150390625
31.7208731,-1.5380859375,86.3623046875,-9.4775390625
31.744881,-1.1474609375,85.6787109375,-11.6748046875
31.7817447,-1.6845703125,85.0439453125,-16.6064453125
31.8071457,0.1220703125,84.6533203125,-20.8056640625
31.8423384,2.8564453125,84.3603515625,-24.6142578125
31.8685593,3.1494140625,84.3115234375,-29.3505859375
31.9049433,3.2470703125,83.3349609375,-34.7705078125
31.9259493,2.9541015625,83.1884765625,-39.2626953125
31.966383,2.2216796875,83.2861328125,-35.4052734375
31.9878565,1.2939453125,84.5556640625,-15.8740234375
32.0245985,1.2939453125,85.2880859375,7.2705078125
32.0486116,1.2939453125,85.5810546875,20.6982421875
32.0855422,1.5380859375,85.2880859375,22.8466796875
32.1114128,1.5380859375,85.5322265625,16.3037109375
32.1456361,0.9521484375,84.5556640625,6.2939453125
32.1684944,0.9521484375,84.4091796875,-6.1572265625
32.2064412,0.3173828125,84.1650390625,-14.0185546875
32.2297039,-0.2197265625,84.3603515625,-16.9970703125
32.265803,-0.7568359375,84.5068359375,-16.2158203125
32.2890204,-1.3916015625,84.6533203125,-15.1416015625
32.3238782,-1.9775390625,84.2626953125,-15.2880859375
32.3530089,-2.3681640625,84.0185546875,-17.8271484375
32.3886258,-2.7587890625,82.7490234375,-20.5615234375
32.4113792,-1.3427734375,82.9931640625,-24.5166015625
32.4474966,1.7822265625,81.8212890625,-28.6181640625
32.4719334,2.8564453125,82.1142578125,-32.7685546875
32.5091685,3.4423828125,81.4306640625,-37.5048828125
32.5322246,3.3935546875,81.0888671875,-41.0693359375
32.569238,2.7587890625,82.0166015625,-35.1611328125
32.5942224,2.2705078125,83.4814453125,-14.9462890625
32.6242252,1.1474609375,83.9697265625,4.3896484375
32.6512186,1.1962890625,84.5068359375,15.2294921875
32.6862623,1.4404296875,84.3115234375,18.5986328125
32.7123105,1.4404296875,84.1650390625,15.9130859375
32.7478423,1.8310546875,83.6767578125,7.9541015625
32.7693399,0.9033203125,82.8466796875,-3.1298828125
32.8108704,1.0498046875,83.3837890625,-10.6494140625
32.8334065,0.3662109375,83.3837890625,-13.3349609375
32.8623528,-0.0732421875,83.5791015625,-12.6513671875
32.9003533,-0.8056640625,83.3837890625,-12.4560546875
32.9222774,-1.0009765625,83.1884765625,-13.1884765625
32.9725534,-2.1728515625,82.6513671875,-16.0205078125
32.9931154,-2.1728515625,82.3095703125,-20.2197265625
33.0156081,-0.5126953125,82.1142578125,-24.0771484375
33.0457419,1.6845703125,81.9189453125,-28.0810546875
33.0810954,3.3935546875,81.6748046875,-32.3779296875
33.1070788,4.1259765625,81.1376953125,-36.7724609375
33.1444881,3.9306640625,81.2841796875,-40.3857421875
33.164843,4.4677734375,81.6748046875,-33.1103515625
33.2000882,3.8330078125,83.0908203125,-11.6259765625
33.2274879,2.9052734375,84.1162109375,7.5634765625
33.2565153,3.0029296875,84.1650390625,19.1845703125
33.3069665,3.2958984375,85.0439453125,22.7978515625
33.3360706,3.4423828125,84.6533203125,19.4287109375
33.3480096,3.5400390625,84.0185546875,10.5908203125
33.3761149,2.5146484375,83.7744140625,-0.1513671875
33.4052801,2.0751953125,83.9208984375,-8.3056640625
33.4411468,2.2216796875,84.5556640625,-11.8701171875
33.4671705,1.5380859375,83.5302734375,-12.3583984375
33.4982502,1.1962890625,84.7509765625,-11.9189453125
33.5395283,1.0986328125,83.9697265625,-12.6025390625
33.5565227,0.2685546875,83.8232421875,-15.0439453125
33.5890427,-0.2685546875,83.9208984375,-18.5107421875
33.63543,1.6357421875,82.9931640625,-22.7587890625
33.6553738,4.8583984375,82.6513671875,-27.2509765625
33.6965784,5.6396484375,82.9931640625,-31.4501953125
33.7168648,6.3720703125,82.6513671875,-35.8447265625
33.7595458,7.0068359375,82.4560546875,-40.1416015625
33.7792964,6.5673828125,82.6513671875,-39.8974609375
33.7982143,6.4697265625,82.9931640625,-22.6611328125
33.8267034,5.9814453125,84.0185546875,1.9482421875
33.8721049,5.8349609375,85.1904296875,19.8681640625
33.8932117,5.9814453125,85.6298828125,25.3857421875
33.9335201,6.0302734375,85.4345703125,22.4560546875
33.954887,5.5419921875,85.1416015625,14.1064453125
33.9971792,5.4443359375,84.8486328125,1.9482421875
34.0160761,5.1513671875,84.9951171875,-7.6708984375
34.0537522,4.5166015625,85.0439453125,-13.1396484375
34.0751642,3.7353515625,85.1904296875,-14.1162109375
34.1210961,3.5888671875,85.3369140625,-11.8212890625
34.1421343,2.7587890625,85.3369140625,-10.9912109375
34.1591286,1.8310546875,84.9951171875,-13.6279296875
34.190173,1.8310546875,84.8486328125,-16.7529296875
34.2355795,2.3681640625,84.9462890625,-21.0498046875
34.2549471,4.5654296875,84.1650390625,-25.3466796875
34.2943187,6.9580078125,84.1650390625,-28.9599609375
34.3141792,8.9599609375,84.3115234375,-34.1845703125
34.3556054,9.8876953125,83.6767578125,-38.0908203125
34.3767436,9.3505859375,83.2373046875,-40.2392578125
34.4213829,9.1064453125,83.7744140625,-32.3291015625
34.45244,8.8134765625,84.4580078125,-8.8427734375
34.4634607,7.9833984375,85.3857421875,12.0556640625
34.5043285,8.4228515625,86.1669921875,22.0166015625
34.5233046,8.2275390625,85.8251953125,20.7470703125
34.569855,7.8369140625,85.8251953125,11.9091796875
34.5887648,7.8369140625,85.3857421875,-0.7861328125
34.6242383,7.5439453125,84.7021484375,-12.7001953125
34.6442341,7.0556640625,85.3857421875,-19.8291015625
34.6812834,6.7138671875,85.1416015625,-20.5126953125
34.7022849,6.5673828125,85.4345703125,-19.1943359375
34.7460317,6.1279296875,84.9951171875,-18.0224609375
34.7670833,5.8349609375,85.0439453125,-19.7314453125
34.8053773,4.8095703125,84.6044921875,-22.4169921875
34.8261854,5.1025390625,84.8486328125,-26.0302734375
34.864745,5.5419921875,84.2138671875,-28.7646484375
34.8847237,8.3251953125,83.4814453125,-32.4267578125
34.9253957,9.7412109375,83.2373046875,-37.6025390625
34.94582,9.7900390625,82.8466796875,-42.5830078125
34.9820043,10.5224609375,82.7490234375,-44.9755859375
35.0065483,10.3271484375,83.5791015625,-35.8447265625
35.0435841,9.0576171875,84.6044921875,-13.3349609375
35.0626085,8.2275390625,84.9951171875,5.6103515625
35.1081172,8.6669921875,85.5322265625,13.0810546875
35.1281074,8.8134765625,85.7275390625,10.8349609375
35.1622509,8.5205078125,85.0439453125,2.8759765625
35.1843005,8.8623046875,84.3603515625,-9.5751953125
35.2264226,8.4716796875,83.7255859375,-19.9267578125
35.2465543,7.8369140625,84.4580078125,-24.4189453125
35.2863078,7.7880859375,84.4091796875,-25.5908203125
35.3062242,7.5439453125,84.6044921875,-23.8330078125
35.3435082,6.3232421875,84.4580078125,-23.6376953125
35.3662114,5.9814453125,84.2138671875,-24.0771484375
35.4102045,5.9326171875,84.0185546875,-27.8369140625
35.4295544,4.3212890625,83.9697265625,-30.9619140625
35.4635097,5.4443359375,83.3349609375,-34.5263671875
35.4885424,8.2763671875,82.7490234375,-38.6279296875
35.522448,9.4970703125,82.7490234375,-44.1943359375
35.5455631,10.2294921875,82.3095703125,-48.2470703125
35.5844958,10.0830078125,82.8466796875,-45.4638671875
35.6084151,10.0830078125,83.3349609375,-27.0068359375
35.6446528,9.0576171875,84.7021484375,-4.5947265625
35.6684797,8.4716796875,85.4345703125,11.2744140625
35.7045135,7.3486328125,85.3857421875,16.6943359375
35.7261276,8.0322265625,85.2880859375,14.8876953125
35.7671559,8.2275390625,84.5068359375,8.0517578125
35.7875813,8.1787109375,84.0673828125,-3.0322265625
35.8269731,7.5927734375,84.2626953125,-11.6259765625
35.8504606,7.1533203125,84.3603515625,-15.7763671875
35.8897792,7.1533203125,83.7744140625,-16.3134765625
35.9101478,6.1279296875,84.2138671875,-14.6533203125
35.9463799,5.7373046875,84.1162109375,-15.3857421875
35.9677125,5.2978515625,83.7744140625,-16.7041015625
36.0106283,4.6142578125,83.7255859375,-19.3408203125
36.0306672,4.9072265625,83.4814453125,-21.9287109375
36.0661951,5.4931640625,83.6767578125,-26.2744140625
36.0921273,8.6669921875,82.6025390625,-30.2783203125
36.1274679,10.0341796875,82.2119140625,-34.2333984375
36.1541142,10.2783203125,82.4072265625,-38.5302734375
36.1916503,10.9619140625,83.2861328125,-33.7939453125
36.2102368,9.9853515625,83.3837890625,-14.2138671875
36.2507575,9.7900390625,84.2626953125,5.8544921875
36.270792,8.5693359375,84.9951171875,17.9638671875
36.308363,8.6669921875,85.2392578125,23.3837890625
36.3336764,8.9599609375,85.0439453125,23.1396484375
36.3699463,8.9599609375,84.9951171875,17.5732421875
36.3946454,8.5205078125,84.7021484375,8.5400390625
36.4316394,7.8857421875,84.5556640625,0.4833984375
36.4534468,7.1044921875,84.7021484375,-4.7412109375
36.4888671,7.0556640625,84.7998046875,-5.1806640625
36.5136038,6.4697265625,85.2880859375,-5.5712890625
36.5600334,6.2744140625,84.5068359375,-5.9130859375
36.5905799,5.1513671875,85.0927734375,-7.2314453125
36.6045976,5.1513671875,84.5556640625,-10.1611328125
36.6398552,5.3955078125,83.8720703125,-16.1181640625
36.6634293,7.8857421875,83.4814453125,-19.3408203125
36.7034489,9.2041015625,83.2373046875,-23.9306640625
36.7254351,11.2548828125,83.6767578125,-28.7158203125
36.7624011,11.4501953125,82.8955078125,-34.0869140625
36.7814824,11.7919921875,83.1884765625,-32.9638671875
36.8206428,11.8408203125,84.1162109375,-16.3134765625
36.846708,10.5224609375,84.9951171875,7.2705078125
36.8835581,9.8388671875,85.2392578125,22.4072265625
36.9088432,9.8388671875,85.1904296875,27.8759765625
36.945888,9.6435546875,85.4833984375,26.8994140625
36.9673428,10.3759765625,84.7509765625,20.6494140625
37.0043533,9.9853515625,85.0927734375,9.0771484375
37.0243306,9.0576171875,84.3603515625,0.0439453125
37.0642916,8.9111328125,85.3369140625,-6.4013671875
37.086149,7.6904296875,85.2392578125,-6.7431640625
37.1221991,7.2998046875,85.1904296875,-5.0341796875
37.1472196,6.5185546875,84.8486328125,-3.6181640625
37.1842525,6.5673828125,84.7998046875,-5.2783203125
37.2045041,5.4443359375,84.4580078125,-9.4287109375
37.2463112,4.7119140625,84.3603515625,-13.2373046875
37.2654574,6.7138671875,83.8720703125,-17.6318359375
37.3039087,8.7158203125,83.7255859375,-22.5634765625
37.3273063,10.7666015625,83.0419921875,-27.2509765625
37.3668207,11.9384765625,82.7001953125,-32.2802734375
37.3892701,12.1826171875,82.9443359375,-36.3818359375
37.4301391,12.0361328125,83.5791015625,-28.6669921875
37.4481086,11.3037109375,84.1650390625,-6.2060546875
37.4832451,9.8876953125,85.0439453125,13.7646484375
37.510004,10.5224609375,84.4580078125,21.8212890625
37.5469086,10.4736328125,85.2880859375,20.0634765625
37.5695622,10.7666015625,84.7998046875,12.1533203125
37.608613,10.3271484375,84.5068359375,1.4111328125
37.6311118,9.8388671875,84.1162109375,-10.3564453125
37.6687733,9.0087890625,83.8232421875,-16.8505859375
37.6877155,9.0087890625,84.3603515625,-17.8271484375
37.7267424,8.6181640625,84.6533203125,-16.6064453125
37.7496962,8.3251953125,84.3115234375,-15.7763671875
37.7852269,7.5927734375,83.5791015625,-17.0458984375
37.8108902,7.2509765625,82.9931640625,-19.8291015625
37.8470475,6.2744140625,82.9931640625,-24.3212890625
37.8666287,5.9326171875,82.8466796875,-28.1298828125
37.9090315,8.0322265625,82.6513671875,-31.8896484375
37.9299908,10.3759765625,81.8212890625,-37.0654296875
37.9676725,10.8642578125,81.7236328125,-42.1435546875
37.991708,11.8408203125,81.3818359375,-45.4638671875
38.0268013,11.1083984375,81.4794921875,-36.8212890625
38.0526804,11.5478515625,83.2861328125,-16.6064453125
38.0881967,10.5712890625,83.0908203125,1.8505859375
38.1090964,9.8388671875,83.6279296875,10.3466796875
38.1476789,10.4736328125,83.5791015625,8.8330078125
38.1713352,10.3759765625,82.9443359375,1.1181640625
38.2063323,9.6923828125,82.9443359375,-9.2333984375
38.2334274,9.6923828125,82.5048828125,-18.2177734375
38.2703543,9.5947265625,83.0419921875,-23.0517578125
38.2913279,8.8623046875,82.6513671875,-24.0771484375
38.3283212,8.7646484375,82.8466796875,-22.4169921875
38.3501839,8.1787109375,82.4560546875,-22.0263671875
38.3863787,7.7392578125,82.0166015625,-23.3447265625
38.4203693,7.4951171875,81.8212890625,-25.4443359375
38.4429991,6.4208984375,81.5771484375,-28.9599609375
38.4768984,6.6162109375,80.8447265625,-33.2080078125
38.5044305,8.7158203125,80.7958984375,-36.6748046875
38.5410657,10.3759765625,80.5517578125,-40.6298828125
38.5650632,11.8408203125,79.9169921875,-45.0732421875
38.6010545,11.9873046875,79.8193359375,-46.0498046875
38.6262577,11.9384765625,81.4306640625,-35.3076171875
38.6547319,10.9130859375,82.4072265625,-13.9697265625
38.6926337,10.1318359375,82.4072265625,3.6083984375
38.7148549,10.3271484375,82.5048828125,11.9580078125
38.7498645,10.5712890625,82.7001953125,13.2763671875
38.7808785,10.9619140625,82.2607421875,8.2958984375
38.8069222,11.1083984375,82.3583984375,-0.4931640625
38.8370374,10.3271484375,81.4794921875,-9.4775390625
38.8829542,10.4248046875,82.3095703125,-15.2392578125
38.9021153,10.1806640625,82.0654296875,-16.5087890625
38.9249747,9.6923828125,82.0166015625,-15.7763671875
38.959084,9.3994140625,82.5048828125,-15.5810546875
38.9931842,8.7158203125,82.1142578125,-15.5322265625
39.0171757,7.4951171875,81.8701171875,-18.7548828125
39.0483759,7.3486328125,81.3330078125,-22.5634765625
39.076806,6.9580078125,81.1376953125,-25.4931640625
39.1076902,9.2529296875,80.6005859375,-28.5693359375
39.1396693,10.8642578125,80.0146484375,-33.3056640625
39.1667044,12.0849609375,80.3564453125,-37.7490234375
39.199065,12.2314453125,80.1123046875,-40.6787109375
39.2461224,12.2314453125,80.1611328125,-34.8681640625
39.2677958,12.3291015625,81.3330078125,-15.8740234375
39.3062515,11.5478515625,81.9677734375,1.7041015625
39.3246471,10.5712890625,83.1396484375,13.5205078125
39.3656588,11.5478515625,82.4072265625,18.2080078125
39.3856722,11.4990234375,83.2861328125,17.0849609375
39.4206056,11.9873046875,82.3583984375,10.4443359375
39.4408039,11.4013671875,82.3095703125,0.8740234375
39.4916191,10.9130859375,82.6513671875,-5.7177734375
39.5115941,10.7666015625,82.5537109375,-10.6005859375
39.5278799,10.1318359375,83.1396484375,-11.4306640625
39.5607577,9.6435546875,82.9443359375,-9.4775390625
39.6056051,9.2041015625,82.5048828125,-8.9404296875
39.6246712,8.9599609375,82.7978515625,-10.8447265625
39.6640883,7.9345703125,82.1142578125,-13.9208984375
39.6859926,7.5439453125,81.6259765625,-16.1181640625
39.7290447,8.9111328125,81.2353515625,-19.9267578125
39.7481059,11.5966796875,80.6982421875,-24.4189453125
39.7832648,13.2568359375,80.8447265625,-28.4716796875
39.8038332,14.2822265625,80.3076171875,-33.5986328125
39.8453352,14.6240234375,79.9169921875,-35.9912109375
39.8693926,14.7216796875,80.4052734375,-27.2021484375
39.9053996,13.8916015625,81.9189453125,-7.8173828125
39.9253679,13.0615234375,82.0166015625,10.6396484375
39.9662356,12.6708984375,83.0908203125,21.0400390625
39.9852106,12.2314453125,83.3837890625,23.2861328125
40.0270262,12.0361328125,83.0908203125,19.2333984375
40.0489884,12.3779296875,82.4072265625,11.1767578125
40.0853777,11.6943359375,82.4072265625,1.4111328125
40.1066073,11.3525390625,82.6025390625,-5.4248046875
40.1424997,11.0107421875,82.9443359375,-9.0869140625
40.1618484,10.2783203125,82.3095703125,-8.3056640625
40.2052892,9.6435546875,82.7001953125,-7.4267578125
40.22613,9.2041015625,81.8701171875,-8.5009765625
40.2605298,8.4716796875,82.7001953125,-11.4794921875
40.28589,8.0322265625,81.9189453125,-14.7021484375
40.3267772,7.3974609375,82.2607421875,-18.9501953125
40.3472097,8.8134765625,80.9423828125,-22.6123046875
40.3841058,11.4501953125,81.3818359375,-27.4951171875
40.4055778,13.2080078125,80.4052734375,-31.7431640625
40.446089,14.1357421875,80.0146484375,-37.6025390625
40.466793,14.4775390625,80.0634765625,-41.5576171875
40.5044779,13.7939453125,80.6494140625,-36.2841796875
40.528007,13.1591796875,81.5283203125,-17.1435546875
40.5693903,12.3779296875,82.2607421875,1.7529296875
40.5888868,12.4267578125,82.7001953125,14.2041015625
40.6253083,12.2802734375,82.6025390625,16.1572265625
40.6452559,12.2314453125,82.9443359375,8.8818359375
40.686298,12.0849609375,82.2607421875,-1.0791015625
40.7066266,11.9873046875,81.9189453125,-11.7236328125
40.7466927,11.2548828125,82.4560546875,-18.5107421875
40.7673413,10.7666015625,82.1142578125,-20.5126953125
40.8042872,10.3759765625,81.9677734375,-20.6591796875
40.8252969,9.3994140625,81.9189453125,-18.8037109375
40.8664385,9.3017578125,81.1376953125,-19.3896484375
40.8863285,8.8623046875,81.4794921875,-21.0498046875
40.9234011,7.9833984375,81.3818359375,-24.0283203125
40.9483587,7.5927734375,80.3564453125,-28.0810546875
40.9865236,7.6904296875,80.9423828125,-32.8173828125
41.0064385,9.8876953125,80.0634765625,-37.3583984375
41.0478614,11.8408203125,79.7705078125,-42.1923828125
41.0680745,12.6708984375,78.9404296875,-46.0009765625
41.1043476,12.5244140625,79.0869140625,-48.6865234375
41.1278442,11.8408203125,79.4287109375,-39.6044921875
41.1686039,12.0849609375,80.7470703125,-19.3896484375
41.1886613,11.3525390625,81.2353515625,-1.9091796875
41.229053,11.2060546875,81.4306640625,3.8525390625
41.2483915,11.4501953125,81.1865234375,3.5107421875
41.2862583,11.8408203125,80.5029296875,-4.4482421875
41.3100046,11.0595703125,80.3076171875,-14.7998046875
41.352582,10.8642578125,80.6005859375,-22.9541015625
41.3739471,10.3271484375,80.5029296875,-27.8369140625
41.4110899,9.9365234375,80.6494140625,-28.9111328125
41.4328532,9.0576171875,80.1611328125,-28.2275390625
41.4778142,8.6181640625,80.5029296875,-27.4462890625
41.4978375,8.0322265625,79.6728515625,-29.7412109375
41.5349249,7.3486328125,79.3310546875,-31.2060546875
41.5549558,6.4697265625,79.1845703125,-35.4541015625
41.6037917,6.3232421875,78.9892578125,-38.6767578125
41.6238811,7.9345703125,78.3544921875,-41.6552734375
41.6418382,10.7177734375,78.0126953125,-46.9775390625
41.6678755,11.9873046875,77.8662109375,-51.3720703125
41.7092482,12.5732421875,77.2314453125,-56.2548828125
41.7291378,12.0849609375,77.9150390625,-55.1806640625
41.770391,12.3779296875,78.3544921875,-39.8974609375
41.7924405,11.5966796875,79.8193359375,-19.8291015625
41.8268293,10.3271484375,79.7705078125,-6.0107421875
41.8553071,10.4248046875,80.3076171875,1.3134765625
41.8903545,11.0107421875,80.4052734375,1.0693359375
41.9159536,11.4013671875,80.1611328125,-6.1083984375
41.9529597,11.3525390625,79.6728515625,-16.2158203125
41.9729919,10.8642578125,79.8193359375,-23.5888671875
42.0110457,10.5224609375,79.3310546875,-27.8857421875
42.0334557,10.4248046875,79.4287109375,-29.5947265625
42.0681138,9.5947265625,79.1357421875,-29.0576171875
42.0900102,9.4482421875,78.6962890625,-29.2041015625
42.1360172,8.8134765625,79.5263671875,-31.6455078125
42.1558625,8.2275390625,78.6962890625,-34.6240234375
42.1929102,7.2509765625,78.7939453125,-36.9189453125
42.213919,7.1533203125,78.3056640625,-41.3134765625
42.2519557,9.3505859375,78.7451171875,-45.4150390625
42.2752524,12.0361328125,77.7197265625,-49.2236328125
42.3151043,13.5986328125,77.3291015625,-53.6669921875
42.3380207,14.2333984375,77.0849609375,-58.0126953125
42.376857,14.0869140625,77.3291015625,-56.8896484375
42.3969229,13.5498046875,78.9892578125,-42.8759765625
42.4329433,13.0615234375,79.7216796875,-22.1728515625
42.4551375,11.9873046875,80.6005859375,-7.3779296875
42.4968002,12.2314453125,80.9912109375,-0.4931640625
42.5146279,12.3779296875,80.4541015625,0.5322265625
42.5545817,12.3779296875,81.0400390625,-4.1552734375
42.5757025,11.6943359375,79.9169921875,-13.3837890625
42.617387,11.7431640625,79.7216796875,-22.4169921875
42.6379954,11.4013671875,80.0146484375,-27.4951171875
42.6745558,10.8642578125,79.6728515625,-29.0087890625
42.6984658,10.7177734375,79.9169921875,-29.4970703125
42.7348275,9.5947265625,79.4775390625,-30.1318359375
42.7598717,9.2529296875,79.4287109375,-31.3525390625
42.7945776,8.0322265625,79.5263671875,-34.5263671875
42.8133723,7.3974609375,79.3310546875,-38.4814453125
42.8569807,7.3974609375,79.4775390625,-42.5341796875
42.875818,9.0087890625,78.9892578125,-46.3427734375
42.9209375,12.4267578125,78.6962890625,-50.8349609375
42.9379037,13.6962890625,78.3056640625,-55.8642578125
42.9797362,14.2333984375,77.4267578125,-61.4306640625
42.9999919,14.4775390625,77.3779296875,-64.2138671875
43.0349224,15.2587890625,78.7451171875,-58.7451171875
43.0569618,14.7705078125,79.6728515625,-41.2158203125
43.0980183,13.5498046875,80.1123046875,-23.7841796875
43.1184735,13.4521484375,80.5029296875,-12.5048828125
43.1611117,13.5498046875,81.1865234375,-8.3056640625
43.181408,13.7451171875,80.6494140625,-9.6240234375
43.2178292,12.7197265625,80.7958984375,-16.3134765625
43.2412267,12.5732421875,80.0146484375,-25.9326171875
43.2771112,11.6455078125,79.7216796875,-34.1845703125
43.3003838,11.5966796875,80.1123046875,-38.8720703125
43.3401487,10.9130859375,80.4541015625,-40.1416015625
43.3596243,9.7900390625,80.4052734375,-40.5810546875
43.3906156,9.4482421875,80.4541015625,-41.4599609375
43.4296118,8.9111328125,80.1123046875,-43.6572265625
43.4496473,7.8369140625,79.6728515625,-47.5634765625
43.491253,6.9580078125,79.3310546875,-52.3974609375
43.5129123,7.2021484375,79.0869140625,-56.4501953125
43.547564,9.3994140625,78.8427734375,-60.6005859375
43.573254,11.7431640625,78.1591796875,-65.3369140625
43.6102216,12.6708984375,78.5498046875,-69.1455078125
43.6294166,13.5009765625,77.2802734375,-74.9560546875
43.6646626,13.7451171875,77.4267578125,-78.3740234375
43.704331,13.5009765625,77.9638671875,-70.5615234375
43.7362679,12.1337890625,79.4775390625,-51.3720703125
43.7552785,11.5966796875,79.7705078125,-32.9150390625
43.7902277,11.4990234375,79.9658203125,-21.1962890625
43.8101949,11.0107421875,79.7705078125,-19.2919921875
43.8612854,11.2060546875,79.5751953125,-24.3701171875
43.8829634,10.5712890625,78.8427734375,-33.7939453125
43.9039405,10.5224609375,78.8427734375,-43.5107421875
43.9411973,9.8388671875,79.3798828125,-51.0302734375
43.963631,9.0576171875,79.2333984375,-53.5205078125
43.9965827,8.5693359375,79.1845703125,-54.2529296875
44.0241583,7.9833984375,79.2333984375,-54.2529296875
44.058617,7.5927734375,78.3544921875,-55.8154296875
44.0855853,6.4208984375,78.6962890625,-58.4033203125
44.1156336,5.6396484375,78.1591796875,-62.9443359375
44.1436419,4.7607421875,77.5244140625,-66.9970703125
44.1747198,4.5166015625,77.1826171875,-70.1708984375
44.2046482,6.6162109375,77.1337890625,-73.8818359375
44.2446591,9.2529296875,76.4990234375,-78.3251953125
44.2661459,10.8154296875,75.9619140625,-83.4521484375
44.2956524,11.6943359375,75.9130859375,-87.3583984375
44.3270547,11.4990234375,76.2060546875,-84.7216796875
44.3551162,10.8154296875,76.9873046875,-69.7802734375
44.4060933,9.6923828125,77.9638671875,-49.2236328125
44.4175767,9.2041015625,78.3056640625,-37.0166015625
44.4515387,8.9599609375,77.6708984375,-33.3056640625
44.4755067,9.6435546875,78.1103515625,-37.4560546875
44.5066324,9.6923828125,77.8173828125,-46.7333984375
44.5369024,9.3505859375,76.5966796875,-56.6943359375
44.5844133,9.1552734375,76.7919921875,-63.5302734375
44.5969078,8.5693359375,76.8896484375,-67.6318359375
44.6454102,8.0322265625,76.6943359375,-68.1201171875
44.6644355,7.5439453125,76.8408203125,-67.7783203125
44.6874322,7.3486328125,76.7919921875,-68.1689453125
44.7226122,6.4208984375,76.4990234375,-70.0244140625
44.7634649,5.6884765625,75.4736328125,-73.0029296875
44.7846517,5.3955078125,75.2294921875,-77.1533203125
44.808217,4.6142578125,75.1318359375,-81.4501953125
44.8567307,4.5654296875,74.8388671875,-84.2822265625
44.8776488,8.3251953125,74.0576171875,-88.9208984375
44.9166692,9.4482421875,74.1064453125,-93.8525390625
44.9306597,10.1806640625,73.9111328125,-96.4404296875
44.9747511,10.5712890625,74.8388671875,-89.9462890625
44.9945177,10.0341796875,75.8154296875,-72.8076171875
45.0457288,9.3017578125,76.1083984375,-56.5478515625
45.0674166,8.5205078125,76.7919921875,-46.8310546875
45.0812458,8.8134765625,76.2060546875,-45.4638671875
45.1277707,9.2041015625,75.6689453125,-48.5888671875
45.1472939,9.2041015625,74.9853515625,-57.2314453125
45.1869145,9.2041015625,74.9365234375,-66.1669921875
45.2073888,8.8134765625,74.7412109375,-71.6357421875
45.2451655,8.3740234375,74.4970703125,-74.0771484375
45.2663461,7.5439453125,74.9365234375,-73.5400390625
45.3054334,7.2021484375,74.7412109375,-74.7119140625
45.3261958,7.0556640625,74.8388671875,-75.1513671875
45.3658823,6.2744140625,74.3994140625,-78.3251953125
45.3882855,6.2255859375,74.3017578125,-80.9130859375
45.4235655,5.1025390625,73.4228515625,-85.0146484375
45.4536496,4.8583984375,73.2275390625,-88.1884765625
45.4706112,6.6162109375,72.0068359375,-91.9482421875
45.5033665,9.4482421875,72.2998046875,-95.9521484375
45.5312772,11.0107421875,71.9580078125,-100.1025390625
45.5743172,11.9384765625,72.8369140625,-97.7587890625
45.5943485,11.3037109375,73.4228515625,-83.7451171875
45.63446,11.4990234375,74.6923828125,-65.2392578125
45.6559326,10.0830078125,74.9853515625,-51.1767578125
45.7048783,9.9853515625,74.9365234375,-44.6337890625
45.7255301,9.5458984375,75.2783203125,-44.9755859375
45.7453668,9.6435546875,73.9111328125,-50.4931640625
45.7728491,9.8388671875,73.9111328125,-58.9404296875
45.8172029,9.5458984375,74.0087890625,-66.1669921875
45.8370438,9.2529296875,73.8623046875,-69.2431640625
45.8764886,8.7646484375,75.0830078125,-70.4638671875
45.897054,8.2275390625,74.7412109375,-69.0478515625
45.9360829,7.9345703125,75.0341796875,-70.0732421875
45.9579132,7.6416015625,74.3505859375,-70.9521484375
45.9936659,7.2998046875,73.9599609375,-73.7841796875
46.0146893,5.9814453125,74.3017578125,-76.6162109375
46.0563568,5.3466796875,73.1298828125,-78.6181640625
46.0763634,5.6884765625,72.8369140625,-81.5478515625
46.1185446,9.0087890625,72.5927734375,-84.0869140625
46.1375657,10.5224609375,72.6904296875,-88.7744140625
46.1751431,11.6455078125,72.1533203125,-90.5322265625
46.1961779,12.6220703125,73.5693359375,-78.4228515625
46.2375727,12.4755859375,74.4482421875,-60.2587890625
46.2589503,12.6708984375,75.4736328125,-43.7548828125
46.296575,11.1572265625,75.3759765625,-36.0400390625
46.3166735,10.6201171875,74.8876953125,-35.0634765625
46.3566788,10.9619140625,74.9365234375,-39.3603515625
46.376729,11.3525390625,74.3017578125,-47.7099609375
46.4162673,11.3525390625,74.7412109375,-55.8154296875
46.4356409,11.3525390625,74.9365234375,-60.3564453125
46.4766714,11.1572265625,75.2294921875,-61.9189453125
46.4959245,10.3759765625,75.2294921875,-62.3095703125
46.5403534,10.5224609375,74.9853515625,-63.0419921875
46.5603243,9.5947265625,74.9365234375,-64.2138671875
46.5977994,9.3017578125,74.5947265625,-67.6806640625
46.6184849,8.5693359375,74.2529296875,-71.1962890625
46.6614863,8.7158203125,74.3505859375,-74.7119140625
46.6810794,8.1298828125,73.9111328125,-78.0810546875
46.7195121,10.2294921875,73.7158203125,-81.9384765625
46.7419146,12.5244140625,73.0322265625,-86.1865234375
46.778528,14.3310546875,72.9833984375,-88.8720703125
46.8009768,15.0146484375,73.6181640625,-82.3779296875
46.8400533,15.2099609375,74.6923828125,-63.0419921875
46.8592774,15.0146484375,75.9619140625,-42.5830078125
46.8987021,14.1357421875,75.5712890625,-29.9853515625
46.919703,13.7939453125,76.0107421875,-27.5439453125
46.9602264,13.2080078125,75.6201171875,-33.0126953125
46.9806123,13.8427734375,75.1806640625,-41.8505859375
47.0188551,13.4521484375,74.9365234375,-52.1533203125
47.0404334,13.0126953125,74.6923828125,-58.3544921875
47.0801779,13.0126953125,75.4736328125,-61.8701171875
47.101791,12.9150390625,75.4736328125,-61.4306640625
47.1447802,12.0849609375,74.9365234375,-61.1865234375
47.1650295,11.2548828125,75.3759765625,-61.5283203125
47.2008079,11.0107421875,75.0341796875,-64.1650390625
47.2208306,11.0107421875,74.6435546875,-67.3876953125
47.2655069,10.0830078125,73.9111328125,-70.6591796875
47.2833022,9.6435546875,74.0087890625,-73.9306640625
47.3220323,9.6435546875,73.2763671875,-78.9599609375
47.3435077,12.7197265625,73.4228515625,-82.4267578125
47.384318,15.3564453125,72.8369140625,-86.3818359375
47.403399,15.6982421875,72.7880859375,-88.3349609375
47.4446964,15.7470703125,73.8134765625,-77.8369140625
47.465251,15.7958984375,75.5224609375,-56.0595703125
47.5031048,15.4052734375,75.0341796875,-39.6533203125
47.5244837,14.8193359375,75.0341796875,-32.2314453125
47.5647647,13.9892578125,75.4248046875,-34.5263671875
47.5869055,15.1611328125,74.6923828125,-43.1201171875
47.6243336,15.0146484375,74.9365234375,-53.3251953125
47.6455825,14.8681640625,74.3994140625,-62.6025390625
47.6819673,14.4775390625,75.1806640625,-65.9228515625
47.7052283,14.0380859375,74.2041015625,-66.0693359375
47.7472582,13.6962890625,74.3017578125,-64.7509765625
47.7672454,13.0615234375,74.1552734375,-64.7021484375
47.8044012,12.1337890625,74.1552734375,-65.9716796875
47.8243699,11.4990234375,73.4716796875,-67.5830078125
47.8666112,11.2060546875,73.6181640625,-70.0732421875
47.8870486,10.4736328125,73.2275390625,-73.3447265625
47.9265002,10.2783203125,73.0322265625,-76.7138671875
47.9455694,10.8642578125,72.3486328125,-81.4501953125
47.9870996,13.5009765625,72.5439453125,-84.1357421875
48.0056556,15.4541015625,71.7138671875,-85.3564453125
48.0460633,16.2353515625,72.4951171875,-73.1982421875
48.0680694,16.3330078125,73.7646484375,-52.6904296875
48.1084222,16.1865234375,74.1552734375,-37.4072265625
48.1272449,15.3076171875,74.0087890625,-30.7177734375
48.1702098,14.3310546875,74.0087890625,-32.6708984375
48.1887429,14.5751953125,73.7158203125,-40.0439453125
48.2274211,14.8193359375,73.3740234375,-50.4931640625
48.246901,14.8681640625,73.1787109375,-57.6220703125
48.2859688,14.7705078125,73.0810546875,-61.4306640625
48.3070018,14.0869140625,73.2275390625,-60.7958984375
48.3494133,13.5009765625,73.0810546875,-59.7705078125
48.3685208,12.8662109375,73.4228515625,-59.7705078125
48.409427,13.0126953125,72.5927734375,-61.6748046875
48.4284254,12.6708984375,72.8857421875,-64.3603515625
48.4707218,11.5966796875,72.1044921875,-66.9482421875
48.4902384,11.4501953125,72.1533203125,-69.0966796875
48.5292756,9.9853515625,71.0791015625,-72.4658203125
48.5492931,11.0595703125,71.5673828125,-76.4697265625
48.5916765,13.9892578125,71.2744140625,-79.3017578125
48.6080529,15.9912109375,71.3232421875,-75.6884765625
48.6519051,15.5517578125,72.8369140625,-58.8427734375
48.6679281,16.1376953125,73.4716796875,-38.0419921875
48.7107418,15.9423828125,73.5693359375,-24.4189453125
48.7314687,15.2587890625,73.3740234375,-19.4384765625
48.7703154,14.0380859375,73.6669921875,-22.4169921875
48.7907075,13.5009765625,73.2763671875,-29.9365234375
48.8298128,13.6962890625,72.6416015625,-39.4580078125
48.8542377,13.7939453125,73.2275390625,-45.7080078125
48.8931269,13.7939453125,72.7392578125,-48.5400390625
48.9101196,13.0615234375,72.5927734375,-48.1982421875
48.9391237,12.7197265625,73.1298828125,-48.0517578125
48.9721041,12.0361328125,72.9345703125,-47.7099609375
48.9980984,11.4013671875,72.5927734375,-50.1025390625
49.0330636,10.8154296875,72.6416015625,-52.5927734375
49.0711346,10.5224609375,72.0556640625,-55.8154296875
49.0933605,9.5947265625,72.0068359375,-58.6474609375
49.123368,9.4482421875,71.1767578125,-62.4560546875
49.1503668,10.6201171875,71.1767578125,-65.6298828125
49.1913588,13.2568359375,70.8837890625,-70.2197265625
49.2135681,14.7216796875,70.8349609375,-71.4892578125
49.2444294,15.3076171875,72.1533203125,-58.3544921875
49.2694132,15.9423828125,73.4716796875,-36.6259765625
49.3044167,15.2099609375,72.8857421875,-20.7568359375
49.3324324,14.7216796875,73.8623046875,-13.6279296875
49.3644262,13.6962890625,73.7158203125,-13.7255859375
49.3924221,13.8427734375,73.9599609375,-18.5107421875
49.4234273,14.1845703125,73.2763671875,-26.9091796875
49.4534336,13.5498046875,73.2275390625,-35.6982421875
49.4834274,14.0380859375,73.1298828125,-40.7763671875
49.515454,12.8662109375,73.6181640625,-42.4365234375
49.5444548,12.4267578125,73.4716796875,-43.1201171875
49.5745884,11.9384765625,73.9111328125,-42.6318359375
49.6034376,11.1572265625,73.4716796875,-47.1240234375
49.6346297,11.2060546875,73.2275390625,-52.9345703125
49.6634873,9.9853515625,73.0322265625,-56.4501953125
49.6960336,9.4970703125,72.6904296875,-59.6240234375
49.725429,9.3017578125,72.1044921875,-62.0654296875
49.7544199,9.5947265625,72.2998046875,-64.2138671875
49.8024214,12.0361328125,71.6650390625,-68.4619140625
49.8234021,14.3310546875,71.9580078125,-72.2216796875
49.8665951,15.0146484375,72.4951171875,-66.1669921875
49.8869777,15.8447265625,74.2529296875,-48.1494140625
49.9069959,15.6982421875,74.6435546875,-27.9345703125
49.9545523,14.8193359375,74.5947265625,-14.1650390625
49.9660142,13.7939453125,74.8876953125,-9.7216796875
49.9940371,13.3544921875,74.8876953125,-12.9931640625
50.0515147,13.2568359375,74.7412109375,-21.4892578125
50.0730469,13.3544921875,73.9111328125,-31.5478515625
50.0850593,13.0615234375,74.3017578125,-37.8466796875
50.1340834,12.8173828125,74.8876953125,-41.6552734375
50.1549004,12.3779296875,74.3994140625,-43.1689453125
50.1788997,11.4013671875,74.6435546875,-43.5107421875
50.2077766,11.0595703125,74.2041015625,-43.2177734375
50.2588347,11.0595703125,74.2041015625,-44.1943359375
50.2910779,10.3271484375,73.6669921875,-47.6123046875
50.2969146,9.5458984375,74.1064453125,-52.7392578125
50.3542664,8.8623046875,73.8134765625,-59.0380859375
50.3752479,8.5693359375,73.6181640625,-62.1630859375
50.3881054,9.8876953125,73.1787109375,-66.4599609375
50.4351742,12.6220703125,72.7392578125,-69.8779296875
50.4662629,13.8427734375,72.2998046875,-74.4677734375
50.4791427,13.9892578125,72.0068359375,-76.0302734375
50.5244068,14.2333984375,73.0322265625,-62.5048828125
50.5472687,13.6474609375,74.6435546875,-39.0673828125
50.568806,13.0126953125,74.5458984375,-19.8291015625
50.6023169,11.4990234375,75.0341796875,-12.8466796875
50.6460866,11.6455078125,75.5224609375,-14.3115234375
50.6660463,11.0595703125,74.7412109375,-22.1240234375
50.7155317,11.9873046875,74.6923828125,-32.4267578125
50.748804,11.2548828125,74.6435546875,-42.9736328125
50.7549189,11.0595703125,74.6923828125,-49.1748046875
50.7958045,10.1806640625,74.6435546875,-50.6884765625
50.8169058,9.6435546875,74.5458984375,-48.3935546875
50.8378874,9.0576171875,74.7412109375,-48.7841796875
50.8882368,8.5205078125,74.4482421875,-49.0283203125
50.9084605,8.4228515625,74.1064453125,-51.6162109375
50.9418728,7.4951171875,73.7646484375,-54.0576171875
50.9636965,7.1533203125,73.6181640625,-57.2802734375
51.0026803,6.1767578125,73.1787109375,-61.8701171875
51.0237177,6.1279296875,72.9833984375,-65.4833984375
51.0637293,8.6181640625,72.7880859375,-70.9033203125
51.0858958,10.4248046875,71.7138671875,-73.9794921875
51.1253768,11.8408203125,71.3232421875,-77.2998046875
51.1477594,11.8896484375,72.7880859375,-69.4873046875
51.1862968,11.6943359375,73.3251953125,-47.7587890625
51.2073666,11.9873046875,75.0830078125,-27.9345703125
51.2453225,10.9130859375,74.7412109375,-17.6318359375
51.2668503,9.6923828125,74.8876953125,-17.3388671875
51.3036429,10.2783203125,74.3994140625,-23.1982421875
51.3254983,10.2294921875,74.0087890625,-33.1591796875
51.3778307,10.1806640625,74.0576171875,-43.4130859375
51.4080932,9.4970703125,74.1064453125,-48.5400390625
51.4094005,9.7412109375,74.4482421875,-50.3955078125
51.4570493,9.1064453125,74.0576171875,-50.5908203125
51.476968,8.6669921875,74.1552734375,-49.6630859375
51.5176168,8.3740234375,73.5693359375,-50.3955078125
51.5366262,7.4462890625,73.3251953125,-53.2763671875
51.5758948,6.7626953125,73.1298828125,-56.7919921875
51.5974709,7.0068359375,72.8857421875,-59.5263671875
51.636447,5.7373046875,72.6416015625,-64.3603515625
51.6573907,5.6396484375,72.2998046875,-67.0947265625
51.699269,6.7626953125,71.7626953125,-70.5615234375
51.7197049,8.5693359375,71.5185546875,-75.2001953125
51.7631198,10.7666015625,71.4208984375,-78.3251953125
51.7759383,11.3037109375,71.6162109375,-74.8095703125
51.8210331,10.7177734375,73.5693359375,-57.0849609375
51.8412337,10.4248046875,74.0087890625,-35.4052734375
51.8815048,9.3994140625,74.3505859375,-22.3681640625
51.9005105,8.8623046875,73.7646484375,-18.2666015625
51.9411557,8.8134765625,74.1064453125,-20.8544921875
51.9597331,8.6669921875,73.7646484375,-26.7626953125
52.0021797,8.4716796875,73.4716796875,-37.6025390625
52.0211879,8.4716796875,73.7158203125,-45.6591796875
52.0612002,8.6181640625,73.6669921875,-48.6865234375
52.0802952,8.0810546875,73.8134765625,-48.6865234375
52.1207116,8.0810546875,73.5693359375,-47.6123046875
52.1421417,7.2998046875,74.0576171875,-46.7822265625
52.1791102,6.5185546875,73.4716796875,-49.7607421875
52.2013542,5.9814453125,73.0322265625,-52.3974609375
52.2403584,5.4931640625,72.5439453125,-57.3779296875
52.2626598,4.9560546875,72.2998046875,-59.7216796875
52.3004854,4.9072265625,72.0068359375,-63.4814453125
52.3209902,4.0283203125,71.6162109375,-67.8271484375
52.3607664,7.3974609375,71.1767578125,-71.8798828125
52.3819919,9.3017578125,70.7861328125,-75.1513671875
52.4220597,10.5224609375,70.9326171875,-75.6884765625
52.4434464,10.6201171875,71.4208984375,-65.8251953125
52.4804946,10.5224609375,72.4462890625,-44.4384765625
52.5024914,10.2783203125,73.0810546875,-24.3701171875
52.5420151,9.3994140625,73.6669921875,-13.8720703125
52.5620835,8.7158203125,73.1787109375,-12.4560546875
52.6061059,9.4482421875,72.9833984375,-17.0458984375
52.6240847,9.2529296875,72.7392578125,-25.3466796875
52.6661229,9.1552734375,72.5927734375,-35.5517578125
52.6851484,9.1064453125,73.2275390625,-42.3388671875
52.7233698,8.7646484375,73.2763671875,-45.0732421875
52.7510469,8.5205078125,72.9345703125,-43.2666015625
52.7954949,7.7392578125,72.9833984375,-42.5341796875
52.8159129,7.2509765625,72.4951171875,-43.5595703125
52.8333873,6.9580078125,72.0068359375,-46.4892578125
52.8744235,6.0791015625,72.4951171875,-48.7353515625
52.8953941,5.9326171875,71.2744140625,-52.6904296875
52.9374844,5.4443359375,71.1767578125,-56.1083984375
52.957505,4.5654296875,70.5908203125,-59.3798828125
53.0016722,5.3466796875,70.2490234375,-63.8720703125
53.021675,8.4716796875,70.0537109375,-68.3642578125
53.0585618,10.2294921875,69.4677734375,-73.8818359375
53.0746282,11.2548828125,69.4677734375,-75.9326171875
53.1145036,11.5966796875,70.3466796875,-67.6806640625
53.1345545,11.9384765625,71.3720703125,-46.4892578125
53.1768005,11.1572265625,71.6650390625,-24.4189453125
53.2080459,9.8388671875,72.3486328125,-12.1142578125
53.227028,9.5947265625,72.6416015625,-10.0634765625
53.2660395,10.0341796875,72.0068359375,-15.6298828125
53.2868918,10.0830078125,71.5185546875,-24.8095703125
53.3263442,9.9853515625,71.3720703125,-35.4541015625
53.3465743,9.6435546875,71.3720703125,-42.2900390625
53.387372,9.5458984375,71.3720703125,-45.1220703125
53.4078328,9.3017578125,71.3232421875,-44.7314453125
53.4484358,8.7158203125,71.1279296875,-44.2431640625
53.4692404,7.7880859375,71.1279296875,-44.5849609375
53.5083084,7.8857421875,70.1513671875,-46.9287109375
53.529813,7.1533203125,70.2978515625,-49.6630859375
53.5669097,6.1279296875,70.1025390625,-53.9111328125
53.5881252,6.3232421875,69.2724609375,-57.3291015625
53.6287151,5.4931640625,69.2724609375,-62.2607421875
53.6496699,5.7861328125,68.0029296875,-66.8017578125
53.6903215,8.0322265625,68.4912109375,-70.9033203125
53.706772,10.5224609375,68.1494140625,-75.6884765625
53.7512472,12.2314453125,68.1982421875,-77.2509765625
53.7698358,12.4267578125,68.9794921875,-62.1630859375
53.8096848,12.4755859375,69.9072265625,-37.0166015625
53.8297773,12.3291015625,70.5419921875,-18.1689453125
53.857657,10.7666015625,70.5908203125,-11.5771484375
53.9009911,10.3271484375,70.5419921875,-15.7275390625
53.9227516,10.4736328125,69.5654296875,-24.2236328125
53.9626447,10.7177734375,68.3935546875,-36.2353515625
53.9801557,11.0595703125,68.8818359375,-45.3173828125
54.0081139,10.6689453125,69.5654296875,-51.3232421875
54.0571026,10.5712890625,69.8583984375,-50.2001953125
54.0690922,10.2294921875,69.7119140625,-48.5888671875
54.1201227,9.7412109375,69.7607421875,-48.2470703125
54.1270159,9.0087890625,68.9306640625,-49.5654296875
54.1831137,8.7158203125,68.2470703125,-52.1044921875
54.1889272,8.4228515625,68.1494140625,-55.6201171875
54.2314478,7.2998046875,68.1494140625,-59.6728515625
54.2509601,6.6650390625,67.4169921875,-63.0908203125
54.2944616,6.4697265625,66.9775390625,-67.1435546875
54.3074557,6.9091796875,67.2216796875,-72.6611328125
54.3524874,10.0341796875,66.2939453125,-75.8349609375
54.368857,13.5009765625,66.4892578125,-75.1513671875
54.4024383,15.8935546875,67.3193359375,-56.4501953125
54.4300185,15.6982421875,68.3447265625,-32.6220703125
54.4733812,13.4521484375,69.4189453125,-16.9970703125
54.4918226,13.1103515625,68.8330078125,-13.3349609375
54.521424,11.6455078125,69.4189453125,-18.1689453125
54.5630073,11.1083984375,68.0029296875,-27.4462890625
54.5809019,11.3037109375,67.6123046875,-38.9697265625
54.6109134,11.3037109375,68.0517578125,-47.1240234375
54.6429296,11.5966796875,67.8564453125,-52.2509765625
54.6718631,10.9619140625,67.7099609375,-50.9814453125
54.7015195,10.1806640625,68.0517578125,-50.3955078125
54.7329137,9.8876953125,67.6123046875,-49.2236328125
54.7629547,9.2041015625,67.8076171875,-51.5185546875
54.7939205,8.5205078125,67.1728515625,-54.3017578125
54.8249077,7.8857421875,67.1240234375,-57.6220703125
54.8534049,7.1533203125,66.5869140625,-61.6259765625
54.8819475,6.9091796875,66.3427734375,-65.4833984375
54.9149938,6.4697265625,66.2451171875,-70.2197265625
54.9419409,6.9580078125,65.3662109375,-74.6142578125
54.9765547,9.7412109375,65.6591796875,-75.6396484375
55.0039819,11.8408203125,66.7822265625,-61.5283203125
55.0319374,12.7197265625,67.9052734375,-36.8212890625
55.0830271,12.3779296875,68.7841796875,-18.2666015625
55.1030702,12.0849609375,68.8330078125,-11.0888671875
55.1230908,11.3037109375,69.0771484375,-13.0419921875
55.1731135,10.2783203125,68.3447265625,-19.5849609375
55.1941208,10.0830078125,67.9541015625,-29.9365234375
55.2181014,10.2294921875,67.8564453125,-39.7509765625
55.2622989,9.9365234375,68.1982421875,-45.0732421875
55.2840995,9.0576171875,68.4912109375,-45.1708984375
55.3241496,8.8134765625,68.1494140625,-44.5849609375
55.3451112,8.7158203125,68.8330078125,-43.4619140625
55.3687023,7.8857421875,67.9052734375,-45.1708984375
55.3970561,7.3486328125,67.4658203125,-48.1005859375
55.4241179,6.7138671875,67.4169921875,-51.0302734375
55.4541419,6.3232421875,67.4169921875,-55.2294921875
55.4881251,5.4443359375,66.9775390625,-58.4033203125
55.5142116,4.6630859375,66.5869140625,-62.8955078125
55.5502035,4.3212890625,66.0009765625,-67.6318359375
55.5772341,7.1044921875,66.5380859375,-71.1962890625
55.6077402,8.7158203125,67.1240234375,-62.4560546875
55.6386002,9.7412109375,68.1494140625,-37.5537109375
55.6651247,10.4736328125,68.9306640625,-15.3857421875
55.6961225,10.0341796875,69.5166015625,-2.2998046875
55.7297632,9.4970703125,69.4677734375,0.3857421875
55.7570952,8.4716796875,69.6630859375,-3.8134765625
55.785984,7.9833984375,69.1748046875,-11.5283203125
55.8196214,8.0322265625,69.3701171875,-22.3193359375
55.8471046,8.4716796875,69.4677734375,-31.0595703125
55.8792179,8.0810546875,68.9794921875,-33.7451171875
55.9252346,7.3486328125,69.5166015625,-33.3544921875
55.945226,6.8603515625,70.2490234375,-31.9873046875
55.9841481,6.6162109375,69.5166015625,-32.1826171875
56.0030625,5.8349609375,69.1259765625,-33.3544921875
56.0454419,5.2001953125,68.9306640625,-36.9677734375
56.0643466,4.5654296875,69.1259765625,-40.4345703125
56.102622,3.6376953125,68.5400390625,-43.3154296875
56.1226171,3.2470703125,68.1005859375,-48.8818359375
56.1646883,2.6123046875,67.6611328125,-52.3486328125
56.1847158,3.4912109375,67.5146484375,-56.9384765625
56.2261282,7.0556640625,68.8330078125,-57.3779296875
56.2465694,8.4716796875,69.5166015625,-41.2646484375
56.2860549,9.0087890625,70.3466796875,-15.2392578125
56.3049727,9.3017578125,71.6650390625,4.3896484375
56.3469826,8.3740234375,72.5439453125,15.6689453125
56.3669792,8.4716796875,72.4951171875,16.6455078125
56.4076266,7.2998046875,72.3974609375,13.1298828125
56.4282544,6.9580078125,72.1044921875,3.5107421875
56.4610962,7.9345703125,72.1533203125,-5.6201171875
56.4831294,7.5439453125,72.6416015625,-11.4794921875
56.5268517,7.5927734375,72.5439453125,-14.0185546875
56.5456048,6.5673828125,72.8369140625,-14.3603515625
56.5886353,6.6162109375,73.0322265625,-12.9931640625
56.6102429,5.9814453125,72.6416015625,-14.0185546875
56.6491648,5.2978515625,72.5927734375,-16.8994140625
56.6678065,4.9560546875,71.8603515625,-20.6103515625
56.7091659,3.6376953125,72.0556640625,-25.2978515625
56.7308527,3.8818359375,71.4697265625,-29.4970703125
56.7677879,3.0029296875,71.4208984375,-33.9404296875
56.7901408,3.0517578125,71.4697265625,-37.6025390625
56.8295433,5.3466796875,71.8603515625,-43.3642578125
56.8514829,7.9833984375,70.7861328125,-47.5634765625
56.8914911,9.1064453125,71.6650390625,-41.8017578125
56.9105178,9.9853515625,72.6416015625,-20.0244140625
56.9479502,9.6435546875,74.3505859375,4.5849609375
56.9688206,9.7412109375,74.2529296875,19.4287109375
57.0087511,9.5947265625,75.1318359375,24.7509765625
57.0292496,8.3740234375,74.7900390625,23.5791015625
57.0645176,8.3251953125,74.9853515625,16.4501953125
57.0859743,8.1298828125,75.2294921875,6.2939453125
57.131945,8.9599609375,74.8388671875,-2.4951171875
57.151897,9.2041015625,75.8642578125,-7.9150390625
57.1863726,8.3740234375,74.7900390625,-8.2568359375
57.2084133,7.7880859375,75.5224609375,-7.1337890625
57.2483663,7.2998046875,75.9619140625,-7.0849609375
57.2684058,6.4208984375,75.2783203125,-8.8916015625
57.3086636,6.5673828125,74.9365234375,-12.1630859375
57.3314137,5.4443359375,75.0341796875,-15.2392578125
57.3739386,5.5908203125,74.8388671875,-20.5126953125
57.3932544,5.1513671875,74.5458984375,-23.9794921875
57.4309465,4.1748046875,74.2041015625,-28.7646484375
57.4524178,5.0537109375,73.5693359375,-33.3544921875
57.4915176,7.1533203125,72.9345703125,-37.7490234375
57.5123337,9.3994140625,73.5205078125,-40.1416015625
57.5502663,11.2060546875,74.3505859375,-28.6669921875
57.5704796,11.4501953125,76.0595703125,-2.2998046875
57.6085457,11.3525390625,76.7919921875,19.5751953125
57.6297678,11.0595703125,76.4501953125,30.6591796875
57.6728495,10.5712890625,76.9384765625,30.9033203125
57.6922555,9.8388671875,76.7919921875,23.3837890625
57.7292514,9.6435546875,76.1572265625,11.5185546875
57.7477586,9.9853515625,75.9619140625,-0.2001953125
57.7932559,10.0830078125,76.0107421875,-7.3779296875
57.8131109,9.4970703125,76.3525390625,-8.8916015625
57.8533107,9.2041015625,76.4990234375,-6.7919921875
57.8747175,8.8623046875,76.2060546875,-6.0107421875
57.9256627,8.4716796875,76.1083984375,-6.7919921875
57.9573602,7.7392578125,75.7177734375,-9.6240234375
57.9605553,7.4951171875,75.6201171875,-12.9931640625
58.0077944,6.6162109375,75.1806640625,-17.2900390625
58.0362418,5.5908203125,74.9853515625,-22.2705078125
58.0517959,4.8095703125,74.3505859375,-26.1279296875
58.0942865,4.5166015625,73.9599609375,-31.4990234375
58.1153066,6.0302734375,73.4228515625,-36.5283203125
58.1563219,8.3740234375,73.5693359375,-39.7998046875
58.1764313,9.8388671875,73.5205078125,-34.7216796875
58.2159444,11.0107421875,75.3759765625,-9.0380859375
58.2359718,10.9130859375,75.7666015625,16.6455078125
58.2755043,10.4736328125,75.5224609375,29.8779296875
58.2966811,10.3759765625,75.8154296875,28.9990234375
58.3365861,9.3994140625,76.0107421875,19.9169921875
58.3572851,9.3017578125,75.4736328125,6.5869140625
58.3990221,9.3017578125,74.8388671875,-8.6474609375
58.4197419,9.3505859375,74.6435546875,-15.8740234375
58.4573929,9.6435546875,74.9365234375,-17.3388671875
58.4773311,9.3017578125,74.8388671875,-14.2626953125
58.5164229,8.9599609375,75.0830078125,-12.8466796875
58.5363916,8.1787109375,74.6435546875,-13.2373046875
58.5744447,7.5927734375,74.3505859375,-15.1416015625
58.596024,7.6904296875,74.1064453125,-18.4130859375
58.6370953,6.9091796875,74.0576171875,-23.3935546875
58.6570904,5.2001953125,73.6669921875,-27.8857421875
58.6991298,5.0048828125,73.0322265625,-32.4755859375
58.717142,4.6630859375,72.3486328125,-37.7490234375
58.7572028,4.0283203125,72.1533203125,-43.0224609375
58.7782052,6.4208984375,71.3232421875,-45.1220703125
58.8191713,8.5205078125,72.3974609375,-31.4990234375
58.8402305,9.6435546875,73.6669921875,-3.7646484375
58.8771551,9.6435546875,73.8623046875,16.8408203125
58.8971965,9.5458984375,73.8623046875,24.4091796875
58.9401164,9.4482421875,73.4716796875,19.7216796875
58.9611855,8.6669921875,72.9345703125,8.4423828125
59.0032358,8.0810546875,71.8603515625,-4.5458984375
59.0161361,8.4716796875,72.1044921875,-15.8740234375
59.0591535,8.4716796875,72.2021484375,-20.2685546875
59.075119,8.5693359375,72.3486328125,-20.2685546875
59.1091851,8.2275390625,72.6416015625,-18.0224609375
59.151333,7.2021484375,71.1767578125,-17.5830078125
59.1622488,7.2998046875,71.4697265625,-19.2919921875
59.2112504,6.5185546875,70.6884765625,-21.7822265625
59.2272411,6.0302734375,70.7373046875,-24.8583984375
59.2731584,5.1025390625,69.8095703125,-29.6923828125
59.289243,4.6630859375,69.9560546875,-33.8916015625
59.3322215,3.8818359375,68.5888671875,-38.7744140625
59.3491994,3.8330078125,68.8330078125,-44.2919921875
59.3781864,3.9306640625,69.0771484375,-48.0517578125
59.4101825,6.6650390625,69.4677734375,-38.9208984375
59.4381895,8.5693359375,70.4443359375,-12.6513671875
59.4831679,8.7158203125,70.8837890625,12.2021484375
59.4961854,8.8134765625,70.9814453125,25.5810546875
59.5422776,8.5205078125,70.9326171875,26.6552734375
59.561221,8.1787109375,71.0791015625,20.3564453125
59.5911911,7.0068359375,70.4443359375,9.2236328125
59.6192581,6.8115234375,69.9072265625,-2.4951171875
59.6491965,7.7880859375,70.2001953125,-10.6982421875
59.6812004,7.3974609375,69.8095703125,-13.2861328125
59.7091903,7.0068359375,70.1513671875,-12.0654296875
59.7422202,7.5439453125,69.7119140625,-10.2587890625
59.7701958,7.2509765625,68.9306640625,-11.0400390625
59.8001956,6.6162109375,69.1259765625,-12.7978515625
59.8412063,5.9326171875,68.5400390625,-16.6064453125
59.8612579,5.3466796875,68.7841796875,-20.1708984375
59.891267,4.8095703125,67.8564453125,-24.6142578125
59.9331992,4.0283203125,67.2705078125,-29.6923828125
59.9503459,3.9794921875,66.5380859375,-34.8681640625
59.9812122,3.4423828125,66.9775390625,-39.4091796875
60.0132861,5.2490234375,67.7099609375,-33.6474609375
60.0412289,7.9833984375,68.2958984375,-9.1845703125
60.0702463,9.1064453125,68.7353515625,15.9130859375
60.1032199,9.3994140625,68.5400390625,31.1474609375
60.1312615,9.1064453125,69.7607421875,35.2978515625
60.1592656,9.4970703125,68.9306640625,31.3916015625
60.1933485,9.0576171875,68.8818359375,23.3837890625
60.2202966,7.8369140625,68.6376953125,11.0302734375
60.2532225,8.0810546875,68.6865234375,2.4853515625
60.2822963,7.9833984375,69.1259765625,-2.0068359375
60.3112651,8.1787109375,69.1259765625,-1.1279296875
60.3432456,7.5927734375,68.5400390625,-0.3955078125
60.373314,7.4951171875,68.8330078125,-0.1025390625
60.4072993,6.7138671875,67.8564453125,-1.9580078125
60.4352646,6.4208984375,66.8310546875,-5.2294921875
60.4622574,5.4931640625,67.0263671875,-8.7939453125
60.4913004,5.1513671875,66.9775390625,-13.8720703125
60.5243613,5.1025390625,66.4892578125,-18.1689453125
60.5532419,4.3212890625,65.9521484375,-22.6123046875
60.5872722,3.8330078125,65.6591796875,-27.4951171875
60.6142814,5.1025390625,66.2939453125,-25.5908203125
60.6423383,7.7392578125,67.4658203125,-5.6201171875
60.6762969,9.4970703125,67.6611328125,20.1123046875
60.7062722,10.1318359375,68.6865234375,36.7138671875
60.738243,10.5712890625,68.1005859375,43.6474609375
60.766367,10.4736328125,68.4912109375,41.4501953125
60.7962898,9.8388671875,68.2958984375,34.1259765625
60.8233082,8.4716796875,67.6611328125,23.5791015625
60.8552671,8.3740234375,67.8564453125,13.4716796875
60.885252,8.4716796875,67.1240234375,7.9052734375
60.9162679,8.9599609375,67.8076171875,7.1728515625
60.9463364,8.6181640625,67.9052734375,7.8564453125
60.9742717,8.2275390625,67.7099609375,8.2470703125
61.0074051,7.2998046875,67.2705078125,6.3427734375
61.0403486,6.8115234375,65.9521484375,2.8271484375
61.086325,6.3720703125,66.0498046875,-0.9814453125
61.106329,6.2255859375,66.2451171875,-4.5458984375
61.1273568,5.4931640625,65.3662109375,-8.5498046875
61.1573652,4.7607421875,65.7568359375,-13.4814453125
61.2163528,4.4677734375,65.0732421875,-19.0966796875
61.2181407,4.6630859375,64.9267578125,-20.7568359375
61.2493763,7.6416015625,66.0986328125,-7.3779296875
61.2763165,8.9599609375,66.9775390625,18.4521484375
61.3243022,10.3759765625,67.3193359375,38.7646484375
61.3432818,10.4736328125,67.1240234375,46.3330078125
61.3853011,10.3271484375,66.8798828125,44.6240234375
61.4042122,9.7900390625,66.3427734375,37.6904296875
61.4447924,8.7158203125,65.8544921875,25.4345703125
61.4636537,8.6181640625,66.2451171875,13.6181640625
61.5057958,8.4228515625,66.3427734375,8.0029296875
61.5206898,8.5693359375,66.5869140625,7.9541015625
61.5638198,8.6181640625,66.2451171875,10.6884765625
61.5847511,7.8369140625,66.5869140625,11.0302734375
61.6247257,7.3486328125,65.9033203125,10.0537109375
61.6447275,6.7626953125,65.5615234375,6.5380859375
61.6874967,6.8603515625,65.4638671875,3.6083984375
61.7082131,6.6650390625,65.2197265625,-1.0791015625
61.7432732,6.0302734375,64.3896484375,-4.5947265625
61.7631199,5.2978515625,64.3896484375,-9.4775390625
61.8051564,4.7119140625,64.0966796875,-14.9462890625
61.8256606,4.3212890625,64.1455078125,-17.2412109375
61.8689803,5.6884765625,65.2197265625,-4.2041015625
61.8896749,8.3740234375,65.6591796875,21.5283203125
61.9247749,9.6923828125,65.9033203125,40.3271484375
61.9469092,10.0830078125,66.4404296875,45.5517578125
61.9829465,10.0830078125,66.3916015625,41.4501953125
62.00377,9.5458984375,65.7568359375,31.3916015625
62.0479005,8.7646484375,65.2685546875,17.3291015625
62.0689184,8.2763671875,65.3662109375,7.5146484375
62.1071439,8.6181640625,65.8544921875,3.4130859375
62.1272142,8.3740234375,65.4150390625,4.4873046875
62.1682719,8.6181640625,66.0009765625,6.9287109375
62.1889807,8.0322265625,65.4150390625,7.1728515625
62.2265371,7.4462890625,65.1220703125,5.5126953125
62.2453763,7.4951171875,64.6337890625,1.6064453125
62.2705962,6.6162109375,64.2919921875,-1.7626953125
62.3056796,6.9091796875,63.9013671875,-5.6201171875
62.3494765,6.4697265625,63.1689453125,-10.2099609375
62.3693885,5.2490234375,63.6083984375,-15.9716796875
62.3913424,5.1025390625,63.1689453125,-19.3896484375
62.4218523,4.4677734375,63.5595703125,-14.1650390625
62.4515319,6.2255859375,64.7802734375,5.4638671875
62.5033951,8.4228515625,64.9755859375,27.2900390625
62.5208245,9.1552734375,65.1708984375,36.9580078125
62.5609827,9.5458984375,65.6591796875,36.5185546875
62.5814126,9.6435546875,65.2197265625,28.8037109375
62.6186043,9.1552734375,64.4384765625,16.1083984375
62.6393454,8.4228515625,64.2919921875,4.4384765625
62.6643654,8.4228515625,65.0732421875,-2.0068359375
62.6953401,8.0810546875,64.1455078125,-2.7392578125
62.740537,8.4716796875,64.2919921875,-0.8349609375
62.7604428,8.5205078125,64.7314453125,-0.3955078125
62.8023691,8.2275390625,63.9990234375,-2.4462890625
62.8234023,7.8857421875,63.9013671875,-4.9365234375
62.8614552,7.5927734375,64.1943359375,-8.9892578125
62.881623,6.8603515625,63.8525390625,-13.8720703125
62.9073826,6.6162109375,63.7548828125,-17.9736328125
62.93645,6.4208984375,63.3154296875,-23.4423828125
62.9845301,6.2255859375,63.3154296875,-27.3486328125
63.00331,5.3466796875,64.3408203125,-23.8330078125
63.0414181,5.4443359375,64.9755859375,-3.3740234375
63.0614252,7.5927734375,65.0732421875,16.9384765625
63.1054985,9.3017578125,65.3173828125,30.5126953125
63.1264266,10.1318359375,65.8544921875,33.5400390625
63.1615166,10.4736328125,65.6591796875,29.6337890625
63.18241,9.8388671875,65.5126953125,20.3564453125
63.2234606,9.1064453125,64.8291015625,8.5400390625
63.2434673,8.4228515625,65.2685546875,0.3857421875
63.2814898,8.1787109375,65.5615234375,-2.4462890625
63.3024274,8.8623046875,65.1220703125,-1.6650390625
63.3476192,8.2763671875,65.4150390625,-1.1279296875
63.3675505,8.6181640625,65.0244140625,-1.3720703125
63.403489,8.3740234375,64.4384765625,-2.8857421875
63.4234192,7.9345703125,64.6826171875,-7.2314453125
63.4655291,7.1533203125,64.7802734375,-10.7470703125
63.4853763,7.1044921875,64.0478515625,-14.3603515625
63.5375024,6.0302734375,64.1455078125,-18.2177734375
63.538711,6.0791015625,64.0966796875,-23.5888671875
63.6035126,5.2490234375,64.1943359375,-25.3466796875
63.6046851,4.8583984375,64.8779296875,-12.2607421875
63.6304772,7.4462890625,65.8056640625,10.2490234375
63.6755573,9.2529296875,66.3427734375,27.1435546875
63.6954393,10.1806640625,66.6357421875,36.3720703125
63.7366133,10.3759765625,66.7333984375,37.5927734375
63.7566114,10.0830078125,67.0263671875,34.4189453125
63.796648,10.6689453125,66.8310546875,25.5322265625
63.8175557,10.1318359375,66.7822265625,16.8408203125
63.8576858,9.6435546875,67.5634765625,10.3466796875
63.8776063,9.8876953125,67.0263671875,8.4912109375
63.9177371,9.6923828125,67.2216796875,8.4423828125
63.9367843,9.7412109375,67.6611328125,9.4677734375
63.9808325,9.3994140625,67.4169921875,8.3447265625
63.9928657,9.4482421875,67.0263671875,5.7080078125
64.0378554,8.9599609375,67.1240234375,2.5830078125
64.0568907,8.1298828125,66.8798828125,-0.9814453125
64.0998909,7.6904296875,65.9521484375,-5.7666015625
64.1197703,7.6416015625,66.2451171875,-9.2333984375
64.1599238,6.8115234375,66.0009765625,-14.6533203125
64.1788827,6.3720703125,66.3427734375,-17.5341796875
64.2199798,6.9091796875,66.9287109375,-8.3056640625
64.2399746,9.5458984375,67.5634765625,13.1298828125
64.2800362,11.0107421875,68.2470703125,31.3427734375
64.3001565,12.3779296875,68.9306640625,43.6474609375
64.3241743,12.3291015625,69.1259765625,45.5029296875
64.3691097,12.5244140625,68.3935546875,44.0380859375
64.3891819,12.6708984375,68.5400390625,35.1513671875
64.4294132,12.2314453125,68.5400390625,25.4833984375
64.4430159,11.4990234375,68.7841796875,17.6708984375
64.4772671,11.2548828125,68.9306640625,14.4482421875
64.5217683,12.2314453125,69.1748046875,14.7412109375
64.5386668,11.8896484375,69.3212890625,15.8642578125
64.5796949,11.8408203125,69.0771484375,15.4248046875
64.6004623,11.3525390625,68.7353515625,12.4462890625
64.6520739,11.0595703125,68.7841796875,8.3447265625
64.6824205,10.5712890625,68.6865234375,5.3662109375
64.6851603,10.1806640625,68.3447265625,1.1669921875
64.7173322,9.7412109375,68.1005859375,-2.4462890625
64.7468411,9.5458984375,67.2705078125,-7.5244140625
64.7763545,9.0087890625,67.0751953125,-11.8701171875
64.8234089,8.9111328125,66.9287109375,-14.3603515625
64.855411,11.7919921875,67.7099609375,-7.6220703125
64.8701855,13.8916015625,68.6865234375,13.7158203125
64.8991861,14.7216796875,68.8818359375,34.4189453125
64.9442363,15.4052734375,69.0771484375,46.6259765625
64.959229,15.4052734375,69.2724609375,48.6767578125
64.9882387,15.4052734375,69.3212890625,43.3056640625
65.0352415,15.5029296875,68.8330078125,34.7607421875
65.0502408,14.6728515625,68.8330078125,23.8720703125
65.0922433,14.7705078125,68.4423828125,16.2060546875
65.1122487,15.0634765625,68.9306640625,13.8134765625
65.1413045,15.1611328125,69.5654296875,14.4482421875
65.1693919,15.1611328125,69.3212890625,15.9130859375
65.2142004,14.8193359375,68.9306640625,15.5224609375
65.2290742,13.9892578125,69.0771484375,12.6904296875
65.2581805,13.7451171875,68.6865234375,8.5400390625
65.2920997,12.2802734375,68.3935546875,4.8779296875
65.3212397,12.6708984375,68.4423828125,0.2880859375
65.3482198,11.4501953125,67.9541015625,-3.7646484375
65.3962558,11.6943359375,67.0751953125,-8.7451171875
65.4092862,11.2548828125,67.2216796875,-13.6767578125
65.4422734,10.6689453125,66.7333984375,-15.9716796875
65.4732755,12.8173828125,67.7587890625,-6.2060546875
65.5002777,15.3076171875,68.9794921875,16.5478515625
65.53227,16.5771484375,69.3701171875,35.1025390625
65.5623519,17.1142578125,69.1259765625,42.7197265625
65.5882767,17.2119140625,69.1748046875,39.5947265625
65.6222655,17.4072265625,69.0283203125,31.2451171875
65.6522692,16.7724609375,68.7353515625,18.5009765625
65.6812857,15.6982421875,69.1259765625,7.1728515625
65.7143247,15.9423828125,68.6865234375,1.4111328125
65.7433048,15.9912109375,68.6376953125,1.2158203125
65.7752666,16.2353515625,68.4423828125,3.4130859375
65.8017985,16.0400390625,68.1982421875,3.9990234375
65.8312899,15.1123046875,68.4423828125,1.6064453125
65.8653029,14.6240234375,67.7587890625,-1.9580078125
65.8944508,13.6962890625,68.3447265625,-5.9619140625
65.9234406,13.3544921875,67.3193359375,-9.9658203125
65.9564519,12.2802734375,67.2705078125,-14.2626953125
65.9844349,11.8896484375,66.2451171875,-19.1943359375
66.010521,11.1083984375,66.0498046875,-24.5166015625
66.0455038,10.0341796875,65.5126953125,-27.9833984375
66.0743937,9.8876953125,66.0009765625,-23.0517578125
66.1080257,12.2314453125,67.3193359375,-3.0322265625
66.1371377,14.7216796875,67.8564453125,17.5244140625
66.1630359,15.6005859375,67.6123046875,27.9736328125
66.1990233,15.5029296875,67.2216796875,28.0712890625
66.2251801,14.7705078125,67.6611328125,20.5029296875
66.2553005,14.6240234375,67.4169921875,8.8818359375
66.2861207,13.0615234375,67.0751953125,-2.9833984375
66.3150166,13.0126953125,67.1240234375,-10.2587890625
66.3441099,13.0615234375,67.1240234375,-11.5771484375
66.3791276,13.4033203125,67.5634765625,-11.3818359375
66.4050791,12.9638671875,67.0263671875,-10.6005859375
66.4541949,12.2802734375,67.3193359375,-11.2841796875
66.473183,11.5478515625,66.7822265625,-13.1884765625
66.4942318,10.7666015625,66.1474609375,-17.3388671875
66.5293998,9.7900390625,65.6103515625,-20.9033203125
66.5744045,8.5693359375,65.5126953125,-25.3955078125
66.5952905,8.1787109375,65.3173828125,-30.3271484375
66.6318786,7.1533203125,64.9755859375,-35.2587890625
66.6509355,7.2021484375,64.5849609375,-37.8466796875
66.6800214,5.9814453125,65.8544921875,-31.9873046875
66.7249227,7.6904296875,66.2451171875,-9.9658203125
66.7455271,9.9365234375,66.9775390625,10.4931640625
66.785716,11.7431640625,67.1728515625,21.9189453125
66.8057374,12.3291015625,67.2705078125,23.0908203125
66.8447481,11.4501953125,67.1240234375,17.9638671875
66.8648849,10.8154296875,66.9287109375,7.7587890625
66.9028892,9.5947265625,67.4169921875,-3.2763671875
66.9243803,8.4716796875,66.7822265625,-12.1630859375
66.9649463,8.3740234375,67.1728515625,-15.4345703125
66.9873624,9.0087890625,67.0751953125,-14.4580078125
67.0264577,8.6669921875,66.9287109375,-14.1650390625
67.0493671,8.2275390625,66.8798828125,-15.2392578125
67.0970863,8.0810546875,66.7333984375,-17.3876953125
67.1169597,7.2021484375,66.6357421875,-20.6591796875
67.128595,6.4208984375,66.4404296875,-24.9560546875
67.173033,6.1279296875,65.5615234375,-29.1064453125
67.1942045,4.9560546875,65.0732421875,-33.5986328125
67.2366615,4.7119140625,64.9267578125,-38.0908203125
67.2567884,3.0517578125,64.7314453125,-43.1689453125
67.2987954,2.8564453125,65.1220703125,-39.4580078125
67.3188963,3.4912109375,65.9521484375,-20.5126953125
67.3569654,5.9814453125,67.0751953125,2.2412109375
67.3758807,8.3740234375,67.0751953125,17.1826171875
67.4169342,9.1064453125,67.7587890625,21.9677734375
67.4369659,8.6669921875,67.6123046875,17.7685546875
67.4779481,8.8134765625,67.4658203125,10.6884765625
67.496905,8.2275390625,67.6611328125,-1.5185546875
67.5375651,7.5439453125,67.2705078125,-9.5263671875
67.559922,6.6650390625,67.7099609375,-15.6298828125
67.6019661,7.0556640625,67.4169921875,-16.3134765625
67.6223805,7.4462890625,67.2705078125,-15.7275390625
67.6566147,6.9091796875,67.4169921875,-15.8740234375
67.6780169,5.6884765625,66.8798828125,-17.9736328125
67.7270132,5.8349609375,67.2705078125,-21.3427734375
67.7491312,4.9560546875,66.3916015625,-25.0048828125
67.7651427,4.1748046875,66.3427734375,-28.5693359375
67.7936341,4.5166015625,65.9521484375,-33.6474609375
67.8241716,3.8818359375,65.5615234375,-37.3095703125
67.8741557,3.4423828125,64.7802734375,-42.5341796875
67.893299,2.6611328125,64.5361328125,-46.4404296875
67.9286878,3.5400390625,66.0009765625,-40.5322265625
67.9511422,5.6884765625,66.8798828125,-19.7314453125
67.9739976,7.2021484375,67.1728515625,3.3154296875
68.0055152,8.7158203125,67.5146484375,15.8642578125
68.0363621,8.9111328125,67.1728515625,18.6474609375
68.0633901,8.7158203125,68.1494140625,14.6923828125
68.1158408,8.0322265625,67.5634765625,5.7080078125
68.1347753,7.0068359375,67.2216796875,-5.8154296875
68.1710548,6.5673828125,67.5634765625,-14.8974609375
68.1903027,6.6162109375,67.7587890625,-19.9755859375
68.2152924,6.6650390625,67.6611328125,-20.4638671875
68.2500105,6.5673828125,67.3681640625,-20.1220703125
68.2918434,6.0791015625,67.3193359375,-21.0009765625
68.3113537,5.6884765625,66.3916015625,-23.0029296875
68.3559346,4.9560546875,66.8798828125,-26.2255859375
68.3748664,3.9794921875,66.0986328125,-30.2783203125
68.3967798,4.1259765625,65.6103515625,-33.7451171875
68.4292617,3.0517578125,65.4150390625,-38.2373046875
68.4745791,2.2216796875,64.6337890625,-42.6318359375
68.4960567,1.4404296875,65.1220703125,-47.5634765625
68.5320329,0.9033203125,63.9990234375,-51.4697265625
68.5530618,1.5380859375,64.8291015625,-47.1240234375
68.5940576,4.8095703125,65.8056640625,-26.4208984375
68.6151747,7.2998046875,66.8310546875,-3.0810546875
68.6378802,7.8857421875,66.7333984375,9.7607421875
68.6700096,8.7646484375,66.9775390625,12.1044921875
68.6980008,7.6904296875,67.0751953125,4.9755859375
68.7270931,7.1533203125,66.3427734375,-5.1318359375
68.7579381,6.1767578125,65.9521484375,-16.8017578125
68.789926,5.0537109375,66.1962890625,-25.0048828125
68.8179967,5.8837890625,66.1962890625,-28.1298828125
68.8519451,6.2255859375,66.5869140625,-27.4951171875
68.8962127,6.2255859375,65.7080078125,-25.3466796875
68.9151782,5.2978515625,65.9521484375,-25.9814453125
68.9576276,4.8095703125,65.2197265625,-28.6669921875
68.9770677,4.4189453125,65.4638671875,-31.5966796875
69.0164933,3.6865234375,64.9755859375,-35.2099609375
69.0304992,3.1982421875,64.6826171875,-39.9951171875
69.0585154,3.1005859375,64.3408203125,-43.2177734375
69.1097279,2.0263671875,63.7060546875,-48.1982421875
69.1315044,1.0009765625,63.6572265625,-54.5947265625
69.153037,0.5615234375,63.3642578125,-55.4248046875
69.1990481,0.5615234375,64.2919921875,-44.4873046875
69.2206191,3.0517578125,64.6337890625,-21.1962890625
69.2559975,5.9326171875,65.9033203125,-1.4208984375
69.2763713,6.7138671875,65.7568359375,6.0986328125
69.3189767,7.5439453125,65.8056640625,3.1201171875
69.3402019,7.1533203125,65.6103515625,-4.8388671875
69.375746,7.1533203125,64.8291015625,-15.7763671875
69.3947681,6.7138671875,65.2685546875,-26.4697265625
69.4403176,5.7373046875,65.1708984375,-31.1083984375
69.4531808,6.6162109375,65.0732421875,-32.6220703125
69.4863295,6.0791015625,64.6826171875,-30.8154296875
69.5304061,5.2978515625,65.2197265625,-29.6435546875
69.5424142,5.5908203125,64.2431640625,-31.3037109375
69.5924892,4.9072265625,63.9013671875,-33.5009765625
69.6063992,4.7607421875,63.7060546875,-37.3583984375
69.6324152,3.8330078125,63.6083984375,-40.2392578125
69.6663923,4.1748046875,63.3154296875,-44.2919921875
69.7109507,3.9794921875,62.7294921875,-49.2236328125
69.7224163,3.0029296875,61.9970703125,-53.2275390625
69.756404,2.6123046875,61.9482421875,-57.0849609375
69.7844087,1.9775390625,62.5830078125,-53.9111328125
69.8317999,3.0029296875,64.1455078125,-33.2080078125
69.8508915,5.0048828125,64.8779296875,-9.7216796875
69.8752785,6.8603515625,65.8056640625,4.9755859375
69.9062558,8.0322265625,65.0732421875,8.8818359375
69.9513123,8.2763671875,65.1220703125,4.0478515625
69.9702955,7.6416015625,64.4873046875,-5.4248046875
69.9972935,7.4462890625,64.3896484375,-16.3623046875
70.0413744,6.4697265625,64.6826171875,-25.4931640625
70.0608883,6.2744140625,64.6337890625,-29.0087890625
70.1039763,6.5673828125,64.6826171875,-29.0087890625
70.116477,6.2255859375,64.8779296875,-27.5439453125
70.1468961,6.3720703125,64.8291015625,-27.8369140625
70.1789303,6.1279296875,64.4384765625,-30.0341796875
70.2064772,5.3466796875,64.0966796875,-32.6220703125
70.238832,4.9560546875,63.9013671875,-36.4306640625
70.2678845,4.1748046875,63.3642578125,-40.1904296875
70.3136398,3.9794921875,62.4853515625,-44.6337890625
70.3284524,2.6611328125,61.9482421875,-49.2724609375
70.3564568,2.4658203125,61.6552734375,-54.6435546875
70.3914472,1.3427734375,62.3388671875,-57.6220703125
70.418445,1.0498046875,62.7294921875,-46.2451171875
70.4475408,3.1494140625,64.1943359375,-21.6357421875
70.4774486,6.2744140625,65.0244140625,-0.4443359375
70.5117701,8.3740234375,64.8291015625,9.7119140625
70.5367466,9.2041015625,65.0732421875,8.3447265625
70.5732995,8.5205078125,64.8779296875,1.5087890625
70.5997211,8.2275390625,64.5849609375,-7.7197265625
70.6267515,7.8369140625,64.2919921875,-19.3896484375
70.6598162,6.7138671875,64.7802734375,-26.3232421875
70.6910281,6.9091796875,64.4384765625,-29.4970703125
70.7206848,7.1533203125,64.8291015625,-29.0576171875
70.7504646,6.2744140625,64.1455078125,-29.0576171875
70.7785199,7.1044921875,64.3896484375,-29.9853515625
70.813568,6.1279296875,64.5361328125,-32.8662109375
70.839497,6.1279296875,63.9501953125,-36.6259765625
70.8686219,5.1025390625,63.4619140625,-40.4833984375
70.9016221,4.6142578125,62.9248046875,-44.2919921875
70.9294675,3.6865234375,63.1201171875,-48.7353515625
70.9669495,3.0517578125,62.2900390625,-53.0322265625
70.9934242,2.1240234375,62.4365234375,-58.2080078125
71.0213809,1.3427734375,61.8505859375,-58.4521484375
71.053283,0.7568359375,63.0712890625,-42.8271484375
71.0813144,3.8330078125,64.5361328125,-17.4365234375
71.1119445,6.2255859375,64.8291015625,1.5087890625
71.1428463,7.2509765625,65.5126953125,8.0517578125
71.1728423,7.7880859375,65.6591796875,5.9521484375
71.1998521,7.3486328125,65.4638671875,-1.8603515625
71.2328617,7.2509765625,64.7802734375,-12.1630859375
71.2628424,6.0302734375,64.9267578125,-22.2216796875
71.2969574,5.3955078125,65.3173828125,-29.5458984375
71.3239418,5.4931640625,65.2197265625,-31.6455078125
71.3518539,5.3955078125,64.7802734375,-31.0107421875
71.3859865,5.6396484375,64.4384765625,-30.3271484375
71.4149864,5.0537109375,64.3896484375,-31.2548828125
71.4429491,4.1748046875,64.6337890625,-34.2822265625
71.4738942,4.1259765625,64.1455078125,-37.2607421875
71.5029766,3.4912109375,63.8037109375,-40.7275390625
71.5379009,2.8564453125,63.2666015625,-44.7314453125
71.5658771,1.8310546875,62.8271484375,-50.0048828125
71.5949617,1.6845703125,62.2900390625,-54.1552734375
71.6444032,0.8056640625,61.7041015625,-58.5986328125
71.6638844,0.6103515625,61.8017578125,-62.8466796875
71.6854415,0.7568359375,63.3642578125,-55.5224609375
71.716055,2.8564453125,64.1943359375,-31.9384765625
71.7460006,4.7607421875,64.3408203125,-11.2353515625
71.7745871,5.5419921875,64.0966796875,1.3623046875
71.8070381,6.1767578125,64.7314453125,2.9248046875
71.8343378,5.5908203125,64.4873046875,-2.2998046875
71.8674236,5.4443359375,64.3896484375,-10.4052734375
71.8984283,3.8330078125,63.6572265625,-21.8798828125
71.9244541,4.1748046875,64.1455078125,-29.5458984375
71.9536251,3.8330078125,64.2919921875,-33.9404296875
71.9889954,4.0771484375,64.3408203125,-34.6728515625
72.0164723,3.2958984375,63.6572265625,-34.2822265625
72.0489728,3.4912109375,63.7548828125,-35.1611328125
72.0756358,2.9541015625,63.5107421875,-36.9677734375
72.1094976,2.6611328125,62.9248046875,-39.6044921875
72.16149,2.0751953125,63.1201171875,-43.3642578125
72.1814195,1.7333984375,62.5341796875,-47.4169921875
72.2145343,1.2451171875,62.2900390625,-52.1533203125
72.2294579,1.2451171875,61.5576171875,-56.9384765625
72.2574615,0.5126953125,60.9716796875,-61.6259765625
72.2890278,0.3662109375,61.4599609375,-65.7763671875
72.320009,-0.6103515625,61.4599609375,-62.6025390625
72.3461219,1.3427734375,62.0947265625,-42.2900390625
72.3948026,3.7841796875,63.4130859375,-19.0478515625
72.4157449,5.1025390625,62.7783203125,-3.8134765625
72.4568354,5.2001953125,63.6083984375,-1.3720703125
72.4697092,4.8583984375,62.8759765625,-6.5966796875
72.4998184,4.4677734375,62.5830078125,-16.3134765625
72.5288254,4.3212890625,62.2412109375,-27.6904296875
72.578006,3.2470703125,62.4365234375,-37.3583984375
72.5971798,3.0517578125,62.7294921875,-40.4345703125
72.6381188,3.4423828125,62.2900390625,-40.1416015625
72.6495328,3.7841796875,62.3388671875,-38.8720703125
72.6787451,3.1982421875,61.7041015625,-38.8232421875
72.7159102,2.7099609375,60.9716796875,-41.1181640625
72.7602389,2.7099609375,61.5576171875,-45.3173828125
72.7821175,1.3916015625,60.9716796875,-48.7353515625
72.8203952,0.7568359375,60.4345703125,-53.1298828125
72.8399208,0.4638671875,60.0439453125,-57.7685546875
72.8648357,-0.7080078125,59.5556640625,-62.8466796875
72.9093292,-0.8544921875,59.2626953125,-68.4619140625
72.9283536,-1.7822265625,58.6279296875,-72.5634765625
72.9692374,-2.5634765625,59.5068359375,-68.4130859375
72.9891724,-2.2705078125,60.3857421875,-47.6611328125
73.0318196,0.9521484375,60.5322265625,-23.7841796875
73.0427997,2.9541015625,60.9716796875,-11.0888671875
73.08915,3.7841796875,60.8251953125,-10.3564453125
73.1086411,3.4912109375,60.9716796875,-18.6572265625
73.133485,3.3935546875,59.7998046875,-29.8388671875
73.1635377,2.9052734375,59.7509765625,-41.3623046875
73.2095893,1.9775390625,59.4580078125,-49.0283203125
73.2234943,2.1240234375,60.1904296875,-51.7626953125
73.2705762,1.6357421875,60.1416015625,-50.1025390625
73.2905596,1.8798828125,59.2138671875,-48.4423828125
73.3317668,1.7333984375,58.9697265625,-48.2470703125
73.3516917,1.7822265625,59.1162109375,-51.0302734375
73.3927125,1.6845703125,58.8720703125,-54.7412109375
73.4117291,0.6591796875,58.7744140625,-59.0869140625
73.439095,0.6103515625,58.0908203125,-63.4814453125
73.4831102,0.4150390625,57.8955078125,-67.2412109375
73.5020413,-0.2685546875,56.7236328125,-72.8564453125
73.5430843,-1.2451171875,57.2119140625,-76.6650390625
73.5634089,-1.4404296875,57.6025390625,-75.0048828125
73.5850348,-2.4658203125,58.7255859375,-57.5732421875
73.6163977,-1.9775390625,58.8232421875,-33.0126953125
73.6636118,0.9033203125,58.5791015625,-17.9248046875
73.68439,2.4658203125,58.9208984375,-13.6279296875
73.7233719,3.1005859375,58.5791015625,-18.5595703125
73.7437047,3.6376953125,58.4814453125,-28.4228515625
73.7851576,3.0517578125,58.1884765625,-40.0927734375
73.8041746,2.9052734375,58.0419921875,-49.2724609375
73.8275565,2.3193359375,57.9443359375,-52.5927734375
73.8598976,1.7822265625,58.0908203125,-51.6650390625
73.9039965,2.2216796875,57.7978515625,-50.7861328125
73.9259624,2.2705078125,57.4560546875,-49.8095703125
73.9608256,1.6845703125,56.7236328125,-52.2998046875
73.9810558,2.0263671875,56.6748046875,-55.8642578125
74.0266259,1.5869140625,55.9912109375,-59.0869140625
74.0385283,0.5615234375,55.9423828125,-63.5791015625
74.0685373,0.4150390625,55.3564453125,-67.3388671875
74.1005585,-0.4638671875,55.1123046875,-70.8056640625
74.1305733,-0.8544921875,55.1123046875,-75.4931640625
74.1566208,-1.2451171875,55.6494140625,-73.9306640625
74.2066211,-2.1240234375,56.4794921875,-54.9853515625
74.228661,-2.2705078125,57.2119140625,-30.1806640625
74.2641513,0.2685546875,57.6025390625,-13.8232421875
74.2843385,2.7099609375,57.8466796875,-8.5986328125
74.3258466,3.3935546875,57.5537109375,-12.6513671875
74.3482134,3.7841796875,57.1142578125,-21.7333984375
74.382288,3.7353515625,56.4794921875,-33.4033203125
74.4040667,3.8818359375,56.8212890625,-42.5341796875
74.4310712,3.4423828125,56.5283203125,-47.3681640625
74.4780814,2.6123046875,56.7236328125,-47.7099609375
74.497761,2.9052734375,57.0654296875,-46.4404296875
74.5398848,3.4912109375,57.1630859375,-46.6845703125
74.5586965,3.4912109375,56.2353515625,-47.1240234375
74.5797976,3.2470703125,56.1865234375,-50.3466796875
74.6118714,2.5146484375,56.1865234375,-54.0576171875
74.639849,2.3193359375,55.7470703125,-57.7685546875
74.672967,1.7333984375,54.9169921875,-62.7001953125
74.7306011,1.4892578125,54.5751953125,-66.8994140625
74.7318053,0.7080078125,54.1357421875,-71.9775390625
74.7635229,0.2197265625,54.1357421875,-73.2470703125
74.8093276,-0.0244140625,55.4541015625,-59.2822265625
74.8299598,0.1220703125,55.9912109375,-33.6962890625
74.87084,2.0751953125,57.2119140625,-13.6767578125
74.8833978,4.6630859375,57.5537109375,-4.3505859375
74.9119284,6.1767578125,56.7236328125,-5.1318359375
74.9608396,6.8115234375,57.3095703125,-11.4306640625
74.9728315,6.4697265625,56.2353515625,-22.0751953125
75.0154478,6.3720703125,56.2841796875,-32.5244140625
75.0514988,5.7373046875,56.1865234375,-39.3115234375
75.0639235,5.4443359375,56.5283203125,-41.9970703125
75.0914679,5.2490234375,56.6748046875,-41.2158203125
75.1274732,5.2490234375,57.0654296875,-40.1416015625
75.1536812,4.6630859375,56.2841796875,-41.3623046875
75.1847068,4.2236328125,56.2841796875,-43.7548828125
75.2148345,4.2236328125,55.6982421875,-47.1728515625
75.2473618,3.5400390625,56.1376953125,-51.0302734375
75.2918652,2.9052734375,55.6494140625,-54.7412109375
75.3126344,2.5634765625,54.6728515625,-59.2333984375
75.3355844,1.7822265625,54.8681640625,-63.0908203125
75.3845773,1.6357421875,54.7705078125,-67.7294921875
75.3955624,1.6357421875,55.2587890625,-66.2158203125
75.431644,1.2939453125,56.2353515625,-47.0263671875
75.455652,2.3681640625,56.6748046875,-21.2451171875
75.4911827,5.2490234375,57.5048828125,-4.0576171875
75.5176196,7.4951171875,57.6513671875,1.0693359375
75.5616507,8.4228515625,57.7001953125,-2.9345703125
75.5817824,8.5693359375,57.1142578125,-11.2841796875
75.6217115,8.1787109375,56.8701171875,-22.5146484375
75.6376968,7.0556640625,57.0166015625,-32.6220703125
75.6637916,6.3720703125,57.3095703125,-37.7001953125
75.6966823,6.5673828125,57.0166015625,-37.8466796875
75.7266406,6.0791015625,57.2607421875,-35.8935546875
75.7618139,6.4697265625,57.5537109375,-36.9189453125
75.7873222,6.6650390625,56.6748046875,-37.0166015625
75.8250718,6.4208984375,56.7724609375,-40.1904296875
75.8500744,6.6162109375,56.5283203125,-43.3154296875
75.8791674,6.2255859375,56.0888671875,-48.0517578125
75.9112167,5.6396484375,55.6494140625,-52.8857421875
75.938168,5.2001953125,56.1865234375,-57.0849609375
75.966072,3.7841796875,54.7705078125,-62.9931640625
76.0021778,3.4423828125,54.4775390625,-67.2900390625
76.0273697,2.7099609375,56.1376953125,-65.5810546875
76.0634158,2.7099609375,56.6748046875,-44.9755859375
76.0903081,3.9794921875,57.4560546875,-19.2919921875
76.1182984,6.9580078125,57.6025390625,-2.8369140625
76.1532929,8.3740234375,57.7490234375,1.3623046875
76.1812809,9.6923828125,57.8466796875,-5.4248046875
76.2101916,9.7412109375,57.4560546875,-16.0693359375
76.2383031,9.0087890625,57.3095703125,-27.8857421875
76.2702813,8.6181640625,57.0654296875,-36.6748046875
76.2993245,7.5439453125,57.3095703125,-41.7041015625
76.3332755,8.1787109375,57.5048828125,-39.9462890625
76.3622091,7.9833984375,57.5537109375,-37.9443359375
76.390902,8.0322265625,57.0166015625,-37.4072265625
76.4274926,7.3974609375,56.6748046875,-38.6279296875
76.4514791,7.2998046875,56.4794921875,-43.0712890625
76.4809365,7.2021484375,56.5283203125,-49.8095703125
76.5132989,6.2255859375,56.2841796875,-55.5224609375
76.5403302,6.1279296875,55.7958984375,-58.5986328125
76.585428,5.4931640625,55.6494140625,-63.5302734375
76.6032629,4.3212890625,55.1611328125,-68.3642578125
76.6292857,3.8330078125,54.8193359375,-70.9033203125
76.6633877,3.5888671875,55.1611328125,-66.6064453125
76.693095,3.2470703125,56.4794921875,-46.9775390625
76.7226713,3.7841796875,56.9677734375,-22.3193359375
76.7535273,6.2744140625,57.5048828125,-7.3291015625
76.7825187,8.1298828125,57.8466796875,-4.6923828125
76.8154949,8.7158203125,57.8466796875,-10.4052734375
76.8434367,9.0087890625,57.1142578125,-20.4638671875
76.8745374,9.1064453125,56.5283203125,-32.8662109375
76.9075389,8.7646484375,57.3095703125,-41.5576171875
76.9355177,8.4228515625,57.0654296875,-43.8037109375
76.9624929,7.9833984375,57.2119140625,-43.2666015625
76.9985395,8.3740234375,56.7236328125,-41.3134765625
77.0259666,8.4716796875,56.9189453125,-42.7294921875
77.0529307,8.6669921875,56.3330078125,-43.9013671875
77.0916165,7.9833984375,55.7958984375,-46.4892578125
77.1159416,7.8857421875,55.4541015625,-49.9072265625
77.1484705,7.6904296875,55.9423828125,-53.6669921875
77.1769357,6.9091796875,55.0634765625,-58.4521484375
77.204009,6.9091796875,54.4775390625,-62.9443359375
77.2411325,5.9814453125,53.9892578125,-67.0458984375
77.2662297,5.3955078125,54.9658203125,-70.0244140625
77.2973322,4.6142578125,55.3076171875,-60.7470703125
77.3284042,4.3701171875,56.2353515625,-36.4306640625
77.3587006,5.2490234375,56.5283203125,-14.1162109375
77.3860728,7.6904296875,56.7724609375,-2.9345703125
77.4165912,9.4482421875,56.5771484375,-2.9833984375
77.4455791,9.8388671875,57.2119140625,-9.3310546875
77.4751278,9.7900390625,56.2841796875,-20.1708984375
77.5088313,9.9853515625,55.8935546875,-30.9130859375
77.5364077,9.7412109375,56.6748046875,-39.1650390625
77.5838376,8.7646484375,56.1865234375,-40.4345703125
77.5987814,9.2041015625,56.1865234375,-39.5556640625
77.6257092,9.3994140625,56.0400390625,-37.5048828125
77.6600832,9.5947265625,55.9423828125,-39.1650390625
77.6880684,9.3017578125,56.2353515625,-40.9716796875
77.7228317,9.2529296875,56.0400390625,-43.8037109375
77.7486696,8.8134765625,55.1123046875,-46.5380859375
77.7771368,8.2763671875,55.0146484375,-49.8095703125
77.8125985,8.2763671875,54.6728515625,-53.0322265625
77.8400478,7.7392578125,54.1845703125,-58.1103515625
77.868115,7.0068359375,53.5009765625,-62.7978515625
77.9041128,6.6162109375,53.7451171875,-65.9716796875
77.9470875,6.5185546875,54.9169921875,-61.0888671875
77.9670811,5.1025390625,55.5517578125,-38.6767578125
78.0061446,7.0068359375,56.3818359375,-14.0673828125
78.0201313,9.9365234375,55.9912109375,-0.6884765625
78.0485561,10.9619140625,56.9677734375,2.1923828125
78.0980405,11.6943359375,56.5283203125,-1.6650390625
78.1176397,11.5478515625,56.1865234375,-10.5517578125
78.1426548,11.4013671875,55.4052734375,-20.8544921875
78.1724895,11.3525390625,56.1865234375,-30.4248046875
78.2195083,10.2783203125,56.0888671875,-34.7705078125
78.239404,10.9619140625,56.6748046875,-34.5263671875
78.2782189,11.2548828125,56.2841796875,-32.7685546875
78.2986655,11.3525390625,56.1376953125,-30.0341796875
78.3227171,11.0595703125,55.6494140625,-31.5478515625
78.3494802,10.7177734375,55.2099609375,-34.3310546875
78.3814442,10.1318359375,55.0146484375,-37.6025390625
78.4329346,9.3505859375,54.9169921875,-39.9951171875
78.4518092,9.6435546875,54.3310546875,-44.3408203125
78.490954,8.5205078125,54.3798828125,-49.0771484375
78.5108868,8.2275390625,53.6962890625,-53.2763671875
78.5318479,7.5439453125,53.7939453125,-58.2080078125
78.5639024,7.5439453125,54.2333984375,-59.0380859375
78.6099136,7.1044921875,54.8193359375,-43.1201171875
78.6309486,8.0322265625,55.1123046875,-18.6083984375
78.6715098,9.7412109375,55.3564453125,-2.0068359375
78.6904436,12.1826171875,56.1376953125,5.2685546875
78.732228,13.7451171875,55.6982421875,2.9248046875
78.7444382,13.9892578125,55.7470703125,-5.6689453125
78.7910385,13.3056640625,55.2099609375,-17.5830078125
78.8127034,13.2080078125,54.8681640625,-27.9345703125
78.8360958,12.6220703125,56.0888671875,-33.9404296875
78.8640793,12.1337890625,55.9912109375,-35.1123046875
78.8980866,11.9384765625,55.8447265625,-32.9638671875
78.9240792,12.4755859375,55.7470703125,-32.5244140625
78.9527673,12.5244140625,54.9658203125,-33.7939453125
79.0025817,12.1826171875,54.8193359375,-39.3603515625
79.0230877,12.0361328125,54.3798828125,-43.2666015625
79.0666047,11.7431640625,54.6240234375,-47.6611328125
79.0870418,11.4990234375,54.2822265625,-51.6162109375
79.1219589,10.8154296875,53.3544921875,-54.4970703125
79.1431073,10.1806640625,53.2080078125,-60.5517578125
79.1844458,10.3759765625,52.9150390625,-67.4853515625
79.203451,9.9365234375,52.7685546875,-68.0712890625
79.2276135,9.4482421875,53.5986328125,-53.4716796875
79.2569916,9.3994140625,53.9404296875,-27.1044921875
79.3042847,11.8896484375,54.7705078125,-6.3037109375
79.3240727,14.4287109375,54.4775390625,-0.4443359375
79.3639787,15.9912109375,54.7216796875,-6.2060546875
79.3855469,16.3818359375,53.9892578125,-18.9013671875
79.4075535,16.4306640625,54.1357421875,-31.1572265625
79.4393225,16.1376953125,54.0380859375,-41.5087890625
79.4688257,15.1611328125,54.3310546875,-45.5615234375
79.4989257,14.6240234375,53.8427734375,-43.6083984375
79.5262441,14.0869140625,53.9404296875,-41.5087890625
79.5763855,14.7216796875,53.7939453125,-40.7763671875
79.5974033,15.0634765625,53.8427734375,-42.8759765625
79.617374,14.3798828125,53.5986328125,-45.9033203125
79.6687625,14.3310546875,53.3056640625,-48.5888671875
79.6886827,13.7939453125,52.8662109375,-52.8369140625
79.7290477,13.2568359375,51.9384765625,-56.6455078125
79.739378,13.8916015625,52.1337890625,-62.8466796875
79.7752698,13.2080078125,51.5966796875,-67.8759765625
79.8192411,13.1103515625,51.3525390625,-71.4892578125
79.8309902,12.9638671875,52.0849609375,-67.3388671875
79.8607417,12.1826171875,52.5732421875,-46.2939453125
79.8937447,11.4501953125,52.8173828125,-22.9541015625
79.9197675,13.0126953125,53.1103515625,-9.5751953125
79.9531801,15.3076171875,53.2080078125,-9.8193359375
79.9803226,16.8701171875,53.4521484375,-17.8759765625
80.0176863,17.5048828125,52.6220703125,-29.9365234375
80.0445044,17.3095703125,52.4267578125,-41.9970703125
80.0723525,17.2119140625,52.5244140625,-49.5654296875
80.1004852,16.2353515625,52.4267578125,-50.6884765625
80.1358986,15.2587890625,52.5732421875,-49.4189453125
80.1782647,15.2587890625,52.7197265625,-47.8076171875
80.1995316,16.1376953125,52.5732421875,-47.8076171875
80.2225652,16.1865234375,51.8408203125,-49.3701171875
80.2506524,15.0634765625,51.9873046875,-53.3251953125
80.2838162,14.8681640625,52.2802734375,-56.5966796875
80.3135885,14.1845703125,51.4990234375,-61.1865234375
80.340859,14.0869140625,51.1572265625,-65.3857421875
80.3740105,13.4033203125,50.3759765625,-69.7802734375
80.4084308,13.1591796875,50.6201171875,-74.0771484375
80.433443,11.6943359375,50.0341796875,-71.8310546875
80.4678957,11.0595703125,52.0361328125,-52.7392578125
80.4931704,10.1806640625,52.5244140625,-26.5673828125
80.5200259,10.2783203125,53.1103515625,-9.7705078125
80.5567441,12.0361328125,53.2080078125,-4.4482421875
80.5843342,14.2333984375,53.0126953125,-9.5751953125
80.611811,15.3076171875,53.0126953125,-18.4130859375
80.6485568,15.3076171875,52.2802734375,-29.9853515625
80.6739628,14.9658203125,53.0615234375,-39.1650390625
80.7079295,14.4287109375,52.3779296875,-42.9736328125
80.7339572,13.5986328125,52.8662109375,-41.9970703125
80.7719683,13.1591796875,53.0615234375,-39.4091796875
80.7949512,13.0615234375,52.9638671875,-39.4580078125
80.8250084,13.3544921875,52.5244140625,-40.1416015625
80.8548917,12.9638671875,52.2314453125,-42.5341796875
80.8922868,12.3291015625,52.2802734375,-45.0244140625
80.914104,11.7431640625,51.9384765625,-49.1259765625
80.9521581,10.8642578125,51.6455078125,-53.1787109375
80.9759784,10.3759765625,51.0595703125,-57.4267578125
81.0248457,9.3505859375,51.5966796875,-62.0654296875
81.0570045,8.5693359375,51.5478515625,-61.6259765625
81.067628,8.5205078125,52.5244140625,-45.1708984375
81.0961337,7.3974609375,53.4521484375,-19.8779296875
81.1345946,6.3232421875,54.2333984375,-0.4443359375
81.1570707,7.3974609375,54.4287109375,7.7587890625
81.1900583,9.4970703125,54.4775390625,7.0751953125
81.2171894,10.7177734375,54.2333984375,1.6552734375
81.2525911,10.9619140625,54.1357421875,-7.4267578125
81.2771918,11.7919921875,54.2822265625,-17.1923828125
81.3119348,11.1083984375,55.0634765625,-21.9775390625
81.3369113,10.4248046875,54.3310546875,-22.5634765625
81.3724259,9.6923828125,55.0146484375,-20.9033203125
81.3979968,8.8134765625,54.9169921875,-19.9755859375
81.4333377,9.6923828125,55.1611328125,-20.1708984375
81.4598794,9.0087890625,54.5751953125,-23.0517578125
81.4948153,9.3017578125,54.6728515625,-26.4208984375
81.5227989,8.4228515625,53.8427734375,-30.0830078125
81.5507726,8.2275390625,53.8916015625,-33.7451171875
81.5778059,6.8603515625,53.3544921875,-38.4326171875
81.6129091,7.0068359375,53.5009765625,-42.3876953125
81.6386111,6.5673828125,54.5751953125,-42.6318359375
81.6749915,5.0537109375,55.4541015625,-27.0556640625
81.7009891,4.7607421875,55.9423828125,-2.8857421875
81.7350167,4.7607421875,57.1142578125,15.5224609375
81.7611338,5.2001953125,56.8212890625,23.1396484375
81.7960397,7.5927734375,57.5048828125,22.2607421875
81.8182385,9.0087890625,57.3583984375,16.6455078125
81.8523857,10.1806640625,56.8212890625,7.0263671875
81.883063,10.1806640625,57.0654296875,-3.5693359375
81.9153322,9.6435546875,57.7490234375,-9.1845703125
81.9440293,9.3505859375,57.6025390625,-10.5029296875
81.9780377,8.5205078125,57.6513671875,-9.5263671875
81.9998689,8.1787109375,57.6025390625,-8.2568359375
82.0420023,8.8134765625,57.6513671875,-8.5986328125
82.0619847,8.6181640625,57.4560546875,-10.8447265625
82.0942161,8.5205078125,57.6513671875,-14.0673828125
82.1243173,9.2529296875,57.2607421875,-17.7294921875
82.1522745,8.2763671875,57.0654296875,-21.3916015625
82.1884568,7.2998046875,56.1376953125,-25.0537109375
82.2124197,6.8603515625,55.6982421875,-29.8876953125
82.2414333,5.9814453125,56.0888671875,-33.6962890625
82.2764906,5.4443359375,56.9677734375,-28.4716796875
82.3025429,4.5654296875,58.0419921875,-5.3759765625
82.3397073,4.3701171875,58.4814453125,19.3798828125
82.3656597,4.1259765625,58.8720703125,32.4658203125
82.3936899,6.3720703125,59.2138671875,32.9052734375
82.4278415,8.1787109375,59.1162109375,26.6064453125
82.4562339,9.0087890625,59.3115234375,16.4013671875
82.497324,10.0830078125,59.3115234375,2.9248046875
82.5166855,10.0341796875,59.7509765625,-5.9619140625
82.5497393,9.6435546875,59.2626953125,-7.3779296875
82.5726923,9.1064453125,59.6533203125,-5.0341796875
82.6088595,9.0087890625,59.6533203125,-3.4228515625
82.6354339,8.5205078125,59.5556640625,-3.1298828125
82.6650748,9.1064453125,59.7021484375,-5.8154296875
82.6989598,8.9599609375,58.9208984375,-9.0869140625
82.7250655,8.2763671875,59.0673828125,-13.1884765625
82.7580922,7.8857421875,58.0908203125,-17.6806640625
82.7868783,7.9345703125,58.3349609375,-22.3681640625
82.8148528,6.5185546875,58.2861328125,-26.6650390625
82.8497976,6.3720703125,57.7978515625,-30.4248046875
82.8781428,6.1279296875,58.8232421875,-26.5185546875
82.9150298,6.1767578125,59.3115234375,-4.7412109375
82.9395157,5.5419921875,59.9951171875,19.0380859375
82.9684908,4.9560546875,60.1416015625,31.5869140625
82.9955152,5.6884765625,60.5810546875,30.8544921875
83.0313125,8.4716796875,60.2392578125,22.9443359375
83.0559142,9.8388671875,60.0439453125,11.7138671875
83.0917764,10.4736328125,59.5068359375,-0.5908203125
83.1177846,10.3271484375,59.5068359375,-7.9150390625
83.1478149,10.2783203125,59.5068359375,-8.6474609375
83.1828097,9.3994140625,59.5068359375,-5.2294921875
83.2078113,9.0087890625,59.3603515625,-3.6669921875
83.2441847,8.5205078125,59.3115234375,-4.5458984375
83.2692081,8.8623046875,58.5302734375,-7.1337890625
83.2986441,9.1064453125,58.8232421875,-10.0146484375
83.328176,8.8623046875,58.4814453125,-13.5791015625
83.3636764,8.7158203125,58.2373046875,-17.9248046875
83.3896992,7.7880859375,57.8466796875,-23.1005859375
83.4226592,7.5927734375,57.0654296875,-27.0556640625
83.4497478,7.2998046875,57.1142578125,-30.5224609375
83.4797585,6.6650390625,57.7978515625,-26.5673828125
83.5127539,6.5185546875,59.7021484375,-4.8876953125
83.5397563,5.6884765625,59.8486328125,21.9677734375
83.5687295,5.0048828125,59.9462890625,38.3251953125
83.6247913,6.0791015625,60.5322265625,39.5458984375
83.6447396,7.8369140625,59.7998046875,32.8564453125
83.6788201,9.6923828125,59.2626953125,22.5537109375
83.6907425,10.0830078125,59.8486328125,9.6630859375
83.7198454,11.0107421875,59.8974609375,1.0205078125
83.7510911,10.0830078125,59.6044921875,-0.6884765625
83.7824303,9.1552734375,59.4091796875,1.3623046875
83.8114609,8.2763671875,59.5556640625,4.8291015625
83.8434241,8.6669921875,59.0673828125,5.7568359375
83.8729328,8.3251953125,59.7021484375,3.9013671875
83.9019883,8.2275390625,59.0185546875,1.6064453125
83.9329156,8.1298828125,58.7744140625,-2.6904296875
83.9619063,7.8369140625,58.1396484375,-6.7431640625
83.9959274,7.0068359375,58.2373046875,-9.8193359375
84.0229377,6.4697265625,57.2119140625,-14.6533203125
84.0519689,6.1279296875,57.3583984375,-18.2666015625
84.0855675,5.3466796875,58.1884765625,-14.2138671875
84.1320774,5.3955078125,59.2626953125,7.4169921875
84.1520414,4.4189453125,59.7021484375,33.6376953125
84.1925279,4.2724609375,59.4091796875,50.3369140625
84.2143704,4.0771484375,60.3369140625,54.1943359375
84.250772,6.8115234375,59.4580078125,49.2626953125
84.2662158,8.5205078125,58.9697265625,41.5478515625
84.2941813,9.2529296875,59.0185546875,28.9990234375
84.3262881,9.3994140625,59.2626953125,19.9658203125
84.3542317,9.5947265625,59.0673828125,15.5224609375
84.3842254,9.3994140625,59.6044921875,16.0107421875
84.4172262,8.4716796875,59.1162109375,19.3798828125
84.4462347,8.6181640625,59.3603515625,19.2333984375
84.4749084,8.3251953125,59.1650390625,17.6220703125
84.5079005,8.8623046875,58.6767578125,14.1064453125
84.5377177,9.1552734375,58.7744140625,11.1279296875
84.5857547,8.5205078125,58.7255859375,7.2705078125
84.6057666,8.0322265625,57.7978515625,1.9970703125
84.6268004,7.9833984375,57.8466796875,-2.1533203125
84.655301,7.3486328125,57.7490234375,-6.8896484375
84.6877916,6.9091796875,57.6025390625,-7.5732421875
84.7158921,6.4697265625,58.3349609375,8.0517578125
84.748972,5.4931640625,59.2626953125,35.2001953125
84.776241,5.1025390625,59.7509765625,54.7314453125
84.809153,5.2978515625,59.4580078125,62.0556640625
84.8380998,7.3486328125,59.9951171875,60.4443359375
84.8670885,9.3505859375,59.9462890625,54.0478515625
84.9121507,10.8642578125,59.3115234375,43.0126953125
84.9423359,11.0107421875,59.5068359375,31.6845703125
84.9563922,11.4501953125,59.6044921875,23.7255859375
84.9944342,11.4501953125,59.3115234375,22.4560546875
85.0179588,10.2294921875,59.2626953125,24.8486328125
85.0682557,9.9853515625,59.0673828125,25.6787109375
85.0792553,10.0830078125,59.0673828125,24.7021484375
85.10885,10.6689453125,59.0185546875,20.6982421875
85.1382491,10.8642578125,58.2861328125,16.8896484375
85.169779,10.6201171875,58.3837890625,12.3486328125
85.1997908,10.5224609375,57.8466796875,6.4404296875
85.2332522,9.5458984375,57.7490234375,0.5322265625
85.2602528,9.7900390625,57.2607421875,-6.2548828125
85.2893254,9.1064453125,57.0654296875,-11.6748046875
85.3237385,8.7158203125,56.9677734375,-11.0888671875
85.3500071,8.4716796875,58.6767578125,3.6083984375
85.379011,7.1044921875,58.7255859375,28.6572265625
85.4140052,7.2509765625,58.9697265625,47.6025390625
85.439615,8.2763671875,59.3603515625,55.3662109375
85.475611,10.8154296875,58.8232421875,51.9970703125
85.5034306,11.7431640625,58.3837890625,44.2333984375
85.5313831,13.0126953125,58.1884765625,32.6123046875
85.5829702,13.6962890625,58.5791015625,22.1630859375
85.60269,13.8916015625,58.5791015625,14.6435546875
85.621158,13.1103515625,58.3349609375,14.0087890625
85.6546627,12.6220703125,57.7978515625,15.0830078125
85.6810356,12.0361328125,58.0419921875,15.1806640625
85.7174617,12.7197265625,57.5048828125,13.6669921875
85.7445041,12.6220703125,57.6025390625,10.1513671875
85.7709715,12.4755859375,56.8212890625,5.9033203125
85.8211621,12.2802734375,57.0654296875,1.3623046875
85.8333829,11.4013671875,56.3330078125,-4.4970703125
85.8650662,10.6689453125,55.9423828125,-10.3076171875
85.891062,10.3759765625,55.6494140625,-15.4833984375
85.9295138,9.2041015625,55.2099609375,-20.2197265625
85.9520244,8.5205078125,55.6005859375,-22.0751953125
85.9885625,8.1787109375,56.4306640625,-9.0380859375
86.0120671,7.3974609375,56.7724609375,14.6435546875
86.0472074,6.4208984375,57.1630859375,31.9775390625
86.075286,7.5927734375,57.2119140625,36.7138671875
86.1144417,9.3994140625,57.3583984375,32.4658203125
86.1330814,11.4501953125,56.5283203125,22.9931640625
86.1762966,11.6455078125,55.9912109375,10.2978515625
86.1976631,11.6943359375,55.8447265625,0.0927734375
86.2277079,11.9873046875,56.0400390625,-5.6689453125
86.2557055,11.7919921875,54.9658203125,-6.4501953125
86.2917048,10.6689453125,55.2099609375,-4.6923828125
86.3343176,10.8642578125,55.3564453125,-5.1318359375
86.3442219,10.7177734375,54.8681640625,-7.2802734375
86.3808287,11.6455078125,54.8681640625,-11.0400390625
86.4071768,11.2060546875,54.3310546875,-14.9462890625
86.4423159,10.1806640625,53.8916015625,-19.3896484375
86.4682808,10.0341796875,53.4033203125,-23.6865234375
86.5027563,9.1552734375,53.2568359375,-29.4482421875
86.5264374,8.6669921875,52.8662109375,-34.7216796875
86.562465,8.3740234375,52.6220703125,-39.2626953125
86.5874365,6.9580078125,52.7197265625,-36.8212890625
86.6224658,6.3232421875,53.5498046875,-19.1455078125
86.6485724,4.8095703125,53.9404296875,3.1689453125
86.6833842,4.7607421875,53.9404296875,15.6689453125
86.7063972,5.9814453125,54.3798828125,16.9384765625
86.7424081,8.3251953125,53.9892578125,9.1748046875
86.7684376,10.0341796875,53.4033203125,-0.2978515625
86.8070757,10.9130859375,53.5009765625,-11.1376953125
86.8295151,10.8154296875,53.2568359375,-17.9736328125
86.8653918,10.7666015625,53.1591796875,-20.9033203125
86.8853987,10.0341796875,53.3544921875,-20.3173828125
86.9204824,9.6435546875,52.6708984375,-19.4384765625
86.9464511,9.0576171875,52.0849609375,-19.4384765625
86.9814243,8.9111328125,52.0849609375,-21.9775390625
87.0086593,9.2529296875,52.1337890625,-25.0048828125
87.0416345,8.9599609375,51.6943359375,-29.0087890625
87.0717757,9.0087890625,50.7666015625,-33.5009765625
87.1071115,8.7646484375,50.9619140625,-37.8466796875
87.1313634,8.7158203125,50.7666015625,-42.8759765625
87.1683778,7.7880859375,49.9365234375,-47.3193359375
87.1902812,7.5927734375,51.0107421875,-42.1923828125
87.2252552,6.1767578125,51.4990234375,-22.1240234375
87.2492558,4.4189453125,52.3291015625,-2.2021484375
87.2868386,4.4677734375,52.1826171875,10.3955078125
87.3118501,3.8330078125,52.1826171875,11.6162109375
87.3483556,5.5908203125,51.9384765625,6.2451171875
87.3728237,8.3740234375,52.1826171875,-1.8603515625
87.4026816,9.6923828125,51.4013671875,-11.7236328125
87.4385983,10.1318359375,51.9384765625,-20.0244140625
87.4646174,9.9853515625,51.7919921875,-23.0517578125
87.4916654,10.3759765625,51.5478515625,-23.1982421875
87.5300715,8.6181640625,51.9873046875,-23.0517578125
87.5534723,8.4716796875,51.2060546875,-23.3447265625
87.5824658,8.3740234375,50.8642578125,-24.9072265625
87.6189892,8.1787109375,50.7666015625,-28.8623046875
87.6455203,7.9345703125,50.8154296875,-31.6943359375
87.6715034,7.7880859375,49.9365234375,-37.2119140625
87.7084048,7.2021484375,50.0830078125,-41.3134765625
87.733653,7.7880859375,49.2529296875,-46.3427734375
87.7706542,7.0556640625,49.3505859375,-52.0068359375
87.794582,6.7626953125,49.4482421875,-48.1494140625
87.829746,6.5673828125,50.9130859375,-31.3525390625
87.8577737,5.8349609375,51.0107421875,-9.2822265625
87.8862777,4.8583984375,51.4990234375,4.6826171875
87.9147298,4.8583984375,51.5966796875,8.6376953125
87.9495475,5.8349609375,51.4013671875,5.9521484375
87.9771911,7.9345703125,51.6455078125,-0.5908203125
88.0050586,9.6923828125,50.9619140625,-9.6240234375
88.0425495,9.5458984375,51.1083984375,-18.3642578125
88.0655407,9.3994140625,51.4501953125,-23.3935546875
88.1020787,9.6923828125,51.0107421875,-25.3955078125
88.1468594,9.5458984375,51.2548828125,-24.4677734375
88.1686172,8.4716796875,51.1572265625,-24.9072265625
88.1829176,8.6669921875,51.3037109375,-26.8115234375
88.2193167,8.7158203125,50.4736328125,-30.9619140625
88.2443274,9.1552734375,50.6201171875,-34.0380859375
88.2802345,8.8134765625,49.9853515625,-38.4326171875
88.3061776,8.5205078125,49.4970703125,-42.6318359375
88.3413135,7.3974609375,49.7900390625,-48.1005859375
88.3687552,7.2021484375,49.3017578125,-53.4716796875
88.3987349,6.2255859375,49.5458984375,-57.1826171875
88.4253473,5.9814453125,50.2294921875,-51.2255859375
88.4628763,5.8349609375,51.2548828125,-33.0126953125
88.4872559,4.9560546875,51.4501953125,-12.7978515625
88.523246,5.2978515625,51.9384765625,-1.7138671875
88.5503323,6.2744140625,51.8896484375,0.5322265625
88.5763196,9.1552734375,51.7431640625,-4.3505859375
88.6113458,10.0830078125,51.0595703125,-12.7001953125
88.6412896,11.7431640625,51.5478515625,-21.6357421875
88.6678034,12.0849609375,51.3525390625,-30.4736328125
88.6999261,11.9873046875,51.7431640625,-35.0146484375
88.7314246,11.9384765625,51.7431640625,-36.2353515625
88.757904,11.1083984375,51.9384765625,-36.4306640625
88.7888608,10.6201171875,51.6943359375,-36.8701171875
88.8178563,11.2060546875,51.4013671875,-39.6533203125
88.851932,11.4013671875,51.5478515625,-44.3408203125
88.8819236,11.4990234375,51.5478515625,-48.8818359375
88.9109735,10.8642578125,51.3525390625,-53.1787109375
88.9420198,10.1806640625,51.0107421875,-57.9638671875
88.9719612,9.6923828125,51.0107421875,-62.7001953125
88.998945,9.3994140625,50.0830078125,-67.7294921875
89.0629606,8.3251953125,50.9619140625,-71.6845703125
89.0641589,7.6416015625,51.2548828125,-65.2880859375
89.0898837,7.5927734375,52.4267578125,-47.0751953125
89.121877,5.8837890625,52.9150390625,-27.5439453125
89.1500183,5.3955078125,53.1591796875,-17.3388671875
89.1799737,7.2021484375,53.1103515625,-18.1201171875
89.2309061,9.7900390625,53.1591796875,-24.9072265625
89.2509819,11.8896484375,52.9150390625,-33.8427734375
89.3001309,12.7685546875,52.7197265625,-43.9501953125
89.3013232,12.7197265625,53.7451171875,-51.1767578125
89.3301871,12.6220703125,53.0126953125,-53.5693359375
89.3633029,12.1337890625,53.9404296875,-53.3740234375
89.3932942,11.1572265625,53.4521484375,-53.6669921875
89.4222983,11.1083984375,52.8173828125,-55.6689453125
89.4552959,11.3525390625,52.9638671875,-58.6474609375
89.4832719,11.0595703125,52.9638671875,-61.8212890625
89.5322076,10.3759765625,53.3544921875,-66.4111328125
89.5521938,10.4248046875,53.3056640625,-70.4150390625
89.5731802,10.3271484375,52.3291015625,-75.4931640625
89.6054249,9.1064453125,51.7919921875,-80.2294921875
89.6473623,8.4228515625,51.3525390625,-84.6240234375
89.6653819,8.3251953125,52.0361328125,-86.7236328125
89.6953929,7.8857421875,53.3544921875,-79.6435546875
89.7232813,6.3720703125,53.9892578125,-61.0400390625
89.7532966,5.8837890625,54.2822265625,-42.6806640625
89.8067703,5.1513671875,54.2333984375,-33.8916015625
89.8273207,5.8349609375,54.4775390625,-35.5517578125
89.8634307,9.2529296875,54.0869140625,-41.8505859375
89.8753069,10.9619140625,54.5263671875,-52.3486328125
89.9043837,11.6455078125,54.1357421875,-62.0166015625
89.9353569,11.7431640625,54.6240234375,-67.9248046875
89.9654175,11.5478515625,55.0634765625,-69.0478515625
89.9944008,10.7666015625,54.9169921875,-68.4130859375
90.0450011,9.6923828125,54.8193359375,-68.1689453125
90.0656112,10.3271484375,55.0146484375,-69.8291015625
90.0881135,9.8388671875,54.7705078125,-72.6611328125
90.1166221,9.7412109375,54.7216796875,-75.1025390625
90.1476419,9.1064453125,54.2822265625,-79.2529296875
90.183621,8.7646484375,53.5009765625,-82.9150390625
90.20728,8.4716796875,53.3056640625,-86.9189453125
90.2385684,8.0810546875,52.8173828125,-91.3134765625
90.2695975,6.9580078125,52.6220703125,-95.9521484375
90.2970647,6.8115234375,53.7939453125,-96.0009765625
90.3310408,6.3232421875,55.0146484375,-83.6474609375
90.3590322,5.2490234375,55.7470703125,-62.6513671875
90.3870458,4.7119140625,56.1865234375,-45.3662109375
90.4170357,4.2236328125,56.3818359375,-38.0419921875
90.4530568,5.0048828125,56.5283203125,-39.7509765625
90.4780501,8.0322265625,56.5771484375,-46.4404296875
90.5121985,9.4482421875,56.2353515625,-55.9619140625
90.5386486,10.3271484375,57.3095703125,-64.1162109375
90.568607,10.6689453125,57.3095703125,-70.4150390625
90.5995163,10.4736328125,57.0654296875,-71.2451171875
90.629518,9.3994140625,57.5537109375,-71.0986328125
90.6579974,8.3251953125,57.4560546875,-70.2685546875
90.7094457,8.1298828125,57.2119140625,-71.2939453125
90.7204613,8.5693359375,56.9677734375,-73.8818359375
90.7550057,7.7880859375,56.8701171875,-76.8603515625
90.7810892,7.4951171875,56.5771484375,-79.5947265625
90.8161312,6.5673828125,56.5771484375,-84.0380859375
90.8431433,6.4208984375,55.3076171875,-88.0419921875
90.8761751,5.7373046875,55.3076171875,-92.2412109375
90.899858,4.9072265625,55.4541015625,-96.1474609375
90.9404959,4.4189453125,56.0400390625,-95.5615234375
90.9613393,3.7353515625,57.4072265625,-81.2060546875
90.9953603,3.3447265625,58.2373046875,-58.5009765625
91.0219411,2.7587890625,58.9697265625,-42.2412109375
91.0568587,2.5146484375,59.2626953125,-34.5263671875
91.0829711,4.9560546875,59.7509765625,-35.3076171875
91.1213653,7.4462890625,58.7744140625,-41.7529296875
91.1413478,8.8134765625,58.5791015625,-50.6396484375
91.1780383,9.9853515625,59.5068359375,-59.2333984375
91.2032164,9.6923828125,59.4091796875,-65.1416015625
91.232056,9.2041015625,59.4091796875,-66.8505859375
91.2713113,8.3740234375,59.9951171875,-66.4599609375
91.2941883,7.9345703125,59.6533203125,-65.6298828125
91.3291717,7.8369140625,59.7998046875,-66.8505859375
91.3530154,7.8857421875,59.7509765625,-69.3408203125
91.3831424,7.6904296875,59.6533203125,-72.8076171875
91.4181406,7.3974609375,58.9697265625,-76.0791015625
91.4431729,7.3486328125,58.0419921875,-80.1806640625
91.4772257,7.2021484375,58.0908203125,-84.3798828125
91.5043411,6.1767578125,57.7001953125,-88.8720703125
91.5390157,6.1279296875,57.3095703125,-93.0712890625
91.5665193,5.1513671875,58.1396484375,-93.6572265625
91.5945301,4.5166015625,59.2626953125,-80.7666015625
91.6291109,3.5400390625,60.4345703125,-57.5732421875
91.6562076,3.1982421875,60.7763671875,-38.9697265625
91.6912245,2.9541015625,61.0205078125,-29.9365234375
91.7152276,5.1025390625,61.8017578125,-30.4736328125
91.7502575,7.7880859375,60.6787109375,-36.2841796875
91.7742366,9.2041015625,60.5322265625,-46.7333984375
91.8102974,10.3271484375,60.5810546875,-55.2294921875
91.8382361,10.2294921875,60.6787109375,-61.6748046875
91.8721821,10.3271484375,60.3857421875,-63.9208984375
91.8941779,10.0830078125,61.2158203125,-63.7255859375
91.9292987,8.4716796875,60.7275390625,-63.2373046875
91.9562673,8.2275390625,60.7275390625,-64.6044921875
91.9893246,8.2763671875,60.5810546875,-66.8505859375
92.0173095,8.2275390625,60.2880859375,-70.3662109375
92.0513781,8.2275390625,59.7998046875,-73.9306640625
92.0783112,8.1787109375,59.5068359375,-78.4228515625
92.1145918,6.5673828125,58.7255859375,-82.0849609375
92.1354275,6.7626953125,58.7744140625,-86.7236328125
92.1714768,5.8837890625,58.1396484375,-91.1669921875
92.1987285,5.1513671875,58.3349609375,-92.9736328125
92.2376093,4.8095703125,59.6533203125,-81.0595703125
92.2609775,4.0283203125,60.1904296875,-57.9150390625
92.2974537,3.3935546875,61.1669921875,-38.9208984375
92.3224712,3.1494140625,61.0693359375,-31.5478515625
92.3513729,4.2236328125,60.9228515625,-33.8427734375
92.3876764,6.4208984375,60.4833984375,-42.8271484375
92.4106479,8.9111328125,59.6044921875,-53.2275390625
92.4447034,9.5947265625,60.4345703125,-63.2373046875
92.4672995,10.0830078125,59.9951171875,-69.5849609375
92.502605,10.0830078125,60.0439453125,-70.2685546875
92.5296396,9.2041015625,59.8486328125,-68.2177734375
92.5776714,8.2275390625,59.7509765625,-67.9248046875
92.5968578,8.3251953125,59.4580078125,-67.9736328125
92.6203781,8.3740234375,59.0673828125,-71.7333984375
92.6565258,9.3505859375,59.3603515625,-75.8349609375
92.6805638,8.6669921875,58.6279296875,-79.3017578125
92.71512,8.1298828125,58.5791015625,-84.3310546875
92.7421469,7.8857421875,57.8955078125,-88.9697265625
92.7775747,7.5439453125,57.2607421875,-93.1201171875
92.8035954,6.4208984375,57.1142578125,-98.0517578125
92.8386145,6.1279296875,57.6513671875,-97.2705078125
92.860546,5.9326171875,58.4814453125,-82.3779296875
92.8967812,4.6630859375,58.8720703125,-59.1357421875
92.9242035,4.3212890625,59.4091796875,-41.8994140625
92.9522924,3.7841796875,59.1162109375,-37.2607421875
92.9879589,3.6865234375,59.1162109375,-42.0947265625
93.0119303,6.7626953125,58.5791015625,-51.8115234375
93.047491,8.8623046875,58.4814453125,-63.4814453125
93.0732052,9.6923828125,58.7255859375,-72.1728515625
93.1081919,9.4970703125,58.8232421875,-76.6162109375
93.1348027,9.3505859375,58.1396484375,-77.2021484375
93.1716746,9.1552734375,58.7255859375,-75.4931640625
93.1937011,8.4716796875,57.8466796875,-75.3466796875
93.2388345,8.5205078125,57.8466796875,-77.1533203125
93.2588452,8.4228515625,58.0419921875,-80.1318359375
93.2847496,8.9111328125,57.5048828125,-82.7197265625
93.3226034,8.5205078125,56.2353515625,-86.7236328125
93.3435455,8.2275390625,56.0888671875,-90.6298828125
93.380976,7.6904296875,55.6982421875,-94.9267578125
93.4069736,7.4951171875,55.5029296875,-99.1259765625
93.4427366,6.7626953125,55.3564453125,-101.8115234375
93.4636226,6.2744140625,56.6259765625,-92.3388671875
93.498626,5.2490234375,57.2607421875,-69.7314453125
93.5236675,5.0048828125,57.5048828125,-48.5400390625
93.5597114,4.1259765625,58.1396484375,-37.7978515625
93.5853142,3.8818359375,57.8466796875,-38.3837890625
93.6245846,4.7607421875,57.1142578125,-45.0244140625
93.6480902,7.3486328125,56.6259765625,-54.1552734375
93.6855867,9.1064453125,56.2353515625,-64.7509765625
93.7057405,10.0341796875,56.9189453125,-71.7333984375
93.7435948,10.0830078125,56.5771484375,-74.3701171875
93.767599,9.4970703125,56.9189453125,-74.5654296875
93.8006047,9.0576171875,56.8212890625,-73.1494140625
93.8275523,8.7158203125,56.7724609375,-72.9052734375
93.8625532,8.3740234375,56.1865234375,-74.9560546875
93.8885312,8.3740234375,55.6982421875,-78.4716796875
93.9234797,8.4228515625,55.5029296875,-82.1337890625
93.9464595,8.3740234375,55.3564453125,-85.1611328125
93.9804495,8.0810546875,54.4287109375,-88.9697265625
94.0085797,7.8369140625,53.9892578125,-93.1201171875
94.0387025,7.2998046875,53.5986328125,-97.3681640625
94.0696088,6.3720703125,54.4287109375,-97.1728515625
94.1056538,5.2978515625,55.2099609375,-82.8173828125
94.1306172,5.1025390625,55.8447265625,-59.6240234375
94.1606435,4.1259765625,56.2353515625,-41.4111328125
94.1876152,3.7353515625,56.3330078125,-33.5986328125
94.2236925,3.2958984375,56.8701171875,-34.6240234375
94.2491314,5.5419921875,55.9912109375,-40.4833984375
94.279655,7.7880859375,55.6982421875,-49.7119140625
94.3157743,9.3017578125,55.9912109375,-59.0380859375
94.3397506,10.2294921875,56.2841796875,-65.2880859375
94.3737418,10.0830078125,56.3818359375,-67.2412109375
94.4018783,10.0830078125,56.7236328125,-66.1669921875
94.4284848,9.7900390625,56.0400390625,-64.4580078125
94.4625106,9.4482421875,56.1865234375,-65.2392578125
94.4910148,9.7412109375,55.6494140625,-67.2412109375
94.5211325,9.9365234375,55.6982421875,-70.5615234375
94.5526285,10.2783203125,55.0634765625,-74.9072265625
94.5826085,9.5458984375,54.1357421875,-78.9111328125
94.6146098,9.4970703125,53.6474609375,-83.1103515625
94.6426119,8.0810546875,53.7939453125,-87.7978515625
94.6716175,7.7392578125,54.3310546875,-91.6552734375
94.7006323,7.2998046875,53.5986328125,-90.5810546875
94.7334911,7.1044921875,54.9169921875,-74.0771484375
94.761515,5.9814453125,56.3818359375,-50.5419921875
94.7934991,5.1513671875,56.2841796875,-34.0869140625
94.8245242,4.7119140625,56.3818359375,-27.8369140625
94.8505684,5.2001953125,56.7236328125,-30.7666015625
94.8845704,7.8369140625,56.3330078125,-37.0654296875
94.9115922,10.1318359375,55.6494140625,-48.1494140625
94.9405933,11.9384765625,55.2099609375,-57.4755859375
94.9751002,12.2802734375,55.9423828125,-62.8955078125
95.003584,12.0849609375,56.4794921875,-64.2626953125
95.0366135,10.8642578125,55.6494140625,-63.1884765625
95.0640879,10.4736328125,55.5029296875,-62.2119140625
95.0940956,9.7900390625,55.7470703125,-62.7490234375
95.1260806,9.4970703125,55.4541015625,-66.0693359375
95.1556358,9.6435546875,55.4052734375,-69.6826171875
95.1835592,9.5458984375,53.9404296875,-73.4423828125
95.2155189,9.2529296875,54.3310546875,-77.0556640625
95.2454614,9.1064453125,54.0380859375,-81.5966796875
95.2725136,8.4228515625,53.5986328125,-85.6982421875
95.3056192,7.7880859375,53.1103515625,-90.0927734375
95.3361471,7.3486328125,53.5009765625,-89.0673828125
95.3690038,5.9814453125,54.7216796875,-70.8056640625
95.3959626,5.8837890625,55.5029296875,-46.0498046875
95.4265259,4.4189453125,55.6005859375,-30.4736328125
95.4639888,4.3212890625,55.6005859375,-26.7138671875
95.4860168,3.9794921875,55.3564453125,-33.6474609375
95.5169772,6.4208984375,54.4775390625,-43.8037109375
95.5550472,8.0322265625,54.4775390625,-55.5224609375
95.5785545,9.6435546875,54.1845703125,-64.6533203125
95.6175456,9.9365234375,54.7705078125,-68.1201171875
95.6359841,9.4970703125,54.3310546875,-67.0947265625
95.6675986,9.9365234375,54.0869140625,-65.7763671875
95.6955903,8.5205078125,54.1357421875,-65.8251953125
95.7377396,7.3974609375,53.5009765625,-67.3388671875
95.7558494,7.8857421875,53.4033203125,-70.3173828125
95.8111195,6.9091796875,52.6220703125,-74.5166015625
95.8171488,6.9091796875,53.0615234375,-77.7392578125
95.8502853,7.1044921875,52.2802734375,-82.4267578125
95.8781289,6.4208984375,51.6943359375,-85.8935546875
95.9141347,5.7373046875,51.3037109375,-91.1181640625
95.9362373,5.1025390625,50.5712890625,-94.8291015625
95.9701397,4.6630859375,52.1337890625,-91.3623046875
95.9985487,4.0283203125,53.3544921875,-71.5380859375
96.0356221,3.3935546875,53.0615234375,-48.0029296875
96.0590198,2.3193359375,53.0126953125,-35.8935546875
96.0939919,1.7822265625,52.8173828125,-35.4052734375
96.1217366,1.3427734375,52.8662109375,-43.1689453125
96.1583759,3.0517578125,52.1337890625,-55.1806640625
96.1776945,4.8583984375,51.8896484375,-66.3134765625
96.2228113,6.5673828125,52.3779296875,-73.1982421875
96.2440945,6.8115234375,52.3291015625,-75.7373046875
96.2799171,6.3232421875,51.6943359375,-73.9306640625
96.3028983,6.0791015625,51.2548828125,-71.5380859375
96.3367596,5.6884765625,50.7177734375,-71.6845703125
96.3629452,5.0537109375,50.6689453125,-73.7841796875
96.3959988,5.2001953125,50.5224609375,-76.6162109375
96.419497,5.7861328125,49.8388671875,-80.0341796875
96.4554733,4.5654296875,49.4970703125,-84.2333984375
96.480959,4.4189453125,48.9599609375,-88.2861328125
96.5165305,4.0283203125,49.0576171875,-92.2412109375
96.5418238,3.1982421875,48.5205078125,-97.7099609375
96.5792143,2.7587890625,49.1552734375,-96.1474609375
96.6043144,2.3681640625,49.4970703125,-78.4716796875
96.6381508,1.1474609375,49.8876953125,-54.0576171875
96.6615794,1.0986328125,50.1318359375,-38.0419921875
96.6970418,-0.2685546875,49.8876953125,-34.5263671875
96.7217427,-0.7568359375,50.4736328125,-39.5556640625
96.7619453,-0.2685546875,49.7412109375,-48.6865234375
96.7859554,1.4892578125,49.6435546875,-59.8193359375
96.8119585,4.3212890625,48.7646484375,-68.2666015625
96.850057,5.6396484375,48.9599609375,-72.4169921875
96.8741036,4.7119140625,49.0087890625,-71.4892578125
96.9093023,4.9072265625,48.5693359375,-70.3662109375
96.9356463,4.0283203125,48.7158203125,-69.5849609375
96.9716464,2.4169921875,48.1787109375,-70.5615234375
96.9941441,2.3193359375,47.8369140625,-72.8076171875
97.0271321,2.9052734375,47.7880859375,-76.5673828125
97.0538068,3.0029296875,46.5185546875,-79.4970703125
97.089886,2.6611328125,46.3720703125,-83.6962890625
97.1152758,2.6123046875,46.1767578125,-88.1884765625
97.1534261,2.3681640625,46.4697265625,-92.3388671875
97.1792626,2.3193359375,46.6650390625,-92.9736328125
97.215311,1.5869140625,47.2509765625,-79.5947265625
97.2352378,1.3916015625,48.3251953125,-54.1064453125
97.270361,0.4150390625,48.6181640625,-34.7216796875
97.2979956,-0.8544921875,48.6181640625,-27.2998046875
97.3315551,-1.3427734375,48.1298828125,-27.1044921875
97.3569901,-1.6845703125,47.7880859375,-33.0615234375
97.3945601,0.3662109375,47.6904296875,-42.7783203125
97.4165484,2.3681640625,47.1044921875,-52.0068359375
97.4506224,3.8330078125,47.7880859375,-58.6962890625
97.4766683,4.6142578125,47.9833984375,-60.1611328125
97.5113062,4.8095703125,47.4462890625,-59.2822265625
97.5374246,4.5654296875,47.4951171875,-57.6220703125
97.5714696,2.6611328125,47.2509765625,-58.7451171875
97.5987547,2.3681640625,47.0556640625,-61.2841796875
97.6346469,2.4658203125,47.0068359375,-64.4580078125
97.6557172,2.8076171875,46.1767578125,-67.7294921875
97.6931538,2.4169921875,46.1767578125,-72.0263671875
97.7191487,2.2705078125,46.0791015625,-76.2744140625
97.7556432,1.5380859375,45.4931640625,-80.5224609375
97.7787489,1.0009765625,45.7861328125,-84.5263671875
97.8118145,1.1474609375,46.1767578125,-78.4716796875
97.8402849,0.5615234375,47.0556640625,-58.1591796875
97.8749266,-0.7080078125,47.4951171875,-34.0380859375
97.8989353,-0.5615234375,47.6904296875,-21.2451171875
97.933879,-1.5869140625,48.3251953125,-19.0966796875
97.9597528,-1.9775390625,48.0322265625,-23.6865234375
97.9961211,-1.3427734375,47.5439453125,-32.2314453125
98.0196358,1.3427734375,47.1533203125,-42.4853515625
98.0563797,3.4423828125,47.1533203125,-52.0556640625
98.0830921,4.1259765625,47.3486328125,-55.6201171875
98.1184209,4.4189453125,48.1298828125,-55.2783203125
98.1394361,4.2236328125,46.9580078125,-53.8623046875
98.1734823,3.6865234375,47.5927734375,-54.1552734375
98.2005489,3.1494140625,47.0556640625,-56.5478515625
98.2376981,3.2958984375,46.2744140625,-58.6962890625
98.2636413,2.8076171875,45.7373046875,-61.7236328125
98.3010651,3.1494140625,45.6396484375,-65.7763671875
98.3221907,3.1494140625,45.6884765625,-69.7314453125
98.3575475,2.5634765625,45.1513671875,-74.7119140625
98.3814903,1.9775390625,45.5419921875,-78.6669921875
98.4168968,1.7333984375,45.2978515625,-81.7431640625
98.4450927,1.4404296875,45.5419921875,-77.6416015625
98.4820526,1.0009765625,46.5673828125,-56.6455078125
98.5000565,0.6103515625,47.0556640625,-32.3779296875
98.5358889,-0.2197265625,47.4462890625,-17.7783203125
98.561629,-1.0986328125,47.3974609375,-17.2412109375
98.5956341,-1.0986328125,46.7138671875,-24.8583984375
98.6233659,0.4150390625,47.0556640625,-36.2841796875
98.6596666,3.1982421875,46.9091796875,-48.4423828125
98.6865012,4.2724609375,46.6162109375,-56.7431640625
98.723544,4.5166015625,47.2998046875,-59.0380859375
98.7434397,4.2236328125,46.7626953125,-58.1103515625
98.7775081,3.8818359375,46.3720703125,-56.8896484375
98.8026166,3.5400390625,46.5185546875,-55.3759765625
98.8392012,2.8076171875,46.3232421875,-56.8408203125
98.8643173,2.4658203125,46.0791015625,-60.1123046875
98.8994184,2.4658203125,45.4931640625,-63.8232421875
98.9274576,2.5634765625,45.2490234375,-68.0712890625
98.9617372,2.7587890625,44.8583984375,-72.7587890625
98.9827399,1.9775390625,44.1748046875,-77.1044921875
99.0228495,1.1474609375,44.1748046875,-82.0849609375
99.0468184,0.9521484375,44.2236328125,-82.5244140625
99.0794087,0.0732421875,45.3466796875,-68.4619140625
99.1138581,-0.1220703125,45.2490234375,-44.1455078125
99.1365199,-0.3662109375,45.7861328125,-26.6650390625
99.1708653,-1.7333984375,46.1279296875,-23.1005859375
99.1978748,-1.6845703125,46.1279296875,-28.0322265625
99.2357771,-2.2705078125,45.4443359375,-38.2373046875
99.260329,-1.3427734375,44.9560546875,-50.4443359375
99.2859643,1.2939453125,45.1513671875,-59.9169921875
99.3206954,2.5634765625,45.4443359375,-64.3115234375
99.3471243,3.0517578125,44.6630859375,-64.5068359375
99.3842887,3.2958984375,44.9072265625,-62.7490234375
99.4112028,2.1240234375,44.5166015625,-61.8701171875
99.4391994,1.6357421875,44.4189453125,-62.6513671875
99.4747115,0.5126953125,43.8818359375,-65.4833984375
99.5012229,0.0244140625,43.5888671875,-68.9013671875
99.5283018,1.0498046875,43.3935546875,-73.1005859375
99.5572274,1.1474609375,43.4912109375,-77.3486328125
99.5941252,0.8544921875,42.7587890625,-81.6455078125
99.6182883,1.0986328125,42.7099609375,-85.9912109375
99.6557971,-0.0732421875,43.1982421875,-86.3330078125
99.6792861,0.1220703125,43.8330078125,-71.0009765625
99.7092668,-0.2685546875,44.7607421875,-46.2939453125
99.7436768,-0.8544921875,45.1025390625,-28.8623046875
99.7720935,-1.0498046875,44.9072265625,-23.7353515625
99.7980726,-2.1728515625,44.5166015625,-26.7138671875
99.8326767,-2.5634765625,44.3701171875,-35.3076171875
99.8601771,-2.6611328125,43.8818359375,-46.7822265625
99.8941648,-0.2197265625,44.4189453125,-56.8408203125
99.9234419,1.7333984375,43.6865234375,-61.9677734375
99.949495,2.7099609375,43.9794921875,-62.8955078125
99.9784864,2.9052734375,43.6865234375,-60.7470703125
100.013476,1.7333984375,44.1259765625,-60.0634765625
100.0404582,2.2216796875,43.8330078125,-61.3818359375
100.0745466,1.1962890625,43.1982421875,-64.0673828125
100.1019763,0.8544921875,42.8564453125,-66.9482421875
100.1321113,1.3427734375,42.5634765625,-70.8544921875
100.1629742,1.1474609375,42.2216796875,-74.3212890625
100.1939082,0.7568359375,41.9287109375,-79.0576171875
100.2219429,0.8544921875,41.6357421875,-83.5986328125
100.2529795,0.4638671875,41.7333984375,-84.2333984375
100.2819765,-0.2685546875,43.4912109375,-71.7822265625
100.3149883,-0.0732421875,43.4912109375,-46.2939453125
100.3434682,-0.9521484375,44.6142578125,-27.3974609375
100.3718768,-1.3427734375,43.5888671875,-18.9501953125
100.404969,-2.3193359375,43.9306640625,-19.2919921875
100.4341126,-2.4169921875,44.1748046875,-25.5419921875
100.461985,-2.9541015625,43.7353515625,-35.6494140625
100.4949473,-1.2451171875,43.7353515625,-45.4150390625
100.5231286,1.0009765625,43.8818359375,-52.2021484375
100.5519859,2.1240234375,43.3447265625,-53.9599609375
100.5861409,2.5634765625,43.7353515625,-53.0810546875
100.6149774,1.9775390625,43.8330078125,-51.7138671875
100.6479565,1.7822265625,43.6376953125,-51.9580078125
100.6751451,1.0498046875,43.4423828125,-54.8388671875
100.7039618,1.1474609375,42.7587890625,-57.7197265625
100.7359875,1.1962890625,42.7587890625,-61.5771484375
100.7669906,1.5380859375,42.7099609375,-66.0693359375
100.7949989,1.8798828125,42.1728515625,-69.8291015625
100.8260175,0.8056640625,42.0751953125,-75.1025390625
100.8569924,-0.1708984375,42.1240234375,-78.7158203125
100.8880123,-0.1220703125,43.4423828125,-71.9775390625
100.9239146,-0.6591796875,43.5888671875,-50.1025390625
100.9449491,-1.1962890625,44.1259765625,-25.9326171875
100.979914,-2.0751953125,44.6630859375,-13.9697265625
101.0148792,-2.2705078125,44.4189453125,-11.6259765625
101.0348723,-2.9052734375,44.3212890625,-17.7294921875
101.0758065,-3.2958984375,43.7353515625,-26.9580078125
101.0963834,-0.8056640625,44.5654296875,-38.3349609375
101.1299666,1.8310546875,44.3701171875,-47.9052734375
101.1661821,2.9052734375,44.4189453125,-51.3232421875
101.1881832,3.6865234375,44.1748046875,-51.0791015625
101.2151819,3.6865234375,44.4189453125,-48.4423828125
101.2594057,3.2470703125,43.6376953125,-48.4912109375
101.2784213,2.7587890625,43.1494140625,-50.6884765625
101.3114376,1.7333984375,43.7841796875,-54.2041015625
101.3405799,1.8310546875,42.7587890625,-57.6220703125
101.3758107,2.4169921875,42.1728515625,-62.8955078125
101.4009251,2.3193359375,42.0263671875,-67.1923828125
101.4395715,2.9052734375,41.2451171875,-71.2451171875
101.4559754,2.6123046875,41.0009765625,-76.7626953125
101.4900504,2.3681640625,41.3916015625,-79.7412109375
101.5314443,1.4404296875,42.7587890625,-69.3896484375
101.5519749,0.8056640625,43.1982421875,-44.1943359375
101.5873506,0.3173828125,43.5888671875,-21.4892578125
101.6082008,-0.0732421875,43.8330078125,-12.1630859375
101.6468855,-1.2939453125,43.9794921875,-14.5556640625
101.6714662,-1.6357421875,43.4912109375,-23.0029296875
101.7072917,-1.1962890625,43.3935546875,-35.2587890625
101.7318276,1.7822265625,43.2958984375,-47.5634765625
101.7817563,3.9794921875,43.2958984375,-53.7158203125
101.7901016,5.2978515625,43.2470703125,-55.3271484375
101.8253891,4.8583984375,43.0029296875,-52.7392578125
101.8493959,4.6630859375,43.0517578125,-51.8603515625
101.8884066,4.2724609375,42.8076171875,-52.4462890625
101.9114285,3.9794921875,42.3681640625,-55.0830078125
101.9476304,3.1982421875,42.0263671875,-58.4033203125
101.9726512,3.7841796875,42.1240234375,-62.4072265625
102.0066417,3.4423828125,41.4404296875,-66.6552734375
102.0286437,3.1982421875,41.1962890625,-71.9287109375
102.0696398,3.3935546875,40.7080078125,-75.7861328125
102.0926408,2.7099609375,40.9033203125,-78.8623046875
102.1295207,2.4169921875,41.9287109375,-70.3662109375
102.1526381,2.4169921875,41.8310546875,-46.3916015625
102.1870265,2.3681640625,43.0029296875,-25.5419921875
102.215893,1.7333984375,42.6123046875,-16.8994140625
102.2537416,1.5380859375,43.3447265625,-18.4619140625
102.2727495,0.4638671875,42.1240234375,-27.5927734375
102.3115627,0.0244140625,41.5380859375,-38.5302734375
102.332965,0.4638671875,41.6845703125,-49.6142578125
102.3679528,3.4912109375,41.7333984375,-55.7666015625
102.3942618,5.2001953125,41.9775390625,-56.7919921875
102.4311694,5.8837890625,41.4892578125,-54.4482421875
102.4560678,5.9326171875,41.8310546875,-54.2529296875
102.4933969,5.6884765625,41.6357421875,-54.5947265625
102.5131793,5.2490234375,41.4892578125,-56.3525390625
102.5510835,3.4423828125,40.5126953125,-60.3076171875
102.5766799,4.6630859375,40.7080078125,-63.3349609375
102.6153091,4.5654296875,39.8291015625,-67.0458984375
102.6373985,4.3701171875,39.3408203125,-71.2939453125
102.6713551,4.3212890625,39.5361328125,-75.2001953125
102.6978116,4.3212890625,40.0732421875,-75.1513671875
102.733383,3.7841796875,41.1474609375,-60.9912109375
102.7548199,3.3935546875,42.2216796875,-34.3798828125
102.789846,2.8564453125,41.5380859375,-14.1650390625
102.8212796,2.6123046875,42.3193359375,-8.4521484375
102.872369,2.1728515625,42.1728515625,-10.6494140625
102.8791635,1.8798828125,41.1962890625,-18.6083984375
102.9192588,1.2939453125,41.0986328125,-29.1064453125
102.9503212,1.3916015625,42.0263671875,-39.3603515625
102.9663018,3.9794921875,41.4404296875,-44.2919921875
103.0003977,5.8837890625,41.5869140625,-45.4638671875
103.0242628,6.7626953125,41.6357421875,-44.3408203125
103.0593243,7.1044921875,41.8310546875,-42.6806640625
103.0853307,6.8115234375,41.7333984375,-43.7548828125
103.1203727,5.5419921875,41.4892578125,-45.3173828125
103.1489724,5.6396484375,41.1962890625,-48.6376953125
103.1878401,4.7119140625,40.3662109375,-51.7626953125
103.2099373,4.8583984375,40.3662109375,-56.4501953125
103.2468614,5.2978515625,40.2685546875,-60.2099609375
103.2668888,5.7861328125,39.9755859375,-64.3115234375
103.3029238,5.0048828125,40.5126953125,-65.6298828125
103.3295951,4.5166015625,41.6357421875,-51.3720703125
103.3670645,3.9306640625,41.8310546875,-25.4931640625
103.3894346,3.7841796875,42.7099609375,-4.6923828125
103.425555,3.0029296875,42.1240234375,4.7802734375
103.4464701,2.4658203125,42.5634765625,4.5361328125
103.4817555,1.6357421875,42.3681640625,-0.8837890625
103.5102343,1.3916015625,41.9775390625,-10.3076171875
103.5452465,2.4169921875,41.9775390625,-20.7080078125
103.5700627,5.1025390625,42.0751953125,-27.5439453125
103.6067053,7.2021484375,42.0751953125,-28.5205078125
103.6315789,7.5927734375,42.7099609375,-28.5205078125
103.6676634,7.9833984375,42.7587890625,-28.0810546875
103.6895734,7.7880859375,42.3193359375,-28.0322265625
103.7225823,7.2509765625,42.3681640625,-30.5712890625
103.7510079,6.2744140625,41.8798828125,-33.4521484375
103.7872876,6.0791015625,41.7333984375,-37.9931640625
103.8123881,5.9326171875,41.5380859375,-41.5576171875
103.8462635,5.6884765625,41.0986328125,-46.1474609375
103.8730226,5.4443359375,41.5380859375,-50.6396484375
103.9094762,5.1513671875,41.4892578125,-52.5927734375
103.9300742,4.4189453125,42.4658203125,-40.7275390625
103.9651917,4.3212890625,43.2470703125,-18.1689453125
103.9930691,3.0029296875,43.8818359375,1.4599609375
104.0300942,2.4169921875,44.0283203125,10.7861328125
104.0542082,2.2216796875,44.0771484375,12.1044921875
104.0892322,2.0751953125,44.1748046875,6.5869140625
104.1092881,1.5380859375,44.0283203125,-2.7392578125
104.1583554,2.2705078125,43.5400390625,-13.1396484375
104.1889779,4.2724609375,44.4677734375,-21.1962890625
104.2240539,6.5185546875,44.1748046875,-23.9306640625
104.2460893,7.9833984375,44.2236328125,-23.6865234375
104.268166,8.0322265625,44.3701171875,-23.2470703125
104.3045171,7.6416015625,45.2490234375,-24.0283203125
104.3245078,8.0322265625,44.0283203125,-26.4208984375
104.3589516,7.2509765625,44.1259765625,-29.8876953125
104.3845016,7.0068359375,43.4423828125,-33.5498046875
104.419619,7.2998046875,43.6376953125,-38.4326171875
104.445945,6.7138671875,43.5888671875,-42.4853515625
104.4818657,7.3974609375,42.6611328125,-47.4169921875
104.5093704,6.4697265625,43.5400390625,-51.1279296875
104.5377795,6.1767578125,44.4677734375,-45.6103515625
104.5730145,5.6884765625,44.7119140625,-24.8095703125
104.5928761,4.7119140625,45.4931640625,-2.3974609375
104.6292057,4.1259765625,46.1767578125,9.0771484375
104.6576286,3.7841796875,45.7861328125,10.2978515625
104.6905093,3.0029296875,45.6884765625,3.4130859375
104.7155269,2.4169921875,45.5908203125,-6.4501953125
104.7530677,2.9052734375,45.4931640625,-17.4853515625
104.7762114,5.2001953125,45.1513671875,-24.9072265625
104.8132038,7.7880859375,45.1513671875,-27.7392578125
104.8361324,9.0087890625,45.4931640625,-26.6650390625
104.8697343,9.3505859375,45.2490234375,-25.7373046875
104.8977464,9.3017578125,45.2978515625,-26.9580078125
104.9346313,9.1064453125,45.3955078125,-29.8388671875
104.9586242,8.0322265625,45.6396484375,-33.4521484375
104.9932441,7.4951171875,44.6630859375,-36.9189453125
105.0166385,7.3974609375,45.0537109375,-41.9482421875
105.0516568,7.0556640625,44.0771484375,-47.1240234375
105.0766842,7.1533203125,43.7841796875,-52.6416015625
105.1130889,7.2509765625,44.1748046875,-56.3525390625
105.1381198,6.5673828125,44.3212890625,-52.5927734375
105.1711687,6.0791015625,46.2255859375,-34.2333984375
105.2051629,6.1767578125,46.3232421875,-12.5537109375
105.2301375,5.2001953125,46.2255859375,1.0205078125
105.2582598,4.7119140625,46.8115234375,1.6064453125
105.2921566,4.0283203125,46.6650390625,-5.1318359375
105.3191288,3.0517578125,46.0302734375,-15.4833984375
105.3510861,2.3193359375,46.5673828125,-26.9580078125
105.3816469,3.3935546875,46.2744140625,-33.2568359375
105.4091217,5.8349609375,46.3232421875,-35.7958984375
105.4443407,8.2763671875,46.7138671875,-35.3564453125
105.4717952,8.4228515625,46.5185546875,-32.7197265625
105.4982833,8.9111328125,46.7626953125,-34.1357421875
105.5327277,8.8623046875,45.9814453125,-35.9912109375
105.5607656,8.0322265625,45.9326171875,-38.3837890625
105.5927827,7.3486328125,45.8837890625,-43.2177734375
105.6232643,7.6904296875,45.7373046875,-46.5380859375
105.6507389,7.4951171875,45.2001953125,-50.2978515625
105.6847624,7.9345703125,45.4931640625,-55.3271484375
105.7117765,7.0556640625,45.1025390625,-58.7939453125
105.7477728,7.3974609375,46.5185546875,-51.7626953125
105.7749613,6.3232421875,47.3486328125,-30.1318359375
105.8029216,6.1279296875,47.5439453125,-9.0380859375
105.8439319,5.5908203125,48.3251953125,1.4111328125
105.8627847,5.3466796875,48.3251953125,2.6318359375
105.8924952,4.7119140625,47.7880859375,-3.6669921875
105.9224882,3.6865234375,47.7392578125,-13.2861328125
105.9555003,3.1982421875,47.7880859375,-23.1494140625
105.9835585,3.3935546875,48.4228515625,-29.8388671875
106.0149792,5.8837890625,47.6904296875,-31.5478515625
106.0449393,7.7392578125,48.6181640625,-30.5224609375
106.0759445,8.0322265625,47.9345703125,-29.4482421875
106.1140381,8.5693359375,48.4228515625,-28.7646484375
106.1340829,8.4716796875,48.4716796875,-30.2783203125
106.1623378,7.6904296875,48.4716796875,-33.7939453125
106.2073705,7.0068359375,47.5927734375,-37.3583984375
106.2253445,7.0068359375,48.0810546875,-39.9951171875
106.2563604,7.3974609375,47.0556640625,-44.2919921875
106.2878466,7.3486328125,47.3974609375,-49.0283203125
106.3132893,7.3486328125,47.6904296875,-49.5654296875
106.3484782,6.6162109375,49.5458984375,-35.7470703125
106.3889358,6.0791015625,49.8876953125,-12.2607421875
106.4046418,5.8349609375,50.6201171875,5.6591796875
106.4463451,5.0537109375,51.2548828125,14.0087890625
106.46518,4.1748046875,51.4501953125,13.6181640625
106.4997757,3.0517578125,51.8896484375,6.3916015625
106.5349276,2.8076171875,51.1572265625,-2.7880859375
106.5553093,1.5380859375,51.4501953125,-12.5537109375
106.5983373,2.9541015625,52.0361328125,-17.4853515625
106.6173474,5.5908203125,52.1826171875,-18.9501953125
106.658373,7.2998046875,52.1337890625,-18.5595703125
106.6785242,8.3740234375,52.6220703125,-18.0712890625
106.7167867,8.3740234375,52.6708984375,-19.0478515625
106.7399181,7.3486328125,52.5244140625,-21.6357421875
106.7740466,7.2998046875,52.2802734375,-24.4189453125
106.7983289,6.1279296875,52.0849609375,-27.7880859375
106.834594,5.9326171875,51.7919921875,-32.3779296875
106.8586101,6.2255859375,51.4013671875,-36.4794921875
106.8978194,5.9814453125,51.0595703125,-40.3857421875
106.9217394,5.5908203125,52.3779296875,-42.5830078125
106.9571703,5.2978515625,53.5986328125,-27.9345703125
106.9801684,4.8095703125,54.6240234375,-5.8642578125
107.0161564,3.3935546875,54.9658203125,11.8115234375
107.0392308,3.6376953125,55.6005859375,19.9169921875
107.0781731,2.5634765625,56.1865234375,20.0634765625
107.1001007,2.0263671875,56.5771484375,14.6923828125
107.1369537,1.0009765625,56.2353515625,5.0244140625
107.1634195,0.5615234375,56.0888671875,-4.1552734375
107.2029733,2.6123046875,56.9189453125,-10.4052734375
107.2192957,5.2001953125,57.3095703125,-12.9443359375
107.258456,6.8603515625,57.1630859375,-12.7490234375
107.2793425,7.1533203125,58.0908203125,-12.7978515625
107.315384,7.4462890625,57.5048828125,-13.7255859375
107.3437443,7.9833984375,57.0654296875,-16.3134765625
107.3791903,6.8603515625,56.9677734375,-19.7802734375
107.4044586,5.6396484375,56.3330078125,-23.9794921875
107.4405636,5.4931640625,56.1865234375,-28.1298828125
107.4618908,5.7373046875,55.3076171875,-32.3291015625
107.4954209,5.5908203125,55.6005859375,-37.8466796875
107.5224608,5.2001953125,55.7958984375,-40.3857421875
107.5598666,4.7607421875,57.0166015625,-34.1357421875
107.5833291,4.2236328125,58.1396484375,-14.5556640625
107.6183623,3.1982421875,58.9697265625,6.5869140625
107.6433881,2.8564453125,59.6533203125,18.5009765625
107.6803775,2.1240234375,59.4091796875,19.4287109375
107.7043508,1.0009765625,60.1904296875,14.8876953125
107.739405,0.5126953125,59.8486328125,5.1220703125
107.7648664,0.1708984375,59.3603515625,-6.7919921875
107.8021891,1.0009765625,59.7509765625,-14.2138671875
107.8245999,3.5888671875,60.0439453125,-16.8505859375
107.8629458,5.2490234375,60.1904296875,-16.7041015625
107.8841304,5.9326171875,60.0927734375,-15.2392578125
107.9181014,6.4697265625,59.9462890625,-17.0947265625
107.9447524,5.5419921875,59.5556640625,-18.9013671875
107.9802155,5.0048828125,59.5556640625,-22.5634765625
108.0052539,4.0283203125,58.9697265625,-26.5185546875
108.040877,4.2724609375,58.5302734375,-30.8154296875
108.0678734,3.7841796875,57.9931640625,-35.1611328125
108.1110434,4.0283203125,57.6025390625,-40.3857421875
108.1309846,3.4423828125,57.2607421875,-44.8291015625
108.1669832,3.1005859375,57.8466796875,-46.0009765625
108.1849369,1.8310546875,58.5791015625,-35.1611328125
108.2210352,1.1962890625,59.6533203125,-12.1630859375
108.2481157,1.0009765625,59.4580078125,6.0986328125
108.2830174,0.1708984375,60.1904296875,13.6669921875
108.3041683,-0.3662109375,59.7021484375,10.3466796875
108.3475158,-1.0986328125,59.8486328125,1.8994140625
108.3674939,-2.1240234375,59.5068359375,-10.2099609375
108.4096119,-2.5634765625,59.6533203125,-19.7802734375
108.4298032,0.2197265625,59.0185546875,-25.5419921875
108.4698507,2.7099609375,59.1162109375,-27.2021484375
108.4896504,3.6865234375,59.3603515625,-24.8095703125
108.5266865,4.2724609375,59.6533203125,-24.3212890625
108.5472645,3.2470703125,58.8232421875,-25.4931640625
108.5830806,3.3935546875,58.2373046875,-28.0322265625
108.609133,2.4658203125,57.9931640625,-31.3525390625
108.6479838,1.9775390625,57.7490234375,-35.0146484375
108.6687199,1.3916015625,57.0166015625,-39.5068359375
108.7060753,1.7822265625,56.2841796875,-43.9013671875
108.7304297,1.4892578125,56.2353515625,-49.4189453125
108.7671327,0.7080078125,55.3076171875,-52.1044921875
108.7876964,0.5126953125,56.7724609375,-44.7802734375
108.8237051,0.3173828125,58.0419921875,-23.4423828125
108.8481164,-0.4150390625,58.1884765625,-4.3017578125
108.885905,-1.1474609375,58.3837890625,5.4150390625
108.9100401,-1.7333984375,58.1396484375,3.7060546875
108.9474502,-2.3681640625,57.8466796875,-3.2763671875
108.9674007,-3.0517578125,56.9189453125,-14.5556640625
109.0055393,-3.4912109375,56.9189453125,-25.2001953125
109.0275655,-3.5400390625,56.8212890625,-30.7177734375
109.0628743,-0.5126953125,56.4306640625,-31.9873046875
109.0928588,1.7333984375,56.6259765625,-31.1572265625
109.1289237,2.2216796875,56.4794921875,-30.7666015625
109.1509148,1.9287109375,56.1865234375,-31.8408203125
109.1872981,1.4892578125,55.7470703125,-33.5009765625
109.2108976,0.9033203125,55.7470703125,-37.2119140625
109.2458006,-0.3662109375,54.1357421875,-40.5322265625
109.271128,-0.8544921875,54.0380859375,-44.9267578125
109.3081784,-0.3662109375,53.5986328125,-49.5654296875
109.331534,-0.1220703125,53.3544921875,-54.3505859375
109.3675481,-0.8544921875,53.5009765625,-58.0615234375
109.393665,-1.2451171875,54.2333984375,-52.8369140625
109.4315231,-1.6357421875,54.8193359375,-31.4013671875
109.4524667,-2.3193359375,55.3564453125,-9.2333984375
109.4853353,-3.1494140625,55.6982421875,2.9248046875
109.5130576,-4.0283203125,55.3076171875,4.9267578125
109.5495662,-4.1259765625,55.1123046875,0.2392578125
109.5746043,-5.2001953125,54.4287109375,-8.2568359375
109.6100345,-5.1025390625,54.4775390625,-19.2919921875
109.6308538,-5.3955078125,54.2333984375,-27.2509765625
109.6663592,-2.9541015625,53.8427734375,-30.9130859375
109.6927134,-0.6591796875,53.8427734375,-30.3271484375
109.7306551,0.4150390625,53.9892578125,-29.7900390625
109.7557382,0.9521484375,53.2080078125,-30.8642578125
109.7912136,-0.0732421875,53.4033203125,-31.8896484375
109.8165724,-0.5615234375,52.4267578125,-34.9658203125
109.8539097,-1.6845703125,51.8896484375,-39.1650390625
109.8729131,-2.3681640625,50.9619140625,-43.0712890625
109.9078425,-1.9775390625,51.4013671875,-47.4169921875
109.9351588,-2.5146484375,50.8642578125,-52.1044921875
109.972453,-2.4169921875,50.2783203125,-56.7919921875
109.9974644,-2.2705078125,50.2783203125,-59.6728515625
110.0347905,-2.2216796875,51.3037109375,-48.4423828125
110.0587855,-2.8564453125,51.7431640625,-25.2490234375
110.087801,-3.3447265625,52.5244140625,-4.4970703125
110.1248496,-3.8330078125,53.2568359375,5.1220703125
110.1478397,-4.7119140625,52.0361328125,5.8056640625
110.1768851,-5.9326171875,51.9384765625,-0.4443359375
110.2104118,-6.5673828125,51.4501953125,-9.8681640625
110.2393926,-7.2998046875,50.9619140625,-19.3896484375
110.2664137,-5.4443359375,51.4501953125,-26.8603515625
110.3015148,-3.1982421875,51.1572265625,-30.3759765625
110.3286185,-1.0986328125,51.0595703125,-29.7900390625
110.3566232,-0.7080078125,51.1572265625,-29.3017578125
110.3937413,-0.5615234375,50.2294921875,-29.8876953125
110.4193956,-0.8544921875,48.8134765625,-30.9619140625
110.4543647,-1.3916015625,49.4482421875,-34.4287109375
110.4772936,-1.8310546875,48.5205078125,-37.2119140625
110.5153688,-3.0029296875,48.3740234375,-41.6064453125
110.5408756,-3.0517578125,47.7880859375,-46.1962890625
110.5703737,-2.6123046875,46.7626953125,-50.9326171875
110.6113483,-3.5400390625,46.3720703125,-56.0107421875
110.6302382,-3.6865234375,46.7138671875,-60.2099609375
110.6612792,-4.3212890625,47.6416015625,-51.0791015625
110.6882761,-4.8583984375,48.0810546875,-28.8134765625
110.7224017,-5.1025390625,48.4716796875,-8.3056640625
110.7504052,-5.5419921875,48.3251953125,1.5576171875
110.7773634,-6.5673828125,47.9345703125,3.3154296875
110.8124065,-6.8115234375,47.7880859375,-2.2509765625
110.8393974,-7.0556640625,47.5927734375,-11.7236328125
110.8745289,-7.2998046875,46.9580078125,-22.5634765625
110.9024118,-5.5908203125,47.0068359375,-30.7666015625
110.9313883,-3.1982421875,47.3486328125,-34.3310546875
110.963873,-1.8798828125,46.6650390625,-35.3076171875
110.9918879,-1.2451171875,46.7626953125,-34.2822265625
111.018802,-1.0009765625,46.5673828125,-34.8193359375
111.0534171,-1.8310546875,45.4931640625,-36.4306640625
111.081544,-1.9775390625,45.5419921875,-40.1416015625
111.1115388,-2.5146484375,44.5654296875,-44.4384765625
111.1434984,-3.1005859375,44.3212890625,-47.9052734375
111.1714645,-3.1005859375,43.3935546875,-52.9345703125
111.2045266,-2.8076171875,42.9052734375,-57.7197265625
111.2335365,-3.1005859375,43.0517578125,-62.9443359375
111.2605548,-3.6376953125,42.2216796875,-67.1923828125
111.2945421,-4.4189453125,42.8076171875,-64.8486328125
111.322543,-4.6630859375,44.2236328125,-47.1728515625
111.3505493,-5.3955078125,43.8330078125,-24.1748046875
111.3835692,-6.1279296875,44.2724609375,-8.9892578125
111.4145537,-6.3232421875,44.1748046875,-6.3525390625
111.4563895,-6.7626953125,43.0517578125,-12.6025390625
111.4755316,-6.9091796875,43.3447265625,-22.2705078125
111.5038632,-7.8857421875,43.1494140625,-34.0380859375
111.5373872,-5.1513671875,42.4169921875,-43.5107421875
111.5663883,-2.5634765625,42.3193359375,-47.9541015625
111.5923659,-1.3427734375,42.5634765625,-48.1494140625
111.6263929,0.0732421875,41.9775390625,-47.0263671875
111.6653951,-0.7080078125,42.0751953125,-47.4169921875
111.6833034,-1.0498046875,41.4404296875,-49.7607421875
111.7153241,-1.3427734375,40.7080078125,-53.2763671875
111.7569456,-2.9052734375,40.9033203125,-56.8408203125
111.7774825,-2.7099609375,40.0244140625,-60.7470703125
111.8154872,-2.9541015625,39.5849609375,-66.0693359375
111.8347734,-2.6123046875,38.9990234375,-70.8544921875
111.8676712,-2.6123046875,38.2666015625,-76.1279296875
111.909259,-3.0029296875,38.9990234375,-78.9599609375
111.9261284,-3.9306640625,39.9267578125,-70.1220703125
111.9591386,-4.4677734375,40.4150390625,-48.4912109375
111.9861334,-4.5166015625,40.7080078125,-28.8134765625
112.0288822,-5.3955078125,40.3662109375,-21.2939453125
112.0501571,-6.0791015625,39.9267578125,-24.6630859375
112.087162,-6.7138671875,39.6337890625,-33.6474609375
112.1077554,-7.3486328125,38.9013671875,-45.0244140625
112.1398379,-7.4951171875,39.1455078125,-55.5224609375
112.1747997,-8.1787109375,38.7548828125,-60.8447265625
112.1998401,-5.0048828125,38.9501953125,-60.6982421875
112.2342151,-2.8076171875,38.8525390625,-59.3310546875
112.2547549,-2.0263671875,38.6083984375,-59.1845703125
112.2983159,-1.7822265625,38.1201171875,-59.8681640625
112.3178057,-1.9287109375,38.2177734375,-62.4072265625
112.3598119,-2.1240234375,37.4853515625,-66.5087890625
112.3788089,-3.1494140625,37.3876953125,-69.7314453125
112.4087987,-3.7841796875,36.4599609375,-73.6865234375
112.4509431,-3.8818359375,36.5087890625,-78.7646484375
112.4687913,-3.6865234375,35.6298828125,-84.0380859375
112.504842,-3.6865234375,35.3857421875,-87.3583984375
112.5308303,-3.8330078125,37.3388671875,-79.0576171875
112.5665194,-4.2724609375,37.6806640625,-58.7451171875
112.5885734,-4.7607421875,37.9736328125,-38.0908203125
112.6276258,-5.4931640625,38.1201171875,-28.6181640625
112.6480264,-5.9326171875,38.0712890625,-29.3505859375
112.6884147,-6.3232421875,36.9482421875,-36.7236328125
112.7097919,-6.2255859375,36.4111328125,-47.5146484375
112.7489136,-7.2021484375,36.6064453125,-57.6708984375
112.7678987,-7.2509765625,36.5087890625,-65.3857421875
112.8069178,-6.3720703125,36.8017578125,-66.3134765625
112.8289618,-3.9794921875,36.3623046875,-65.4345703125
112.8638984,-2.3681640625,36.2646484375,-64.7509765625
112.8899655,-1.7822265625,36.0205078125,-65.2880859375
112.9298026,-2.3193359375,36.2158203125,-67.6318359375
112.9602985,-2.9541015625,35.9228515625,-71.7333984375
112.9823143,-3.9794921875,35.1904296875,-75.6396484375
113.0193107,-4.2236328125,34.4580078125,-79.1064453125
113.041292,-3.8330078125,33.9208984375,-83.9404296875
113.0763472,-4.1259765625,34.0185546875,-88.5791015625
113.1047589,-3.3935546875,34.4091796875,-92.0947265625
113.1403128,-3.8818359375,35.7275390625,-82.7197265625
113.1612299,-3.9794921875,36.8994140625,-60.6005859375
113.1962523,-4.6142578125,37.0458984375,-39.5068359375
113.2226013,-4.5166015625,37.1923828125,-28.3740234375
113.2592271,-5.9814453125,37.3388671875,-27.2998046875
113.2845287,-6.8603515625,37.9736328125,-32.6708984375
113.3337245,-7.9345703125,36.7529296875,-41.6064453125
113.3526878,-8.5205078125,37.1435546875,-51.9580078125
113.3757283,-8.3251953125,37.2900390625,-59.3798828125
113.409749,-8.1298828125,36.9970703125,-62.7978515625
113.4353047,-4.7119140625,37.1435546875,-62.1142578125
113.4688437,-3.1982421875,36.9482421875,-60.8935546875
113.4921952,-1.9775390625,37.4365234375,-61.2841796875
113.5277202,-1.5869140625,36.5576171875,-63.3837890625
113.5538425,-1.8310546875,36.8994140625,-65.9228515625
113.5896731,-2.5146484375,35.9716796875,-69.3408203125
113.615815,-3.4423828125,36.0205078125,-72.4658203125
113.6538445,-3.5400390625,35.9716796875,-77.7392578125
113.6778527,-3.1982421875,36.0693359375,-82.2314453125
113.7136289,-2.6123046875,35.7763671875,-86.5771484375
113.7350991,-3.0029296875,36.7041015625,-84.8681640625
113.7721138,-3.2470703125,38.5107421875,-66.8017578125
113.7980461,-4.2724609375,39.1943359375,-43.3642578125
113.8341356,-4.3701171875,39.9267578125,-27.7392578125
113.85817,-4.3701171875,39.9755859375,-21.1962890625
113.8974538,-5.0537109375,40.0732421875,-23.8330078125
113.9194757,-4.9560546875,39.8291015625,-30.2783203125
113.9550128,-5.8349609375,39.1455078125,-40.1416015625
113.9758453,-6.2744140625,39.9267578125,-50.4443359375
114.012513,-5.4931640625,40.2685546875,-55.2294921875
114.0376658,-3.0029296875,40.4150390625,-57.4267578125
114.0752341,-0.7568359375,41.0498046875,-56.9384765625
114.098973,0.1708984375,40.5615234375,-55.8642578125
114.1349915,1.0009765625,40.6103515625,-56.6455078125
114.1565585,1.5380859375,40.8544921875,-59.6240234375
114.1940623,1.4892578125,40.5615234375,-62.5537109375
114.220134,1.0498046875,40.0244140625,-65.8251953125
114.2588579,1.3427734375,39.7314453125,-69.9755859375
114.2799342,1.4892578125,39.7802734375,-74.0771484375
114.3209981,1.6845703125,39.1943359375,-79.2529296875
114.3425651,2.2705078125,39.4873046875,-82.0849609375
114.3774601,2.7587890625,40.9521484375,-79.3017578125
114.3998771,1.9775390625,42.0751953125,-61.1376953125
114.4381393,1.9287109375,43.1982421875,-38.4326171875
114.4597015,1.5869140625,43.8330078125,-24.2724609375
114.4965766,0.8056640625,44.6142578125,-19.9267578125
114.5221073,-0.0732421875,44.2236328125,-22.6123046875
114.5599798,-0.3173828125,44.5166015625,-30.6689453125
114.5834208,-0.4638671875,43.8818359375,-40.8740234375
114.6193197,-0.8056640625,44.2724609375,-49.0771484375
114.6399792,1.0986328125,44.5654296875,-54.4482421875
114.6744864,4.0283203125,45.0048828125,-55.5224609375
114.7029606,6.1279296875,45.3466796875,-55.4736328125
114.7389795,7.8369140625,45.1025390625,-53.7158203125
114.7620921,8.2763671875,45.4443359375,-55.2294921875
114.7975013,8.3740234375,44.2236328125,-57.9638671875
114.8250325,8.0322265625,44.9072265625,-61.2353515625
114.8594569,7.2509765625,43.7841796875,-65.0439453125
114.8826502,7.4462890625,44.2724609375,-68.4619140625
114.9184984,7.4462890625,43.6865234375,-72.2705078125
114.9451157,7.2998046875,42.9052734375,-77.7392578125
114.9838047,7.0556640625,43.5400390625,-81.4013671875
115.0046922,6.6162109375,44.5654296875,-76.8115234375
115.0423183,5.8349609375,45.7861328125,-58.3544921875
115.0631901,4.8583984375,46.3232421875,-37.4560546875
115.0981946,3.8330078125,47.0068359375,-24.5166015625
115.1229124,2.4658203125,47.1533203125,-20.5126953125
115.1623729,1.9287109375,47.0556640625,-25.0048828125
115.1842023,0.8056640625,46.4208984375,-34.5263671875
115.2182102,-0.3173828125,46.6162109375,-44.7314453125
115.2454179,-1.2939453125,46.6650390625,-53.8134765625
115.2804066,1.1474609375,47.2021484375,-57.2802734375
115.3042762,3.4423828125,47.0068359375,-56.7431640625
115.3393629,5.8349609375,46.9580078125,-55.7666015625
115.3647383,6.7626953125,46.8115234375,-55.6201171875
115.4008443,6.7626953125,46.3720703125,-57.8173828125
115.4276293,5.6396484375,45.9326171875,-60.4541015625
115.4620648,4.1748046875,45.6396484375,-63.6767578125
115.4892812,3.3935546875,45.8349609375,-67.4365234375
115.5245118,2.0751953125,45.2978515625,-71.4404296875
115.5445423,1.7822265625,44.5166015625,-75.3955078125
115.5824976,0.9033203125,44.1259765625,-80.4248046875
115.6064817,-0.1220703125,44.6630859375,-83.8916015625
115.6415796,-0.5615234375,45.2001953125,-81.3037109375
115.6696534,-1.9287109375,45.8837890625,-64.1650390625
115.7051571,-2.6123046875,46.7138671875,-42.7294921875
115.7261652,-3.7841796875,47.0556640625,-29.8388671875
115.7621766,-4.6630859375,47.0068359375,-26.7626953125
115.7875422,-5.9814453125,46.6650390625,-31.4990234375
115.8231539,-7.1044921875,46.2744140625,-42.2900390625
115.8476416,-8.1298828125,45.9326171875,-54.2529296875
115.8875727,-9.1552734375,46.2255859375,-62.4560546875
115.9122144,-8.1298828125,45.9326171875,-65.4345703125
115.9395365,-5.5419921875,44.9560546875,-64.9462890625
115.9755409,-4.5166015625,45.7373046875,-64.1650390625
115.9995333,-3.1005859375,45.2490234375,-65.9716796875
116.0328133,-3.7841796875,44.4677734375,-67.4853515625
116.0617732,-4.6630859375,44.5166015625,-69.9755859375
116.0909026,-5.8349609375,44.3701171875,-73.1494140625
116.1186705,-7.7880859375,43.5400390625,-76.7138671875
116.152702,-7.9345703125,43.1494140625,-81.5478515625
116.1796776,-8.7158203125,42.9541015625,-85.5517578125
116.208841,-8.7646484375,42.0751953125,-90.5810546875
116.2418958,-9.2041015625,42.7587890625,-92.2412109375
116.2718236,-10.4736328125,43.2958984375,-82.5732421875
116.2988034,-10.7666015625,44.3701171875,-61.0888671875
116.3368627,-11.4013671875,44.2236328125,-43.1201171875
116.3597681,-13.0615234375,44.7607421875,-36.4794921875
116.3938531,-13.7451171875,43.4912109375,-38.8720703125
116.4217396,-14.4287109375,43.2470703125,-47.3193359375
116.4498341,-15.8447265625,42.9541015625,-58.7939453125
116.4825205,-16.4306640625,43.0517578125,-68.0712890625
116.510849,-17.4072265625,42.3681640625,-72.5634765625
116.5449324,-16.8701171875,42.7587890625,-72.7587890625
116.5744385,-14.2333984375,42.8076171875,-70.4638671875
116.6014774,-12.2802734375,42.2705078125,-70.5615234375
116.6314866,-11.8408203125,42.4658203125,-71.7822265625
116.6644769,-11.9873046875,41.9287109375,-73.6376953125
116.6910221,-12.2802734375,40.9033203125,-77.0556640625
116.7259699,-13.0615234375,40.8056640625,-80.7177734375
116.7660074,-14.4775390625,40.0244140625,-84.3310546875
116.7820534,-15.2099609375,40.1220703125,-87.8466796875
116.8346522,-15.4541015625,40.5126953125,-93.0712890625
116.8435056,-15.7470703125,40.7080078125,-93.7548828125
116.8732695,-16.1376953125,41.5380859375,-78.7158203125
116.905147,-16.2841796875,41.9775390625,-56.7431640625
116.9480225,-16.8212890625,42.6123046875,-39.9462890625
116.9630097,-17.2607421875,42.0751953125,-33.8427734375
116.9950196,-18.0419921875,42.1728515625,-35.6005859375
117.0259908,-19.3603515625,41.4892578125,-42.0458984375
117.0571565,-19.8486328125,41.0986328125,-53.8134765625
117.1005905,-20.6787109375,40.4150390625,-62.9931640625
117.1150507,-21.6552734375,41.2451171875,-68.0224609375
117.146043,-21.8994140625,41.0009765625,-67.2900390625
117.1770528,-19.3115234375,40.8544921875,-66.2646484375
117.2206274,-16.8701171875,40.8056640625,-65.9228515625
117.236256,-16.4306640625,40.2685546875,-66.5087890625
117.2793463,-16.3330078125,39.5361328125,-69.3408203125
117.2942495,-16.4794921875,39.4873046875,-72.3193359375
117.3379066,-17.3583984375,38.8037109375,-74.6630859375
117.3562351,-17.7001953125,38.9990234375,-79.4482421875
117.3956229,-18.8232421875,38.6572265625,-83.6962890625
117.4147721,-19.1650390625,38.6083984375,-86.2353515625
117.4598531,-19.3115234375,39.7314453125,-79.5947265625
117.4778717,-19.1650390625,40.7568359375,-58.6962890625
117.5122058,-19.5556640625,40.7080078125,-38.6279296875
117.5362629,-19.8974609375,40.9521484375,-26.3720703125
117.578645,-20.4345703125,40.4638671875,-22.3681640625
117.5980941,-21.3623046875,40.4638671875,-24.5654296875
117.6391035,-21.8505859375,40.0732421875,-32.6708984375
117.6587319,-22.1923828125,39.5361328125,-42.3876953125
117.7021641,-23.3642578125,40.1220703125,-49.6630859375
117.7191275,-23.7548828125,39.7314453125,-51.9580078125
117.7592033,-23.8037109375,40.0732421875,-51.9091796875
117.7824475,-21.8017578125,40.0732421875,-50.2001953125
117.8184684,-19.4580078125,39.8779296875,-49.9072265625
117.8365487,-18.3349609375,39.5361328125,-51.3720703125
117.8724741,-18.2373046875,39.1455078125,-53.7158203125
117.8995851,-18.5302734375,38.6083984375,-56.0595703125
117.9376181,-18.5791015625,38.1201171875,-59.3798828125
117.9613009,-19.7998046875,37.7294921875,-62.7001953125
118.0006134,-20.0439453125,37.8271484375,-67.2412109375
118.0186563,-20.2392578125,38.3154296875,-68.3642578125
118.0548223,-19.8974609375,39.4384765625,-57.0361328125
118.0815426,-20.6787109375,40.1220703125,-34.6728515625
118.1183279,-20.1904296875,39.6337890625,-16.6064453125
118.1422499,-20.7763671875,40.5615234375,-7.4755859375
118.1777274,-21.2646484375,40.4638671875,-4.7900390625
118.1996591,-21.7041015625,40.2685546875,-8.7451171875
118.234529,-22.5341796875,38.8037109375,-17.5341796875
118.260527,-22.7783203125,39.3408203125,-26.9091796875
118.2988561,-23.5107421875,39.6826171875,-32.5732421875
118.3209554,-23.9990234375,39.5361328125,-34.4287109375
118.357508,-23.3642578125,40.0244140625,-33.7451171875
118.3783818,-21.3134765625,39.8291015625,-32.4267578125
118.4201773,-18.6767578125,39.2919921875,-32.8662109375
118.4389607,-18.3349609375,38.8037109375,-35.1611328125
118.4793966,-17.7490234375,38.7548828125,-37.7490234375
118.5014595,-17.9931640625,38.3154296875,-40.5810546875
118.5374482,-17.8955078125,38.0224609375,-43.7548828125
118.5634815,-19.1162109375,37.4365234375,-47.9541015625
118.6004335,-18.1396484375,37.3388671875,-53.0322265625
118.6234584,-18.3837890625,37.8271484375,-55.0341796875
118.6578433,-18.3837890625,38.2177734375,-45.2197265625
118.682871,-18.4326171875,39.4873046875,-23.2470703125
118.7174615,-18.5302734375,39.5361328125,-3.9111328125
118.7427889,-19.0673828125,39.8291015625,5.8056640625
118.779734,-19.2138671875,40.0244140625,6.2939453125
118.8044228,-19.7509765625,39.6826171875,0.4345703125
118.8423134,-20.3369140625,38.9990234375,-9.8681640625
118.8692105,-20.8251953125,39.1455078125,-20.4638671875
118.9052603,-21.5087890625,39.2919921875,-26.7138671875
118.9263221,-21.7041015625,39.2431640625,-29.9853515625
118.9640417,-20.2880859375,39.6337890625,-29.4970703125
118.9854023,-17.2119140625,38.7060546875,-28.3740234375
119.025325,-15.9912109375,38.9990234375,-28.7646484375
119.0467728,-15.0634765625,38.6083984375,-31.3525390625
119.084323,-14.5751953125,38.3154296875,-36.0400390625
119.1088713,-14.4287109375,38.2177734375,-38.9208984375
119.145777,-15.0146484375,37.7783203125,-43.1201171875
119.1681629,-14.9658203125,37.1435546875,-46.7333984375
119.2066009,-15.0146484375,37.4365234375,-50.9814453125
119.2266247,-15.5517578125,36.6064453125,-55.3759765625
119.262772,-14.4775390625,36.7041015625,-57.4755859375
119.2877612,-14.5263671875,37.9248046875,-48.1005859375
119.3216878,-14.5751953125,37.8271484375,-25.1513671875
119.3448408,-15.1123046875,38.4619140625,-4.6923828125
119.3808284,-15.3076171875,38.8525390625,5.6103515625
119.4050468,-15.5517578125,38.3642578125,3.2177734375
119.4412143,-15.7470703125,37.9736328125,-4.2041015625
119.4691541,-16.3330078125,37.8759765625,-15.9228515625
119.5047646,-17.0166015625,37.9736328125,-27.1533203125
119.5271303,-17.0166015625,37.9248046875,-33.9892578125
119.5637003,-16.4794921875,37.8759765625,-34.9658203125
119.5874036,-13.3544921875,37.1923828125,-32.7197265625
119.6238235,-11.7431640625,37.2900390625,-31.9384765625
119.6478869,-10.9130859375,37.3876953125,-33.0126953125
119.6920759,-10.0341796875,36.8505859375,-34.7216796875
119.7123737,-10.6689453125,36.1181640625,-37.3583984375
119.7474337,-10.5712890625,36.7041015625,-41.0693359375
119.7684395,-11.4501953125,36.0693359375,-44.4873046875
119.8046828,-11.4501953125,35.6298828125,-48.7353515625
119.8299319,-10.9619140625,34.6044921875,-52.8857421875
119.8669564,-11.0595703125,34.1650390625,-57.0849609375
119.8907404,-10.9130859375,35.0439453125,-58.6474609375
119.9263484,-11.0107421875,35.0927734375,-46.5869140625
119.9507184,-11.6943359375,36.0205078125,-24.1748046875
119.9854516,-11.7431640625,36.0205078125,-5.3759765625
120.0110137,-12.1826171875,36.6064453125,2.4853515625
120.0459121,-12.8662109375,36.3623046875,-0.5419921875
