Timestamp,PPG_Forehead,PPG_Earlobe,PPG_Finger
0.0030443,0.185546875,0.185546875,0.185546875
0.00411159999999988,0.185546875,0.185546875,0.185546875
0.00499790000000022,0.185546875,0.185546875,0.185546875
0.00584039999999986,0.185546875,0.185546875,0.185546875
0.00669239999999993,0.185546875,0.185546875,0.185546875
0.00754389999999994,0.185546875,0.185546875,0.185546875
0.00793739999999987,90.9521484375,84.9462890625,83.1396484375
0.00824630000000015,61.4697265625,-86.8017578125,116.0400390625
0.00848799999999983,62.5927734375,-86.6552734375,114.0869140625
0.00872690000000009,62.5439453125,-86.9970703125,105.7861328125
0.00897160000000019,62.2509765625,-86.4111328125,100.5615234375
0.00921359999999982,62.2021484375,-86.6552734375,100.6591796875
0.00945010000000002,62.3486328125,-86.6064453125,101.3427734375
0.00968709999999984,62.3974609375,-86.6064453125,100.5615234375
0.00992309999999996,61.9580078125,-86.6064453125,96.0693359375
0.0102606999999999,61.5185546875,-86.8994140625,89.8681640625
0.0104991000000001,60.7373046875,-87.8759765625,82.7392578125
0.0107349999999999,60.1513671875,-87.1923828125,75.8544921875
0.0110062000000002,59.4189453125,-88.1201171875,70.0927734375
0.0112442000000001,59.0283203125,-88.2666015625,64.4287109375
0.0114822000000001,57.4169921875,-88.3642578125,59.3017578125
0.0117194,56.8798828125,-89.2431640625,55.7373046875
0.0119606000000001,56.6357421875,-89.6337890625,52.0751953125
0.0122003999999998,55.6591796875,-90.1220703125,47.8271484375
0.0124401000000001,55.2685546875,-90.6103515625,41.9189453125
0.0126829000000002,54.6337890625,-90.5126953125,36.3525390625
0.0129201000000001,53.5595703125,-91.5380859375,34.2529296875
0.0131977999999999,53.0224609375,-90.7568359375,64.1357421875
0.0134571000000001,55.4150390625,-89.5849609375,107.2021484375
0.0136935999999999,58.8818359375,-88.8037109375,126.4404296875
0.0139296,61.9580078125,-88.6572265625,131.1279296875
0.014167,63.1298828125,-87.5830078125,128.0517578125
0.0144047,64.7900390625,-87.2900390625,125.8056640625
0.0146476,66.7431640625,-85.9716796875,125.9521484375
0.0149062,67.3779296875,-85.6787109375,125.4638671875
0.0152447000000002,68.3544921875,-85.6787109375,117.7001953125
0.0155647999999999,67.6220703125,-84.7021484375,111.1083984375
0.0158024000000001,67.9150390625,-83.7255859375,108.8623046875
0.0160659000000001,67.6220703125,-84.4580078125,109.6435546875
0.0163517999999998,68.0615234375,-84.2138671875,109.3505859375
0.0165943999999998,67.9150390625,-83.9697265625,105.8837890625
0.0168301,67.8173828125,-84.7509765625,100.7080078125
0.0170689999999998,67.2802734375,-84.7021484375,93.8232421875
0.0173049999999999,66.4990234375,-84.8486328125,86.4501953125
0.0175443,65.8642578125,-85.6298828125,80.6884765625
0.0177811000000001,65.0830078125,-86.5576171875,75.5126953125
0.0180175,64.3505859375,-86.1669921875,69.4091796875
0.0182528,63.1787109375,-86.6552734375,64.3310546875
0.0184896000000001,61.7626953125,-87.0458984375,59.9853515625
0.0187268999999999,61.9091796875,-87.6318359375,55.9814453125
0.0189637999999999,60.6396484375,-88.3642578125,51.6357421875
0.0192508999999998,59.4189453125,-89.1943359375,47.7294921875
0.0194885,58.9794921875,-90.0244140625,41.8701171875
0.0197261000000002,58.4423828125,-90.4638671875,35.3759765625
0.0199707999999998,56.8310546875,-91.1474609375,30.2001953125
0.0202121000000002,56.5380859375,-90.7568359375,42.7490234375
0.0204485000000001,57.5146484375,-89.4873046875,92.8466796875
0.0206887999999998,60.4443359375,-88.9013671875,119.1650390625
0.0209256999999998,64.0087890625,-88.7060546875,127.8564453125
0.0211635000000001,65.4736328125,-88.2666015625,125.7568359375
0.0213988000000001,66.6943359375,-87.5341796875,121.5576171875
0.0216322999999998,68.6474609375,-86.7041015625,119.0185546875
0.0218707,69.8681640625,-86.7041015625,118.7744140625
0.0221238000000001,70.1611328125,-86.2158203125,113.5009765625
0.0223917,70.3564453125,-85.2392578125,105.9814453125
0.0226280999999999,69.9658203125,-84.8486328125,103.0029296875
0.0228643000000002,70.1611328125,-85.0927734375,104.0283203125
0.0231012000000002,69.2822265625,-84.4580078125,104.6142578125
0.0233371999999998,69.6728515625,-85.6787109375,101.7822265625
0.0235767999999998,69.3310546875,-85.1416015625,96.7529296875
0.0238106,69.2822265625,-86.1669921875,90.2587890625
0.0240486,68.5498046875,-86.5087890625,83.2275390625
0.0242825999999998,67.5244140625,-86.4111328125,78.1005859375
0.0245177999999999,66.5966796875,-86.1669921875,71.1181640625
0.0247557999999999,65.8154296875,-87.7294921875,65.3564453125
0.0250061000000001,65.0830078125,-87.5341796875,60.8642578125
0.0252943000000001,64.1552734375,-87.5341796875,57.2998046875
0.0255306000000002,64.2529296875,-87.8271484375,54.0283203125
0.0257678000000001,62.4951171875,-88.3642578125,50.8056640625
0.0260265999999998,62.2509765625,-88.4619140625,46.4599609375
0.0263003999999998,61.7138671875,-89.5361328125,40.9423828125
0.0265352000000001,60.8837890625,-89.7802734375,34.3017578125
0.0267716,60.1513671875,-90.2197265625,32.2509765625
0.0270209000000001,58.7353515625,-90.0244140625,59.2041015625
0.0272980999999999,60.2001953125,-88.4130859375,101.4404296875
0.0275349,64.3505859375,-87.9736328125,117.9443359375
0.0277694999999998,66.2548828125,-87.3388671875,120.1904296875
0.0280225999999999,67.6708984375,-87.1923828125,115.2587890625
0.0282988999999998,68.0615234375,-86.2158203125,110.2783203125
0.0285364000000001,69.3310546875,-85.6298828125,107.4951171875
0.028772,70.6982421875,-84.9462890625,102.7099609375
0.0435450999999998,70.5029296875,-85.0927734375,92.7978515625
0.0904357999999998,69.5751953125,-84.3115234375,89.9658203125
0.110561,69.4775390625,-84.2626953125,92.3583984375
0.1463715,70.3564453125,-83.5302734375,94.3115234375
0.1614355,70.2099609375,-82.9443359375,92.5537109375
0.2012523,69.0869140625,-83.2861328125,87.5244140625
0.2222162,68.9404296875,-83.1396484375,80.2490234375
0.2612589,68.9404296875,-83.1396484375,73.6572265625
0.2840538,68.5009765625,-83.4814453125,67.0166015625
0.3254209,67.8662109375,-84.0673828125,61.2548828125
0.3461335,66.7431640625,-83.9208984375,55.7861328125
0.3880069,65.8154296875,-84.4091796875,50.1708984375
0.4077781,64.7900390625,-83.8232421875,45.9228515625
0.446945,64.0087890625,-84.4580078125,43.1396484375
0.4629299,63.9599609375,-85.3369140625,38.1591796875
0.5133093,62.7392578125,-86.0205078125,32.6904296875
0.5341028,61.5185546875,-86.4599609375,26.5869140625
0.5550749,60.7861328125,-85.8740234375,27.8076171875
0.5951689,59.8583984375,-85.1904296875,65.5029296875
0.6161586,61.8603515625,-83.4326171875,102.6123046875
0.6541726,65.3271484375,-82.1630859375,117.7490234375
0.6771127,67.7197265625,-81.0400390625,120.6298828125
0.7131219,69.9169921875,-79.6728515625,117.7001953125
0.7338886,71.1865234375,-78.0126953125,114.4287109375
0.7822614,73.4814453125,-77.1826171875,115.4541015625
0.8143169,74.6044921875,-76.2548828125,112.4267578125
0.8243975,74.8486328125,-75.1318359375,104.3212890625
0.8614912,74.7998046875,-74.3505859375,98.7060546875
0.8874142,74.4580078125,-73.9111328125,97.0458984375
0.9249956,74.6044921875,-73.5205078125,98.4619140625
0.9473477,74.6533203125,-72.8857421875,97.4853515625
0.9853415,73.9208984375,-72.7880859375,92.2607421875
1.0101197,73.8232421875,-72.2021484375,86.0107421875
1.0614906,73.2373046875,-72.7880859375,77.8076171875
1.0829442,72.3095703125,-72.9345703125,71.6552734375
1.1009646,72.0166015625,-72.5927734375,64.8681640625
1.1380298,71.0400390625,-73.0322265625,59.0087890625
1.1589333,69.5751953125,-73.1787109375,52.6611328125
1.1967826,68.7939453125,-73.7158203125,47.4853515625
1.2163592,68.3056640625,-74.4970703125,43.3837890625
1.2656236,67.0849609375,-74.3994140625,39.0380859375
1.2858531,66.4013671875,-74.4482421875,35.0830078125
1.3220935,65.0830078125,-75.8154296875,30.2978515625
1.3449936,64.4482421875,-76.1083984375,24.0478515625
1.3870641,63.3740234375,-76.9384765625,17.3583984375
1.3993747,62.2509765625,-77.5732421875,12.5244140625
1.4363711,61.4208984375,-75.5712890625,33.2275390625
1.4619019,61.5673828125,-74.1064453125,86.7919921875
1.49795,64.3994140625,-73.3251953125,110.7666015625
1.521557,67.9638671875,-72.3974609375,118.0908203125
1.5611905,70.5517578125,-70.2490234375,116.6748046875
1.582064,72.3583984375,-69.9560546875,113.0126953125
1.6201348,73.8720703125,-68.5400390625,112.1337890625
1.6403956,75.2392578125,-68.1982421875,112.2802734375
1.676557,76.7529296875,-68.2470703125,107.3486328125
1.7013331,76.7529296875,-67.9541015625,98.1689453125
1.7384477,76.5087890625,-68.1494140625,92.8466796875
1.7613151,76.4599609375,-68.2958984375,93.4814453125
1.8021785,76.3134765625,-68.5888671875,93.4326171875
1.8320117,76.3134765625,-69.1748046875,90.8935546875
1.8533016,76.0205078125,-69.9072265625,85.2783203125
1.8892217,75.2880859375,-70.6396484375,78.1494140625
1.9104856,75.2392578125,-71.0791015625,69.7998046875
1.9583238,73.4814453125,-72.6904296875,62.6708984375
1.9776383,72.8466796875,-72.8369140625,57.1533203125
2.0166214,71.8701171875,-73.2763671875,50.0244140625
2.0331046,70.8935546875,-74.4482421875,44.4580078125
2.0830757,70.1123046875,-75.3759765625,39.1357421875
2.1045108,69.2333984375,-76.4013671875,34.2041015625
2.1236858,68.7451171875,-77.9150390625,29.5654296875
2.1615009,66.4990234375,-78.6474609375,23.9990234375
2.1836461,65.6689453125,-79.6728515625,19.3115234375
2.2207858,64.4970703125,-81.3330078125,14.4287109375
2.255703,63.3251953125,-82.6513671875,8.5693359375
2.2747625,62.6904296875,-83.7744140625,2.6123046875
2.3128865,61.5673828125,-85.3369140625,-4.6630859375
2.3375586,60.4931640625,-85.3369140625,-6.4208984375
2.3770591,59.2236328125,-84.9462890625,29.1259765625
2.3933803,59.4677734375,-83.4326171875,83.1298828125
2.4405106,62.1044921875,-83.8232421875,103.5400390625
2.4609946,65.9130859375,-83.5791015625,107.5439453125
2.4830105,68.3056640625,-82.9931640625,103.0517578125
2.5190712,70.5517578125,-82.7001953125,97.1435546875
2.5469175,71.5283203125,-82.3095703125,94.2138671875
2.5972183,72.2607421875,-82.7978515625,92.6025390625
2.620222,72.9931640625,-82.5048828125,85.1806640625
2.6374177,73.1884765625,-83.4326171875,76.7333984375
2.6766941,72.6513671875,-84.0185546875,75.2685546875
2.6981271,72.9443359375,-84.2626953125,76.0986328125
2.736388,72.1142578125,-85.3369140625,76.2939453125
2.759031,71.9677734375,-85.4345703125,72.5830078125
2.7944067,71.7724609375,-87.2900390625,66.9189453125
2.8146443,71.7724609375,-87.2900390625,58.1787109375
2.8618587,70.6494140625,-88.5107421875,50.1708984375
2.8767733,70.0146484375,-89.3896484375,42.1630859375
2.9129171,68.5009765625,-90.2197265625,36.7919921875
2.9385912,67.4755859375,-90.7568359375,30.3955078125
2.9778669,66.1083984375,-91.8310546875,25.0732421875
2.999793,65.7177734375,-93.1494140625,20.4833984375
3.0389191,64.3505859375,-93.8818359375,15.9423828125
3.0568141,63.9111328125,-94.3212890625,12.0361328125
3.0918663,62.7880859375,-96.0791015625,6.7626953125
3.1207511,62.4462890625,-97.2509765625,2.5146484375
3.1478216,61.1767578125,-97.4462890625,-2.5146484375
3.1847537,59.8095703125,-98.5693359375,-8.1787109375
3.2078439,59.1748046875,-100.3759765625,-13.3544921875
3.2465828,58.3935546875,-99.9365234375,-0.0732421875
3.2706117,57.4169921875,-98.1787109375,55.3955078125
3.3079667,58.7353515625,-98.5205078125,86.2548828125
3.3292328,61.4697265625,-98.0810546875,94.6044921875
3.3669503,64.7412109375,-97.4951171875,90.8447265625
3.4000579,65.7177734375,-97.9833984375,82.0068359375
3.423149,67.1826171875,-97.4951171875,74.1943359375
3.4500443,67.7685546875,-97.0068359375,70.8740234375
3.4809219,68.6474609375,-98.0810546875,62.1826171875
3.5118798,68.7451171875,-98.5205078125,54.1748046875
3.5429442,68.2568359375,-97.6904296875,53.5400390625
3.5699183,68.0615234375,-97.4462890625,56.6650390625
3.6080432,67.9150390625,-98.0810546875,58.1787109375
3.6330695,67.6708984375,-99.1552734375,54.5166015625
3.6609245,66.8896484375,-99.0087890625,47.7783203125
3.6938993,66.6943359375,-99.8388671875,38.5009765625
3.7219289,66.1083984375,-99.9853515625,30.2490234375
3.7488543,65.0341796875,-101.2060546875,23.4130859375
3.7831142,64.8388671875,-101.6455078125,16.4306640625
3.8110111,63.3251953125,-102.5732421875,10.1318359375
3.8429149,62.6416015625,-102.5732421875,4.1748046875
3.8736588,61.9091796875,-103.5498046875,0.2685546875
3.9017253,60.8349609375,-104.5751953125,-3.9306640625
3.9363778,60.5908203125,-104.6728515625,-7.6904296875
3.9633825,59.3212890625,-106.0400390625,-12.0849609375
3.9923324,58.4912109375,-107.0166015625,-16.6748046875
4.0254655,57.9052734375,-107.7001953125,-23.0224609375
4.0538875,56.8310546875,-107.9443359375,-23.7548828125
4.0812513,56.3427734375,-107.3095703125,17.6025390625
4.1151791,56.0986328125,-106.4794921875,68.9697265625
4.1440673,58.0029296875,-105.4541015625,87.7685546875
4.1719629,61.1767578125,-105.2587890625,89.9169921875
4.2046782,63.8623046875,-104.8193359375,84.6435546875
4.2527162,64.9365234375,-104.1357421875,78.3935546875
4.2671725,66.7919921875,-103.9892578125,75.2197265625
4.2940952,67.8173828125,-103.2568359375,72.7294921875
4.3249777,68.7939453125,-103.0126953125,63.8427734375
4.3570279,68.8427734375,-103.5986328125,56.0302734375
4.4015324,68.4521484375,-102.6708984375,54.4189453125
4.4215084,67.7685546875,-103.2568359375,56.4697265625
4.458084,67.8662109375,-103.4521484375,56.1279296875
4.4782105,67.5244140625,-103.4521484375,51.9775390625
4.5212867,67.4267578125,-104.1845703125,44.3115234375
4.5352986,66.6943359375,-104.2333984375,35.2294921875
4.5651816,66.4501953125,-104.1845703125,27.1728515625
4.6086443,65.6201171875,-104.7705078125,19.5556640625
4.6302811,64.6435546875,-105.0146484375,13.3056640625
4.6730957,63.6181640625,-105.3564453125,7.0556640625
4.6870338,62.3974609375,-105.5029296875,1.6357421875
4.731219,61.7626953125,-106.3818359375,-3.9794921875
4.7522336,61.1767578125,-106.9189453125,-8.3251953125
4.7993355,60.1025390625,-107.1630859375,-12.2314453125
4.8082671,59.7119140625,-108.3349609375,-15.0634765625
4.8612894,58.8818359375,-107.9931640625,-20.4833984375
4.8821159,57.6123046875,-109.7021484375,-25.6591796875
4.8967162,56.6357421875,-110.0439453125,-31.9091796875
4.9287983,56.1962890625,-110.5322265625,-35.0830078125
4.9722312,54.7802734375,-109.5556640625,-3.8330078125
4.9851647,54.7802734375,-108.1884765625,56.3232421875
5.0353228,55.5126953125,-107.7490234375,82.2509765625
5.0553152,59.0771484375,-107.5537109375,88.0126953125
5.0982274,62.1533203125,-107.1630859375,82.7880859375
5.1106189,63.4716796875,-105.8447265625,75.4638671875
5.1592144,65.0341796875,-105.4052734375,72.5830078125
5.180106,66.4501953125,-104.8193359375,70.7275390625
5.2162727,67.6708984375,-104.8681640625,63.7939453125
5.2362556,68.4521484375,-104.6728515625,54.5166015625
5.2856558,68.0126953125,-103.5986328125,50.4638671875
5.3068459,67.9638671875,-104.0380859375,52.1240234375
5.3184204,66.9873046875,-103.7939453125,52.8564453125
5.3633636,66.6455078125,-103.7451171875,49.9755859375
5.3835291,67.2802734375,-103.7939453125,42.8955078125
5.428118,66.4990234375,-103.9892578125,35.6689453125
5.4480663,65.9619140625,-104.0869140625,26.0986328125
5.4853767,65.5224609375,-103.9892578125,19.5556640625
5.5062897,64.3017578125,-104.2333984375,12.2314453125
5.553877,63.7646484375,-104.2333984375,5.4931640625
5.5744171,62.3974609375,-105.6005859375,-0.0244140625
5.5932686,61.9580078125,-105.5517578125,-5.1025390625
5.6310056,60.9814453125,-106.0400390625,-9.4970703125
5.6522874,59.0283203125,-106.2841796875,-13.7451171875
5.6879996,58.8330078125,-106.9677734375,-18.1884765625
5.7101366,58.1494140625,-108.0419921875,-22.4365234375
5.7501624,57.0263671875,-108.7255859375,-27.5146484375
5.7741563,56.8310546875,-109.2138671875,-33.6181640625
5.8085093,55.3662109375,-109.3115234375,-38.2568359375
5.8357022,54.8779296875,-109.0673828125,-30.5908203125
5.8718196,54.3408203125,-107.4560546875,27.8076171875
5.8920666,54.2431640625,-106.9677734375,68.3349609375
5.9282169,56.0498046875,-107.1142578125,81.1767578125
5.9534234,58.6376953125,-105.9423828125,79.2236328125
5.9897563,61.6650390625,-104.9658203125,71.0693359375
6.0160066,62.7392578125,-105.2099609375,64.1357421875
6.0516482,64.2529296875,-103.9404296875,62.0361328125
6.0760901,65.8154296875,-103.6474609375,56.8603515625
6.1162932,66.4013671875,-103.2568359375,46.5087890625
6.1378219,66.7431640625,-102.7685546875,42.7490234375
6.1752865,66.2548828125,-102.7197265625,43.6767578125
6.1959141,65.2783203125,-102.4755859375,45.9716796875
6.2330948,64.8388671875,-102.7197265625,43.8232421875
6.2573106,64.9853515625,-102.1337890625,39.0380859375
6.3057325,64.8388671875,-101.7919921875,32.0556640625
6.3259641,64.2041015625,-101.8896484375,22.9736328125
6.3460708,63.4716796875,-102.5244140625,15.6005859375
6.3845259,63.3251953125,-102.8173828125,9.2041015625
6.4055895,61.7138671875,-102.7685546875,2.4169921875
6.4415951,61.3232421875,-103.5498046875,-3.3447265625
6.4660988,61.4697265625,-103.4521484375,-8.3740234375
6.5041228,59.8583984375,-104.1845703125,-12.3779296875
6.5253161,58.8330078125,-103.7939453125,-15.8447265625
6.5613142,58.0029296875,-103.7451171875,-19.6533203125
6.5873037,57.2705078125,-104.9658203125,-23.4130859375
6.6252608,56.4404296875,-105.1123046875,-28.1982421875
6.6478793,55.9033203125,-104.8193359375,-33.9111328125
6.6826979,55.0244140625,-105.0146484375,-38.1591796875
6.7069724,54.1943359375,-104.4287109375,-23.4130859375
6.7469092,53.6572265625,-103.2080078125,35.3759765625
6.7682386,53.7060546875,-101.7919921875,67.8466796875
6.8107057,55.0244140625,-101.1083984375,76.3427734375
6.8404193,57.9052734375,-99.6435546875,71.4111328125
6.877378,60.8349609375,-98.9599609375,61.8896484375
6.8893473,61.5673828125,-98.2275390625,54.1259765625
6.9292602,62.4462890625,-97.5927734375,48.9990234375
6.9484409,63.5693359375,-96.4208984375,40.1123046875
6.9888533,64.1552734375,-95.6396484375,32.2998046875
7.0084163,63.8623046875,-95.1025390625,34.6435546875
7.0467111,63.5205078125,-94.6142578125,38.2080078125
7.0769806,62.3974609375,-93.4423828125,38.6474609375
7.101062,62.8857421875,-93.7353515625,35.8642578125
7.1389741,62.1533203125,-93.7353515625,29.0771484375
7.159039,63.0810546875,-92.7099609375,20.6298828125
7.1937943,61.9580078125,-92.8076171875,12.9150390625
7.2190694,61.3232421875,-92.7587890625,6.2744140625
7.2562422,61.0302734375,-93.0517578125,-0.5615234375
7.2789171,60.3955078125,-92.1728515625,-6.0302734375
7.3250319,59.1259765625,-92.5634765625,-11.4990234375
7.3453765,58.3935546875,-92.4169921875,-15.5517578125
7.3818644,57.4169921875,-93.1494140625,-18.5302734375
7.4022503,56.8310546875,-93.7353515625,-22.1435546875
7.4493279,56.6845703125,-93.1982421875,-26.0498046875
7.4696223,55.6103515625,-94.4189453125,-30.6396484375
7.5067567,54.5849609375,-93.9794921875,-35.9130859375
7.5237934,53.8525390625,-94.6630859375,-40.2099609375
7.5628799,53.1201171875,-92.3193359375,-27.3681640625
7.5828292,52.5341796875,-91.0009765625,32.8369140625
7.6193718,52.4853515625,-90.1220703125,67.5537109375
7.6426914,53.5107421875,-88.9990234375,78.5400390625
7.6797488,56.9775390625,-87.5830078125,76.3916015625
7.7038507,59.1748046875,-85.0927734375,69.7021484375
7.7491706,61.3232421875,-83.9697265625,64.2333984375
7.771323,62.0556640625,-82.5048828125,62.7197265625
7.7924459,63.3740234375,-81.4306640625,57.6416015625
7.8438563,64.6435546875,-80.7470703125,48.5107421875
7.8657336,64.5458984375,-80.0634765625,44.5068359375
7.8857121,64.0576171875,-78.7939453125,45.7275390625
7.9240373,64.4970703125,-77.9150390625,48.1201171875
7.9438475,64.0576171875,-77.6220703125,45.8251953125
7.9841797,63.7646484375,-76.7919921875,40.7470703125
8.0042032,64.3505859375,-76.8408203125,32.4951171875
8.0404879,63.5205078125,-76.5966796875,24.7802734375
8.064069,63.0810546875,-75.6201171875,16.5283203125
8.1002502,62.0068359375,-75.9619140625,10.7666015625
8.1236196,60.8837890625,-75.9619140625,5.2490234375
8.1703392,61.1767578125,-75.4248046875,-1.1474609375
8.1906941,60.2490234375,-75.5224609375,-5.9814453125
8.2156892,59.4189453125,-76.1572265625,-10.3759765625
8.2526667,58.4423828125,-75.1318359375,-14.0869140625
8.2759298,57.7587890625,-76.4013671875,-18.1884765625
8.3140226,57.3193359375,-76.3525390625,-22.1435546875
8.3372427,56.2451171875,-75.9130859375,-26.6357421875
8.3681606,55.3662109375,-77.1826171875,-31.7138671875
8.4074685,54.7314453125,-77.7197265625,-36.4990234375
8.4273238,54.4873046875,-78.0126953125,-41.4794921875
8.4654462,53.9501953125,-76.0595703125,-20.2392578125
8.4856111,53.3154296875,-73.7158203125,42.4560546875
8.5245104,52.4853515625,-71.8603515625,72.9736328125
8.5467428,53.5107421875,-71.5673828125,81.6162109375
8.5854125,56.8798828125,-69.6630859375,78.8330078125
8.6089285,59.0771484375,-68.1005859375,71.7041015625
8.6448612,60.9814453125,-66.2451171875,68.4326171875
8.6706267,62.9345703125,-65.4150390625,68.0419921875
8.6996843,63.5693359375,-65.4150390625,62.5244140625
8.7349782,64.3994140625,-64.1455078125,53.2958984375
8.7591739,65.4736328125,-64.3896484375,48.5595703125
8.7900907,65.0341796875,-64.3896484375,49.0966796875
8.8178364,65.0830078125,-63.1689453125,49.9267578125
8.8538932,64.3017578125,-64.2919921875,47.7783203125
8.8800869,64.3017578125,-64.5849609375,43.0908203125
8.9109875,64.2041015625,-65.6103515625,35.5712890625
8.9400636,64.0576171875,-65.7568359375,26.2939453125
8.9850927,63.3740234375,-66.9775390625,18.8232421875
9.0018196,62.7392578125,-67.2216796875,12.5732421875
9.0297299,61.4697265625,-68.1005859375,6.3720703125
9.059598,61.2744140625,-69.2724609375,1.4892578125
9.0966178,60.4443359375,-69.5654296875,-4.4677734375
9.1195771,59.7119140625,-71.1767578125,-7.9345703125
9.1505883,58.5400390625,-71.5673828125,-12.1826171875
9.180388,57.8564453125,-72.4462890625,-16.6259765625
9.2107898,57.2705078125,-73.4716796875,-21.1669921875
9.2411004,56.8798828125,-74.2041015625,-25.2197265625
9.2730217,55.6103515625,-75.0341796875,-29.9072265625
9.301782,55.1220703125,-76.6943359375,-35.5224609375
9.365805,54.2431640625,-77.8662109375,-40.7470703125
9.3667409,53.7060546875,-77.7197265625,-40.4541015625
9.3911309,53.4619140625,-76.1572265625,6.3232421875
9.4250005,52.8271484375,-74.4970703125,56.6650390625
9.4750051,51.9482421875,-73.6669921875,74.9755859375
9.4820218,53.9501953125,-73.7646484375,75.3173828125
9.5383537,56.7333984375,-73.6181640625,68.7255859375
9.5424204,59.0283203125,-73.9111328125,60.4248046875
9.5696622,60.2978515625,-73.2275390625,56.6162109375
9.6045484,61.3720703125,-73.3740234375,52.7587890625
9.6621774,62.2998046875,-74.2529296875,42.9931640625
9.6631145,62.6904296875,-74.7412109375,38.2080078125
9.6946034,62.9833984375,-74.4482421875,38.8916015625
9.7402133,62.4462890625,-74.9853515625,41.6748046875
9.7607403,61.7138671875,-75.9130859375,40.7958984375
9.8000794,62.6416015625,-75.9130859375,36.7431640625
9.8213456,62.3486328125,-77.4755859375,29.6630859375
9.8654599,61.7626953125,-77.9638671875,21.8505859375
9.8858399,61.1279296875,-79.3798828125,13.9404296875
9.9236847,61.1279296875,-80.3564453125,7.2021484375
9.9349813,60.4443359375,-81.3330078125,0.8544921875
9.9896583,60.0048828125,-81.9677734375,-4.2236328125
10.010025,59.1259765625,-82.6025390625,-8.7158203125
10.0270262,58.2958984375,-83.2373046875,-12.4267578125
10.0547737,57.5634765625,-83.8720703125,-15.7958984375
10.0866713,56.5380859375,-84.2626953125,-18.7255859375
10.1296843,56.6357421875,-85.4833984375,-22.5341796875
10.1500054,55.5126953125,-86.6552734375,-27.5634765625
10.1922396,54.9755859375,-87.1923828125,-33.0810546875
10.2133262,54.9267578125,-88.3154296875,-37.6708984375
10.2555016,53.9501953125,-86.8505859375,-19.2138671875
10.2762672,53.0712890625,-85.9716796875,38.2568359375
10.3187846,52.3876953125,-85.2392578125,67.4560546875
10.338898,52.8759765625,-84.7509765625,75.3173828125
10.3589689,54.9267578125,-84.6044921875,69.8486328125
10.4111713,57.6123046875,-84.1650390625,62.2802734375
10.4303379,59.9072265625,-83.4814453125,55.3466796875
10.4482807,60.0048828125,-83.7744140625,51.1474609375
10.4786505,61.2255859375,-84.3115234375,42.0166015625
10.5368923,62.4462890625,-84.4091796875,34.3505859375
10.5378285,62.7392578125,-83.7255859375,35.5712890625
10.5721915,62.8857421875,-84.6533203125,38.4521484375
10.6110241,62.0068359375,-84.3603515625,39.7216796875
10.6312658,62.3974609375,-84.8974609375,36.8408203125
10.6801682,62.0068359375,-85.2392578125,28.7353515625
10.6993332,61.6650390625,-85.9228515625,19.9951171875
10.7321584,61.9091796875,-86.1669921875,12.5732421875
10.7524449,61.1279296875,-86.9482421875,5.4443359375
10.8055574,60.9326171875,-88.1689453125,-0.9521484375
10.8241604,60.2001953125,-87.8759765625,-6.7626953125
10.8402629,59.2724609375,-89.5361328125,-10.8642578125
10.8841431,58.7841796875,-89.5361328125,-14.8681640625
10.9054127,57.4658203125,-90.5615234375,-18.6767578125
10.9424658,57.6611328125,-90.8056640625,-21.9970703125
10.9618663,56.4404296875,-92.3681640625,-25.9033203125
10.9979057,55.6103515625,-92.8564453125,-31.5185546875
11.0255675,55.3173828125,-93.8330078125,-36.5966796875
11.0622653,54.0966796875,-93.1494140625,-32.9833984375
11.0833664,53.3154296875,-92.3193359375,17.7001953125
11.1237921,53.5107421875,-91.7822265625,62.2314453125
11.1441506,53.0224609375,-90.7568359375,78.1005859375
11.1854088,54.0966796875,-90.5615234375,78.8330078125
11.204626,57.5634765625,-88.8525390625,74.3896484375
11.2430833,60.7373046875,-88.6572265625,70.0439453125
11.2629488,62.1533203125,-88.3154296875,68.6279296875
11.3005732,63.8134765625,-87.5830078125,66.8701171875
11.3238646,64.6923828125,-87.3388671875,59.3017578125
11.3607402,65.9619140625,-87.6806640625,52.4169921875
11.3809594,66.5478515625,-87.4853515625,50.9033203125
11.4180786,65.9619140625,-87.2412109375,52.2705078125
11.4421458,66.1572265625,-87.1435546875,51.7822265625
11.4784879,66.2060546875,-87.4853515625,48.2666015625
11.5034342,65.9130859375,-87.0458984375,40.7958984375
11.541691,65.3759765625,-87.5830078125,32.7392578125
11.5760744,66.1083984375,-87.6806640625,25.2685546875
11.593977,65.1318359375,-88.4130859375,19.4580078125
11.6254039,64.1064453125,-88.9501953125,13.2080078125
11.6687306,64.2529296875,-88.7548828125,8.1298828125
11.6889159,63.3740234375,-89.5849609375,3.4423828125
11.7292188,61.9091796875,-89.6337890625,-1.2451171875
11.748066,62.1044921875,-90.6591796875,-5.9814453125
11.7849611,61.1767578125,-91.0986328125,-9.9365234375
11.8051314,60.1025390625,-91.5869140625,-13.5009765625
11.8421256,59.5166015625,-92.6611328125,-17.9931640625
11.8649765,58.9306640625,-93.1494140625,-23.6572265625
11.9056792,58.1005859375,-93.9306640625,-29.8583984375
11.9265387,57.3193359375,-94.7119140625,-32.2021484375
11.9637378,56.9775390625,-92.8076171875,1.6845703125
11.9889502,56.1962890625,-92.5146484375,56.4208984375
12.0260304,55.7568359375,-92.1240234375,78.6865234375
12.0462418,55.6103515625,-91.3427734375,84.1552734375
12.0960426,58.4423828125,-90.0244140625,80.3466796875
12.1173327,61.7138671875,-89.7314453125,76.2939453125
12.1350923,63.5205078125,-89.0478515625,75.0732421875
12.1701008,65.3759765625,-88.7548828125,74.2919921875
12.2113064,66.7431640625,-88.6083984375,69.4580078125
12.2326074,68.2080078125,-87.7783203125,60.6689453125
12.2851475,68.8427734375,-88.4619140625,57.7392578125
12.3157658,69.2822265625,-88.1201171875,58.8134765625
12.3167026,69.0869140625,-87.8271484375,58.4716796875
12.3514118,68.5498046875,-88.6572265625,55.9326171875
12.3763999,68.5009765625,-88.3154296875,49.6826171875
12.4138857,68.7451171875,-88.4130859375,41.5283203125
12.4380866,68.9892578125,-89.9267578125,33.9111328125
12.4873329,67.2314453125,-89.8291015625,28.0517578125
12.5094936,67.5244140625,-90.1220703125,21.7529296875
12.5276127,66.3525390625,-90.3662109375,15.8447265625
12.5647442,65.9130859375,-91.0986328125,11.6943359375
12.5885934,65.3759765625,-91.5380859375,6.6650390625
12.6220382,64.3017578125,-91.8310546875,1.9775390625
12.6512822,63.9111328125,-93.0517578125,-2.0751953125
12.6912291,62.5927734375,-93.2958984375,-6.6162109375
12.7128428,62.2509765625,-93.7353515625,-10.8154296875
12.7502924,61.5673828125,-94.9560546875,-15.0634765625
12.7713488,60.2001953125,-94.9560546875,-20.9228515625
12.8080564,59.6142578125,-95.7373046875,-26.0009765625
12.8317524,58.7353515625,-96.7138671875,-31.7626953125
12.8663876,57.9052734375,-95.6884765625,-21.8017578125
12.8908591,56.9287109375,-94.4189453125,32.9345703125
12.9312164,56.1962890625,-94.0283203125,67.8955078125
12.9572451,56.0986328125,-94.5654296875,79.3701171875
13.0063983,57.2216796875,-92.3681640625,77.7587890625
13.0112105,60.2978515625,-92.1240234375,71.4111328125
13.0527081,62.3486328125,-91.4892578125,66.4306640625
13.0746277,64.2529296875,-90.8056640625,64.1357421875
13.1123577,64.7900390625,-91.2451171875,57.8369140625
13.1333688,65.6201171875,-91.5380859375,49.1455078125
13.1686323,66.7919921875,-90.3662109375,47.4365234375
13.1921833,66.7431640625,-90.6591796875,49.0966796875
13.2313233,66.5478515625,-91.1962890625,49.7802734375
13.251402,66.4990234375,-90.0244140625,47.8271484375
13.3031623,66.0595703125,-90.2197265625,43.3349609375
13.3250111,66.6943359375,-90.7080078125,35.6689453125
13.3428999,66.0107421875,-90.1708984375,28.7353515625
13.3780973,66.2060546875,-90.8056640625,22.5341796875
13.4052038,65.3759765625,-90.5126953125,16.1865234375
13.4449613,64.9853515625,-90.2197265625,10.7177734375
13.4680007,64.3017578125,-91.0009765625,6.1767578125
13.5030508,63.7646484375,-91.4404296875,2.5146484375
13.5241729,62.4462890625,-91.1474609375,-1.0498046875
13.5615595,61.9580078125,-91.5869140625,-5.1025390625
13.5853819,60.9814453125,-91.6845703125,-8.4716796875
13.6213326,60.8349609375,-92.6123046875,-14.3798828125
13.6443863,59.5654296875,-92.7587890625,-19.8974609375
13.6842206,58.8330078125,-92.6123046875,-22.8759765625
13.7045058,59.3212890625,-91.3427734375,5.0537109375
13.7363849,57.7587890625,-89.6826171875,54.5166015625
13.7726863,57.1728515625,-89.3408203125,74.7802734375
13.7938902,56.6845703125,-87.6806640625,79.4189453125
13.836145,58.9306640625,-86.8994140625,74.8779296875
13.8551174,61.1279296875,-86.1181640625,68.2373046875
13.8944044,63.9111328125,-85.0927734375,65.4541015625
13.9147156,65.0830078125,-84.1162109375,62.2314453125
13.9641225,65.5224609375,-84.1650390625,53.8818359375
13.9781023,66.4013671875,-83.9208984375,47.7294921875
14.027334,67.3291015625,-83.3349609375,48.3642578125
14.0365377,67.5732421875,-82.7001953125,50.3662109375
14.0689617,67.5244140625,-83.1396484375,50.5126953125
14.1072161,66.8896484375,-83.7255859375,44.8974609375
14.1256136,67.0361328125,-82.7001953125,38.4033203125
14.1605578,66.6455078125,-82.7978515625,30.0048828125
14.1874859,66.2060546875,-83.2373046875,23.0712890625
14.2165839,66.0595703125,-83.0419921875,16.8212890625
14.2494272,65.5712890625,-83.4326171875,10.2783203125
14.2799426,64.5947265625,-84.1650390625,5.3955078125
14.306885,64.3505859375,-84.1162109375,0.7568359375
14.3378462,63.5693359375,-84.7998046875,-3.6865234375
14.3685407,62.7880859375,-85.1416015625,-7.6416015625
14.398538,62.4951171875,-85.5322265625,-11.3037109375
14.4305751,61.5185546875,-85.1904296875,-15.6005859375
14.4586477,60.2490234375,-86.5576171875,-20.6787109375
14.4917224,60.4443359375,-86.4111328125,-26.0986328125
14.5186745,58.9794921875,-87.4853515625,-30.8349609375
14.5476063,58.6376953125,-86.2646484375,-20.8251953125
14.5798633,57.1240234375,-84.7021484375,34.7900390625
14.6100966,57.4169921875,-82.9443359375,69.3115234375
14.6394963,56.1474609375,-81.5771484375,81.0302734375
14.6698253,56.8798828125,-80.3564453125,81.0791015625
14.7048049,59.7119140625,-78.5986328125,76.7822265625
14.7287227,63.2275390625,-77.8173828125,73.8037109375
14.7606538,64.4482421875,-76.6943359375,73.4130859375
14.7906119,66.1572265625,-75.6689453125,71.3134765625
14.8224285,68.0126953125,-74.2041015625,62.4267578125
14.8678143,68.9892578125,-74.0576171875,57.4951171875
14.887931,70.0146484375,-73.6181640625,56.6162109375
14.9361813,70.3076171875,-73.2763671875,57.2998046875
14.9578982,70.2099609375,-72.5927734375,55.9326171875
14.9721111,69.5263671875,-72.0068359375,51.7333984375
15.0018152,69.6240234375,-72.3486328125,44.7021484375
15.0314572,69.9169921875,-71.6650390625,36.3525390625
15.0623458,69.9658203125,-72.0068359375,29.6142578125
15.0936798,69.7216796875,-72.2021484375,23.9013671875
15.1387906,68.6474609375,-72.0556640625,18.2373046875
15.1611201,68.3056640625,-72.1533203125,13.0615234375
15.2000947,67.3779296875,-72.0556640625,8.2763671875
15.219986,66.7919921875,-72.2998046875,3.3935546875
15.2601637,66.2060546875,-72.7880859375,-1.2939453125
15.272268,65.7177734375,-73.1787109375,-6.0302734375
15.3032241,64.1552734375,-73.2275390625,-10.4248046875
15.3334052,63.5205078125,-74.3505859375,-15.2099609375
15.3628616,62.3974609375,-74.2041015625,-18.9697265625
15.3917537,62.0068359375,-74.6435546875,-24.3408203125
15.4248949,60.6884765625,-75.9130859375,-29.8583984375
15.4548443,60.6884765625,-75.9130859375,-35.6689453125
15.5170572,58.7841796875,-74.6923828125,-27.4169921875
15.518017,58.9306640625,-72.7392578125,28.3935546875
15.5420403,57.6611328125,-71.6650390625,67.3583984375
15.5902583,57.9541015625,-70.6396484375,80.8349609375
15.6113636,57.5146484375,-69.5166015625,81.3720703125
15.6588182,59.3212890625,-67.8564453125,77.1728515625
15.6804046,63.4716796875,-66.1962890625,73.3642578125
15.6944459,65.6689453125,-65.4150390625,74.1455078125
15.752545,66.6455078125,-64.7802734375,71.2158203125
15.7844736,68.3544921875,-64.3896484375,63.5498046875
15.7855406,70.2099609375,-64.6337890625,57.2998046875
15.8295008,71.4306640625,-64.0478515625,55.8837890625
15.850458,71.3330078125,-64.6337890625,56.5673828125
15.8886905,71.2353515625,-64.2919921875,55.7861328125
15.908705,70.7470703125,-64.8779296875,51.2451171875
15.949781,70.7958984375,-65.7080078125,44.0185546875
15.9705508,71.2353515625,-65.7568359375,36.7919921875
16.018984,70.7958984375,-65.6103515625,29.6630859375
16.0401766,70.5517578125,-66.4404296875,22.9736328125
16.0556022,69.5263671875,-67.3193359375,17.8466796875
16.1015577,68.6474609375,-67.2705078125,11.5966796875
16.1219104,67.8662109375,-68.4423828125,6.6650390625
16.1570688,67.0849609375,-69.3212890625,2.3193359375
16.1776165,66.6943359375,-69.5166015625,-2.2216796875
16.2184844,66.3037109375,-70.6884765625,-6.0302734375
16.2394086,64.7900390625,-71.2744140625,-10.7177734375
16.2794145,64.0576171875,-72.0068359375,-15.3564453125
16.2995606,63.5205078125,-72.7392578125,-20.2392578125
16.3520016,62.2509765625,-73.8134765625,-24.3408203125
16.3707613,61.4208984375,-74.9365234375,-29.6142578125
16.3927977,60.5419921875,-75.8154296875,-35.8154296875
16.4290176,59.8583984375,-75.9619140625,-39.1357421875
16.4512698,59.2236328125,-74.4970703125,-10.8154296875
16.4894087,58.9794921875,-73.6181640625,47.0458984375
16.5093708,58.1494140625,-72.5439453125,70.6787109375
16.5496603,56.6845703125,-71.5185546875,75.7568359375
16.5715959,57.7587890625,-71.6650390625,71.0205078125
16.6162932,60.6396484375,-71.1279296875,63.8916015625
16.6369702,63.4228515625,-71.0791015625,59.8388671875
16.6683947,65.2294921875,-70.7373046875,57.3486328125
16.6900147,66.1083984375,-71.7626953125,50.3173828125
16.7302477,67.8662109375,-71.7138671875,43.1396484375
16.7518734,68.4033203125,-71.6162109375,42.9443359375
16.7918878,69.2333984375,-72.0556640625,44.4091796875
16.8129907,68.8427734375,-72.6416015625,45.0927734375
16.8513057,68.3056640625,-73.9599609375,42.2119140625
16.8731342,68.0126953125,-74.5458984375,36.3037109375
16.9101804,68.0126953125,-75.0341796875,28.1494140625
16.9332281,67.9150390625,-75.7177734375,20.9716796875
16.9771506,68.0126953125,-76.3037109375,14.6728515625
16.9972374,67.0849609375,-77.5244140625,8.2275390625
17.0343966,66.6455078125,-78.4033203125,2.8076171875
17.05501,66.2060546875,-78.6474609375,-2.2705078125
17.1030425,64.9853515625,-79.9658203125,-6.3232421875
17.1337104,64.7412109375,-81.0400390625,-9.2041015625
17.144719,63.6669921875,-82.0654296875,-12.3779296875
17.1878121,63.2763671875,-82.2607421875,-16.5283203125
17.2086705,62.3486328125,-83.4326171875,-21.6552734375
17.2586033,61.2744140625,-84.9462890625,-27.6123046875
17.2801017,60.8349609375,-84.6533203125,-31.5673828125
17.2931377,60.7373046875,-83.8720703125,-14.7216796875
17.3319795,59.8095703125,-82.9443359375,40.7958984375
17.3529281,59.1259765625,-82.8466796875,67.9443359375
17.3935214,58.0517578125,-82.2119140625,76.2939453125
17.4140108,57.2705078125,-82.2607421875,73.7548828125
17.4618708,59.6630859375,-81.9677734375,66.1376953125
17.4819385,63.4716796875,-81.8701171875,61.6943359375
17.520137,66.0107421875,-82.1630859375,59.0087890625
17.5401181,66.7919921875,-82.6025390625,51.0009765625
17.5896708,67.5244140625,-83.2861328125,43.0419921875
17.6093163,69.2333984375,-83.2373046875,41.9677734375
17.6252207,69.7216796875,-83.0908203125,44.1162109375
17.6690906,69.5263671875,-83.1396484375,44.8486328125
17.6874105,69.6240234375,-83.7744140625,41.4794921875
17.7229297,69.1357421875,-83.8720703125,35.1806640625
17.7479139,68.7451171875,-84.8486328125,26.8798828125
17.7849896,68.6474609375,-86.1669921875,18.7744140625
17.8051479,68.7939453125,-86.7041015625,11.3525390625
17.8484895,67.7685546875,-87.6806640625,6.1279296875
17.8696612,67.5732421875,-88.6572265625,0.7568359375
17.9166374,66.6455078125,-89.4873046875,-5.2490234375
17.9271552,65.4248046875,-88.9501953125,-9.5458984375
17.9673454,64.9853515625,-90.6103515625,-13.4033203125
17.9874098,64.3017578125,-91.5869140625,-17.1630859375
18.0255582,63.7646484375,-92.5634765625,-21.5576171875
18.0470434,62.3486328125,-93.7841796875,-25.5126953125
18.091161,62.2509765625,-94.3212890625,-30.4443359375
18.1118785,61.2255859375,-95.5908203125,-37.2314453125
18.1518639,60.0048828125,-95.0537109375,-37.7197265625
18.1710678,59.6142578125,-94.4677734375,0.5615234375
18.2141211,58.6376953125,-94.3212890625,53.9794921875
18.2350046,58.2470703125,-94.5654296875,75.2685546875
18.2760191,56.8310546875,-93.5400390625,80.5908203125
18.2867396,57.8076171875,-93.1005859375,76.5380859375
18.331324,60.0537109375,-93.0029296875,71.4111328125
18.3516263,64.1064453125,-92.5634765625,69.9462890625
18.386898,66.1572265625,-92.9052734375,69.2138671875
18.409526,67.3779296875,-92.2705078125,63.0126953125
18.4468289,68.9404296875,-91.7822265625,54.7607421875
18.4683002,70.6982421875,-92.8076171875,51.2451171875
18.5124634,71.4794921875,-91.9287109375,51.9287109375
18.5327909,71.7236328125,-92.4169921875,51.8798828125
18.5617126,71.3330078125,-92.3193359375,50.1708984375
18.6080399,71.3818359375,-92.9052734375,43.7744140625
18.6290238,70.8447265625,-93.3447265625,34.5947265625
18.6498206,70.8935546875,-93.8818359375,27.0751953125
18.6938989,71.2841796875,-94.2236328125,19.7021484375
18.7102916,70.3076171875,-94.3701171875,13.3056640625
18.7527819,69.8193359375,-95.2001953125,7.1044921875
18.7703001,68.8427734375,-95.5908203125,1.6845703125
18.8002149,68.1103515625,-96.2744140625,-2.0751953125
18.832834,67.1826171875,-96.9091796875,-6.7138671875
18.8705572,66.5966796875,-98.1787109375,-11.4990234375
18.8940535,65.1318359375,-98.8134765625,-15.9423828125
18.9238624,64.9853515625,-98.9599609375,-20.3857421875
18.9572327,64.1552734375,-100.7177734375,-25.1708984375
19.0018461,63.0810546875,-101.9873046875,-30.5419921875
19.0218446,62.5439453125,-102.8662109375,-36.6455078125
19.040825,61.3232421875,-103.1103515625,-42.6025390625
19.0757342,60.2490234375,-103.8427734375,-42.6513671875
19.1135237,59.8095703125,-103.2568359375,3.9306640625
19.135705,58.7353515625,-102.5732421875,56.5185546875
19.1656869,58.5888671875,-103.1591796875,75.8056640625
19.1946664,57.9052734375,-102.5244140625,78.5888671875
19.2244685,58.1982421875,-102.7197265625,73.3642578125
19.2553129,59.7119140625,-102.1826171875,68.4814453125
19.2842357,62.9345703125,-102.2802734375,65.9912109375
19.3135462,66.1572265625,-102.1337890625,64.7216796875
19.3457758,67.2802734375,-102.6708984375,57.2021484375
19.3744389,68.0126953125,-102.7197265625,48.6572265625
19.4064856,69.7216796875,-102.7197265625,46.4111328125
19.4356628,70.5517578125,-103.4521484375,46.7529296875
19.4675738,70.9423828125,-102.9150390625,46.9970703125
19.498338,70.6982421875,-103.4033203125,43.5791015625
19.5355862,70.3564453125,-104.1357421875,38.4521484375
19.5567913,69.7216796875,-104.5751953125,29.9072265625
19.5878659,69.2822265625,-104.3310546875,22.0947265625
19.6149861,69.6728515625,-105.4541015625,14.6728515625
19.6480847,69.0380859375,-105.4541015625,8.3251953125
19.6779655,68.1103515625,-105.9423828125,1.8798828125
19.7067802,67.8662109375,-106.2841796875,-2.6611328125
19.7378211,66.5478515625,-107.2607421875,-7.2509765625
19.7671387,66.2548828125,-108.0908203125,-10.2783203125
19.7970016,65.1318359375,-107.9931640625,-15.7958984375
19.8295731,64.2529296875,-108.5791015625,-19.5556640625
19.8566514,63.5205078125,-109.3115234375,-23.6572265625
19.8910506,62.9345703125,-109.8974609375,-28.1494140625
19.9178884,62.0556640625,-110.9228515625,-33.0322265625
19.9480771,60.4931640625,-111.4111328125,-39.0869140625
19.9790974,60.2978515625,-111.1669921875,-42.5537109375
20.0278769,59.6142578125,-110.6787109375,-7.3486328125
20.0592865,58.5888671875,-110.0927734375,47.0458984375
20.0702611,58.1005859375,-109.4091796875,68.1396484375
20.0980789,57.5634765625,-109.2138671875,71.7529296875
20.1289058,57.2705078125,-107.9443359375,65.1611328125
20.1620268,57.9052734375,-107.7001953125,56.1279296875
20.1877565,61.5673828125,-107.4560546875,50.7080078125
20.2373516,64.0087890625,-107.4560546875,46.2646484375
20.2512915,65.0830078125,-107.8466796875,36.5478515625
20.2794946,66.0107421875,-107.3095703125,31.7626953125
20.31214,66.8408203125,-106.7236328125,33.8134765625
20.3400075,67.3779296875,-106.0888671875,36.0595703125
20.3683308,67.0361328125,-106.7724609375,35.7666015625
20.4203037,67.3779296875,-105.9912109375,31.8603515625
20.4519137,66.6455078125,-106.1376953125,24.3896484375
20.4598823,66.4501953125,-106.5771484375,15.3564453125
20.5141128,66.2548828125,-107.1142578125,7.9345703125
20.5347839,65.8154296875,-106.4794921875,1.2451171875
20.5497909,65.3271484375,-106.8701171875,-5.2490234375
20.58073,65.1318359375,-106.7724609375,-10.2294921875
20.6085232,64.1552734375,-107.4560546875,-15.6494140625
20.6559701,63.5205078125,-107.3583984375,-19.4580078125
20.6870359,62.5927734375,-107.4560546875,-22.5341796875
20.6979946,62.6416015625,-107.4072265625,-25.9521484375
20.7501901,61.0791015625,-108.3349609375,-30.0537109375
20.7703632,60.4931640625,-107.9443359375,-35.5224609375
20.8093521,60.1513671875,-108.3349609375,-39.7705078125
20.8286619,59.2236328125,-106.8212890625,-31.6650390625
20.8674829,58.6376953125,-105.1123046875,23.6083984375
20.8888499,57.6611328125,-104.7705078125,60.9619140625
20.9273139,58.1494140625,-103.6962890625,72.9248046875
20.9484502,57.2216796875,-102.7685546875,72.2412109375
20.9862662,57.2705078125,-101.9873046875,66.8212890625
21.0052911,59.0771484375,-100.6201171875,61.8896484375
21.031173,62.5439453125,-99.3017578125,60.3759765625
21.0665601,64.9365234375,-99.3505859375,55.9814453125
21.104756,66.3525390625,-98.4228515625,47.2412109375
21.1250345,67.0849609375,-97.3486328125,42.5537109375
21.1746564,68.3544921875,-96.4208984375,42.7490234375
21.1962084,69.3310546875,-96.1767578125,43.3837890625
21.2142264,69.0380859375,-95.3955078125,42.5537109375
21.2433471,69.1357421875,-94.4677734375,37.6220703125
21.2901619,68.6474609375,-94.8095703125,30.6396484375
21.3140877,68.8916015625,-94.2724609375,23.1689453125
21.353571,68.7451171875,-94.5166015625,15.8935546875
21.3727068,68.6474609375,-93.9794921875,10.2783203125
21.4234168,68.0615234375,-94.0283203125,4.4189453125
21.4244475,67.5732421875,-93.0517578125,-0.8544921875
21.4594581,67.2314453125,-93.8330078125,-5.2001953125
21.4942385,66.5478515625,-93.6376953125,-9.9853515625
21.5161223,65.4248046875,-94.3701171875,-13.3544921875
21.5582953,65.0830078125,-93.2958984375,-16.9189453125
21.577445,63.8623046875,-93.9306640625,-20.9228515625
21.61958,63.5205078125,-94.6142578125,-25.2197265625
21.6390806,63.1787109375,-94.6630859375,-30.4443359375
21.6892613,61.5673828125,-95.0537109375,-36.4013671875
21.7101326,60.9814453125,-93.4912109375,-37.1826171875
21.7271174,60.2001953125,-92.0263671875,2.6123046875
21.7587118,59.6630859375,-90.6591796875,54.5166015625
21.7997061,58.8818359375,-88.7548828125,73.4130859375
21.8209664,58.1982421875,-87.4853515625,78.1005859375
21.8605917,57.9052734375,-85.3857421875,74.9755859375
21.8803352,59.2724609375,-83.0908203125,71.2158203125
21.9229708,62.7392578125,-81.3818359375,69.4091796875
21.9438249,65.9130859375,-79.9658203125,69.6533203125
21.9812016,67.6708984375,-78.5009765625,63.7451171875
22.0011323,68.9892578125,-77.1337890625,55.7373046875
22.0485126,70.9423828125,-76.9873046875,53.6376953125
22.0693119,72.7001953125,-76.0595703125,54.1259765625
22.1054735,73.1884765625,-74.9853515625,53.8818359375
22.1256446,72.9931640625,-75.0830078125,51.5869140625
22.1626468,72.7978515625,-74.6435546875,46.1669921875
22.1833344,72.8466796875,-74.2041015625,38.8427734375
22.2140888,72.7001953125,-73.9599609375,31.5673828125
22.2391037,72.5537109375,-73.8134765625,25.8544921875
22.298483,71.6748046875,-73.9599609375,21.4111328125
22.3203232,71.2353515625,-73.1787109375,15.1123046875
22.3321518,71.1376953125,-73.9111328125,10.5712890625
22.3740967,70.8447265625,-73.8134765625,6.5185546875
22.3952823,69.2822265625,-73.7646484375,2.2216796875
22.4361186,68.9892578125,-74.5458984375,-1.3427734375
22.4556602,67.8662109375,-74.3017578125,-5.5419921875
22.4965128,67.2802734375,-75.1318359375,-9.5458984375
22.5167744,66.5478515625,-75.1806640625,-13.7451171875
22.5644572,65.9619140625,-75.9130859375,-18.7744140625
22.5834525,64.5947265625,-76.4501953125,-24.0478515625
22.6024625,64.8388671875,-76.9873046875,-29.8095703125
22.6338279,63.2275390625,-76.3525390625,-33.4228515625
22.6744827,62.3486328125,-74.4970703125,-6.5673828125
22.6950333,61.7138671875,-71.9091796875,50.1220703125
22.7370397,61.2255859375,-70.9326171875,72.3388671875
22.7653954,60.5908203125,-70.2001953125,78.3447265625
22.782349,59.8583984375,-68.6376953125,74.4873046875
22.8275941,60.1025390625,-67.1728515625,68.4326171875
22.8479157,62.2021484375,-65.7080078125,65.2099609375
22.88543,66.0595703125,-65.2685546875,63.7939453125
22.9056203,67.7685546875,-65.1708984375,57.8857421875
22.9446651,68.9892578125,-63.5595703125,51.3427734375
22.9669541,70.9912109375,-63.2177734375,50.6591796875
23.0083272,71.5283203125,-64.1455078125,52.6123046875
23.0287415,72.3583984375,-63.4130859375,53.3447265625
23.0687624,72.1630859375,-63.7548828125,51.1474609375
23.0890284,71.5771484375,-63.7548828125,46.3134765625
23.1268781,71.6748046875,-64.0478515625,39.5751953125
23.1553802,72.3095703125,-64.2919921875,33.6181640625
23.2034367,72.0654296875,-64.7314453125,26.9287109375
23.2043889,71.8212890625,-64.8779296875,22.3388671875
23.2352626,71.8701171875,-65.6103515625,17.6513671875
23.2766103,71.1376953125,-66.0498046875,14.1357421875
23.2976718,70.1123046875,-65.9033203125,10.4736328125
23.3430593,69.3310546875,-66.6357421875,7.6416015625
23.35522,68.7939453125,-67.6123046875,4.4189453125
23.4032297,67.6708984375,-68.2470703125,1.3427734375
23.4156497,67.1337890625,-69.2724609375,-4.0771484375
23.4449694,66.6943359375,-69.8583984375,-10.0830078125
23.4773375,65.5224609375,-69.2236328125,-14.9658203125
23.520059,65.5224609375,-68.1494140625,3.0029296875
23.5402762,64.0576171875,-65.9521484375,53.2470703125
23.5815872,62.9345703125,-65.5126953125,77.2705078125
23.596841,63.1787109375,-64.4873046875,84.2529296875
23.6441444,61.8603515625,-63.9990234375,82.2998046875
23.6583801,61.5673828125,-62.9736328125,76.2939453125
23.7048054,64.6923828125,-62.5341796875,72.5341796875
23.7243384,67.5732421875,-63.5107421875,69.9462890625
23.764236,69.9658203125,-63.4619140625,63.7451171875
23.7782092,70.9912109375,-63.6572265625,56.6650390625
23.8239863,71.9189453125,-63.5595703125,56.5673828125
23.8382199,73.2861328125,-63.4130859375,58.9111328125
23.866416,74.1162109375,-64.4873046875,59.9853515625
23.9004224,73.6767578125,-65.1220703125,57.1044921875
23.9424462,74.1162109375,-65.8056640625,51.8310546875
23.9563957,73.9208984375,-66.8798828125,44.4580078125
23.9917095,73.4326171875,-67.3681640625,37.5732421875
24.0187443,73.4814453125,-68.1982421875,31.7626953125
24.0600571,73.2861328125,-68.7841796875,26.5380859375
24.0814181,72.6513671875,-69.7119140625,21.0205078125
24.1103755,72.1142578125,-70.6884765625,16.4794921875
24.1402449,71.7236328125,-71.4697265625,12.3779296875
24.1711842,70.6982421875,-72.3974609375,9.3505859375
24.1980148,69.7705078125,-73.4228515625,6.2255859375
24.2339141,68.7451171875,-74.2529296875,1.8310546875
24.2610886,68.6474609375,-75.6201171875,-2.8564453125
24.2930048,67.6708984375,-76.5966796875,-8.7646484375
24.3232895,67.0849609375,-77.1337890625,-13.4033203125
24.3501854,66.0595703125,-76.3037109375,-3.7353515625
24.384215,65.5224609375,-75.1806640625,50.5126953125
24.4130599,64.6923828125,-74.8876953125,81.5185546875
24.4402925,63.4716796875,-73.7646484375,92.9931640625
24.4744156,62.6416015625,-73.5205078125,92.9931640625
24.5024434,62.2509765625,-73.4228515625,89.2822265625
24.535191,63.4716796875,-72.2021484375,86.9384765625
24.5623598,67.7197265625,-72.7880859375,87.2314453125
24.5917535,70.2099609375,-73.0322265625,85.1806640625
24.6256373,71.7236328125,-73.2275390625,78.4912109375
24.6535491,73.8232421875,-72.7880859375,74.4384765625
24.6814272,75.4345703125,-73.0322265625,74.1455078125
24.7169264,77.0947265625,-73.2275390625,74.4873046875
24.7448085,77.5830078125,-73.4228515625,73.6572265625
24.7717238,77.4365234375,-74.3994140625,70.0439453125
24.8057191,77.1435546875,-74.6435546875,63.9404296875
24.8335981,77.3388671875,-75.7177734375,56.2744140625
24.862544,76.8994140625,-76.0107421875,50.4638671875
24.8956916,76.9970703125,-76.9384765625,45.4833984375
24.9235319,77.7294921875,-77.8173828125,39.6240234375
24.953669,76.3134765625,-78.7451171875,35.0830078125
24.9868975,75.7763671875,-79.3798828125,31.5185546875
25.0129,75.0927734375,-79.5263671875,27.2705078125
25.0459781,73.9208984375,-80.7958984375,23.6083984375
25.0756254,73.8720703125,-81.5283203125,18.9208984375
25.1063223,72.4072265625,-82.5537109375,14.5263671875
25.1363903,71.4306640625,-83.3837890625,9.9365234375
25.170363,71.2841796875,-84.7998046875,4.5654296875
25.1952492,70.5029296875,-86.5087890625,0.0244140625
25.225808,69.7705078125,-86.4111328125,-6.8115234375
25.2537442,68.8916015625,-88.1201171875,-12.6708984375
25.2880134,68.1591796875,-86.7529296875,-4.0771484375
25.3168843,66.8896484375,-85.6298828125,52.0751953125
25.3426951,65.7177734375,-86.0693359375,86.6455078125
25.3794053,65.1318359375,-86.2646484375,98.9990234375
25.4058418,64.6435546875,-85.7275390625,98.1201171875
25.4541588,63.4716796875,-85.3857421875,94.7509765625
25.4802719,64.2529296875,-85.6787109375,92.3095703125
25.4982781,67.6708984375,-84.6533203125,93.1884765625
25.5313831,71.3818359375,-86.1669921875,91.7724609375
25.5593276,72.5537109375,-85.0927734375,85.1318359375
25.5918125,74.6533203125,-85.4345703125,80.4443359375
25.63761,75.6787109375,-86.1181640625,79.6142578125
25.6576111,78.2177734375,-86.4599609375,80.6884765625
25.676495,79.1455078125,-87.2412109375,79.1748046875
25.7097979,78.7548828125,-87.3388671875,76.5380859375
25.7395547,79.1943359375,-87.5830078125,69.9462890625
25.7701766,78.6083984375,-88.8037109375,63.6474609375
25.8137763,79.1455078125,-89.0966796875,56.4208984375
25.8343272,78.9013671875,-89.9267578125,50.8056640625
25.872032,78.5595703125,-90.4638671875,45.5322265625
25.891398,78.3154296875,-91.2451171875,41.7236328125
25.9199849,77.6806640625,-92.5146484375,37.6220703125
25.9526217,76.5087890625,-92.6611328125,34.0087890625
25.9787452,76.1181640625,-93.2470703125,29.3701171875
26.0096009,75.6298828125,-93.9794921875,25.2685546875
26.0416742,74.1650390625,-95.2978515625,21.2646484375
26.070387,74.1650390625,-95.9814453125,15.9423828125
26.1165057,72.6025390625,-96.5185546875,11.2548828125
26.1356416,72.2119140625,-97.5439453125,6.6650390625
26.1747252,71.2353515625,-98.6181640625,0.4150390625
26.1953378,70.0146484375,-99.8388671875,-5.4443359375
26.2473338,69.7216796875,-99.2529296875,-9.0087890625
26.2674463,69.1357421875,-99.1552734375,21.5087890625
26.28331,67.9150390625,-98.4716796875,73.1689453125
26.312268,66.9384765625,-98.4228515625,93.0419921875
26.344866,65.7666015625,-98.0810546875,97.2412109375
26.3895251,65.2783203125,-98.7158203125,92.5048828125
26.4034293,64.3017578125,-97.4462890625,84.7900390625
26.4313464,66.1083984375,-97.5439453125,82.3486328125
26.4646722,69.3798828125,-97.5439453125,80.8349609375
26.4928789,72.1630859375,-98.0322265625,72.7294921875
26.5208412,73.3837890625,-97.5439453125,68.9697265625
26.5546368,74.5556640625,-97.6416015625,69.4580078125
26.5810832,75.6298828125,-97.6904296875,71.4111328125
26.6307222,77.0947265625,-97.6416015625,71.9482421875
26.6437028,77.4853515625,-98.6181640625,68.1396484375
26.6876539,77.1435546875,-98.9111328125,61.6455078125
26.7081467,76.8505859375,-98.7158203125,53.6376953125
26.7534819,77.1435546875,-99.5458984375,47.3388671875
26.7799851,77.2412109375,-99.7412109375,41.9677734375
26.7958715,77.2900390625,-100.4736328125,36.0595703125
26.8235456,76.6552734375,-100.2783203125,30.5419921875
26.8540158,75.8251953125,-101.0107421875,26.4404296875
26.8866215,76.1669921875,-101.3037109375,21.6552734375
26.9166744,74.4580078125,-102.4267578125,18.7744140625
26.9609383,73.6767578125,-102.6708984375,14.9169921875
26.9803985,73.5302734375,-102.4267578125,11.7431640625
27.0035489,72.0166015625,-103.2568359375,7.1533203125
27.0337086,71.4306640625,-104.0869140625,0.3173828125
27.0670441,71.2841796875,-104.6240234375,-5.2978515625
27.0937915,69.8193359375,-104.9169921875,-8.7158203125
27.1556615,69.1357421875,-103.8427734375,20.6298828125
27.1566488,68.5009765625,-103.5498046875,72.8271484375
27.1861696,66.9384765625,-103.6474609375,94.5068359375
27.2342197,66.5966796875,-103.0615234375,99.7314453125
27.2544982,64.8876953125,-101.8896484375,96.1669921875
27.2910284,65.0341796875,-101.4990234375,91.8701171875
27.3121932,65.4248046875,-101.1083984375,89.4775390625
27.3536328,68.9404296875,-101.4990234375,88.4033203125
27.3757168,72.1630859375,-101.2060546875,82.9345703125
27.4127731,74.2138671875,-100.7177734375,75.7080078125
27.4329304,74.9951171875,-100.7666015625,74.0966796875
27.4844204,76.5087890625,-100.4736328125,74.3408203125
27.5049417,77.9736328125,-100.0830078125,74.9755859375
27.5159772,78.6572265625,-100.8642578125,71.9482421875
27.5493329,78.1201171875,-101.0595703125,65.6005859375
27.5779204,78.1689453125,-101.2060546875,56.8603515625
27.6238079,77.7294921875,-100.8642578125,49.6337890625
27.6418861,78.2177734375,-101.3037109375,44.1162109375
27.6851631,77.8759765625,-101.7431640625,38.0126953125
27.7181485,77.7294921875,-102.6708984375,32.5439453125
27.7291174,76.8505859375,-102.2802734375,27.5634765625
27.757073,76.6064453125,-102.6220703125,23.4130859375
27.7904904,75.4345703125,-103.5498046875,19.0185546875
27.8361922,74.7021484375,-104.3798828125,14.2822265625
27.8563334,74.2138671875,-103.7939453125,9.2529296875
27.8821089,73.4326171875,-105.2587890625,4.4677734375
27.9099119,72.1630859375,-105.3076171875,-0.7080078125
27.9379183,71.1376953125,-106.5771484375,-5.6884765625
27.9707188,70.3076171875,-106.9677734375,-11.0107421875
28.0002097,69.7705078125,-108.2861328125,-16.8212890625
28.0297212,69.3310546875,-108.2373046875,-21.8017578125
28.0807716,67.9638671875,-107.0166015625,-9.3017578125
28.0901254,66.1572265625,-106.5771484375,51.6357421875
28.1234191,65.5224609375,-106.7236328125,86.0107421875
28.168386,65.8642578125,-105.5517578125,96.8017578125
28.1887041,63.8623046875,-105.6005859375,95.9228515625
28.2357767,63.7646484375,-105.3564453125,90.0634765625
28.2428115,63.5205078125,-103.9892578125,86.8896484375
28.2717286,65.8642578125,-104.1845703125,86.3037109375
28.3025953,68.8916015625,-104.1845703125,83.9111328125
28.3310251,71.9189453125,-103.8427734375,76.1962890625
28.3599338,73.7744140625,-103.6962890625,69.2626953125
28.392584,74.4580078125,-103.5498046875,68.8720703125
28.4207148,76.8505859375,-103.5498046875,68.7744140625
28.4692532,77.1435546875,-104.2822265625,67.7490234375
28.482198,77.6318359375,-103.9892578125,63.1591796875
28.5290501,77.7783203125,-103.4521484375,55.8349609375
28.548478,76.8505859375,-104.3310546875,48.5107421875
28.5924831,76.6552734375,-104.2822265625,40.8447265625
28.6017218,76.4599609375,-104.9169921875,34.3505859375
28.6354564,76.5087890625,-104.7216796875,28.4912109375
28.6637959,76.3134765625,-105.7470703125,22.0947265625
28.6926901,76.2158203125,-105.6005859375,17.6025390625
28.7387217,75.0439453125,-105.9423828125,12.8662109375
28.7601932,73.9208984375,-106.1376953125,8.7646484375
28.7825112,73.1884765625,-107.0654296875,3.7353515625
28.8156365,72.9931640625,-107.0654296875,-0.5126953125
28.8438314,71.7724609375,-107.4072265625,-5.6884765625
28.878987,70.6005859375,-108.2861328125,-10.5224609375
28.9047273,69.9169921875,-109.3115234375,-15.2099609375
28.9336776,69.5263671875,-109.4580078125,-21.0205078125
28.9667882,67.9638671875,-110.0927734375,-26.7333984375
28.9960273,67.3291015625,-108.9697265625,-30.9326171875
29.028081,66.5478515625,-107.7490234375,-1.0009765625
29.0586297,65.3759765625,-106.7236328125,57.5927734375
29.0851652,64.3505859375,-106.3330078125,81.4208984375
29.1180795,63.8134765625,-105.9423828125,85.8642578125
29.1460142,63.0322265625,-104.2822265625,79.0283203125
29.1768709,62.1044921875,-104.0869140625,70.3369140625
29.2090471,61.8115234375,-103.2080078125,64.8681640625
29.2379117,64.1552734375,-102.3779296875,61.6455078125
29.2657763,66.7919921875,-102.4755859375,53.1982421875
29.2984402,69.5751953125,-101.3525390625,45.7763671875
29.3282167,70.4052734375,-100.6689453125,47.0458984375
29.3611756,71.5771484375,-100.2294921875,50.3173828125
29.3909808,72.4560546875,-99.7900390625,51.3427734375
29.4169009,72.8466796875,-99.3017578125,48.1201171875
29.4510967,73.3837890625,-98.8623046875,40.9423828125
29.4777729,72.2119140625,-98.3740234375,32.3486328125
29.5090661,72.2607421875,-98.6181640625,24.8291015625
29.5419749,71.9677734375,-98.4716796875,17.5537109375
29.5668664,71.7236328125,-98.2275390625,11.1572265625
29.6010064,71.4794921875,-98.2275390625,5.2978515625
29.6302843,70.8935546875,-98.3740234375,1.6845703125
29.6602164,70.4541015625,-97.5439453125,-3.7353515625
29.693071,69.7705078125,-97.9833984375,-7.3486328125
29.7212684,68.6474609375,-97.3974609375,-11.0107421875
29.7480464,68.1591796875,-97.8857421875,-15.2587890625
29.7820374,67.9150390625,-98.0322265625,-19.5068359375
29.8129631,66.2060546875,-98.8134765625,-25.1708984375
29.839092,66.1083984375,-97.0556640625,-30.2490234375
29.8739629,64.9853515625,-95.4443359375,-15.8935546875
29.9018847,64.2529296875,-93.1982421875,41.1865234375
29.9328125,63.2275390625,-90.8544921875,73.5595703125
29.963691,62.3974609375,-89.7314453125,82.8857421875
29.9906291,62.0556640625,-88.4130859375,80.1025390625
30.0241953,61.2744140625,-86.9970703125,71.8994140625
30.0515571,60.8837890625,-84.6533203125,65.0634765625
30.0816942,61.9091796875,-83.4326171875,63.4033203125
30.1136539,64.7900390625,-82.3583984375,57.2509765625
30.1427121,67.7685546875,-81.6748046875,48.4130859375
30.1715898,69.2333984375,-80.5029296875,45.6298828125
30.2045951,70.2099609375,-80.1611328125,46.4599609375
30.2323618,71.6748046875,-78.9404296875,48.6083984375
30.2616779,73.0419921875,-78.6962890625,45.8740234375
30.2944202,72.7978515625,-78.8916015625,39.6240234375
30.321406,72.5537109375,-78.2080078125,30.4931640625
30.373287,71.8701171875,-79.0380859375,21.1669921875
30.3842656,71.9189453125,-78.5009765625,12.9638671875
30.4151368,71.8212890625,-78.3544921875,6.2744140625
30.4491214,71.7236328125,-78.2568359375,0.5615234375
30.4744135,71.2841796875,-79.8681640625,-5.2978515625
30.5024373,70.7958984375,-79.3798828125,-9.8876953125
30.5345157,70.2099609375,-80.6982421875,-14.5751953125
30.5635367,68.6474609375,-80.6494140625,-18.3349609375
30.5911309,68.2080078125,-80.8447265625,-22.2900390625
30.6250197,67.5244140625,-82.0654296875,-26.8310546875
30.6536944,66.4013671875,-82.2607421875,-31.7138671875
30.6824884,65.8154296875,-83.0419921875,-37.0849609375
30.7176568,64.7412109375,-82.7001953125,-43.3349609375
30.7455611,64.1552734375,-82.5537109375,-47.4853515625
30.7724447,62.8857421875,-80.9912109375,-28.5888671875
30.8073137,62.2998046875,-78.2568359375,36.0595703125
30.8353328,61.4697265625,-76.6943359375,69.8486328125
30.8830616,60.9814453125,-75.4248046875,79.2724609375
30.8949423,60.1513671875,-74.2529296875,75.7568359375
30.9251242,59.7607421875,-72.2998046875,68.8720703125
30.9592538,58.9794921875,-70.5419921875,64.4287109375
30.984965,59.9072265625,-69.2724609375,63.9404296875
31.0154015,62.7392578125,-69.5166015625,61.2060546875
31.0466496,65.7666015625,-69.2236328125,52.2705078125
31.0778137,67.9638671875,-68.1494140625,45.7275390625
31.1093371,69.5263671875,-68.1005859375,44.7998046875
31.1395736,70.7958984375,-68.5400390625,45.0927734375
31.1669142,72.3095703125,-68.4423828125,43.4814453125
31.2171934,72.7978515625,-68.5400390625,38.4033203125
31.2281855,72.6025390625,-69.5654296875,29.8583984375
31.2563093,72.2607421875,-70.3955078125,19.9951171875
31.2899236,72.1630859375,-70.8837890625,12.2314453125
31.3202963,71.9677734375,-71.6650390625,5.8349609375
31.3461875,71.0888671875,-72.9833984375,-1.4892578125
31.3975348,71.0888671875,-74.1552734375,-7.2509765625
31.4168134,71.0400390625,-74.9365234375,-13.4033203125
31.4361454,69.4287109375,-75.7666015625,-17.7001953125
31.4691662,68.5009765625,-77.2314453125,-21.8994140625
31.4970585,67.8662109375,-78.2568359375,-25.5615234375
31.5299789,66.7919921875,-79.4775390625,-30.4443359375
31.5599754,65.8642578125,-80.0634765625,-35.1806640625
31.5887146,65.3271484375,-81.8212890625,-39.8193359375
31.6329902,64.5458984375,-82.9931640625,-45.2392578125
31.6542342,63.6181640625,-83.9697265625,-50.7568359375
31.6783338,63.0322265625,-83.2861328125,-54.9560546875
31.7128644,62.2998046875,-82.0654296875,-32.1044921875
31.7421001,61.7626953125,-80.5029296875,31.5185546875
31.7994986,60.7861328125,-79.6728515625,62.3779296875
31.8306929,60.0537109375,-78.8916015625,69.8974609375
31.8316567,59.6142578125,-79.1357421875,65.1123046875
31.862703,58.2958984375,-77.9638671875,54.5654296875
31.8914349,58.2958984375,-77.5732421875,48.2177734375
31.9206683,58.4423828125,-77.5732421875,45.5322265625
31.9846512,59.9072265625,-77.6708984375,38.5498046875
31.9856155,63.2763671875,-77.4267578125,29.4677734375
32.0088407,64.7412109375,-77.0849609375,28.3447265625
32.0416378,65.9130859375,-77.8173828125,30.0048828125
32.0893218,66.3525390625,-78.3544921875,31.7138671875
32.1113763,67.9638671875,-79.2822265625,29.3212890625
32.1327723,68.7939453125,-79.2822265625,23.1201171875
32.1615723,67.7197265625,-79.9169921875,15.2587890625
32.1968286,68.0126953125,-80.5029296875,6.9091796875
32.2216624,67.4267578125,-81.8212890625,-0.2685546875
32.2530483,67.6220703125,-82.4072265625,-6.9580078125
32.2839254,67.3291015625,-83.1884765625,-13.2080078125
32.3138132,67.1826171875,-83.5302734375,-17.9443359375
32.3461234,67.0849609375,-84.7021484375,-21.6552734375
32.3739821,66.4990234375,-85.1904296875,-25.9033203125
32.4202264,65.1806640625,-86.3134765625,-28.4912109375
32.4404205,64.4482421875,-86.8505859375,-31.6650390625
32.4647139,63.8623046875,-87.7783203125,-36.3525390625
32.4932211,63.2275390625,-88.5107421875,-41.0400390625
32.5260863,61.7626953125,-87.8759765625,-45.0927734375
32.5560067,61.5673828125,-86.6064453125,-22.8759765625
32.5849126,60.7861328125,-85.6298828125,33.6669921875
32.6157855,60.1025390625,-84.4580078125,60.0341796875
32.644685,59.2724609375,-83.9208984375,65.9423828125
32.6745817,58.7841796875,-83.4326171875,61.1572265625
32.7106512,58.4423828125,-82.9931640625,51.7822265625
32.7365797,57.9052734375,-82.5537109375,44.7021484375
32.7683463,57.9541015625,-82.8955078125,40.6005859375
32.7964966,59.8095703125,-82.9443359375,30.6884765625
32.8265966,63.2763671875,-82.8955078125,24.4384765625
32.8593226,64.8388671875,-82.8955078125,25.2197265625
32.8873474,65.6201171875,-82.6025390625,29.1259765625
32.9179304,66.7431640625,-83.2373046875,29.9072265625
32.9470611,67.7685546875,-83.5302734375,25.4638671875
32.9757858,68.3056640625,-83.8720703125,17.0654296875
33.0070331,67.2802734375,-83.7255859375,9.0576171875
33.0382347,67.0849609375,-84.7998046875,0.1220703125
33.067191,67.0361328125,-85.8251953125,-5.7861328125
33.0957187,66.2060546875,-86.1181640625,-11.6943359375
33.1289206,66.7919921875,-86.6552734375,-16.6748046875
33.1587755,65.8642578125,-87.3876953125,-22.3388671875
33.1872136,65.3759765625,-88.1201171875,-25.5126953125
33.218564,64.9365234375,-88.2177734375,-29.5166015625
33.2494496,64.2529296875,-89.2431640625,-32.8857421875
33.2803287,63.1787109375,-89.4873046875,-36.9873046875
33.3102052,62.5927734375,-90.6103515625,-42.6513671875
33.3390347,62.1044921875,-90.3173828125,-46.8017578125
33.3694817,61.2744140625,-89.2919921875,-21.2158203125
33.400127,60.9326171875,-88.5107421875,37.4267578125
33.4270022,60.1513671875,-88.0224609375,65.2587890625
33.4639882,59.7607421875,-87.3876953125,71.8994140625
33.4890455,59.0771484375,-86.0205078125,69.4091796875
33.5241194,58.3447265625,-84.7509765625,63.4033203125
33.5511239,57.9052734375,-84.3603515625,60.3271484375
33.5791057,57.7587890625,-83.8232421875,60.7177734375
33.6196755,60.2978515625,-83.4326171875,54.6142578125
33.6403242,63.8623046875,-83.1884765625,47.1435546875
33.668961,65.6201171875,-83.1396484375,42.5048828125
33.7067497,66.7919921875,-83.0419921875,42.5537109375
33.7326026,68.5009765625,-82.4560546875,43.4326171875
33.7587074,69.6728515625,-82.8466796875,40.6005859375
33.7947865,71.3330078125,-82.7490234375,36.0107421875
33.8389671,70.9912109375,-83.5302734375,28.2958984375
33.8540501,70.7958984375,-83.6767578125,20.1904296875
33.8836258,70.5029296875,-84.0185546875,13.2568359375
33.9115169,70.6982421875,-84.1162109375,7.2998046875
33.9469916,70.3076171875,-84.3115234375,1.5380859375
33.9724686,71.0400390625,-85.4833984375,-3.7353515625
34.0063711,69.8193359375,-85.8740234375,-7.8857421875
34.0345423,69.7216796875,-86.3623046875,-11.0107421875
34.0635371,69.0380859375,-87.3388671875,-15.6494140625
34.0939806,68.4521484375,-88.4619140625,-19.7998046875
34.1248538,68.0126953125,-88.7060546875,-25.7080078125
34.1528536,66.8896484375,-89.9267578125,-31.8115234375
34.184708,66.0595703125,-89.5361328125,-35.9130859375
34.215657,65.3759765625,-88.9013671875,-18.1396484375
34.2435636,64.7900390625,-88.5107421875,38.3056640625
34.276767,63.8134765625,-88.2177734375,66.6259765625
34.3036687,63.1298828125,-87.4853515625,74.9755859375
34.3374862,62.2021484375,-86.6552734375,73.2177734375
34.3652713,61.0791015625,-85.4833984375,68.1884765625
34.3934113,60.3466796875,-84.8974609375,65.9423828125
34.4381131,61.1279296875,-84.3115234375,65.1611328125
34.4550132,62.5439453125,-84.3603515625,60.5712890625
34.4859619,66.0595703125,-84.1162109375,50.7080078125
34.517844,68.5986328125,-83.7255859375,47.7783203125
34.5469068,70.5517578125,-83.2373046875,48.5107421875
34.5748029,71.6259765625,-83.9697265625,49.2431640625
34.6072341,72.7490234375,-83.4326171875,48.1201171875
34.6373784,73.8720703125,-83.3837890625,42.1630859375
34.6692369,74.5068359375,-83.4814453125,36.5966796875
34.699307,74.1162109375,-84.5068359375,29.1748046875
34.7266224,73.7744140625,-85.1904296875,22.7294921875
34.7577564,73.8720703125,-84.7021484375,16.6748046875
34.7876769,73.8232421875,-85.2880859375,11.2548828125
34.8175396,73.8720703125,-85.2880859375,6.7626953125
34.8493546,73.4814453125,-86.4111328125,3.0029296875
34.8767816,72.7001953125,-86.8505859375,-0.0732421875
34.9086996,72.1142578125,-87.0458984375,-3.3935546875
34.9386037,71.5771484375,-88.6083984375,-7.2021484375
34.9699904,70.5029296875,-88.3154296875,-12.6220703125
34.9971385,69.8681640625,-88.9990234375,-18.6767578125
35.0300363,69.4775390625,-88.6572265625,-21.8505859375
35.0578131,68.1103515625,-87.2412109375,5.4443359375
35.0872582,67.5732421875,-86.7529296875,52.4169921875
35.118507,67.1337890625,-86.9482421875,71.8994140625
35.1549662,65.9130859375,-85.6787109375,75.3173828125
35.1819168,66.1083984375,-84.7998046875,71.0693359375
35.210764,64.4970703125,-84.4580078125,65.1611328125
35.2387513,63.9111328125,-83.8232421875,61.2548828125
35.2719275,63.9599609375,-83.7744140625,57.2021484375
35.2998219,65.9619140625,-83.8232421875,48.9013671875
35.3359641,69.4287109375,-82.9443359375,46.2158203125
35.3628346,71.4794921875,-82.1630859375,47.3876953125
35.3908025,72.3095703125,-82.6513671875,49.9267578125
35.4177347,72.3095703125,-82.6025390625,49.6337890625
35.4655058,74.3603515625,-81.7724609375,44.4580078125
35.4800156,74.9951171875,-82.4560546875,38.1103515625
35.5124598,74.9951171875,-82.5048828125,32.1533203125
35.5415352,73.9208984375,-82.7490234375,25.7080078125
35.5706311,74.6533203125,-83.0908203125,20.3857421875
35.6026922,74.2626953125,-83.0419921875,14.5751953125
35.6316424,74.1162109375,-83.2373046875,10.0830078125
35.6602385,73.7255859375,-83.3837890625,6.9091796875
35.6929827,73.5302734375,-84.1162109375,3.6376953125
35.7224475,73.0419921875,-84.8486328125,0.0244140625
35.7509421,72.4072265625,-84.2626953125,-5.0048828125
35.7830741,71.9677734375,-85.0439453125,-10.1318359375
35.8107819,71.5771484375,-84.5068359375,-11.4501953125
35.8540022,70.3076171875,-83.6279296875,18.4326171875
35.8739888,69.7216796875,-83.1396484375,63.2080078125
35.9008682,69.3798828125,-81.5283203125,81.4697265625
35.9348329,68.0615234375,-80.9912109375,85.9619140625
35.9627751,67.4755859375,-80.3564453125,82.9833984375
35.9918713,67.1826171875,-78.6474609375,79.8095703125
36.02811,65.8154296875,-78.0126953125,79.1259765625
36.0533759,65.5712890625,-77.5244140625,77.8564453125
36.0911972,68.3056640625,-76.7919921875,71.8505859375
36.1151498,71.9189453125,-76.5966796875,65.5029296875
36.1435258,74.1650390625,-76.1083984375,65.0146484375
36.171321,75.4833984375,-75.2783203125,66.4306640625
36.2046183,77.5830078125,-75.4248046875,66.2841796875
36.2334836,78.3642578125,-75.2294921875,63.3544921875
36.2663179,79.5849609375,-75.4736328125,58.0810546875
36.2963443,79.6826171875,-75.7177734375,51.0986328125
36.3240696,79.9755859375,-75.6201171875,44.6044921875
36.3573387,80.3173828125,-75.1318359375,39.3310546875
36.384383,79.8291015625,-75.7666015625,33.8134765625
36.4142194,80.2197265625,-75.5224609375,29.1259765625
36.4441742,79.8779296875,-76.7919921875,24.9267578125
36.4756364,80.0244140625,-76.5478515625,20.6298828125
36.5034031,79.2431640625,-76.5966796875,16.5283203125
36.5411291,78.3642578125,-77.4755859375,13.5986328125
36.5640975,77.6318359375,-77.8173828125,9.3505859375
36.5982026,77.1923828125,-79.3310546875,4.0771484375
36.627431,76.1669921875,-78.2568359375,-2.3193359375
36.655943,74.8486328125,-78.2080078125,-7.5927734375
36.6868245,74.9462890625,-76.8408203125,2.1240234375
36.717934,73.8720703125,-76.4990234375,53.8818359375
36.7484238,73.0419921875,-75.7177734375,84.3505859375
36.7781228,72.2119140625,-74.0087890625,96.3134765625
36.8086102,71.5283203125,-72.3974609375,96.3623046875
36.8387705,71.1865234375,-71.2255859375,94.7998046875
36.8686986,70.0146484375,-70.1513671875,93.5791015625
36.8971498,69.2333984375,-69.1259765625,95.2880859375
36.9301133,70.1123046875,-68.4912109375,93.8232421875
36.9579032,73.5302734375,-67.9541015625,86.6455078125
36.9870712,77.2900390625,-67.1728515625,82.1044921875
37.0209079,79.3896484375,-66.5869140625,81.0791015625
37.0491758,80.7568359375,-66.6357421875,81.4208984375
37.0780985,82.1728515625,-66.1962890625,80.6396484375
37.1119967,84.2236328125,-66.0498046875,76.2939453125
37.1388909,85.4443359375,-65.9521484375,69.8486328125
37.1727161,85.2978515625,-66.1474609375,63.0126953125
37.2000929,85.3955078125,-66.9775390625,56.6650390625
37.2304433,85.9814453125,-66.9775390625,51.1962890625
37.2615318,86.1767578125,-66.5869140625,46.3134765625
37.2923187,85.5908203125,-66.6357421875,41.5283203125
37.3192785,85.6396484375,-67.7099609375,36.9873046875
37.3514091,84.6142578125,-68.3447265625,32.5927734375
37.3803637,83.9306640625,-69.2724609375,27.4658203125
37.4091885,83.3935546875,-69.2724609375,22.1435546875
37.4430505,83.0517578125,-69.6142578125,18.7744140625
37.4719108,81.3427734375,-71.1279296875,13.2568359375
37.5038012,81.4404296875,-71.4697265625,7.9833984375
37.5338029,80.0732421875,-72.6904296875,1.4404296875
37.5600714,79.3896484375,-73.4716796875,-4.7607421875
37.594226,78.5107421875,-72.5927734375,-7.3486328125
37.6212112,78.2666015625,-71.1279296875,23.1201171875
37.6540737,76.2646484375,-70.1513671875,73.3642578125
37.6830687,76.2158203125,-69.7607421875,94.7021484375
37.7120731,74.7509765625,-68.6865234375,100.4150390625
37.7471835,73.4814453125,-67.4169921875,96.8017578125
37.7750926,72.8955078125,-67.0263671875,93.2373046875
37.8034712,71.7724609375,-65.6591796875,92.3583984375
37.8346205,70.7958984375,-65.7080078125,91.2353515625
37.864204,72.3583984375,-65.7080078125,86.4013671875
37.8931458,76.2158203125,-65.4638671875,79.7119140625
37.9311067,79.8291015625,-65.7080078125,77.4169921875
37.9550028,81.4404296875,-65.5126953125,79.1748046875
37.9824993,83.0029296875,-65.9521484375,78.7353515625
38.0151944,84.5166015625,-65.7080078125,76.5380859375
38.0445264,85.9326171875,-67.4169921875,70.4833984375
38.0744746,86.1767578125,-67.4169921875,64.3798828125
38.1072786,85.7373046875,-68.5400390625,56.2744140625
38.1352914,85.9326171875,-69.1748046875,51.2939453125
38.1657219,85.8837890625,-69.3701171875,45.8740234375
38.2019763,85.2001953125,-70.1025390625,39.6240234375
38.2260329,85.6884765625,-71.0791015625,35.6201171875
38.2639797,84.8583984375,-71.5673828125,31.2255859375
38.2839282,84.6142578125,-72.5927734375,28.1982421875
38.319601,83.0029296875,-73.2275390625,24.9267578125
38.347865,82.8076171875,-74.8388671875,20.1904296875
38.375237,82.5634765625,-75.0341796875,14.1357421875
38.4089801,80.8544921875,-76.4013671875,8.0810546875
38.4380161,80.3662109375,-75.9130859375,2.9541015625
38.4641699,79.8779296875,-74.3505859375,8.3251953125
38.4995965,78.9990234375,-73.5205078125,54.9072265625
38.5276925,77.9248046875,-72.8857421875,87.1337890625
38.5575924,76.6064453125,-72.1533203125,98.7060546875
38.5968345,75.9228515625,-71.3720703125,96.2158203125
38.6178028,74.6044921875,-70.9814453125,90.3564453125
38.6524175,73.6767578125,-70.5419921875,85.4248046875
38.6794409,72.4560546875,-70.5419921875,84.1552734375
38.7072065,72.9443359375,-71.2744140625,77.7099609375
38.741072,74.4091796875,-71.2744140625,69.1162109375
38.7690771,78.5107421875,-70.9814453125,68.7255859375
38.7963077,81.0498046875,-70.7373046875,70.8740234375
38.8304847,81.8310546875,-71.4697265625,72.5341796875
38.859514,82.8564453125,-72.5927734375,69.4091796875
38.8877069,83.9306640625,-73.4716796875,63.7939453125
38.925812,84.9560546875,-74.3505859375,55.6396484375
38.9478866,84.3701171875,-75.2783203125,48.5107421875
38.9908358,83.5888671875,-76.1083984375,42.6025390625
39.0112861,83.6865234375,-76.0107421875,35.4736328125
39.0405099,84.0771484375,-77.6220703125,30.6396484375
39.0733969,84.1259765625,-78.5009765625,25.6103515625
39.1013722,83.7841796875,-79.5263671875,21.9482421875
39.1287438,83.1982421875,-79.4287109375,18.5791015625
39.179675,82.1728515625,-80.8935546875,14.7216796875
39.2012538,81.2451171875,-81.3330078125,10.4736328125
39.2182742,80.9521484375,-82.2119140625,5.4443359375
39.2562567,79.5361328125,-83.6279296875,-1.4404296875
39.2792082,78.4619140625,-82.4072265625,-3.5888671875
39.3193019,78.0224609375,-80.9423828125,30.5908203125
39.3433389,77.3388671875,-80.4541015625,77.8564453125
39.3708263,76.0205078125,-79.9169921875,97.1435546875
39.4007164,75.3857421875,-78.6962890625,100.6591796875
39.4364984,74.7021484375,-78.4033203125,97.7294921875
39.4596315,73.1396484375,-77.5732421875,94.4091796875
39.5081762,72.2607421875,-77.3779296875,93.6767578125
39.5267893,71.3330078125,-77.9638671875,93.7255859375
39.551249,72.4560546875,-78.2080078125,86.0107421875
39.5998242,75.5810546875,-77.9638671875,80.0048828125
39.6203924,79.8291015625,-78.1103515625,77.6611328125
39.6434344,82.3193359375,-78.5986328125,79.5166015625
39.6732932,83.7353515625,-79.2333984375,78.4423828125
39.7021209,85.4931640625,-79.9658203125,75.5126953125
39.7349725,86.5673828125,-79.7705078125,69.1162109375
39.7654728,87.6416015625,-81.1376953125,61.8896484375
39.7950531,87.9345703125,-81.4306640625,54.3701171875
39.833118,86.7626953125,-82.2119140625,48.9990234375
39.8560829,86.8115234375,-83.0908203125,43.3837890625
39.882985,86.6650390625,-84.2626953125,38.7939453125
39.9324125,86.6162109375,-84.9951171875,33.3251953125
39.9453083,86.8603515625,-85.6787109375,30.2001953125
39.9814481,85.7861328125,-86.7529296875,25.8056640625
40.00435,85.0537109375,-87.6318359375,21.8505859375
40.0343519,84.6630859375,-88.3154296875,18.1884765625
40.0718976,84.2236328125,-89.3408203125,12.7685546875
40.0937942,82.6611328125,-90.0244140625,6.4697265625
40.1321199,82.0751953125,-91.6357421875,-0.0732421875
40.1520074,81.0009765625,-91.3427734375,-4.2236328125
40.1996648,80.1220703125,-90.4150390625,12.3779296875
40.2222704,79.7802734375,-89.2431640625,68.0908203125
40.2478293,79.1455078125,-88.6083984375,95.3857421875
40.2787352,77.2900390625,-88.7548828125,104.0283203125
40.3039375,76.5576171875,-88.2666015625,102.5634765625
40.3420613,75.7763671875,-87.4853515625,99.5361328125
40.3690602,74.5068359375,-86.9482421875,99.5361328125
40.3969558,73.7744140625,-86.6064453125,99.4873046875
40.436265,73.3349609375,-87.0947265625,95.7275390625
40.4575307,76.2158203125,-87.4365234375,88.0615234375
40.4977081,79.9267578125,-87.9248046875,83.0322265625
40.5199119,83.5400390625,-88.8037109375,83.5693359375
40.5472276,85.3955078125,-88.6572265625,82.8857421875
40.5785061,87.2509765625,-90.0732421875,82.2998046875
40.6094449,89.0087890625,-89.6826171875,76.9775390625
40.6467908,90.1806640625,-91.1474609375,70.3857421875
40.6702758,91.2060546875,-91.1474609375,63.9404296875
40.7007877,90.6689453125,-91.5380859375,58.0322265625
40.7471482,91.0107421875,-92.3681640625,53.5888671875
40.7589852,90.3759765625,-92.4658203125,48.1689453125
40.8093925,90.7177734375,-93.0517578125,43.8232421875
40.8169235,90.4248046875,-93.9794921875,39.3798828125
40.8559358,90.3271484375,-95.1025390625,34.8388671875
40.878279,89.8388671875,-95.2490234375,30.5419921875
40.9150713,88.5205078125,-96.0791015625,26.7822265625
40.9380679,87.7392578125,-97.3974609375,21.8505859375
40.974009,87.2021484375,-97.9833984375,17.5048828125
41.0015887,85.9814453125,-98.7158203125,13.2080078125
41.0395146,85.2978515625,-99.9365234375,7.1533203125
41.0593285,83.6865234375,-100.9130859375,0.0732421875
41.0977966,83.1494140625,-101.0595703125,-4.6142578125
41.119725,82.0263671875,-100.7177734375,6.1279296875
41.1487829,81.0498046875,-99.9365234375,59.2041015625
41.1872792,79.4384765625,-100.7177734375,90.0146484375
41.2105392,78.2666015625,-99.5947265625,100.7080078125
41.2487698,77.9736328125,-99.5458984375,97.8759765625
41.2729491,76.6552734375,-99.4482421875,92.9931640625
41.3002541,75.6298828125,-98.9111328125,89.3310546875
41.3397999,74.8486328125,-99.0087890625,88.6962890625
41.361232,73.8720703125,-99.5947265625,84.6435546875
41.397986,75.5810546875,-99.6435546875,76.4892578125
41.4238004,79.1943359375,-99.7900390625,75.4150390625
41.4509476,82.7099609375,-99.6435546875,76.4404296875
41.4904712,84.6630859375,-99.3994140625,76.9775390625
41.5148358,86.3720703125,-99.7900390625,74.8779296875
41.5427747,87.6416015625,-100.2783203125,70.4345703125
41.5747774,88.7646484375,-100.4736328125,64.2333984375
41.6045511,89.5458984375,-101.4013671875,58.4716796875
41.633481,88.5693359375,-101.3037109375,52.3681640625
41.6663529,88.9599609375,-101.2548828125,46.1181640625
41.6933558,88.2763671875,-101.5966796875,41.3818359375
41.7223171,88.5693359375,-102.9638671875,38.3544921875
41.7554437,88.2763671875,-102.9150390625,33.9599609375
41.7825219,87.9345703125,-103.1591796875,30.8349609375
41.8187734,87.2021484375,-103.4521484375,28.0029296875
41.8449225,86.6162109375,-103.7939453125,23.9013671875
41.8748085,85.8837890625,-104.9658203125,18.9697265625
41.9039733,84.6142578125,-105.6494140625,12.2802734375
41.9348878,83.7841796875,-105.1611328125,6.8603515625
41.9658246,82.6611328125,-104.3310546875,16.9189453125
41.9978129,81.8310546875,-103.5986328125,64.8681640625
42.0257314,81.2939453125,-103.5498046875,92.7978515625
42.0536186,80.3662109375,-102.7685546875,102.3681640625
42.0857605,79.6337890625,-103.0615234375,100.1220703125
42.1146097,78.2177734375,-101.7919921875,94.9462890625
42.1445541,77.7783203125,-102.2802734375,91.6259765625
42.1771258,76.6552734375,-101.8896484375,90.6005859375
42.2070455,75.1904296875,-101.8896484375,85.8154296875
42.2338894,76.4599609375,-101.5478515625,77.6123046875
42.2669095,81.0498046875,-101.2548828125,76.0986328125
42.2949458,84.4677734375,-100.7666015625,77.4658203125
42.3283979,85.5419921875,-100.9619140625,77.8564453125
42.355438,87.0068359375,-101.0107421875,75.5126953125
42.3837409,88.6669921875,-101.6943359375,71.3134765625
42.4355988,89.6923828125,-101.4013671875,63.3544921875
42.4473411,90.2294921875,-101.3037109375,56.1279296875
42.4772778,89.8876953125,-101.6455078125,50.5615234375
42.5102471,89.4970703125,-102.3779296875,44.3603515625
42.5392176,89.7412109375,-102.3291015625,40.2587890625
42.5660099,90.1806640625,-102.2802734375,35.9130859375
42.6002862,89.5947265625,-102.9638671875,31.5673828125
42.6282341,89.7900390625,-103.5986328125,27.5146484375
42.6620834,88.3251953125,-103.4521484375,24.3896484375
42.6893429,87.4951171875,-104.9169921875,19.8974609375
42.7192145,87.2021484375,-105.1123046875,15.0146484375
42.7502384,86.1279296875,-105.5029296875,9.5458984375
42.778211,85.2001953125,-105.9912109375,2.8076171875
42.8093213,84.3212890625,-105.5517578125,-1.2939453125
42.8418615,83.2470703125,-104.6728515625,23.2666015625
42.8698521,82.0263671875,-104.6728515625,75.8544921875
42.8986962,80.8056640625,-104.1357421875,99.3896484375
42.929866,79.8779296875,-103.7939453125,106.2255859375
42.9609271,79.0966796875,-102.0849609375,103.0517578125
42.9867797,78.1201171875,-102.0849609375,100.2685546875
43.0211635,76.7529296875,-101.1083984375,99.7802734375
43.0501684,75.2392578125,-100.6689453125,100.3173828125
43.0908713,75.1416015625,-99.8388671875,96.4599609375
43.109978,76.5576171875,-99.7900390625,88.8427734375
43.1398459,80.5615234375,-99.0087890625,84.7412109375
43.1837513,84.7607421875,-98.3740234375,84.3505859375
43.2018654,86.3720703125,-98.0322265625,85.3271484375
43.2308784,88.6181640625,-97.4951171875,83.1787109375
43.2647104,90.5224609375,-97.9345703125,78.8818359375
43.2926471,91.7431640625,-98.0810546875,70.8740234375
43.3309311,92.9638671875,-97.7880859375,64.3798828125
43.3523534,92.8173828125,-98.1787109375,58.8623046875
43.387717,92.3291015625,-98.8134765625,52.7587890625
43.4155844,92.2314453125,-98.6181640625,47.4853515625
43.4536901,92.4755859375,-98.8623046875,42.6025390625
43.4723612,92.2802734375,-98.8134765625,38.3544921875
43.5063729,91.8408203125,-98.4716796875,34.6435546875
43.5353278,91.3037109375,-100.0341796875,30.5908203125
43.5716444,91.2060546875,-100.2783203125,24.2919921875
43.5936897,89.1552734375,-100.9130859375,19.2626953125
43.6468379,88.5205078125,-101.2060546875,14.0869140625
43.6519265,87.8857421875,-102.4267578125,8.9111328125
43.6950817,86.8115234375,-103.0615234375,3.3935546875
43.7111883,85.6396484375,-103.5009765625,-3.2958984375
43.7528087,84.7607421875,-104.1845703125,-9.1552734375
43.7743824,83.5400390625,-103.3056640625,-11.3037109375
43.8125394,82.2705078125,-102.7685546875,25.3173828125
43.8358367,81.6845703125,-102.3291015625,78.3935546875
43.871477,80.1708984375,-101.5966796875,99.5361328125
43.8925899,78.8037109375,-101.1083984375,103.5400390625
43.9353988,77.9248046875,-100.0341796875,99.6826171875
43.9555501,76.7041015625,-98.7158203125,95.1416015625
44.0075015,75.5810546875,-98.1787109375,93.6767578125
44.0375602,74.2626953125,-97.9833984375,93.4814453125
44.0462739,73.6279296875,-97.2021484375,88.1103515625
44.085639,74.2626953125,-96.0302734375,79.9560546875
44.1049661,78.7548828125,-95.3955078125,77.9052734375
44.1408022,82.9052734375,-95.2490234375,78.3935546875
44.1682788,85.2978515625,-94.3701171875,78.5400390625
44.2073053,86.7626953125,-93.9306640625,76.1474609375
44.2256511,88.3251953125,-94.2236328125,70.9716796875
44.2622937,89.6435546875,-93.9794921875,63.0615234375
44.2850421,90.7666015625,-94.6630859375,56.3720703125
44.3328104,90.0830078125,-94.3212890625,50.4638671875
44.3520836,89.6435546875,-94.0771484375,44.6044921875
44.3766009,89.7412109375,-93.9306640625,38.5009765625
44.4140588,90.2783203125,-94.4677734375,33.9111328125
44.435593,90.1806640625,-94.6142578125,30.4443359375
44.4746308,89.9853515625,-95.5419921875,25.6591796875
44.4994138,88.3740234375,-95.4443359375,22.3876953125
44.5312502,87.8369140625,-95.8349609375,17.6513671875
44.5579155,87.0556640625,-96.1279296875,13.0615234375
44.595414,86.6650390625,-97.0556640625,7.6416015625
44.6174226,85.0048828125,-97.0556640625,1.0009765625
44.6560644,83.8330078125,-97.3974609375,-5.3466796875
44.6806004,82.9052734375,-96.3232421875,-7.8369140625
44.7077001,81.5380859375,-94.4189453125,24.5361328125
44.7431373,80.8544921875,-92.8564453125,73.7548828125
44.7698644,79.6826171875,-92.4658203125,92.6025390625
44.8062078,78.4619140625,-90.8056640625,95.4345703125
44.8305761,78.1689453125,-90.1708984375,89.1357421875
44.8711101,76.1669921875,-88.5595703125,81.8603515625
44.8894002,75.8251953125,-86.9482421875,79.0283203125
44.9272755,75.2392578125,-86.6552734375,75.8056640625
44.9575755,74.4580078125,-85.6298828125,66.8701171875
44.9791969,74.1650390625,-84.4580078125,62.9638671875
45.0174974,77.4853515625,-83.9697265625,63.7939453125
45.0401894,81.5869140625,-83.3349609375,65.1123046875
45.0767133,83.3447265625,-83.1396484375,64.6240234375
45.100584,84.1748046875,-82.8955078125,59.6923828125
45.1389993,85.4931640625,-83.2373046875,52.3681640625
45.1628743,86.8115234375,-83.5302734375,44.2626953125
45.1996666,87.2509765625,-83.5302734375,37.0849609375
45.2205839,86.5185546875,-83.2373046875,31.2255859375
45.2598122,86.2255859375,-84.1650390625,24.3896484375
45.2810112,85.8837890625,-83.9208984375,19.3115234375
45.3180891,85.8349609375,-83.9697265625,14.6728515625
45.3440663,84.9072265625,-84.5068359375,10.4248046875
45.3806244,85.6396484375,-85.1904296875,6.8603515625
45.402957,84.1259765625,-85.5322265625,2.8564453125
45.442687,83.4912109375,-86.0205078125,-2.2216796875
45.4634637,82.8076171875,-86.5576171875,-7.8857421875
45.5026838,82.0263671875,-86.7041015625,-14.5263671875
45.5217958,80.7568359375,-85.7763671875,-17.7978515625
45.5590026,79.7314453125,-83.6279296875,10.2783203125
45.5846151,79.0966796875,-81.6748046875,65.2099609375
45.6344879,78.1689453125,-80.7958984375,87.1826171875
45.6461081,77.2900390625,-79.7216796875,92.2607421875
45.6835282,76.0205078125,-77.9150390625,88.1103515625
45.7034852,75.1416015625,-76.7919921875,83.0322265625
45.7444355,74.8486328125,-75.0341796875,80.4931640625
45.7651703,72.9931640625,-75.6201171875,80.2978515625
45.806349,72.2119140625,-74.3017578125,73.2177734375
45.8266985,72.2119140625,-73.5205078125,65.3076171875
45.8639008,74.9462890625,-73.6669921875,62.5244140625
45.8894814,79.3408203125,-73.4716796875,63.7451171875
45.9173399,81.7822265625,-73.7158203125,63.1591796875
45.9466683,82.8076171875,-73.6669921875,60.2294921875
45.9946024,84.5654296875,-74.2529296875,54.2724609375
46.0166531,86.0791015625,-74.4482421875,46.1669921875
46.0381423,87.2509765625,-74.4970703125,37.8173828125
46.0768064,87.4951171875,-75.7666015625,31.5185546875
46.0959622,86.8603515625,-75.2783203125,24.9267578125
46.1322487,87.1533203125,-77.0849609375,19.6533203125
46.1573569,86.4697265625,-77.9638671875,14.0869140625
46.1980672,86.7138671875,-77.8662109375,9.6435546875
46.219531,86.4697265625,-78.6962890625,4.8095703125
46.2562697,85.9814453125,-79.2333984375,1.2451171875
46.2773424,85.1025390625,-80.6982421875,-4.4189453125
46.312866,84.0283203125,-81.8212890625,-8.8134765625
46.3387214,83.2958984375,-82.3095703125,-13.9892578125
46.3762892,82.2705078125,-82.9443359375,-20.0927734375
46.4016933,81.0009765625,-84.0673828125,-26.2451171875
46.4287474,80.4150390625,-82.3095703125,-29.5654296875
46.4686303,79.5849609375,-80.7470703125,5.0537109375
46.4921617,78.1201171875,-78.6474609375,62.3291015625
46.5201659,77.0947265625,-78.6474609375,84.1064453125
46.5583228,76.6064453125,-77.7197265625,87.2802734375
46.5800199,75.3857421875,-76.6943359375,83.5693359375
46.6108644,74.3603515625,-75.6201171875,78.5888671875
46.6420346,73.7744140625,-74.9853515625,77.2705078125
46.6701747,72.1142578125,-75.7177734375,76.9287109375
46.6988859,71.8212890625,-75.7666015625,70.2392578125
46.7353901,70.7958984375,-76.2548828125,62.2802734375
46.7605852,73.4814453125,-76.1572265625,58.6181640625
46.789894,77.9736328125,-76.4501953125,59.5458984375
46.8218575,80.9033203125,-76.0595703125,58.3740234375
46.8518747,82.2216796875,-77.8662109375,55.5908203125
46.8826828,83.9306640625,-78.5498046875,49.2431640625
46.9119689,85.5908203125,-79.2333984375,41.1376953125
46.9419993,87.4951171875,-80.3076171875,32.4951171875
46.9744752,87.5439453125,-81.5283203125,25.9033203125
47.0040519,87.5439453125,-82.1142578125,20.0439453125
47.0309507,86.2255859375,-83.5791015625,14.1845703125
47.0639241,86.1767578125,-85.1904296875,8.8134765625
47.0947279,86.5673828125,-85.9228515625,4.2724609375
47.1206521,86.2744140625,-86.2646484375,-0.9521484375
47.1546676,85.8349609375,-87.7294921875,-5.1513671875
47.1805171,85.1513671875,-88.5107421875,-9.8876953125
47.2181846,83.6376953125,-90.0732421875,-14.3798828125
47.2428276,82.5146484375,-91.2939453125,-19.6533203125
47.2738736,82.1728515625,-92.4169921875,-24.9755859375
47.3037276,80.5615234375,-93.6865234375,-31.0302734375
47.3349139,79.7802734375,-93.5888671875,-36.6455078125
47.3630822,78.8525390625,-92.5146484375,-36.5966796875
47.3951683,78.4130859375,-91.1962890625,8.7646484375
47.4240297,77.8759765625,-90.7568359375,59.5947265625
47.4529209,76.5087890625,-91.2451171875,76.8310546875
47.4848019,75.3857421875,-90.9521484375,77.2705078125
47.5157718,74.6044921875,-89.7314453125,70.2392578125
47.5446034,73.8232421875,-89.5361328125,63.7451171875
47.5756322,72.0654296875,-89.8291015625,62.1826171875
47.6048817,71.2353515625,-90.8056640625,59.1064453125
47.6397402,70.4541015625,-90.4638671875,49.7314453125
47.6656638,70.3564453125,-90.1220703125,44.6533203125
47.6955959,72.9443359375,-90.9033203125,46.0205078125
47.7294781,76.4111328125,-90.6591796875,47.8271484375
47.7553781,79.0966796875,-91.8798828125,46.3623046875
47.7854752,80.5615234375,-92.7587890625,42.7490234375
47.8170312,81.9775390625,-92.6611328125,35.3759765625
47.8450047,83.2470703125,-92.8076171875,27.3681640625
47.876229,83.6376953125,-94.5654296875,20.1904296875
47.9092225,84.5654296875,-94.4189453125,14.0869140625
47.9540314,83.0029296875,-95.4443359375,8.7646484375
47.9650854,82.9541015625,-96.0302734375,2.6123046875
48.0036823,82.9541015625,-96.1767578125,-0.9521484375
48.0263321,83.7353515625,-97.1533203125,-4.9560546875
48.0598463,82.8076171875,-97.5927734375,-8.5205078125
48.089771,82.6123046875,-98.8134765625,-12.1337890625
48.1158788,81.2451171875,-99.2529296875,-16.6259765625
48.1506812,80.8056640625,-100.0830078125,-21.9482421875
48.1898605,79.9755859375,-99.7900390625,-28.0517578125
48.2054137,79.2431640625,-99.3017578125,-28.0517578125
48.2509593,78.6083984375,-98.2275390625,12.3779296875
48.2672631,77.8271484375,-97.4462890625,57.4951171875
48.3012064,76.6552734375,-97.2021484375,73.7060546875
48.3468106,75.7275390625,-97.1044921875,73.8037109375
48.3578058,74.7998046875,-96.2744140625,68.3837890625
48.3913386,74.4091796875,-95.4931640625,61.4990234375
48.4301043,73.5302734375,-95.4443359375,59.0576171875
48.4561602,72.1142578125,-95.2978515625,54.5166015625
48.4818425,72.3583984375,-95.1025390625,46.1181640625
48.5202168,71.3818359375,-94.7607421875,43.7744140625
48.5421512,73.6279296875,-95.3955078125,44.9462890625
48.5826361,77.8759765625,-95.5908203125,47.0458984375
48.604402,79.8291015625,-94.8583984375,45.1904296875
48.6413937,81.2939453125,-96.0791015625,39.8193359375
48.6617099,82.1728515625,-95.6396484375,32.7880859375
48.6976999,83.4423828125,-96.0302734375,24.7802734375
48.7206417,84.7119140625,-96.2744140625,18.8720703125
48.7618807,84.2724609375,-97.0556640625,13.2080078125
48.7798119,83.9794921875,-96.6650390625,8.2763671875
48.8237038,83.8330078125,-97.7392578125,3.4423828125
48.8450378,83.7353515625,-98.3251953125,-1.2939453125
48.8804177,83.5888671875,-98.8134765625,-3.9306640625
48.9024426,84.0283203125,-99.9365234375,-7.2021484375
48.9388595,83.0517578125,-99.8388671875,-11.0595703125
48.9645673,82.5634765625,-100.8642578125,-17.0166015625
49.0032109,81.7822265625,-101.2060546875,-22.6318359375
49.0236686,81.1474609375,-100.5712890625,-25.1708984375
49.0588171,79.9267578125,-99.5458984375,8.1298828125
49.0818158,79.4873046875,-99.3994140625,57.4462890625
49.1191798,78.7060546875,-98.5205078125,76.9775390625
49.1442195,77.8271484375,-97.9345703125,81.6650390625
49.1790237,76.8505859375,-96.5673828125,78.2958984375
49.2012107,76.1669921875,-96.6162109375,75.7080078125
49.2399468,75.1904296875,-96.0302734375,76.0986328125
49.2622931,74.9951171875,-95.1513671875,76.0009765625
49.3051821,73.7255859375,-95.0537109375,69.5556640625
49.335734,72.7001953125,-95.5908203125,62.1337890625
49.3523332,74.9951171875,-95.2490234375,59.8876953125
49.3891104,78.3642578125,-94.9072265625,60.9130859375
49.4163233,82.4169921875,-95.8349609375,60.8642578125
49.455783,84.4677734375,-94.9560546875,57.9345703125
49.4754857,85.8349609375,-95.4443359375,52.3193359375
49.5106756,87.7880859375,-95.6884765625,45.4345703125
49.5344709,89.3017578125,-96.7626953125,38.9892578125
49.5719144,91.0107421875,-96.9091796875,33.7158203125
49.5936117,90.8154296875,-96.5673828125,29.0283203125
49.6345538,90.7177734375,-97.1533203125,23.9501953125
49.6578419,90.3759765625,-97.6416015625,19.4091796875
49.693916,90.3271484375,-98.1787109375,15.4541015625
49.7152286,90.5712890625,-98.8134765625,12.1337890625
49.7517901,89.8388671875,-99.5458984375,7.9345703125
49.7736841,89.4482421875,-99.7900390625,3.7841796875
49.8216557,89.3017578125,-100.7177734375,-1.7822265625
49.8402148,88.4228515625,-101.2060546875,-7.9833984375
49.8764395,87.7880859375,-102.5732421875,-13.9892578125
49.8967468,87.3486328125,-101.8408203125,-9.6923828125
49.9342492,86.0791015625,-100.5712890625,37.6708984375
49.9544548,85.4931640625,-100.9130859375,72.8271484375
49.993812,85.0048828125,-101.4501953125,86.3525390625
50.0163402,83.5888671875,-101.0595703125,86.3037109375
50.0577348,82.6611328125,-100.6201171875,82.9833984375
50.0879279,81.7822265625,-100.5224609375,82.2021484375
50.1068413,81.1962890625,-100.0341796875,83.3251953125
50.1439745,79.9755859375,-100.7177734375,81.2255859375
50.1690118,79.3896484375,-100.0830078125,74.1943359375
50.211601,78.4130859375,-99.8876953125,68.2861328125
50.231823,80.5126953125,-100.5224609375,67.7001953125
50.2689571,85.2978515625,-100.3271484375,67.0654296875
50.290193,87.8369140625,-100.2294921875,67.2119140625
50.3355612,89.4970703125,-100.7666015625,62.6220703125
50.3574056,91.4501953125,-100.8642578125,57.2998046875
50.3813507,93.0126953125,-101.3037109375,50.3662109375
50.4188138,94.9658203125,-101.7919921875,44.7509765625
50.4453663,95.2587890625,-101.9384765625,40.0634765625
50.4822755,95.3076171875,-102.1337890625,34.4970703125
50.4994226,95.3564453125,-103.4033203125,30.0048828125
50.5360254,95.1611328125,-103.2568359375,26.4404296875
50.5610476,95.2587890625,-103.8916015625,22.2412109375
50.5990417,95.2587890625,-104.2822265625,18.6279296875
50.6205166,95.2587890625,-105.2099609375,15.4541015625
50.6627664,93.8916015625,-105.5029296875,9.7412109375
50.6818932,94.1357421875,-106.1376953125,4.5166015625
50.717951,93.8427734375,-107.2119140625,-1.6357421875
50.7397189,92.1826171875,-106.5283203125,-6.7626953125
50.7882963,91.8408203125,-106.6748046875,3.9306640625
50.8076871,91.0595703125,-106.8212890625,51.0986328125
50.8311856,89.6435546875,-106.4306640625,77.3193359375
50.8693516,88.5693359375,-106.1376953125,85.9130859375
50.894664,87.8369140625,-105.7470703125,82.9345703125
50.9418704,86.6650390625,-104.9658203125,77.9052734375
50.9505339,85.8837890625,-104.9658203125,76.0498046875
51.0025473,85.3955078125,-104.6240234375,74.4873046875
51.0245683,83.5888671875,-104.8193359375,67.8466796875
51.0443827,82.9052734375,-104.4287109375,62.5732421875
51.0978427,82.8564453125,-103.8916015625,62.5244140625
51.1180112,84.4677734375,-104.5263671875,63.5986328125
51.1353965,88.6669921875,-103.2568359375,63.7939453125
51.176332,91.0107421875,-104.1845703125,60.5712890625
51.1955007,92.5244140625,-103.7939453125,55.2978515625
51.2329676,93.8916015625,-103.4033203125,49.2919921875
51.2532167,94.6240234375,-103.6474609375,43.8232421875
51.2912599,96.3818359375,-103.5009765625,38.4033203125
51.3144205,95.6005859375,-103.8916015625,33.4228515625
51.3512761,95.5517578125,-104.1845703125,28.6376953125
51.3828754,95.9423828125,-103.8916015625,25.5126953125
51.4038481,95.3076171875,-104.6240234375,22.2900390625
51.4412019,95.7470703125,-105.3564453125,19.4580078125
51.4672204,95.8935546875,-104.7216796875,14.9658203125
51.4950908,94.9169921875,-105.6494140625,9.1064453125
51.5312555,94.4775390625,-106.0400390625,3.1982421875
51.5569503,94.0380859375,-105.1611328125,0.6591796875
51.595603,93.1103515625,-103.7451171875,27.0751953125
51.6143719,92.1826171875,-102.8662109375,69.0673828125
51.6495866,91.3525390625,-102.2314453125,87.4755859375
51.6754943,90.3759765625,-101.3525390625,92.1630859375
51.7143321,89.5947265625,-100.0341796875,89.1357421875
51.7354128,88.5693359375,-98.8134765625,86.9873046875
51.7740167,88.0322265625,-96.9091796875,86.9873046875
51.7977322,86.7138671875,-96.8115234375,86.8896484375
51.8349953,85.5908203125,-95.9326171875,79.8583984375
51.8669459,84.7119140625,-94.9560546875,74.4384765625
51.8885968,84.6142578125,-93.7841796875,73.6083984375
51.9150259,87.9345703125,-93.6376953125,74.5849609375
51.9531294,92.5732421875,-93.1005859375,74.6337890625
51.9798718,94.6728515625,-92.9052734375,71.0693359375
52.0171086,96.1376953125,-92.4658203125,65.2099609375
52.0368836,97.6513671875,-92.8076171875,57.8369140625
52.0774785,99.8486328125,-92.2216796875,52.3681640625
52.0971772,100.8740234375,-91.9775390625,47.3388671875
52.1314516,100.8740234375,-92.4169921875,42.7490234375
52.1596181,100.7763671875,-92.5146484375,38.7939453125
52.1894089,101.0205078125,-92.2216796875,34.1552734375
52.2242896,101.2646484375,-92.8076171875,30.6396484375
52.2489464,101.2646484375,-92.6611328125,26.3427734375
52.2854025,101.1669921875,-92.6611328125,21.8505859375
52.3124932,100.4833984375,-92.7099609375,17.2119140625
52.3394181,100.4345703125,-93.3447265625,12.2314453125
52.3701389,99.3603515625,-93.0517578125,6.6650390625
52.4022043,98.2373046875,-94.0283203125,0.2685546875
52.4300959,97.7490234375,-93.1005859375,-5.0048828125
52.4630451,96.2841796875,-91.2451171875,5.8349609375
52.4909019,95.5517578125,-89.7314453125,56.7138671875
52.5173104,94.4287109375,-87.9736328125,86.1572265625
52.5551,93.4521484375,-86.3623046875,96.7529296875
52.5786072,92.1337890625,-84.3603515625,97.1435546875
52.6116173,91.2548828125,-82.4072265625,95.3857421875
52.6597197,90.1806640625,-80.4541015625,95.8251953125
52.6691705,89.3994140625,-79.3798828125,97.1923828125
52.7055673,88.0322265625,-78.7451171875,95.1904296875
52.7354862,86.9091796875,-77.4267578125,87.7685546875
52.7597753,85.9326171875,-75.7666015625,83.5205078125
52.7970733,87.2998046875,-75.1806640625,82.9833984375
52.8239338,91.7431640625,-74.7412109375,83.4716796875
52.8519419,96.4306640625,-74.8876953125,81.6650390625
52.8859299,98.3837890625,-74.4970703125,76.7333984375
52.9130028,100.7275390625,-74.7412109375,70.5810546875
52.943458,102.9248046875,-74.9853515625,63.5498046875
52.9753205,104.4384765625,-75.4736328125,58.0810546875
53.0032319,106.4404296875,-75.6689453125,53.3935546875
53.0295097,106.5869140625,-75.0341796875,48.7548828125
53.0660529,105.8544921875,-76.0595703125,44.0185546875
53.1076937,105.7568359375,-77.3291015625,39.2333984375
53.1267423,106.8798828125,-76.9873046875,34.6435546875
53.1711036,106.7333984375,-77.8173828125,30.0537109375
53.1853741,107.0263671875,-78.7939453125,24.8291015625
53.2188931,105.6591796875,-80.3076171875,19.1650390625
53.2656101,104.7314453125,-80.9912109375,14.7216796875
53.2716005,103.9990234375,-82.1630859375,9.8876953125
53.3205958,102.6318359375,-82.3583984375,3.9306640625
53.3401242,101.8017578125,-83.1396484375,-1.7822265625
53.3914755,100.5810546875,-83.2861328125,-8.3251953125
53.4118321,99.6533203125,-82.3095703125,-11.1083984375
53.4269615,99.1650390625,-80.5517578125,20.7763671875
53.4735436,97.4072265625,-79.5263671875,69.2626953125
53.4854706,96.6259765625,-79.2822265625,90.0634765625
53.5316317,95.5517578125,-77.7685546875,94.3603515625
53.5473293,94.3798828125,-77.0849609375,91.6748046875
53.5872212,92.8662109375,-75.7177734375,88.8427734375
53.6095269,92.0849609375,-75.5224609375,89.3310546875
53.6515767,90.2294921875,-76.0107421875,88.4521484375
53.6726205,88.9599609375,-75.9619140625,82.7880859375
53.7097239,88.6669921875,-75.8642578125,75.9521484375
53.7284187,87.1044921875,-76.5966796875,73.5595703125
53.7716949,89.6435546875,-76.6455078125,73.3642578125
53.789066,94.4287109375,-77.3291015625,73.6083984375
53.8310896,98.4326171875,-78.0615234375,70.3857421875
53.8604702,100.1904296875,-79.3310546875,64.7705078125
53.8793444,102.0458984375,-79.9658203125,58.6181640625
53.9222776,103.5595703125,-81.2353515625,51.1962890625
53.9372819,105.6103515625,-81.7236328125,45.7763671875
53.9814335,106.4892578125,-82.5048828125,41.0888671875
54.0010475,105.9521484375,-83.6279296875,35.0341796875
54.0401913,105.3173828125,-85.0439453125,30.6884765625
54.0604605,105.3662109375,-85.3369140625,25.9521484375
54.1010079,105.5126953125,-86.8994140625,21.8994140625
54.1214337,105.1220703125,-87.6806640625,16.7724609375
54.1575781,105.0244140625,-88.2177734375,12.5244140625
54.1770546,104.0478515625,-89.3408203125,7.5927734375
54.2229801,103.1201171875,-90.3173828125,2.0263671875
54.2446033,102.4853515625,-91.5380859375,-3.0517578125
54.2980177,100.9716796875,-92.8564453125,-10.2783203125
54.2989376,100.0927734375,-92.2705078125,-15.4052734375
54.3392922,99.0185546875,-91.4892578125,-12.4267578125
54.3606775,97.3095703125,-90.6103515625,35.0830078125
54.3978993,96.5771484375,-89.9755859375,71.6064453125
54.4203974,95.4541015625,-89.6337890625,84.7412109375
54.4566216,94.5263671875,-88.9501953125,84.0087890625
54.4839647,93.3544921875,-88.2666015625,78.5888671875
54.5205545,92.1826171875,-87.8271484375,73.7548828125
54.5424694,91.0107421875,-87.7294921875,72.4365234375
54.582966,90.5224609375,-88.9013671875,68.2861328125
54.6138691,89.0087890625,-88.5107421875,59.3994140625
54.6488904,88.0810546875,-88.4619140625,57.0556640625
54.6627254,87.0068359375,-88.9013671875,57.4462890625
54.7077551,90.0341796875,-88.9013671875,58.2763671875
54.7274963,94.2822265625,-89.8779296875,55.2001953125
54.7635376,97.1630859375,-90.3173828125,49.6826171875
54.7847434,98.1884765625,-91.1474609375,42.1142578125
54.8338354,99.6044921875,-91.3916015625,34.6435546875
54.853482,101.2158203125,-93.0517578125,27.9541015625
54.8961506,101.9970703125,-93.1005859375,22.5830078125
54.9020665,102.3388671875,-94.4677734375,16.9677734375
54.9428744,100.6298828125,-94.9560546875,11.6943359375
54.9640808,101.0205078125,-96.6650390625,7.6904296875
55.0034003,100.8251953125,-96.7138671875,3.2958984375
55.0245075,100.6298828125,-97.1044921875,-1.7333984375
55.0595481,100.3369140625,-98.3740234375,-6.0302734375
55.0841205,100.0927734375,-99.3017578125,-9.6435546875
55.1296823,98.7744140625,-100.6201171875,-15.2587890625
55.1505964,97.6513671875,-101.9384765625,-23.1201171875
55.1861073,96.9677734375,-102.1826171875,-28.0517578125
55.2074733,95.6005859375,-99.7412109375,-24.7802734375
55.2453652,94.7705078125,-99.4482421875,24.6826171875
55.2647548,94.1845703125,-99.2529296875,65.8935546875
55.3018407,92.7685546875,-98.8623046875,80.1513671875
55.3249919,91.5966796875,-98.4716796875,80.4931640625
55.3665529,90.7177734375,-98.0810546875,75.9033203125
55.3975625,89.4970703125,-97.4462890625,72.8271484375
55.4160295,88.1787109375,-97.1044921875,71.8994140625
55.4583353,86.9580078125,-97.8369140625,70.1904296875
55.4786025,86.2744140625,-97.8857421875,61.3525390625
55.5206267,85.0537109375,-98.1298828125,55.6396484375
55.5417022,83.9306640625,-97.6904296875,53.7353515625
55.5850946,86.8115234375,-97.9833984375,54.7119140625
55.6033621,90.7177734375,-98.9111328125,53.1005859375
55.6416056,94.3310546875,-99.1552734375,48.8037109375
55.6626198,97.1142578125,-100.3271484375,40.9912109375
55.7036443,98.0908203125,-101.0107421875,32.5927734375
55.7224302,99.7998046875,-100.8642578125,24.5849609375
55.7586787,101.0693359375,-101.5966796875,19.8974609375
55.7802829,101.5576171875,-101.9873046875,13.4033203125
55.8184741,101.3623046875,-102.4267578125,7.4951171875
55.851426,100.9228515625,-103.4521484375,2.3681640625
55.8728431,100.6298828125,-104.9169921875,-2.4658203125
55.9135904,101.1181640625,-104.7216796875,-7.0556640625
55.9344867,100.2880859375,-106.0888671875,-12.1337890625
55.9772213,99.7509765625,-106.3330078125,-16.7236328125
55.9980564,98.4326171875,-107.3583984375,-22.6806640625
56.0170331,97.7490234375,-108.3349609375,-27.2705078125
56.0530869,96.7724609375,-109.3115234375,-33.2763671875
56.078463,95.9423828125,-109.7021484375,-40.1611328125
56.1186895,95.1611328125,-108.7744140625,-43.3837890625
56.1403003,93.8427734375,-109.0185546875,-14.9169921875
56.175957,92.2802734375,-108.4814453125,44.1650390625
56.2029233,91.3037109375,-108.2373046875,68.9208984375
56.2398675,90.2783203125,-107.9931640625,74.7802734375
56.2617272,88.9599609375,-108.1396484375,69.5556640625
56.3003377,88.2275390625,-107.3095703125,64.9169921875
56.3230029,86.8603515625,-107.5537109375,62.1337890625
56.3499026,85.8349609375,-108.0908203125,61.4990234375
56.4016027,84.7607421875,-108.4814453125,57.0068359375
56.4323139,83.6865234375,-108.4814453125,46.9482421875
56.445021,82.2705078125,-108.9208984375,42.9443359375
56.4961663,82.5146484375,-109.7021484375,43.2373046875
56.5278705,85.0048828125,-110.1904296875,43.0908203125
56.5333947,90.2783203125,-111.3134765625,40.9423828125
56.5722501,92.3779296875,-111.6552734375,34.0576171875
56.5902828,94.2822265625,-111.8505859375,26.3916015625
56.6291555,95.6005859375,-112.8271484375,17.6513671875
56.6523898,97.4560546875,-113.3154296875,10.7177734375
56.6887735,98.5791015625,-113.9990234375,3.8330078125
56.7157633,98.9208984375,-113.9013671875,-1.6845703125
56.7619364,98.3349609375,-115.2685546875,-7.6904296875
56.7698766,97.4560546875,-115.8544921875,-12.1337890625
56.8066926,97.6513671875,-117.0751953125,-16.2353515625
56.8314438,97.3583984375,-117.5634765625,-21.0205078125
56.8693457,97.1630859375,-118.2958984375,-26.1474609375
56.8929058,96.4306640625,-119.5654296875,-30.2978515625
56.9371995,95.2099609375,-120.4443359375,-35.7666015625
56.9557665,94.2822265625,-121.2255859375,-40.9423828125
56.9919315,93.0126953125,-121.2744140625,-47.5830078125
57.011661,92.3779296875,-122.1533203125,-52.7587890625
57.0624324,91.1572265625,-121.6162109375,-44.8974609375
57.0928729,89.9853515625,-120.8837890625,11.7431640625
57.1093475,89.1552734375,-121.5185546875,49.6337890625
57.1351191,87.6416015625,-121.0302734375,60.8154296875
57.1649755,86.7138671875,-121.3232421875,57.7880859375
57.2030994,85.6884765625,-120.5419921875,49.3896484375
57.2257435,84.6630859375,-121.1279296875,42.5048828125
57.2626403,83.5400390625,-120.7861328125,39.9169921875
57.2868988,82.1728515625,-120.6396484375,32.8857421875
57.3224106,81.7822265625,-120.6884765625,23.9013671875
57.34367,80.8544921875,-120.8349609375,22.3388671875
57.3805125,79.9755859375,-120.9326171875,25.1220703125
57.4064757,81.1474609375,-121.5185546875,26.7822265625
57.4420078,83.8818359375,-121.3720703125,23.7060546875
57.4674102,87.8369140625,-121.9091796875,17.5048828125
57.5051851,89.4970703125,-121.1279296875,9.3017578125
57.5314982,90.3271484375,-121.1279296875,1.1962890625
57.556663,91.2060546875,-122.0068359375,-6.2255859375
57.5950394,92.5732421875,-122.2509765625,-12.5732421875
57.6370444,92.6220703125,-122.8369140625,-17.9443359375
57.6474634,92.4267578125,-122.7880859375,-24.1943359375
57.6854053,91.8896484375,-123.3740234375,-28.3935546875
57.7073506,91.3037109375,-124.0576171875,-31.3720703125
57.7449124,91.9384765625,-123.9599609375,-35.2783203125
57.7736277,91.4501953125,-124.8876953125,-39.7705078125
57.8000893,90.3271484375,-125.4736328125,-45.3369140625
57.8285099,89.7412109375,-125.0341796875,-50.7080078125
57.8598566,89.0087890625,-125.5224609375,-56.5673828125
57.8898106,88.2275390625,-124.6435546875,-47.1435546875
57.9187399,86.8115234375,-124.2529296875,8.6669921875
57.9506575,86.6650390625,-123.5693359375,45.5322265625
57.9805114,85.4931640625,-123.6669921875,57.2998046875
58.0144982,84.3212890625,-123.3251953125,55.5908203125
58.0409607,83.6376953125,-122.4462890625,48.7060546875
58.0697306,82.2216796875,-121.8603515625,43.7255859375
58.1012197,81.9287109375,-122.0068359375,41.8701171875
58.1306055,80.5615234375,-121.3232421875,37.6708984375
58.1813533,79.9267578125,-121.4697265625,27.5146484375
58.1916552,78.9013671875,-120.9326171875,23.5107421875
58.2226432,77.6806640625,-120.7373046875,24.3408203125
58.2504555,78.5595703125,-120.6884765625,25.4638671875
58.3022363,81.9775390625,-121.6162109375,22.4365234375
58.3115696,85.2978515625,-120.8349609375,17.0166015625
58.3603282,87.8369140625,-120.9814453125,8.5205078125
58.3714016,89.0576171875,-120.3955078125,-0.7568359375
58.4187012,90.4736328125,-121.5185546875,-6.6650390625
58.4497357,91.8408203125,-121.1767578125,-13.2080078125
58.4616376,92.0849609375,-121.6650390625,-19.5556640625
58.4895652,92.4755859375,-121.4697265625,-24.5849609375
58.5389974,91.8408203125,-122.4462890625,-28.8818359375
58.5529481,91.4990234375,-122.5439453125,-33.9111328125
58.5974012,91.4990234375,-123.1787109375,-38.4521484375
58.6178897,91.4013671875,-123.4228515625,-42.4560546875
58.6702136,91.3037109375,-124.8388671875,-47.0458984375
58.6903544,90.1318359375,-124.7412109375,-51.6845703125
58.704416,89.7412109375,-124.6923828125,-57.7392578125
58.7636135,88.8134765625,-124.4970703125,-63.6474609375
58.7645695,88.2275390625,-123.3740234375,-55.7861328125
58.8068827,86.7626953125,-122.5439453125,2.4658203125
58.8271999,86.2744140625,-122.5927734375,43.5302734375
58.8700725,84.7119140625,-121.2744140625,56.6162109375
58.8903255,83.7841796875,-120.2978515625,56.8115234375
58.9305778,83.1494140625,-118.5400390625,50.9033203125
58.9524623,81.5380859375,-117.3681640625,47.8271484375
58.9992102,80.6103515625,-117.1240234375,47.5830078125
59.0078935,79.8291015625,-116.4404296875,45.4345703125
59.0520701,78.6572265625,-115.8056640625,36.6455078125
59.0725415,78.2666015625,-115.3662109375,29.1748046875
59.1063059,77.6318359375,-114.4873046875,28.1494140625
59.1278724,77.4365234375,-113.6572265625,28.5400390625
59.1667298,80.1220703125,-113.4619140625,27.5634765625
59.1869564,84.7607421875,-112.8271484375,22.9736328125
59.2294645,87.5927734375,-112.8759765625,14.7216796875
59.2504437,89.3505859375,-112.6806640625,7.4951171875
59.2961342,90.8642578125,-112.4853515625,-1.1474609375
59.3153637,92.5244140625,-112.4853515625,-7.6904296875
59.351017,93.5009765625,-112.1435546875,-13.4033203125
59.3701371,94.1357421875,-113.2177734375,-19.7509765625
59.4031719,93.2080078125,-112.9248046875,-25.1220703125
59.4292145,93.0615234375,-113.4619140625,-29.5654296875
59.469998,93.4521484375,-114.1943359375,-34.2041015625
59.4910317,92.7197265625,-114.3408203125,-38.9892578125
59.5273337,92.6220703125,-114.7314453125,-44.1650390625
59.5487238,92.6708984375,-115.2685546875,-48.6083984375
59.5864607,91.5478515625,-115.7080078125,-53.9306640625
59.6085908,90.6689453125,-116.0986328125,-60.5224609375
59.6581228,89.8388671875,-115.2685546875,-65.6982421875
59.6772886,89.1552734375,-113.5595703125,-59.1064453125
59.7144166,87.7880859375,-112.2900390625,-2.9541015625
59.7346444,87.0556640625,-111.5087890625,39.0380859375
59.7719669,85.7861328125,-109.7509765625,53.3447265625
59.7921607,84.6142578125,-108.4326171875,51.1474609375
59.8319343,83.7841796875,-105.9912109375,44.7998046875
59.8539221,83.1494140625,-105.2099609375,38.8916015625
59.8919142,82.4658203125,-104.1845703125,37.4267578125
59.9121075,80.9521484375,-102.4755859375,33.9111328125
59.9513442,79.9267578125,-101.2548828125,25.2197265625
59.9713524,78.9501953125,-99.9853515625,20.5810546875
60.0203426,78.1201171875,-99.5947265625,21.2646484375
60.0411605,77.2900390625,-99.2529296875,21.6552734375
60.0793373,79.6826171875,-98.1787109375,20.1416015625
60.0947518,83.4423828125,-97.3486328125,15.8447265625
60.1323155,86.7138671875,-97.3486328125,8.4716796875
60.1528661,88.2275390625,-96.8603515625,0.3662109375
60.1895361,89.8388671875,-96.4208984375,-6.7626953125
60.2127301,90.1806640625,-96.4697265625,-13.1103515625
60.2509721,91.7919921875,-96.6162109375,-18.6767578125
60.2739184,91.7431640625,-96.9580078125,-23.5595703125
60.3123941,91.3037109375,-96.6650390625,-28.5400390625
60.3321693,90.5712890625,-96.8115234375,-32.0556640625
60.3813853,90.6689453125,-96.9091796875,-35.4736328125
60.4007779,91.1572265625,-97.4462890625,-39.0380859375
60.4445752,90.8154296875,-97.2021484375,-44.7021484375
60.4650738,89.7900390625,-97.6416015625,-50.1220703125
60.4860533,89.5947265625,-95.5419921875,-53.2958984375
60.5243886,88.3740234375,-93.3935546875,-25.3173828125
60.5448665,86.9091796875,-91.9287109375,26.6357421875
60.5819745,86.3720703125,-89.9755859375,47.4365234375
60.6062433,85.7861328125,-88.3154296875,51.1962890625
60.6422285,84.9072265625,-86.8505859375,45.1904296875
60.6626522,83.5888671875,-84.9951171875,38.3544921875
60.7004687,82.7587890625,-83.9697265625,33.9111328125
60.7264403,82.0263671875,-83.7744140625,30.5419921875
60.7740048,81.1962890625,-83.1884765625,20.6298828125
60.7945131,80.4150390625,-81.8701171875,15.2587890625
60.8298306,79.4873046875,-81.1376953125,16.9677734375
60.8502288,78.0224609375,-80.9912109375,19.0185546875
60.8872128,79.0478515625,-80.5029296875,18.8720703125
60.9089774,81.6357421875,-80.6982421875,14.3310546875
60.9438316,85.5419921875,-80.8447265625,7.0556640625
60.9675446,86.9091796875,-81.7236328125,-0.9521484375
61.0082727,87.4951171875,-81.7724609375,-8.1298828125
61.0395094,88.8623046875,-82.9931640625,-14.2822265625
61.0562917,89.7900390625,-82.9443359375,-20.3857421875
61.0925646,91.0595703125,-83.7744140625,-24.5849609375
61.1171186,89.9365234375,-84.1650390625,-30.0537109375
61.1550558,89.5458984375,-84.5068359375,-33.2763671875
61.1763432,89.7412109375,-84.9951171875,-36.4501953125
61.2120893,89.0576171875,-85.2392578125,-41.3818359375
61.2406351,89.4970703125,-86.0693359375,-46.1669921875
61.2769748,89.2041015625,-85.4833984375,-52.0751953125
61.2998229,87.2998046875,-83.6767578125,-52.8564453125
61.3372366,88.2275390625,-82.0166015625,-14.5263671875
61.3601301,86.6162109375,-80.4052734375,35.6201171875
61.3968162,85.1513671875,-79.1357421875,54.8095703125
61.4174329,84.9560546875,-78.1591796875,57.2509765625
61.4591608,83.7841796875,-76.9873046875,53.4912109375
61.4791564,82.7587890625,-76.2060546875,50.0244140625
61.5214655,82.0263671875,-75.4736328125,49.1943359375
61.5414185,81.4404296875,-75.7177734375,47.5830078125
61.5849042,80.7080078125,-75.9619140625,41.0400390625
61.6051214,79.3896484375,-75.4248046875,33.5693359375
61.6500713,78.6083984375,-75.5224609375,31.8115234375
61.6610292,78.3154296875,-76.3525390625,32.8369140625
61.7124615,78.0712890625,-76.2548828125,32.8857421875
61.7329673,81.3427734375,-76.9873046875,29.3701171875
61.7493219,85.2001953125,-77.9638671875,22.9736328125
61.7885783,87.1533203125,-79.2333984375,15.2587890625
61.8096433,88.2763671875,-80.1123046875,8.5693359375
61.8460984,90.1318359375,-80.8447265625,3.1494140625
61.8729507,92.0361328125,-80.7958984375,-2.5146484375
61.9111312,92.2314453125,-82.3583984375,-7.7392578125
61.9337134,92.5732421875,-83.1884765625,-12.5732421875
61.9703222,92.2802734375,-84.2138671875,-16.7236328125
61.9914275,91.9384765625,-84.8974609375,-20.2392578125
62.0291811,92.0849609375,-85.4833984375,-24.1943359375
62.0539369,92.1337890625,-86.7529296875,-28.9794921875
62.0944038,91.5966796875,-87.7783203125,-34.0087890625
62.1150762,92.0849609375,-88.5595703125,-40.1611328125
62.1521075,90.4248046875,-87.2900390625,-44.8974609375
62.1729955,89.6923828125,-86.4111328125,-33.8134765625
62.2063603,89.3017578125,-84.8974609375,21.4111328125
62.2431598,87.7880859375,-84.7021484375,53.4423828125
62.2631872,86.9091796875,-84.2626953125,64.7705078125
62.300302,86.4208984375,-83.7744140625,62.8173828125
62.3262725,84.7607421875,-83.1396484375,59.4482421875
62.3674199,84.4677734375,-83.2861328125,57.5439453125
62.4035362,83.3447265625,-82.7001953125,58.2275390625
62.4293349,82.4658203125,-83.4326171875,54.6630859375
62.4481334,81.8310546875,-83.4814453125,46.7529296875
62.4756458,81.1962890625,-83.9697265625,42.4072265625
62.511734,80.0732421875,-83.8232421875,41.5283203125
62.5376518,78.8525390625,-85.1416015625,42.5537109375
62.5644842,80.6591796875,-85.7275390625,40.7958984375
62.6183341,83.8330078125,-86.3623046875,36.9384765625
62.6256256,87.5439453125,-87.3876953125,30.2978515625
62.6620273,89.5947265625,-88.3154296875,23.2666015625
62.6880005,91.0107421875,-88.7548828125,17.0166015625
62.7171608,92.7197265625,-90.0244140625,11.8408203125
62.749161,94.0380859375,-91.1474609375,6.6650390625
62.7785075,94.9658203125,-92.1240234375,1.0986328125
62.809401,94.4287109375,-92.8564453125,-3.2958984375
62.839375,93.9892578125,-94.0283203125,-7.8369140625
62.8692814,94.2822265625,-95.0048828125,-12.4267578125
62.8980621,94.3798828125,-96.0302734375,-15.9423828125
62.9260256,94.1357421875,-97.3974609375,-20.1416015625
62.9598118,93.8916015625,-98.3740234375,-25.9521484375
62.9888468,93.4033203125,-99.1064453125,-31.3720703125
63.0196218,92.2314453125,-100.2294921875,-37.2802734375
63.0494884,91.7431640625,-99.1552734375,-40.1123046875
63.0787612,90.4736328125,-98.7158203125,-7.9833984375
63.1099192,90.4248046875,-98.3251953125,41.6259765625
63.1377482,88.9599609375,-98.1787109375,60.9619140625
63.1707942,88.7646484375,-97.8857421875,64.1357421875
63.2006758,87.2021484375,-97.0556640625,58.6181640625
63.2279576,86.6650390625,-97.3486328125,54.1259765625
63.2614898,86.0791015625,-96.8603515625,51.6357421875
63.2896901,85.0048828125,-97.6416015625,48.7060546875
63.3194607,84.4189453125,-97.7880859375,41.0888671875
63.3667755,83.2470703125,-97.8369140625,36.2060546875
63.3887877,82.3681640625,-97.6904296875,36.5478515625
63.4076231,81.1962890625,-98.3740234375,38.3544921875
63.4601464,80.6103515625,-98.4228515625,37.9638671875
63.4711974,82.8564453125,-99.2529296875,34.2529296875
63.5042184,86.3720703125,-99.3017578125,27.6611328125
63.5622467,89.6435546875,-99.9853515625,20.3369140625
63.563064,90.0341796875,-100.6201171875,14.3798828125
63.6085755,91.4501953125,-100.7177734375,8.0322265625
63.6221192,93.0615234375,-101.8896484375,2.5634765625
63.6500845,94.3310546875,-101.5478515625,-2.4658203125
63.6857308,94.2333984375,-102.1826171875,-7.1533203125
63.7284237,93.7939453125,-102.7685546875,-10.4248046875
63.7495113,93.0615234375,-103.3056640625,-13.1103515625
63.7873438,93.4033203125,-104.5263671875,-17.9931640625
63.8076262,93.4521484375,-104.3798828125,-23.3642578125
63.859634,93.3544921875,-105.4052734375,-29.7119140625
63.8625877,93.1103515625,-105.1611328125,-34.3017578125
63.9057473,92.2314453125,-103.6474609375,-19.8974609375
63.9247912,91.2060546875,-103.1591796875,31.6650390625
63.9728679,90.8642578125,-102.8662109375,57.2509765625
63.9923513,90.2783203125,-102.5732421875,65.6005859375
64.0269624,89.9853515625,-101.6943359375,62.7197265625
64.0469098,89.2041015625,-100.9619140625,57.2509765625
64.0846478,87.9833984375,-101.6943359375,55.5908203125
64.1041083,86.9091796875,-101.8408203125,54.1259765625
64.1483165,86.1279296875,-102.0361328125,48.5595703125
64.1685008,84.9072265625,-101.2060546875,41.6259765625
64.2191127,83.8818359375,-101.5478515625,38.7451171875
64.2409165,83.0517578125,-101.6943359375,39.8193359375
64.25701,82.9541015625,-101.0107421875,40.0146484375
64.2949564,83.0517578125,-101.7919921875,37.3291015625
64.3156791,86.9580078125,-101.6943359375,31.3232421875
64.3569631,90.2294921875,-102.1337890625,24.4384765625
64.3777957,92.0849609375,-102.5244140625,17.2607421875
64.4182222,93.7939453125,-102.6708984375,11.0595703125
64.438351,94.7705078125,-103.1591796875,5.2490234375
64.4770712,96.3330078125,-103.0615234375,-0.5615234375
64.4963155,97.1630859375,-103.8916015625,-5.6396484375
64.5347446,96.9677734375,-104.6240234375,-9.3505859375
64.5591184,96.6259765625,-104.6728515625,-13.2080078125
64.5968911,96.9189453125,-105.9423828125,-17.2607421875
64.6163673,96.3818359375,-106.1865234375,-21.7041015625
64.658492,95.7958984375,-106.7236328125,-27.1728515625
64.6795862,95.5029296875,-107.4072265625,-33.0810546875
64.7140769,95.0146484375,-107.5048828125,-38.8916015625
64.7383194,94.5263671875,-106.5283203125,-33.0322265625
64.7857922,93.4033203125,-105.8935546875,17.8955078125
64.8059936,92.5732421875,-105.5029296875,53.5400390625
64.8485069,91.6455078125,-105.2587890625,67.5048828125
64.8574751,90.3759765625,-104.8681640625,68.9208984375
64.8941605,90.4248046875,-104.2822265625,64.5263671875
64.9210109,89.5458984375,-103.4033203125,63.5986328125
64.9588037,88.4228515625,-103.2080078125,64.0380859375
64.9816397,87.3486328125,-102.7685546875,61.2548828125
65.0188869,86.1279296875,-103.3056640625,54.0771484375
65.0408448,85.2490234375,-102.4267578125,47.2412109375
65.0833879,84.1748046875,-103.1103515625,46.4111328125
65.1034531,82.2705078125,-102.8173828125,46.3623046875
65.1382516,82.8076171875,-103.6962890625,46.2646484375
65.1613683,85.8349609375,-102.8662109375,41.5283203125
65.1988115,89.8876953125,-103.5498046875,35.5224609375
65.2232236,92.5732421875,-103.5498046875,28.1982421875
65.2645126,94.9169921875,-103.8427734375,21.1669921875
65.2848501,96.2353515625,-104.0380859375,15.7958984375
65.3227922,97.9931640625,-104.1845703125,10.9619140625
65.3438949,99.4580078125,-104.5263671875,5.6396484375
65.3813574,99.7998046875,-105.3076171875,0.1220703125
65.402881,99.7509765625,-106.0888671875,-4.4189453125
65.4401846,99.3115234375,-106.0888671875,-8.2763671875
65.4649623,99.4091796875,-107.3583984375,-12.8662109375
65.504502,99.7509765625,-108.8720703125,-17.6513671875
65.5235947,99.5068359375,-109.1650390625,-22.9736328125
65.5620002,98.8232421875,-110.5810546875,-28.7353515625
65.5823284,98.0908203125,-110.3857421875,-34.3505859375
65.6148498,97.2119140625,-109.8974609375,-31.0302734375
65.6447366,96.4306640625,-109.4091796875,16.8212890625
65.690629,95.3076171875,-109.3603515625,55.2001953125
65.713522,94.2333984375,-109.4091796875,69.3603515625
65.736641,93.7939453125,-109.7021484375,70.0439453125
65.7864047,92.5244140625,-108.2861328125,65.5029296875
65.8057903,91.5966796875,-109.0185546875,63.1103515625
65.8501957,90.7177734375,-108.8232421875,62.7197265625
65.8530094,89.6923828125,-108.3349609375,59.8876953125
65.890885,88.1298828125,-108.2861328125,51.7822265625
65.9140596,87.3486328125,-108.2373046875,47.3388671875
65.9520844,86.7626953125,-108.3837890625,46.7041015625
65.97526,84.9072265625,-108.3837890625,47.7783203125
66.0140235,84.8583984375,-108.7255859375,46.5576171875
66.033634,86.6162109375,-108.8720703125,43.3349609375
66.0708022,90.8154296875,-109.4580078125,35.8154296875
66.095415,94.3798828125,-109.1162109375,29.6630859375
66.1468897,95.8447265625,-109.6044921875,23.6083984375
66.1677802,97.0654296875,-109.8486328125,18.2861328125
66.1866235,98.8232421875,-110.4345703125,12.3291015625
66.224722,99.8486328125,-110.5322265625,8.1298828125
66.2448544,100.2880859375,-111.3134765625,3.9306640625
66.2887303,99.9951171875,-111.1669921875,0.3662109375
66.3203324,99.7021484375,-112.3388671875,-2.5146484375
66.3382435,99.7998046875,-112.7294921875,-6.5673828125
66.3813269,99.7509765625,-113.0224609375,-11.6943359375
66.4032425,99.1162109375,-114.0478515625,-18.2373046875
66.4431476,98.9697265625,-112.2900390625,-21.9482421875
66.4600182,98.8232421875,-111.8994140625,-3.9794921875
66.4990965,97.1630859375,-111.0693359375,44.0185546875
66.5192404,96.9189453125,-110.3857421875,65.6494140625
66.5556204,95.9912109375,-109.6044921875,71.8505859375
66.5782117,95.1611328125,-109.0673828125,68.5791015625
66.6134755,93.5986328125,-107.3583984375,63.7451171875
66.6414909,93.1103515625,-107.5537109375,61.2548828125
66.6808253,92.4755859375,-106.7236328125,58.8134765625
66.712309,91.2060546875,-105.6005859375,50.6103515625
66.7312087,90.1318359375,-105.2587890625,45.9228515625
66.7738351,89.0087890625,-104.3310546875,46.4599609375
66.7949005,87.9833984375,-103.8916015625,48.9990234375
66.8219388,87.4951171875,-103.9404296875,48.4619140625
66.8601077,86.9580078125,-102.7685546875,44.6533203125
66.8818246,90.0830078125,-102.7685546875,39.1357421875
66.9216638,94.0869140625,-102.9638671875,31.7138671875
66.9456449,96.7724609375,-103.2080078125,26.7333984375
66.9835696,96.7724609375,-102.1337890625,21.8017578125
67.0003003,98.7744140625,-102.6220703125,16.6748046875
67.0391824,100.2392578125,-101.2060546875,12.7685546875
67.0631247,100.9228515625,-101.8408203125,9.3017578125
67.1015981,100.7763671875,-101.4013671875,6.7138671875
67.1245636,100.7275390625,-101.7431640625,3.2470703125
67.1534451,100.1416015625,-102.3779296875,-1.4404296875
67.1984715,100.5322265625,-101.6455078125,-6.8115234375
67.2145526,100.6787109375,-100.4736328125,-11.4013671875
67.2517456,100.4345703125,-98.6181640625,0.9033203125
67.2751382,98.9208984375,-96.9091796875,46.1669921875
67.3051024,98.8232421875,-95.7861328125,72.3388671875
67.3439647,98.2373046875,-94.0283203125,81.4208984375
67.3638572,96.7724609375,-91.7333984375,81.1279296875
67.4023417,95.7958984375,-90.4638671875,77.9541015625
67.4223619,95.4541015625,-88.1201171875,77.8564453125
67.4656057,94.7216796875,-87.4365234375,78.7841796875
67.4833765,93.4033203125,-86.0205078125,74.3896484375
67.520989,92.6220703125,-84.7998046875,67.5537109375
67.5430817,92.5244140625,-84.7509765625,63.5498046875
67.5791433,90.4248046875,-83.4326171875,64.7216796875
67.6055658,89.4970703125,-82.7978515625,65.0146484375
67.6356029,88.9599609375,-82.0654296875,63.0615234375
67.6684034,91.2548828125,-81.9677734375,58.9599609375
67.6966645,95.9423828125,-81.7724609375,54.1748046875
67.7332124,99.6533203125,-82.1142578125,47.8759765625
67.7542003,100.6298828125,-82.1142578125,43.0419921875
67.7920875,103.1689453125,-81.7236328125,38.0615234375
67.8178531,104.1943359375,-81.9189453125,33.6181640625
67.8490844,105.9033203125,-83.2861328125,29.3701171875
67.8770096,107.0263671875,-83.0419921875,26.0498046875
67.9072694,106.7822265625,-82.7978515625,22.4365234375
67.9381633,106.2451171875,-83.1884765625,18.2861328125
67.9680132,107.2705078125,-83.6767578125,15.1611328125
67.9998145,107.3193359375,-84.8974609375,10.1806640625
68.0286507,107.0751953125,-85.4833984375,4.4677734375
68.0566186,106.9775390625,-84.2138671875,-0.6591796875
68.1058042,106.4892578125,-82.2607421875,2.7099609375
68.1181358,105.5126953125,-81.2353515625,44.4580078125
68.1483185,104.2431640625,-79.4775390625,77.6611328125
68.1961436,103.7060546875,-77.9150390625,91.7724609375
68.2092135,102.5830078125,-76.5478515625,93.6279296875
68.236189,101.8017578125,-74.8876953125,90.8447265625
68.284783,100.6298828125,-74.1064453125,90.9423828125
68.2988985,100.2880859375,-73.9599609375,92.0166015625
68.3338562,100.1416015625,-74.1552734375,90.3564453125
68.3592364,99.0673828125,-73.8134765625,84.4482421875
68.390092,97.3583984375,-73.9599609375,78.4912109375
68.4230171,95.8935546875,-74.3505859375,77.1240234375
68.4510243,94.7705078125,-75.5224609375,77.9052734375
68.4798373,93.5986328125,-76.2548828125,77.2705078125
68.5379786,93.8916015625,-76.8408203125,73.1689453125
68.5388062,98.4814453125,-78.3544921875,68.9697265625
68.5739041,102.8271484375,-79.1845703125,63.0126953125
68.6335102,104.6826171875,-80.5029296875,57.9345703125
68.634307,107.0263671875,-81.6259765625,53.7353515625
68.6790479,109.0771484375,-82.4072265625,49.4384765625
68.6998346,111.2255859375,-83.8232421875,44.8974609375
68.7431052,112.4951171875,-84.9951171875,41.4794921875
68.7530796,112.9345703125,-85.9228515625,38.0126953125
68.8004695,112.6904296875,-86.7041015625,35.1318359375
68.8114469,113.3251953125,-89.0478515625,31.0302734375
68.8674813,112.8857421875,-89.6826171875,26.2939453125
68.8733549,113.1298828125,-90.7080078125,19.7509765625
68.9171087,113.0810546875,-90.9033203125,15.7470703125
68.9337132,112.0556640625,-88.8037109375,22.0947265625
68.9774985,111.8115234375,-88.1689453125,62.0361328125
68.9965217,111.0791015625,-88.6572265625,89.5263671875
69.0344182,110.0537109375,-88.2177734375,99.5849609375
69.0553597,108.8330078125,-87.3388671875,98.8037109375
69.1004779,107.3193359375,-87.4853515625,95.9716796875
69.1188068,106.4404296875,-86.9970703125,94.9951171875
69.1544029,105.7568359375,-87.6806640625,95.1416015625
69.1771769,104.7802734375,-88.2177734375,90.8447265625
69.2141736,103.0712890625,-88.6083984375,83.6669921875
69.2358931,102.3388671875,-89.3408203125,82.0068359375
69.2798074,100.7275390625,-90.3662109375,82.2998046875
69.2996593,99.7509765625,-91.0009765625,82.8857421875
69.3435605,98.6767578125,-92.1728515625,80.3955078125
69.3544975,99.3603515625,-92.8564453125,76.8798828125
69.3974086,103.2177734375,-94.3212890625,71.9970703125
69.4175706,107.6123046875,-95.8349609375,67.2119140625
69.4672867,109.4189453125,-97.0068359375,63.1103515625
69.4863587,110.8837890625,-97.9345703125,58.2763671875
69.5065694,112.3486328125,-99.2041015625,54.3701171875
69.5464175,114.3994140625,-99.4482421875,51.1962890625
69.5676317,115.4736328125,-100.1806640625,48.4130859375
69.6056549,114.5458984375,-101.4501953125,46.2646484375
69.6248852,114.2041015625,-103.1103515625,42.8955078125
69.67127,114.7412109375,-103.9892578125,39.4775390625
69.6910849,114.8876953125,-105.0634765625,33.8623046875
69.7238281,115.1806640625,-104.8681640625,28.9794921875
69.7491308,114.1552734375,-103.7451171875,30.5908203125
69.7824497,113.3251953125,-102.7197265625,63.0126953125
69.8122484,112.6416015625,-103.1103515625,92.5048828125
69.8497607,111.7138671875,-102.2314453125,105.2001953125
69.8701215,110.3955078125,-101.3525390625,106.2255859375
69.9072993,109.5654296875,-101.1083984375,103.9306640625
69.928132,108.9306640625,-101.0107421875,103.1982421875
69.9688442,107.4169921875,-101.5478515625,103.6865234375
69.9885778,106.8798828125,-101.6455078125,99.7802734375
70.0239753,105.8056640625,-101.9384765625,93.9697265625
70.0500116,104.3896484375,-102.5244140625,92.4560546875
70.086903,104.0478515625,-102.3291015625,93.8232421875
70.1103449,102.5341796875,-103.5986328125,95.3369140625
70.1468194,101.7529296875,-104.6240234375,92.6025390625
70.169429,101.5087890625,-104.5751953125,88.8427734375
70.2023319,104.6826171875,-105.3076171875,84.1552734375
70.2318049,108.7353515625,-107.0654296875,79.9072265625
70.2741986,111.2255859375,-107.7001953125,76.4404296875
70.2934462,112.6904296875,-107.8466796875,72.0947265625
70.3304826,114.4970703125,-109.1650390625,68.8720703125
70.3522519,116.4013671875,-109.8974609375,65.8447265625
70.4060231,117.6708984375,-110.5810546875,64.0869140625
70.4255998,117.4267578125,-111.7041015625,61.5966796875
70.4394226,118.2568359375,-112.3388671875,58.4228515625
70.4786063,118.1591796875,-113.5595703125,53.7841796875
70.5011022,118.5986328125,-113.4619140625,49.0966796875
70.5382191,118.5498046875,-112.9248046875,48.8037109375
70.5618966,118.3056640625,-113.0224609375,72.3876953125
70.6011057,117.6220703125,-113.2177734375,101.8310546875
70.6256706,117.1826171875,-112.6318359375,118.5302734375
70.6641005,116.4013671875,-111.8994140625,122.9248046875
70.6824905,115.8642578125,-111.8505859375,124.0966796875
70.7223263,114.8876953125,-111.3134765625,126.2451171875
70.7449349,113.6181640625,-110.7763671875,128.9306640625
70.7832615,113.2763671875,-111.1181640625,128.8330078125
70.803881,111.8603515625,-111.8505859375,123.2177734375
70.8440661,111.4208984375,-111.6064453125,118.6767578125
70.8635705,109.8095703125,-111.7529296875,117.7978515625
70.9040755,108.7841796875,-111.8505859375,119.3603515625
70.9241712,108.0517578125,-112.3388671875,119.2138671875
70.961079,106.9775390625,-112.7294921875,117.2607421875
70.9853797,109.1259765625,-112.7294921875,112.9150390625
71.022623,114.3505859375,-112.5830078125,109.4970703125
71.0465067,118.1103515625,-113.5107421875,105.6884765625
71.0856176,119.9658203125,-114.3896484375,101.9775390625
71.1057215,122.5048828125,-114.8779296875,97.9736328125
71.1435969,125.4833984375,-114.7802734375,94.9462890625
71.1645535,127.4853515625,-116.8310546875,92.2607421875
71.2044416,129.3896484375,-116.6845703125,88.8916015625
71.2282473,130.0244140625,-118.0517578125,85.5224609375
71.2627162,129.8291015625,-117.9052734375,81.9580078125
71.2861486,130.1708984375,-119.6630859375,78.3447265625
71.323705,130.5126953125,-120.0048828125,74.6826171875
71.3439315,130.6591796875,-121.2255859375,69.0673828125
71.3918055,131.2939453125,-120.9326171875,64.0380859375
71.4108687,129.7314453125,-121.0791015625,62.7197265625
71.4473333,129.7314453125,-120.7861328125,83.4716796875
71.4682086,129.0966796875,-121.2744140625,113.8427734375
71.504393,128.3154296875,-120.7373046875,131.4697265625
71.5300668,127.1435546875,-120.6396484375,137.2802734375
71.5672863,125.8740234375,-120.5419921875,139.1845703125
71.587992,124.8486328125,-120.0048828125,141.3818359375
71.6213876,124.0673828125,-120.5908203125,144.2626953125
71.6499588,122.8955078125,-120.5419921875,145.0439453125
71.6882381,122.3583984375,-120.6396484375,139.5263671875
71.7094755,121.1376953125,-121.4208984375,134.5947265625
71.7523316,119.5751953125,-120.4443359375,132.9833984375
71.7727188,118.2568359375,-120.9814453125,133.0322265625
71.805614,117.9638671875,-121.1767578125,132.8369140625
71.8262325,116.4990234375,-121.1279296875,129.9072265625
71.8629262,117.8662109375,-122.3486328125,127.0751953125
71.8896374,122.5048828125,-122.9833984375,123.2666015625
71.9248692,126.7529296875,-122.8857421875,119.1162109375
71.9544493,129.7802734375,-123.4228515625,115.6494140625
71.9806449,131.7822265625,-124.2529296875,111.0107421875
72.0181753,135.2001953125,-124.2529296875,106.3232421875
72.0433065,138.1298828125,-125.0341796875,103.8330078125
72.0810365,139.9365234375,-125.7666015625,100.1220703125
72.102523,140.2294921875,-126.5478515625,97.1435546875
72.1397527,140.1318359375,-126.4501953125,92.7490234375
72.1642789,141.2548828125,-127.4755859375,88.9404296875
72.1944996,141.4501953125,-127.6708984375,84.5947265625
72.2235458,142.0361328125,-128.5986328125,80.4931640625
72.2594036,141.7919921875,-129.1845703125,75.9521484375
72.28364,141.0107421875,-130.1123046875,69.8486328125
72.3310868,141.1572265625,-130.5029296875,65.0634765625
72.3430435,139.8876953125,-129.8681640625,62.0361328125
72.380462,139.8876953125,-129.5751953125,74.4384765625
72.4003039,138.3740234375,-130.1611328125,106.8115234375
72.4392402,137.4951171875,-129.6728515625,126.5869140625
72.466114,136.0791015625,-129.2822265625,132.9833984375
72.4980421,135.0537109375,-129.1357421875,132.9345703125
72.5249204,134.1259765625,-128.3056640625,132.8369140625
72.5539358,132.6611328125,-128.2568359375,133.4228515625
72.5906281,131.6845703125,-128.5986328125,133.3251953125
72.6165985,130.3173828125,-128.5498046875,127.8076171875
72.6449627,129.0478515625,-127.9150390625,122.4365234375
72.6776823,128.0712890625,-127.1826171875,122.0947265625
72.7076307,126.2158203125,-127.7685546875,123.1201171875
72.732961,125.2392578125,-128.5009765625,122.6806640625
72.7683512,124.3603515625,-128.2080078125,121.2158203125
72.7963442,123.2373046875,-128.0126953125,116.6748046875
72.829444,127.6318359375,-128.5009765625,112.8173828125
72.8563868,132.7587890625,-128.6474609375,108.5205078125
72.8862712,135.4931640625,-129.1845703125,104.1748046875
72.9183198,137.5439453125,-129.2333984375,100.0244140625
72.9472077,139.6435546875,-129.7216796875,96.4111328125
72.9767117,142.2314453125,-129.2333984375,93.0419921875
73.0070956,144.0869140625,-129.4287109375,89.9169921875
73.0372769,144.4287109375,-130.1611328125,86.4501953125
73.0691278,144.0869140625,-130.6982421875,82.4462890625
73.0990659,144.6240234375,-131.5771484375,78.5400390625
73.1270333,144.8193359375,-131.4794921875,72.9248046875
73.1588023,144.9658203125,-131.9189453125,66.5283203125
73.1876964,145.0146484375,-131.8212890625,63.1591796875
73.2176634,144.7705078125,-131.5283203125,66.3818359375
73.24815,143.0615234375,-130.5517578125,94.2138671875
73.2942606,143.0615234375,-130.3564453125,118.3349609375
73.3080028,141.9873046875,-129.3310546875,128.7353515625
73.3402614,140.7666015625,-129.0869140625,131.0302734375
73.3681545,140.0341796875,-127.9638671875,131.2255859375
73.4148002,139.2041015625,-127.6220703125,132.4462890625
73.4299726,138.0322265625,-127.6220703125,135.4248046875
73.4609724,137.3486328125,-126.4990234375,132.2998046875
73.4908689,136.1279296875,-126.1572265625,126.0009765625
73.5227424,134.4677734375,-125.7666015625,122.3388671875
73.5538243,133.1005859375,-125.6689453125,122.3876953125
73.5921665,131.9287109375,-125.0830078125,121.9970703125
73.6124368,130.2197265625,-125.3271484375,121.2646484375
73.6386908,129.1455078125,-124.8388671875,118.2373046875
73.6725944,130.8056640625,-125.1318359375,112.7197265625
73.7014892,135.8837890625,-125.7666015625,107.6416015625
73.7353838,139.3017578125,-124.7900390625,102.6123046875
73.7632822,141.4501953125,-125.0341796875,98.1201171875
73.7911712,143.7939453125,-125.3759765625,92.8955078125
73.8479295,146.9189453125,-124.7412109375,88.5986328125
73.8520234,149.3603515625,-125.4736328125,84.3505859375
73.8918544,150.2392578125,-125.8642578125,80.3955078125
73.9127755,150.8740234375,-126.2548828125,75.1220703125
73.9725424,151.0205078125,-125.9130859375,70.1416015625
73.9734319,151.3623046875,-126.2060546875,65.5517578125
74.0170871,151.6552734375,-127.3291015625,61.0107421875
74.0316227,151.1669921875,-127.4267578125,56.0302734375
74.0816749,151.6552734375,-128.1103515625,50.4150390625
74.1131423,151.0205078125,-128.2080078125,43.8232421875
74.1221833,149.9462890625,-129.0380859375,38.5986328125
74.1753974,148.9697265625,-127.3779296875,36.7431640625
74.1970212,147.7001953125,-127.0849609375,64.4287109375
74.2181304,146.2353515625,-125.9130859375,96.6064453125
74.2551799,145.5029296875,-124.9853515625,112.4267578125
74.2751802,143.4033203125,-123.8134765625,116.5283203125
74.316355,142.7197265625,-122.7880859375,116.6748046875
74.3352717,141.5966796875,-121.3232421875,119.1650390625
74.372427,139.7412109375,-120.1513671875,121.8994140625
74.3955991,137.6904296875,-118.9794921875,122.9736328125
74.4319627,136.4208984375,-118.5400390625,118.0908203125
74.4521691,135.0537109375,-118.0029296875,110.7177734375
74.5035053,133.0517578125,-117.2216796875,108.5205078125
74.524152,131.3916015625,-116.3427734375,108.1787109375
74.5488033,130.1220703125,-116.2939453125,107.8857421875
74.5973699,128.3642578125,-115.3662109375,104.3212890625
74.617664,127.9736328125,-116.2939453125,99.3896484375
74.6368903,131.7822265625,-116.0986328125,93.7744140625
74.676032,136.6650390625,-115.4638671875,88.3056640625
74.6976213,140.5224609375,-115.0244140625,82.9345703125
74.7326529,142.0849609375,-116.0498046875,78.3935546875
74.7568148,144.6728515625,-115.7080078125,73.0224609375
74.8011843,148.4326171875,-116.2451171875,67.7001953125
74.823236,150.5810546875,-116.5380859375,63.2080078125
74.8638353,151.6552734375,-116.6845703125,58.9599609375
74.8788532,151.2646484375,-117.2705078125,53.3447265625
74.9168061,150.5322265625,-117.6123046875,47.7783203125
74.9427516,151.0693359375,-118.0029296875,41.9677734375
74.9801701,151.4111328125,-119.0283203125,36.3525390625
75.0020194,151.0205078125,-119.0771484375,30.4443359375
75.0431528,150.5810546875,-119.1748046875,25.2685546875
75.0611706,149.1650390625,-120.6396484375,19.3115234375
75.0966798,148.0908203125,-121.2255859375,12.5732421875
75.1204145,146.5771484375,-121.2255859375,6.7626953125
75.1631927,145.5029296875,-119.2724609375,4.3701171875
75.1840885,144.1845703125,-118.0517578125,32.8369140625
75.2203904,142.6708984375,-117.3193359375,72.5830078125
75.2416088,140.9619140625,-116.5869140625,88.9404296875
75.2805125,139.4970703125,-114.6337890625,92.2119140625
75.3009906,138.5693359375,-113.7060546875,89.6728515625
75.35421,135.9814453125,-112.2900390625,88.4521484375
75.3725092,134.8095703125,-111.0693359375,87.6708984375
75.3928552,132.5634765625,-110.7275390625,86.3037109375
75.4301529,131.0009765625,-110.3369140625,79.5654296875
75.452048,129.5849609375,-109.3603515625,74.0478515625
75.4940495,128.4130859375,-108.7255859375,72.5341796875
75.5090467,126.3623046875,-108.3349609375,72.5341796875
75.5481309,124.7021484375,-107.7490234375,71.2646484375
75.5714698,123.3837890625,-107.9443359375,68.0908203125
75.6171799,122.2119140625,-107.6513671875,62.2314453125
75.6374745,124.4091796875,-107.3583984375,55.5908203125
75.6750048,129.1943359375,-107.1630859375,49.8291015625
75.6950582,133.6376953125,-107.5537109375,44.2138671875
75.7440536,135.4443359375,-107.6513671875,38.4521484375
75.7767555,136.9580078125,-107.3095703125,33.0322265625
75.7846625,139.1552734375,-107.9443359375,28.7841796875
75.8237115,140.8154296875,-108.4326171875,24.1455078125
75.8457297,140.6689453125,-108.0908203125,19.6044921875
75.8839816,140.2294921875,-108.7744140625,14.5263671875
75.9031067,139.3505859375,-109.0673828125,8.7646484375
75.9401959,140.1806640625,-109.7509765625,4.1259765625
75.963983,140.1806640625,-110.1416015625,-2.4169921875
76.0083684,139.3017578125,-110.2880859375,-9.4482421875
76.0300145,138.8623046875,-109.6533203125,-15.5029296875
76.0545048,137.2998046875,-107.8955078125,-4.3701171875
76.0895606,136.6162109375,-106.7236328125,40.6982421875
76.116749,134.6630859375,-105.8447265625,66.1376953125
76.1544342,133.4423828125,-104.3798828125,74.0478515625
76.1771441,132.4658203125,-103.2568359375,71.8505859375
76.2148885,130.5126953125,-102.5244140625,68.3837890625
76.2351647,129.5361328125,-101.3525390625,66.5771484375
76.2735312,127.7783203125,-101.4013671875,65.8935546875
76.2958366,126.7529296875,-101.4990234375,61.2548828125
76.3319691,125.2880859375,-101.1083984375,52.8076171875
76.3559169,124.0673828125,-100.9130859375,49.4384765625
76.3927988,122.4072265625,-100.9619140625,50.0732421875
76.4158479,121.2353515625,-101.4990234375,49.0966796875
76.4510153,119.6240234375,-102.2802734375,46.3134765625
76.476765,118.6474609375,-102.7685546875,39.8681640625
76.517535,118.4033203125,-102.8662109375,31.8603515625
76.536593,122.1630859375,-104.3310546875,23.9990234375
76.5730521,126.5087890625,-104.3798828125,17.2607421875
76.6023543,129.2431640625,-105.2099609375,11.2548828125
76.6412597,130.3662109375,-106.1865234375,4.5654296875
76.6600584,132.0751953125,-107.3095703125,-0.5615234375
76.7149069,133.6865234375,-107.2119140625,-5.0537109375
76.7157161,135.5419921875,-108.4814453125,-9.7412109375
76.7536709,134.8583984375,-109.0185546875,-15.2099609375
76.7805883,134.7119140625,-110.0439453125,-20.6298828125
76.8074615,134.2236328125,-111.2646484375,-26.8310546875
76.8450305,133.8330078125,-111.9970703125,-31.4697265625
76.8687762,133.8330078125,-112.3388671875,-37.8173828125
76.9050362,132.8076171875,-114.0966796875,-45.1904296875
76.9303164,132.0751953125,-113.1689453125,-51.5380859375
76.9678382,131.4892578125,-111.8505859375,-44.8974609375
76.9933144,130.0244140625,-110.9716796875,8.8623046875
77.0222764,129.0966796875,-110.9228515625,42.0166015625
77.0619117,127.5830078125,-110.5810546875,53.9794921875
77.0788153,125.8740234375,-109.3603515625,53.7353515625
77.1247227,124.1650390625,-108.5302734375,50.3662109375
77.1429157,122.8955078125,-107.6025390625,48.6083984375
77.175042,121.2841796875,-107.8955078125,49.5361328125
77.2020548,119.5751953125,-107.8955078125,46.8505859375
77.2408196,118.2568359375,-108.1396484375,40.3076171875
77.2630406,117.3291015625,-108.7255859375,33.5205078125
77.2924976,115.4248046875,-108.6279296875,31.1279296875
77.3243596,114.0576171875,-109.2626953125,31.1767578125
77.3533232,113.0810546875,-110.1904296875,29.3701171875
77.3926338,111.5185546875,-110.3857421875,24.3408203125
77.4146712,111.1279296875,-110.7763671875,16.8212890625
77.4441945,113.5205078125,-111.7529296875,8.6669921875
77.4739665,118.4521484375,-112.7294921875,0.6103515625
77.5041059,122.9443359375,-113.3642578125,-5.2978515625
77.5342757,124.8974609375,-113.6572265625,-11.4990234375
77.5671556,126.4599609375,-115.2197265625,-17.9931640625
77.5940492,128.8525390625,-115.9521484375,-22.8759765625
77.6230554,130.1708984375,-117.7099609375,-28.1982421875
77.6572392,130.8544921875,-118.7841796875,-34.3505859375
77.6843771,131.1962890625,-119.3701171875,-40.4541015625
77.7132128,130.1708984375,-120.9814453125,-46.3134765625
77.7481391,130.0732421875,-122.1044921875,-52.5634765625
77.775115,130.0732421875,-123.2275390625,-58.6669921875
77.8049113,129.3896484375,-124.2041015625,-63.9892578125
77.8382457,128.8037109375,-125.8642578125,-70.7275390625
77.864162,128.3154296875,-126.1572265625,-77.6611328125
77.899064,127.1923828125,-124.6923828125,-82.9833984375
77.9259382,125.1416015625,-125.3271484375,-64.5751953125
77.956747,123.9208984375,-125.0341796875,-3.0029296875
77.9906502,122.7978515625,-124.9365234375,25.6591796875
78.0165835,120.8447265625,-124.3505859375,34.1064453125
78.0457641,120.0634765625,-123.9599609375,31.6650390625
78.0776157,118.4521484375,-123.7158203125,25.8544921875
78.1075693,117.0361328125,-123.5205078125,22.6806640625
78.1354609,116.1572265625,-124.1064453125,22.8271484375
78.1694696,114.6435546875,-123.9111328125,19.0185546875
78.2127945,113.1787109375,-123.2763671875,10.1806640625
78.229766,111.2744140625,-124.0087890625,5.1025390625
78.2608809,110.4931640625,-123.9111328125,4.9072265625
78.2886891,109.0771484375,-123.7646484375,4.8095703125
78.318556,108.1005859375,-125.6201171875,1.3916015625
78.3494623,107.0263671875,-125.5224609375,-3.5400390625
78.3815721,105.9033203125,-126.4013671875,-11.8896484375
78.4095305,107.5634765625,-126.6943359375,-19.6533203125
78.4388524,113.2763671875,-128.3056640625,-27.3193359375
78.4685506,116.3037109375,-127.7685546875,-33.8134765625
78.4998637,118.8916015625,-128.7451171875,-40.4541015625
78.5299171,120.5517578125,-129.4775390625,-45.9228515625
78.5717057,122.0166015625,-130.4052734375,-51.1474609375
78.5897521,123.8720703125,-130.6494140625,-56.3232421875
78.6202095,123.9697265625,-131.4306640625,-61.2060546875
78.6510537,124.1162109375,-131.7236328125,-65.3564453125
78.6798725,122.5048828125,-132.0166015625,-70.8251953125
78.7118024,121.7724609375,-133.5791015625,-76.2939453125
78.7417474,122.3095703125,-134.7509765625,-83.2763671875
78.7714505,121.9677734375,-133.9697265625,-90.2099609375
78.8053407,121.3818359375,-133.1884765625,-92.7001953125
78.8415789,120.3076171875,-132.7978515625,-51.3916015625
78.86278,118.9892578125,-132.4072265625,-1.3916015625
78.9086527,118.1103515625,-132.1630859375,15.6005859375
78.9292981,116.4013671875,-131.9677734375,17.0654296875
78.9495105,115.0341796875,-131.5283203125,10.8154296875
79.0024338,114.1552734375,-131.1376953125,2.5146484375
79.0133724,112.9833984375,-131.3330078125,-0.8544921875
79.0669742,112.2509765625,-131.2841796875,-4.9560546875
79.0729708,110.0048828125,-130.8935546875,-14.7705078125
79.1025317,109.0283203125,-130.6494140625,-19.1162109375
79.1457653,107.7099609375,-131.1376953125,-17.7978515625
79.1630722,106.6357421875,-131.3818359375,-16.5283203125
79.2018594,105.9033203125,-131.3330078125,-18.0419921875
79.2240119,104.4384765625,-131.2353515625,-23.5107421875
79.2619112,103.7548828125,-132.4072265625,-31.5185546875
79.2852304,102.7294921875,-131.9677734375,-41.3818359375
79.3355546,106.3427734375,-133.0908203125,-48.6572265625
79.3563546,110.4931640625,-133.4814453125,-55.2978515625
79.3764218,113.1787109375,-133.2861328125,-62.4755859375
79.413423,114.9365234375,-133.6767578125,-68.1884765625
79.4455102,115.2294921875,-133.7744140625,-73.5595703125
79.4685219,116.7919921875,-134.6533203125,-77.2705078125
79.4953206,117.6220703125,-135.3857421875,-81.3720703125
79.5261656,117.0361328125,-136.3134765625,-85.9130859375
79.564185,116.4501953125,-136.6064453125,-91.3818359375
79.5865399,115.4248046875,-136.6064453125,-98.2666015625
79.6331197,115.5712890625,-136.0693359375,-104.1259765625
79.6472403,115.1318359375,-134.9462890625,-101.2939453125
79.6760788,114.9853515625,-134.2138671875,-46.0693359375
79.7127389,114.1064453125,-134.3603515625,-3.1494140625
79.7377561,113.4716796875,-133.0419921875,11.9873046875
79.7733569,111.8603515625,-133.2861328125,12.4755859375
79.7985317,111.2744140625,-132.2119140625,7.5927734375
79.8356707,110.1513671875,-131.2353515625,2.1728515625
79.8549893,108.8330078125,-130.5029296875,1.2939453125
79.9015124,108.3447265625,-130.7958984375,-0.4150390625
79.9206764,106.6845703125,-130.1123046875,-9.7412109375
79.9484386,105.4150390625,-130.0634765625,-15.6494140625
79.993049,104.1455078125,-129.3798828125,-16.2841796875
80.0132461,103.7060546875,-129.7705078125,-15.7958984375
80.0395731,102.4853515625,-129.8193359375,-17.1630859375
80.0695269,101.1669921875,-130.4052734375,-22.2412109375
80.1009081,100.5810546875,-129.6240234375,-30.6396484375
80.1297506,100.0927734375,-129.8681640625,-39.5263671875
80.1666062,103.9501953125,-130.2587890625,-46.4111328125
80.1914561,108.2958984375,-129.7216796875,-53.1982421875
80.230605,111.6162109375,-130.8447265625,-59.3994140625
80.2494671,112.7880859375,-130.4541015625,-65.3076171875
80.2857601,114.7900390625,-130.7958984375,-70.6787109375
80.3109493,116.1572265625,-130.8935546875,-75.2197265625
80.3548436,117.8173828125,-132.0654296875,-79.4677734375
80.3764398,117.7685546875,-132.0166015625,-84.3017578125
80.4004049,116.9384765625,-131.9189453125,-88.9892578125
80.4355438,116.4501953125,-132.9931640625,-94.5556640625
80.4610575,116.4501953125,-132.7978515625,-101.6845703125
80.5105338,116.4501953125,-131.6259765625,-108.2275390625
80.5307685,115.7666015625,-130.8935546875,-100.2197265625
80.5530875,114.3994140625,-130.5517578125,-39.8193359375
80.58193,113.8623046875,-129.0380859375,-2.2216796875
80.613891,113.7158203125,-128.8427734375,10.9130859375
80.6417381,112.5439453125,-127.8173828125,9.5458984375
80.6785833,110.7861328125,-126.6455078125,5.6884765625
80.7017505,109.6630859375,-125.7177734375,1.7822265625
80.7409078,108.4912109375,-125.5224609375,2.0263671875
80.7641029,108.0517578125,-124.5947265625,-0.6591796875
80.8034799,106.5869140625,-123.9599609375,-8.3740234375
80.8223947,105.7080078125,-123.8134765625,-14.0869140625
80.8606423,104.6337890625,-123.0810546875,-14.9658203125
80.8855978,103.9990234375,-123.3740234375,-13.5498046875
80.9135333,102.9248046875,-123.3251953125,-15.2099609375
80.9503175,101.7529296875,-122.2998046875,-20.0439453125
80.9721425,100.9228515625,-122.6416015625,-27.4658203125
81.0106639,100.5810546875,-122.6904296875,-34.8388671875
81.0340356,104.0478515625,-123.4716796875,-42.5537109375
81.0681579,109.2236328125,-123.0322265625,-48.7060546875
81.0977788,111.8115234375,-123.4228515625,-54.0771484375
81.136378,114.4482421875,-123.9111328125,-59.6435546875
81.1572111,116.3525390625,-124.5947265625,-64.8193359375
81.194416,117.3291015625,-125.0341796875,-68.4814453125
81.2153575,119.5263671875,-124.8876953125,-74.3408203125
81.2539264,119.5751953125,-125.5224609375,-78.0517578125
81.2751398,119.4775390625,-126.4990234375,-83.5205078125
81.3107865,118.6474609375,-126.9873046875,-87.4755859375
81.3383696,118.5986328125,-127.8173828125,-92.0166015625
81.3677325,119.1357421875,-128.7939453125,-98.4619140625
81.4053905,118.3544921875,-127.7685546875,-105.1025390625
81.4288275,118.2568359375,-127.2314453125,-105.5908203125
81.4651054,117.0849609375,-125.8154296875,-55.6396484375
81.488874,116.1083984375,-125.9619140625,-9.2041015625
81.5192393,114.5947265625,-125.1806640625,5.8349609375
81.5614278,113.6181640625,-124.2529296875,6.3720703125
81.5752918,112.6904296875,-123.5693359375,1.1962890625
81.6154588,111.6650390625,-122.5439453125,-3.5888671875
81.6375442,111.3720703125,-122.6416015625,-4.4677734375
81.6744099,109.8583984375,-122.5439453125,-5.8837890625
81.6974654,108.4423828125,-121.9580078125,-12.7685546875
81.7328278,107.7587890625,-121.2744140625,-16.9189453125
81.7602804,106.8798828125,-121.0791015625,-16.9677734375
81.7903721,105.3173828125,-120.9326171875,-15.9423828125
81.8264342,104.1455078125,-120.8837890625,-17.1630859375
81.850552,103.0712890625,-120.5908203125,-20.5322265625
81.8818443,102.3388671875,-121.2255859375,-26.6357421875
81.9103849,101.8017578125,-120.7861328125,-33.4716796875
81.9454801,103.2666015625,-121.3720703125,-40.4541015625
81.9678603,107.9052734375,-121.4697265625,-45.8251953125
82.0087389,111.7626953125,-121.2255859375,-50.7568359375
82.031211,113.8623046875,-121.2255859375,-55.9326171875
82.0596687,116.1083984375,-122.6416015625,-59.9365234375
82.0981884,116.5966796875,-122.1533203125,-63.8427734375
82.1210646,118.7451171875,-122.3974609375,-67.8955078125
82.1600258,119.0380859375,-122.5439453125,-71.2158203125
82.1823165,118.5498046875,-122.7392578125,-76.0986328125
82.2121911,118.5009765625,-123.5693359375,-80.3466796875
82.2422186,117.5244140625,-123.4228515625,-85.4736328125
82.2704332,117.4267578125,-122.6416015625,-91.7236328125
82.30076,117.8173828125,-121.3720703125,-92.7490234375
82.3348556,117.6220703125,-120.2001953125,-50.2685546875
82.3636244,116.1083984375,-120.1025390625,-7.7880859375
82.39443,115.6201171875,-118.3447265625,6.8115234375
82.4233756,114.4970703125,-117.3193359375,6.3720703125
82.4533027,113.1298828125,-115.8056640625,1.5869140625
82.4835547,112.5927734375,-115.7080078125,-4.4189453125
82.5156934,111.3720703125,-114.9755859375,-6.1279296875
82.5476227,110.7373046875,-114.8291015625,-9.3017578125
82.5753896,109.8095703125,-113.4130859375,-15.8447265625
82.6033213,108.8330078125,-112.6318359375,-18.9208984375
82.6332968,108.1494140625,-112.2900390625,-17.2607421875
82.6662879,107.2216796875,-112.0458984375,-16.0400390625
82.6961436,106.1474609375,-111.1181640625,-17.1630859375
82.7252177,104.7314453125,-111.5576171875,-20.9716796875
82.7550204,103.2666015625,-111.8017578125,-28.0517578125
82.7861855,102.7294921875,-111.6552734375,-35.3759765625
82.81727,103.6572265625,-111.5087890625,-40.0634765625
82.8457939,108.1005859375,-111.4599609375,-45.4833984375
82.8792108,111.9580078125,-110.9228515625,-50.9033203125
82.9070697,113.9111328125,-112.5830078125,-55.3466796875
82.9362519,114.3505859375,-112.5341796875,-59.7412109375
82.9641657,116.4990234375,-112.0947265625,-63.9892578125
82.9980317,117.4267578125,-113.7060546875,-67.0654296875
83.0259122,117.6220703125,-113.5107421875,-70.9228515625
83.0590326,117.4267578125,-114.6337890625,-75.6591796875
83.0888248,116.7919921875,-114.4384765625,-81.1279296875
83.1147584,117.0361328125,-112.9736328125,-87.0361328125
83.1506296,116.6455078125,-111.3134765625,-83.8623046875
83.1747144,116.4501953125,-110.1904296875,-33.9111328125
83.2106557,116.4013671875,-109.0185546875,1.2451171875
83.236554,115.3271484375,-107.2607421875,12.8173828125
83.2683093,114.5458984375,-105.9912109375,14.1845703125
83.2996571,113.1298828125,-104.1357421875,9.3994140625
83.3275625,112.4462890625,-103.5009765625,6.7626953125
83.3590415,111.5185546875,-102.6708984375,7.1044921875
83.3891062,109.9072265625,-102.9638671875,5.8837890625
83.4190726,109.1748046875,-102.4267578125,0.0732421875
83.446981,107.9541015625,-101.4990234375,-3.6376953125
83.4808315,107.6611328125,-100.8154296875,-4.2236328125
83.5088039,106.0986328125,-100.9130859375,-3.8330078125
83.5415995,105.3173828125,-101.0107421875,-5.1025390625
83.5695087,103.8037109375,-100.7177734375,-8.0322265625
83.5974232,103.3642578125,-101.4501953125,-13.0126953125
83.632111,101.8994140625,-101.4013671875,-19.9951171875
83.6612237,103.0712890625,-101.1572265625,-25.3173828125
83.6881871,107.7587890625,-101.4990234375,-30.2978515625
83.7228684,111.4208984375,-101.9384765625,-35.6201171875
83.7512609,114.2529296875,-102.9638671875,-40.8935546875
83.787587,115.6689453125,-103.2080078125,-44.6044921875
83.813019,117.3779296875,-102.9638671875,-48.6572265625
83.8420726,118.5498046875,-103.3544921875,-52.4169921875
83.8953542,119.9169921875,-104.9169921875,-56.5673828125
83.9013322,119.7216796875,-105.5029296875,-61.0107421875
83.9296024,119.0869140625,-106.3330078125,-66.0400390625
83.9637219,119.0380859375,-107.0166015625,-71.9482421875
83.999776,118.6474609375,-106.4794921875,-77.4658203125
84.020576,118.7451171875,-104.4775390625,-82.1044921875
84.0715758,118.4521484375,-103.5009765625,-58.7158203125
84.0907683,117.6220703125,-102.6220703125,-5.9326171875
84.1160535,116.4990234375,-101.5966796875,16.5283203125
84.1428434,115.9619140625,-101.1083984375,23.1689453125
84.180874,114.3017578125,-99.6435546875,21.4111328125
84.2059848,113.4228515625,-98.3740234375,18.2861328125
84.2328928,113.0810546875,-97.7880859375,17.9931640625
84.2693731,111.6650390625,-98.0810546875,19.3115234375
84.2952672,111.3720703125,-97.7880859375,16.0400390625
84.3234087,109.6142578125,-97.2509765625,9.6435546875
84.3606366,109.3701171875,-97.3486328125,6.9091796875
84.3839359,107.8076171875,-97.6416015625,7.1533203125
84.4309902,106.9287109375,-98.3740234375,7.2021484375
84.4478241,106.0498046875,-98.4716796875,5.7373046875
84.4778108,104.3896484375,-98.7158203125,1.3916015625
84.5029945,104.0478515625,-99.0087890625,-5.3955078125
84.5408596,103.0224609375,-100.3759765625,-10.9130859375
84.5644281,104.8779296875,-101.2548828125,-16.9677734375
84.5987232,109.5654296875,-102.2314453125,-21.4111328125
84.6277117,113.8623046875,-102.5244140625,-26.0498046875
84.6546317,115.7177734375,-104.4287109375,-31.7138671875
84.6864971,117.6220703125,-104.5751953125,-35.0830078125
84.7164595,119.2333984375,-105.8447265625,-39.5263671875
84.7522089,121.2841796875,-107.0654296875,-43.8232421875
84.7776605,121.6748046875,-107.8466796875,-47.8759765625
84.8257142,121.1865234375,-108.2373046875,-52.9052734375
84.8350336,120.3564453125,-110.1416015625,-57.7392578125
84.8740191,120.8935546875,-110.9228515625,-62.2802734375
84.895663,120.4541015625,-111.6552734375,-69.0185546875
84.9353935,120.6494140625,-111.0693359375,-74.9755859375
84.9584446,119.9658203125,-110.3857421875,-75.6591796875
84.9872379,119.1357421875,-110.8740234375,-32.7880859375
85.0233444,117.9638671875,-109.7998046875,10.0341796875
85.0484406,117.4267578125,-109.0673828125,25.2685546875
85.0853375,116.4990234375,-108.3349609375,26.4404296875
85.1072443,115.7177734375,-107.9443359375,21.9482421875
85.1594317,114.4482421875,-108.4326171875,17.3095703125
85.1705586,113.5205078125,-108.0908203125,17.7978515625
85.2077877,112.3974609375,-108.2861328125,16.5283203125
85.2277684,110.7861328125,-108.2373046875,9.4482421875
85.2683316,110.1513671875,-108.4814453125,6.1279296875
85.2895767,108.7841796875,-109.1650390625,5.5419921875
85.3204638,107.7587890625,-109.1650390625,6.9580078125
85.3516686,106.5380859375,-109.4580078125,5.9326171875
85.3798546,105.7568359375,-110.1904296875,2.3681640625
85.4167599,105.0244140625,-110.6787109375,-2.8564453125
85.4422784,103.8525390625,-111.2646484375,-10.0341796875
85.4880662,103.5595703125,-111.8017578125,-16.2353515625
85.5020582,106.4404296875,-111.9970703125,-21.5576171875
85.5311848,110.7861328125,-112.8759765625,-27.2705078125
85.5601515,113.3740234375,-114.0478515625,-31.2744140625
85.5970816,115.7666015625,-113.8525390625,-35.7177734375
85.6214845,116.4990234375,-114.6826171875,-39.8193359375
85.6587685,118.1103515625,-115.7568359375,-43.3837890625
85.6851682,119.6240234375,-116.5380859375,-46.7529296875
85.7120582,119.4287109375,-116.5869140625,-50.6103515625
85.740176,118.9404296875,-117.8564453125,-55.6396484375
85.7742211,118.5009765625,-118.0517578125,-61.8896484375
85.8101936,118.5498046875,-118.3935546875,-67.9931640625
85.8341601,118.7451171875,-116.3427734375,-65.0146484375
85.8630397,118.5498046875,-116.3427734375,-16.4794921875
85.8992337,117.8173828125,-115.3173828125,18.2373046875
85.9268928,116.9384765625,-115.2197265625,29.7119140625
85.9548014,116.5966796875,-114.5361328125,29.3212890625
85.986717,115.0341796875,-113.2666015625,23.6083984375
86.0165888,114.2529296875,-113.1201171875,18.6279296875
86.0434753,113.4716796875,-113.0712890625,17.1630859375
86.0725163,112.1533203125,-112.3876953125,13.5986328125
86.116835,111.2255859375,-112.3876953125,6.4697265625
86.1370658,110.6884765625,-112.7783203125,4.4189453125
86.1674096,109.3701171875,-112.7783203125,5.3955078125
86.1954349,108.7841796875,-112.0947265625,5.5419921875
86.2232355,107.7587890625,-112.2900390625,2.8076171875
86.2617047,106.5869140625,-112.8759765625,-1.7822265625
86.2839853,105.6103515625,-113.0224609375,-9.4970703125
86.3211332,104.2919921875,-113.1201171875,-16.9189453125
86.347734,104.6826171875,-114.0966796875,-23.4619140625
86.3748243,106.6845703125,-114.4873046875,-28.8330078125
86.4067326,111.2255859375,-114.4384765625,-34.6923828125
86.4459996,114.0576171875,-115.0732421875,-39.4775390625
86.466019,115.9619140625,-115.3662109375,-43.9697265625
86.5022667,117.3291015625,-116.7333984375,-47.9736328125
86.5263578,118.7451171875,-117.4169921875,-51.5380859375
86.565055,120.0146484375,-117.6611328125,-55.2978515625
86.5891429,119.3798828125,-118.1982421875,-60.4248046875
86.6169303,118.6474609375,-118.9306640625,-66.4306640625
86.6537951,118.4521484375,-118.9306640625,-73.0712890625
86.6781516,118.1103515625,-117.9541015625,-78.0517578125
86.7071096,119.0869140625,-117.2705078125,-61.5478515625
86.7399497,118.6474609375,-116.1474609375,-1.5869140625
86.7691143,117.3291015625,-116.2451171875,25.3662109375
86.8050834,116.9384765625,-115.4638671875,33.4228515625
86.8293617,116.8408203125,-114.9755859375,31.9580078125
86.8595374,114.8388671875,-113.8525390625,27.2705078125
86.8923564,114.1552734375,-113.7548828125,25.3662109375
86.9196586,112.7392578125,-112.8271484375,26.0009765625
86.9490575,111.8603515625,-111.9970703125,22.7294921875
86.9804232,110.7373046875,-111.7529296875,15.5517578125
87.0088715,109.9072265625,-111.8505859375,11.7431640625
87.0476375,108.3935546875,-111.1181640625,11.2060546875
87.0718717,107.9052734375,-110.9716796875,11.1083984375
87.0998838,107.0263671875,-111.2158203125,8.7158203125
87.1287753,106.0498046875,-111.5087890625,4.4677734375
87.1614786,104.8291015625,-111.7529296875,-2.8564453125
87.1908077,103.9501953125,-111.8017578125,-10.7666015625
87.2241507,104.2431640625,-111.9970703125,-17.4072265625
87.2522046,107.5634765625,-112.4365234375,-23.3154296875
87.2797061,112.4951171875,-112.2900390625,-28.8330078125
87.316837,115.5712890625,-112.6318359375,-35.0341796875
87.3602768,117.6708984375,-113.4130859375,-39.8193359375
87.3814285,119.3798828125,-113.7060546875,-44.8974609375
87.40395,121.2841796875,-114.1455078125,-49.0966796875
87.4331112,122.3095703125,-114.9267578125,-53.8818359375
87.4620175,122.8466796875,-115.2685546875,-59.2041015625
87.4938894,122.4560546875,-116.0986328125,-64.6728515625
87.521428,122.1630859375,-116.5869140625,-70.5322265625
87.5544428,122.5537109375,-117.5146484375,-75.8544921875
87.5858232,122.1142578125,-117.9541015625,-82.7880859375
87.6119322,121.7724609375,-116.1474609375,-88.7451171875
87.6458268,121.2353515625,-116.5869140625,-70.9716796875
87.6739325,120.2099609375,-115.8056640625,-6.7626953125
87.7062365,119.8193359375,-116.0986328125,23.6572265625
87.7352683,118.3544921875,-114.9755859375,31.7626953125
87.7640338,117.1337890625,-114.7802734375,29.6630859375
87.7955438,115.8642578125,-114.2919921875,23.6572265625
87.8263877,115.4736328125,-113.6572265625,22.2900390625
87.8588945,114.3994140625,-113.5595703125,23.1201171875
87.8862454,113.2763671875,-112.9736328125,19.8974609375
87.9132083,111.7138671875,-113.6083984375,11.5966796875
87.9423237,110.9814453125,-113.3154296875,6.8115234375
87.9781377,109.9072265625,-113.5595703125,6.8115234375
88.0065878,108.4912109375,-113.9013671875,6.6162109375
88.0370053,107.6123046875,-113.4619140625,4.9072265625
88.0688751,106.1962890625,-113.7060546875,-0.5615234375
88.0937288,105.7080078125,-114.4873046875,-7.5927734375
88.1297464,104.3408203125,-114.5849609375,-16.0888671875
88.1568014,103.9013671875,-114.8291015625,-23.1201171875
88.1874655,106.6357421875,-114.4873046875,-29.0283203125
88.2173514,112.2509765625,-115.5615234375,-34.6435546875
88.2505766,116.4990234375,-116.0498046875,-40.6494140625
88.2787252,117.9638671875,-116.0986328125,-44.9951171875
88.3081181,119.6728515625,-116.1962890625,-49.2431640625
88.3380405,121.3818359375,-117.5634765625,-54.2724609375
88.3718435,122.5537109375,-117.4169921875,-59.6435546875
88.3987271,122.3095703125,-118.3935546875,-64.5263671875
88.4281348,122.5048828125,-119.3701171875,-70.1416015625
88.4614957,122.6025390625,-120.1025390625,-75.6591796875
88.4895401,121.8701171875,-121.0302734375,-81.1767578125
88.5193206,122.0654296875,-121.0791015625,-88.0126953125
88.5496105,122.2119140625,-119.4189453125,-93.5302734375
88.5812379,120.8447265625,-118.8818359375,-73.3642578125
88.6102438,120.6982421875,-117.9541015625,-10.7177734375
88.6414037,120.1611328125,-118.3447265625,16.9189453125
88.6697,118.9892578125,-117.9052734375,23.7060546875
88.7015298,117.2314453125,-116.2939453125,19.3115234375
88.7306813,116.3037109375,-116.0986328125,11.0107421875
88.7640642,115.2294921875,-116.0009765625,6.5185546875
88.792032,114.1064453125,-116.0986328125,4.4189453125
88.819354,113.3251953125,-114.8291015625,-1.9775390625
88.8502173,111.9580078125,-115.3662109375,-8.4228515625
88.8802714,111.0791015625,-114.1455078125,-9.3017578125
88.9100632,109.4189453125,-114.9267578125,-7.0068359375
88.9420099,108.8330078125,-114.1455078125,-7.2021484375
88.9729207,107.5634765625,-114.3408203125,-11.8408203125
88.9998647,106.5869140625,-114.0966796875,-17.8466796875
89.0329219,106.0009765625,-114.4384765625,-25.9521484375
89.0614666,104.8291015625,-114.2919921875,-33.8134765625
89.0962501,103.4619140625,-115.0732421875,-40.2587890625
89.1243058,105.9033203125,-115.3173828125,-46.3623046875
89.1521862,110.1025390625,-115.3173828125,-52.3681640625
89.1909644,114.0087890625,-115.0732421875,-56.8115234375
89.2149247,115.0341796875,-115.1708984375,-60.9130859375
89.245086,116.6943359375,-115.6103515625,-64.9169921875
89.2807825,117.4267578125,-115.9521484375,-70.2880859375
89.3047049,119.0380859375,-116.2451171875,-74.6826171875
89.3369944,119.3310546875,-116.1474609375,-79.6630859375
89.3650092,118.1103515625,-116.1474609375,-86.5478515625
89.3931272,117.8173828125,-115.0244140625,-93.5302734375
89.4255937,117.8173828125,-114.3896484375,-85.6201171875
89.4563043,118.0615234375,-113.7548828125,-27.5146484375
89.4823395,117.1337890625,-112.1923828125,9.5458984375
89.5224636,116.4501953125,-110.9716796875,21.5576171875
89.5452204,115.3271484375,-110.1904296875,20.3369140625
89.5783382,114.6435546875,-109.5556640625,13.3544921875
89.6067237,114.3994140625,-108.6279296875,7.7880859375
89.6346168,112.7880859375,-107.8955078125,7.5439453125
89.6625996,111.7626953125,-107.1630859375,3.4423828125
89.7016638,111.1279296875,-106.8212890625,-5.2001953125
89.7247442,110.0537109375,-105.8935546875,-8.7158203125
89.7564041,108.9794921875,-105.3076171875,-7.9833984375
89.7861513,107.9052734375,-105.1611328125,-7.5439453125
89.8146825,107.0263671875,-105.6005859375,-10.5224609375
89.8480123,106.0009765625,-105.1123046875,-15.5517578125
89.8768445,104.5849609375,-105.1611328125,-24.1943359375
89.9050037,104.2919921875,-104.9169921875,-32.5927734375
89.9389864,103.2666015625,-104.8681640625,-39.7705078125
89.968612,103.6572265625,-105.0146484375,-45.9228515625
90.0290083,108.2470703125,-104.7216796875,-52.1240234375
90.0298178,111.9091796875,-104.8193359375,-58.0810546875
90.0573938,113.5205078125,-104.9658203125,-63.8427734375
90.0885093,115.6689453125,-105.2587890625,-67.5537109375
90.1178905,117.3291015625,-105.2099609375,-72.4853515625
90.1700549,117.8173828125,-105.5029296875,-76.5380859375
90.1802753,118.7939453125,-105.7470703125,-81.8115234375
90.2073568,118.5498046875,-106.3818359375,-87.4267578125
90.237248,117.7685546875,-107.4072265625,-93.1396484375
90.2764864,117.4267578125,-106.7236328125,-100.3173828125
90.2989851,117.4755859375,-104.5263671875,-105.4931640625
90.3324545,117.5732421875,-102.7197265625,-79.2236328125
90.3612881,116.5966796875,-101.2060546875,-14.0380859375
90.3885079,115.9619140625,-100.8154296875,14.3798828125
90.4203737,115.0341796875,-99.4970703125,20.4345703125
90.4504984,114.1064453125,-97.5439453125,16.9189453125
90.4822179,113.3740234375,-96.2255859375,10.2783203125
90.5121921,112.5927734375,-96.0302734375,7.7880859375
90.5413782,111.1767578125,-94.6142578125,8.3251953125
90.5703396,110.2001953125,-94.0283203125,4.6142578125
90.6011152,109.2236328125,-92.8564453125,-3.8330078125
90.633181,107.9052734375,-92.4658203125,-8.3251953125
90.6628087,106.8310546875,-92.5634765625,-8.9111328125
90.6924926,106.2939453125,-92.6123046875,-8.8134765625
90.7223783,105.0244140625,-92.0263671875,-11.1572265625
90.7543027,104.3408203125,-92.0263671875,-17.5048828125
90.7825622,103.1689453125,-92.6123046875,-26.2451171875
90.8130179,102.4853515625,-93.1494140625,-35.3759765625
90.8438776,101.9970703125,-92.9541015625,-42.7978515625
90.873787,102.3876953125,-93.8330078125,-47.8759765625
90.90424,107.0751953125,-94.4189453125,-54.8095703125
90.9339652,110.5908203125,-95.3955078125,-60.2783203125
90.9618258,113.0810546875,-95.5908203125,-65.7470703125
90.993672,114.4970703125,-96.0302734375,-70.1904296875
91.0237346,116.4501953125,-97.6416015625,-75.7080078125
91.0536276,118.2568359375,-97.9833984375,-80.2978515625
91.084338,118.5986328125,-98.8623046875,-85.8642578125
91.1152235,118.6474609375,-99.6923828125,-91.2841796875
91.1471725,117.9638671875,-100.4248046875,-96.3623046875
91.175198,117.8662109375,-100.6201171875,-102.2216796875
91.202741,117.3291015625,-101.7431640625,-107.7880859375
91.2374638,117.4267578125,-100.4248046875,-114.5263671875
91.2652009,117.5244140625,-98.3251953125,-110.1806640625
91.2931401,116.4501953125,-98.3251953125,-50.3173828125
91.325968,116.0595703125,-97.3486328125,-3.1005859375
91.3526334,114.5458984375,-96.7626953125,11.3037109375
91.3908612,113.6181640625,-95.6884765625,9.3994140625
91.4176075,112.9833984375,-95.1513671875,0.8056640625
91.4445455,111.6650390625,-94.3701171875,-5.9326171875
91.4776136,110.3466796875,-94.7119140625,-8.4228515625
91.5055896,109.8583984375,-94.2724609375,-11.2060546875
91.5376002,108.1005859375,-95.0537109375,-20.4345703125
91.5681649,107.5146484375,-94.8583984375,-24.9267578125
91.5955563,106.3427734375,-94.5166015625,-23.0224609375
91.6248942,105.9033203125,-95.5419921875,-21.4111328125
91.6589809,104.3896484375,-95.7373046875,-23.9013671875
91.6875019,103.8525390625,-95.6884765625,-28.8330078125
91.7203857,102.7294921875,-96.4697265625,-36.1572265625
91.7502521,102.0947265625,-97.2998046875,-45.2392578125
91.7771903,100.8740234375,-97.6416015625,-52.2216796875
91.8099332,101.0205078125,-98.0322265625,-59.1552734375
91.8393954,102.6318359375,-98.3251953125,-65.0634765625
91.8715322,106.2939453125,-98.9111328125,-70.4833984375
91.90036,109.9560546875,-100.3271484375,-74.0478515625
91.9342072,112.2509765625,-100.3271484375,-78.8330078125
91.9564117,112.8369140625,-101.2060546875,-82.2998046875
91.9903528,114.5458984375,-102.3291015625,-87.0361328125
92.0179807,115.2783203125,-102.9638671875,-92.3583984375
92.0510107,115.7666015625,-103.8427734375,-97.4365234375
92.0776181,114.6923828125,-103.8916015625,-103.6865234375
92.1095365,114.0576171875,-101.9873046875,-110.5224609375
92.1417951,114.3017578125,-101.1572265625,-102.7099609375
92.170077,114.2529296875,-100.7666015625,-45.3857421875
92.2033213,113.8623046875,-100.1318359375,-4.6630859375
92.2301124,113.1298828125,-98.8623046875,7.0556640625
92.2602878,112.8369140625,-98.9599609375,4.7119140625
92.2883835,111.6162109375,-98.1298828125,-4.2236328125
92.320561,111.1767578125,-97.8857421875,-11.2060546875
92.348813,110.2490234375,-97.6904296875,-13.9892578125
92.3836426,109.4677734375,-98.0322265625,-19.6044921875
92.4131293,108.1982421875,-97.5439453125,-28.6376953125
92.4415667,107.5146484375,-98.0322265625,-30.0048828125
92.4726728,106.6357421875,-98.7646484375,-28.3447265625
92.5018295,106.0009765625,-98.4716796875,-26.6845703125
92.5368288,104.8291015625,-98.6669921875,-29.8583984375
92.5815102,102.8759765625,-98.9111328125,-37.3291015625
92.6025456,102.4853515625,-99.4482421875,-45.4345703125
92.6234142,101.8994140625,-100.4248046875,-54.4677734375
92.6533636,101.4111328125,-100.6201171875,-61.3037109375
92.6810915,100.8251953125,-101.5478515625,-67.4560546875
92.7319948,102.7783203125,-101.8896484375,-73.8525390625
92.7516519,106.5380859375,-103.3544921875,-78.5888671875
92.7766303,110.1513671875,-102.9638671875,-83.3740234375
92.8036236,111.5673828125,-104.4287109375,-88.2568359375
92.8328507,112.1044921875,-105.8447265625,-92.1142578125
92.866682,113.6181640625,-106.3818359375,-96.7041015625
92.8954451,114.4482421875,-106.0888671875,-101.0986328125
92.9234962,114.7900390625,-107.7001953125,-106.2744140625
92.9563847,114.4970703125,-107.2119140625,-112.9150390625
92.9852086,113.9599609375,-105.7470703125,-118.2373046875
93.0143367,113.2275390625,-105.6494140625,-89.3310546875
93.0461547,113.9111328125,-104.8193359375,-24.9755859375
93.0759697,113.1787109375,-103.5009765625,2.3681640625
93.1268946,112.8369140625,-102.5732421875,9.3017578125
93.1390298,112.2509765625,-101.8896484375,5.8349609375
93.1639179,110.6396484375,-100.8154296875,-0.8056640625
93.1995666,109.8095703125,-100.7666015625,-4.0283203125
93.2269404,109.1748046875,-100.9619140625,-4.4189453125
93.2599869,108.7353515625,-101.3525390625,-8.6181640625
93.2876,107.9541015625,-100.4736328125,-16.8701171875
93.3165573,106.6357421875,-100.7177734375,-20.9228515625
93.3466535,106.0986328125,-100.5712890625,-20.5322265625
93.4017108,104.5849609375,-100.5712890625,-20.4345703125
93.4222706,103.7060546875,-100.6201171875,-23.5595703125
93.4394434,103.1201171875,-101.1572265625,-28.9306640625
93.4692471,102.4853515625,-101.8896484375,-38.6474609375
93.4960114,101.0693359375,-101.5966796875,-46.2158203125
93.5279113,99.9462890625,-102.5732421875,-53.5400390625
93.5593186,100.6787109375,-103.3056640625,-60.2294921875
93.5923909,102.9248046875,-103.7939453125,-66.2841796875
93.6375464,107.8564453125,-104.5263671875,-71.8017578125
93.6581252,110.9326171875,-105.5029296875,-76.9775390625
93.7008104,112.4951171875,-106.3818359375,-81.9580078125
93.7219145,114.5947265625,-107.1630859375,-86.8408203125
93.7378534,116.0107421875,-107.7490234375,-91.6748046875
93.770682,116.8408203125,-108.8232421875,-96.9482421875
93.8016943,117.7197265625,-109.9462890625,-103.0517578125
93.8284642,117.0361328125,-110.8251953125,-108.1787109375
93.8623384,116.5966796875,-111.0693359375,-115.8447265625
93.8920842,116.3037109375,-109.9462890625,-120.3369140625
93.9209844,116.5966796875,-110.3857421875,-95.5810546875
93.9713928,116.5478515625,-109.2138671875,-28.8818359375
93.9923112,115.4736328125,-109.1162109375,0.8056640625
94.024187,115.2783203125,-108.8232421875,7.7880859375
94.0434165,114.3017578125,-108.3837890625,3.3447265625
94.0715231,113.2275390625,-108.3349609375,-3.4912109375
94.1017248,112.7392578125,-107.9443359375,-6.0302734375
94.1479503,111.4208984375,-107.6025390625,-7.2998046875
94.1688151,110.0537109375,-107.8466796875,-12.0361328125
94.1926353,109.4189453125,-107.8466796875,-20.9228515625
94.2217416,108.3447265625,-107.6025390625,-24.5849609375
94.2710916,107.2705078125,-107.5537109375,-24.2919921875
94.2925418,106.3427734375,-108.7255859375,-23.8037109375
94.3125114,104.9755859375,-108.5791015625,-27.0751953125
94.3463585,103.9501953125,-108.9208984375,-32.2998046875
94.3922377,103.5107421875,-109.2138671875,-40.8935546875
94.4112739,102.4365234375,-110.0927734375,-49.0478515625
94.4344402,101.8994140625,-110.5322265625,-56.1767578125
94.465333,101.4111328125,-111.3134765625,-63.3056640625
94.4972483,103.7548828125,-112.4365234375,-68.9208984375
94.5261392,108.1494140625,-112.3876953125,-74.6337890625
94.5564344,111.8603515625,-113.1201171875,-79.2724609375
94.6032123,113.1787109375,-113.6083984375,-83.1787109375
94.6234676,114.7412109375,-114.5361328125,-87.6220703125
94.6609402,116.6943359375,-115.5615234375,-92.3095703125
94.6831292,117.4755859375,-115.6591796875,-97.0947265625
94.7040215,118.3056640625,-116.7333984375,-102.8076171875
94.7327581,116.9384765625,-116.8798828125,-108.8134765625
94.783656,116.7919921875,-116.3427734375,-115.0634765625
94.7945452,117.4755859375,-115.3173828125,-113.8916015625
94.8288112,116.2548828125,-115.5615234375,-63.5986328125
94.857682,116.5478515625,-114.6337890625,-14.7216796875
94.9020207,115.9619140625,-114.2919921875,1.1962890625
94.9242759,115.3271484375,-113.7548828125,0.5615234375
94.9609183,114.6435546875,-112.8271484375,-9.1552734375
94.9821254,113.2763671875,-113.0712890625,-17.1630859375
95.0286213,112.7392578125,-112.7783203125,-21.3134765625
95.0376212,111.4697265625,-112.4365234375,-26.7333984375
95.0832835,110.4443359375,-112.9248046875,-36.1083984375
95.0972489,109.6142578125,-112.4365234375,-38.2080078125
95.1535082,109.2236328125,-112.3388671875,-35.8154296875
95.1605164,108.1494140625,-112.2900390625,-34.1064453125
95.1894598,106.5380859375,-112.3388671875,-36.2548828125
95.2502849,105.7568359375,-112.6806640625,-42.4560546875
95.2510918,105.7568359375,-113.4130859375,-50.8056640625
95.2781496,104.2919921875,-113.4130859375,-59.4970703125
95.3249186,103.4619140625,-113.9990234375,-67.4072265625
95.3391214,102.9248046875,-114.5361328125,-73.6083984375
95.3698487,102.4853515625,-114.6337890625,-79.5166015625
95.4249288,105.4638671875,-114.4873046875,-84.9853515625
95.4288051,110.1025390625,-115.6591796875,-89.3798828125
95.4752652,111.8603515625,-115.3173828125,-94.3115234375
95.4922344,112.4951171875,-117.1240234375,-96.9970703125
95.5202631,113.9111328125,-116.8310546875,-102.1240234375
95.549035,113.9599609375,-117.5634765625,-106.9580078125
95.5819343,115.2783203125,-117.3193359375,-113.5986328125
95.6109277,114.4482421875,-116.5869140625,-118.1396484375
95.6550604,114.3505859375,-115.5615234375,-95.1416015625
95.6722663,114.5947265625,-115.4638671875,-32.2021484375
95.7013436,113.7158203125,-114.9267578125,-3.4423828125
95.7337272,114.1064453125,-114.4873046875,3.7353515625
95.7636187,114.0087890625,-113.9990234375,-0.1708984375
95.7910102,112.9345703125,-113.8037109375,-7.8857421875
95.8243486,112.2998046875,-113.0224609375,-12.1826171875
95.8513933,111.6162109375,-113.3154296875,-12.3779296875
95.8855662,110.8837890625,-112.3876953125,-19.2138671875
95.9137683,109.0283203125,-112.4365234375,-28.4423828125
95.9417589,108.7353515625,-111.7041015625,-30.3955078125
95.9757036,107.4169921875,-112.0458984375,-29.3701171875
96.0045936,107.3681640625,-110.7763671875,-28.6865234375
96.0324873,106.4404296875,-111.5087890625,-32.3974609375
96.0657105,105.1708984375,-111.4111328125,-38.8427734375
96.0946131,104.2431640625,-112.5341796875,-47.1435546875
96.1235168,103.5595703125,-111.9970703125,-55.9814453125
96.1546473,102.4853515625,-112.4365234375,-62.6220703125
96.1844312,102.0947265625,-112.4853515625,-69.1162109375
96.2158566,103.1201171875,-112.7783203125,-75.2685546875
96.246651,107.3681640625,-113.3642578125,-80.1025390625
96.2735469,110.8349609375,-112.9248046875,-85.4248046875
96.3074357,113.2763671875,-113.9990234375,-89.2822265625
96.336361,114.3505859375,-114.8779296875,-94.2626953125
96.3682689,115.8642578125,-115.3173828125,-98.4130859375
96.3961544,117.2802734375,-116.1474609375,-103.3447265625
96.4259961,118.5009765625,-116.3427734375,-108.9111328125
96.4540381,117.9150390625,-115.9521484375,-115.4052734375
96.4875125,116.8408203125,-114.9755859375,-121.5087890625
96.5163722,116.2060546875,-114.4384765625,-108.8134765625
96.549106,117.0361328125,-113.0712890625,-43.4814453125
96.5768554,116.9384765625,-113.2666015625,-5.2978515625
96.6040076,116.3037109375,-111.5576171875,5.7373046875
96.6387801,115.9619140625,-110.3369140625,4.0283203125
96.665825,114.7412109375,-109.4091796875,-1.2939453125
96.7008979,114.2041015625,-108.7255859375,-5.5908203125
96.7291709,113.1787109375,-108.4814453125,-5.3955078125
96.7562729,111.7626953125,-107.6025390625,-8.3251953125
96.7845879,111.2255859375,-106.4794921875,-16.9677734375
96.8184829,109.4189453125,-105.7958984375,-22.9736328125
96.8483279,109.0283203125,-106.6748046875,-23.5107421875
96.8804049,108.1982421875,-105.6982421875,-22.1435546875
96.9090546,107.4169921875,-105.2587890625,-24.2919921875
96.938039,106.3916015625,-105.5517578125,-29.2236328125
96.9688722,105.1708984375,-104.8681640625,-36.9384765625
96.9996327,104.4384765625,-105.3564453125,-46.2646484375
97.03186,103.4130859375,-105.6494140625,-54.5166015625
97.0769569,102.4365234375,-105.8447265625,-60.2783203125
97.0968825,103.1201171875,-106.3330078125,-66.4306640625
97.1200231,106.0009765625,-106.9677734375,-71.5087890625
97.1519784,110.2490234375,-107.4560546875,-76.7822265625
97.1787344,113.5205078125,-107.2607421875,-81.2744140625
97.2118693,115.5712890625,-107.8955078125,-86.0107421875
97.2438523,117.2314453125,-107.7490234375,-91.3330078125
97.2699173,118.6962890625,-107.7978515625,-96.0205078125
97.3181345,119.4775390625,-108.3349609375,-100.4150390625
97.3383623,120.2099609375,-109.0673828125,-106.4697265625
97.3862361,120.0146484375,-109.7509765625,-112.7197265625
97.406103,119.5263671875,-108.6767578125,-119.1162109375
97.4211245,119.2333984375,-107.1142578125,-123.4619140625
97.4694528,119.7705078125,-106.1865234375,-100.5126953125
97.4814019,118.7451171875,-105.6494140625,-34.4970703125
97.5094173,118.1591796875,-104.2333984375,-3.2958984375
97.543256,117.9638671875,-103.4033203125,4.7607421875
97.5730298,116.5966796875,-102.1826171875,-0.4150390625
97.6191893,116.0595703125,-100.8154296875,-6.8603515625
97.6342896,115.1318359375,-99.9853515625,-10.5712890625
97.6790322,114.3017578125,-100.0341796875,-11.1083984375
97.6998629,112.6904296875,-98.6669921875,-15.8935546875
97.7479959,111.6650390625,-98.0810546875,-24.4384765625
97.7693033,110.4931640625,-97.9345703125,-27.4169921875
97.7849353,109.7119140625,-97.1044921875,-26.1474609375
97.8304612,109.2236328125,-96.2255859375,-26.8798828125
97.8512623,107.4658203125,-95.8349609375,-28.7841796875
97.8884125,107.3193359375,-95.3466796875,-34.4970703125
97.9100675,106.2451171875,-95.2001953125,-42.0166015625
97.9515994,104.9267578125,-95.4931640625,-50.2197265625
97.9717111,103.6083984375,-95.7861328125,-56.8115234375
98.0121177,103.5107421875,-95.4931640625,-63.4521484375
98.045198,102.8759765625,-96.3720703125,-70.0927734375
98.0554227,105.8056640625,-96.0302734375,-74.5849609375
98.1003145,110.6884765625,-96.2744140625,-78.6376953125
98.121117,113.1787109375,-96.3720703125,-83.0810546875
98.1623025,115.1318359375,-97.3974609375,-86.7919921875
98.1829858,116.5966796875,-97.2021484375,-90.5029296875
98.2337569,117.6220703125,-97.9833984375,-94.9951171875
98.2345618,119.2822265625,-98.6181640625,-101.4404296875
98.2692628,119.2333984375,-97.3486328125,-106.5673828125
98.2959585,118.3544921875,-95.7861328125,-112.1337890625
98.3249835,118.1591796875,-94.4189453125,-95.2392578125
98.3581563,117.8173828125,-93.1982421875,-35.0830078125
98.3855049,117.8662109375,-92.4169921875,-4.2236328125
98.4346972,117.6220703125,-90.8056640625,2.1728515625
98.4470059,117.1337890625,-89.6826171875,-1.4404296875
98.4939472,115.8642578125,-88.1201171875,-9.5458984375
98.5151357,115.4248046875,-87.4853515625,-14.8193359375
98.562205,114.5947265625,-87.4365234375,-16.8212890625
98.5826329,114.2041015625,-86.3623046875,-24.4873046875
98.600624,113.0322265625,-85.7275390625,-32.1533203125
98.6283139,111.4697265625,-84.7509765625,-30.6884765625
98.6739711,110.1513671875,-85.0439453125,-28.0029296875
98.6949406,110.2978515625,-84.6044921875,-27.2705078125
98.7190971,108.6865234375,-84.5556640625,-31.3232421875
98.7510823,107.9541015625,-84.6533203125,-37.6708984375
98.7929459,107.1728515625,-84.8974609375,-46.7041015625
98.8149262,105.7568359375,-84.7998046875,-54.4677734375
98.8598254,104.9755859375,-85.3369140625,-60.7177734375
98.8698492,104.8291015625,-85.9716796875,-66.8701171875
98.8979851,103.6572265625,-85.7763671875,-72.0947265625
98.9302327,106.6357421875,-85.8740234375,-76.6357421875
98.961406,110.5908203125,-85.9716796875,-80.3955078125
98.9933173,113.8623046875,-86.8994140625,-83.3740234375
99.035203,114.9365234375,-87.2900390625,-87.2802734375
99.0566558,116.4990234375,-87.9248046875,-92.0166015625
99.0957786,117.1337890625,-88.5595703125,-97.8271484375
99.1150773,118.3056640625,-86.9482421875,-103.8330078125
99.1393417,118.1103515625,-85.3369140625,-106.8603515625
99.1715087,117.5732421875,-84.9462890625,-68.6767578125
99.217782,117.1826171875,-83.0908203125,-15.6982421875
99.2395368,117.6220703125,-81.6748046875,6.0791015625
99.2780977,117.7197265625,-80.6005859375,11.0595703125
99.2982521,117.3779296875,-80.1611328125,7.2998046875
99.3497918,117.1337890625,-78.8427734375,3.0517578125
99.3708954,116.0107421875,-78.8427734375,1.9287109375
99.3818013,115.0341796875,-78.6474609375,1.4404296875
99.4304486,114.0576171875,-78.9404296875,-5.1513671875
99.4498238,113.5693359375,-77.2314453125,-11.8408203125
99.4869832,112.6904296875,-77.9150390625,-14.7216796875
99.5069441,111.6650390625,-78.1591796875,-13.1591796875
99.5543123,111.0302734375,-78.8427734375,-13.0126953125
99.5759686,109.7119140625,-78.3544921875,-16.5283203125
99.6115027,109.2724609375,-79.2822265625,-22.7294921875
99.6321982,108.1982421875,-79.0380859375,-30.7861328125
99.6702627,107.5146484375,-80.2587890625,-38.4521484375
99.6897925,106.2939453125,-81.2353515625,-44.8486328125
99.7296506,104.8779296875,-81.2353515625,-50.3173828125
99.7588683,105.7568359375,-81.2353515625,-56.2744140625
99.7748096,108.8818359375,-81.4794921875,-61.9873046875
99.8214496,113.8134765625,-82.6025390625,-66.2353515625
99.8420331,116.7431640625,-83.2861328125,-70.8740234375
99.8772019,118.6474609375,-84.3603515625,-75.1708984375
99.8968153,120.2099609375,-84.7509765625,-79.8095703125
99.9462801,121.4794921875,-85.8251953125,-84.9365234375
99.9682174,123.4814453125,-86.6064453125,-89.6240234375
99.987864,123.0908203125,-87.0947265625,-95.3857421875
100.0331528,122.7490234375,-87.4365234375,-101.7333984375
100.0470938,122.7490234375,-86.6552734375,-107.5439453125
100.0790516,123.3349609375,-84.5068359375,-99.2431640625
100.1207103,123.2373046875,-84.5068359375,-38.4033203125
100.1438324,122.5537109375,-83.5302734375,2.3193359375
100.1835654,122.4560546875,-83.0908203125,15.9912109375
100.1979732,121.4794921875,-82.4072265625,15.6494140625
100.2446932,120.9912109375,-81.4794921875,10.8154296875
100.2586662,120.1611328125,-80.9423828125,8.6669921875
100.311858,118.8427734375,-80.8935546875,9.1064453125
100.3190655,117.5732421875,-82.0166015625,7.1533203125
100.3479745,116.9384765625,-81.5771484375,-0.1220703125
100.4061043,116.2548828125,-81.6259765625,-7.0068359375
100.4091033,115.0830078125,-81.9677734375,-7.5439453125
100.4518289,113.7158203125,-82.2607421875,-7.1533203125
100.4706627,113.0810546875,-82.7978515625,-8.7158203125
100.5000886,111.2744140625,-83.5302734375,-13.6474609375
100.5448411,110.9326171875,-84.8974609375,-20.0927734375
100.5622,110.1025390625,-86.0693359375,-29.0771484375
100.6031242,108.4912109375,-86.7529296875,-35.8642578125
100.6191587,107.6123046875,-87.4365234375,-41.4794921875
100.6532447,107.4169921875,-87.9736328125,-47.6318359375
100.6923149,107.5146484375,-89.5361328125,-53.4912109375
100.7129315,112.6416015625,-90.0732421875,-58.9111328125
100.7427801,116.8896484375,-90.3662109375,-62.8662109375
100.7695088,119.7216796875,-92.0751953125,-68.0419921875
100.8034992,122.1630859375,-92.5634765625,-72.3388671875
100.8324105,123.5791015625,-93.5888671875,-77.9052734375
100.8607111,125.5322265625,-95.4443359375,-84.1552734375
100.8926701,126.5087890625,-95.7861328125,-88.5009765625
100.9214502,126.6064453125,-97.4462890625,-94.7998046875
100.9503803,126.6064453125,-98.6181640625,-99.4873046875
100.9821439,126.5087890625,-99.2041015625,-105.9326171875
101.0242196,126.6552734375,-97.8857421875,-111.4501953125
101.045202,126.2646484375,-98.0322265625,-111.1572265625
101.0750827,126.5087890625,-98.2275390625,-61.9384765625
101.1255237,126.0693359375,-97.1044921875,-8.0322265625
101.1349198,124.5068359375,-97.5439453125,9.8876953125
101.1608895,124.0673828125,-96.8603515625,10.5712890625
101.196202,122.6513671875,-97.5927734375,4.1259765625
101.2342442,121.5283203125,-96.9580078125,-2.7099609375
101.2554171,120.2587890625,-97.2998046875,-5.4931640625
101.2951063,119.3310546875,-97.9833984375,-6.7626953125
101.3156641,118.5986328125,-98.5205078125,-16.0400390625
101.345593,117.1826171875,-98.0810546875,-21.3623046875
101.3780365,116.3037109375,-98.6669921875,-20.6787109375
101.4023696,115.0341796875,-99.0576171875,-19.5068359375
101.434186,114.1064453125,-99.9853515625,-19.7021484375
101.4651524,113.0322265625,-100.8154296875,-24.5361328125
101.494091,111.4697265625,-100.9130859375,-31.5673828125
101.5290471,111.5673828125,-101.6943359375,-39.3310546875
101.5558323,110.1025390625,-102.0361328125,-47.5341796875
101.5852328,109.6630859375,-103.0615234375,-53.7353515625
101.6181853,108.2470703125,-103.6962890625,-60.6201171875
101.6461335,108.0029296875,-105.0146484375,-65.9423828125
101.6751109,110.5419921875,-105.6494140625,-70.7763671875
101.7090438,115.1318359375,-105.8935546875,-73.4619140625
101.7359559,118.0615234375,-106.9189453125,-77.4169921875
101.7639694,119.7216796875,-108.4814453125,-81.3720703125
101.7981172,121.7724609375,-108.2861328125,-84.5947265625
101.8271459,122.6513671875,-109.2626953125,-90.0634765625
101.8589582,123.8232421875,-110.0439453125,-96.0693359375
101.8879982,124.1162109375,-108.6767578125,-102.6123046875
101.9168803,123.3837890625,-108.2373046875,-105.5908203125
101.9503141,122.8955078125,-107.6025390625,-71.4111328125
101.9783164,122.5537109375,-107.6025390625,-14.9169921875
102.0082446,123.2373046875,-107.1630859375,6.0302734375
102.0400236,122.7490234375,-106.5771484375,9.7900390625
102.0680008,122.5048828125,-105.9423828125,2.4658203125
102.1010515,121.4306640625,-105.7470703125,-5.6884765625
102.1288263,120.3564453125,-105.9912109375,-10.3759765625
102.1575371,119.1845703125,-105.6005859375,-13.2568359375
102.1885489,118.2080078125,-105.7958984375,-23.6083984375
102.2375581,116.7431640625,-105.4052734375,-28.9306640625
102.2568665,116.4990234375,-106.4306640625,-27.1240234375
102.2962736,115.1806640625,-106.3818359375,-23.9501953125
102.3085358,114.3994140625,-106.0400390625,-24.8779296875
102.34059,112.8857421875,-106.4794921875,-29.9560546875
102.3716614,112.5439453125,-106.9189453125,-38.2080078125
102.3995101,111.0791015625,-106.8701171875,-47.1923828125
102.4588601,109.9560546875,-107.8466796875,-55.2490234375
102.4596829,108.5888671875,-108.2373046875,-62.1826171875
102.5063115,108.6376953125,-108.7255859375,-68.0419921875
102.5262399,107.8076171875,-109.4580078125,-73.7060546875
102.5675478,109.2236328125,-109.5068359375,-78.5400390625
102.5890926,113.5205078125,-110.3857421875,-82.4951171875
102.6265519,116.6455078125,-111.0205078125,-87.0361328125
102.6468099,118.8427734375,-111.7041015625,-90.4052734375
102.668663,119.4775390625,-112.3876953125,-95.2880859375
102.7017283,121.2841796875,-112.7783203125,-101.4404296875
102.7565022,122.3095703125,-112.6318359375,-108.0810546875
102.7784095,122.3095703125,-111.2646484375,-111.9384765625
102.7933275,121.4306640625,-110.6787109375,-86.4990234375
102.8378928,120.3564453125,-110.2392578125,-23.1689453125
102.8581044,120.6005859375,-110.2880859375,5.2001953125
102.8937293,120.5517578125,-109.0185546875,12.6220703125
102.9169549,119.9169921875,-108.5791015625,9.5947265625
102.9569814,119.5751953125,-107.6513671875,3.8818359375
102.9775859,118.8916015625,-108.0908203125,1.1962890625
103.0175761,118.5498046875,-107.6513671875,1.5380859375
103.0396079,117.2314453125,-107.3095703125,-3.2470703125
103.0744143,115.8642578125,-106.5283203125,-12.3779296875
103.0961179,115.3271484375,-106.1376953125,-17.2119140625
103.1457286,114.8876953125,-106.6259765625,-16.8212890625
103.1659517,113.3740234375,-106.7724609375,-16.1865234375
103.2096795,112.4951171875,-106.5771484375,-17.8955078125
103.2146745,111.7626953125,-106.6259765625,-25.0244140625
103.2583751,110.4443359375,-107.5048828125,-33.4228515625
103.2804004,109.4189453125,-107.2607421875,-41.9677734375
103.3196166,108.3935546875,-107.6025390625,-49.4873046875
103.3413965,106.9287109375,-107.7978515625,-56.6162109375
103.3802569,105.9521484375,-109.1650390625,-62.5244140625
103.4009515,107.3681640625,-109.7998046875,-67.7490234375
103.4382944,110.2001953125,-109.9462890625,-72.2900390625
103.4585425,114.5947265625,-110.7275390625,-77.1728515625
103.5015474,118.1591796875,-111.6552734375,-82.4951171875
103.5218427,119.4775390625,-111.5087890625,-87.6708984375
103.5589126,120.9912109375,-113.2666015625,-91.5283203125
103.5794378,121.9677734375,-113.2177734375,-96.8017578125
103.6178279,124.0673828125,-113.6083984375,-102.5634765625
103.6389643,123.4814453125,-113.6572265625,-109.2041015625
103.6950147,123.3349609375,-112.6318359375,-114.9169921875
103.7170101,122.6513671875,-111.7529296875,-102.1728515625
103.7273362,122.9443359375,-112.0458984375,-38.5009765625
103.7702785,122.5048828125,-111.5576171875,1.3916015625
103.8045541,122.6025390625,-110.7275390625,12.6708984375
103.8219,121.9677734375,-109.7021484375,11.0107421875
103.8661853,120.9423828125,-109.7509765625,5.3466796875
103.8867896,120.1123046875,-109.8974609375,0.2685546875
103.9301706,119.3798828125,-109.7509765625,0.1708984375
103.9499098,118.1103515625,-109.3603515625,-2.8564453125
103.9679585,117.2314453125,-108.9208984375,-10.9619140625
103.9995471,115.9130859375,-109.7021484375,-17.2607421875
104.0548953,114.5458984375,-108.6767578125,-18.7744140625
104.0742053,113.8134765625,-109.1650390625,-17.7001953125
104.092069,113.4716796875,-109.1650390625,-19.2626953125
104.1187186,112.0068359375,-109.6044921875,-24.0478515625
104.1647504,110.6884765625,-110.3857421875,-32.4951171875
104.1847721,109.2724609375,-110.2880859375,-40.7470703125
104.2266469,108.8330078125,-110.0927734375,-48.9013671875
104.2567489,107.3681640625,-110.5322265625,-55.4931640625
104.272754,106.5869140625,-111.1181640625,-61.7431640625
104.319209,106.0498046875,-111.6552734375,-67.3095703125
104.340534,108.5888671875,-111.8505859375,-72.6318359375
104.3770568,113.3740234375,-112.4365234375,-77.1728515625
104.3975059,116.5966796875,-113.1201171875,-81.5185546875
104.4337269,119.0869140625,-113.5107421875,-86.3037109375
104.4537777,120.2099609375,-114.7802734375,-91.0400390625
104.496153,121.9189453125,-114.8779296875,-95.2392578125
104.5227549,123.1396484375,-115.0244140625,-100.8544921875
104.5415433,124.6044921875,-115.2685546875,-107.6416015625
104.5752172,123.4814453125,-114.4384765625,-113.8916015625
104.6126266,122.7978515625,-113.3642578125,-111.0595703125
104.6336978,122.7978515625,-112.8271484375,-56.4208984375
104.680083,122.8955078125,-111.3623046875,-7.9833984375
104.7000743,122.0166015625,-111.6064453125,6.4208984375
104.7370218,122.4560546875,-110.2392578125,5.1513671875
104.759485,121.4306640625,-109.2138671875,-3.8818359375
104.8039851,120.4541015625,-108.5791015625,-12.5732421875
104.8245057,119.1845703125,-108.1396484375,-15.8447265625
104.8611781,118.1103515625,-107.3095703125,-20.5810546875
104.8712881,116.8896484375,-107.3583984375,-30.3955078125
104.9201093,116.1572265625,-105.8935546875,-32.1044921875
104.9343384,114.3017578125,-106.0400390625,-30.2490234375
104.9798786,113.7646484375,-105.6982421875,-27.9052734375
104.999757,112.7880859375,-105.6005859375,-29.5166015625
105.0370863,111.5673828125,-105.3564453125,-34.9365234375
105.0566279,110.2978515625,-105.1611328125,-43.0419921875
105.0979538,109.7119140625,-105.3076171875,-51.4404296875
105.1178012,108.6376953125,-105.5029296875,-58.9599609375
105.1588621,107.5146484375,-104.5263671875,-65.1611328125
105.1781211,106.7333984375,-104.1845703125,-71.5087890625
105.2151414,105.7568359375,-104.7216796875,-76.5380859375
105.237317,106.5869140625,-104.5751953125,-79.8583984375
105.2768398,110.1513671875,-104.3310546875,-84.3017578125
105.2968513,114.2041015625,-104.5751953125,-88.2568359375
105.3289793,115.8642578125,-104.6240234375,-91.6748046875
105.3670683,117.5244140625,-104.6240234375,-97.6318359375
105.3879524,118.5009765625,-102.8662109375,-103.2470703125
105.4300309,119.1357421875,-101.5478515625,-104.6630859375
105.4503942,120.3564453125,-99.9853515625,-64.8193359375
105.4893126,119.9658203125,-98.9111328125,-11.8896484375
105.5094692,119.3310546875,-97.0556640625,7.1533203125
105.546155,119.6240234375,-95.4443359375,9.3994140625
105.571408,118.9404296875,-93.9794921875,3.1005859375
105.613252,118.9892578125,-92.5634765625,-4.9560546875
105.6283018,117.9150390625,-91.9287109375,-7.5927734375
105.6715559,117.0361328125,-90.7080078125,-10.3759765625
105.6915292,116.4501953125,-90.0244140625,-20.4833984375
105.7235855,115.7666015625,-88.9501953125,-25.3662109375
105.7613524,114.7412109375,-87.9736328125,-25.1220703125
105.7792506,113.7158203125,-87.2412109375,-23.6083984375
105.8101214,113.3251953125,-86.8505859375,-23.6083984375
105.8392336,111.6162109375,-87.2900390625,-29.4189453125
105.8792233,110.7861328125,-87.0947265625,-37.7197265625
105.902093,110.5908203125,-86.1669921875,-45.5322265625
105.9382973,108.7841796875,-86.6552734375,-52.2705078125
105.9628588,108.0029296875,-85.6787109375,-59.2529296875
106.001708,107.8564453125,-86.2158203125,-65.5517578125
106.0257139,106.0498046875,-86.6064453125,-71.8994140625
106.0526027,106.0498046875,-86.6552734375,-76.6845703125
106.0836771,109.1748046875,-86.7529296875,-80.0048828125
106.1094505,114.3017578125,-87.2412109375,-83.7158203125
106.1445499,116.7919921875,-87.5830078125,-87.9638671875
106.1805512,117.9638671875,-87.2900390625,-92.4072265625
106.2046102,119.2822265625,-87.6806640625,-98.4619140625
106.2437889,120.9912109375,-86.8994140625,-104.8095703125
106.263433,120.9423828125,-84.7509765625,-109.4482421875
106.2944873,121.5283203125,-82.9931640625,-79.8583984375
106.3255074,120.8447265625,-81.5283203125,-17.9443359375
106.3518054,120.4541015625,-80.4052734375,9.2529296875
106.3860079,120.2587890625,-79.3798828125,15.2099609375
106.4145986,119.6240234375,-76.9873046875,12.1337890625
106.4447353,119.6728515625,-74.6923828125,6.3232421875
106.4749303,119.2333984375,-74.6435546875,5.1513671875
106.5048495,118.0615234375,-73.7158203125,5.1513671875
106.5473529,117.1337890625,-72.8369140625,-0.0244140625
106.5653233,116.2548828125,-72.5439453125,-8.2763671875
106.5932474,116.2060546875,-71.1767578125,-12.0361328125
106.6395415,115.5712890625,-71.4208984375,-11.8408203125
106.656699,114.3505859375,-71.8603515625,-11.1572265625
106.6824816,113.5205078125,-71.9091796875,-13.5986328125
106.7166376,112.3486328125,-71.9091796875,-19.1650390625
106.744715,111.3720703125,-71.9580078125,-28.1982421875
106.7769042,110.1025390625,-72.8369140625,-35.6689453125
106.8088281,109.2724609375,-73.6181640625,-43.1884765625
106.8349627,108.1005859375,-73.9599609375,-49.1455078125
106.8689092,107.3193359375,-74.3505859375,-54.8583984375
106.8965591,106.6845703125,-74.5947265625,-60.0830078125
106.9452631,108.4423828125,-76.0107421875,-65.0146484375
106.956412,113.5205078125,-76.8408203125,-68.7744140625
107.006648,117.0849609375,-77.7685546875,-74.2919921875
107.0259874,119.1845703125,-79.2822265625,-78.9794921875
107.0617922,120.6494140625,-80.3076171875,-83.8134765625
107.084117,122.7001953125,-81.4794921875,-89.8193359375
107.1251446,124.7021484375,-81.5771484375,-96.9482421875
107.1467766,124.8486328125,-81.0888671875,-102.4658203125
107.1677755,125.1416015625,-79.0869140625,-100.5615234375
107.1973552,124.5068359375,-79.3310546875,-49.3896484375
107.2273848,124.0185546875,-78.6962890625,0.0244140625
107.2607588,125.2392578125,-77.9638671875,17.4072265625
107.3157732,124.0673828125,-76.9384765625,18.6767578125
107.3341127,123.9697265625,-76.9384765625,13.2080078125
107.3522351,123.7744140625,-76.5966796875,8.4716796875
107.3993321,122.6025390625,-76.8896484375,7.9345703125
107.4247828,121.2353515625,-77.8173828125,6.7138671875
107.4409231,120.7470703125,-77.3779296875,-0.1708984375
107.487665,119.8193359375,-77.9638671875,-7.5439453125
107.5086539,118.4033203125,-78.4521484375,-8.9599609375
107.5453076,117.5244140625,-78.7939453125,-8.4228515625
107.5668228,116.5478515625,-79.1845703125,-8.8623046875
107.6059914,115.2294921875,-79.8681640625,-13.5986328125
107.6278391,114.3017578125,-80.4541015625,-19.0673828125
107.6656658,113.4228515625,-80.8935546875,-26.8310546875
107.6862676,112.2509765625,-82.3095703125,-34.9853515625
107.7233674,111.3720703125,-83.1884765625,-41.2353515625
107.7429566,110.1513671875,-83.4814453125,-47.3876953125
107.7998305,109.3212890625,-85.4345703125,-53.7353515625
107.8006434,108.8330078125,-85.7275390625,-58.3251953125
107.8357901,111.4208984375,-86.2646484375,-62.9638671875
107.8737607,116.3525390625,-87.6318359375,-66.9189453125
107.8952035,119.3310546875,-88.9990234375,-70.5810546875
107.9355919,121.5283203125,-90.5126953125,-75.7080078125
107.9565228,123.1396484375,-91.4404296875,-80.2001953125
107.9937626,124.7509765625,-92.1240234375,-86.7919921875
108.0143261,125.8251953125,-91.0498046875,-93.2373046875
108.0521985,125.9716796875,-91.0009765625,-96.7041015625
108.073423,125.0927734375,-90.9521484375,-63.7451171875
108.1159559,125.5322265625,-90.3662109375,-7.7880859375
108.137899,125.5810546875,-90.7080078125,14.4287109375
108.1895838,124.7021484375,-89.9267578125,17.5048828125
108.2096025,124.5556640625,-89.8779296875,10.6201171875
108.2225151,124.4580078125,-89.8291015625,2.4658203125
108.2642996,123.1396484375,-90.6591796875,-0.9521484375
108.2845516,122.9931640625,-90.8056640625,-3.7841796875
108.3289055,121.8701171875,-91.5869140625,-13.7451171875
108.3489882,121.0400390625,-91.3427734375,-18.0908203125
108.385789,119.8193359375,-91.6845703125,-15.6494140625
108.4062015,118.8427734375,-92.0263671875,-13.5498046875
108.442273,117.8173828125,-92.6611328125,-13.8427734375
108.4651985,116.4501953125,-93.2470703125,-18.1396484375
108.5021812,115.6689453125,-94.0771484375,-26.4404296875
108.5280852,114.2041015625,-95.2978515625,-35.7177734375
108.5654755,113.0322265625,-95.2490234375,-43.1396484375
108.5875558,111.9580078125,-97.1533203125,-49.1455078125
108.6284037,111.2255859375,-97.5439453125,-55.0048828125
108.6490302,109.9560546875,-98.0322265625,-60.1318359375
108.6879692,109.0283203125,-98.8134765625,-64.9658203125
108.7073059,110.1025390625,-99.3994140625,-68.4814453125
108.7539908,114.0576171875,-100.5712890625,-72.0458984375
108.7759475,118.0126953125,-100.8642578125,-76.9287109375
108.8133825,120.2099609375,-101.6455078125,-81.1767578125
108.8334824,120.5517578125,-102.2802734375,-87.7197265625
108.8789724,121.7724609375,-101.3525390625,-93.0419921875
108.9103652,123.6767578125,-100.9130859375,-83.0322265625
108.9195281,123.2861328125,-100.9619140625,-25.6591796875
108.9567426,122.6513671875,-101.1572265625,11.2060546875
108.9787417,121.9677734375,-100.8154296875,22.3876953125
109.0186141,122.1630859375,-99.6923828125,20.5810546875
109.0510041,121.9677734375,-100.3271484375,15.0634765625
109.0711472,121.8701171875,-100.7666015625,10.3759765625
109.1113098,121.5771484375,-100.7666015625,9.9365234375
109.1322249,120.4541015625,-100.1806640625,5.2001953125
109.1745998,119.8681640625,-101.0595703125,-3.6376953125
109.1967935,118.8916015625,-101.0595703125,-7.3486328125
109.2329632,118.7939453125,-101.7919921875,-7.4462890625
109.2532328,117.3779296875,-102.1826171875,-6.3232421875
109.2911134,116.1572265625,-102.5244140625,-8.0810546875
109.3117304,115.3271484375,-102.9638671875,-13.7451171875
109.3624813,114.5458984375,-103.4521484375,-22.8759765625
109.3823848,113.5205078125,-103.9892578125,-30.9326171875
109.4176496,112.4951171875,-105.4052734375,-38.5986328125
109.4320437,112.1044921875,-105.7470703125,-45.8251953125
109.4749971,110.3955078125,-105.9912109375,-50.8544921875
109.4966545,110.3466796875,-107.3583984375,-56.8115234375
109.5318069,109.2236328125,-108.2373046875,-61.2548828125
109.5521147,111.4697265625,-108.5791015625,-66.1376953125
109.5979303,117.0849609375,-109.6044921875,-70.5322265625
109.6177846,119.5263671875,-110.1416015625,-74.9755859375
109.6584184,120.9912109375,-111.3623046875,-79.7119140625
109.678973,123.2861328125,-111.8994140625,-84.8876953125
109.7164288,124.2138671875,-112.8759765625,-90.6982421875
109.7363178,125.5810546875,-112.2412109375,-97.4365234375
109.7744618,125.5810546875,-111.2646484375,-100.4638671875
109.7949668,125.1904296875,-111.7041015625,-64.4287109375
109.8337919,124.5068359375,-111.3623046875,-3.8330078125
109.8530923,124.4091796875,-111.0205078125,19.2138671875
109.8946354,124.9462890625,-110.8740234375,24.7802734375
109.9140857,124.7021484375,-110.5810546875,20.5810546875
109.9564118,123.7255859375,-110.3857421875,15.0146484375
109.9778097,123.2861328125,-109.5556640625,13.6474609375
110.0159283,122.4072265625,-109.8974609375,13.7939453125
110.0372905,121.1865234375,-109.9462890625,7.9833984375
110.081309,120.2587890625,-109.7021484375,-0.1708984375
110.1128124,119.6240234375,-109.3603515625,-3.9306640625
110.125054,118.8427734375,-109.5556640625,-3.3935546875
110.1610464,117.3779296875,-109.6533203125,-3.5888671875
110.1842664,116.5966796875,-109.8974609375,-6.3720703125
110.2246144,115.8642578125,-110.2392578125,-12.9638671875
110.246002,114.9365234375,-110.9716796875,-21.0693359375
110.2976659,113.5205078125,-110.6787109375,-29.3701171875
110.3076287,112.8857421875,-111.5576171875,-35.1318359375
110.3465741,111.9091796875,-111.5576171875,-41.1865234375
110.368233,111.0302734375,-113.2177734375,-46.8994140625
110.4102922,109.9560546875,-113.2177734375,-51.7822265625
110.4254698,109.6142578125,-114.2431640625,-56.3232421875
110.4703171,112.8857421875,-115.3662109375,-60.7177734375
110.4871733,117.9638671875,-116.1962890625,-65.2587890625
110.53071,121.1376953125,-116.3427734375,-70.4345703125
110.550063,123.2861328125,-118.3935546875,-75.6591796875
110.5871549,124.4580078125,-118.7353515625,-81.1279296875
110.6087177,126.8017578125,-119.3212890625,-86.6455078125
110.6478261,127.8759765625,-120.6884765625,-91.5283203125
110.6671014,128.4130859375,-120.9326171875,-97.1923828125
110.6999732,127.4853515625,-120.1025390625,-103.1982421875
110.7370711,127.4853515625,-120.1513671875,-98.8037109375
110.7579962,127.6806640625,-119.6630859375,-40.4052734375
110.7924137,127.4365234375,-119.8583984375,4.9560546875
110.8273262,127.0458984375,-119.6630859375,19.0185546875
110.8482128,126.9970703125,-119.8583984375,18.6767578125
110.8821589,125.1416015625,-119.3701171875,14.2333984375
110.9183434,124.8486328125,-119.4677734375,8.0810546875
110.943026,124.0673828125,-119.2236328125,6.8115234375
110.9704547,122.6513671875,-119.6142578125,5.3466796875
111.0075912,121.5771484375,-118.9306640625,-1.3427734375
111.0312779,120.6982421875,-119.4189453125,-6.6650390625
111.0809211,120.0146484375,-118.2958984375,-7.0556640625
111.0899678,118.5009765625,-119.1748046875,-6.2744140625
111.1231065,117.8662109375,-119.2724609375,-6.5185546875
111.1580089,116.6943359375,-119.1748046875,-10.1318359375
111.1803076,115.7177734375,-119.9560546875,-16.3330078125
111.2204137,114.4970703125,-120.2490234375,-22.9736328125
111.2393934,113.0810546875,-120.3466796875,-30.6884765625
111.274554,112.4462890625,-120.2001953125,-37.0849609375
111.3028694,112.0556640625,-121.3720703125,-42.2119140625
111.341887,110.7373046875,-121.1279296875,-47.8759765625
111.3660964,109.5166015625,-121.6162109375,-51.7822265625
111.3930605,109.8583984375,-122.3974609375,-55.9814453125
111.424725,113.1787109375,-122.2998046875,-59.7412109375
111.4530224,118.5986328125,-123.1787109375,-62.9638671875
111.484162,121.6748046875,-124.2041015625,-66.6259765625
111.5122268,122.4560546875,-124.4970703125,-71.0693359375
111.5451304,124.2138671875,-124.7412109375,-76.2451171875
111.5730594,125.7763671875,-124.7412109375,-82.7880859375
111.6072529,126.7041015625,-123.5205078125,-87.9150390625
111.6355727,126.2158203125,-122.6904296875,-84.4482421875
111.6656077,126.7041015625,-122.1533203125,-33.2275390625
111.6963987,125.9716796875,-121.2744140625,3.2470703125
111.7262198,126.1669921875,-120.9326171875,14.2333984375
111.7590828,125.8740234375,-119.9560546875,13.1591796875
111.8167255,124.7998046875,-119.4677734375,7.1044921875
111.8175261,124.9462890625,-119.2724609375,-0.0244140625
111.8471119,123.7255859375,-118.7353515625,-2.9052734375
111.8779641,123.2373046875,-118.1494140625,-7.9345703125
111.905091,122.1142578125,-117.8564453125,-15.1123046875
111.9538604,121.2841796875,-117.4169921875,-15.5517578125
111.9764489,120.1123046875,-116.4404296875,-12.9150390625
111.9944512,119.4287109375,-116.9287109375,-11.2548828125
112.0258486,118.2568359375,-116.2451171875,-12.3291015625
112.0811164,117.1826171875,-116.5869140625,-17.1142578125
112.1031958,116.4501953125,-116.3916015625,-24.1943359375
112.1194681,115.0830078125,-116.4404296875,-30.7861328125
112.1475114,114.2041015625,-116.0986328125,-36.2548828125
112.1800188,113.1787109375,-116.3916015625,-42.4072265625
112.2250777,112.7392578125,-116.5380859375,-47.4365234375
112.2470317,111.2255859375,-116.3427734375,-52.0751953125
112.2842637,109.9072265625,-116.0009765625,-56.0791015625
112.3043713,111.0791015625,-116.6845703125,-59.3994140625
112.3446739,114.4970703125,-117.3681640625,-62.4267578125
112.3653335,118.9892578125,-117.3193359375,-66.4306640625
112.4035682,120.8447265625,-117.8076171875,-71.1669921875
112.424328,121.9189453125,-116.9287109375,-76.9287109375
112.4588401,122.2607421875,-115.4638671875,-81.9091796875
112.4807264,124.1162109375,-114.5849609375,-73.0224609375
112.5106471,124.3115234375,-112.7783203125,-18.1396484375
112.5661472,123.3837890625,-111.8505859375,9.5458984375
112.5852554,123.3837890625,-110.7763671875,18.2373046875
112.6001817,123.0419921875,-109.1650390625,16.8212890625
112.6464145,123.5302734375,-107.5537109375,12.1826171875
112.6668151,123.2861328125,-106.9677734375,9.3505859375
112.7032534,122.6513671875,-106.9189453125,9.3994140625
112.7225273,122.3583984375,-105.6982421875,7.4462890625
112.7638049,121.2353515625,-103.8916015625,1.6845703125
112.7842082,120.3564453125,-103.4521484375,-0.8056640625
112.8266142,119.9169921875,-102.1826171875,0.0244140625
112.8474073,118.5498046875,-101.1083984375,1.2939453125
112.8842182,118.2568359375,-100.7177734375,-0.6103515625
112.9051426,116.5966796875,-100.3759765625,-3.7841796875
112.9418166,115.7177734375,-99.2041015625,-10.0830078125
112.9630434,114.8876953125,-99.4482421875,-16.3818359375
113.0037673,113.7158203125,-99.0576171875,-21.8505859375
113.0260629,112.7392578125,-98.8623046875,-27.3193359375
113.0640546,111.7138671875,-98.7158203125,-31.8115234375
113.0831619,111.3720703125,-99.2041015625,-36.4501953125
113.1210657,110.1025390625,-98.7646484375,-40.6005859375
113.1464492,109.9072265625,-99.2041015625,-44.1162109375
113.1901682,114.2529296875,-98.9111328125,-48.0712890625
113.2102454,118.9892578125,-98.8623046875,-51.7333984375
113.2474056,121.7724609375,-98.9599609375,-56.0791015625
113.2678434,123.3837890625,-99.3994140625,-60.6201171875
113.3059052,125.0439453125,-99.3505859375,-65.9423828125
113.326132,125.8740234375,-98.3251953125,-71.7529296875
113.3623773,127.1435546875,-95.9326171875,-77.1728515625
113.3843002,127.7783203125,-94.4189453125,-66.6259765625
113.4195754,127.4365234375,-92.6611328125,-11.2060546875
113.4443654,126.7529296875,-90.7080078125,17.7001953125
113.4852344,126.9970703125,-88.3642578125,26.4892578125
113.5055681,127.0458984375,-86.3623046875,25.5126953125
113.5416248,127.0458984375,-84.0673828125,21.7529296875
113.5680753,126.9970703125,-83.1396484375,19.7998046875
113.608975,125.3857421875,-81.8701171875,20.4345703125
113.6295903,124.5068359375,-80.7470703125,20.3369140625
113.6688901,123.7744140625,-79.9658203125,15.2099609375
113.6885485,123.1884765625,-78.2080078125,11.7431640625
113.7268463,122.4072265625,-77.5244140625,11.0107421875
113.7574717,120.3564453125,-77.3291015625,12.2314453125
113.7754501,119.6728515625,-77.0361328125,11.4990234375
113.8071284,118.9404296875,-76.1083984375,9.1064453125
113.8441935,117.1337890625,-76.4013671875,3.2958984375
113.865749,116.3525390625,-76.7431640625,-2.8564453125
113.9141051,115.3759765625,-76.7919921875,-8.0322265625
113.9347288,114.8388671875,-77.0361328125,-13.2568359375
113.9702376,113.7646484375,-77.8662109375,-17.4072265625
113.9912455,112.5439453125,-78.6474609375,-21.9482421875
114.0267039,111.8603515625,-78.4033203125,-26.1962890625
114.0490699,111.4208984375,-79.5751953125,-30.4443359375
114.0874393,114.3505859375,-80.6982421875,-34.1064453125
114.1092098,120.6494140625,-81.1376953125,-38.6474609375
114.1454412,123.7744140625,-82.5537109375,-43.2861328125
114.1698521,126.0205078125,-83.2373046875,-47.4853515625
114.2057639,126.7529296875,-84.1650390625,-52.2705078125
114.2305498,128.9013671875,-85.4833984375,-57.2021484375
114.2653741,130.3662109375,-84.4091796875,-63.3544921875
114.2897289,130.1220703125,-82.5048828125,-68.5302734375
114.3270971,130.3173828125,-80.9912109375,-62.3291015625
114.3483601,130.1708984375,-80.9912109375,-9.3505859375
114.3987799,130.4150390625,-79.6728515625,21.9970703125
114.4190203,130.4150390625,-79.3310546875,31.6162109375
114.4540516,130.0244140625,-78.0126953125,30.5908203125
114.474235,129.6337890625,-77.5732421875,26.1474609375
114.5096718,129.0478515625,-76.5478515625,23.1689453125
114.5329157,128.5107421875,-76.9873046875,23.5595703125
114.5710514,127.6318359375,-77.1826171875,22.5341796875
114.5919036,126.8994140625,-76.5478515625,16.8212890625
114.6302702,125.4345703125,-76.0595703125,14.7705078125
114.6508201,124.4091796875,-77.0849609375,15.2099609375
114.6942606,122.9443359375,-77.2802734375,16.0400390625
114.7142856,122.1142578125,-77.8173828125,14.9658203125
114.7553619,121.3818359375,-78.1591796875,12.4755859375
114.775411,120.2587890625,-79.2333984375,7.4462890625
114.8138651,119.0869140625,-79.9658203125,1.2939453125
114.836004,117.7197265625,-79.8681640625,-3.9794921875
114.8746238,116.4990234375,-81.3330078125,-9.1552734375
114.8979167,115.8154296875,-81.7236328125,-13.5498046875
114.9374719,115.2294921875,-82.6025390625,-17.7978515625
114.951046,113.1298828125,-83.6279296875,-21.8505859375
114.9889848,112.7392578125,-84.9462890625,-25.6103515625
115.0143846,114.5947265625,-85.7275390625,-28.2958984375
115.0517387,120.3076171875,-86.8994140625,-32.5927734375
115.0736473,123.3349609375,-87.7294921875,-36.6455078125
115.1096208,125.9228515625,-88.9501953125,-40.4541015625
115.1350172,127.1923828125,-88.4619140625,-46.9482421875
115.1720912,128.8525390625,-87.2412109375,-52.1728515625
115.1981969,129.5361328125,-86.2646484375,-47.9736328125
115.2365416,129.8291015625,-86.0205078125,-2.5146484375
115.2555129,129.3408203125,-85.6787109375,26.9287109375
115.2936559,129.2919921875,-85.2392578125,36.3525390625
115.3141809,129.4873046875,-84.8486328125,34.2529296875
115.3672233,129.6826171875,-84.2626953125,29.0283203125
115.3892603,129.2431640625,-84.1650390625,24.4384765625
115.4074599,129.0966796875,-85.2880859375,23.2177734375
115.4436866,128.5107421875,-84.4580078125,18.5791015625
115.4686435,126.5576171875,-84.1162109375,13.5009765625
115.4957894,126.1669921875,-84.6044921875,13.6962890625
115.5375255,125.2392578125,-84.8486328125,15.3564453125
115.5576183,124.0185546875,-85.4345703125,17.0166015625
115.5937865,123.3349609375,-86.0693359375,14.8193359375
115.6169786,121.7724609375,-86.7041015625,10.6201171875
115.6581931,121.9189453125,-87.0947265625,3.4423828125
115.6752205,120.6005859375,-88.2666015625,-2.4658203125
115.7131921,119.6240234375,-88.7548828125,-8.1298828125
115.7365153,118.8916015625,-88.7548828125,-12.8662109375
115.7722224,117.7197265625,-90.0244140625,-18.0908203125
115.7989703,116.1572265625,-91.5380859375,-21.8505859375
115.8520725,115.4248046875,-92.7099609375,-26.9287109375
115.8601175,114.1064453125,-93.0517578125,-29.4189453125
115.8982572,115.8642578125,-94.2236328125,-33.4716796875
115.9168727,120.4052734375,-96.0302734375,-36.8896484375
115.9558881,124.1162109375,-96.1767578125,-41.4306640625
115.9910663,125.6298828125,-96.6650390625,-48.4130859375
116.0091071,126.8994140625,-95.4931640625,-53.1982421875
116.0421552,128.6083984375,-94.8583984375,-47.6318359375
116.0691736,129.6337890625,-94.2724609375,1.8798828125
116.1168809,129.3408203125,-93.6865234375,32.2021484375
116.1313189,128.8525390625,-93.9306640625,43.5302734375
116.1694486,127.9736328125,-92.7587890625,44.5068359375
116.1934846,128.6083984375,-92.7099609375,40.1611328125
116.2236453,128.0224609375,-91.9775390625,37.9150390625
116.2544675,127.9248046875,-92.3193359375,37.7685546875
116.2812862,127.6806640625,-92.7587890625,35.9130859375
116.3102719,126.8017578125,-92.1728515625,29.2236328125
116.3391256,125.8251953125,-92.5634765625,25.7568359375
116.3789149,124.4091796875,-92.7587890625,25.4638671875
116.400512,124.3115234375,-93.7353515625,25.8544921875
116.4354985,122.6513671875,-93.3447265625,25.3173828125
116.4649761,121.7724609375,-94.0283203125,21.4111328125
116.4921302,121.5283203125,-94.3212890625,15.0146484375
116.5242708,120.0634765625,-95.1025390625,7.7392578125
116.553061,119.2822265625,-95.6884765625,1.4892578125
116.5870869,117.9150390625,-96.4697265625,-3.7353515625
116.6137928,116.7919921875,-97.2021484375,-9.7900390625
116.6420583,115.9130859375,-98.3740234375,-14.0869140625
116.6760676,115.0830078125,-98.2763671875,-18.1396484375
116.7048001,113.7646484375,-99.1064453125,-23.1689453125
116.7327035,115.0830078125,-100.1318359375,-26.6357421875
116.7983422,119.6240234375,-100.5224609375,-31.9091796875
116.7991447,124.0673828125,-101.1572265625,-36.4501953125
116.8292281,126.2646484375,-101.8896484375,-41.2841796875
116.8741678,127.9736328125,-102.8662109375,-45.9716796875
116.8953647,129.7802734375,-103.9404296875,-51.8310546875
116.9341925,131.5869140625,-103.5986328125,-57.3486328125
116.9537025,132.3193359375,-103.6962890625,-63.5986328125
116.9930572,131.9287109375,-102.7197265625,-54.6630859375
117.0139889,132.2216796875,-101.9873046875,2.1728515625
117.0646334,131.6845703125,-101.9384765625,34.4482421875
117.0654488,131.8310546875,-101.4990234375,46.7529296875
117.0981379,131.6357421875,-100.9130859375,45.8251953125
117.1264846,131.3916015625,-100.3271484375,41.1865234375
117.1742826,131.0009765625,-100.2783203125,38.3544921875
117.1890169,130.3662109375,-100.5224609375,39.1357421875
117.2367267,128.7060546875,-99.9853515625,37.3779296875
117.2567942,127.8759765625,-99.7900390625,31.2744140625
117.2778195,126.6552734375,-100.7177734375,26.1962890625
117.3061002,125.8251953125,-100.1318359375,24.7802734375
117.3540149,125.3857421875,-100.9130859375,25.4638671875
117.3681613,123.8720703125,-100.8642578125,24.8291015625
117.3974813,123.2861328125,-102.0849609375,20.5810546875
117.4271555,122.0654296875,-102.1826171875,14.8681640625
117.4739179,120.9423828125,-102.5244140625,6.4697265625
117.493452,119.7216796875,-103.1591796875,0.0732421875
117.5286889,118.6474609375,-104.1845703125,-5.7373046875
117.5490177,117.4755859375,-103.7939453125,-11.0107421875
117.5931461,116.6943359375,-105.2587890625,-16.5771484375
117.6133461,115.8642578125,-105.9423828125,-21.6552734375
117.6526869,114.7412109375,-106.1376953125,-25.7080078125
117.675412,115.0341796875,-106.4794921875,-30.2978515625
117.7162084,119.1845703125,-108.2373046875,-34.7412109375
117.7380982,124.3115234375,-108.7744140625,-40.5517578125
117.7742017,127.4365234375,-110.1416015625,-46.4111328125
117.7944945,128.8525390625,-110.3857421875,-51.1474609375
117.8285829,131.0498046875,-111.3134765625,-56.5673828125
117.8523516,132.9541015625,-112.5830078125,-61.6943359375
117.894412,134.3701171875,-112.1923828125,-66.1865234375
117.9141015,134.2724609375,-111.7529296875,-72.9248046875
117.9528844,134.2724609375,-110.8740234375,-76.2451171875
117.9748584,133.5888671875,-111.6064453125,-42.8466796875
118.0196108,134.1748046875,-110.4833984375,13.3056640625
118.0400028,133.7841796875,-110.4833984375,34.6923828125
118.0589087,133.5400390625,-110.6787109375,38.6474609375
118.0922784,133.1494140625,-110.6787109375,33.2763671875
118.1213911,132.2216796875,-110.3369140625,26.2451171875
118.1624609,130.9521484375,-110.7763671875,23.4130859375
118.1851552,130.2685546875,-110.2392578125,22.0458984375
118.2218014,129.3408203125,-110.3369140625,17.1142578125
118.2435844,127.6806640625,-110.5810546875,11.6943359375
118.2863035,126.4599609375,-110.3857421875,10.3271484375
118.3064879,125.9716796875,-111.1181640625,11.5966796875
118.3501122,124.7509765625,-110.7763671875,12.4755859375
118.3692981,123.1396484375,-111.3623046875,9.2529296875
118.4107136,122.2119140625,-111.8017578125,3.2958984375
118.4304247,121.3330078125,-112.1923828125,-3.1982421875
118.4740247,120.1123046875,-111.5087890625,-9.7900390625
118.4946376,119.2822265625,-112.9248046875,-16.4794921875
118.5313095,118.4033203125,-112.9248046875,-22.7783203125
118.5530074,116.4990234375,-112.6318359375,-27.2216796875
118.5912451,115.8154296875,-113.7548828125,-31.7138671875
118.6105736,114.2529296875,-113.9501953125,-34.6435546875
118.6468578,114.0576171875,-114.5849609375,-38.3544921875
118.6756239,114.9365234375,-115.4150390625,-41.6259765625
118.6956684,119.4775390625,-115.7080078125,-45.7275390625
118.7286979,123.4326171875,-116.3916015625,-50.1220703125
118.7669504,125.5322265625,-116.0009765625,-57.6416015625
118.7866748,127.7294921875,-114.5849609375,-63.3056640625
118.8228527,128.7548828125,-114.3408203125,-63.3544921875
118.8478041,130.4150390625,-113.8037109375,-20.4345703125
118.8856328,130.9521484375,-113.3154296875,20.2392578125
118.9089365,130.4638671875,-112.9248046875,34.4482421875
118.9498598,130.0732421875,-112.4853515625,33.7646484375
118.9678779,129.9267578125,-112.1923828125,27.8564453125
119.0064041,129.6826171875,-111.3134765625,21.1181640625
119.0259445,129.7802734375,-111.1181640625,18.5302734375
119.0693069,129.2919921875,-110.6298828125,15.3564453125
119.0893933,128.6572265625,-110.2880859375,7.3974609375
119.1312853,127.6806640625,-110.6787109375,4.9072265625
119.1514565,126.8017578125,-109.8974609375,6.5185546875
119.1872122,125.6787109375,-110.1416015625,8.5693359375
119.209652,125.2880859375,-110.0439453125,6.7626953125
119.2448039,123.0419921875,-109.3603515625,2.5634765625
119.2676589,123.1396484375,-109.8486328125,-4.4677734375
119.3048298,122.3095703125,-110.3857421875,-12.3779296875
119.3283676,121.1376953125,-109.9951171875,-18.8232421875
119.3665937,119.9658203125,-110.1904296875,-24.0966796875
119.3973525,119.1357421875,-110.8740234375,-30.3466796875
119.4389357,118.5986328125,-110.7275390625,-35.3271484375
119.4499571,117.1826171875,-111.3623046875,-39.2333984375
119.4904038,116.5966796875,-111.4599609375,-42.5537109375
119.5201074,115.5224609375,-111.4599609375,-46.2158203125
119.5443205,116.8896484375,-112.2900390625,-49.9755859375
119.5824705,122.3583984375,-113.5107421875,-54.9560546875
119.6032829,125.2880859375,-112.6318359375,-60.2783203125
119.6411473,127.2412109375,-111.9970703125,-67.5048828125
119.6612265,128.3642578125,-110.4833984375,-70.7763671875
119.6995005,129.6337890625,-109.6044921875,-43.7255859375
119.7228326,131.1962890625,-109.3115234375,10.2783203125
119.7590073,130.9033203125,-107.6025390625,31.9580078125
119.784217,130.5126953125,-105.7958984375,37.9638671875
119.8175311,129.4873046875,-105.1123046875,35.0341796875
119.8409982,130.0244140625,-104.3310546875,30.7373046875
119.8797988,129.7802734375,-104.0380859375,28.8330078125
119.9022673,129.6337890625,-102.4755859375,29.9560546875
119.9383972,128.7548828125,-101.7431640625,25.9521484375
119.9634294,128.5595703125,-100.7177734375,18.7255859375
119.9995766,127.1435546875,-100.5224609375,15.9423828125
120.0270958,126.6552734375,-100.0830078125,16.0400390625
120.0626948,125.4833984375,-99.0576171875,16.8701171875
