Timestamp,PPG_Forehead,PPG_Earlobe,PPG_Finger
0.00320110000000007,0.185546875,0.185546875,0.185546875
0.00426210000000005,0.185546875,0.185546875,0.185546875
0.00518410000000014,0.185546875,0.185546875,0.185546875
0.00607289999999994,0.185546875,0.185546875,0.185546875
0.00694300000000014,0.185546875,0.185546875,0.185546875
0.00778290000000004,0.185546875,0.185546875,0.185546875
0.00826290000000007,91.6845703125,85.9716796875,83.3837890625
0.00864369999999992,-82.3388671875,18.8427734375,-73.0322265625
0.00901320000000005,-82.6806640625,29.1455078125,-62.9248046875
0.0093782,-80.9716796875,36.7138671875,-45.9326171875
0.0097491999999999,-79.4580078125,42.2802734375,-30.6982421875
0.0101073999999999,-77.2119140625,47.0654296875,-20.4443359375
0.0104791,-75.0146484375,50.0439453125,-14.6337890625
0.0108400999999998,-74.3310546875,52.2412109375,-10.3857421875
0.011199,-73.7451171875,50.4345703125,-11.6064453125
0.0115685999999999,-73.7451171875,49.8486328125,-13.7060546875
0.0119566,-73.2568359375,49.8974609375,-16.8310546875
0.0123148999999998,-73.5009765625,49.7021484375,-18.4912109375
0.0126743,-72.6708984375,48.8232421875,-19.1748046875
0.0130382,-72.9638671875,47.8466796875,-19.5654296875
0.0134028000000002,-73.6962890625,46.3330078125,-20.2490234375
0.0137632999999999,-72.9150390625,44.2822265625,-21.8115234375
0.0141334999999998,-73.4033203125,41.9384765625,-24.6923828125
0.0144936000000002,-74.1845703125,39.5458984375,-26.7919921875
0.0148513000000001,-74.0869140625,37.4462890625,-30.7470703125
0.0152177,-75.3076171875,35.4931640625,-34.0185546875
0.0155772999999999,-75.6982421875,33.7353515625,-37.5830078125
0.0159229999999999,-75.6982421875,31.4892578125,-40.7568359375
0.0162871,-76.4306640625,30.1708984375,-43.1494140625
0.0166360000000001,-76.5771484375,28.2666015625,-45.6884765625
0.0169834,-76.8701171875,25.7763671875,-47.4951171875
0.0173855000000001,-78.0908203125,23.7255859375,-50.3271484375
0.0177342999999999,-78.0419921875,20.7958984375,-54.6728515625
0.0180815000000001,-78.3837890625,18.8916015625,-57.7490234375
0.0184137,-78.7255859375,16.9873046875,-61.0693359375
0.0187955,-80.0439453125,17.3291015625,-63.2666015625
0.0191490000000001,-79.7998046875,26.0205078125,-62.9248046875
0.0194576,-79.4091796875,36.5185546875,-51.5478515625
0.0197829,-77.8955078125,44.0869140625,-32.4072265625
0.0200882,-75.6494140625,48.9208984375,-17.3193359375
0.0203945000000001,-74.2822265625,53.7060546875,-5.4052734375
0.0207207,-72.2314453125,57.4658203125,2.9443359375
0.0210332000000002,-70.7666015625,58.5888671875,8.2177734375
0.0213399000000001,-69.9365234375,58.3447265625,9.0966796875
0.0216466999999998,-69.6923828125,56.4892578125,6.7041015625
0.0219762999999999,-69.6923828125,56.1962890625,2.2607421875
0.0222844000000002,-69.7900390625,55.2685546875,0.4541015625
0.0225960999999999,-69.4970703125,53.9013671875,-0.0341796875
0.0229181000000001,-69.4970703125,52.6806640625,-1.5478515625
0.0232250999999999,-69.8876953125,50.8251953125,-2.8662109375
0.0235292999999999,-70.3759765625,49.3115234375,-4.3798828125
0.0238361999999999,-70.4248046875,46.7236328125,-7.2119140625
0.0241525999999999,-71.0107421875,43.7451171875,-11.0205078125
0.0244572000000001,-71.4501953125,42.4755859375,-14.6826171875
0.024769,-72.5732421875,39.5947265625,-18.2958984375
0.0250979,-72.7197265625,38.1787109375,-22.0556640625
0.0254047000000002,-73.2080078125,35.4443359375,-26.1572265625
0.0257111999999999,-72.8662109375,34.0771484375,-28.4521484375
0.0260685999999999,-74.4287109375,32.0263671875,-31.2353515625
0.0263824000000001,-73.5498046875,30.4638671875,-33.9208984375
0.0266899,-74.5751953125,27.6318359375,-37.1435546875
0.0270005000000002,-75.4541015625,25.1904296875,-41.0498046875
0.0273181999999998,-75.9912109375,24.4580078125,-44.9072265625
0.0276260000000002,-76.3330078125,22.4072265625,-48.5693359375
0.0279338999999998,-76.7236328125,23.6279296875,-51.8896484375
0.0282486,-76.5771484375,32.7587890625,-49.6923828125
0.0285544,-76.5283203125,42.6220703125,-37.3876953125
0.0288590000000002,-75.2587890625,49.6044921875,-19.2724609375
0.0291687,-73.8916015625,54.2919921875,-2.8662109375
0.0295087000000001,-71.7919921875,58.8330078125,8.4130859375
0.0298137999999999,-70.0341796875,61.6162109375,15.1513671875
0.0301216000000002,-68.8134765625,62.8857421875,19.0576171875
0.0305483999999998,-67.9345703125,60.8349609375,19.7412109375
0.0308589000000001,-67.6904296875,60.3955078125,15.3955078125
0.0311645999999999,-68.3251953125,59.0283203125,11.4404296875
0.0314885,-67.7880859375,57.9052734375,8.8037109375
0.0318006999999998,-67.5927734375,57.4658203125,6.9970703125
0.0321080999999999,-68.0810546875,55.7080078125,6.5576171875
0.0324260000000001,-68.4716796875,53.1689453125,4.2626953125
0.0327492999999999,-68.8623046875,50.2392578125,2.4560546875
0.0330556,-69.0576171875,47.6513671875,-2.0849609375
0.0333605000000001,-69.3017578125,45.4052734375,-5.8447265625
0.0336827,-70.2783203125,43.1591796875,-9.8974609375
0.0339908000000002,-71.0107421875,41.1572265625,-14.1455078125
0.0342977000000002,-71.2060546875,38.2275390625,-18.3935546875
0.0346221999999998,-71.9384765625,37.3486328125,-22.6904296875
0.0349347999999998,-72.8173828125,34.8583984375,-25.7177734375
0.0352427,-73.3544921875,33.4423828125,-28.4033203125
0.0356074999999998,-73.5009765625,30.7568359375,-31.9189453125
0.0359639,-74.3798828125,27.9248046875,-36.5087890625
0.0362705000000001,-75.8935546875,25.5810546875,-40.0732421875
0.0365777999999999,-76.2353515625,24.1650390625,-44.7119140625
0.0369074,-76.2841796875,22.4560546875,-49.1552734375
0.0372156000000001,-77.2607421875,24.1650390625,-51.2060546875
0.0375204999999998,-77.4072265625,33.1982421875,-49.3505859375
0.0378254,-77.4072265625,43.1591796875,-35.4345703125
0.0381398000000002,-76.1376953125,49.9462890625,-18.1494140625
0.0384478000000001,-74.4775390625,54.8291015625,-3.4521484375
0.0387550000000001,-72.5732421875,58.4423828125,5.4345703125
0.0390820000000001,-71.1083984375,61.3720703125,11.5380859375
0.0393859000000001,-69.6435546875,60.4443359375,15.1513671875
0.0396893,-69.2041015625,58.8330078125,13.0029296875
0.0400000999999999,-69.2041015625,58.4423828125,7.6318359375
0.0403150000000001,-69.0576171875,57.8076171875,3.9208984375
0.0822414999999999,-69.1064453125,56.4404296875,1.2353515625
0.1012286,-69.3994140625,55.4150390625,0.6005859375
0.1368362,-69.4970703125,53.5595703125,-1.4501953125
0.1582262,-68.9111328125,51.6552734375,-4.6728515625
0.1996591,-70.1806640625,49.2138671875,-6.4794921875
0.2142687,-71.2060546875,46.7724609375,-11.0693359375
0.2430017,-71.3525390625,45.4052734375,-15.3662109375
0.2753931,-71.8896484375,43.1103515625,-19.0771484375
0.3202288,-73.1591796875,41.1083984375,-23.4716796875
0.3400836,-73.3056640625,39.5458984375,-27.5244140625
0.3767216,-74.2822265625,37.6904296875,-30.4052734375
0.3965273,-74.4287109375,36.0791015625,-33.2373046875
0.4404039,-74.8193359375,34.1259765625,-36.4599609375
0.4612059,-75.3076171875,32.5634765625,-40.2685546875
0.5044871,-75.9423828125,30.1220703125,-44.5654296875
0.5259365,-76.6748046875,28.9501953125,-48.5693359375
0.5446258,-77.1630859375,27.0947265625,-53.0126953125
0.5736662,-77.7978515625,26.8017578125,-55.7470703125
0.6176466,-78.4814453125,34.5166015625,-56.7236328125
0.6375726,-77.5537109375,44.6728515625,-47.9833984375
0.6797144,-77.3583984375,52.6318359375,-29.3798828125
0.6998806,-75.6005859375,58.7353515625,-12.7294921875
0.7395162,-74.3798828125,62.6904296875,-0.2294921875
0.7596427,-72.3779296875,66.2060546875,6.3134765625
0.7962252,-70.9619140625,67.4755859375,11.0498046875
0.8165082,-69.8876953125,66.1083984375,11.2451171875
0.8593957,-69.6923828125,65.3759765625,6.3623046875
0.8817998,-69.5947265625,64.7900390625,1.9189453125
0.9228818,-68.9599609375,63.8134765625,-2.2802734375
0.9438485,-68.9111328125,64.1552734375,-3.5009765625
0.9831459,-68.6181640625,62.4951171875,-4.7216796875
1.0033049,-69.0576171875,60.6396484375,-7.4072265625
1.0529723,-69.3994140625,58.4912109375,-9.5556640625
1.0729314,-69.8876953125,56.0986328125,-13.5595703125
1.0897719,-70.9130859375,53.9990234375,-17.5634765625
1.1300282,-71.1083984375,51.8017578125,-20.9326171875
1.1500419,-72.2802734375,49.4580078125,-27.1826171875
1.1866497,-72.1826171875,47.8466796875,-30.4541015625
1.2060155,-72.6708984375,45.8935546875,-35.1904296875
1.2484963,-73.8916015625,44.4287109375,-38.0712890625
1.2698849,-73.7939453125,42.1826171875,-41.7333984375
1.3110854,-73.9892578125,40.2294921875,-45.3955078125
1.3313785,-75.1611328125,37.2509765625,-49.1552734375
1.3672161,-75.6494140625,35.1513671875,-54.0380859375
1.3890561,-76.1865234375,33.1005859375,-58.2373046875
1.4428226,-76.4306640625,31.6357421875,-62.4365234375
1.4624917,-77.3095703125,35.5419921875,-65.0244140625
1.4800732,-77.2119140625,46.0400390625,-61.4111328125
1.5121695,-76.6259765625,54.9755859375,-45.3955078125
1.5513734,-75.3076171875,61.4697265625,-26.2060546875
1.5714368,-74.5751953125,66.7431640625,-10.3369140625
1.607653,-72.9638671875,69.8681640625,-0.0341796875
1.6308558,-70.4736328125,72.5537109375,7.1435546875
1.6769918,-69.2041015625,72.2119140625,11.3427734375
1.7075342,-68.3740234375,70.2099609375,9.2431640625
1.7194564,-68.4228515625,68.8916015625,4.9462890625
1.7635777,-68.5693359375,67.6708984375,-0.2783203125
1.7840808,-68.3251953125,66.8408203125,-3.2080078125
1.821384,-68.6181640625,65.0830078125,-4.4287109375
1.8484321,-68.6669921875,62.6904296875,-6.7724609375
1.8850337,-69.0576171875,59.8583984375,-8.9697265625
1.9042383,-68.5205078125,57.3681640625,-12.8759765625
1.9422315,-69.5947265625,54.4873046875,-17.1728515625
1.9625461,-70.4248046875,52.0458984375,-21.2744140625
2.0040909,-70.6689453125,48.9208984375,-26.2548828125
2.0231163,-70.9619140625,46.4306640625,-31.1865234375
2.0631726,-72.0849609375,43.6962890625,-35.4833984375
2.0847273,-72.6708984375,41.2060546875,-39.6826171875
2.1271861,-73.1103515625,39.7412109375,-43.0517578125
2.1493826,-73.9404296875,37.3974609375,-46.7626953125
2.1981072,-74.7705078125,35.0048828125,-50.7177734375
2.2301343,-75.1611328125,31.4892578125,-55.2099609375
2.2312366,-75.6005859375,29.8779296875,-59.9462890625
2.2727372,-75.6982421875,28.0712890625,-64.4384765625
2.2921536,-76.6748046875,26.8017578125,-68.4423828125
2.3294726,-76.7724609375,34.0283203125,-70.4443359375
2.3569752,-77.2607421875,43.6474609375,-61.8994140625
2.394473,-76.4306640625,52.2412109375,-43.6865234375
2.4156667,-75.4541015625,58.0029296875,-26.1083984375
2.4544499,-73.3056640625,63.1787109375,-12.8759765625
2.4769535,-71.6455078125,66.2060546875,-4.1357421875
2.5172204,-70.5224609375,68.5498046875,2.1142578125
2.5375481,-68.7646484375,66.8896484375,4.7509765625
2.57306,-67.8369140625,65.2294921875,1.2841796875
2.5951533,-68.5205078125,64.9365234375,-3.9892578125
2.6376598,-68.2763671875,63.4228515625,-8.7255859375
2.656355,-67.7392578125,62.8369140625,-11.0693359375
2.7001251,-67.9833984375,61.2255859375,-13.0224609375
2.7201923,-67.7880859375,59.1748046875,-15.6591796875
2.7572367,-68.2763671875,56.5380859375,-18.1494140625
2.7787516,-68.9599609375,54.0966796875,-22.5927734375
2.8164159,-69.0576171875,51.9482421875,-27.4267578125
2.8367346,-69.8388671875,49.4580078125,-32.5048828125
2.8753406,-70.0341796875,46.7236328125,-37.7783203125
2.8944044,-70.5712890625,43.7939453125,-42.3681640625
2.9452764,-71.8896484375,41.9873046875,-46.6162109375
2.9656278,-72.3779296875,39.6923828125,-51.2060546875
2.9890721,-73.5009765625,37.5439453125,-55.2587890625
3.0308914,-73.5009765625,34.8095703125,-57.6513671875
3.0514025,-74.3310546875,32.6123046875,-62.1923828125
3.0880327,-74.6240234375,30.0732421875,-66.9775390625
3.108121,-75.5029296875,27.6318359375,-71.9091796875
3.150775,-76.0400390625,26.4111328125,-76.4501953125
3.1700062,-76.9189453125,26.5576171875,-79.7216796875
3.2119409,-77.3095703125,33.8818359375,-80.5517578125
3.2338793,-76.8212890625,44.0869140625,-70.6884765625
3.2735845,-76.8701171875,51.1181640625,-52.3779296875
3.2947941,-75.6982421875,57.7099609375,-35.0927734375
3.3223346,-73.9892578125,61.1279296875,-22.8369140625
3.3571881,-72.2314453125,65.1318359375,-15.5126953125
3.3789193,-70.0341796875,66.4013671875,-10.6787109375
3.4233254,-69.6435546875,64.7900390625,-9.9462890625
3.4413947,-68.1298828125,63.5205078125,-14.4384765625
3.4799329,-68.5205078125,62.1044921875,-19.4189453125
3.5033695,-68.5205078125,61.0791015625,-23.3251953125
3.5432584,-68.4716796875,60.0048828125,-25.7177734375
3.5624955,-68.9111328125,57.8076171875,-27.7197265625
3.6009332,-68.2763671875,56.0498046875,-30.5517578125
3.6224755,-69.3505859375,53.6083984375,-33.6279296875
3.6598211,-69.3994140625,50.2880859375,-37.7294921875
3.6824563,-70.2783203125,49.0185546875,-42.7099609375
3.7214908,-71.1083984375,46.2353515625,-48.2763671875
3.7417083,-72.2314453125,43.5009765625,-52.7685546875
3.7851326,-72.3779296875,41.3037109375,-57.1630859375
3.8018236,-73.3056640625,39.3017578125,-60.4833984375
3.8430898,-73.6962890625,37.0556640625,-64.7314453125
3.8736156,-74.9169921875,35.3466796875,-67.8564453125
3.8920814,-74.9658203125,33.3447265625,-70.2490234375
3.9357306,-74.9658203125,29.8291015625,-74.1552734375
3.9526801,-76.1376953125,28.2666015625,-79.1357421875
3.9922794,-76.7236328125,25.5322265625,-84.7509765625
4.0125433,-77.6513671875,24.5068359375,-88.4130859375
4.0525582,-77.9443359375,24.2138671875,-91.2939453125
4.0771925,-77.9443359375,32.6123046875,-91.7822265625
4.1147089,-78.5791015625,41.7431640625,-81.3818359375
4.1328155,-77.9931640625,50.1904296875,-63.6083984375
4.1664313,-76.7724609375,54.9267578125,-47.7392578125
4.2036941,-75.4541015625,59.5654296875,-37.0947265625
4.2260953,-73.6474609375,61.7138671875,-31.2353515625
4.2550855,-72.5244140625,61.4697265625,-28.5986328125
4.2851236,-71.6943359375,60.0537109375,-29.3798828125
4.3135793,-70.6689453125,59.0283203125,-34.5556640625
4.3476412,-71.0107421875,58.5400390625,-39.3408203125
4.38364,-70.3759765625,57.5634765625,-42.8564453125
4.407496,-70.5712890625,56.1962890625,-43.8818359375
4.4519302,-70.4248046875,54.8291015625,-45.3955078125
4.4642478,-71.3037109375,52.6318359375,-47.4951171875
4.4996195,-71.4990234375,50.3369140625,-50.4736328125
4.5276708,-71.9384765625,48.1396484375,-54.2822265625
4.5595882,-72.3291015625,46.4794921875,-59.4580078125
4.5895709,-73.5009765625,43.4033203125,-63.3154296875
4.6167382,-73.9892578125,41.5966796875,-68.1494140625
4.6455154,-74.0380859375,40.0341796875,-72.4462890625
4.6770252,-73.9404296875,38.3251953125,-76.0107421875
4.7057939,-75.6982421875,37.0068359375,-79.2822265625
4.7393822,-75.9912109375,35.0537109375,-82.3583984375
4.7688157,-76.6259765625,32.9052734375,-85.0439453125
4.7977784,-77.1630859375,30.8056640625,-88.8037109375
4.8293451,-77.2607421875,28.5595703125,-92.8564453125
4.8578996,-77.9931640625,26.7529296875,-97.0068359375
4.8869899,-78.9208984375,25.7763671875,-100.5224609375
4.9200903,-79.0185546875,28.6572265625,-103.4033203125
4.9481125,-80.1904296875,39.2041015625,-100.8642578125
4.9828253,-79.6044921875,48.0908203125,-85.4345703125
5.008774,-79.1650390625,55.1220703125,-66.4404296875
5.0379872,-77.7001953125,59.6142578125,-51.4501953125
5.0673617,-75.2099609375,64.0576171875,-42.2705078125
5.0993225,-73.6474609375,67.7197265625,-36.7041015625
5.1286278,-71.5966796875,66.7919921875,-33.6279296875
5.1786608,-70.8154296875,65.3759765625,-34.8974609375
5.1989403,-70.2783203125,64.6923828125,-40.1220703125
5.2365513,-70.0341796875,64.6435546875,-45.3955078125
5.2556557,-70.5712890625,63.4228515625,-47.3974609375
5.2790529,-70.8642578125,61.7138671875,-48.4716796875
5.3116507,-69.9365234375,60.2490234375,-49.9365234375
5.3593824,-70.0830078125,58.0517578125,-52.4755859375
5.379838,-70.9130859375,55.1708984375,-55.2587890625
5.4226291,-70.9619140625,53.0224609375,-58.6279296875
5.4433244,-71.6455078125,50.8740234375,-63.1201171875
5.4602688,-71.8408203125,49.1162109375,-67.8076171875
5.4942239,-72.2314453125,47.2119140625,-72.2998046875
5.5195291,-73.1103515625,44.5263671875,-76.5478515625
5.5659549,-73.8427734375,42.9150390625,-79.3310546875
5.5862407,-74.9658203125,41.0595703125,-82.8466796875
5.609439,-75.5517578125,38.7646484375,-86.3134765625
5.6398841,-75.4541015625,36.5185546875,-89.3896484375
5.674785,-76.7724609375,33.9794921875,-93.1005859375
5.7152452,-77.1630859375,31.7333984375,-97.3974609375
5.736557,-77.6025390625,30.4150390625,-101.7919921875
5.779231,-78.6279296875,30.0732421875,-105.6494140625
5.8009065,-78.7744140625,36.4697265625,-106.9677734375
5.8385306,-79.2138671875,47.0166015625,-98.7158203125
5.8576179,-79.5556640625,55.5126953125,-79.6728515625
5.8972037,-78.4326171875,61.5185546875,-60.8740234375
5.9172843,-76.3818359375,66.6455078125,-46.6162109375
5.9609517,-75.2587890625,70.7958984375,-38.5107421875
5.9812852,-72.4755859375,72.8955078125,-32.3583984375
6.0191951,-70.8642578125,71.0888671875,-29.8193359375
6.0385236,-70.0830078125,69.3798828125,-31.6259765625
6.0800099,-69.1552734375,68.8916015625,-37.1923828125
6.1007921,-69.3505859375,67.5244140625,-41.0986328125
6.1397806,-69.5947265625,66.4501953125,-43.2470703125
6.1599631,-69.3994140625,65.1806640625,-45.1513671875
6.202172,-69.9365234375,62.8369140625,-46.2744140625
6.2222753,-69.5458984375,61.1279296875,-49.3505859375
6.2603273,-69.6923828125,58.2470703125,-53.0126953125
6.2795604,-70.7666015625,55.5615234375,-56.6748046875
6.3192094,-70.8154296875,52.4853515625,-61.6552734375
6.3394302,-71.5478515625,50.5322265625,-66.4404296875
6.3781083,-72.2802734375,48.1884765625,-71.0791015625
6.3976162,-72.7197265625,45.2587890625,-76.1083984375
6.4385222,-73.7451171875,43.5009765625,-80.1123046875
6.4586704,-74.1845703125,41.2548828125,-82.1630859375
6.4982951,-74.8193359375,39.4970703125,-86.3134765625
6.5187736,-75.6494140625,36.3720703125,-90.0244140625
6.5616465,-76.0400390625,34.1748046875,-93.6865234375
6.5820005,-76.1865234375,31.9287109375,-98.1298828125
6.6227034,-76.9677734375,30.4150390625,-102.6708984375
6.6418477,-77.2119140625,29.3408203125,-105.4052734375
6.6814064,-77.9931640625,37.1044921875,-106.9189453125
6.7029361,-78.6279296875,46.9189453125,-97.8857421875
6.739856,-78.7744140625,55.4638671875,-78.5498046875
6.7601114,-77.8955078125,60.6884765625,-59.8974609375
6.8015354,-76.2841796875,66.0107421875,-46.5185546875
6.8230446,-74.5263671875,69.2822265625,-38.1201171875
6.8638719,-73.2568359375,71.9189453125,-33.0419921875
6.8840506,-70.9619140625,69.8193359375,-30.6005859375
6.9230786,-70.8642578125,68.1103515625,-33.5302734375
6.9424944,-69.3505859375,67.5244140625,-39.1943359375
6.9841192,-69.9853515625,66.4990234375,-42.5146484375
7.0033181,-70.3759765625,65.3759765625,-44.7119140625
7.0443569,-69.8876953125,63.7158203125,-46.4208984375
7.0660219,-70.0341796875,61.2255859375,-48.1787109375
7.1036578,-70.9619140625,57.9541015625,-51.2548828125
7.125298,-70.6689453125,55.4638671875,-55.1123046875
7.1637293,-71.0107421875,53.0224609375,-59.5556640625
7.1851662,-72.4755859375,50.2392578125,-63.9990234375
7.2224247,-72.7197265625,47.5048828125,-68.2958984375
7.2434166,-73.4521484375,45.9423828125,-73.3251953125
7.2827283,-73.6962890625,43.2568359375,-77.1826171875
7.3035749,-74.7705078125,40.6689453125,-80.4541015625
7.3533386,-75.9912109375,38.7646484375,-82.9443359375
7.3735961,-76.1376953125,36.3232421875,-86.4111328125
7.4097892,-76.3818359375,34.2236328125,-90.3662109375
7.4299064,-77.8955078125,31.3427734375,-94.8583984375
7.4662944,-77.4072265625,29.6337890625,-99.6435546875
7.4945224,-78.1396484375,27.2412109375,-104.1357421875
7.5311573,-78.5791015625,26.7529296875,-107.5048828125
7.5503477,-79.7998046875,33.9306640625,-108.4326171875
7.5875301,-80.6298828125,44.5751953125,-100.5224609375
7.6089022,-80.4345703125,52.7294921875,-81.3330078125
7.6471773,-79.6044921875,57.7587890625,-63.7060546875
7.6662403,-79.1650390625,61.9091796875,-51.2060546875
7.7057727,-77.3095703125,64.5947265625,-44.1748046875
7.7248979,-75.2587890625,66.2060546875,-41.0009765625
7.7721803,-73.6962890625,64.3505859375,-41.6845703125
7.7923909,-73.0126953125,63.2275390625,-45.8349609375
7.8291649,-72.2314453125,63.0810546875,-50.2294921875
7.8484961,-72.4267578125,61.2744140625,-53.7939453125
7.8838015,-72.8662109375,60.3955078125,-54.8681640625
7.903886,-72.7685546875,59.4189453125,-56.3330078125
7.9480099,-73.5498046875,58.0517578125,-57.8466796875
7.9676485,-73.0126953125,55.2685546875,-61.0205078125
8.007482,-73.3056640625,53.4130859375,-64.5849609375
8.027839,-73.8916015625,50.3857421875,-68.9306640625
8.0739432,-74.6240234375,48.9697265625,-72.9833984375
8.08527,-74.5263671875,46.4306640625,-76.5478515625
8.1290669,-75.8935546875,44.1845703125,-80.7470703125
8.1484277,-76.7724609375,42.0849609375,-84.8486328125
8.190074,-77.7001953125,41.1572265625,-88.1201171875
8.210637,-77.2119140625,39.8388671875,-91.1962890625
8.2497559,-77.8955078125,36.5673828125,-93.5888671875
8.2697827,-78.6279296875,34.7607421875,-97.4951171875
8.3090568,-78.7255859375,32.2216796875,-101.7431640625
8.328977,-79.1650390625,30.6103515625,-105.8447265625
8.3680901,-79.8486328125,29.2919921875,-110.2392578125
8.3894883,-80.2392578125,32.1728515625,-112.3388671875
8.4316241,-80.7763671875,41.0595703125,-111.5087890625
8.4517234,-81.2646484375,51.5576171875,-97.2509765625
8.491385,-81.1181640625,58.6376953125,-77.7685546875
8.5115075,-81.0205078125,64.3017578125,-61.3623046875
8.5608356,-79.0185546875,69.0380859375,-50.5712890625
8.580875,-77.6513671875,71.9677734375,-44.3701171875
8.5987474,-74.9658203125,72.1630859375,-41.2939453125
8.6453629,-74.0380859375,69.6728515625,-42.1240234375
8.6596992,-72.6220703125,70.2587890625,-46.5185546875
8.7030009,-72.1337890625,69.1845703125,-51.1572265625
8.7220641,-71.9873046875,68.7939453125,-53.9892578125
8.760623,-71.9873046875,67.2314453125,-55.3564453125
8.7807992,-71.5966796875,66.4990234375,-56.8701171875
8.8234997,-71.4990234375,64.2529296875,-58.9208984375
8.8401159,-71.6455078125,61.7138671875,-61.8994140625
8.8798584,-71.5966796875,60.0048828125,-65.5615234375
8.9003863,-71.9384765625,58.3447265625,-69.3212890625
8.9312708,-72.8173828125,55.5126953125,-74.0576171875
8.9717311,-73.1591796875,53.2666015625,-78.5009765625
8.9920511,-74.1845703125,51.4111328125,-82.0166015625
9.0457718,-74.4287109375,50.0927734375,-86.1181640625
9.0518568,-74.8681640625,47.7978515625,-89.6337890625
9.0956302,-75.9423828125,45.5029296875,-92.6611328125
9.1083565,-76.1376953125,43.1103515625,-95.9814453125
9.1429723,-76.2841796875,40.7177734375,-99.5947265625
9.1707752,-76.6259765625,38.6181640625,-103.9404296875
9.2133746,-76.8212890625,36.8603515625,-108.3837890625
9.2317387,-77.9931640625,36.1279296875,-112.9736328125
9.2622972,-78.1396484375,40.8642578125,-114.4384765625
9.295301,-78.5791015625,51.8017578125,-109.7998046875
9.3224086,-79.4091796875,60.8837890625,-91.5380859375
9.3638918,-79.1162109375,68.1591796875,-71.1279296875
9.3834968,-78.8720703125,72.3583984375,-55.7958984375
9.4132971,-77.0654296875,76.9482421875,-45.6884765625
9.4540446,-74.8681640625,79.0966796875,-38.4130859375
9.4754952,-73.4521484375,78.5107421875,-34.2138671875
9.514341,-71.6943359375,76.8017578125,-36.3134765625
9.5352534,-69.8388671875,76.0693359375,-40.5126953125
9.5648212,-70.5712890625,75.1904296875,-45.2978515625
9.5922034,-69.7412109375,73.7744140625,-48.2763671875
9.6265513,-69.6435546875,72.3095703125,-50.1806640625
9.6536116,-69.5458984375,69.2333984375,-51.3525390625
9.6830494,-69.3017578125,67.3779296875,-52.7197265625
9.7163378,-69.7412109375,64.1552734375,-56.2841796875
9.7451722,-70.0341796875,61.4208984375,-60.3369140625
9.7780064,-70.4248046875,58.7841796875,-65.1220703125
9.8067879,-71.7919921875,56.6357421875,-69.9560546875
9.8348794,-71.9384765625,53.1201171875,-74.3017578125
9.8629618,-72.2314453125,50.4345703125,-78.2080078125
9.8962584,-72.3779296875,49.1650390625,-83.0419921875
9.9240487,-73.7451171875,46.2841796875,-86.3623046875
9.9573983,-74.4287109375,44.1357421875,-89.2431640625
9.9860097,-74.5751953125,41.7919921875,-92.6123046875
10.0159201,-74.9658203125,38.6181640625,-96.5185546875
10.0489455,-75.6005859375,35.9326171875,-101.5966796875
10.0759292,-76.1376953125,34.4677734375,-105.6494140625
10.1050933,-76.3818359375,33.0029296875,-109.4580078125
10.1381943,-76.6748046875,40.2783203125,-111.1181640625
10.1658093,-78.0419921875,51.0205078125,-101.3525390625
10.1985147,-78.3349609375,58.6376953125,-83.2373046875
10.2275405,-77.7490234375,64.8388671875,-62.6806640625
10.2558258,-76.7236328125,68.8916015625,-48.8134765625
10.2862988,-75.9423828125,72.0654296875,-40.0244140625
10.3178495,-73.5498046875,72.8955078125,-34.5556640625
10.3486961,-71.9384765625,71.6748046875,-31.9677734375
10.3809325,-69.8876953125,70.4052734375,-34.3115234375
10.4085066,-68.9111328125,69.2822265625,-39.7314453125
10.4372129,-68.6669921875,68.5009765625,-44.9560546875
10.4691841,-68.4228515625,67.1337890625,-46.8115234375
10.498512,-68.5693359375,64.7412109375,-48.2275390625
10.5614933,-68.3740234375,62.2509765625,-50.2783203125
10.56266,-68.8134765625,59.4189453125,-52.9150390625
10.5892344,-69.0087890625,56.5869140625,-56.5771484375
10.6180099,-69.2529296875,54.3408203125,-60.8740234375
10.6700025,-69.8876953125,51.2158203125,-65.3662109375
10.6914835,-70.4736328125,48.8232421875,-70.4443359375
10.728773,-71.2548828125,46.7236328125,-75.4736328125
10.7488394,-71.7919921875,44.6728515625,-79.5263671875
10.7687436,-72.4267578125,41.6943359375,-83.3837890625
10.8160187,-72.6708984375,39.9365234375,-85.9228515625
10.8297031,-73.1591796875,37.6416015625,-89.8291015625
10.8581143,-73.5986328125,35.0048828125,-93.7353515625
10.9052123,-74.3798828125,32.2216796875,-97.7880859375
10.9264362,-74.5751953125,30.5126953125,-102.9638671875
10.9682404,-75.8935546875,28.9501953125,-107.5048828125
10.9879865,-76.4794921875,30.1220703125,-110.2880859375
11.0261228,-76.3818359375,38.4228515625,-110.1904296875
11.0474676,-77.3583984375,48.6279296875,-99.1064453125
11.0711805,-77.7490234375,54.8291015625,-78.9892578125
11.1030359,-77.1142578125,60.3955078125,-61.8994140625
11.1503096,-76.9189453125,64.0087890625,-50.1318359375
11.172714,-74.5751953125,67.3291015625,-43.4423828125
11.1901228,-73.3056640625,67.6220703125,-40.0732421875
11.2356696,-71.8408203125,65.1806640625,-40.7568359375
11.2558941,-71.0595703125,64.3017578125,-45.9814453125
11.2972371,-69.6923828125,63.2763671875,-50.5712890625
11.3188076,-68.9599609375,61.9091796875,-53.2080078125
11.3433906,-69.7900390625,60.5908203125,-54.3310546875
11.3761243,-68.8623046875,59.0283203125,-55.9912109375
11.4204425,-68.9111328125,56.4404296875,-58.0908203125
11.4403887,-69.2529296875,53.8037109375,-60.5810546875
11.4884159,-69.8876953125,52.0458984375,-64.4873046875
11.5076763,-70.2294921875,49.6533203125,-68.9794921875
11.542368,-70.8154296875,47.0654296875,-72.5439453125
11.5549353,-71.0595703125,45.0146484375,-76.8896484375
11.5997157,-71.7431640625,43.8427734375,-81.3818359375
11.6301302,-72.5244140625,41.5966796875,-84.6533203125
11.6461517,-72.3291015625,40.0341796875,-88.4130859375
11.6731755,-73.5009765625,37.2509765625,-90.6591796875
11.7198795,-73.9892578125,35.4931640625,-93.3935546875
11.7407671,-74.8193359375,33.0029296875,-97.7392578125
11.7785513,-75.0634765625,30.8056640625,-102.1337890625
11.7986802,-75.6982421875,29.6337890625,-106.5283203125
11.8392787,-76.4794921875,29.3408203125,-109.6533203125
11.8595039,-77.3095703125,36.5673828125,-111.1669921875
11.9107283,-77.6025390625,46.0888671875,-104.6728515625
11.9320716,-77.7978515625,54.6337890625,-86.2158203125
11.9479612,-77.0654296875,60.5419921875,-67.6611328125
11.9912144,-76.6748046875,64.8388671875,-53.6474609375
12.0113124,-75.9912109375,68.5986328125,-45.4931640625
12.049595,-74.2822265625,69.6728515625,-41.0009765625
12.0698661,-72.1826171875,68.4521484375,-40.0244140625
12.1112164,-70.1318359375,67.2802734375,-43.5888671875
12.1313617,-69.4970703125,66.5966796875,-48.6181640625
12.1741238,-68.9599609375,66.3037109375,-51.7919921875
12.1939248,-69.1064453125,65.1806640625,-52.9638671875
12.2313862,-68.7158203125,64.4970703125,-54.4287109375
12.2506847,-68.6181640625,62.2021484375,-55.9912109375
12.2939354,-68.6181640625,59.8583984375,-58.7255859375
12.3201936,-68.3251953125,58.4912109375,-61.8994140625
12.337868,-68.5693359375,55.2197265625,-65.5615234375
12.3714925,-69.1552734375,54.1455078125,-70.1513671875
12.4134713,-69.3505859375,51.8994140625,-74.1552734375
12.4326696,-70.0830078125,50.1416015625,-78.4033203125
12.4724993,-70.9130859375,48.1884765625,-81.7724609375
12.4928188,-70.9130859375,46.5771484375,-85.2392578125
12.5389581,-71.7919921875,44.7216796875,-88.4619140625
12.5518402,-71.4501953125,42.7685546875,-91.0986328125
12.5800122,-72.1826171875,40.9619140625,-94.8095703125
12.6084939,-72.3291015625,38.8134765625,-100.2294921875
12.6532971,-72.8662109375,37.1044921875,-104.7705078125
12.673546,-73.7939453125,36.9580078125,-108.8232421875
12.7127945,-74.0869140625,42.2802734375,-110.5810546875
12.7327827,-74.9169921875,53.9013671875,-104.2822265625
12.7601145,-75.3076171875,61.7138671875,-85.7275390625
12.7931293,-75.3564453125,68.4033203125,-65.8544921875
12.8210567,-75.2099609375,73.5791015625,-50.5712890625
12.8675198,-73.9892578125,77.4365234375,-40.6591796875
12.8890824,-72.2314453125,80.1708984375,-33.8232421875
12.9257587,-70.0830078125,78.3154296875,-30.6494140625
12.9461142,-67.8857421875,77.1435546875,-32.4560546875
12.9902111,-66.5185546875,76.1669921875,-36.8017578125
13.0081083,-66.2255859375,75.6787109375,-40.7568359375
13.0453235,-65.9814453125,74.4580078125,-43.0029296875
13.065768,-65.7373046875,72.9931640625,-44.2724609375
13.1144872,-65.4443359375,71.0400390625,-45.7373046875
13.1337627,-65.0537109375,68.6962890625,-48.6669921875
13.1533919,-65.8349609375,66.4501953125,-51.6455078125
13.2071912,-66.1279296875,63.4228515625,-55.7958984375
13.2286612,-66.3720703125,60.8837890625,-60.2880859375
13.2448914,-66.6162109375,58.4423828125,-65.1220703125
13.2883208,-66.8115234375,55.7568359375,-69.3701171875
13.3105402,-67.0556640625,54.0966796875,-73.3251953125
13.3484547,-67.7392578125,52.2412109375,-77.6220703125
13.3685561,-69.0087890625,49.7998046875,-80.2099609375
13.4262042,-69.3994140625,48.2861328125,-83.2861328125
13.4272289,-69.7412109375,45.3076171875,-87.7783203125
13.4554327,-70.2783203125,42.7197265625,-91.9287109375
13.5038824,-70.7666015625,41.0107421875,-97.3486328125
13.534013,-71.4013671875,39.6435546875,-100.9619140625
13.5457931,-71.6943359375,43.3056640625,-103.6962890625
13.5750635,-72.4755859375,53.4130859375,-100.7177734375
13.6080863,-72.9150390625,62.3486328125,-84.9951171875
13.6540391,-73.2568359375,69.7705078125,-63.9990234375
13.6649367,-73.0615234375,74.9462890625,-46.8603515625
13.6983074,-72.1337890625,78.8037109375,-34.7509765625
13.7444823,-70.3271484375,81.3427734375,-27.3291015625
13.7551449,-68.4716796875,81.0009765625,-22.6904296875
13.8017959,-66.9580078125,78.9501953125,-22.6416015625
13.8222333,-65.3955078125,77.5341796875,-27.4267578125
13.8596388,-64.3212890625,76.8017578125,-32.6025390625
13.8810149,-63.3447265625,75.3369140625,-35.2880859375
13.9071637,-63.8330078125,73.1884765625,-36.0205078125
13.9512149,-63.3447265625,72.0166015625,-38.4130859375
13.9737066,-62.6611328125,68.8916015625,-40.6591796875
13.9973295,-63.1494140625,66.6455078125,-44.3212890625
14.0444949,-63.3447265625,63.4716796875,-48.5693359375
14.0584152,-63.7841796875,60.5908203125,-53.4521484375
14.0880512,-64.1748046875,58.1494140625,-57.6513671875
14.1341466,-64.6142578125,55.2197265625,-62.7783203125
14.1494332,-65.2001953125,53.0224609375,-67.0751953125
14.1919766,-65.5419921875,51.3623046875,-70.8349609375
14.2094171,-66.9091796875,48.0419921875,-74.0087890625
14.2369951,-67.7880859375,45.0146484375,-77.9150390625
14.2703262,-67.9345703125,42.8662109375,-81.5283203125
14.2995886,-68.6669921875,40.1318359375,-86.8505859375
14.3286782,-69.1064453125,37.5439453125,-91.2451171875
14.3617979,-69.7412109375,35.8349609375,-96.0791015625
14.3925429,-70.9130859375,36.0302734375,-99.4970703125
14.419623,-71.7431640625,44.0380859375,-100.0830078125
14.4521801,-71.8896484375,53.5107421875,-89.6826171875
14.4795096,-72.7685546875,60.9814453125,-69.9560546875
14.5133008,-72.8173828125,66.0107421875,-51.8896484375
14.5409552,-72.5244140625,70.1123046875,-39.1943359375
14.5727176,-71.0595703125,73.1884765625,-30.6005859375
14.6024562,-68.3740234375,73.7255859375,-26.6455078125
14.6317903,-67.4951171875,71.1376953125,-25.6201171875
14.6602894,-65.7861328125,69.9658203125,-29.6728515625
14.6936375,-64.0283203125,68.5009765625,-35.7763671875
14.7229695,-64.0283203125,67.7685546875,-39.2431640625
14.7503279,-63.8330078125,66.4501953125,-40.8056640625
14.7829442,-63.7841796875,63.9111328125,-41.7333984375
14.8111134,-63.3935546875,61.2255859375,-44.3212890625
14.843653,-64.4677734375,58.7841796875,-46.8603515625
14.8731158,-64.5654296875,56.2451171875,-51.0107421875
14.9033303,-64.4677734375,54.1943359375,-55.5517578125
14.933967,-65.0048828125,51.2158203125,-59.9951171875
14.9634914,-65.9814453125,49.4580078125,-64.6826171875
14.9917174,-66.2744140625,46.8701171875,-68.3447265625
15.0256366,-67.5927734375,45.1123046875,-72.9345703125
15.0525263,-68.3740234375,43.0615234375,-75.4736328125
15.0860591,-69.1552734375,41.1572265625,-79.1845703125
15.1152921,-69.3017578125,38.2763671875,-81.8212890625
15.1430163,-69.8876953125,36.1279296875,-87.2412109375
15.1757842,-70.7177734375,34.9072265625,-91.5380859375
15.2043063,-71.1083984375,32.8076171875,-95.7373046875
15.2355935,-71.8896484375,32.9541015625,-98.6181640625
15.2666114,-72.2802734375,41.0107421875,-99.8388671875
15.2956069,-72.9638671875,51.1181640625,-91.4404296875
15.325241,-73.5009765625,58.0029296875,-72.6904296875
15.3577701,-73.9892578125,63.1298828125,-54.6240234375
15.3851855,-73.5009765625,68.1591796875,-42.0263671875
15.41554,-72.1337890625,70.0146484375,-34.2626953125
15.4474055,-70.3271484375,70.1611328125,-30.0634765625
15.4764803,-69.1552734375,67.7685546875,-29.7216796875
15.5080433,-67.2509765625,66.9873046875,-34.3115234375
15.5373919,-65.7861328125,66.5478515625,-40.3173828125
15.5675081,-65.2978515625,65.3271484375,-43.0029296875
15.616103,-64.9072265625,63.7646484375,-45.1025390625
15.6353804,-65.2490234375,62.6904296875,-46.3720703125
15.6556352,-65.2490234375,60.5908203125,-47.7880859375
15.6896697,-65.6396484375,58.4423828125,-51.5478515625
15.7155632,-65.3955078125,56.0009765625,-54.9169921875
15.7454747,-65.4443359375,53.8525390625,-59.3603515625
15.7793415,-65.5419921875,52.1923828125,-64.1455078125
15.8079506,-65.7373046875,49.9951171875,-68.3935546875
15.8405747,-65.9814453125,47.8466796875,-72.6416015625
15.8679642,-67.0068359375,46.0400390625,-75.7177734375
15.8984854,-67.3974609375,44.4287109375,-79.7216796875
15.9454581,-68.4228515625,42.1826171875,-83.1884765625
15.9594606,-68.1787109375,40.1806640625,-86.1669921875
15.9882275,-68.8623046875,37.4951171875,-90.4638671875
16.0180506,-69.5458984375,34.8583984375,-95.5419921875
16.0496178,-69.8388671875,33.9794921875,-100.3759765625
16.080972,-70.7666015625,34.8095703125,-103.8916015625
16.1259176,-71.1083984375,43.6962890625,-104.4287109375
16.1473761,-71.7919921875,53.3154296875,-94.8095703125
16.168721,-72.8173828125,61.1279296875,-74.3505859375
16.2161105,-73.0615234375,66.5966796875,-54.7216796875
16.2362295,-72.3779296875,71.3818359375,-42.2705078125
16.2627374,-71.2060546875,74.5556640625,-32.4560546875
16.2884241,-69.1064453125,75.0927734375,-27.0361328125
16.3372713,-67.2998046875,73.4814453125,-26.3525390625
16.3563698,-65.4931640625,72.4072265625,-29.5263671875
16.396718,-63.9794921875,71.1376953125,-35.0927734375
16.4163256,-63.1494140625,70.2587890625,-39.3896484375
16.4577484,-63.1982421875,68.5009765625,-41.1474609375
16.4780547,-62.8564453125,67.3779296875,-42.4169921875
16.5182038,-62.1728515625,65.1806640625,-44.6142578125
16.5376191,-63.0517578125,62.3974609375,-46.7138671875
16.5604222,-62.7587890625,59.3701171875,-50.9619140625
16.5936929,-62.7099609375,56.6845703125,-56.6748046875
16.6235143,-63.9794921875,53.9501953125,-60.2880859375
16.6509067,-63.8330078125,51.4599609375,-65.7080078125
16.7016152,-64.3701171875,49.3115234375,-70.4443359375
16.7231351,-65.3955078125,46.9189453125,-74.4970703125
16.7591509,-65.9326171875,44.8193359375,-78.8916015625
16.7749618,-67.1533203125,41.8896484375,-82.0654296875
16.8164456,-67.8369140625,39.2041015625,-85.7275390625
16.8377491,-68.2275390625,37.4951171875,-89.8779296875
16.8795311,-69.1552734375,35.1025390625,-95.0537109375
16.9012265,-69.0576171875,33.2958984375,-100.0341796875
16.9434412,-69.8388671875,31.4892578125,-104.0380859375
16.9651857,-70.8642578125,36.2744140625,-107.9931640625
17.0008031,-71.4990234375,46.7236328125,-103.4033203125
17.0160731,-72.2802734375,56.1962890625,-87.2412109375
17.0567235,-72.8662109375,62.2509765625,-65.3173828125
17.0781809,-72.7197265625,67.3779296875,-48.3251953125
17.1207181,-72.3291015625,70.9912109375,-37.1923828125
17.1397742,-70.6689453125,73.0908203125,-29.9658203125
17.1839464,-69.1064453125,71.6748046875,-26.3037109375
17.1971166,-66.9580078125,69.3310546875,-26.3037109375
17.2241193,-65.5419921875,68.0126953125,-32.2607421875
17.2579716,-64.0283203125,67.2314453125,-37.6806640625
17.3037366,-62.9052734375,65.1806640625,-40.0732421875
17.3248233,-63.0029296875,62.7392578125,-42.7587890625
17.36286,-63.5888671875,61.0302734375,-44.0283203125
17.3835781,-63.1494140625,57.3193359375,-46.8603515625
17.4224558,-63.1494140625,55.0732421875,-49.6923828125
17.4426447,-63.6376953125,51.9482421875,-55.5029296875
17.4656525,-64.2724609375,49.0673828125,-59.4091796875
17.4988139,-63.7841796875,45.7470703125,-64.4873046875
17.5269191,-65.2978515625,42.4267578125,-69.1748046875
17.5553771,-65.9326171875,40.0341796875,-74.1064453125
17.5890158,-66.6650390625,37.4951171875,-78.3056640625
17.6313036,-67.3974609375,35.0048828125,-82.3583984375
17.652439,-68.1787109375,32.7099609375,-85.2880859375
17.6937615,-69.3017578125,29.9755859375,-88.4619140625
17.7155981,-69.4970703125,26.8017578125,-93.3447265625
17.7553364,-69.2041015625,24.3603515625,-98.9111328125
17.770971,-70.5712890625,21.7236328125,-104.4775390625
17.7972016,-71.4013671875,21.0400390625,-109.3115234375
17.8261326,-72.2314453125,27.5341796875,-110.7763671875
17.8589631,-73.4033203125,37.7392578125,-103.9404296875
17.8893068,-74.0380859375,45.0634765625,-83.9208984375
17.9218446,-74.7216796875,51.4111328125,-63.4130859375
17.9490716,-74.5751953125,54.7802734375,-49.5947265625
17.9784113,-73.7451171875,57.6611328125,-40.9033203125
18.026722,-72.4755859375,57.8564453125,-36.9970703125
18.0402401,-70.8154296875,55.8544921875,-35.7763671875
18.0917083,-69.2529296875,53.9501953125,-38.9990234375
18.1013024,-67.9833984375,53.0712890625,-45.7861328125
18.1288163,-66.4697265625,52.2412109375,-50.0341796875
18.1639802,-65.9814453125,50.5810546875,-51.8896484375
18.2085174,-66.3720703125,48.1884765625,-52.7197265625
18.2278748,-66.2744140625,46.0888671875,-54.4287109375
18.26924,-66.6162109375,43.7451171875,-56.7236328125
18.2888709,-67.0068359375,40.6201171875,-60.5322265625
18.3305936,-67.1044921875,38.3740234375,-65.4150390625
18.3426057,-67.2021484375,35.2001953125,-70.1025390625
18.372288,-67.4462890625,33.2958984375,-74.0087890625
18.4011163,-68.2763671875,30.8544921875,-78.7451171875
18.4319786,-69.2529296875,28.9990234375,-82.9443359375
18.4620313,-70.3271484375,26.3134765625,-86.6064453125
18.4947839,-70.9130859375,24.5068359375,-89.6826171875
18.5239854,-71.9384765625,22.3583984375,-91.9775390625
18.551357,-72.2314453125,19.8681640625,-96.1767578125
18.5832246,-72.6220703125,17.0849609375,-101.5966796875
18.6282039,-73.5986328125,15.5712890625,-105.9912109375
18.6475328,-73.7451171875,14.2529296875,-110.5322265625
18.6897827,-74.8193359375,18.9404296875,-113.0712890625
18.7100115,-74.8193359375,30.1708984375,-109.4580078125
18.7359503,-76.2353515625,38.3740234375,-92.7587890625
18.7673486,-76.8212890625,45.3564453125,-70.9326171875
18.7940196,-76.4794921875,49.3603515625,-54.5751953125
18.8246183,-76.7724609375,52.6806640625,-44.8583984375
18.8551977,-75.4541015625,55.0732421875,-40.1708984375
18.8817239,-73.5009765625,53.2177734375,-37.7294921875
18.9170777,-72.3291015625,52.2900390625,-40.7568359375
18.9442569,-70.6689453125,51.4599609375,-47.0556640625
18.974187,-69.2529296875,51.4111328125,-52.0361328125
19.0063837,-68.2763671875,50.1416015625,-53.7451171875
19.0348634,-68.2763671875,48.7255859375,-54.6728515625
19.0697445,-67.8369140625,46.4794921875,-55.8935546875
19.121525,-68.2275390625,44.6240234375,-58.4326171875
19.1243869,-68.1787109375,42.2314453125,-61.6064453125
19.1741066,-68.1298828125,39.3505859375,-64.9755859375
19.1861502,-68.5693359375,37.8857421875,-69.6142578125
19.2159487,-68.9111328125,35.3466796875,-74.7900390625
19.2609142,-68.7158203125,32.9052734375,-78.8916015625
19.2814972,-69.5947265625,31.2939453125,-83.3349609375
19.3232737,-70.0341796875,30.1220703125,-87.3388671875
19.337165,-70.5224609375,27.6806640625,-89.6826171875
19.3641694,-71.4013671875,25.2880859375,-92.6123046875
19.3968904,-71.7431640625,23.1884765625,-96.8115234375
19.4267815,-72.3779296875,20.4541015625,-101.3037109375
19.4587402,-72.1337890625,18.5009765625,-106.7236328125
19.4899624,-73.0615234375,17.3291015625,-111.1181640625
19.5190661,-73.2568359375,21.5771484375,-114.3896484375
19.5488167,-73.3544921875,32.1240234375,-112.2900390625
19.6013306,-74.5263671875,41.3525390625,-96.0791015625
19.6081315,-74.5751953125,48.2861328125,-73.2275390625
19.6373401,-75.9423828125,53.9013671875,-55.4541015625
19.6711704,-76.0888671875,57.5634765625,-43.7841796875
19.6990669,-75.0146484375,60.8837890625,-36.2158203125
19.7278705,-73.0126953125,60.1513671875,-32.3583984375
19.7622252,-71.7431640625,59.0283203125,-32.1630859375
19.7903342,-69.3505859375,57.9541015625,-37.7783203125
19.8233756,-67.6416015625,56.5380859375,-42.4169921875
19.8518584,-67.1533203125,56.0498046875,-45.7861328125
19.8796923,-65.9814453125,55.3662109375,-47.1044921875
19.9123464,-65.8837890625,52.8759765625,-48.0322265625
19.9416748,-65.7861328125,50.0927734375,-49.3994140625
19.9699164,-65.7373046875,47.7001953125,-52.1337890625
20.0026344,-65.4931640625,45.4052734375,-56.3818359375
20.029588,-65.9326171875,43.0615234375,-61.0205078125
20.0627971,-66.2744140625,40.4248046875,-66.1474609375
20.0930092,-66.5185546875,38.0322265625,-71.1279296875
20.1213834,-66.7138671875,35.5908203125,-74.9365234375
20.1484303,-67.9833984375,34.6142578125,-79.1357421875
20.1868371,-68.0810546875,31.2451171875,-81.7236328125
20.2150719,-68.7158203125,29.3896484375,-84.9951171875
20.2452715,-69.3994140625,26.1669921875,-88.3642578125
20.2730062,-69.8388671875,23.7744140625,-93.2958984375
20.3026126,-70.7666015625,21.2841796875,-97.7880859375
20.3342201,-71.2548828125,20.1611328125,-103.8916015625
20.3632013,-71.3037109375,19.1357421875,-107.9443359375
20.3953941,-71.6943359375,27.3388671875,-109.8486328125
20.4257292,-72.1826171875,37.8369140625,-101.6943359375
20.4526919,-72.9150390625,46.2353515625,-80.8447265625
20.4837457,-73.6474609375,53.0224609375,-59.7998046875
20.5141827,-74.1357421875,57.7099609375,-43.2470703125
20.5424605,-73.3544921875,60.7861328125,-33.7255859375
20.5753552,-73.0615234375,63.1298828125,-27.2314453125
20.6052117,-71.4990234375,61.4208984375,-25.2294921875
20.6331854,-68.9111328125,60.0537109375,-27.2314453125
20.6662827,-66.9091796875,59.7607421875,-32.2607421875
20.6928908,-65.4931640625,58.4423828125,-36.8505859375
20.7222552,-64.7607421875,57.3193359375,-39.8779296875
20.7577138,-64.4189453125,55.6103515625,-40.7568359375
20.7822604,-64.7119140625,53.5107421875,-41.9775390625
20.81736,-63.9794921875,50.6787109375,-44.6142578125
20.8444041,-63.9306640625,47.9443359375,-47.3974609375
20.8751675,-64.5654296875,45.4541015625,-52.2802734375
20.906364,-64.4189453125,42.7685546875,-56.2841796875
20.9362198,-65.0537109375,40.3271484375,-61.6552734375
20.9692693,-65.2490234375,37.6904296875,-65.6591796875
20.9999739,-66.1767578125,35.3466796875,-69.5166015625
21.024803,-65.9814453125,32.9052734375,-75.1318359375
21.0548486,-67.2509765625,30.8056640625,-77.2802734375
21.0849295,-67.7392578125,28.6083984375,-81.4306640625
21.1153691,-68.5693359375,26.2158203125,-83.7255859375
21.1681991,-69.0576171875,22.2119140625,-88.7060546875
21.18685,-69.0087890625,20.2099609375,-95.0537109375
21.2065777,-70.2294921875,18.0615234375,-100.2294921875
21.2394756,-70.4248046875,18.4521484375,-104.1845703125
21.2671205,-71.3525390625,26.6552734375,-104.7705078125
21.2942797,-72.2802734375,37.0556640625,-95.3466796875
21.3313133,-72.8662109375,44.1357421875,-73.1787109375
21.3591121,-73.4521484375,49.9951171875,-52.3779296875
21.3919198,-74.1845703125,53.9501953125,-39.1455078125
21.4190141,-73.8916015625,57.4169921875,-31.0400390625
21.4669586,-72.8173828125,57.1728515625,-26.3037109375
21.487566,-71.4501953125,54.8779296875,-25.5224609375
21.5083529,-69.9853515625,53.0712890625,-29.3798828125
21.5568275,-68.2763671875,52.8271484375,-34.8486328125
21.5774675,-66.6162109375,51.1669921875,-39.0478515625
21.5990619,-65.2490234375,49.9951171875,-40.5615234375
21.6273231,-65.0048828125,47.3095703125,-41.0498046875
21.6628784,-64.6630859375,45.2587890625,-42.5146484375
21.6891462,-64.4189453125,42.5244140625,-44.4677734375
21.721688,-65.1513671875,39.8876953125,-49.1552734375
21.7680744,-65.3955078125,36.7626953125,-53.7939453125
21.7881966,-65.5908203125,34.5166015625,-57.4560546875
21.8080945,-65.3466796875,32.4169921875,-62.3876953125
21.8408827,-66.8115234375,30.0244140625,-66.0498046875
21.8710964,-67.2998046875,27.7783203125,-69.9072265625
21.9003902,-67.8369140625,26.0205078125,-73.3251953125
21.9311094,-68.8134765625,23.0908203125,-75.8642578125
21.9620387,-69.5458984375,20.5517578125,-79.5751953125
21.9926927,-69.9365234375,18.8427734375,-82.6513671875
22.0195125,-70.6201171875,16.0595703125,-88.1689453125
22.0716956,-71.5478515625,14.5458984375,-93.0517578125
22.0922113,-72.0849609375,13.2275390625,-97.1044921875
22.1124636,-72.4755859375,17.5244140625,-99.2529296875
22.145337,-73.2568359375,28.0224609375,-96.6650390625
22.1905477,-73.7451171875,36.3232421875,-80.0634765625
22.2106193,-74.4775390625,42.4755859375,-58.9208984375
22.2333867,-74.8193359375,45.8447265625,-42.8076171875
22.2631359,-75.4052734375,49.2138671875,-33.3837890625
22.2951224,-75.1611328125,50.8740234375,-28.2080078125
22.3244816,-74.2333984375,48.7255859375,-25.6689453125
22.3532976,-73.0615234375,48.6279296875,-29.5751953125
22.3837521,-70.9130859375,47.8466796875,-34.8486328125
22.4325611,-69.7900390625,47.0654296875,-39.4384765625
22.4521893,-68.5205078125,45.4052734375,-40.7568359375
22.4754651,-67.6416015625,43.5986328125,-41.1962890625
22.5065737,-68.4228515625,41.5966796875,-42.5634765625
22.5339018,-69.0087890625,39.6923828125,-44.7607421875
22.5676865,-67.8857421875,36.8603515625,-47.5927734375
22.5943471,-68.1787109375,35.4443359375,-50.8154296875
22.6282114,-68.8623046875,33.3935546875,-55.0634765625
22.6553516,-68.8623046875,30.8056640625,-59.6533203125
22.6873117,-69.0087890625,28.4130859375,-63.6572265625
22.714547,-69.3505859375,27.4365234375,-67.6611328125
22.7480141,-69.9365234375,26.1181640625,-70.5908203125
22.7732817,-71.2548828125,23.4814453125,-73.6669921875
22.8365135,-71.4501953125,21.5283203125,-76.0107421875
22.8372684,-71.9873046875,18.8916015625,-79.5263671875
22.865509,-72.3291015625,17.3291015625,-84.4091796875
22.8979622,-72.6220703125,15.6201171875,-89.0478515625
22.9270259,-73.2568359375,14.3994140625,-93.2470703125
22.959723,-73.6962890625,18.8427734375,-96.0302734375
22.9881721,-73.8916015625,30.0244140625,-93.1494140625
23.01637,-74.6240234375,38.7646484375,-77.0361328125
23.0493343,-74.5751953125,44.8681640625,-54.9658203125
23.099767,-75.0634765625,50.1416015625,-37.7294921875
23.1189033,-76.5771484375,53.2666015625,-26.4501953125
23.1398269,-75.6005859375,56.1962890625,-19.4677734375
23.1674889,-74.4287109375,54.6337890625,-16.6357421875
23.1968686,-73.0615234375,52.8271484375,-17.2705078125
23.2311046,-71.3525390625,52.8759765625,-22.7392578125
23.257754,-69.4970703125,52.2900390625,-26.8408203125
23.2848404,-68.1787109375,51.4111328125,-29.1357421875
23.3179102,-66.9580078125,50.3369140625,-30.4541015625
23.3472799,-66.8115234375,47.9931640625,-30.8935546875
23.4117845,-66.9580078125,45.6005859375,-33.8232421875
23.4130648,-66.5185546875,43.3544921875,-36.1181640625
23.4402134,-67.0556640625,40.7177734375,-40.1220703125
23.4899391,-66.3720703125,39.1064453125,-44.2236328125
23.5120508,-66.2255859375,36.6650390625,-48.9599609375
23.5541609,-66.3720703125,34.3212890625,-53.5498046875
23.5623516,-67.4462890625,32.2216796875,-57.7490234375
23.5904713,-67.7880859375,30.4150390625,-60.9716796875
23.6178847,-68.5693359375,28.5595703125,-64.1943359375
23.6521424,-68.6181640625,25.8740234375,-67.4169921875
23.6793277,-69.2529296875,23.5791015625,-71.3720703125
23.7253694,-69.1552734375,21.1865234375,-75.4248046875
23.7443115,-70.0341796875,19.6728515625,-79.9658203125
23.7680216,-70.3759765625,17.9638671875,-85.8251953125
23.8021037,-70.8154296875,20.4541015625,-88.2666015625
23.831859,-71.7919921875,30.8056640625,-88.2177734375
23.8687217,-71.9384765625,39.7412109375,-75.4248046875
23.8928035,-72.0361328125,47.3095703125,-53.7451171875
23.9261767,-72.7685546875,52.8271484375,-33.8720703125
23.9537719,-72.9638671875,57.8076171875,-19.0283203125
23.9849545,-73.2080078125,61.9091796875,-11.3623046875
24.0128868,-73.0126953125,61.9091796875,-6.0400390625
24.0437648,-71.5966796875,59.9072265625,-3.9892578125
24.0745998,-69.2529296875,58.9794921875,-7.6513671875
24.1017165,-68.0810546875,57.5146484375,-12.5830078125
24.1510158,-66.2255859375,56.7333984375,-16.1962890625
24.1630303,-64.9560546875,55.0732421875,-17.9052734375
24.1919589,-63.8818359375,53.1689453125,-18.5400390625
24.2256119,-63.9794921875,50.7275390625,-21.3720703125
24.2516377,-63.6865234375,48.0908203125,-23.4228515625
24.2835702,-63.7353515625,45.6982421875,-27.4267578125
24.314901,-63.9794921875,43.0615234375,-32.0654296875
24.3432767,-63.9794921875,39.9365234375,-36.8505859375
24.3798079,-64.0283203125,37.8369140625,-41.6845703125
24.4056895,-64.4677734375,35.8837890625,-45.7373046875
24.4334979,-64.7607421875,33.0029296875,-50.5224609375
24.4665175,-65.2001953125,31.5380859375,-53.8427734375
24.494406,-65.6396484375,29.3896484375,-57.0654296875
24.5252256,-66.4208984375,27.4853515625,-60.6787109375
24.5578499,-67.4462890625,24.2626953125,-64.1455078125
24.5853948,-67.9345703125,21.9189453125,-69.7607421875
24.6177667,-68.2763671875,20.3076171875,-74.6923828125
24.6489915,-68.3251953125,18.9892578125,-79.2822265625
24.6768492,-69.3994140625,23.8232421875,-83.0419921875
24.7088321,-69.8876953125,33.9794921875,-80.1123046875
24.7358968,-70.3271484375,42.6708984375,-63.2666015625
24.7653742,-70.8154296875,48.6279296875,-40.6103515625
24.7982256,-71.7431640625,53.6572265625,-23.2763671875
24.8285124,-71.4501953125,57.4169921875,-11.1669921875
24.8552856,-72.0361328125,59.5654296875,-4.7216796875
24.8901984,-72.0361328125,57.7099609375,0.2587890625
24.9174873,-69.6923828125,56.0498046875,-0.9619140625
24.950463,-68.4228515625,54.3408203125,-6.2841796875
24.9784751,-66.5185546875,53.5595703125,-11.8017578125
25.0071524,-64.4677734375,52.0947265625,-15.0244140625
25.0359485,-63.5888671875,49.8974609375,-16.5380859375
25.0700645,-62.9541015625,47.3583984375,-17.8076171875
25.0995485,-63.2958984375,44.4775390625,-19.6630859375
25.1321566,-62.9541015625,41.7919921875,-23.2763671875
25.1590521,-63.8330078125,39.2529296875,-27.6220703125
25.1889815,-63.9306640625,36.8115234375,-32.1142578125
25.2224245,-63.8818359375,33.4423828125,-36.7529296875
25.2495474,-64.6142578125,31.1962890625,-41.8798828125
25.2815807,-64.6142578125,28.4619140625,-46.5185546875
25.3097921,-64.8583984375,26.6064453125,-50.8154296875
25.3459421,-66.3720703125,23.8720703125,-53.0615234375
25.3658447,-66.8115234375,22.1630859375,-56.7236328125
25.4005721,-66.9580078125,19.0869140625,-60.3857421875
25.4287051,-67.9345703125,17.0361328125,-65.1708984375
25.4634103,-69.1552734375,14.4482421875,-70.7861328125
25.4910495,-69.0087890625,13.1787109375,-75.2294921875
25.5206908,-69.7900390625,13.3740234375,-78.5986328125
25.5529306,-70.2294921875,22.4072265625,-80.1611328125
25.5796951,-70.8154296875,32.2705078125,-70.9326171875
25.611754,-71.8896484375,38.7646484375,-50.7666015625
25.6424217,-72.2802734375,44.2822265625,-31.2353515625
25.6728208,-72.8662109375,47.7001953125,-18.8330078125
25.7053255,-72.9150390625,50.1904296875,-10.5322265625
25.7324312,-72.9638671875,49.8974609375,-7.4560546875
25.7608586,-72.0849609375,48.5791015625,-7.0654296875
25.7932257,-70.7666015625,47.7978515625,-11.6552734375
25.8220958,-69.4970703125,46.4306640625,-16.7822265625
25.8516504,-67.5439453125,45.4052734375,-21.2744140625
25.8855109,-66.2255859375,44.3798828125,-22.5439453125
25.9146069,-65.6884765625,42.6220703125,-24.2041015625
25.9419604,-65.3466796875,40.4248046875,-26.0107421875
25.97399,-65.3955078125,38.5693359375,-29.3798828125
26.0036417,-64.6630859375,35.6884765625,-32.9443359375
26.035552,-65.2490234375,33.2958984375,-36.2158203125
26.0647014,-65.2001953125,31.2451171875,-41.8310546875
26.0925718,-65.3955078125,29.0966796875,-46.0302734375
26.1268936,-65.7373046875,27.0947265625,-50.9130859375
26.1532878,-66.2255859375,25.9228515625,-54.6240234375
26.1858201,-66.2744140625,23.5302734375,-58.8232421875
26.216584,-67.4951171875,21.4306640625,-61.4111328125
26.244734,-67.4951171875,19.3798828125,-65.1708984375
26.2740918,-68.2275390625,17.0361328125,-69.6142578125
26.3107703,-68.8134765625,14.7412109375,-74.3994140625
26.3336208,-68.8623046875,13.7158203125,-79.9658203125
26.3673465,-69.4482421875,13.1298828125,-84.8486328125
26.3968701,-69.7412109375,21.1865234375,-86.8994140625
26.4235462,-70.2783203125,31.1474609375,-79.7705078125
26.4574397,-70.9619140625,39.4970703125,-60.5810546875
26.4871227,-70.9130859375,45.8935546875,-38.6572265625
26.5147065,-71.5478515625,50.5322265625,-22.7392578125
26.5467198,-72.4755859375,53.5595703125,-12.9736328125
26.5755494,-71.7431640625,55.1220703125,-8.2373046875
26.6027435,-71.5966796875,53.5595703125,-5.9912109375
26.6383367,-69.8876953125,51.7041015625,-8.2373046875
26.6678147,-68.0810546875,50.9716796875,-14.0478515625
26.7164303,-66.4697265625,50.2880859375,-19.2724609375
26.7370626,-64.5654296875,49.3115234375,-22.6416015625
26.7543293,-63.2470703125,46.8701171875,-22.9345703125
26.7890079,-62.6611328125,45.1123046875,-24.8388671875
26.8190283,-62.2705078125,42.2802734375,-27.3291015625
26.8479109,-62.2705078125,39.6435546875,-30.6494140625
26.880199,-62.3193359375,36.5185546875,-35.9716796875
26.909948,-62.5634765625,34.3212890625,-40.5126953125
26.936724,-63.0517578125,32.3681640625,-45.4931640625
26.96837,-63.1494140625,29.4384765625,-51.0595703125
26.9993834,-63.4912109375,27.2412109375,-54.7705078125
27.0319268,-63.6376953125,25.4345703125,-59.6533203125
27.0608404,-64.1748046875,23.4814453125,-62.5830078125
27.0908242,-64.9560546875,20.4541015625,-66.5869140625
27.120461,-65.9326171875,18.0615234375,-70.5419921875
27.1493928,-66.3720703125,15.1806640625,-75.1318359375
27.1762403,-67.0556640625,13.4228515625,-80.9912109375
27.2123351,-66.8603515625,11.6162109375,-86.1181640625
27.2403958,-67.7392578125,13.2763671875,-90.4638671875
27.272938,-68.2763671875,23.6279296875,-90.7080078125
27.3017066,-69.1064453125,33.7353515625,-78.1103515625
27.3299248,-69.2041015625,41.4013671875,-55.6005859375
27.3627633,-70.3759765625,46.9189453125,-34.6533203125
27.3922865,-70.4248046875,50.9716796875,-21.1767578125
27.419353,-70.7666015625,52.8759765625,-12.8759765625
27.4522565,-70.7666015625,53.9501953125,-8.9697265625
27.4824426,-70.0341796875,51.0205078125,-7.3095703125
27.5098596,-68.1298828125,49.5556640625,-11.8505859375
27.5410167,-66.4697265625,48.5302734375,-18.2958984375
27.5734819,-65.2001953125,47.4072265625,-22.4951171875
27.6056335,-63.6376953125,45.8447265625,-24.9365234375
27.6332529,-62.0263671875,43.1591796875,-25.3759765625
27.662055,-61.5380859375,39.7900390625,-28.0126953125
27.6958251,-62.0751953125,37.1044921875,-30.7958984375
27.7240123,-61.8310546875,34.4677734375,-35.5322265625
27.7509202,-61.8798828125,30.9521484375,-40.5615234375
27.784287,-61.8310546875,27.9248046875,-45.2978515625
27.8121338,-62.4169921875,25.5322265625,-50.2783203125
27.8407494,-62.4658203125,22.2119140625,-55.3076171875
27.8749683,-62.9541015625,20.0146484375,-59.9462890625
27.9032289,-63.1982421875,17.9638671875,-64.1943359375
27.9372127,-64.4677734375,15.1806640625,-68.1494140625
27.965098,-65.0048828125,12.2998046875,-71.0302734375
27.9930712,-65.7861328125,9.8095703125,-75.4248046875
28.0278835,-66.4208984375,6.5869140625,-80.2099609375
28.0559572,-66.9091796875,4.5361328125,-86.5087890625
28.0832097,-67.6416015625,2.3388671875,-91.9775390625
28.1168176,-69.1064453125,4.5361328125,-96.0791015625
28.1453533,-69.1064453125,15.6201171875,-96.4208984375
28.1777714,-70.1318359375,24.0673828125,-83.9208984375
28.2068645,-70.9130859375,31.5869140625,-59.0185546875
28.2371868,-71.1572265625,35.5908203125,-39.6337890625
28.2626712,-71.8896484375,39.2041015625,-28.4521484375
28.2985244,-72.0849609375,41.4013671875,-22.1533203125
28.3270535,-71.9384765625,40.3759765625,-18.4423828125
28.359518,-70.7666015625,38.8134765625,-20.0537109375
28.384222,-69.4970703125,37.4462890625,-25.2294921875
28.415786,-67.7880859375,36.5673828125,-30.6494140625
28.4477676,-66.1767578125,35.9326171875,-34.6533203125
28.4778697,-65.3466796875,33.8330078125,-35.5810546875
28.5092614,-63.9794921875,31.9775390625,-36.4111328125
28.5385232,-63.4423828125,29.3896484375,-38.0224609375
28.5690668,-64.0771484375,26.5087890625,-41.2451171875
28.6059592,-64.1259765625,23.6767578125,-45.6396484375
28.6275746,-64.0771484375,21.6259765625,-49.4482421875
28.6573773,-64.3212890625,19.4775390625,-54.3798828125
28.6912035,-64.4189453125,16.5478515625,-58.9697265625
28.7258356,-64.6142578125,14.9853515625,-62.7783203125
28.7465188,-64.9072265625,13.4716796875,-67.4169921875
28.7811403,-65.9326171875,11.5185546875,-70.4931640625
28.809434,-66.4697265625,8.7841796875,-73.6181640625
28.8366053,-66.3720703125,6.4892578125,-76.2548828125
28.8722717,-67.8857421875,4.3896484375,-81.3330078125
28.8990075,-68.6669921875,2.0458984375,-86.6064453125
28.9353163,-68.7646484375,1.1181640625,-91.7333984375
28.9578905,-68.9599609375,2.1923828125,-95.7373046875
28.9877035,-69.5947265625,11.5673828125,-97.7880859375
29.0217909,-69.9365234375,20.9423828125,-89.6826171875
29.0504964,-70.4248046875,29.2431640625,-68.1494140625
29.0798558,-70.9619140625,34.9560546875,-46.5185546875
29.1187932,-71.7431640625,38.7646484375,-32.3583984375
29.141589,-71.7919921875,41.5966796875,-24.5947265625
29.1838282,-71.8896484375,41.9873046875,-20.7373046875
29.2022969,-72.0361328125,39.9853515625,-19.9560546875
29.2318393,-70.0830078125,39.5947265625,-24.9365234375
29.2683685,-67.8369140625,38.0322265625,-29.4775390625
29.2923138,-66.0791015625,37.4462890625,-33.7255859375
29.3196906,-65.0537109375,35.9326171875,-35.4345703125
29.3577134,-63.5400390625,34.5166015625,-36.8505859375
29.3823187,-62.9052734375,32.2216796875,-38.6572265625
29.4114802,-63.1005859375,29.9755859375,-41.0009765625
29.450279,-62.7587890625,27.3876953125,-44.3212890625
29.4744741,-62.3193359375,25.0927734375,-48.2275390625
29.5025393,-62.2705078125,22.4560546875,-53.1591796875
29.5324042,-62.4169921875,20.1611328125,-57.7978515625
29.5635026,-62.1240234375,18.0126953125,-62.2900390625
29.5941795,-62.1728515625,16.3525390625,-67.0751953125
29.6248314,-63.1494140625,13.5205078125,-70.9814453125
29.6536123,-63.2958984375,11.9580078125,-73.5693359375
29.6837513,-64.0771484375,9.4677734375,-76.5966796875
29.711446,-64.4677734375,6.6845703125,-80.7470703125
29.76091,-65.3955078125,4.8779296875,-85.4345703125
29.7810916,-66.3232421875,3.8525390625,-90.9033203125
29.80329,-65.7861328125,2.4365234375,-96.3232421875
29.8546901,-66.8115234375,8.7353515625,-99.5458984375
29.8743007,-66.9091796875,19.3310546875,-95.5908203125
29.8940163,-67.4462890625,29.0966796875,-76.6455078125
29.9319074,-68.1787109375,35.3955078125,-52.3779296875
29.9557724,-69.1552734375,40.3271484375,-34.7509765625
29.9830872,-69.6435546875,44.6240234375,-23.6181640625
30.0227122,-69.5458984375,46.3818359375,-16.8798828125
30.0455806,-70.1318359375,45.9423828125,-13.1201171875
30.0734429,-68.2275390625,44.8681640625,-14.1455078125
30.1116726,-66.6162109375,44.4287109375,-18.6865234375
30.1336513,-64.7607421875,42.9638671875,-23.6669921875
30.1715941,-62.7099609375,42.3291015625,-25.9619140625
30.2072571,-62.1240234375,40.2783203125,-27.5732421875
30.2251227,-60.5126953125,38.3740234375,-29.0869140625
30.2690943,-59.5361328125,36.0791015625,-31.1376953125
30.2896454,-59.9755859375,33.6376953125,-33.9697265625
30.3160035,-60.0244140625,31.0986328125,-38.0224609375
30.3542185,-60.1708984375,28.5107421875,-43.3447265625
30.3779736,-59.5361328125,25.9228515625,-47.3974609375
30.4237377,-59.8779296875,22.7001953125,-52.5244140625
30.4397755,-60.2197265625,21.1865234375,-56.7724609375
30.4699205,-60.6591796875,19.3310546875,-61.8017578125
30.5019568,-61.4404296875,16.9873046875,-64.3896484375
30.527593,-61.7822265625,14.4970703125,-67.4169921875
30.5690464,-62.7099609375,11.7626953125,-71.2255859375
30.5910249,-63.1005859375,9.3701171875,-76.0595703125
30.6190992,-63.9794921875,7.0751953125,-81.3818359375
30.6567883,-64.8583984375,5.2197265625,-87.2900390625
30.6822853,-64.9560546875,6.4404296875,-91.8798828125
30.7095109,-65.6396484375,15.9619140625,-92.9541015625
30.7476171,-65.9814453125,26.2646484375,-83.1396484375
30.769618,-66.8603515625,33.2958984375,-60.2880859375
30.8078879,-67.0556640625,39.3994140625,-39.1943359375
30.8288849,-67.8369140625,43.2080078125,-25.0830078125
30.861349,-68.5693359375,45.9912109375,-17.4658203125
30.8905156,-68.8623046875,45.9423828125,-12.2900390625
30.9358936,-68.7646484375,44.2822265625,-11.5087890625
30.9510188,-66.9580078125,42.9638671875,-14.7314453125
30.9799693,-65.5419921875,41.6943359375,-19.8095703125
31.0285709,-63.1005859375,40.3271484375,-25.0830078125
31.0417762,-62.4658203125,39.0576171875,-27.3291015625
31.079471,-61.5380859375,36.7138671875,-28.5009765625
31.1026427,-60.2685546875,34.1259765625,-30.5029296875
31.1307844,-60.1220703125,31.8310546875,-32.7001953125
31.1595952,-60.9521484375,29.1455078125,-36.0205078125
31.1980546,-60.9521484375,26.4599609375,-39.9267578125
31.2229978,-60.5126953125,23.8232421875,-45.1513671875
31.2541944,-60.9033203125,20.6494140625,-49.6435546875
31.2826314,-61.5869140625,18.5009765625,-53.9892578125
31.3128903,-62.1240234375,16.9873046875,-58.5791015625
31.3440562,-62.7587890625,14.3505859375,-62.3388671875
31.3891065,-62.8564453125,12.0068359375,-64.6337890625
31.4200981,-64.3701171875,9.9560546875,-68.5888671875
31.4352798,-64.2236328125,6.6845703125,-71.8603515625
31.4620629,-65.0048828125,4.8291015625,-77.5732421875
31.5005393,-66.1279296875,2.8759765625,-82.3095703125
31.5245369,-67.0068359375,1.2158203125,-86.9970703125
31.5512619,-67.0556640625,7.5146484375,-90.0244140625
31.5889829,-68.3251953125,17.9638671875,-86.4111328125
31.6236087,-68.3251953125,25.8740234375,-68.9794921875
31.6430629,-69.2529296875,32.0751953125,-46.5673828125
31.6807225,-69.9853515625,35.5419921875,-30.7958984375
31.7058111,-70.3271484375,37.9833984375,-22.0068359375
31.7324879,-70.9130859375,38.6669921875,-17.6611328125
31.7672521,-71.1083984375,36.7138671875,-16.1474609375
31.7972829,-70.4248046875,36.2255859375,-19.1259765625
31.8276354,-68.2763671875,34.4189453125,-25.1806640625
31.8583366,-67.5439453125,33.8818359375,-30.6982421875
31.8851724,-66.0791015625,33.2470703125,-31.4794921875
31.9194198,-64.7119140625,31.1962890625,-32.7490234375
31.9512964,-64.1748046875,29.8291015625,-33.8232421875
31.9758839,-63.2958984375,26.9482421875,-35.8251953125
32.0079906,-63.7353515625,24.7998046875,-39.7314453125
32.0382718,-64.0771484375,23.3349609375,-42.4169921875
32.0650231,-63.9794921875,20.2587890625,-46.8115234375
32.1002171,-63.9794921875,18.2568359375,-52.1826171875
32.1273502,-64.4677734375,16.5966796875,-55.8447265625
32.1610812,-63.8818359375,14.7900390625,-60.4833984375
32.1879559,-65.1513671875,12.9345703125,-63.9501953125
32.218079,-65.4931640625,10.1513671875,-66.4892578125
32.2455656,-65.5419921875,8.3935546875,-69.7119140625
32.2964528,-65.8349609375,6.1474609375,-72.6904296875
32.3060758,-67.1044921875,4.0966796875,-77.8662109375
32.3410035,-67.4951171875,2.3876953125,-82.7978515625
32.3699148,-67.5927734375,0.7763671875,-87.5830078125
32.3961053,-68.0810546875,7.6611328125,-91.3427734375
32.4291578,-68.7158203125,18.5009765625,-88.2177734375
32.4575791,-69.1552734375,26.9970703125,-71.9580078125
32.4913954,-69.6923828125,33.9306640625,-49.0576171875
32.5200986,-70.2294921875,38.8623046875,-30.1611328125
32.5483321,-70.7177734375,42.3779296875,-19.0283203125
32.5835628,-70.8154296875,45.3076171875,-12.7783203125
32.6111948,-71.5966796875,43.6962890625,-9.7509765625
32.6383106,-71.0595703125,42.2314453125,-10.2880859375
32.671375,-69.5947265625,41.9873046875,-16.0986328125
32.6995779,-67.2509765625,40.5712890625,-21.0791015625
32.7290842,-66.2744140625,39.2529296875,-23.9111328125
32.7630956,-64.8583984375,38.2763671875,-24.8388671875
32.7910017,-63.7841796875,36.6650390625,-25.5712890625
32.8231428,-62.5634765625,33.5400390625,-27.6220703125
32.8507405,-62.7099609375,30.6103515625,-30.2099609375
32.8796154,-62.7587890625,28.9013671875,-33.3837890625
32.9141055,-62.0263671875,26.4599609375,-38.6572265625
32.9434997,-62.4169921875,24.1650390625,-44.0283203125
32.9721384,-62.2705078125,21.8701171875,-48.4228515625
33.0033442,-62.3193359375,20.2099609375,-52.4755859375
33.0342551,-63.1982421875,18.0126953125,-57.0166015625
33.0597895,-63.3935546875,15.9619140625,-59.8974609375
33.0942403,-63.6376953125,13.6181640625,-62.1923828125
33.1226607,-63.6376953125,11.0302734375,-65.9521484375
33.1520784,-64.6630859375,8.8818359375,-70.5419921875
33.1837541,-64.9560546875,6.9287109375,-75.5224609375
33.211245,-65.7373046875,5.3662109375,-81.0888671875
33.2443426,-66.3720703125,7.0263671875,-84.4091796875
33.2739171,-67.2021484375,16.8408203125,-85.6787109375
33.3037771,-67.5439453125,27.1923828125,-74.3994140625
33.3360866,-67.8369140625,34.9560546875,-51.8896484375
33.3646585,-68.8623046875,40.8642578125,-30.9423828125
33.395431,-69.1064453125,44.9169921875,-16.7822265625
33.4258268,-69.2529296875,47.8466796875,-7.9443359375
33.4540029,-69.5947265625,48.0908203125,-2.8662109375
33.4814765,-69.9853515625,46.5283203125,-0.0341796875
33.5147488,-69.3017578125,44.6728515625,-3.5009765625
33.5460535,-67.8369140625,44.2822265625,-9.2626953125
33.5774141,-66.6162109375,43.1591796875,-13.0224609375
33.6059433,-64.2724609375,41.4013671875,-14.9267578125
33.6338494,-62.9052734375,39.1552734375,-15.6591796875
33.6676293,-61.7822265625,37.4462890625,-17.3681640625
33.696528,-61.0498046875,34.7119140625,-20.1513671875
33.72844,-61.0986328125,31.3427734375,-22.9833984375
33.7656551,-61.4404296875,29.1943359375,-27.1826171875
33.7861232,-60.6591796875,25.9228515625,-32.6513671875
33.8140761,-61.1474609375,23.8232421875,-36.9970703125
33.8468046,-61.0009765625,21.0888671875,-42.0263671875
33.8776956,-61.6845703125,18.5009765625,-47.1044921875
33.9088952,-62.0751953125,16.3037109375,-50.4248046875
33.9487558,-62.4658203125,13.5205078125,-54.3798828125
33.9653309,-63.0517578125,10.1513671875,-57.2119140625
33.9993696,-63.8818359375,7.8564453125,-61.9482421875
34.0287853,-64.4189453125,5.5615234375,-66.1474609375
34.0612749,-64.8583984375,3.0712890625,-72.2998046875
34.0969912,-65.5419921875,2.1923828125,-76.5478515625
34.1178419,-66.3232421875,8.3935546875,-80.5029296875
34.1504977,-66.7138671875,19.5263671875,-77.4267578125
34.1855333,-67.1533203125,27.3388671875,-59.1162109375
34.2061971,-68.3740234375,32.2216796875,-37.1923828125
34.2390441,-68.6181640625,36.6162109375,-20.2490234375
34.2760509,-69.1552734375,39.9365234375,-9.7021484375
34.296936,-70.1318359375,40.9130859375,-4.3310546875
34.3318833,-70.1318359375,40.0830078125,-1.3525390625
34.3591126,-69.9365234375,37.4462890625,-3.5498046875
34.4018921,-69.3017578125,37.0068359375,-9.1650390625
34.4211833,-67.8857421875,35.8349609375,-14.2919921875
34.4490014,-66.4697265625,33.4423828125,-17.0263671875
34.4861637,-64.8095703125,31.5380859375,-18.5400390625
34.5120668,-63.7841796875,29.5849609375,-20.0048828125
34.5410137,-63.3935546875,27.3388671875,-21.4697265625
34.5775371,-62.5146484375,24.6044921875,-24.8876953125
34.6002098,-62.4658203125,21.2353515625,-29.1845703125
34.6364034,-63.0517578125,19.1845703125,-33.4814453125
34.6692703,-62.8076171875,16.7431640625,-38.3154296875
34.6902625,-63.1982421875,14.4970703125,-42.5146484375
34.7260272,-63.3935546875,11.9091796875,-46.6650390625
34.7526239,-63.9306640625,10.2490234375,-50.6689453125
34.7946907,-63.9794921875,8.4912109375,-53.5498046875
34.8132346,-64.8583984375,5.2685546875,-56.1376953125
34.8516092,-65.2490234375,2.5830078125,-59.7021484375
34.8734167,-66.9580078125,0.2880859375,-64.4873046875
34.9053843,-66.7138671875,-1.1767578125,-69.9560546875
34.9331671,-67.5439453125,-2.6416015625,-74.4482421875
34.9601583,-68.4716796875,0.6787109375,-77.8662109375
34.9997983,-68.6669921875,10.5908203125,-77.1337890625
35.0212444,-69.1064453125,20.2587890625,-65.0732421875
35.0752181,-69.4970703125,26.7529296875,-42.6123046875
35.1043714,-70.6201171875,31.2939453125,-23.8623046875
35.1128428,-71.2548828125,34.9560546875,-12.7294921875
35.1475478,-71.4990234375,36.9580078125,-7.1630859375
35.1740763,-71.8896484375,35.5908203125,-3.8427734375
35.2118599,-72.2314453125,34.2724609375,-4.6240234375
35.2374572,-71.3037109375,33.8330078125,-9.7998046875
35.2655287,-70.1318359375,32.6123046875,-15.5126953125
35.2936487,-68.5205078125,31.1962890625,-18.4423828125
35.3313158,-66.6162109375,30.0244140625,-19.1748046875
35.3550182,-65.9814453125,28.1689453125,-21.1279296875
35.394144,-64.3701171875,25.8251953125,-22.3974609375
35.4159345,-64.5654296875,23.3837890625,-25.1806640625
35.4454458,-64.4677734375,21.7724609375,-29.2822265625
35.4847248,-64.7119140625,19.2333984375,-33.8720703125
35.5046434,-64.0771484375,17.3779296875,-38.0224609375
35.5419036,-64.1748046875,14.9853515625,-43.2470703125
35.5694698,-64.6142578125,13.1298828125,-47.2509765625
35.5978716,-64.5654296875,11.7138671875,-51.5478515625
35.6276059,-64.8095703125,9.7607421875,-55.2099609375
35.6664926,-65.7373046875,7.1240234375,-57.8955078125
35.6864258,-66.1767578125,4.0966796875,-61.5576171875
35.715637,-66.2255859375,3.0712890625,-64.5849609375
35.7606438,-66.4208984375,0.0927734375,-70.9326171875
35.7925986,-67.2021484375,-1.2744140625,-77.0849609375
35.8095826,-67.0556640625,0.3857421875,-80.5029296875
35.8395173,-67.7392578125,11.0302734375,-82.1142578125
35.8764451,-68.2763671875,21.6259765625,-72.7880859375
35.9009097,-68.4228515625,28.8525390625,-49.3017578125
35.9292902,-68.8623046875,34.8583984375,-27.8662109375
35.9563099,-68.9599609375,39.1064453125,-14.0478515625
35.9931456,-69.8388671875,42.3291015625,-5.0146484375
36.0159795,-70.4736328125,43.3544921875,0.0634765625
36.051848,-70.2783203125,40.4248046875,2.1142578125
36.0779601,-70.5712890625,40.1318359375,-1.9384765625
36.1189529,-69.4482421875,38.8134765625,-7.7001953125
36.1406828,-67.8369140625,37.5927734375,-12.6806640625
36.1699654,-65.9814453125,36.3232421875,-14.3896484375
36.2069459,-64.5166015625,34.5654296875,-15.6103515625
36.2303919,-63.2958984375,31.7822265625,-17.4169921875
36.2652765,-62.1728515625,29.6826171875,-19.8583984375
36.2925326,-61.5869140625,27.4365234375,-23.2763671875
36.3200611,-60.9033203125,24.7021484375,-27.1826171875
36.3505783,-61.0009765625,21.9189453125,-32.4072265625
36.388335,-61.0498046875,19.9658203125,-37.0947265625
36.4112728,-60.8544921875,16.7919921875,-41.8798828125
36.4606449,-61.9775390625,15.2294921875,-45.8349609375
36.4809059,-61.8310546875,13.2763671875,-50.4736328125
36.5018688,-62.2216796875,11.3232421875,-54.2333984375
36.5387689,-62.4658203125,9.9560546875,-56.7724609375
36.5628861,-63.1005859375,5.8544921875,-60.6787109375
36.590766,-63.4912109375,3.2177734375,-65.6103515625
36.6275825,-64.6142578125,1.7529296875,-70.9326171875
36.6541181,-65.0537109375,0.1904296875,-76.9873046875
36.6827998,-65.2001953125,2.6806640625,-81.5283203125
36.7134468,-66.0791015625,13.9599609375,-81.3330078125
36.743892,-66.5673828125,23.8720703125,-69.0771484375
36.7794776,-66.7626953125,30.8544921875,-44.2724609375
36.8051776,-67.8857421875,36.4697265625,-24.4482421875
36.8330092,-68.2275390625,40.6201171875,-11.1669921875
36.8810261,-68.9599609375,43.5009765625,-2.7685546875
36.9022382,-69.1552734375,43.3544921875,1.5771484375
36.9226862,-69.4482421875,41.2548828125,3.0908203125
36.9738481,-68.8134765625,40.5224609375,-0.8642578125
36.9952598,-68.7646484375,40.2783203125,-6.0400390625
37.0131135,-66.3720703125,38.7646484375,-10.6787109375
37.0499644,-64.6142578125,36.2744140625,-12.1923828125
37.0753292,-63.1005859375,34.7607421875,-13.5595703125
37.1201028,-61.4404296875,32.6611328125,-15.2197265625
37.1368078,-60.5615234375,29.9755859375,-17.7587890625
37.168461,-60.4638671875,27.0458984375,-21.3232421875
37.1930798,-60.5126953125,24.5556640625,-25.7177734375
37.2452953,-60.4638671875,21.7724609375,-31.2353515625
37.2545522,-60.4638671875,19.6240234375,-35.9716796875
37.2874097,-60.3662109375,16.8896484375,-40.1708984375
37.3177216,-60.9521484375,14.7412109375,-44.4677734375
37.3435134,-61.0498046875,13.0810546875,-48.8623046875
37.3808849,-60.9033203125,10.9814453125,-52.6220703125
37.4062406,-62.3193359375,8.0517578125,-55.6982421875
37.4443335,-62.6611328125,5.8544921875,-59.1650390625
37.467859,-63.3935546875,3.0712890625,-63.4130859375
37.4972876,-64.2724609375,0.3857421875,-70.0048828125
37.5269055,-64.6630859375,-1.0302734375,-75.2294921875
37.5575779,-64.6630859375,-0.8837890625,-79.8681640625
37.5858958,-65.1025390625,8.5888671875,-81.8212890625
37.6150876,-65.8349609375,19.2333984375,-74.0087890625
37.6495382,-66.0791015625,26.6552734375,-51.9384765625
37.6764216,-66.3232421875,33.2470703125,-28.9892578125
37.7127454,-66.9091796875,36.4208984375,-13.9501953125
37.739595,-67.5927734375,39.8876953125,-5.7470703125
37.7674658,-68.7646484375,40.4248046875,-0.4736328125
37.800833,-68.9111328125,36.9580078125,1.3330078125
37.8270925,-68.6669921875,35.8349609375,-2.6708984375
37.8577171,-68.6669921875,34.9560546875,-8.4814453125
37.8905081,-66.6650390625,33.4912109375,-13.4619140625
37.9188872,-65.0537109375,31.9287109375,-15.3173828125
37.94741,-63.9794921875,29.9755859375,-16.0009765625
37.9790899,-62.1728515625,27.0947265625,-17.7099609375
38.0108404,-60.4638671875,24.3603515625,-20.5908203125
38.0428599,-60.8056640625,21.1376953125,-23.7158203125
38.0706449,-60.6103515625,18.8427734375,-28.6474609375
38.1003472,-60.6591796875,16.1083984375,-32.9931640625
38.1340212,-60.0732421875,13.2275390625,-37.6806640625
38.1616596,-60.4638671875,11.0791015625,-42.3193359375
38.1893312,-60.9033203125,8.8330078125,-46.8115234375
38.2225294,-61.1474609375,6.9287109375,-50.2783203125
38.2504992,-61.3916015625,4.7314453125,-54.1845703125
38.2809444,-61.6845703125,1.8505859375,-56.9189453125
38.3128256,-62.5634765625,-0.4931640625,-60.2392578125
38.3423921,-63.1982421875,-3.7158203125,-64.0478515625
38.3731541,-64.0771484375,-5.8642578125,-69.2236328125
38.4029023,-65.0048828125,-7.4755859375,-75.0830078125
38.4325118,-65.5419921875,-8.2568359375,-80.0146484375
38.4635707,-65.7373046875,-0.0537109375,-82.3095703125
38.4930839,-66.5185546875,10.3466796875,-77.9150390625
38.5204017,-66.6650390625,17.9150390625,-59.4091796875
38.5552834,-67.3974609375,23.7255859375,-36.8017578125
38.5824753,-67.8857421875,27.3388671875,-21.3720703125
38.6105066,-69.1552734375,30.1220703125,-12.4365234375
38.6441335,-69.6435546875,30.0732421875,-8.6279296875
38.6713746,-70.0341796875,28.9990234375,-7.2607421875
38.7063138,-70.2294921875,27.7783203125,-11.2158203125
38.735192,-69.9853515625,26.6552734375,-17.2216796875
38.7631968,-68.8134765625,25.5322265625,-21.2744140625
38.7943315,-67.0556640625,23.9208984375,-24.1552734375
38.8231062,-65.6396484375,22.6025390625,-24.3017578125
38.8533757,-64.5166015625,20.7470703125,-26.0595703125
38.8852979,-63.0029296875,18.3544921875,-28.4033203125
38.9244507,-62.5634765625,16.0107421875,-31.7724609375
38.9441925,-62.6123046875,13.5205078125,-35.3369140625
38.9743336,-62.8564453125,11.1767578125,-39.9755859375
39.0030441,-62.2705078125,8.8818359375,-44.1259765625
39.0381808,-62.6123046875,7.1728515625,-48.7158203125
39.0766409,-62.8076171875,4.9755859375,-52.5244140625
39.0935865,-63.1494140625,3.1689453125,-57.3095703125
39.1295037,-63.2470703125,1.3623046875,-59.8974609375
39.1664592,-63.9794921875,-0.8837890625,-62.9248046875
39.1854596,-64.8583984375,-2.7880859375,-66.6845703125
39.2163997,-65.1513671875,-5.2294921875,-70.2001953125
39.2452661,-65.8349609375,-7.0849609375,-75.7666015625
39.2807286,-66.5185546875,-8.9404296875,-81.1865234375
39.3179873,-67.1044921875,-6.8896484375,-85.1416015625
39.337749,-67.2998046875,3.0712890625,-86.9482421875
39.3652423,-67.8369140625,13.3740234375,-78.2080078125
39.407884,-67.7392578125,21.1376953125,-56.1865234375
39.4251024,-68.1298828125,26.3623046875,-33.7744140625
39.4663784,-68.8134765625,30.6103515625,-19.2724609375
39.4883114,-69.2529296875,33.7353515625,-11.0205078125
39.5266949,-69.5458984375,34.0283203125,-6.9189453125
39.5513017,-70.7177734375,31.4404296875,-6.1376953125
39.5782419,-70.9619140625,31.1962890625,-9.7998046875
39.6153904,-69.8876953125,30.0732421875,-16.0986328125
39.6383524,-68.8623046875,28.9990234375,-20.6396484375
39.6757901,-66.5673828125,28.2666015625,-22.3974609375
39.7069632,-65.7861328125,26.7041015625,-23.1298828125
39.7300752,-63.5888671875,23.8232421875,-25.2294921875
39.7668733,-61.9287109375,21.3330078125,-27.3779296875
39.7911013,-61.7333984375,18.7939453125,-31.0400390625
39.8308453,-62.2216796875,16.3525390625,-34.7998046875
39.8490425,-61.7333984375,14.3994140625,-39.3896484375
39.8926777,-61.3427734375,12.2998046875,-44.3212890625
39.913403,-61.0498046875,9.4189453125,-49.2529296875
39.943075,-61.3916015625,7.5146484375,-53.7939453125
39.9799586,-61.5380859375,5.3662109375,-57.1630859375
40.001587,-61.4892578125,3.5107421875,-61.3134765625
40.0383529,-62.1728515625,1.5087890625,-64.3408203125
40.0611262,-62.4169921875,-1.6650390625,-67.5146484375
40.0983776,-62.6611328125,-3.7646484375,-71.5673828125
40.1209269,-63.8330078125,-6.4990234375,-77.4267578125
40.1594082,-64.0283203125,-8.0126953125,-82.4560546875
40.1787305,-64.6142578125,-4.9365234375,-87.2412109375
40.2140163,-65.3466796875,5.4638671875,-88.6572265625
40.2426451,-65.5908203125,16.2060546875,-78.2568359375
40.2780716,-66.2255859375,23.6767578125,-52.9150390625
40.3006714,-67.5439453125,30.1220703125,-30.5029296875
40.3420294,-67.8857421875,34.6142578125,-15.4638671875
40.3657409,-68.3740234375,38.4716796875,-6.0400390625
40.4023362,-68.2275390625,39.0576171875,-1.1083984375
40.4215892,-69.1064453125,37.0556640625,1.7236328125
40.4599762,-69.1552734375,36.1767578125,-1.4501953125
40.4812525,-69.1552734375,34.6630859375,-6.5283203125
40.516801,-67.7880859375,34.2724609375,-11.9482421875
40.5448688,-65.6396484375,32.4658203125,-13.9990234375
40.5810606,-63.8818359375,30.0244140625,-15.1708984375
40.6056287,-62.6611328125,28.4619140625,-16.7333984375
40.6443672,-61.0498046875,24.7509765625,-19.0283203125
40.664803,-60.0244140625,23.0908203125,-22.2021484375
40.7000913,-59.8779296875,20.5029296875,-26.4990234375
40.7259345,-59.5849609375,18.3056640625,-31.5283203125
40.7629586,-59.9267578125,15.3759765625,-36.9482421875
40.7870721,-60.0732421875,13.2275390625,-41.0498046875
40.8164398,-59.8779296875,10.6396484375,-45.6396484375
40.8528288,-59.9267578125,8.8818359375,-49.3505859375
40.8768469,-60.1220703125,7.0751953125,-53.5986328125
40.9155131,-60.4638671875,4.5849609375,-56.3330078125
40.9368521,-61.0498046875,1.4111328125,-59.6044921875
40.9769072,-61.7333984375,-0.6396484375,-64.1455078125
40.9966083,-62.1728515625,-3.2763671875,-70.2978515625
41.0507821,-63.1005859375,-4.6923828125,-75.6689453125
41.0557207,-63.3447265625,-4.0087890625,-80.1611328125
41.0943432,-64.0771484375,5.7080078125,-82.2119140625
41.1171544,-64.1259765625,16.4990234375,-74.6923828125
41.1526063,-64.4677734375,24.5068359375,-51.4990234375
41.1803068,-65.6884765625,30.2685546875,-28.0126953125
41.2073451,-66.0302734375,34.8583984375,-12.2900390625
41.2444216,-66.4208984375,37.9833984375,-3.1103515625
41.2650781,-67.4462890625,38.4228515625,2.8466796875
41.3014974,-67.9345703125,35.4931640625,4.8974609375
41.3277316,-68.3251953125,34.8095703125,2.8466796875
41.3660127,-67.6904296875,33.2470703125,-2.7685546875
41.3878269,-66.2744140625,32.5146484375,-7.9931640625
41.4269493,-65.2490234375,30.9033203125,-9.7021484375
41.4494816,-63.3935546875,28.4130859375,-11.3623046875
41.4846405,-61.7333984375,25.6787109375,-12.2412109375
41.5121904,-60.7080078125,23.3837890625,-14.1943359375
41.5461443,-59.3896484375,20.7958984375,-17.9541015625
41.5674579,-59.2431640625,17.7197265625,-21.8115234375
41.6042828,-59.0966796875,16.3037109375,-26.7431640625
41.630011,-59.9267578125,12.8369140625,-31.2841796875
41.6674971,-59.2431640625,10.5419921875,-34.7998046875
41.6893217,-59.2431640625,8.4423828125,-39.0966796875
41.7273904,-59.4384765625,6.8798828125,-43.1005859375
41.74966,-59.7802734375,4.6826171875,-46.5673828125
41.7862098,-60.3173828125,2.2412109375,-49.4970703125
41.8077768,-60.9521484375,-0.9814453125,-52.7197265625
41.8417628,-61.1474609375,-3.3740234375,-56.4306640625
41.8774869,-62.8564453125,-5.2783203125,-62.0947265625
41.8997062,-62.7099609375,-7.0849609375,-67.4658203125
41.9345274,-63.9306640625,-6.4013671875,-70.3955078125
41.9623183,-64.3701171875,3.4130859375,-73.4228515625
42.0023863,-65.1025390625,13.1298828125,-66.9775390625
42.0244,-65.3466796875,20.5517578125,-46.4697265625
42.0614346,-65.9814453125,26.1669921875,-24.5947265625
42.0816463,-66.5185546875,29.9755859375,-9.9951171875
42.1283645,-67.0556640625,32.6611328125,-2.1337890625
42.1499472,-67.6416015625,32.6611328125,2.3583984375
42.1744488,-68.4228515625,31.1474609375,3.6767578125
42.2045111,-68.8623046875,30.3662109375,0.6494140625
42.2413042,-68.3251953125,29.8779296875,-4.6728515625
42.2601696,-67.5439453125,29.0966796875,-8.5791015625
42.3001417,-66.2744140625,28.0712890625,-11.1669921875
42.3200157,-64.5166015625,26.1669921875,-11.5087890625
42.3585404,-63.3447265625,24.1650390625,-12.6318359375
42.3828039,-61.5869140625,21.3818359375,-15.3662109375
42.4222009,-61.3427734375,19.9169921875,-19.0771484375
42.4453249,-60.8544921875,17.4267578125,-22.1044921875
42.4732957,-60.9521484375,14.9365234375,-26.7431640625
42.5120095,-61.0986328125,12.9833984375,-30.7470703125
42.5348943,-60.6591796875,11.3232421875,-34.9462890625
42.5721038,-61.2939453125,9.8583984375,-38.8037109375
42.5922794,-61.4404296875,8.2470703125,-42.2216796875
42.6287778,-61.0498046875,6.5380859375,-44.7607421875
42.6542885,-61.6845703125,4.7314453125,-47.1533203125
42.6916909,-62.1240234375,1.6552734375,-50.5712890625
42.7158695,-62.6123046875,-0.3955078125,-55.7470703125
42.7532629,-63.1982421875,-1.9091796875,-60.2880859375
42.7783077,-63.8330078125,-2.6416015625,-65.2685546875
42.8070434,-64.0283203125,3.5107421875,-68.9306640625
42.8425531,-64.8583984375,14.7412109375,-67.1728515625
42.8679407,-64.6630859375,23.3837890625,-51.6943359375
42.8966072,-65.4931640625,30.0732421875,-28.7939453125
42.9250019,-65.2978515625,35.3466796875,-10.0927734375
42.9579016,-65.7373046875,39.0576171875,2.1630859375
42.9862606,-66.4208984375,41.0595703125,9.1455078125
43.0232479,-67.0556640625,40.5224609375,12.5634765625
43.0460658,-67.0068359375,39.0087890625,12.0751953125
43.0837785,-67.6416015625,37.7880859375,8.2666015625
43.1083522,-66.8603515625,36.8115234375,2.6025390625
43.1371839,-65.6884765625,36.4697265625,-0.7177734375
43.173278,-64.0283203125,34.9560546875,-1.7919921875
43.198994,-62.4658203125,33.1982421875,-2.2314453125
43.2267952,-60.0244140625,29.7314453125,-3.8916015625
43.2567617,-59.3896484375,28.0224609375,-7.1630859375
43.2882209,-58.5107421875,25.4345703125,-11.2158203125
43.3173872,-57.8271484375,23.2373046875,-15.4638671875
43.3510221,-57.9736328125,20.8447265625,-19.7119140625
43.3790917,-57.8759765625,18.8427734375,-24.2041015625
43.409973,-58.1689453125,16.2060546875,-28.7939453125
43.44053,-58.2666015625,14.6923828125,-33.3837890625
43.4682931,-58.4619140625,12.6416015625,-36.8017578125
43.5015818,-58.5107421875,10.7373046875,-38.9501953125
43.5298594,-58.9013671875,8.0029296875,-42.7099609375
43.5583853,-59.3408203125,5.4638671875,-46.7626953125
43.5921257,-59.3896484375,3.5595703125,-52.0849609375
43.6205405,-60.3173828125,2.4365234375,-57.9931640625
43.6500036,-61.1474609375,2.3388671875,-61.8505859375
43.682657,-61.8310546875,11.5185546875,-64.4873046875
43.7117802,-62.5146484375,22.1630859375,-59.0185546875
43.7396072,-63.2470703125,31.2451171875,-38.3642578125
43.7722098,-63.3935546875,36.5185546875,-15.2197265625
43.7998145,-64.2724609375,41.6455078125,1.1865234375
43.8349041,-64.2236328125,45.4052734375,11.4892578125
43.8613491,-64.8583984375,45.9423828125,17.7392578125
43.8902855,-65.4931640625,45.2587890625,20.5712890625
43.9204991,-66.0791015625,43.5986328125,19.9853515625
43.9519108,-65.4931640625,41.9873046875,14.4677734375
43.9821,-65.0048828125,41.7431640625,9.2919921875
44.0136408,-63.3935546875,40.8154296875,5.5810546875
44.0419679,-62.3681640625,38.4716796875,4.7509765625
44.0720606,-60.7568359375,35.7373046875,2.9443359375
44.1035875,-58.6083984375,32.9052734375,0.0146484375
44.1338097,-57.5830078125,30.1708984375,-2.7685546875
44.1619189,-56.9482421875,28.3642578125,-6.8212890625
44.1943574,-56.3134765625,25.2392578125,-12.2900390625
44.2372571,-56.7041015625,22.9443359375,-17.3193359375
44.2559994,-56.1669921875,20.2587890625,-21.6162109375
44.2841649,-56.7041015625,18.0126953125,-26.0595703125
44.3269624,-56.4599609375,15.7666015625,-30.0634765625
44.3469639,-57.3388671875,13.8623046875,-33.7255859375
44.3840934,-57.2412109375,10.5419921875,-36.4111328125
44.4054126,-57.3876953125,7.8564453125,-40.9033203125
44.4348016,-58.1201171875,5.2685546875,-45.9814453125
44.4653877,-58.8037109375,3.1689453125,-50.7177734375
44.5070196,-59.5361328125,1.3134765625,-57.1142578125
44.5262583,-60.0732421875,4.6826171875,-61.0205078125
44.5711739,-60.8544921875,15.4736328125,-61.4111328125
44.5873014,-61.4892578125,24.8974609375,-50.2294921875
44.6245792,-61.8798828125,31.3916015625,-27.3779296875
44.6454156,-62.7099609375,36.2744140625,-7.4072265625
44.6954734,-63.0517578125,40.0830078125,5.7275390625
44.7072095,-63.4423828125,42.4755859375,12.9541015625
44.7571262,-63.9306640625,41.0107421875,17.1533203125
44.7681235,-65.2001953125,39.2529296875,18.4228515625
44.8057457,-65.3955078125,37.3486328125,13.4912109375
44.8270827,-65.4443359375,35.6884765625,7.5830078125
44.8570054,-65.0048828125,34.4677734375,3.5791015625
44.8981998,-63.3935546875,33.0029296875,1.5771484375
44.9184248,-62.0263671875,30.3173828125,0.3564453125
44.9631325,-60.0244140625,27.7783203125,-1.9384765625
44.9938579,-58.8037109375,25.2880859375,-4.7216796875
45.0085288,-57.5341796875,22.0654296875,-9.3115234375
45.0578973,-57.3388671875,20.0146484375,-14.0478515625
45.0872964,-57.5341796875,17.1826171875,-18.0517578125
45.1008341,-57.3876953125,14.0087890625,-22.6904296875
45.1384572,-57.7294921875,12.5439453125,-27.1826171875
45.1680576,-57.6318359375,10.3466796875,-31.4306640625
45.1911593,-57.7783203125,8.4423828125,-34.5556640625
45.2272962,-58.4130859375,6.5869140625,-37.8759765625
45.2499672,-59.2919921875,3.6572265625,-41.5380859375
45.2802793,-59.9267578125,1.1669921875,-45.9326171875
45.3168601,-60.4638671875,-0.6884765625,-51.2060546875
45.3386708,-61.4404296875,-3.0810546875,-56.4794921875
45.38644,-62.1240234375,-1.6650390625,-60.3369140625
45.4064972,-62.6611328125,6.8798828125,-62.5830078125
45.4421541,-63.5400390625,16.8896484375,-56.8701171875
45.4588869,-63.6865234375,23.7744140625,-36.9482421875
45.4957974,-64.3701171875,29.8779296875,-15.6591796875
45.5208242,-65.3466796875,33.0517578125,-1.4013671875
45.5536495,-65.3955078125,35.3955078125,6.5576171875
45.58247,-66.2255859375,34.9072265625,11.3427734375
45.6218108,-67.0068359375,33.1494140625,11.9287109375
45.6430196,-67.0068359375,31.8310546875,6.6552734375
45.6793925,-67.4951171875,31.6845703125,1.4794921875
45.699727,-66.5673828125,29.8291015625,-2.9638671875
45.735642,-65.9326171875,29.0478515625,-4.4287109375
45.7636393,-64.3701171875,26.8017578125,-5.5029296875
45.8030725,-62.7099609375,24.8974609375,-7.1142578125
45.8222153,-61.9775390625,22.5048828125,-9.9951171875
45.8573441,-60.7080078125,20.2099609375,-12.9736328125
45.8788783,-59.9755859375,17.7685546875,-16.6845703125
45.917381,-59.7802734375,15.8154296875,-22.0556640625
45.942927,-59.8779296875,13.4228515625,-25.9619140625
45.9788079,-59.2431640625,11.4697265625,-30.9423828125
46.0049538,-59.8291015625,9.3701171875,-34.1650390625
46.0449937,-59.5849609375,7.3681640625,-38.0224609375
46.064301,-60.0244140625,5.5615234375,-40.7080078125
46.1018572,-60.3173828125,3.1689453125,-43.3447265625
46.1240177,-61.0009765625,0.8740234375,-48.4228515625
46.1606307,-61.6845703125,-0.7861328125,-53.0615234375
46.1824528,-62.1240234375,-2.1533203125,-58.4814453125
46.2208475,-62.1240234375,-0.2978515625,-61.8505859375
46.2463115,-62.4169921875,9.4189453125,-64.4384765625
46.2832478,-63.0029296875,19.8193359375,-56.7724609375
46.3036705,-62.9052734375,27.2900390625,-35.7763671875
46.3409582,-63.4912109375,33.6865234375,-13.8037109375
46.3641531,-63.8818359375,37.8369140625,1.1865234375
46.40245,-64.7607421875,41.5478515625,10.0732421875
46.4253327,-65.3955078125,41.4501953125,15.7373046875
46.4622171,-66.1279296875,40.5224609375,18.1298828125
46.4823125,-65.7373046875,39.0087890625,15.2978515625
46.5199116,-66.5185546875,38.9111328125,10.1220703125
46.5460573,-66.2255859375,37.2509765625,5.8740234375
46.5840685,-64.9072265625,36.4697265625,3.6767578125
46.6056368,-63.3935546875,34.6630859375,2.6025390625
46.6423399,-62.2216796875,32.4658203125,1.1865234375
46.6686771,-60.0732421875,30.1708984375,-0.8642578125
46.7050531,-58.2666015625,27.2900390625,-4.4775390625
46.7275506,-57.5830078125,25.2392578125,-8.4326171875
46.7630762,-57.0947265625,22.8466796875,-12.6806640625
46.7855148,-56.4111328125,20.6494140625,-17.8076171875
46.8202138,-56.8994140625,18.4033203125,-21.7138671875
46.8481209,-56.4111328125,16.5478515625,-25.5712890625
46.8845446,-56.6552734375,15.1318359375,-29.7705078125
46.9093747,-56.8994140625,12.6416015625,-32.1630859375
46.9477627,-57.1923828125,10.2490234375,-35.2880859375
46.9685503,-57.0458984375,8.1982421875,-39.5361328125
47.0049054,-57.7294921875,5.9521484375,-44.3701171875
47.0263908,-58.6572265625,3.8037109375,-50.0830078125
47.0660419,-58.7060546875,4.7314453125,-54.2822265625
47.0913561,-59.3408203125,14.5458984375,-56.3818359375
47.1282901,-59.8291015625,24.9462890625,-51.3037109375
47.149841,-60.6591796875,33.3447265625,-31.6259765625
47.1868272,-60.7568359375,39.3994140625,-9.9462890625
47.2068103,-61.6845703125,43.5498046875,6.8505859375
47.2440119,-62.4169921875,46.8701171875,16.5185546875
47.2696985,-62.3681640625,48.6279296875,23.1591796875
47.3084919,-63.0517578125,46.1865234375,26.7236328125
47.3382977,-63.6376953125,44.2822265625,24.3310546875
47.3610695,-64.1748046875,43.7451171875,18.3251953125
47.3963393,-63.8818359375,43.0126953125,13.7841796875
47.4228152,-63.1982421875,41.2060546875,10.5126953125
47.4598311,-62.1240234375,39.1064453125,10.4638671875
47.4817347,-60.0244140625,36.0791015625,8.7060546875
47.5182122,-58.5107421875,33.0029296875,6.0205078125
47.5406539,-56.6064453125,30.7568359375,1.9189453125
47.5801145,-55.7275390625,27.6806640625,-2.4755859375
47.6030145,-55.5810546875,24.3603515625,-6.7236328125
47.6417859,-54.5068359375,21.3330078125,-11.7041015625
47.665064,-54.9462890625,19.3310546875,-15.8056640625
47.7043805,-54.7509765625,16.9873046875,-20.5419921875
47.7268518,-55.3857421875,14.8876953125,-25.1806640625
47.7639979,-55.0439453125,11.6650390625,-27.7197265625
47.7821632,-55.3857421875,9.2724609375,-30.4541015625
47.8228796,-55.7275390625,6.3427734375,-35.3857421875
47.8435866,-56.3623046875,4.1943359375,-40.6591796875
47.8784452,-56.7041015625,1.9970703125,-46.2744140625
47.9067796,-57.6806640625,0.9228515625,-49.3994140625
47.9333564,-58.3154296875,8.0517578125,-53.0126953125
47.9636139,-59.7314453125,18.5498046875,-50.9130859375
47.9942488,-59.3408203125,26.8505859375,-35.9228515625
48.032934,-60.3662109375,32.0263671875,-15.1220703125
48.0570048,-61.1962890625,36.2255859375,2.2607421875
48.0874646,-61.5380859375,38.8134765625,12.5634765625
48.1151387,-62.5146484375,39.8388671875,18.7158203125
48.1623185,-63.1494140625,37.2021484375,21.4990234375
48.1766676,-63.9794921875,36.2255859375,19.9365234375
48.2060073,-63.7841796875,34.5166015625,13.8818359375
48.2376104,-64.7607421875,33.0517578125,8.1689453125
48.2674649,-64.2236328125,32.3193359375,4.5068359375
48.2941919,-63.4912109375,30.0244140625,4.0673828125
48.3302128,-61.1474609375,27.6806640625,1.7724609375
48.3563567,-59.6826171875,25.5810546875,0.0634765625
48.3913764,-58.5107421875,23.1396484375,-3.2568359375
48.4183512,-57.2900390625,20.4541015625,-7.5537109375
48.4455312,-56.8505859375,17.6708984375,-12.0947265625
48.4791076,-55.9716796875,15.3271484375,-16.6357421875
48.5077888,-56.7529296875,13.4228515625,-21.7626953125
48.5371779,-56.8017578125,11.3232421875,-25.1806640625
48.5690196,-57.0458984375,9.9072265625,-28.5986328125
48.5983068,-57.3388671875,7.0751953125,-31.5283203125
48.6259218,-57.7783203125,4.5361328125,-34.7509765625
48.6623319,-59.0478515625,2.4853515625,-38.8525390625
48.6879273,-59.6337890625,0.1416015625,-43.9306640625
48.7158461,-59.7802734375,-1.4208984375,-48.8134765625
48.7584203,-60.9521484375,-0.7373046875,-52.7197265625
48.7774852,-60.9033203125,7.8564453125,-55.5029296875
48.8120311,-61.9775390625,18.8427734375,-51.5478515625
48.8401189,-62.2705078125,26.0693359375,-34.1650390625
48.8695547,-63.1982421875,31.0009765625,-13.1201171875
48.9003276,-63.1005859375,35.3955078125,2.6513671875
48.9284861,-63.7353515625,38.6669921875,11.1962890625
48.9564301,-64.7119140625,38.0322265625,16.2255859375
48.9922114,-65.0048828125,35.7373046875,18.4716796875
49.0200611,-65.2490234375,34.4677734375,13.7353515625
49.0456716,-66.2255859375,34.0771484375,7.9248046875
49.0803532,-65.6884765625,33.1982421875,1.7724609375
49.1098385,-65.4931640625,31.4892578125,0.0634765625
49.1434389,-64.2724609375,30.6591796875,-1.5478515625
49.1707225,-62.8076171875,28.4619140625,-2.6708984375
49.2007139,-61.1962890625,25.3857421875,-5.2099609375
49.2330258,-59.6826171875,22.9931640625,-8.4814453125
49.2601523,-57.9736328125,20.4052734375,-13.7060546875
49.2936832,-57.4853515625,18.5009765625,-18.4912109375
49.3235366,-57.8759765625,15.8642578125,-24.0576171875
49.3518047,-56.8994140625,13.6181640625,-28.0126953125
49.3984186,-57.5830078125,11.9580078125,-32.6025390625
49.412351,-57.6318359375,9.3701171875,-36.3623046875
49.4410952,-57.2900390625,7.8076171875,-39.1455078125
49.4880896,-57.3388671875,5.2685546875,-42.9541015625
49.503706,-58.5107421875,2.2900390625,-47.3486328125
49.5317713,-58.7548828125,0.2880859375,-52.1337890625
49.5761559,-59.4384765625,-1.7138671875,-57.8466796875
49.5937917,-59.8291015625,1.9970703125,-61.6552734375
49.6446551,-60.7080078125,13.6669921875,-63.5595703125
49.6649893,-60.8056640625,23.1884765625,-53.6474609375
49.6824972,-61.6357421875,30.5615234375,-31.3330078125
49.7249855,-61.4404296875,37.1533203125,-10.2880859375
49.7453628,-62.8564453125,41.3525390625,3.7744140625
49.7739718,-62.6611328125,44.1845703125,13.1005859375
49.8158337,-63.7841796875,44.1845703125,17.8369140625
49.8374283,-64.0283203125,42.3779296875,19.6923828125
49.8763959,-65.2490234375,40.5224609375,15.9814453125
49.8979558,-65.1513671875,39.6923828125,9.5849609375
49.9374112,-65.1025390625,38.5693359375,5.4833984375
49.9580731,-64.6142578125,37.1044921875,2.6025390625
49.9977074,-62.8564453125,35.5908203125,0.7958984375
50.0157781,-61.3427734375,33.4423828125,-1.5478515625
50.0573673,-59.4873046875,30.8056640625,-3.5009765625
50.0793665,-57.6318359375,27.1435546875,-7.6025390625
50.1152555,-56.3134765625,24.7509765625,-12.0458984375
50.1378217,-55.8740234375,22.3583984375,-17.2216796875
50.1739822,-55.4345703125,18.7939453125,-22.7392578125
50.1940377,-55.2880859375,16.8408203125,-26.8408203125
50.2384691,-55.0439453125,14.1552734375,-31.4794921875
50.2579119,-55.6787109375,12.2509765625,-35.6298828125
50.2934429,-55.8740234375,9.7607421875,-39.2919921875
50.3190107,-56.4111328125,7.1728515625,-43.4423828125
50.3573352,-57.2412109375,4.6337890625,-47.8857421875
50.3742679,-57.2412109375,1.5576171875,-53.2568359375
50.4183078,-58.0224609375,0.2392578125,-59.8974609375
50.4384276,-58.1689453125,2.6318359375,-63.7060546875
50.4741466,-58.8525390625,13.2763671875,-65.3662109375
50.499183,-59.7314453125,23.1396484375,-56.4306640625
50.5344739,-60.4150390625,30.7568359375,-34.8974609375
50.5589362,-61.0986328125,36.1279296875,-13.6083984375
50.591999,-61.8310546875,40.0341796875,0.7958984375
50.6210924,-61.7822265625,42.6708984375,9.6337890625
50.6743405,-62.4169921875,42.4755859375,13.9306640625
50.6939112,-63.0517578125,40.1318359375,15.9814453125
50.7047005,-63.8330078125,38.4228515625,12.5146484375
50.7497222,-64.1748046875,37.0556640625,5.6298828125
50.7711376,-63.8818359375,36.2255859375,-0.1806640625
50.8090075,-63.8818359375,34.0771484375,-2.4267578125
50.828217,-62.3193359375,31.1962890625,-3.9404296875
50.8660098,-60.9521484375,28.3154296875,-6.4794921875
50.8907924,-59.1455078125,25.7763671875,-9.2626953125
50.928516,-57.6806640625,22.8466796875,-13.3642578125
50.953373,-56.4111328125,19.5751953125,-17.7587890625
50.9895837,-56.0205078125,16.9384765625,-23.0322265625
51.0100478,-56.0693359375,14.1552734375,-28.0126953125
51.0501923,-55.8740234375,12.0556640625,-32.8955078125
51.071594,-55.5810546875,9.8095703125,-36.9970703125
51.1082969,-56.0205078125,7.5634765625,-40.6103515625
51.1339527,-56.2646484375,4.6826171875,-43.6865234375
51.170321,-56.6552734375,1.8017578125,-47.8369140625
51.1895189,-57.0947265625,-0.9326171875,-52.1337890625
51.2253713,-57.0458984375,-3.3251953125,-57.5537109375
51.2492075,-58.4130859375,-5.1806640625,-63.3154296875
51.2855149,-58.7548828125,-3.0322265625,-67.7587890625
51.3136663,-59.5849609375,7.9541015625,-69.7119140625
51.3503765,-60.9033203125,17.6220703125,-60.9716796875
51.3708859,-60.7568359375,24.7021484375,-40.0244140625
51.4073233,-61.4404296875,29.1943359375,-19.8095703125
51.4303753,-62.9052734375,32.2216796875,-6.2353515625
51.4673514,-62.8564453125,33.6376953125,0.2099609375
51.4927844,-63.5400390625,31.6357421875,3.1396484375
51.5290353,-64.6142578125,30.3662109375,2.8955078125
51.5589573,-64.8095703125,30.1708984375,-2.5244140625
51.6058154,-65.4443359375,28.6572265625,-8.0419921875
51.6157455,-65.7373046875,27.4853515625,-13.0712890625
51.6540821,-65.1513671875,25.9228515625,-14.7314453125
51.6733619,-64.4189453125,24.2138671875,-16.5380859375
51.7104822,-63.0517578125,21.4794921875,-18.9306640625
51.7356857,-61.1962890625,19.8193359375,-20.8349609375
51.7719444,-59.8779296875,16.2548828125,-24.8388671875
51.7970102,-59.1455078125,13.8623046875,-29.0380859375
51.8333034,-58.0712890625,11.9091796875,-33.8232421875
51.8553729,-57.9248046875,10.1513671875,-38.8525390625
51.8918621,-58.0712890625,7.7587890625,-43.4423828125
51.9155757,-58.7060546875,5.9521484375,-47.2021484375
51.9636085,-58.4619140625,3.7548828125,-50.6689453125
51.9951745,-58.2177734375,1.4111328125,-53.5986328125
52.0041002,-58.5595703125,-0.7861328125,-57.4560546875
52.0365,-58.9013671875,-3.7646484375,-62.2412109375
52.0646358,-59.8291015625,-4.9853515625,-67.9541015625
52.1008293,-60.6591796875,-6.0107421875,-72.7392578125
52.1282733,-60.7568359375,-0.1513671875,-76.6943359375
52.1650788,-61.0498046875,11.2744140625,-76.9873046875
52.1851995,-62.0751953125,21.1376953125,-63.0712890625
52.2210311,-62.4658203125,27.1923828125,-38.9990234375
52.2464283,-62.6611328125,31.4404296875,-19.9072265625
52.2944896,-63.3935546875,35.2001953125,-7.5048828125
52.3258361,-63.4423828125,37.7392578125,-1.6943359375
52.3376027,-64.4189453125,35.6884765625,1.7724609375
52.3736223,-64.5166015625,34.2724609375,0.6005859375
52.3984612,-64.6142578125,33.1005859375,-4.4775390625
52.4362344,-65.3955078125,32.2705078125,-10.0927734375
52.45994,-65.2978515625,31.4892578125,-14.3408203125
52.4970775,-64.9560546875,29.1943359375,-15.7568359375
52.5159831,-63.2958984375,26.7041015625,-17.6611328125
52.5521297,-61.2451171875,24.5068359375,-19.4677734375
52.5795713,-59.9755859375,21.9677734375,-22.6416015625
52.6213228,-58.2177734375,19.2333984375,-26.5966796875
52.6407283,-56.7529296875,16.3525390625,-31.9677734375
52.6780781,-56.8505859375,13.8623046875,-36.6064453125
52.6972183,-56.4599609375,10.8837890625,-42.2705078125
52.7332986,-56.2158203125,8.9306640625,-46.6650390625
52.7586301,-56.1181640625,6.8310546875,-50.4736328125
52.7963343,-56.4111328125,4.7802734375,-54.5751953125
52.8202513,-56.8017578125,1.7529296875,-57.4560546875
52.8586863,-56.7529296875,-0.7373046875,-60.8740234375
52.880246,-57.5341796875,-3.2275390625,-65.3662109375
52.9188024,-58.5595703125,-5.4736328125,-71.5673828125
52.9429185,-58.6083984375,-6.7431640625,-76.8408203125
52.9822231,-58.7548828125,-1.9091796875,-80.8447265625
53.0021117,-60.0244140625,10.2001953125,-81.7724609375
53.0403466,-60.9521484375,19.6728515625,-70.1025390625
53.0616066,-60.8544921875,26.8017578125,-45.2001953125
53.0987529,-61.7333984375,32.2705078125,-23.7646484375
53.1221366,-61.8310546875,36.0791015625,-10.9228515625
53.1601174,-63.0029296875,38.3251953125,-3.0615234375
53.1817859,-63.4912109375,37.4951171875,0.7470703125
53.2199413,-63.8818359375,35.8837890625,1.5283203125
53.2429701,-64.1259765625,34.4189453125,-3.4521484375
53.280792,-64.7119140625,33.4912109375,-8.7255859375
53.3045437,-64.9560546875,32.6123046875,-14.2919921875
53.3395546,-64.3212890625,30.6103515625,-16.1474609375
53.3613601,-64.0771484375,28.3154296875,-17.4658203125
53.3985429,-61.9287109375,25.1904296875,-19.1259765625
53.4235494,-60.6103515625,22.7490234375,-22.3974609375
53.4604297,-58.6572265625,19.9658203125,-26.1083984375
53.4834617,-57.3388671875,17.2802734375,-30.1611328125
53.5208589,-56.7041015625,14.3505859375,-36.1181640625
53.5466763,-55.8740234375,11.1279296875,-40.5615234375
53.5817701,-55.9228515625,9.3701171875,-45.3955078125
53.6072235,-55.9228515625,6.8310546875,-50.1318359375
53.6359537,-56.2158203125,4.0966796875,-53.6962890625
53.6719083,-55.9228515625,1.8505859375,-56.9677734375
53.6971117,-56.4599609375,-1.0791015625,-60.2880859375
53.7353224,-55.9716796875,-3.9111328125,-64.9755859375
53.755835,-57.0458984375,-6.7919921875,-70.4931640625
53.7871014,-57.1435546875,-8.3056640625,-75.8154296875
53.8171836,-58.2177734375,-6.5478515625,-80.4541015625
53.8457442,-58.6083984375,4.0966796875,-82.8955078125
53.8769369,-59.2919921875,14.2041015625,-75.9619140625
53.912986,-59.8291015625,21.8701171875,-53.6474609375
53.9349744,-60.9521484375,27.2900390625,-30.6982421875
53.9709595,-61.8310546875,30.2685546875,-16.7822265625
53.9960671,-62.5634765625,32.7099609375,-8.1884765625
54.028783,-62.9052734375,31.6357421875,-4.0380859375
54.0587306,-63.1494140625,29.9267578125,-3.5986328125
54.088627,-63.7841796875,28.7060546875,-7.6513671875
54.1166824,-64.5166015625,27.8759765625,-13.9990234375
54.1505797,-64.6630859375,26.8017578125,-17.4658203125
54.1778687,-65.1513671875,24.2626953125,-20.4931640625
54.208741,-64.1259765625,21.8701171875,-21.6162109375
54.2389991,-62.2216796875,19.1845703125,-23.3740234375
54.2672734,-61.0986328125,16.6943359375,-26.5966796875
54.3003332,-59.4873046875,13.9111328125,-29.2822265625
54.3280165,-58.2177734375,11.3232421875,-33.2373046875
54.3600902,-57.3388671875,8.1982421875,-37.6318359375
54.3893825,-57.4365234375,6.0009765625,-42.8076171875
54.4189522,-57.4853515625,4.0478515625,-47.2509765625
54.450674,-56.7529296875,2.1923828125,-50.9619140625
54.4807563,-57.2900390625,-0.3466796875,-55.0634765625
54.5120536,-57.6318359375,-2.8369140625,-57.8955078125
54.5558429,-57.5830078125,-5.2294921875,-60.5322265625
54.569208,-57.8271484375,-8.3056640625,-64.8291015625
54.5991085,-58.4619140625,-10.4052734375,-68.6865234375
54.6477146,-59.2431640625,-11.9677734375,-74.3505859375
54.6600204,-59.3408203125,-11.2841796875,-78.3544921875
54.6921452,-60.2197265625,-1.4697265625,-80.6005859375
54.7343911,-60.9521484375,9.0283203125,-76.8408203125
54.7510191,-61.1962890625,16.6943359375,-57.3095703125
54.7950631,-61.9287109375,22.4072265625,-34.8486328125
54.8175004,-62.5146484375,25.5322265625,-20.3466796875
54.8531279,-62.7587890625,27.8759765625,-10.8740234375
54.8734989,-64.0283203125,27.5341796875,-6.9189453125
54.9154387,-64.7607421875,25.8740234375,-6.2841796875
54.9371577,-65.1513671875,25.2392578125,-9.2138671875
54.9763974,-65.3955078125,24.5068359375,-15.8544921875
54.9967141,-66.5673828125,23.3349609375,-20.7861328125
55.0252084,-66.7138671875,22.5048828125,-22.8857421875
55.0727373,-65.9326171875,20.2099609375,-23.8134765625
55.093179,-65.0537109375,17.5244140625,-24.7900390625
55.1164074,-63.1494140625,15.4248046875,-27.1337890625
55.155327,-62.0751953125,12.5439453125,-30.4541015625
55.1756104,-60.7568359375,10.6884765625,-34.5556640625
55.2162428,-59.2431640625,8.6865234375,-38.3642578125
55.2360538,-58.3154296875,6.0009765625,-43.6865234375
55.2786533,-58.4130859375,4.2919921875,-47.6904296875
55.2949934,-57.9248046875,2.3876953125,-51.5478515625
55.3347438,-58.2177734375,0.2392578125,-55.2587890625
55.3560783,-58.2666015625,-1.5673828125,-58.2861328125
55.3972154,-58.5595703125,-4.2041015625,-61.4599609375
55.4191412,-58.8525390625,-6.6943359375,-65.0244140625
55.4556055,-58.6083984375,-8.8427734375,-69.9072265625
55.4757152,-59.2919921875,-9.8193359375,-75.1806640625
55.5198423,-59.4873046875,-9.6728515625,-79.6240234375
55.5374085,-59.9267578125,1.1181640625,-82.2119140625
55.5750123,-60.2685546875,11.7626953125,-77.6220703125
55.5953653,-60.6591796875,20.5029296875,-56.5283203125
55.6389365,-60.9033203125,25.6298828125,-33.0908203125
55.6581703,-61.9287109375,30.5126953125,-16.2451171875
55.6940508,-62.5146484375,33.4423828125,-5.4541015625
55.7168034,-63.3447265625,34.6142578125,0.1611328125
55.7593354,-63.4912109375,32.1728515625,1.7236328125
55.7799195,-63.3935546875,31.8310546875,0.6494140625
55.8167067,-64.2236328125,30.9521484375,-5.3076171875
55.8383316,-64.2724609375,29.8779296875,-9.6533203125
55.8756721,-64.1748046875,28.4130859375,-11.8505859375
55.8969869,-64.4677734375,27.0458984375,-13.3642578125
55.9366538,-63.1982421875,24.0673828125,-14.4873046875
55.9582391,-61.8798828125,21.3818359375,-16.2451171875
55.9953508,-59.9755859375,19.4287109375,-19.7607421875
56.0208584,-58.2666015625,16.3037109375,-23.3740234375
56.0589533,-57.3876953125,14.7412109375,-28.1103515625
56.0792992,-56.2158203125,11.9091796875,-32.3583984375
56.1188238,-55.8740234375,8.5888671875,-37.3388671875
56.139164,-55.9716796875,8.2470703125,-41.6357421875
56.1744901,-55.3857421875,5.2685546875,-44.2236328125
56.2010519,-55.6298828125,3.6083984375,-48.1298828125
56.2373993,-56.0693359375,0.5322265625,-50.8154296875
56.262508,-55.7763671875,-1.7138671875,-54.9169921875
56.3097636,-55.8740234375,-4.9365234375,-59.6044921875
56.3310586,-56.2158203125,-5.9619140625,-65.4638671875
56.3470676,-57.0458984375,-6.6455078125,-70.3466796875
56.3875098,-57.6806640625,1.1669921875,-73.8134765625
56.4123674,-58.1689453125,11.5185546875,-72.2998046875
56.4516856,-59.0478515625,20.6982421875,-55.7958984375
56.4717216,-59.2431640625,27.0458984375,-31.6748046875
56.5069524,-60.1708984375,31.6845703125,-13.2177734375
56.5344207,-60.4638671875,34.9560546875,-1.0107421875
56.5699522,-61.0498046875,36.5185546875,4.8486328125
56.591858,-61.3916015625,35.5908203125,9.3896484375
56.638383,-62.2705078125,34.0771484375,8.4619140625
56.6677188,-62.5634765625,32.6611328125,3.2373046875
56.6846204,-62.0263671875,31.6357421875,-2.0361328125
56.7198269,-63.5400390625,30.8544921875,-4.9658203125
56.7414793,-63.4423828125,28.2177734375,-6.5283203125
56.7924797,-62.7099609375,26.3623046875,-8.3349609375
56.8126224,-61.0498046875,24.5556640625,-9.8974609375
56.8547875,-59.1455078125,20.8447265625,-12.5830078125
56.8626866,-58.0712890625,17.8662109375,-16.8310546875
56.9012094,-56.5576171875,15.3759765625,-20.9326171875
56.9227379,-54.8974609375,12.5927734375,-26.1083984375
56.9618379,-54.0185546875,10.1513671875,-30.4541015625
56.9814008,-54.2626953125,8.1494140625,-35.0927734375
57.0173503,-54.2626953125,6.1474609375,-39.0966796875
57.0452382,-54.1650390625,3.8525390625,-41.3427734375
57.0829389,-54.7021484375,1.0205078125,-44.6630859375
57.1043501,-54.6044921875,-2.3486328125,-49.1552734375
57.1404235,-54.4580078125,-4.3994140625,-53.3056640625
57.1621366,-55.3369140625,-6.3525390625,-58.8232421875
57.2005546,-55.1416015625,-8.3056640625,-64.2431640625
57.2297687,-56.1669921875,-4.2041015625,-67.8564453125
57.2664237,-56.5576171875,6.8798828125,-69.1259765625
57.2855532,-57.1435546875,15.5712890625,-58.5791015625
57.3217798,-58.0224609375,22.3095703125,-36.5087890625
57.3479821,-58.4619140625,27.1435546875,-15.7568359375
57.3839444,-58.9013671875,29.5361328125,-2.9150390625
57.4054608,-59.3408203125,32.1728515625,4.6044921875
57.4471452,-59.7802734375,30.6103515625,9.3408203125
57.4675035,-60.9521484375,28.3642578125,9.4873046875
57.5053961,-61.4892578125,27.8271484375,4.3603515625
57.5256247,-61.6845703125,26.2158203125,-1.0595703125
57.5643648,-62.2705078125,25.5810546875,-4.9658203125
57.5871377,-61.9775390625,23.1396484375,-6.3818359375
57.6252393,-61.9775390625,21.3330078125,-7.6513671875
57.645677,-60.9033203125,18.6962890625,-8.7744140625
57.6835146,-59.4873046875,16.4013671875,-11.8505859375
57.7085471,-57.3388671875,12.9345703125,-14.9755859375
57.7444477,-56.8017578125,10.5419921875,-19.7119140625
57.769318,-54.9951171875,8.5888671875,-24.3017578125
57.8067258,-54.5556640625,5.8056640625,-28.5009765625
57.8268319,-54.7021484375,3.6572265625,-32.6025390625
57.863127,-54.4580078125,1.9970703125,-36.4599609375
57.8876069,-54.4580078125,-0.2490234375,-39.1943359375
57.9270961,-54.1162109375,-3.7646484375,-42.3193359375
57.9473048,-55.2880859375,-5.0830078125,-45.5419921875
57.9887449,-55.1904296875,-8.4033203125,-49.3505859375
58.0101172,-55.1416015625,-9.5751953125,-54.9658203125
58.0473912,-56.3134765625,-11.5283203125,-59.8486328125
58.0736761,-56.5576171875,-8.4033203125,-62.9248046875
58.1122269,-57.5341796875,1.6552734375,-64.2919921875
58.130746,-57.4365234375,11.5673828125,-56.7724609375
58.1803291,-57.9248046875,17.7197265625,-36.8505859375
58.2004552,-58.8525390625,21.9189453125,-16.1474609375
58.2181987,-59.5361328125,25.2880859375,-2.6220703125
58.253884,-59.8291015625,27.0458984375,4.4580078125
58.2805768,-60.8544921875,25.7763671875,8.6083984375
58.3186996,-61.2939453125,24.6533203125,8.4130859375
58.3531842,-62.0751953125,24.1162109375,3.2373046875
58.3701865,-62.4658203125,22.8955078125,-1.9873046875
58.4105285,-62.5146484375,22.1142578125,-6.0400390625
58.432857,-63.0029296875,20.3564453125,-7.9931640625
58.4703479,-63.1005859375,18.2568359375,-8.6767578125
58.4895488,-62.6611328125,16.5478515625,-9.9951171875
58.5299115,-60.8056640625,13.9111328125,-12.9248046875
58.552408,-59.3408203125,10.9326171875,-16.6845703125
58.5891896,-58.2177734375,9.3212890625,-20.3955078125
58.6115665,-57.5341796875,6.9287109375,-25.1806640625
58.6496343,-56.6064453125,4.6826171875,-29.4775390625
58.674205,-55.6298828125,2.5830078125,-33.9697265625
58.7150762,-56.0693359375,0.8740234375,-37.7783203125
58.7295184,-55.6787109375,-0.4443359375,-40.4638671875
58.7676855,-56.3134765625,-3.2763671875,-43.2958984375
58.7946567,-56.4599609375,-5.4736328125,-46.1767578125
58.8213873,-55.8251953125,-7.5732421875,-50.5712890625
58.8587065,-56.1181640625,-9.4287109375,-55.7958984375
58.8827734,-56.9970703125,-10.2587890625,-60.7275390625
58.9196207,-57.6806640625,-7.6220703125,-64.9755859375
58.9423731,-57.9248046875,3.4130859375,-66.8310546875
58.9788906,-58.9013671875,12.8857421875,-59.0673828125
59.0105741,-58.9501953125,20.6005859375,-36.8505859375
59.0339022,-59.4384765625,26.0693359375,-15.9033203125
59.0703752,-59.8291015625,29.4384765625,-0.9619140625
59.0977162,-60.6103515625,32.3193359375,8.6083984375
59.1233867,-60.7080078125,31.7333984375,13.3935546875
59.1524847,-60.7080078125,30.6103515625,14.2724609375
59.189439,-61.9287109375,29.2919921875,10.3173828125
59.2141968,-62.2705078125,29.0478515625,5.2880859375
59.247881,-62.6123046875,27.7294921875,-0.2294921875
59.2748011,-62.7099609375,25.8251953125,-2.0849609375
59.3048965,-62.5634765625,24.1650390625,-3.5009765625
59.3428697,-61.9287109375,21.5771484375,-5.2587890625
59.364697,-60.0244140625,19.0869140625,-7.1630859375
59.4019413,-58.5595703125,16.1572265625,-10.9228515625
59.4253479,-56.3623046875,13.4716796875,-15.4150390625
59.4627108,-54.8974609375,11.6162109375,-19.9072265625
59.4841815,-53.6279296875,8.9794921875,-24.8876953125
59.5217813,-53.6279296875,6.6845703125,-29.6728515625
59.5642741,-53.0908203125,5.3173828125,-33.7255859375
59.5791946,-53.3349609375,2.8271484375,-37.1923828125
59.6060373,-52.9931640625,0.0927734375,-40.3173828125
59.6422815,-53.3837890625,-1.9580078125,-43.2958984375
59.66937,-53.6279296875,-4.8388671875,-47.2998046875
59.7165557,-53.6279296875,-7.1337890625,-53.7939453125
59.7323165,-54.2138671875,-8.5986328125,-58.8232421875
59.7604721,-54.7998046875,-7.2802734375,-63.8037109375
59.8053569,-54.6533203125,3.1689453125,-65.8056640625
59.8153626,-55.2392578125,13.3251953125,-61.1669921875
59.8654873,-56.1669921875,21.6259765625,-40.5615234375
59.8871094,-56.7041015625,26.8017578125,-17.6611328125
59.9334049,-57.3388671875,31.9287109375,-0.1806640625
59.9384205,-58.4619140625,34.8095703125,9.6337890625
59.9852515,-57.7783203125,36.1279296875,16.1279296875
59.9992486,-58.1201171875,33.2958984375,18.8623046875
60.0458793,-58.8037109375,32.2216796875,17.0556640625
60.0667208,-59.3408203125,31.1962890625,11.2939453125
60.1026399,-60.1220703125,29.5849609375,6.1669921875
60.1231108,-60.4638671875,27.6806640625,2.7978515625
60.1663824,-60.6103515625,26.0693359375,1.4306640625
60.1807932,-60.3662109375,24.5068359375,-0.3271484375
60.228293,-58.8525390625,20.7958984375,-2.7685546875
60.2433307,-57.4365234375,18.1591796875,-6.0400390625
60.2851118,-55.2392578125,15.2294921875,-10.8740234375
60.306751,-53.6767578125,12.4462890625,-15.9033203125
60.3424152,-52.3583984375,9.0283203125,-20.5419921875
60.363928,-51.2841796875,7.7099609375,-25.6201171875
60.4052845,-51.4306640625,5.6591796875,-30.8447265625
60.426762,-50.5517578125,2.8271484375,-34.5068359375
60.4655318,-50.7470703125,1.0205078125,-37.2412109375
60.4834097,-51.1376953125,-2.5927734375,-40.8544921875
60.5281396,-50.9912109375,-4.8876953125,-45.1513671875
60.5476241,-51.1865234375,-7.1337890625,-50.4248046875
60.590355,-51.4794921875,-9.0380859375,-55.9423828125
60.6022598,-51.7724609375,-9.1845703125,-61.2158203125
60.645587,-52.5537109375,-0.7373046875,-64.5361328125
60.665823,-53.1884765625,9.7607421875,-62.7294921875
60.7072468,-53.6279296875,17.7197265625,-45.9814453125
60.7277049,-54.4580078125,23.2861328125,-22.2509765625
60.7633372,-54.7998046875,28.3642578125,-3.4033203125
60.7824739,-55.0927734375,31.2451171875,7.8759765625
60.8276734,-56.3134765625,32.5634765625,13.6865234375
60.8479611,-56.6552734375,29.8779296875,16.8603515625
60.8827915,-57.2412109375,28.1689453125,15.6884765625
60.9045445,-58.0712890625,27.3388671875,9.5849609375
60.9475821,-58.5595703125,25.2392578125,3.4814453125
60.9680686,-58.8525390625,24.1650390625,0.0634765625
61.0065357,-58.9013671875,21.7724609375,-1.7431640625
61.0265828,-58.8525390625,19.5263671875,-2.5244140625
61.0651636,-58.4130859375,16.4501953125,-5.3076171875
61.0850095,-56.3134765625,13.5205078125,-7.6025390625
61.1281065,-54.7021484375,10.7373046875,-12.3388671875
61.1472147,-53.6279296875,8.1494140625,-17.3681640625
61.1832761,-51.7724609375,5.0732421875,-22.2509765625
61.2040622,-50.5029296875,2.9248046875,-27.3291015625
61.2514851,-50.1123046875,0.2392578125,-31.7236328125
61.2714971,-50.6494140625,-1.5673828125,-36.4111328125
61.3109352,-50.4052734375,-3.7158203125,-39.5361328125
61.3302691,-50.5029296875,-7.0849609375,-42.3681640625
61.3672153,-50.7470703125,-9.8193359375,-46.0791015625
61.3877524,-50.7958984375,-12.6513671875,-51.4501953125
61.4265812,-51.5283203125,-14.5068359375,-56.7236328125
61.4457744,-51.6259765625,-15.9228515625,-62.3876953125
61.4862798,-52.4072265625,-10.8447265625,-65.4150390625
61.5078219,-52.9931640625,0.1416015625,-66.4892578125
61.5440825,-53.4814453125,9.1748046875,-56.3330078125
61.5680576,-54.8974609375,15.0341796875,-33.8232421875
61.6101576,-54.9462890625,19.4775390625,-13.5595703125
61.6291857,-55.3857421875,22.4072265625,-1.5478515625
61.6649774,-56.0693359375,23.3349609375,5.5322265625
61.6902367,-57.2412109375,21.2841796875,8.8037109375
61.7274856,-57.3876953125,20.1123046875,7.6806640625
61.7493037,-58.0224609375,19.8681640625,1.7236328125
61.7875051,-58.9501953125,18.1591796875,-4.1845703125
61.8111667,-59.4384765625,17.0361328125,-8.0908203125
61.8594066,-59.9267578125,15.3271484375,-9.6533203125
61.8896174,-59.9267578125,13.7158203125,-10.4345703125
61.9016567,-60.2685546875,10.7373046875,-11.9482421875
61.9390558,-58.1689453125,8.1982421875,-14.8291015625
61.9592361,-56.3623046875,5.7568359375,-18.4912109375
61.9965236,-55.3857421875,3.5107421875,-23.1298828125
62.0186826,-53.8720703125,1.0205078125,-26.9384765625
62.0635329,-53.2373046875,-1.1279296875,-31.9677734375
62.0838896,-53.0908203125,-2.2509765625,-36.7041015625
62.1231388,-52.8466796875,-4.0087890625,-40.3173828125
62.1430692,-52.8955078125,-6.4990234375,-42.8564453125
62.1827395,-52.8466796875,-8.3056640625,-45.1513671875
62.2018314,-53.1396484375,-11.1865234375,-48.8623046875
62.2397623,-53.8232421875,-13.4326171875,-53.0615234375
62.2619739,-53.5791015625,-14.4580078125,-58.8720703125
62.2972414,-54.1162109375,-14.5068359375,-63.4619140625
62.3224208,-54.5556640625,-7.0849609375,-67.0751953125
62.3626472,-55.0439453125,4.0478515625,-65.7568359375
62.3864176,-55.6298828125,12.0556640625,-51.3037109375
62.4389989,-56.5087890625,18.6474609375,-27.7685546875
62.4703782,-56.8505859375,23.0419921875,-8.5791015625
62.4712294,-57.9248046875,26.5576171875,3.3837890625
62.5093127,-58.2666015625,27.5830078125,9.6826171875
62.5321246,-58.6083984375,26.0205078125,11.6357421875
62.5688573,-58.9013671875,24.7998046875,10.7080078125
62.5954217,-59.0966796875,23.8720703125,5.3369140625
62.6428074,-59.6337890625,23.0419921875,-0.4736328125
62.6619483,-60.2197265625,21.8701171875,-3.5986328125
62.7011659,-60.5615234375,20.0634765625,-4.7705078125
62.7158805,-60.4638671875,18.4033203125,-6.1376953125
62.7540836,-60.0244140625,16.2060546875,-7.9443359375
62.7768642,-58.4619140625,13.7158203125,-10.8740234375
62.8183399,-56.2646484375,11.3232421875,-14.8779296875
62.8397605,-55.2392578125,8.9306640625,-19.5166015625
62.8808884,-53.1884765625,6.2451171875,-23.8623046875
62.8955369,-52.2119140625,4.3408203125,-29.0380859375
62.9339918,-51.7724609375,2.6318359375,-33.7744140625
62.9574468,-51.6748046875,0.9228515625,-37.5341796875
62.995161,-51.5771484375,-0.9326171875,-41.4404296875
63.0144255,-51.2841796875,-4.3505859375,-44.3212890625
63.0496103,-50.8935546875,-6.5478515625,-47.2509765625
63.0777705,-51.0888671875,-8.8916015625,-52.7197265625
63.1183551,-51.6259765625,-10.5029296875,-58.4814453125
63.1375735,-51.5771484375,-9.8681640625,-63.4130859375
63.177741,-51.8212890625,-0.3955078125,-65.6591796875
63.1973511,-52.1630859375,11.0302734375,-63.4130859375
63.2348761,-52.8466796875,19.9169921875,-43.9794921875
63.2573697,-53.6279296875,25.9228515625,-19.2236328125
63.2925785,-54.3603515625,30.5615234375,-1.3037109375
63.3205233,-54.3115234375,34.2236328125,10.9521484375
63.3596684,-55.1416015625,35.5908203125,18.5205078125
63.3808631,-55.9228515625,33.5888671875,22.0361328125
63.4176478,-56.0693359375,32.5146484375,20.4248046875
63.4374482,-56.9970703125,31.3427734375,16.1279296875
63.4766348,-57.3876953125,29.7314453125,10.3173828125
63.4979237,-57.5341796875,28.6083984375,6.8994140625
63.5368362,-59.1455078125,26.5087890625,5.0439453125
63.559489,-58.5107421875,24.5068359375,4.1162109375
63.5966145,-57.5341796875,21.7236328125,2.5537109375
63.6175244,-55.9716796875,19.0380859375,-0.8642578125
63.6594247,-53.7255859375,16.1572265625,-5.1611328125
63.6797358,-52.7001953125,13.9599609375,-9.8486328125
63.7173687,-50.6982421875,10.4443359375,-14.5849609375
63.7418663,-49.1357421875,9.0771484375,-19.7119140625
63.7783168,-49.0869140625,6.9775390625,-24.2041015625
63.8040799,-48.3056640625,5.2197265625,-28.6474609375
63.8415265,-48.9404296875,2.3388671875,-32.2119140625
63.8578099,-48.9404296875,-0.2001953125,-35.0927734375
63.8941134,-48.6474609375,-2.2509765625,-39.3896484375
63.9209752,-49.0869140625,-5.4736328125,-44.4677734375
63.9609141,-49.0380859375,-6.3525390625,-50.1318359375
63.9845353,-49.5751953125,-7.1826171875,-55.6005859375
64.0229426,-49.9169921875,1.8017578125,-59.1162109375
64.0415464,-49.9658203125,12.1533203125,-57.4560546875
64.0785757,-51.0400390625,20.4541015625,-41.0498046875
64.0998934,-51.2841796875,25.9716796875,-16.4404296875
64.1355813,-52.1142578125,30.6103515625,2.2119140625
64.1617128,-53.1396484375,34.7119140625,14.4677734375
64.1940103,-53.6279296875,35.5419921875,20.8642578125
64.231779,-53.9697265625,33.5888671875,25.0634765625
64.2545778,-54.4580078125,32.2216796875,23.5009765625
64.2835152,-55.1904296875,30.1708984375,18.1298828125
64.3243616,-55.8251953125,29.8779296875,12.5634765625
64.3441495,-56.8017578125,27.5830078125,8.2666015625
64.3831986,-57.5830078125,25.7275390625,6.1669921875
64.4056229,-57.0458984375,23.3837890625,5.7275390625
64.4417439,-56.3623046875,20.3564453125,3.1884765625
64.4643705,-55.3369140625,17.5732421875,0.0146484375
64.5008026,-53.1396484375,14.2529296875,-4.5751953125
64.524601,-51.7724609375,11.2744140625,-9.6533203125
64.5600624,-49.9169921875,9.3701171875,-13.9501953125
64.5849428,-48.7451171875,6.6357421875,-18.6376953125
64.6242947,-48.2080078125,4.5361328125,-23.6669921875
64.645321,-47.8662109375,2.7294921875,-26.9873046875
64.6838512,-48.1591796875,0.1416015625,-29.9169921875
64.7063305,-48.4033203125,-2.8857421875,-33.0908203125
64.7343491,-48.5498046875,-6.3525390625,-37.8759765625
64.7837142,-48.9404296875,-7.9150390625,-43.5888671875
64.8154176,-48.2080078125,-10.3564453125,-49.0087890625
64.8283838,-48.7451171875,-11.9677734375,-54.5751953125
64.8579059,-50.5029296875,-3.9111328125,-56.9677734375
64.8928639,-50.6982421875,6.6357421875,-56.9189453125
64.9143045,-51.6259765625,14.5458984375,-42.2216796875
64.9524365,-52.3095703125,20.8447265625,-20.0048828125
64.9952059,-53.1396484375,24.6533203125,-0.7666015625
65.0077288,-53.7255859375,26.8994140625,9.9267578125
65.0371438,-53.8232421875,27.5341796875,15.7373046875
65.0691692,-54.7998046875,26.1181640625,17.9833984375
65.1165762,-55.5810546875,24.4580078125,15.4931640625
65.1367868,-56.6552734375,23.8232421875,9.8779296875
65.1754897,-57.1435546875,22.7490234375,4.8974609375
65.1873514,-57.8759765625,21.5283203125,1.1865234375
65.2354598,-57.9736328125,19.4775390625,0.5029296875
65.2561051,-58.4130859375,17.6220703125,-1.9384765625
65.2794022,-57.6318359375,14.7900390625,-3.5986328125
65.3117168,-57.2412109375,12.2509765625,-6.6259765625
65.356859,-55.7275390625,10.2490234375,-10.3857421875
65.3677124,-54.1650390625,7.6123046875,-14.8779296875
65.417112,-52.6513671875,5.9033203125,-19.8583984375
65.4283591,-52.1142578125,4.0478515625,-24.2041015625
65.4759208,-51.3818359375,1.8994140625,-27.7685546875
65.4959553,-50.9912109375,0.4833984375,-31.3818359375
65.5355514,-51.7724609375,-3.0322265625,-34.5556640625
65.5551868,-51.3818359375,-4.3017578125,-37.6318359375
65.6099427,-51.3330078125,-7.0849609375,-42.5146484375
65.6109056,-51.9189453125,-8.9404296875,-46.4697265625
65.658807,-52.3095703125,-9.5751953125,-51.8896484375
65.6694301,-52.9443359375,-8.6474609375,-56.2841796875
65.7160963,-53.0908203125,2.7294921875,-58.7744140625
65.7361691,-52.9443359375,12.3974609375,-53.9404296875
65.7724068,-54.3603515625,19.7705078125,-33.8232421875
65.7926654,-54.3115234375,25.4345703125,-10.7763671875
65.8362784,-54.9462890625,28.9501953125,4.8486328125
65.8563607,-55.6787109375,32.4658203125,14.4677734375
65.8983723,-56.2646484375,32.6611328125,19.3505859375
65.9131825,-56.8505859375,30.5615234375,21.1083984375
65.956608,-57.5341796875,29.6826171875,17.5439453125
65.9758597,-57.5830078125,29.1455078125,11.4404296875
66.0156708,-58.6572265625,27.9736328125,7.1923828125
66.0369559,-58.4619140625,25.6298828125,4.0185546875
66.0741564,-58.7548828125,24.1162109375,3.3349609375
66.0932619,-58.7060546875,22.7001953125,1.3330078125
66.136013,-58.7060546875,19.6728515625,-0.5712890625
66.1565963,-56.9482421875,17.3779296875,-3.5009765625
66.1944153,-55.5322265625,14.9853515625,-7.5537109375
66.2145344,-53.6767578125,12.6416015625,-12.7294921875
66.2559869,-51.7724609375,10.1025390625,-17.4658203125
66.2751834,-51.1376953125,7.9541015625,-21.8115234375
66.3320702,-50.3076171875,6.6357421875,-25.9619140625
66.3623102,-49.8681640625,4.1943359375,-30.0634765625
66.363182,-50.0146484375,1.2158203125,-32.9443359375
66.4060062,-49.7705078125,-1.5673828125,-37.0947265625
66.4260963,-49.8193359375,-2.7392578125,-41.0986328125
66.473342,-49.5751953125,-5.7177734375,-46.1767578125
66.4936788,-49.6240234375,-6.5966796875,-51.9873046875
66.5286039,-50.2587890625,-1.8115234375,-56.1865234375
66.5486354,-50.8447265625,10.4443359375,-58.1884765625
66.5854747,-50.8935546875,19.2333984375,-48.6669921875
66.6080826,-51.6259765625,27.2900390625,-24.4482421875
66.6452867,-52.0654296875,32.6123046875,-1.8408203125
66.6678123,-52.9443359375,36.9580078125,13.5888671875
66.704248,-53.2861328125,40.2783203125,22.8173828125
66.7286555,-53.7744140625,39.3017578125,28.4326171875
66.7662857,-55.1904296875,37.8369140625,30.4345703125
66.7885591,-55.0927734375,36.4697265625,28.3349609375
66.8243074,-55.4833984375,35.3955078125,21.5966796875
66.8447302,-55.4345703125,34.9072265625,17.3486328125
66.8879121,-56.6552734375,32.9541015625,14.8583984375
66.9070684,-56.7041015625,30.8544921875,13.6865234375
66.9459089,-56.9482421875,28.4130859375,11.4892578125
66.9696884,-56.6552734375,25.7275390625,10.0732421875
67.0184312,-55.8740234375,22.8955078125,5.6298828125
67.038576,-54.2138671875,20.4052734375,1.0400390625
67.0782713,-52.7490234375,17.4267578125,-3.5498046875
67.0985932,-50.2587890625,14.9853515625,-8.3837890625
67.1461826,-48.8916015625,13.0810546875,-13.1201171875
67.1653331,-48.5498046875,11.2255859375,-16.6845703125
67.1791511,-48.0615234375,8.5400390625,-20.4931640625
67.2165666,-48.0615234375,5.6103515625,-23.4716796875
67.2390496,-48.2080078125,2.7294921875,-28.2080078125
67.273689,-47.9150390625,0.1416015625,-33.1396484375
67.3006207,-48.1591796875,-1.2255859375,-38.2666015625
67.3425354,-47.9638671875,-2.3486328125,-43.8330078125
67.3626161,-49.0380859375,3.6572265625,-47.7880859375
67.4110397,-49.7216796875,14.2529296875,-47.8857421875
67.4310824,-49.7216796875,24.0185546875,-35.6787109375
67.47354,-50.2099609375,29.9267578125,-12.2412109375
67.4814336,-50.7958984375,34.6630859375,8.4619140625
67.5184102,-51.3818359375,37.8369140625,21.7431640625
67.5425677,-51.6748046875,39.1064453125,29.0185546875
67.5799952,-52.8466796875,37.2998046875,32.4853515625
67.5991948,-53.2373046875,35.6884765625,33.5595703125
67.636982,-53.0908203125,35.1025390625,28.2373046875
67.6629478,-54.3603515625,33.4912109375,21.6943359375
67.7000326,-55.2880859375,31.8310546875,17.7392578125
67.7238375,-55.0927734375,29.0966796875,15.7373046875
67.760448,-55.8251953125,26.4111328125,14.0771484375
67.7818467,-56.3623046875,23.8720703125,12.5146484375
67.8202995,-55.9716796875,20.7470703125,8.9990234375
67.8414444,-54.5068359375,17.7197265625,4.6533203125
67.8821138,-52.8955078125,15.3271484375,0.6494140625
67.913651,-51.7236328125,12.2998046875,-4.8681640625
67.9493656,-49.3310546875,10.6884765625,-9.1162109375
67.9648813,-48.5986328125,8.3935546875,-13.9990234375
68.0033768,-47.9150390625,6.2451171875,-17.8564453125
68.0247862,-47.4755859375,2.7294921875,-20.9814453125
68.0635708,-47.8662109375,-0.2490234375,-23.8623046875
68.0837872,-47.7685546875,-2.8857421875,-28.4521484375
68.1207899,-47.6220703125,-4.8876953125,-33.6767578125
68.14483,-48.1103515625,-7.1826171875,-39.2431640625
68.1834546,-48.7451171875,-7.6708984375,-44.2724609375
68.2055478,-48.7939453125,0.8740234375,-47.0556640625
68.2418847,-49.4775390625,10.3955078125,-45.4443359375
68.2670848,-50.2099609375,17.7197265625,-29.7216796875
68.3050808,-50.7958984375,23.7744140625,-6.8701171875
68.3253076,-51.8212890625,27.2412109375,9.4384765625
68.3627243,-51.6748046875,29.0478515625,20.0830078125
68.3865338,-52.8955078125,28.5107421875,26.1376953125
68.4231495,-52.8466796875,25.9716796875,27.3583984375
68.4480458,-53.6767578125,25.1904296875,24.5751953125
68.4861796,-54.2138671875,24.7021484375,17.4951171875
68.5062247,-55.1904296875,22.4560546875,12.3681640625
68.557188,-55.7763671875,21.9189453125,9.4384765625
68.5880263,-56.8017578125,19.5263671875,8.5595703125
68.5962259,-57.0947265625,17.2802734375,7.2412109375
68.6325196,-56.6064453125,14.0576171875,4.6044921875
68.6561076,-56.6064453125,12.0556640625,1.4794921875
68.6926422,-55.1416015625,9.6142578125,-2.4755859375
68.7176477,-53.6767578125,7.8564453125,-7.6513671875
68.754734,-51.9189453125,5.5615234375,-11.5576171875
68.7802631,-51.5283203125,3.7060546875,-16.0986328125
68.8152913,-50.0634765625,1.7041015625,-20.1025390625
68.8353474,-49.8681640625,-0.4931640625,-23.5205078125
68.8744357,-49.9169921875,-2.7392578125,-26.1083984375
68.8993708,-49.9169921875,-5.2783203125,-29.8193359375
68.9360466,-50.5517578125,-7.4267578125,-34.5068359375
68.9601044,-50.0634765625,-9.1357421875,-39.2431640625
68.9981706,-50.5029296875,-10.0634765625,-44.3701171875
69.0190614,-51.0888671875,-3.0810546875,-47.5439453125
69.0594124,-51.4306640625,8.2958984375,-48.0810546875
69.0815732,-51.9189453125,16.6455078125,-35.9228515625
69.1178828,-52.6513671875,23.6767578125,-13.8037109375
69.1419667,-52.7490234375,27.8759765625,6.9482421875
69.1785084,-53.8232421875,31.0498046875,19.2041015625
69.2008369,-53.9208984375,32.2216796875,26.3330078125
69.2355423,-54.2626953125,30.0244140625,28.6767578125
69.2636239,-54.1650390625,28.3154296875,28.1396484375
69.2998214,-55.8740234375,27.8271484375,22.5732421875
69.3221322,-56.2158203125,26.7041015625,16.3720703125
69.3615485,-56.6552734375,25.9228515625,12.6611328125
69.3814791,-56.9970703125,24.1650390625,10.5126953125
69.4190383,-57.2900390625,21.1865234375,9.7314453125
69.4438958,-57.3876953125,18.8916015625,8.1201171875
69.4719353,-57.6318359375,16.5966796875,4.4091796875
69.5091919,-56.5576171875,14.2041015625,0.6005859375
69.5343146,-54.3603515625,11.7138671875,-3.7451171875
69.5691517,-52.3583984375,9.1259765625,-9.5556640625
69.5955153,-50.6982421875,7.5634765625,-14.0478515625
69.6245972,-49.2822265625,6.0009765625,-18.2958984375
69.6617391,-48.6962890625,3.6572265625,-21.7138671875
69.6850548,-48.0615234375,0.6298828125,-24.4970703125
69.7144234,-47.6708984375,-2.2021484375,-29.1357421875
69.7464149,-48.3056640625,-4.6435546875,-33.1396484375
69.7752705,-48.0615234375,-6.6943359375,-38.6572265625
69.8048046,-48.2568359375,-7.9638671875,-43.7841796875
69.8319799,-48.1591796875,-4.1064453125,-48.8623046875
69.869376,-48.7939453125,7.4658203125,-51.8896484375
69.8974372,-49.2333984375,17.4755859375,-43.4912109375
69.9265279,-49.5263671875,24.7998046875,-20.2490234375
69.9535906,-49.8681640625,30.0244140625,2.9443359375
69.989937,-50.9912109375,34.3212890625,18.4716796875
70.016581,-51.0888671875,37.6904296875,27.8466796875
70.0637553,-52.1142578125,37.3486328125,35.1220703125
70.078017,-52.3095703125,35.2001953125,36.4404296875
70.1061921,-52.5537109375,34.4189453125,33.3154296875
70.1541268,-52.9443359375,33.4423828125,27.0654296875
70.1743576,-53.2861328125,32.0263671875,22.4755859375
70.1968097,-53.8720703125,30.3173828125,19.4482421875
70.2273318,-54.4091796875,27.8271484375,18.9599609375
70.2890678,-54.2626953125,25.7763671875,16.1767578125
70.2899745,-54.8486328125,23.0908203125,13.4912109375
70.3356969,-54.2138671875,20.4541015625,10.1220703125
70.3506967,-52.3095703125,17.6220703125,5.5322265625
70.376647,-51.1865234375,14.9853515625,1.3330078125
70.4097459,-49.1357421875,13.1298828125,-3.4033203125
70.4564967,-47.1826171875,10.6396484375,-7.8466796875
70.4662513,-45.9130859375,8.4423828125,-11.7041015625
70.5229502,-46.0595703125,5.3662109375,-15.0732421875
70.5302398,-45.6689453125,2.9736328125,-18.4423828125
70.5795195,-45.7177734375,0.4345703125,-21.9580078125
70.5891021,-45.4736328125,-1.3232421875,-27.6220703125
70.648434,-45.2294921875,-3.0322265625,-33.0419921875
70.6494455,-45.5712890625,-3.4228515625,-37.8759765625
70.6786132,-46.1083984375,5.6591796875,-41.3916015625
70.7409842,-46.9384765625,15.7177734375,-40.2197265625
70.7418334,-47.0361328125,24.2138671875,-24.6923828125
70.7692354,-48.0615234375,30.0732421875,0.0634765625
70.8144986,-47.9150390625,34.2236328125,19.0087890625
70.83491,-48.3056640625,37.7880859375,31.1181640625
70.8768555,-49.2822265625,39.3505859375,37.8564453125
70.8930077,-49.7216796875,37.2021484375,42.1044921875
70.9397907,-50.3564453125,35.2978515625,40.7373046875
70.9506154,-50.7958984375,34.3212890625,35.6103515625
70.9973277,-50.9912109375,32.5634765625,29.8974609375
71.0197211,-51.9189453125,30.7080078125,25.4541015625
71.0553192,-52.1142578125,28.1201171875,24.5751953125
71.0755505,-53.5302734375,25.3369140625,22.7685546875
71.1179369,-53.5302734375,22.2607421875,20.9619140625
71.134694,-52.6513671875,19.6728515625,16.5185546875
71.1788716,-52.7490234375,17.1337890625,13.3935546875
71.191416,-50.8447265625,14.2529296875,7.9248046875
71.2350586,-49.2333984375,11.1767578125,3.6279296875
71.2551334,-46.8896484375,9.3701171875,-1.4013671875
71.2977472,-45.8154296875,7.3193359375,-5.6005859375
71.3183203,-44.7900390625,4.1943359375,-8.7744140625
71.3553366,-44.7900390625,1.7529296875,-12.3388671875
71.3756171,-44.4970703125,-1.2255859375,-16.1962890625
71.4157238,-44.6923828125,-3.1298828125,-20.0048828125
71.4371091,-44.3994140625,-4.8876953125,-25.6689453125
71.4760187,-44.4970703125,-7.1337890625,-30.7958984375
71.4977743,-45.0341796875,-2.5439453125,-34.4091796875
71.5317836,-45.6201171875,7.4169921875,-35.9716796875
71.5559658,-45.8642578125,16.5966796875,-28.5986328125
71.5926459,-47.5244140625,22.2607421875,-7.5048828125
71.6141003,-47.6708984375,26.8017578125,13.3935546875
71.6699702,-48.5986328125,29.8291015625,26.4794921875
71.6903621,-48.5986328125,31.2451171875,35.4150390625
71.70948,-49.2333984375,29.2431640625,38.6865234375
71.7447458,-49.9658203125,27.1923828125,38.1005859375
71.764877,-50.4052734375,26.4111328125,32.7294921875
71.8049216,-51.6259765625,24.6533203125,26.3818359375
71.8250568,-51.8212890625,24.5556640625,22.2314453125
71.8667715,-52.2607421875,21.8701171875,20.4248046875
71.8858701,-53.1884765625,19.2333984375,19.6923828125
71.9289775,-54.1650390625,17.0849609375,17.5927734375
71.9491355,-53.9208984375,14.4482421875,14.9072265625
71.9858933,-53.6279296875,12.5927734375,11.0986328125
72.0061924,-52.3095703125,9.7607421875,6.8994140625
72.0419194,-51.1376953125,7.4169921875,2.4560546875
72.067962,-49.0380859375,5.5615234375,-3.2568359375
72.1065256,-47.5732421875,3.8037109375,-6.9189453125
72.1284457,-46.6455078125,1.4599609375,-9.5068359375
72.1665341,-46.5966796875,-0.6396484375,-11.8505859375
72.1916884,-46.7431640625,-3.3251953125,-15.9033203125
72.2306955,-46.3037109375,-5.5224609375,-20.6396484375
72.2499322,-46.6455078125,-7.1337890625,-25.1806640625
72.2861638,-46.6455078125,-8.5986328125,-30.2099609375
72.3111383,-46.4990234375,-3.6181640625,-33.6767578125
72.3497532,-47.6708984375,7.5146484375,-35.8251953125
72.3712175,-48.5498046875,16.6455078125,-28.8916015625
72.4109623,-48.3056640625,22.9931640625,-7.8955078125
72.4314146,-49.0869140625,28.5595703125,13.7353515625
72.4833644,-49.9169921875,31.6357421875,28.5791015625
72.5034848,-50.2587890625,33.2470703125,36.9775390625
72.5195577,-51.1376953125,31.8798828125,41.6650390625
72.5609635,-51.3330078125,30.3173828125,42.8857421875
72.5801598,-51.7236328125,29.2919921875,37.3193359375
72.6171113,-52.2119140625,28.6083984375,30.6298828125
72.6422374,-52.7490234375,27.8759765625,26.3818359375
72.6780502,-53.2861328125,24.6533203125,24.5263671875
72.7039174,-53.9697265625,23.6767578125,22.0849609375
72.7414592,-54.5556640625,20.6005859375,20.7666015625
72.7635763,-54.3115234375,18.7451171875,18.3740234375
72.8014109,-54.1650390625,16.2060546875,13.5888671875
72.8217564,-53.1884765625,14.2041015625,9.2919921875
72.8611692,-51.4306640625,11.3232421875,4.7509765625
72.8849374,-49.5263671875,10.4443359375,-0.5712890625
72.9217515,-47.6708984375,8.3447265625,-5.0146484375
72.9444683,-46.3037109375,5.7080078125,-9.3115234375
72.9849547,-45.5712890625,3.8037109375,-12.7294921875
73.0046446,-45.2294921875,0.5810546875,-16.7333984375
73.0417715,-45.3271484375,-1.5185546875,-20.3466796875
73.0643048,-45.3759765625,-3.4228515625,-25.2783203125
73.102807,-44.6435546875,-5.4736328125,-30.3564453125
73.1229372,-45.2783203125,-2.8857421875,-35.0927734375
73.1599566,-44.8876953125,8.1494140625,-38.5107421875
73.187475,-45.7177734375,19.2333984375,-34.2626953125
73.2238052,-46.6943359375,26.5576171875,-14.1455078125
73.2445275,-46.6455078125,32.8564453125,10.5126953125
73.2809553,-47.5732421875,37.4951171875,28.4814453125
73.3043494,-47.5244140625,40.6689453125,39.7119140625
73.3446377,-48.4521484375,41.1083984375,47.3291015625
73.3721011,-48.9892578125,38.8134765625,50.7470703125
73.3960464,-49.3310546875,37.4951171875,49.2822265625
73.4338671,-50.1123046875,36.1279296875,43.4228515625
73.4547984,-50.3564453125,34.3212890625,37.7587890625
73.4904676,-51.3330078125,33.1005859375,33.9501953125
73.5166037,-51.4306640625,30.6591796875,32.0458984375
73.5538401,-52.5048828125,28.2666015625,30.4345703125
73.5791767,-52.7978515625,25.1904296875,27.7001953125
73.615472,-51.6259765625,22.7490234375,23.4033203125
73.6370364,-51.2841796875,19.6240234375,18.7646484375
73.6733994,-49.6728515625,17.5732421875,13.3935546875
73.6994211,-47.7685546875,14.3017578125,8.2666015625
73.7370473,-45.9619140625,11.7626953125,2.9443359375
73.7590079,-44.8876953125,9.6630859375,-1.9384765625
73.8003989,-43.4228515625,7.5146484375,-5.2587890625
73.8178552,-43.3740234375,4.0966796875,-8.8720703125
73.8573617,-43.0322265625,1.5576171875,-13.2177734375
73.8789406,-42.4462890625,-1.5185546875,-19.2236328125
73.918367,-42.5927734375,-2.9345703125,-24.3994140625
73.9377367,-42.8369140625,-4.0576171875,-29.4775390625
73.9767628,-42.6904296875,3.5595703125,-35.0927734375
73.9999165,-43.6669921875,12.9833984375,-35.9716796875
74.0400317,-44.3017578125,22.4072265625,-23.4228515625
74.0591435,-44.5458984375,28.6083984375,-0.7666015625
74.0956371,-45.2783203125,34.0283203125,20.8154296875
74.1191503,-45.7177734375,37.1044921875,34.6337890625
74.1717992,-46.4501953125,38.6669921875,43.3251953125
74.1933231,-47.4755859375,36.0791015625,47.9638671875
74.2115967,-48.1591796875,33.8330078125,48.3056640625
74.2479915,-48.3544921875,32.0751953125,42.2998046875
74.2701455,-48.4521484375,31.0498046875,35.6591796875
74.3128719,-49.8193359375,28.8037109375,29.7021484375
74.3349325,-50.1611328125,26.4599609375,26.7236328125
74.362413,-50.7470703125,23.1396484375,25.2099609375
74.3998937,-51.4794921875,20.3564453125,23.2080078125
74.4210991,-51.0888671875,16.9384765625,18.9599609375
74.4616984,-51.1865234375,13.6669921875,15.3955078125
74.4818919,-50.5029296875,11.2255859375,9.6826171875
74.5211066,-48.3544921875,7.6611328125,4.4091796875
74.5419686,-46.9873046875,5.4150390625,-1.0107421875
74.573864,-45.2783203125,2.7783203125,-5.7470703125
74.6112554,-43.5693359375,-0.2001953125,-9.9951171875
74.6318167,-43.5693359375,-2.9833984375,-13.6572265625
74.6700602,-43.8134765625,-6.1083984375,-17.4169921875
74.6946021,-43.1787109375,-8.8916015625,-22.9345703125
74.7238996,-43.1298828125,-10.7958984375,-27.8173828125
74.7612048,-43.4228515625,-12.7001953125,-33.4326171875
74.7826687,-43.3740234375,-9.3798828125,-39.0478515625
74.8217996,-44.6435546875,0.7763671875,-41.9287109375
74.8443588,-44.7412109375,9.9560546875,-37.0458984375
74.8807062,-45.5224609375,16.6455078125,-16.4404296875
74.9054968,-46.4013671875,21.0888671875,6.4111328125
74.9408284,-47.2802734375,24.6533203125,21.4013671875
74.9640026,-48.0126953125,26.2646484375,30.0927734375
74.9990194,-48.7939453125,24.2626953125,33.9990234375
75.0244563,-48.7939453125,22.7978515625,34.1455078125
75.0575069,-49.8681640625,21.7236328125,29.3603515625
75.0874385,-50.4541015625,20.1123046875,21.9384765625
75.1144514,-51.3818359375,18.7451171875,16.6162109375
75.1506711,-52.4560546875,16.7919921875,14.4677734375
75.1777754,-53.2861328125,14.9853515625,11.9287109375
75.2046078,-53.5791015625,12.0556640625,10.5126953125
75.2379748,-53.7744140625,9.8095703125,7.5830078125
75.2668057,-54.1162109375,7.1728515625,3.1884765625
75.2946572,-53.2861328125,4.9755859375,-1.4990234375
75.3320527,-51.5771484375,1.9970703125,-7.0654296875
75.3742715,-50.0146484375,0.2392578125,-11.6552734375
75.3865076,-49.1845703125,-1.5673828125,-16.3427734375
75.418084,-47.8173828125,-3.7158203125,-20.5419921875
75.4688749,-46.5478515625,-6.1572265625,-24.4482421875
75.4781897,-47.1826171875,-8.6962890625,-27.3291015625
75.5097785,-46.8896484375,-11.7236328125,-32.0166015625
75.5382333,-47.1337890625,-13.3837890625,-36.9970703125
75.5703848,-46.7919921875,-14.9462890625,-42.8564453125
75.6229299,-47.2802734375,-13.1884765625,-47.9345703125
75.6431256,-47.7197265625,-2.3974609375,-51.4013671875
75.6612267,-47.8173828125,7.7587890625,-48.1298828125
75.7064861,-48.5009765625,15.9619140625,-28.9892578125
75.7205953,-49.0380859375,21.4306640625,-4.1845703125
75.7656942,-49.9169921875,25.2880859375,13.6865234375
75.7769868,-50.1123046875,28.8525390625,24.1845703125
75.8264584,-50.7470703125,28.3642578125,29.3115234375
75.8410039,-50.9912109375,25.6787109375,31.5576171875
75.8890325,-51.6259765625,24.7021484375,28.3837890625
75.9019518,-51.8212890625,23.2861328125,20.8642578125
75.9462442,-51.4794921875,21.9677734375,13.8818359375
75.9572223,-52.9931640625,20.4052734375,10.6103515625
75.990449,-53.3837890625,18.9892578125,8.9990234375
76.0371552,-53.0419921875,15.6201171875,7.8271484375
76.0520877,-54.1650390625,13.5205078125,4.5556640625
76.1080369,-53.6767578125,10.3466796875,0.8447265625
76.138198,-53.8232421875,7.7099609375,-3.9404296875
76.141057,-52.4560546875,5.3662109375,-9.4580078125
76.1860945,-50.3564453125,1.9482421875,-15.1220703125
76.2000636,-48.5009765625,1.2158203125,-20.5419921875
76.248625,-47.0361328125,-1.3232421875,-25.8154296875
76.2598823,-45.4736328125,-3.8134765625,-29.2822265625
76.3060051,-45.4248046875,-7.3291015625,-32.3583984375
76.3263675,-45.4736328125,-9.9169921875,-36.7041015625
76.3630518,-45.5224609375,-12.6513671875,-41.2939453125
76.3841917,-44.6923828125,-13.8232421875,-47.2509765625
76.4256025,-44.8876953125,-15.3369140625,-53.1591796875
76.4458124,-45.0830078125,-7.9150390625,-58.5791015625
76.4964511,-45.3271484375,4.4384765625,-59.5068359375
76.5158181,-45.7177734375,14.3017578125,-46.9580078125
76.5364315,-46.3037109375,20.5517578125,-20.1025390625
76.5760888,-46.5478515625,25.8251953125,2.7490234375
76.596422,-47.1826171875,29.8291015625,16.7138671875
76.6334062,-47.7685546875,32.5146484375,25.4541015625
76.655288,-48.5498046875,30.3662109375,29.8974609375
76.7002689,-48.9892578125,28.5107421875,30.2392578125
76.7297471,-49.5751953125,27.4365234375,25.4541015625
76.7465011,-50.2099609375,26.9970703125,18.4716796875
76.7928644,-50.9423828125,25.4345703125,13.0029296875
76.8248791,-51.1376953125,21.9677734375,9.9755859375
76.8352369,-52.3095703125,20.5517578125,8.4130859375
76.8718073,-52.6513671875,17.8173828125,6.0693359375
76.897714,-53.3349609375,15.0341796875,2.4072265625
76.9372739,-52.7490234375,12.5439453125,-1.5966796875
76.9564796,-52.0654296875,9.0771484375,-6.1865234375
76.996245,-50.4541015625,6.8798828125,-12.2900390625
77.0162895,-48.5009765625,4.1455078125,-17.4658203125
77.0568788,-47.0361328125,1.5087890625,-22.5927734375
77.0762454,-45.2294921875,-0.4931640625,-27.4755859375
77.1166361,-44.5947265625,-3.5205078125,-32.5537109375
77.1387935,-43.8134765625,-5.9619140625,-35.9716796875
77.1791022,-43.7646484375,-8.5986328125,-39.9755859375
77.2003094,-44.1552734375,-11.3818359375,-45.2001953125
77.2369052,-43.4716796875,-14.0185546875,-51.9873046875
77.2603502,-44.0087890625,-14.2626953125,-57.9931640625
77.2987115,-44.0087890625,-5.6201171875,-62.9248046875
77.3211685,-44.2529296875,4.8779296875,-63.6572265625
77.3595049,-44.6435546875,13.9599609375,-50.1806640625
77.3796049,-45.3271484375,19.9658203125,-23.1298828125
77.4220214,-46.1572265625,24.6533203125,-1.5966796875
77.4411136,-46.4990234375,27.9736328125,11.7333984375
77.4813459,-47.3291015625,28.8037109375,18.8134765625
77.5031544,-47.9150390625,26.3623046875,22.2802734375
77.54212,-48.3544921875,24.7021484375,22.1337890625
77.562126,-49.0380859375,23.3349609375,16.3720703125
77.6002964,-49.5751953125,22.2607421875,8.8037109375
77.6204699,-50.2099609375,20.6494140625,3.2861328125
77.6602417,-50.6005859375,18.0126953125,1.0400390625
77.6821601,-51.7724609375,15.6201171875,-1.0107421875
77.7202317,-52.4072265625,12.3974609375,-3.2568359375
77.7404625,-52.5537109375,9.2236328125,-6.8212890625
77.778032,-52.4560546875,6.4892578125,-10.1416015625
77.8019814,-52.2119140625,3.1689453125,-16.7333984375
77.8394676,-49.9169921875,0.1416015625,-21.5673828125
77.86283,-48.4033203125,-2.1044921875,-26.9384765625
77.9025446,-46.6455078125,-4.2529296875,-32.0654296875
77.9332084,-45.6201171875,-6.4990234375,-35.9228515625
77.9530742,-44.4970703125,-9.3798828125,-39.9267578125
77.9899631,-44.1064453125,-12.7490234375,-44.0283203125
78.0158331,-43.5205078125,-16.1669921875,-48.4228515625
78.0574478,-43.5693359375,-17.9736328125,-53.3544921875
78.0710239,-44.3017578125,-20.8056640625,-60.0439453125
78.1078972,-44.5947265625,-20.2685546875,-65.3173828125
78.1331455,-44.6923828125,-10.9912109375,-68.4912109375
78.1701461,-44.6435546875,-0.1513671875,-68.7841796875
78.1954143,-45.6689453125,7.6123046875,-53.2568359375
78.2316893,-45.9619140625,12.2509765625,-26.9873046875
78.2545783,-47.0361328125,16.1572265625,-7.4072265625
78.2905998,-47.3291015625,18.8916015625,3.0908203125
78.3174665,-48.3056640625,17.4755859375,8.1201171875
78.3558027,-49.0869140625,15.8154296875,9.2919921875
78.3771448,-49.6728515625,14.7900390625,5.8251953125
78.4154528,-50.1611328125,13.4228515625,-1.3525390625
78.4356996,-51.5283203125,12.0556640625,-7.8466796875
78.4717674,-51.5771484375,10.4443359375,-11.4599609375
78.4972242,-52.5048828125,8.4423828125,-13.2177734375
78.5430357,-53.2373046875,5.5615234375,-13.7060546875
78.563822,-54.0673828125,2.6806640625,-16.0009765625
78.5872025,-54.3115234375,-0.3955078125,-18.9306640625
78.6252024,-54.3603515625,-2.3974609375,-23.7646484375
78.6469063,-54.1162109375,-4.5947265625,-28.1103515625
78.6852091,-52.2607421875,-7.5244140625,-33.5302734375
78.7065078,-49.8681640625,-9.0380859375,-37.5341796875
78.7428677,-48.9404296875,-10.6005859375,-42.6611328125
78.7674451,-48.3056640625,-12.6513671875,-45.9814453125
78.8058313,-47.4755859375,-15.3369140625,-48.8623046875
78.8295493,-46.4501953125,-17.8271484375,-52.4267578125
78.8658912,-46.7431640625,-20.3662109375,-56.3330078125
78.8870331,-46.8408203125,-22.4169921875,-61.4111328125
78.923833,-46.7919921875,-22.9052734375,-67.2216796875
78.9481269,-46.9384765625,-17.5830078125,-71.3720703125
78.9879397,-47.1826171875,-5.9619140625,-74.0087890625
79.0094547,-48.0126953125,3.5595703125,-66.3916015625
79.0478389,-48.3056640625,10.5419921875,-42.2216796875
79.0681653,-48.8916015625,15.8642578125,-18.1494140625
79.1052817,-49.4775390625,20.0146484375,-2.3779296875
79.1322754,-50.6005859375,22.3583984375,5.3857421875
79.1703303,-51.0888671875,19.3798828125,9.5361328125
79.1962904,-51.3818359375,18.7451171875,10.1708984375
79.2183077,-51.8212890625,18.0126953125,5.5322265625
79.2591105,-52.6513671875,17.3291015625,-0.2783203125
79.2895238,-52.1630859375,16.0595703125,-5.1123046875
79.3129927,-53.1884765625,14.8388671875,-7.9443359375
79.3486553,-53.7744140625,12.6904296875,-8.6279296875
79.3694656,-54.1650390625,9.6142578125,-10.0439453125
79.4087552,-54.8486328125,7.7587890625,-12.9736328125
79.4318758,-54.6533203125,4.9755859375,-16.3427734375
79.4764408,-54.2626953125,3.4130859375,-20.2978515625
79.4983404,-52.6513671875,0.7275390625,-25.1806640625
79.5222296,-51.6259765625,-2.0556640625,-30.9912109375
79.5601545,-50.3076171875,-3.7158203125,-35.2392578125
79.5823752,-48.7939453125,-5.6689453125,-40.2197265625
79.620977,-46.8896484375,-7.9638671875,-43.1494140625
79.6452543,-45.5224609375,-10.6982421875,-45.5419921875
79.6758432,-45.7666015625,-13.1396484375,-49.3017578125
79.7041006,-45.0830078125,-15.5810546875,-53.8427734375
79.7360467,-45.0830078125,-17.0947265625,-59.2138671875
79.7634471,-45.2783203125,-17.1923828125,-64.8291015625
79.8008877,-45.2294921875,-8.2080078125,-69.9560546875
79.8249336,-44.9853515625,3.7060546875,-69.9072265625
79.8536053,-45.5224609375,12.6416015625,-55.8447265625
79.8839581,-45.9130859375,19.4287109375,-28.1103515625
79.9151305,-46.3525390625,25.1904296875,-5.8935546875
79.9424346,-46.4990234375,28.9501953125,8.3154296875
79.9757756,-47.1826171875,31.0498046875,16.7626953125
80.0064185,-47.6220703125,29.1455078125,21.8896484375
80.0356359,-47.8662109375,28.4130859375,23.1103515625
80.0677246,-48.5009765625,26.9970703125,18.9599609375
80.0949344,-49.0380859375,26.4599609375,12.4658203125
80.1350538,-49.0380859375,25.3857421875,8.3154296875
80.1572394,-49.6728515625,23.2861328125,5.6298828125
80.1857007,-50.6005859375,21.1865234375,4.6044921875
80.2195854,-51.0400390625,18.7451171875,2.5048828125
80.2468692,-51.6259765625,16.8896484375,0.3076171875
80.2774569,-51.3330078125,13.4716796875,-3.8427734375
80.3076546,-51.3818359375,10.8837890625,-7.8955078125
80.3347996,-49.9169921875,8.2470703125,-13.0224609375
80.3688255,-47.9150390625,6.1474609375,-17.3681640625
80.3991861,-46.2060546875,4.9267578125,-22.5439453125
80.4255106,-44.5458984375,2.1923828125,-26.5478515625
80.4603274,-42.7880859375,-0.7861328125,-29.5263671875
80.4891827,-42.0068359375,-3.2275390625,-31.9189453125
80.5167892,-41.9091796875,-5.4736328125,-36.3134765625
80.5488815,-41.8115234375,-8.0615234375,-40.9521484375
80.5934471,-41.2744140625,-9.8681640625,-47.3974609375
80.6104611,-41.3720703125,-8.3544921875,-52.7685546875
80.6398317,-41.6162109375,0.5322265625,-55.9912109375
80.6678656,-41.2255859375,11.2255859375,-54.9658203125
80.6968135,-41.9091796875,19.6728515625,-38.3642578125
80.7446846,-42.3486328125,25.1904296875,-13.1689453125
80.7592433,-42.6416015625,29.8779296875,7.3876953125
80.7910998,-43.2763671875,32.8076171875,19.3994140625
80.8204247,-44.1064453125,33.8818359375,26.5283203125
80.8467864,-44.8388671875,30.9521484375,31.0205078125
80.8806092,-45.7666015625,30.5615234375,30.9716796875
80.9285762,-45.5712890625,28.7060546875,25.7958984375
80.9432462,-46.1083984375,27.4853515625,20.5712890625
80.9708505,-46.5966796875,25.2392578125,16.3720703125
81.0143862,-47.7685546875,23.6767578125,15.1025390625
81.0329528,-48.5498046875,20.6494140625,13.3447265625
81.076043,-48.7451171875,18.1103515625,11.5869140625
81.0901459,-49.0380859375,15.3271484375,8.9501953125
81.1251262,-49.5751953125,12.6904296875,4.9462890625
81.1619022,-49.1845703125,9.7119140625,0.5517578125
81.1843825,-47.9150390625,7.3193359375,-4.0869140625
81.2241656,-46.5478515625,4.7314453125,-8.8232421875
81.2412029,-44.5947265625,2.5341796875,-13.2666015625
81.2748614,-42.9833984375,-0.2001953125,-16.5380859375
81.3020814,-41.3232421875,-3.0322265625,-19.5166015625
81.345575,-41.0791015625,-5.6201171875,-23.1787109375
81.365747,-40.5419921875,-8.4521484375,-27.1337890625
81.3933139,-40.7373046875,-10.5517578125,-32.9443359375
81.4354278,-40.5419921875,-12.1142578125,-37.5341796875
81.456275,-40.5908203125,-8.1103515625,-41.3916015625
81.4932969,-40.9814453125,2.6806640625,-43.5888671875
81.5132434,-41.3720703125,10.8837890625,-38.9501953125
81.5573486,-41.9091796875,17.8173828125,-19.4677734375
81.5735594,-42.2021484375,22.0166015625,3.4814453125
81.6152677,-42.4951171875,25.8251953125,19.2041015625
81.6353853,-43.9599609375,27.2412109375,28.4326171875
81.6739019,-44.5947265625,26.0205078125,33.6572265625
81.6951577,-45.0830078125,24.8486328125,34.4873046875
81.7241282,-45.1318359375,24.0185546875,29.5068359375
81.764623,-45.9619140625,22.7490234375,23.5009765625
81.7849041,-46.4013671875,22.2119140625,19.5947265625
81.8351903,-47.1826171875,20.6005859375,17.2021484375
81.8480582,-48.4521484375,18.3544921875,16.0302734375
81.886378,-48.8916015625,16.3525390625,14.7119140625
81.9056463,-49.3798828125,13.3251953125,12.2705078125
81.9437144,-49.7705078125,11.1767578125,8.4619140625
81.9757751,-50.5029296875,8.6865234375,4.5556640625
81.9991426,-49.1845703125,6.8798828125,-0.1318359375
82.0360757,-48.6474609375,4.6826171875,-4.6728515625
82.05701,-46.9873046875,3.0712890625,-9.6044921875
82.0949694,-45.2783203125,1.2158203125,-13.3154296875
82.1191396,-43.6669921875,-1.2255859375,-16.1962890625
82.1567424,-42.5927734375,-3.8134765625,-19.1748046875
82.178049,-42.2998046875,-6.8408203125,-22.8857421875
82.214336,-41.8603515625,-8.3544921875,-28.3056640625
82.2408541,-41.3720703125,-9.8681640625,-34.2138671875
82.2801761,-41.9091796875,-8.8427734375,-38.1689453125
82.2992021,-41.3232421875,1.4599609375,-41.6845703125
82.3359952,-42.0068359375,11.6650390625,-40.1220703125
82.3593278,-42.1044921875,19.2333984375,-22.7392578125
82.3955292,-41.8603515625,25.3857421875,1.9189453125
82.4189585,-42.6904296875,30.0244140625,20.4248046875
82.457074,-43.1298828125,32.9541015625,32.2412109375
82.4766817,-44.0087890625,32.8564453125,39.7607421875
82.5120732,-44.2041015625,29.9755859375,43.3740234375
82.5379266,-44.5947265625,29.3896484375,42.2998046875
82.5749292,-44.4482421875,28.2177734375,34.9755859375
82.601551,-45.1806640625,27.0947265625,28.9697265625
82.6382694,-46.0595703125,25.5810546875,25.2099609375
82.6622206,-46.3525390625,23.6767578125,25.3564453125
82.6987936,-47.0849609375,21.1865234375,23.6474609375
82.7190245,-47.1337890625,18.2568359375,21.6455078125
82.7578031,-47.0361328125,15.1806640625,17.2509765625
82.781396,-47.4755859375,13.2763671875,13.2470703125
82.8178908,-47.3291015625,10.2978515625,9.5361328125
82.8433628,-46.4990234375,8.3447265625,4.5556640625
82.881266,-44.5947265625,5.8056640625,-0.4248046875
82.90378,-42.9345703125,4.5361328125,-5.1611328125
82.9397565,-41.1279296875,2.0947265625,-9.0673828125
82.9616203,-40.0537109375,-0.9326171875,-12.1923828125
82.9971661,-38.8818359375,-3.5693359375,-15.4150390625
83.0242515,-38.7841796875,-6.0595703125,-19.8095703125
83.0665182,-38.7353515625,-8.0615234375,-25.9619140625
83.0867208,-38.4423828125,-9.4775390625,-31.6748046875
83.12427,-38.0517578125,-5.6201171875,-36.5087890625
83.1444776,-38.2470703125,4.6337890625,-38.9501953125
83.1832908,-38.7841796875,14.8388671875,-34.0185546875
83.2036055,-39.1748046875,22.2119140625,-14.0966796875
83.2387131,-39.8095703125,27.1923828125,9.8291015625
83.2656382,-39.9560546875,31.4404296875,27.7978515625
83.3057735,-40.8349609375,33.9306640625,39.0283203125
83.3267613,-41.0791015625,33.1005859375,45.6201171875
83.3625423,-42.0068359375,31.2451171875,48.5986328125
83.384071,-42.3486328125,29.1455078125,46.4013671875
83.4216846,-42.6904296875,28.6572265625,39.9560546875
83.4442105,-43.2763671875,26.8505859375,34.0478515625
83.4806611,-43.4716796875,24.7021484375,30.9228515625
83.5067656,-44.2529296875,21.6748046875,28.7744140625
83.544381,-45.3271484375,19.0380859375,27.3583984375
83.5677456,-45.1318359375,15.6201171875,24.6728515625
83.6058155,-46.3525390625,12.9833984375,20.3759765625
83.6290116,-46.5478515625,9.3212890625,15.9326171875
83.6674704,-46.3525390625,7.0751953125,10.5615234375
83.6880428,-45.2294921875,3.8525390625,5.0927734375
83.7240941,-43.2763671875,1.8994140625,0.3564453125
83.7473596,-41.3232421875,-0.6396484375,-4.1845703125
83.7844684,-40.0537109375,-3.3740234375,-7.7490234375
83.8100544,-38.7841796875,-6.0595703125,-11.2158203125
83.848227,-37.5146484375,-9.2822265625,-14.8779296875
83.8679218,-38.6376953125,-12.2119140625,-20.6396484375
83.9088798,-37.0751953125,-14.7998046875,-26.4501953125
83.9285553,-37.1728515625,-16.2158203125,-31.7236328125
83.9641512,-36.7822265625,-10.6494140625,-36.2646484375
83.9873979,-37.0751953125,-0.1513671875,-38.4619140625
84.0234738,-38.3447265625,8.6376953125,-30.6005859375
84.0508873,-38.0517578125,14.2529296875,-8.5791015625
84.0890194,-38.8330078125,18.6474609375,12.6611328125
84.1108757,-39.3701171875,20.8935546875,27.9443359375
84.1501285,-40.2490234375,21.7236328125,36.0009765625
84.1691612,-41.5673828125,18.9404296875,39.8583984375
84.2063401,-41.9091796875,17.4267578125,39.5166015625
84.2295667,-42.9345703125,16.2060546875,33.7060546875
84.2654101,-43.7646484375,15.4248046875,27.0166015625
84.2940329,-44.2041015625,13.1298828125,22.1337890625
84.3212746,-45.2783203125,11.8603515625,19.3505859375
84.3574697,-45.2783203125,8.8330078125,18.6181640625
84.3810932,-46.1572265625,6.8310546875,16.9091796875
84.4163496,-46.8408203125,3.4130859375,13.7353515625
84.4394169,-47.8173828125,1.3134765625,8.7060546875
84.4784759,-48.3544921875,-1.5185546875,4.4580078125
84.5007589,-48.2080078125,-4.3505859375,-1.0595703125
84.5398597,-46.8896484375,-6.0595703125,-5.8447265625
84.5628493,-45.1806640625,-7.5244140625,-10.3857421875
84.5931226,-43.2275390625,-10.6494140625,-14.4384765625
84.6297773,-42.0556640625,-12.3583984375,-17.9541015625
84.6531229,-41.2744140625,-15.7763671875,-21.2255859375
84.7036631,-40.9814453125,-17.3876953125,-25.7666015625
84.7141498,-41.0302734375,-19.3896484375,-31.5283203125
84.7438948,-40.6396484375,-20.4638671875,-37.4365234375
84.7710565,-41.0791015625,-17.3388671875,-41.8798828125
84.8062766,-40.7373046875,-6.3525390625,-45.1025390625
84.8347133,-41.3720703125,2.6806640625,-41.1474609375
84.8654512,-41.5673828125,9.3701171875,-21.5185546875
84.8950198,-41.9091796875,14.6435546875,2.6513671875
84.923135,-42.7392578125,18.5498046875,19.2041015625
84.9686985,-43.4716796875,19.9169921875,28.4326171875
84.9842832,-44.1064453125,17.9150390625,33.4130859375
85.0129976,-44.8876953125,16.4990234375,34.9267578125
85.0506246,-45.3271484375,15.5224609375,31.7041015625
85.0758145,-46.1083984375,14.5458984375,24.2333984375
85.1071489,-46.2060546875,13.6669921875,19.0087890625
85.1361393,-46.1572265625,12.0068359375,15.2490234375
85.1659004,-47.0849609375,9.5654296875,13.8818359375
85.1944871,-47.4267578125,6.2939453125,11.3916015625
85.2256594,-48.0126953125,3.6572265625,8.6083984375
85.2554282,-49.0380859375,1.3134765625,5.5322265625
85.2871536,-48.8916015625,-1.2744140625,0.5029296875
85.3168917,-48.8427734375,-3.7158203125,-4.8193359375
85.3497173,-48.3056640625,-6.0595703125,-9.3603515625
85.3786084,-46.6943359375,-8.2080078125,-14.5849609375
85.406272,-44.5458984375,-9.9658203125,-19.3701171875
85.4350127,-43.0322265625,-13.6279296875,-23.6181640625
85.4686792,-41.7626953125,-15.8740234375,-26.5966796875
85.4966601,-40.4931640625,-18.7548828125,-30.6494140625
85.5299673,-40.6884765625,-20.9521484375,-35.0927734375
85.5579508,-40.0537109375,-22.6611328125,-40.7080078125
85.5866292,-40.2001953125,-22.9052734375,-46.5673828125
85.6212293,-40.2490234375,-15.2392578125,-51.7431640625
85.6494537,-40.3466796875,-3.6669921875,-53.3056640625
85.6810571,-40.0537109375,5.1708984375,-41.3427734375
85.7091421,-40.5908203125,12.0068359375,-14.9267578125
85.7394898,-41.1767578125,16.9873046875,7.6318359375
85.770771,-41.8115234375,20.2587890625,23.0126953125
85.8007648,-42.1044921875,22.4560546875,30.7763671875
85.8281096,-43.0810546875,20.8447265625,36.6845703125
85.861371,-43.2763671875,18.7939453125,36.8310546875
85.8890572,-44.2041015625,18.2080078125,32.6806640625
85.9235536,-44.5458984375,16.9384765625,25.9423828125
85.9539886,-44.5947265625,15.8642578125,20.5224609375
85.9791673,-45.6201171875,13.8134765625,17.5927734375
86.0084953,-45.7177734375,11.9580078125,15.9814453125
86.0428331,-46.8408203125,8.9794921875,14.1259765625
86.0703415,-47.2802734375,6.0498046875,11.0009765625
86.103418,-47.7685546875,3.3154296875,6.9482421875
86.1314188,-47.6708984375,1.1669921875,1.8212890625
86.1604666,-48.1591796875,-1.5185546875,-2.7685546875
86.1939834,-46.6943359375,-3.9111328125,-7.9931640625
86.2214617,-44.2041015625,-6.1083984375,-13.4619140625
86.2516407,-42.9833984375,-8.6962890625,-18.0517578125
86.283876,-41.2255859375,-11.5771484375,-22.0556640625
86.3281119,-39.1259765625,-14.0185546875,-25.5224609375
86.3443427,-39.1748046875,-17.1435546875,-29.5751953125
86.3722682,-38.1005859375,-19.3896484375,-34.0185546875
86.4029024,-38.2470703125,-21.2939453125,-39.7802734375
86.4362438,-37.5146484375,-22.2216796875,-46.2744140625
86.4688579,-37.8076171875,-13.6279296875,-50.7666015625
86.494076,-38.1982421875,-3.2763671875,-51.9384765625
86.524588,-39.1259765625,5.2685546875,-40.4150390625
86.56595,-38.5400390625,11.3720703125,-14.4384765625
86.5871366,-39.4677734375,15.7666015625,8.4130859375
86.6137924,-39.8583984375,18.8427734375,21.8896484375
86.6551039,-40.3466796875,19.7216796875,29.9951171875
86.6770336,-40.7861328125,17.5244140625,33.3154296875
86.7181048,-41.3720703125,16.3037109375,33.7060546875
86.7494017,-42.3974609375,15.2294921875,28.5791015625
86.7680275,-43.0322265625,14.1064453125,21.4013671875
86.7957568,-43.2275390625,11.9580078125,16.8603515625
86.8365341,-43.5693359375,10.4443359375,14.4677734375
86.8561117,-44.6923828125,7.4658203125,13.2958984375
86.8949456,-45.6201171875,4.5849609375,10.7080078125
86.9186397,-46.2060546875,1.6552734375,7.4853515625
86.9461791,-46.7431640625,-0.9326171875,3.7744140625
86.9855285,-47.0849609375,-3.3740234375,-1.2548828125
87.0075833,-47.0361328125,-6.5478515625,-5.9912109375
87.0450858,-45.8642578125,-8.3544921875,-11.8017578125
87.0766827,-43.5693359375,-10.9423828125,-16.7333984375
87.0973052,-42.0068359375,-12.9931640625,-20.3466796875
87.1326538,-41.2744140625,-15.5322265625,-23.8623046875
87.158119,-39.7607421875,-19.2919921875,-27.3779296875
87.1948231,-38.7353515625,-21.4404296875,-31.1865234375
87.2149593,-38.2470703125,-23.3935546875,-36.1181640625
87.2634191,-38.5888671875,-25.5908203125,-42.1240234375
87.2836877,-38.5400390625,-24.1748046875,-47.9345703125
87.3115078,-39.0771484375,-15.8251953125,-50.5712890625
87.3402238,-39.0771484375,-5.5712890625,-50.4248046875
87.3770131,-39.0771484375,1.8994140625,-36.7529296875
87.4007051,-39.9072265625,7.5634765625,-11.8505859375
87.4366319,-40.3955078125,11.2744140625,8.7548828125
87.4586524,-41.5185546875,13.2275390625,19.6923828125
87.4941777,-41.8603515625,12.2998046875,25.4541015625
87.5193155,-41.9580078125,10.9326171875,26.4794921875
87.5565298,-43.2763671875,9.0771484375,23.8916015625
87.5804737,-43.6181640625,8.2470703125,16.8603515625
87.6174212,-44.1064453125,8.1494140625,11.3427734375
87.6388434,-45.0341796875,5.9521484375,7.4365234375
87.6872088,-45.7666015625,4.2431640625,6.1181640625
87.7074866,-46.8896484375,2.4853515625,4.2138671875
87.7313497,-47.4755859375,-0.2978515625,2.2607421875
87.7699006,-47.9150390625,-2.6416015625,-0.7666015625
87.7911821,-48.5009765625,-5.7177734375,-4.8681640625
87.8285358,-48.8427734375,-7.1337890625,-10.1416015625
87.8521256,-48.5986328125,-9.2333984375,-15.0732421875
87.8877327,-47.8173828125,-11.1865234375,-19.4677734375
87.9135733,-46.0107421875,-13.1396484375,-24.2529296875
87.9414406,-44.8876953125,-14.9951171875,-28.0615234375
87.9790879,-42.9833984375,-17.4853515625,-31.1865234375
88.0012587,-41.5185546875,-19.9755859375,-34.6044921875
88.0401164,-40.8837890625,-21.9287109375,-38.8525390625
88.0644136,-40.8349609375,-24.3212890625,-44.0771484375
88.102247,-41.0791015625,-25.5419921875,-49.4482421875
88.1222913,-40.9326171875,-20.1708984375,-54.4775390625
88.1737594,-40.9814453125,-9.5263671875,-57.0654296875
88.193647,-41.1279296875,0.1416015625,-53.1591796875
88.2152093,-41.5185546875,7.5146484375,-30.5029296875
88.2545903,-41.2744140625,12.5927734375,-5.2587890625
88.2718643,-42.2021484375,16.9873046875,12.5634765625
88.3094618,-43.1787109375,19.0869140625,22.1337890625
88.3342836,-43.2275390625,18.3056640625,27.4560546875
88.3747707,-43.3740234375,16.4990234375,29.5068359375
88.3949473,-44.5947265625,15.6689453125,26.3818359375
88.4239812,-44.5458984375,15.1318359375,20.2294921875
88.4691792,-45.3759765625,13.6669921875,14.2236328125
88.4997953,-45.4736328125,12.2509765625,11.3916015625
88.513579,-46.1083984375,9.9560546875,9.7314453125
88.5626286,-47.1826171875,8.2470703125,8.6083984375
88.5838398,-46.2060546875,5.5615234375,6.0205078125
88.6065531,-47.5244140625,3.0712890625,2.5537109375
88.6425238,-47.8662109375,0.4833984375,-2.2314453125
88.6672039,-48.2080078125,-1.9580078125,-6.5771484375
88.7043122,-47.6220703125,-3.9599609375,-12.5830078125
88.7271678,-46.8896484375,-6.3037109375,-17.6611328125
88.7642069,-44.2529296875,-8.5986328125,-21.6650390625
88.7896986,-42.6416015625,-10.6982421875,-26.3037109375
88.8305997,-40.5908203125,-13.2373046875,-29.3798828125
88.847822,-39.6630859375,-15.3857421875,-32.2119140625
88.8903977,-38.8818359375,-18.1689453125,-36.3623046875
88.9074998,-38.9306640625,-19.7314453125,-42.7099609375
88.9441691,-38.8330078125,-20.5615234375,-47.9833984375
88.9687118,-38.1982421875,-14.5556640625,-53.2080078125
88.9988257,-38.3935546875,-2.9833984375,-56.0400390625
89.0400055,-38.7353515625,6.0498046875,-49.3017578125
89.0585699,-38.9794921875,12.6904296875,-24.5947265625
89.0971743,-39.1748046875,18.3056640625,0.2587890625
89.1199302,-39.7607421875,22.6025390625,16.1767578125
89.1572567,-40.2001953125,25.1904296875,25.9912109375
89.1834026,-40.7861328125,23.2861328125,31.3134765625
89.2119503,-41.0302734375,21.3330078125,33.3154296875
89.2391561,-41.7138671875,20.3564453125,29.9462890625
89.2673105,-43.2763671875,19.7705078125,22.7685546875
89.3096573,-42.6904296875,18.5498046875,17.2998046875
89.3314118,-43.1787109375,17.0361328125,13.8818359375
89.3710496,-44.4482421875,14.6435546875,13.5400390625
89.3921301,-44.7412109375,11.9091796875,11.1474609375
89.4309961,-45.6201171875,9.4189453125,8.4619140625
89.4511495,-45.4248046875,6.2939453125,4.2138671875
89.4899237,-46.5478515625,3.9013671875,0.8447265625
89.51121,-46.2548828125,0.5810546875,-4.7216796875
89.5465985,-47.0849609375,-1.3232421875,-9.9462890625
89.572841,-44.8388671875,-3.7646484375,-15.1220703125
89.6092686,-43.2275390625,-6.4501953125,-19.9560546875
89.6337897,-41.5673828125,-8.8916015625,-23.5205078125
89.6620441,-40.7861328125,-12.0166015625,-26.7431640625
89.6953828,-39.0771484375,-14.5068359375,-29.9658203125
89.7213735,-37.5146484375,-17.3876953125,-35.1416015625
89.7596348,-37.5146484375,-19.1943359375,-40.9033203125
89.7845076,-37.7099609375,-20.2197265625,-46.6650390625
89.8203094,-37.3681640625,-13.9697265625,-51.8896484375
89.8455794,-37.0751953125,-3.4228515625,-54.1845703125
89.8743373,-36.9775390625,6.4892578125,-45.7373046875
89.903389,-37.5634765625,12.1533203125,-21.9091796875
89.9294475,-37.7099609375,16.8896484375,2.0654296875
89.9671773,-38.3447265625,20.2587890625,17.3486328125
89.997732,-38.5888671875,22.2607421875,26.4306640625
90.0256778,-39.6630859375,19.5263671875,31.0205078125
90.0533515,-39.7119140625,17.6220703125,31.8994140625
90.0834149,-40.5908203125,16.5966796875,27.1630859375
90.1186786,-41.1767578125,15.4736328125,20.0341796875
90.1455385,-41.7138671875,13.5205078125,13.8818359375
90.1783027,-41.7626953125,11.8603515625,12.2216796875
90.2069744,-42.7392578125,9.2724609375,11.5380859375
90.236044,-42.7392578125,5.7080078125,9.5849609375
90.2681695,-43.8134765625,2.9736328125,7.4853515625
90.2962528,-44.8876953125,1.0693359375,2.6513671875
90.325885,-45.6201171875,-2.2509765625,-1.0107421875
90.3568715,-45.5224609375,-4.4970703125,-6.1376953125
90.3870371,-44.9853515625,-7.3779296875,-10.9228515625
90.4195679,-44.7412109375,-9.1845703125,-15.1220703125
90.4471035,-42.9345703125,-11.2841796875,-19.0283203125
90.476853,-41.2255859375,-13.6767578125,-22.9833984375
90.5083778,-40.0048828125,-15.6787109375,-25.4736328125
90.5391213,-38.4912109375,-18.5107421875,-29.1845703125
90.5682145,-38.0517578125,-20.7568359375,-33.4814453125
90.5997346,-37.8076171875,-21.9775390625,-38.8525390625
90.6276715,-38.1494140625,-23.1982421875,-44.2236328125
90.661787,-37.2705078125,-15.4345703125,-47.3486328125
90.6897949,-37.4658203125,-4.0087890625,-49.3994140625
90.717624,-38.1982421875,2.7783203125,-41.9287109375
90.7460118,-37.9052734375,9.2724609375,-18.6376953125
90.7809075,-38.6376953125,13.0810546875,3.4326171875
90.8107268,-39.6142578125,16.1572265625,18.0810546875
90.8689085,-40.3466796875,16.9384765625,25.3076171875
90.8697497,-40.8349609375,14.5947265625,28.3349609375
90.8986309,-41.5673828125,13.7646484375,27.7978515625
90.9326522,-42.2021484375,12.6416015625,22.1826171875
90.9577335,-43.0322265625,12.4951171875,15.9326171875
90.992278,-43.6181640625,10.7373046875,11.9775390625
91.0203496,-44.3505859375,9.4677734375,9.8779296875
91.0504014,-44.3017578125,6.4404296875,8.6083984375
91.0805101,-45.3759765625,5.0244140625,6.4599609375
91.1118293,-46.1083984375,2.5341796875,4.3115234375
91.1406929,-46.2060546875,-0.2001953125,0.4541015625
91.1716466,-46.8408203125,-2.2998046875,-4.0869140625
91.2028447,-47.2802734375,-4.2529296875,-8.7255859375
91.2340103,-46.8896484375,-6.2060546875,-13.3154296875
91.2629366,-46.0107421875,-7.9150390625,-17.8076171875
91.2903797,-44.9853515625,-9.7705078125,-22.3486328125
91.3226326,-42.7392578125,-12.0654296875,-25.4736328125
91.351718,-41.6162109375,-15.1416015625,-28.0615234375
91.3818218,-40.5419921875,-17.8759765625,-31.8212890625
91.4141226,-39.8583984375,-19.0966796875,-36.5087890625
91.442209,-39.5654296875,-20.5126953125,-41.5869140625
91.475738,-39.6630859375,-18.9501953125,-47.3486328125
91.5234381,-39.0771484375,-9.6240234375,-50.9619140625
91.543901,-39.2236328125,1.5576171875,-50.9130859375
91.5627631,-39.1259765625,10.2978515625,-36.0205078125
91.5940389,-39.2724609375,16.3525390625,-9.7998046875
91.6325075,-39.7119140625,20.0634765625,11.3916015625
91.655402,-40.1025390625,24.0185546875,24.2822265625
91.6846209,-40.4931640625,23.8720703125,32.0458984375
91.7140724,-40.6396484375,21.5771484375,35.1220703125
91.7481285,-41.3720703125,21.0400390625,34.5361328125
91.7756147,-41.9091796875,20.3076171875,28.5791015625
91.8140461,-42.1044921875,19.4775390625,22.6708984375
91.8363755,-42.0068359375,17.9638671875,19.1552734375
91.8642297,-42.7392578125,16.1083984375,17.2021484375
91.8974784,-43.3740234375,13.7158203125,16.2255859375
91.9271232,-43.3740234375,11.3232421875,14.8095703125
91.9641838,-44.5947265625,8.1494140625,11.3427734375
91.9867476,-45.1318359375,5.9033203125,6.7529296875
92.0151787,-45.8642578125,3.6083984375,2.4560546875
92.0498346,-45.5712890625,0.9716796875,-2.1337890625
92.097612,-45.2294921875,-0.6396484375,-6.7724609375
92.1170369,-44.1552734375,-2.5439453125,-12.0458984375
92.1380836,-42.5439453125,-4.7412109375,-16.0009765625
92.16821,-41.2255859375,-7.9150390625,-19.2724609375
92.2057075,-39.5166015625,-11.2353515625,-22.4951171875
92.228971,-38.1005859375,-12.7490234375,-27.1337890625
92.2592186,-36.8310546875,-14.9951171875,-31.6259765625
92.2950651,-36.7333984375,-16.6552734375,-37.8759765625
92.3187768,-36.5380859375,-13.4326171875,-42.9541015625
92.3487304,-36.1962890625,-2.6904296875,-46.0791015625
92.3759545,-36.7333984375,7.4169921875,-43.5888671875
92.412431,-36.0009765625,15.2294921875,-25.6201171875
92.4385645,-36.5869140625,19.9169921875,0.4541015625
92.4758832,-37.2705078125,24.3603515625,19.1064453125
92.4988117,-37.2705078125,27.4853515625,31.5087890625
92.5283839,-37.4169921875,26.5576171875,37.2705078125
92.567356,-38.0517578125,25.0439453125,40.4443359375
92.5889393,-39.0771484375,24.8974609375,39.8095703125
92.6265069,-39.4189453125,23.5302734375,33.6083984375
92.6712866,-39.7119140625,21.6259765625,27.2119140625
92.6798934,-40.4443359375,20.4541015625,23.2568359375
92.7164295,-40.8837890625,18.0615234375,21.8408203125
92.7397174,-41.7138671875,15.7666015625,20.1806640625
92.7749198,-42.1533203125,12.7880859375,18.2275390625
92.8018105,-42.9833984375,10.2490234375,14.4677734375
92.8313463,-42.9345703125,7.2216796875,10.2197265625
92.8742034,-43.9599609375,4.3896484375,5.2880859375
92.8942377,-44.1552734375,1.6064453125,0.0634765625
92.9226801,-43.7158203125,-0.6396484375,-4.6728515625
92.9682863,-42.8857421875,-2.7880859375,-9.7021484375
92.9823009,-40.9814453125,-5.2294921875,-14.2919921875
93.0174843,-39.1748046875,-7.7685546875,-16.9775390625
93.0426814,-38.1005859375,-10.7958984375,-20.5908203125
93.0924113,-36.0009765625,-13.8232421875,-24.3017578125
93.101844,-35.3173828125,-16.7041015625,-30.9912109375
93.1391266,-35.5615234375,-18.2177734375,-36.1181640625
93.163189,-35.1220703125,-15.3369140625,-40.9033203125
93.2000996,-34.6337890625,-4.7900390625,-44.8095703125
93.2248092,-35.5126953125,3.9990234375,-43.4912109375
93.253322,-35.3662109375,11.9580078125,-25.2783203125
93.2912608,-35.6103515625,17.0361328125,-0.1806640625
93.3146205,-36.3427734375,19.8193359375,18.3740234375
93.3528179,-36.3427734375,22.3583984375,29.9462890625
93.3767888,-37.0263671875,21.1376953125,35.9033203125
93.4061014,-37.3681640625,19.4775390625,39.0283203125
93.4447629,-38.4912109375,17.6220703125,36.3427734375
93.4653769,-39.6630859375,16.6455078125,29.3115234375
93.4959027,-39.3701171875,15.4736328125,23.0615234375
93.5278191,-39.7119140625,13.3740234375,19.0087890625
93.5565542,-40.1513671875,10.8349609375,18.0322265625
93.5854426,-41.0302734375,7.9541015625,17.4951171875
93.6222281,-41.3720703125,5.8056640625,14.6142578125
93.6471271,-42.4951171875,2.6806640625,11.6357421875
93.6833693,-42.6904296875,-0.0048828125,7.2900390625
93.7073741,-44.0576171875,-2.2998046875,1.9677734375
93.7359316,-43.6669921875,-4.7412109375,-2.2802734375
93.7688587,-43.9599609375,-7.0361328125,-6.5283203125
93.7973061,-42.9345703125,-9.4287109375,-11.2158203125
93.8266678,-40.0537109375,-11.7236328125,-14.4873046875
93.8640059,-39.5654296875,-13.9208984375,-17.2705078125
93.8887097,-39.2236328125,-16.6064453125,-21.3232421875
93.9174216,-37.1728515625,-19.4384765625,-24.7412109375
93.965899,-36.2939453125,-21.4404296875,-29.5751953125
93.9793784,-36.0986328125,-22.7587890625,-35.1904296875
94.006291,-36.3916015625,-18.9990234375,-39.4384765625
94.043812,-36.4404296875,-8.5009765625,-42.2705078125
94.0667829,-36.1962890625,0.1904296875,-39.5361328125
94.1077163,-36.1474609375,7.2216796875,-20.8349609375
94.1311012,-36.9775390625,12.6904296875,2.6025390625
94.1589736,-37.3681640625,15.3271484375,19.4482421875
94.194962,-37.7099609375,16.5478515625,28.4814453125
94.2194237,-39.0283203125,14.8876953125,33.6083984375
94.2476822,-39.0283203125,13.0322265625,33.5107421875
94.2864675,-39.8583984375,12.2509765625,29.7998046875
94.3098561,-40.6884765625,12.1533203125,23.0615234375
94.3487071,-40.8837890625,10.7861328125,18.2275390625
94.3719883,-41.7626953125,9.2724609375,15.5419921875
94.3986715,-41.8115234375,7.3681640625,14.4677734375
94.4484684,-42.4951171875,5.4150390625,12.9052734375
94.4619781,-43.6669921875,2.5830078125,10.7568359375
94.4912813,-44.3994140625,-0.1025390625,7.4365234375
94.5410952,-45.2294921875,-1.8603515625,2.9443359375
94.5614259,-45.3271484375,-3.9111328125,-1.4990234375
94.5837214,-45.2783203125,-5.8642578125,-5.7958984375
94.6136212,-45.6689453125,-7.7685546875,-10.5810546875
94.6415707,-44.2529296875,-9.1357421875,-14.9267578125
94.6693223,-42.8857421875,-11.8212890625,-17.8564453125
94.7074589,-41.6650390625,-14.1162109375,-21.2255859375
94.7312183,-40.0048828125,-16.5576171875,-24.2529296875
94.7774012,-38.6376953125,-18.9013671875,-29.2822265625
94.7931743,-38.4912109375,-19.6337890625,-34.1650390625
94.8204503,-38.0029296875,-18.6083984375,-39.9755859375
94.8579607,-38.0517578125,-9.5263671875,-43.4423828125
94.8868555,-38.1982421875,1.8017578125,-43.2958984375
94.9164111,-37.9541015625,9.1748046875,-31.5771484375
94.9443647,-37.7587890625,15.6201171875,-6.1865234375
94.9729752,-38.1494140625,20.5029296875,14.8583984375
95.0055806,-38.3447265625,23.2861328125,29.0185546875
95.0326606,-38.8818359375,24.1162109375,36.3427734375
95.0639913,-39.3212890625,21.8701171875,40.8349609375
95.1147172,-39.8583984375,21.8212890625,40.4443359375
95.1349295,-39.9560546875,20.1611328125,36.0986328125
95.1732992,-40.3466796875,20.5029296875,29.8974609375
95.1853293,-40.5419921875,18.4521484375,25.1611328125
95.2151055,-41.2744140625,16.0107421875,22.9638671875
95.2431231,-41.7138671875,13.4228515625,21.7919921875
95.279525,-41.8115234375,11.4208984375,19.1064453125
95.3057578,-42.4462890625,9.4189453125,16.8603515625
95.3357614,-42.3486328125,6.2939453125,13.3935546875
95.3660296,-43.2763671875,4.2919921875,8.9990234375
95.3954896,-43.7158203125,1.6552734375,4.0673828125
95.4291616,-44.3994140625,0.0927734375,-0.9130859375
95.4559817,-43.5693359375,-1.9091796875,-6.1376953125
95.4840998,-41.5673828125,-4.3505859375,-9.9462890625
95.5168975,-40.2978515625,-6.6455078125,-13.4130859375
95.5458084,-38.2958984375,-9.6240234375,-15.4638671875
95.5790464,-36.9287109375,-11.8212890625,-20.0537109375
95.6069798,-35.7568359375,-14.1162109375,-25.7666015625
95.6363644,-34.6826171875,-16.0693359375,-30.7470703125
95.6689308,-34.5849609375,-11.9677734375,-36.6064453125
95.6979249,-34.3896484375,-0.3955078125,-39.2431640625
95.7269908,-34.7314453125,8.6865234375,-37.8271484375
95.7607956,-34.4384765625,16.4990234375,-19.7607421875
95.7889732,-34.3408203125,21.7236328125,5.4833984375
95.8359679,-34.3408203125,26.3623046875,24.9658203125
95.8559564,-34.3896484375,29.2919921875,36.2451171875
95.8776989,-35.0244140625,28.5595703125,43.3251953125
95.9100128,-35.6591796875,26.3623046875,47.3291015625
95.9405611,-36.4892578125,25.9716796875,46.0107421875
95.9972214,-37.2216796875,24.6533203125,39.9560546875
96.0003225,-37.3193359375,23.5302734375,34.4384765625
96.0293075,-37.2216796875,21.3330078125,30.2880859375
96.0615829,-38.0029296875,19.4287109375,28.7744140625
96.0896046,-38.5888671875,17.0849609375,27.7490234375
96.120604,-39.1748046875,14.3994140625,25.2587890625
96.1511464,-39.5654296875,11.4697265625,22.2314453125
96.1809064,-40.3466796875,9.0283203125,17.4462890625
96.2102623,-40.6884765625,6.6357421875,12.6123046875
96.2422199,-41.5673828125,3.7060546875,7.2900390625
96.2717999,-41.2744140625,1.4599609375,2.7978515625
96.2987958,-40.5419921875,-0.6396484375,-1.7919921875
96.334148,-39.4677734375,-3.0810546875,-5.6005859375
96.3616988,-37.7587890625,-6.4990234375,-9.1162109375
96.3938638,-36.0009765625,-9.3310546875,-12.2900390625
96.4419159,-34.2431640625,-11.4794921875,-16.3427734375
96.4620036,-33.2666015625,-13.8720703125,-21.7626953125
96.4999731,-32.2412109375,-15.4833984375,-27.5732421875
96.5214842,-32.8759765625,-10.1123046875,-31.7236328125
96.5429009,-31.8505859375,0.8251953125,-35.5810546875
96.5737947,-32.1435546875,9.8583984375,-30.3076171875
96.60375,-32.9248046875,16.6943359375,-9.5068359375
96.6356005,-32.3876953125,21.5771484375,14.7119140625
96.663507,-32.9248046875,24.3115234375,31.6552734375
96.6926271,-33.6083984375,25.7275390625,40.3466796875
96.7410142,-33.5107421875,23.8720703125,46.6455078125
96.7553788,-34.0478515625,22.2119140625,48.9892578125
96.7955104,-34.7802734375,20.7958984375,44.9365234375
96.8148362,-35.4638671875,19.8193359375,39.0283203125
96.8502072,-36.0009765625,18.6474609375,33.1689453125
96.8731023,-36.4892578125,16.4990234375,30.7763671875
96.9064156,-37.0751953125,14.3017578125,29.5556640625
96.9337977,-38.0517578125,11.1279296875,28.1884765625
96.9669584,-38.0517578125,8.9794921875,24.9169921875
96.9959355,-39.2724609375,5.8544921875,22.1826171875
97.0287069,-40.0537109375,3.2666015625,18.0810546875
97.0755544,-40.2001953125,0.1904296875,13.2470703125
97.0946206,-40.8837890625,-1.2255859375,8.5107421875
97.1146295,-40.7861328125,-3.0322265625,4.2138671875
97.164125,-40.2001953125,-5.0341796875,0.3564453125
97.1855017,-38.8818359375,-7.9638671875,-1.9384765625
97.2088954,-37.0263671875,-10.2587890625,-4.9658203125
97.2390015,-35.7080078125,-12.3095703125,-9.7998046875
97.2669648,-34.1943359375,-13.8720703125,-13.8037109375
97.316466,-33.1201171875,-16.1181640625,-18.9794921875
97.3366239,-33.4130859375,-14.3603515625,-23.1787109375
97.3556576,-32.6806640625,-5.6201171875,-26.1083984375
97.3917496,-32.9736328125,4.1455078125,-27.3779296875
97.4174005,-33.0712890625,11.7138671875,-16.2939453125
97.4510229,-32.9248046875,17.0361328125,6.1669921875
97.47963,-33.2666015625,20.9423828125,26.7724609375
97.5086546,-33.6572265625,22.8466796875,38.6865234375
97.5369073,-34.2919921875,22.0166015625,44.5458984375
97.5688803,-34.7802734375,20.7958984375,46.6943359375
97.5961669,-35.2197265625,19.8193359375,44.9853515625
97.6342204,-36.6357421875,18.9892578125,39.2724609375
97.6587265,-36.9287109375,17.8173828125,33.3154296875
97.6861997,-37.6611328125,17.0849609375,29.8974609375
97.7219388,-38.1005859375,14.3017578125,28.2861328125
97.7493533,-39.0283203125,12.4462890625,27.0654296875
97.780439,-39.5654296875,10.1025390625,25.8447265625
97.8167601,-40.4931640625,7.8564453125,22.5244140625
97.8402171,-40.7861328125,5.7080078125,17.5927734375
97.8917255,-41.4697265625,3.6572265625,13.7353515625
97.9018676,-41.7138671875,1.5576171875,9.0966796875
97.9300353,-42.7880859375,0.2880859375,4.1650390625
97.9789452,-42.1044921875,-1.7626953125,-0.0341796875
97.9913288,-40.8349609375,-3.3740234375,-3.8916015625
98.0267781,-39.3212890625,-6.4990234375,-6.4306640625
98.0698187,-38.0029296875,-8.7451171875,-9.5556640625
98.081753,-36.4404296875,-11.0888671875,-14.2919921875
98.1297524,-35.7080078125,-12.3095703125,-19.3701171875
98.1417851,-35.3173828125,-11.8212890625,-23.8623046875
98.1795385,-35.1708984375,-2.4951171875,-28.1591796875
98.2057709,-34.9755859375,7.8564453125,-29.5263671875
98.2507785,-34.1455078125,16.2060546875,-19.7119140625
98.2637339,-34.3896484375,22.2119140625,4.1650390625
98.29405,-34.4384765625,27.6318359375,27.0654296875
98.330098,-34.6826171875,30.6103515625,40.7861328125
98.3513906,-34.3896484375,31.3916015625,50.2099609375
98.3855305,-34.8291015625,29.1943359375,54.3603515625
98.4138619,-34.9755859375,28.4130859375,55.2880859375
98.4456588,-35.6103515625,26.9970703125,50.1123046875
98.4730178,-36.1962890625,26.3134765625,42.5927734375
98.5080551,-35.9521484375,25.0439453125,37.6611328125
98.5351088,-36.7333984375,22.8466796875,35.2685546875
98.5651487,-37.8564453125,20.6982421875,35.4638671875
98.5944439,-38.1494140625,17.6708984375,33.1689453125
98.6267164,-38.8330078125,15.2783203125,29.7021484375
98.6539244,-39.3701171875,12.5439453125,26.1865234375
98.6902828,-39.9072265625,10.0537109375,21.5478515625
98.7168145,-39.7119140625,8.0029296875,16.7138671875
98.7438229,-40.2978515625,6.0009765625,11.4892578125
98.7797047,-39.7119140625,4.0478515625,7.1435546875
98.8066504,-39.8095703125,2.1923828125,2.7978515625
98.8402611,-37.9052734375,-1.0302734375,-0.6201171875
98.8681373,-36.0986328125,-3.0322265625,-3.5986328125
98.8962609,-34.6826171875,-5.7666015625,-7.8466796875
98.9282868,-33.6083984375,-7.9150390625,-13.0712890625
98.9582245,-31.8505859375,-8.2080078125,-18.4423828125
98.98567,-31.9970703125,-5.2294921875,-23.6669921875
99.0223924,-31.0693359375,5.8056640625,-27.4267578125
99.0481263,-31.4599609375,15.4736328125,-25.0830078125
99.0803073,-31.5576171875,23.2861328125,-7.7490234375
99.1084852,-31.3134765625,28.8037109375,17.4462890625
99.1375095,-30.9716796875,33.4912109375,36.4404296875
99.1674411,-30.9716796875,35.3955078125,48.3544921875
99.1975924,-32.7783203125,34.6630859375,54.8486328125
99.2368906,-32.1923828125,32.6611328125,58.7548828125
99.2605793,-33.4619140625,31.4404296875,57.7294921875
99.2893004,-33.6083984375,30.2685546875,51.0888671875
99.3254874,-34.3896484375,29.0478515625,44.6435546875
99.349774,-34.2431640625,27.0947265625,40.2490234375
99.3784363,-35.6591796875,24.9462890625,39.1259765625
99.431072,-35.9033203125,21.4306640625,37.2705078125
99.4410926,-35.6103515625,18.6474609375,35.5126953125
99.470066,-37.1240234375,15.9619140625,32.0947265625
99.5081618,-37.4169921875,12.9833984375,27.5048828125
99.5303642,-37.9052734375,10.0048828125,21.6455078125
99.5662364,-38.9306640625,7.4658203125,16.7626953125
99.5918677,-38.6865234375,5.3662109375,12.1728515625
99.6219377,-38.7353515625,2.6806640625,6.8017578125
99.658673,-36.9775390625,0.0439453125,2.8466796875
99.6819031,-35.8056640625,-3.1298828125,-1.4013671875
99.7105961,-33.6572265625,-5.6201171875,-4.5751953125
99.7455646,-33.1689453125,-9.1845703125,-9.6533203125
99.7755072,-31.3134765625,-10.6494140625,-14.0966796875
99.8010976,-30.2392578125,-12.0166015625,-21.2255859375
99.8394892,-30.3369140625,-7.1337890625,-25.4736328125
99.8624327,-28.8720703125,4.2919921875,-29.0380859375
99.8946523,-29.5068359375,12.9833984375,-24.7412109375
99.9231434,-29.6533203125,19.3310546875,-4.9169921875
99.9538238,-29.7021484375,24.2626953125,18.9599609375
99.9810596,-30.2880859375,26.8994140625,35.5615234375
100.0271915,-29.7509765625,28.2177734375,45.2294921875
100.0434094,-30.7275390625,25.9716796875,50.4541015625
100.0895301,-30.9228515625,24.5556640625,51.6259765625
100.1039095,-32.0458984375,22.6513671875,47.8173828125
100.1326694,-32.9248046875,21.7236328125,41.1279296875
100.1697832,-33.0224609375,19.9658203125,34.9755859375
100.19408,-34.1943359375,17.7197265625,32.3876953125
100.2250268,-34.8291015625,14.6435546875,30.4833984375
100.2585076,-35.3662109375,12.1044921875,29.1650390625
100.2851314,-35.9033203125,9.6142578125,26.5283203125
100.3176668,-36.9775390625,6.2939453125,22.4755859375
100.3451029,-37.4169921875,3.8525390625,18.4228515625
100.3748278,-38.3447265625,1.1181640625,12.7099609375
100.4073332,-38.9306640625,-1.2255859375,8.8525390625
100.4367107,-39.0283203125,-3.1787109375,3.0419921875
100.4642789,-38.6376953125,-4.7900390625,0.0634765625
100.4967906,-38.1494140625,-7.6220703125,-3.2568359375
100.5269247,-35.6103515625,-10.2587890625,-6.4306640625
100.576337,-34.4873046875,-13.1884765625,-9.8974609375
100.5978524,-32.8759765625,-15.1416015625,-14.3896484375
100.6142728,-31.6552734375,-17.0458984375,-20.2490234375
100.6491733,-30.9228515625,-15.8251953125,-24.0576171875
100.6762084,-31.2158203125,-6.2548828125,-28.5986328125
100.7099854,-31.2158203125,3.8037109375,-29.7705078125
100.7553052,-31.0693359375,11.2255859375,-19.7607421875
100.7754313,-31.5087890625,16.7431640625,2.7001953125
100.8107359,-31.4111328125,20.5517578125,22.8173828125
100.830907,-31.8505859375,22.7490234375,35.6591796875
100.8741426,-32.1435546875,21.7236328125,42.9833984375
100.8943532,-33.5107421875,20.5517578125,45.7177734375
100.9374238,-33.7060546875,19.2822265625,44.3017578125
100.9589826,-34.1455078125,18.5986328125,38.3447265625
100.9979531,-34.8779296875,17.6220703125,32.8271484375
101.0171491,-35.9033203125,16.0107421875,27.5537109375
101.0397756,-36.8310546875,14.6435546875,26.6748046875
101.0886119,-36.6845703125,11.9091796875,25.0146484375
101.120021,-37.4658203125,9.5166015625,23.1103515625
101.1320051,-38.5400390625,7.2216796875,19.8388671875
101.1784969,-38.7841796875,4.6826171875,15.7861328125
101.1986594,-39.3701171875,2.5341796875,11.7822265625
101.2397857,-40.2490234375,0.8251953125,6.6064453125
101.2600033,-40.5908203125,-0.4443359375,1.6259765625
101.2951939,-41.1279296875,-3.0810546875,-2.0849609375
101.3154016,-40.5908203125,-5.5224609375,-6.3818359375
101.3578218,-39.2724609375,-7.7197265625,-9.1162109375
101.378267,-37.6123046875,-9.8193359375,-12.7783203125
101.4187396,-35.9033203125,-12.8955078125,-16.3427734375
101.4391998,-34.7802734375,-14.0185546875,-22.0556640625
101.4765674,-33.7548828125,-14.8974609375,-27.4267578125
101.4968479,-33.1201171875,-8.0615234375,-32.5048828125
101.5377727,-32.8271484375,3.2666015625,-35.5322265625
101.5592729,-33.0224609375,12.4951171875,-30.3076171875
101.6012862,-32.9248046875,19.5751953125,-9.3115234375
101.6216157,-32.6318359375,25.0927734375,15.2001953125
101.6698065,-32.5830078125,28.7548828125,32.4365234375
101.7006146,-32.4365234375,30.1708984375,43.0322265625
101.7045481,-32.7294921875,28.5107421875,49.1845703125
101.7542851,-33.4130859375,27.0947265625,51.9677734375
101.7733798,-33.6572265625,26.4599609375,49.4287109375
101.811418,-34.2431640625,25.7275390625,43.0322265625
101.8316865,-34.5849609375,24.0673828125,36.6357421875
101.8695346,-34.7314453125,22.6025390625,35.1708984375
101.8897535,-35.1708984375,20.4052734375,33.4130859375
101.9340992,-35.7568359375,17.1826171875,31.8017578125
101.9547208,-36.2451171875,15.5224609375,29.1650390625
101.9989656,-36.7822265625,12.7880859375,25.6982421875
102.0282377,-37.6123046875,9.8095703125,20.6201171875
102.0384289,-38.0029296875,7.2705078125,16.3232421875
102.0906186,-38.6376953125,5.6591796875,11.7822265625
102.1109204,-38.9306640625,3.4130859375,6.3623046875
102.1284949,-38.6865234375,1.0205078125,2.0654296875
102.1871242,-38.3447265625,-1.0791015625,-2.0361328125
102.2065702,-36.1474609375,-3.8134765625,-5.3076171875
102.2196538,-34.0966796875,-6.6943359375,-9.1162109375
102.2647225,-32.8759765625,-9.1357421875,-13.1689453125
102.2838232,-31.3134765625,-10.4541015625,-18.3935546875
102.3080243,-30.0439453125,-11.0400390625,-24.3017578125
102.335713,-29.7509765625,-4.3994140625,-29.2822265625
102.3863849,-30.5810546875,6.5380859375,-32.3095703125
102.4068135,-29.4091796875,16.2060546875,-28.1103515625
102.442426,-29.6533203125,22.5537109375,-6.9189453125
102.464566,-29.1650390625,27.6318359375,18.1787109375
102.514603,-29.9462890625,31.0986328125,35.1708984375
102.5348078,-29.9462890625,33.0029296875,45.2783203125
102.5484793,-30.2392578125,31.5380859375,51.4794921875
102.5965188,-31.1669921875,29.1455078125,53.7744140625
102.6208991,-31.7529296875,27.9736328125,51.0400390625
102.657382,-32.1923828125,27.8759765625,44.9365234375
102.6792042,-33.5107421875,26.1669921875,39.2236328125
102.716417,-33.2666015625,24.1162109375,35.2685546875
102.7379244,-34.1943359375,21.5283203125,34.7802734375
102.7779046,-34.6826171875,19.0869140625,32.4365234375
102.807853,-35.3173828125,15.0341796875,29.9462890625
102.8198556,-36.0986328125,12.9345703125,26.1865234375
102.8670205,-36.3427734375,10.2001953125,21.5966796875
102.8883627,-36.9775390625,7.4658203125,16.4208984375
102.9087036,-37.8076171875,5.0244140625,11.2451171875
102.9413193,-38.1005859375,2.2412109375,6.3134765625
102.969898,-37.8564453125,-0.0048828125,1.5771484375
103.0030511,-37.1240234375,-2.9345703125,-2.5244140625
103.0496476,-36.0009765625,-4.9853515625,-6.0400390625
103.0612097,-34.0966796875,-8.5498046875,-9.0185546875
103.1083365,-32.3876953125,-11.1865234375,-13.5107421875
103.128626,-30.9716796875,-13.4814453125,-19.3212890625
103.1502308,-29.9462890625,-14.8486328125,-25.3271484375
103.183463,-29.3115234375,-10.2587890625,-30.3076171875
103.2113477,-29.1650390625,0.3857421875,-33.0908203125
103.2573727,-29.7509765625,9.8583984375,-32.1630859375
103.2787623,-28.7744140625,16.6455078125,-13.4619140625
103.3260677,-28.8720703125,20.9423828125,10.9521484375
103.3289066,-29.7509765625,24.5068359375,28.8720703125
103.3776148,-29.3603515625,25.9228515625,40.2001953125
103.4047971,-29.7021484375,23.1396484375,45.4736328125
103.4267559,-30.5810546875,21.5283203125,47.4755859375
103.4539159,-30.2392578125,21.1865234375,45.2783203125
103.4842651,-32.1923828125,19.7216796875,38.8330078125
103.5158313,-32.9248046875,17.7685546875,32.6806640625
103.54407,-33.5595703125,16.3037109375,28.8720703125
103.5916543,-34.2431640625,13.6181640625,27.8955078125
103.605105,-34.7802734375,11.2255859375,26.7236328125
103.6349084,-35.3662109375,7.5146484375,24.4287109375
103.6690932,-36.0009765625,5.7080078125,20.8642578125
103.7103949,-36.3916015625,2.1923828125,16.2255859375
103.7251217,-37.2705078125,-0.2490234375,11.7333984375
103.7563744,-38.1982421875,-2.9833984375,6.2646484375
103.7860846,-39.1259765625,-4.5947265625,1.4306640625
103.8191023,-38.9306640625,-5.7666015625,-2.5732421875
103.8473403,-38.9306640625,-8.7939453125,-5.8935546875
103.8757758,-37.0751953125,-11.1865234375,-8.2861328125
103.9040304,-35.8544921875,-13.7255859375,-12.0458984375
103.9501369,-33.8037109375,-15.7763671875,-15.3662109375
103.9639782,-32.9248046875,-17.4365234375,-20.7373046875
103.9985819,-32.2412109375,-18.4619140625,-25.9130859375
104.0286655,-31.4111328125,-11.8212890625,-30.2099609375
104.0553364,-31.6064453125,-1.4697265625,-33.5302734375
104.0908973,-31.5576171875,7.6123046875,-29.8193359375
104.1175811,-32.2900390625,14.2529296875,-11.5576171875
104.1473701,-31.8505859375,18.2568359375,12.1240234375
104.1780337,-31.9482421875,21.3330078125,28.3349609375
104.2072686,-32.4853515625,22.4560546875,37.5146484375
104.2401738,-33.2177734375,20.6494140625,42.4462890625
104.2699224,-33.1201171875,19.0869140625,42.7392578125
104.2981982,-34.3896484375,18.5009765625,38.6376953125
104.3302915,-35.4638671875,17.0849609375,31.9482421875
104.3593596,-36.0498046875,15.5224609375,27.4072265625
104.392923,-36.7822265625,13.4228515625,24.1845703125
104.4212316,-37.7587890625,12.1533203125,23.2568359375
104.4482088,-38.1982421875,9.9072265625,21.3525390625
104.4823739,-38.6376953125,6.7822265625,18.8623046875
104.5108627,-38.8818359375,4.5849609375,15.2001953125
104.5405723,-39.7607421875,2.4853515625,11.6357421875
104.5686474,-40.2978515625,0.6298828125,5.7763671875
104.6000814,-40.7373046875,-2.1533203125,1.7724609375
104.6302187,-41.5185546875,-3.3251953125,-3.2568359375
104.6619592,-41.6162109375,-6.0107421875,-8.1396484375
104.6902051,-41.1279296875,-7.8662109375,-11.2158203125
104.7186141,-39.9560546875,-10.3564453125,-14.4873046875
104.7542428,-38.6865234375,-12.4560546875,-18.5400390625
104.7810529,-36.8310546875,-14.9462890625,-22.9833984375
104.8132328,-35.3173828125,-16.6552734375,-28.2080078125
104.843761,-34.7802734375,-15.8251953125,-33.5791015625
104.8708257,-33.4619140625,-6.5478515625,-37.7783203125
104.9045597,-33.8037109375,4.5849609375,-40.2685546875
104.9336741,-33.8037109375,12.9345703125,-31.7724609375
104.9631328,-33.3154296875,20.1123046875,-7.3095703125
104.9941766,-33.5595703125,24.5556640625,16.4208984375
105.0235898,-33.1201171875,28.2177734375,33.2177734375
105.0549812,-33.5107421875,28.7060546875,42.2021484375
105.0848547,-33.9501953125,27.1435546875,47.3291015625
105.1118133,-34.1455078125,26.7041015625,48.7939453125
105.1477639,-34.6826171875,25.3857421875,45.9130859375
105.1752721,-34.8291015625,24.4091796875,40.3466796875
105.202392,-35.3662109375,23.3349609375,35.4638671875
105.2373473,-36.3916015625,21.6259765625,32.6318359375
105.2650589,-36.6357421875,19.6240234375,31.1669921875
105.3202439,-37.2705078125,16.7431640625,29.9462890625
105.3398744,-37.1728515625,14.2529296875,27.2119140625
105.3558803,-37.0751953125,10.9326171875,24.1845703125
105.3870505,-38.3447265625,9.7119140625,19.6435546875
105.415651,-38.7353515625,6.3916015625,14.2724609375
105.4441486,-39.3212890625,4.3408203125,9.2919921875
105.4750137,-39.8095703125,1.8994140625,3.9697265625
105.5375723,-39.7607421875,0.3369140625,0.1123046875
105.5384121,-38.9306640625,-2.5439453125,-3.4521484375
105.5674381,-37.6611328125,-5.4248046875,-6.4306640625
105.6138045,-36.4404296875,-7.7685546875,-9.8486328125
105.6342443,-34.2919921875,-10.3564453125,-14.3408203125
105.6784407,-32.9248046875,-12.0166015625,-20.2978515625
105.6979907,-31.8994140625,-12.0166015625,-26.4013671875
105.735995,-30.9716796875,-3.8134765625,-30.9912109375
105.7579594,-30.8740234375,7.4658203125,-32.8466796875
105.7948941,-30.3857421875,16.2548828125,-26.7431640625
105.8156385,-30.2392578125,22.6025390625,-4.3798828125
105.8388853,-30.1416015625,27.2900390625,19.5458984375
105.869925,-30.9228515625,31.6357421875,36.0009765625
105.913233,-30.7763671875,32.2216796875,45.7666015625
105.9345375,-30.9716796875,30.6103515625,52.3095703125
105.9709469,-31.4111328125,29.4873046875,54.4580078125
105.9931157,-31.2646484375,27.7783203125,51.2353515625
106.036093,-32.4853515625,26.6552734375,44.8876953125
106.0568269,-32.9736328125,25.8740234375,39.6142578125
106.1008035,-33.5595703125,23.4326171875,36.7333984375
106.1308176,-34.5361328125,20.8447265625,35.7080078125
106.1420158,-34.2431640625,17.6708984375,33.6572265625
106.1947391,-34.9267578125,14.8876953125,31.1669921875
106.2248895,-35.8544921875,12.1533203125,27.3095703125
106.2322193,-36.2939453125,9.0771484375,22.3779296875
106.2744671,-37.1240234375,5.9521484375,18.3251953125
106.2944512,-37.4658203125,4.4384765625,13.9794921875
106.3499255,-37.5146484375,1.7041015625,8.4619140625
106.3507734,-37.9541015625,-0.0048828125,3.8232421875
106.3822881,-38.1494140625,-3.1298828125,-0.0341796875
106.4263115,-36.5869140625,-6.4501953125,-3.0615234375
106.4464245,-35.4638671875,-9.4287109375,-7.0166015625
106.4918005,-33.8037109375,-11.6748046875,-11.8994140625
106.5132691,-32.3876953125,-14.0673828125,-17.2705078125
106.5552896,-31.2158203125,-14.9462890625,-22.5439453125
106.5743929,-29.5556640625,-6.3037109375,-26.3525390625
106.5927622,-29.2138671875,4.3408203125,-29.5751953125
106.6401436,-29.1650390625,11.8115234375,-23.2763671875
106.6604379,-29.1650390625,17.8173828125,-1.7919921875
106.6983071,-29.2626953125,21.6259765625,21.2060546875
106.7179884,-28.9697265625,23.8720703125,36.8310546875
106.7604406,-29.4580078125,24.3115234375,44.9365234375
106.7811631,-29.8974609375,21.5771484375,50.0634765625
106.8181562,-30.2880859375,20.4052734375,50.4541015625
106.8477991,-31.2158203125,19.1357421875,45.3271484375
106.8646857,-31.4111328125,17.9150390625,38.8330078125
106.9091737,-32.8759765625,15.9619140625,33.8037109375
106.9301321,-32.9736328125,14.6435546875,31.7529296875
106.972384,-34.3408203125,12.0068359375,30.1416015625
106.9927184,-34.3896484375,8.8330078125,28.5302734375
107.0296876,-34.7314453125,6.0009765625,25.7958984375
107.0488443,-36.0009765625,3.4619140625,22.4267578125
107.0921418,-36.2939453125,0.6298828125,18.0810546875
107.1124154,-36.8310546875,-1.1767578125,13.4912109375
107.1485844,-37.4658203125,-4.0576171875,9.0478515625
107.1700048,-38.6376953125,-6.2060546875,4.5068359375
107.2121095,-38.4912109375,-7.9150390625,0.6494140625
107.2322834,-38.3935546875,-10.8447265625,-2.5732421875
107.2692766,-37.5634765625,-13.4326171875,-5.3564453125
107.2883661,-35.9521484375,-15.5810546875,-9.0185546875
107.3329808,-34.5361328125,-16.8017578125,-13.9013671875
107.3533799,-33.4619140625,-18.4130859375,-19.1259765625
107.3890253,-31.9970703125,-16.2158203125,-23.4716796875
107.4090652,-30.9228515625,-5.8154296875,-26.5478515625
107.4534031,-31.6064453125,3.9990234375,-26.9384765625
107.475761,-31.1181640625,11.3720703125,-16.5380859375
107.5108676,-31.4111328125,16.3037109375,7.5341796875
107.5315085,-31.7041015625,20.8447265625,27.3095703125
107.5721729,-30.8740234375,22.7490234375,39.4677734375
107.5933898,-31.5576171875,21.1865234375,47.1337890625
107.6352477,-32.5830078125,20.0146484375,50.1611328125
107.6558263,-33.0712890625,19.2822265625,49.3798828125
107.6930589,-33.1201171875,18.3544921875,42.8369140625
107.712114,-33.8525390625,17.1337890625,37.1728515625
107.7552281,-35.0732421875,15.5224609375,33.2177734375
107.7745464,-35.2197265625,13.6181640625,31.0205078125
107.8141306,-35.8544921875,11.4208984375,30.1904296875
107.834414,-36.4892578125,8.6376953125,27.3095703125
107.8765179,-37.3193359375,6.0986328125,25.2099609375
107.8970913,-37.5634765625,3.6572265625,21.4501953125
107.9331036,-37.8076171875,1.6064453125,16.6162109375
107.9534946,-38.4912109375,-0.5908203125,11.5869140625
107.9943956,-38.8818359375,-2.2998046875,7.3388671875
108.0145561,-39.8583984375,-4.3505859375,2.4560546875
108.0567924,-40.5908203125,-6.7919921875,-1.7431640625
108.0776731,-40.2001953125,-8.8916015625,-5.2099609375
108.1153332,-39.1748046875,-11.4306640625,-7.6025390625
108.1370513,-36.6357421875,-14.6044921875,-12.3876953125
108.1754798,-35.9033203125,-16.4599609375,-17.1728515625
108.1944569,-34.6337890625,-18.0224609375,-22.5439453125
108.2441197,-33.4619140625,-12.2607421875,-27.3779296875
108.2644043,-32.0947265625,-0.7861328125,-30.6005859375
108.2818108,-32.2900390625,8.9306640625,-29.4775390625
108.3240105,-31.8017578125,16.6943359375,-12.4853515625
108.3455956,-31.9970703125,21.7724609375,12.8564453125
108.3860959,-31.8994140625,25.6298828125,33.1689453125
108.406434,-31.9970703125,28.7060546875,46.0107421875
108.4498736,-31.8017578125,26.7041015625,53.0908203125
108.463601,-32.3876953125,24.9951171875,56.6552734375
108.5077534,-33.1689453125,24.4580078125,56.5087890625
108.5297946,-32.8271484375,23.5791015625,50.5517578125
108.5693717,-34.0966796875,22.2119140625,43.6181640625
108.586137,-34.3896484375,20.5517578125,39.5166015625
108.6313571,-34.5361328125,18.4521484375,38.9306640625
108.642421,-35.4638671875,15.3759765625,37.9541015625
108.6892915,-35.5126953125,12.8369140625,35.4150390625
108.703986,-36.3427734375,10.2490234375,31.8017578125
108.7510935,-36.7333984375,7.9541015625,28.1884765625
108.765821,-37.6611328125,5.4638671875,22.3779296875
108.8094844,-37.5634765625,2.6806640625,17.8857421875
108.8409302,-38.2470703125,0.4345703125,12.4658203125
108.8550108,-38.5888671875,-1.2744140625,8.8037109375
108.8988514,-38.7841796875,-3.7158203125,4.2626953125
108.9171933,-38.4423828125,-6.4501953125,1.0888671875
108.9604921,-37.4169921875,-8.9892578125,-2.3291015625
108.9782608,-35.6591796875,-11.3818359375,-6.1865234375
109.0205821,-34.0478515625,-12.9443359375,-10.9228515625
109.0350217,-31.6064453125,-14.8974609375,-17.1728515625
109.0688706,-30.0927734375,-10.9423828125,-21.9580078125
109.097147,-30.1904296875,0.6298828125,-25.0341796875
109.1263621,-30.4345703125,10.0537109375,-24.8388671875
109.1603287,-29.3603515625,17.9150390625,-9.2626953125
109.1993649,-29.2626953125,23.2861328125,15.9326171875
109.2197088,-29.0673828125,26.8994140625,35.6591796875
109.2499603,-29.5068359375,30.6103515625,49.1357421875
109.2771626,-28.9697265625,28.6572265625,56.9482421875
109.3099259,-30.1904296875,27.0947265625,62.3681640625
109.3391893,-30.2392578125,26.3623046875,61.9775390625
109.3667906,-30.4345703125,24.5068359375,55.5810546875
109.3996555,-31.1181640625,23.2861328125,49.1357421875
109.4308309,-31.8017578125,21.7724609375,44.5947265625
109.4574891,-31.9970703125,19.1357421875,42.8857421875
109.4909843,-33.1201171875,16.2060546875,41.8603515625
109.5201741,-33.5107421875,13.5693359375,40.5908203125
109.5516473,-33.8037109375,10.1513671875,36.4404296875
109.5898179,-34.1455078125,7.2216796875,32.2900390625
109.6092778,-34.8779296875,4.8779296875,28.2373046875
109.6429923,-35.6591796875,1.9482421875,21.9873046875
109.6796893,-36.3427734375,-0.5419921875,17.6904296875
109.7003546,-36.7822265625,-2.7880859375,12.1728515625
109.7330932,-37.0751953125,-5.7666015625,8.4130859375
109.761886,-36.1962890625,-8.3544921875,4.1162109375
109.794784,-35.7080078125,-10.8447265625,1.0400390625
109.8207727,-34.3408203125,-13.6279296875,-2.3779296875
109.8509958,-32.8271484375,-15.7763671875,-7.5537109375
109.8850593,-31.3134765625,-17.8271484375,-13.3154296875
109.9177538,-29.7021484375,-15.9716796875,-18.7841796875
109.9400657,-28.3837890625,-5.7177734375,-21.4697265625
109.9747916,-28.6279296875,4.1455078125,-23.5205078125
110.0020078,-27.9931640625,10.9814453125,-13.0224609375
110.0349365,-27.8466796875,16.4013671875,11.0009765625
110.0637663,-27.7978515625,20.1611328125,32.1435546875
110.0931237,-28.2373046875,21.6748046875,45.6201171875
110.1221316,-28.5302734375,20.0634765625,53.1396484375
110.1538519,-28.6767578125,18.4521484375,56.9970703125
110.1817714,-28.9697265625,17.6220703125,56.2646484375
110.215233,-29.3603515625,15.9619140625,50.6005859375
110.2435242,-30.5810546875,14.8876953125,44.3017578125
110.2736536,-30.4833984375,12.6904296875,40.0048828125
110.3079504,-31.5576171875,10.2978515625,38.1494140625
110.3344787,-32.7783203125,7.9541015625,36.7333984375
110.3681754,-32.7294921875,4.8779296875,34.9267578125
110.3961468,-34.0478515625,2.0947265625,31.4111328125
110.4247352,-33.8525390625,-0.4443359375,27.3095703125
110.4778017,-34.5849609375,-3.1787109375,23.8916015625
110.4975013,-35.6103515625,-5.6201171875,18.6181640625
110.5143382,-36.2939453125,-7.2314453125,13.7353515625
110.5613189,-36.7333984375,-9.4775390625,9.5849609375
110.5813986,-37.4658203125,-11.5771484375,5.7275390625
110.6084203,-37.7099609375,-13.7744140625,2.5048828125
110.6380249,-37.3193359375,-16.0693359375,0.0634765625
110.6681839,-35.4638671875,-19.0478515625,-3.9892578125
110.7146333,-34.6826171875,-20.6591796875,-8.7744140625
110.7359359,-33.1689453125,-22.0263671875,-14.9267578125
110.7556582,-31.3623046875,-17.7783203125,-19.4677734375
110.7895393,-30.2392578125,-6.7919921875,-22.4462890625
110.831745,-29.7021484375,2.9248046875,-22.5439453125
110.8532759,-30.0439453125,9.9560546875,-10.6298828125
110.8951041,-30.1904296875,15.0341796875,13.5400390625
110.9166535,-29.8974609375,18.4033203125,32.3388671875
110.9529668,-30.3369140625,20.1611328125,44.6435546875
110.9733077,-30.8251953125,18.0615234375,50.6982421875
111.0147598,-31.2158203125,16.6943359375,54.1162109375
111.0351443,-30.9716796875,16.2060546875,51.5283203125
111.0785984,-31.9970703125,15.7177734375,44.9365234375
111.0987567,-32.5341796875,13.6669921875,38.1982421875
111.1375944,-33.3154296875,11.9091796875,35.5615234375
111.1590478,-34.0966796875,9.7119140625,33.2177734375
111.1995515,-34.7802734375,8.1005859375,31.4599609375
111.2123495,-35.0244140625,4.8291015625,29.8974609375
111.2575674,-35.4150390625,3.4619140625,26.2353515625
111.2788302,-36.2939453125,0.1904296875,22.1337890625
111.3147079,-36.9287109375,-2.2021484375,17.3486328125
111.3349666,-38.1982421875,-3.8134765625,11.7333984375
111.376674,-38.1005859375,-6.0107421875,7.0947265625
111.3982834,-38.5888671875,-8.1103515625,2.7001953125
111.4343032,-38.5400390625,-10.4052734375,-1.3037109375
111.455897,-39.1748046875,-13.0419921875,-5.0146484375
111.4969943,-38.5400390625,-15.4345703125,-8.3837890625
111.5159826,-37.5146484375,-18.2177734375,-12.2412109375
111.5517777,-35.7080078125,-20.2685546875,-17.5146484375
111.5740396,-33.8525390625,-21.9287109375,-22.9833984375
111.6139518,-32.1435546875,-15.4833984375,-28.5986328125
111.6358852,-31.1669921875,-3.7646484375,-32.3095703125
111.6770485,-31.1669921875,6.5380859375,-31.2841796875
111.6962955,-30.8740234375,14.0087890625,-14.6826171875
111.7326579,-30.1904296875,18.7939453125,12.0751953125
111.7542248,-30.0439453125,22.7978515625,31.3134765625
111.795737,-30.2880859375,24.8486328125,44.0576171875
111.8160324,-30.3857421875,22.9931640625,52.1630859375
111.8580997,-30.3857421875,22.0166015625,55.5322265625
111.8781196,-30.6298828125,20.6494140625,54.8974609375
111.9156153,-30.7763671875,20.6494140625,49.1845703125
111.9362846,-31.3134765625,18.7939453125,42.4462890625
111.97661,-32.1923828125,16.5966796875,38.0029296875
111.9969191,-32.5830078125,14.4970703125,36.4892578125
112.0415205,-33.3642578125,12.1533203125,34.5361328125
112.0612726,-33.4619140625,9.3701171875,32.2412109375
112.099737,-33.4619140625,6.6845703125,29.0673828125
112.119789,-34.3408203125,4.3896484375,24.2333984375
112.1579075,-34.7802734375,1.9482421875,19.8876953125
112.1781418,-35.3173828125,-0.9326171875,14.0283203125
112.2151953,-36.0009765625,-2.9345703125,9.3408203125
112.2365674,-36.0009765625,-5.2783203125,4.7998046875
112.2814775,-37.0263671875,-7.5732421875,-0.0341796875
112.3029609,-36.8798828125,-10.4052734375,-3.0615234375
112.3406691,-36.3427734375,-12.7978515625,-7.0166015625
112.3611656,-34.6826171875,-15.4833984375,-11.0205078125
112.3968314,-33.2666015625,-17.2412109375,-16.3916015625
112.4194894,-31.3134765625,-18.9501953125,-22.5439453125
112.4610973,-29.5556640625,-15.1904296875,-27.8173828125
112.4826673,-28.4814453125,-4.2041015625,-32.4072265625
112.5218302,-27.2119140625,6.1962890625,-32.9443359375
112.5454985,-27.5048828125,13.0810546875,-19.2724609375
112.5859386,-26.9189453125,19.1845703125,6.8017578125
112.6050709,-27.3095703125,22.7001953125,28.0908203125
112.6457859,-27.5537109375,25.5322265625,41.4208984375
112.6669808,-27.4560546875,24.0673828125,49.0380859375
112.6869218,-27.1630859375,21.9189453125,53.0908203125
112.7169552,-28.1396484375,20.5517578125,53.3349609375
112.7625916,-28.3837890625,19.7705078125,48.1103515625
112.7828891,-28.7744140625,18.2080078125,40.6396484375
112.8241051,-29.3603515625,15.7666015625,36.0009765625
112.8432868,-30.3369140625,13.2275390625,34.1943359375
112.8897061,-30.7763671875,10.3955078125,32.9248046875
112.9205347,-31.3623046875,7.3193359375,30.9228515625
112.9305205,-32.5341796875,4.1455078125,27.8955078125
112.9838825,-33.2177734375,1.9482421875,24.1357421875
113.0142656,-33.4130859375,-0.7373046875,18.9599609375
113.0215185,-33.7060546875,-3.0322265625,14.0771484375
113.0623928,-34.1455078125,-5.5224609375,9.6337890625
113.0835463,-34.7314453125,-7.2802734375,4.9951171875
113.1200261,-35.4150390625,-10.2099609375,0.3076171875
113.1412094,-36.0498046875,-13.0908203125,-3.1591796875
113.1856483,-36.0986328125,-16.3623046875,-6.1376953125
113.2057323,-33.9013671875,-18.8525390625,-10.9716796875
113.2433055,-31.6552734375,-20.5126953125,-15.2197265625
113.2633175,-30.4833984375,-22.3681640625,-20.7373046875
113.3050287,-29.4091796875,-20.3662109375,-26.3037109375
113.3274239,-27.6025390625,-10.4541015625,-30.0634765625
113.3636149,-26.9189453125,0.4345703125,-32.0166015625
113.3852088,-26.5771484375,7.9541015625,-22.3486328125
113.4256302,-26.9189453125,12.6416015625,1.0888671875
113.4449547,-26.9677734375,15.4736328125,22.9638671875
113.4827871,-27.0654296875,17.4267578125,36.4404296875
113.5178149,-26.8701171875,16.0595703125,43.4228515625
113.53352,-26.8212890625,14.3505859375,46.8896484375
113.5807985,-27.8466796875,13.5693359375,45.8154296875
113.6116524,-28.2861328125,13.3740234375,40.4931640625
113.6226171,-29.0185546875,11.8603515625,34.3408203125
113.6669001,-29.6533203125,10.1025390625,29.2138671875
113.6870661,-30.4833984375,7.8564453125,27.6513671875
113.7227928,-31.0205078125,5.7080078125,26.1376953125
113.7451966,-31.8017578125,3.4130859375,24.7705078125
113.786752,-32.4365234375,0.8740234375,22.4267578125
113.817027,-32.9248046875,-1.9580078125,18.3740234375
113.8357983,-33.6083984375,-4.0087890625,13.0517578125
113.8804137,-34.2431640625,-5.4248046875,8.9013671875
113.9109785,-35.3662109375,-6.8896484375,3.9208984375
113.9260322,-35.6591796875,-9.2822265625,-0.9619140625
113.9663444,-36.0498046875,-11.3330078125,-4.4775390625
113.9862961,-36.6845703125,-13.6279296875,-6.7236328125
114.029903,-36.2939453125,-15.9228515625,-9.9951171875
114.0496588,-35.4150390625,-17.5830078125,-13.9990234375
114.0848546,-34.0966796875,-19.8291015625,-19.4677734375
114.1073777,-31.9970703125,-19.8779296875,-24.2041015625
114.1607174,-30.5810546875,-12.3095703125,-29.5263671875
114.1670225,-30.4833984375,-0.8837890625,-32.7001953125
114.2090321,-29.0673828125,8.0517578125,-30.1611328125
114.22848,-29.4091796875,15.6201171875,-13.2666015625
114.2695639,-29.1650390625,20.4052734375,11.2451171875
114.291063,-29.1650390625,23.4326171875,29.7509765625
114.3178785,-29.5556640625,24.7021484375,41.1279296875
114.3611643,-29.3603515625,23.4326171875,46.9384765625
114.3818868,-29.3115234375,21.8701171875,49.2333984375
114.4203374,-29.9951171875,20.9912109375,46.2060546875
114.4385149,-30.2392578125,20.1123046875,40.5908203125
114.4752782,-30.7275390625,19.0380859375,35.0244140625
114.4971949,-31.3134765625,17.1337890625,31.6064453125
114.5326681,-31.5576171875,14.3505859375,30.1904296875
114.5659606,-32.0458984375,13.0810546875,29.1650390625
114.588265,-32.6318359375,10.3466796875,26.7724609375
114.6241102,-33.4619140625,7.0751953125,23.5986328125
114.6522804,-33.4619140625,5.4150390625,19.3505859375
114.6895025,-34.5361328125,3.3154296875,14.4677734375
114.7118434,-34.8779296875,0.6787109375,10.3173828125
114.7486718,-34.6826171875,-0.5908203125,5.3857421875
114.7704005,-35.6591796875,-2.7880859375,0.7958984375
114.8021875,-35.5126953125,-5.3759765625,-3.0126953125
114.8294286,-35.8544921875,-7.5732421875,-5.7470703125
114.8624589,-35.5126953125,-9.8681640625,-8.8232421875
114.9053413,-33.8037109375,-11.9189453125,-12.4365234375
114.9191972,-32.9248046875,-13.0908203125,-18.1494140625
114.9542244,-30.5322265625,-13.5302734375,-23.9599609375
114.9813715,-29.0185546875,-3.7158203125,-28.0615234375
115.0115012,-28.1396484375,7.2705078125,-31.1865234375
115.04253,-27.3583984375,16.5478515625,-26.2060546875
115.0726528,-27.5537109375,23.3837890625,-5.6005859375
115.1054223,-27.4560546875,28.4130859375,19.3994140625
115.1331265,-27.1142578125,32.1240234375,36.6357421875
115.163033,-27.6025390625,34.4189453125,48.2568359375
115.1958948,-26.9677734375,31.6845703125,54.1162109375
115.2231383,-27.3583984375,31.2939453125,57.4365234375
115.2533499,-27.7001953125,29.7314453125,56.6064453125
115.285665,-28.2373046875,29.0966796875,50.6982421875
115.3133447,-28.4326171875,27.8759765625,45.1806640625
115.3478014,-28.8720703125,25.7763671875,42.0068359375
115.3761975,-30.0927734375,23.7255859375,41.1767578125
115.403769,-30.3369140625,20.6982421875,39.6630859375
115.4319285,-30.9228515625,18.8427734375,36.6357421875
115.4652337,-31.0205078125,15.8642578125,34.0478515625
115.4942026,-31.7529296875,13.0810546875,29.7021484375
115.5546236,-31.8017578125,11.0302734375,24.7705078125
115.5558011,-32.5341796875,8.3447265625,19.6435546875
115.5838854,-34.1943359375,6.5380859375,15.3955078125
115.6158968,-34.3896484375,4.1455078125,11.1474609375
115.6473356,-33.8525390625,1.0205078125,7.6318359375
115.6746293,-34.1943359375,-1.5673828125,4.5068359375
115.7064209,-33.9501953125,-4.5947265625,0.8447265625
115.7366957,-32.6806640625,-6.2060546875,-4.1357421875
115.7850451,-31.1669921875,-8.3544921875,-9.8974609375
115.8057973,-29.0185546875,-7.3779296875,-14.5361328125
115.8406233,-27.3095703125,1.8017578125,-19.8583984375
115.8597516,-26.7236328125,12.6904296875,-22.4951171875
115.9037374,-25.3564453125,20.5029296875,-16.0986328125
115.9241741,-24.7705078125,27.1435546875,4.9951171875
115.9601033,-25.0146484375,31.0009765625,27.4560546875
115.9816696,-24.6240234375,34.1259765625,43.5205078125
116.0263668,-25.5029296875,34.1748046875,53.2861328125
116.0584624,-24.6728515625,31.5869140625,58.7548828125
116.0688314,-24.6240234375,30.2685546875,61.0498046875
116.1115956,-25.5029296875,29.0478515625,57.0947265625
116.132211,-26.0400390625,27.9248046875,50.6005859375
116.1759652,-25.9423828125,25.6298828125,46.6455078125
116.1949866,-26.9189453125,23.0908203125,43.9111328125
116.2372179,-27.5537109375,20.3564453125,42.4462890625
116.2574036,-27.8955078125,17.3779296875,41.1279296875
116.2933756,-28.2861328125,14.0576171875,38.0517578125
116.3135328,-28.3349609375,12.2509765625,34.2431640625
116.3560846,-29.8974609375,9.3212890625,30.0927734375
116.3752403,-30.6787109375,7.3681640625,25.9423828125
116.4138782,-31.0205078125,5.1708984375,21.2548828125
116.433962,-31.6552734375,3.0712890625,16.3232421875
116.4741203,-32.2900390625,0.7275390625,13.2958984375
116.494299,-32.7294921875,-1.9580078125,10.0244140625
116.5341602,-32.8271484375,-4.5458984375,6.5087890625
116.5568688,-32.5341796875,-7.0849609375,2.1142578125
116.5943141,-31.0693359375,-8.8916015625,-2.4267578125
116.6157906,-29.3603515625,-10.5029296875,-7.5048828125
116.6517228,-27.9443359375,-6.8408203125,-11.7529296875
116.6742398,-26.6259765625,2.9736328125,-14.9755859375
116.7134781,-25.4541015625,12.6416015625,-16.7822265625
116.7326488,-25.1611328125,20.1611328125,-7.8955078125
116.7736497,-24.3798828125,25.3857421875,12.6611328125
116.795207,-24.9169921875,28.3642578125,33.0224609375
116.8321068,-24.4287109375,30.1708984375,46.2060546875
116.8550287,-24.5263671875,28.8037109375,54.0185546875
116.8943043,-25.2099609375,26.2158203125,57.1923828125
116.9156692,-25.0634765625,25.3369140625,55.9228515625
116.950306,-25.9423828125,24.4580078125,50.3564453125
116.9790852,-26.1865234375,23.1396484375,43.7646484375
117.0257569,-26.9189453125,21.5283203125,40.0537109375
117.045014,-27.5048828125,18.9892578125,37.8564453125
117.0635473,-28.4326171875,17.2314453125,36.3916015625
117.0954716,-29.3603515625,14.3994140625,34.6826171875
117.1238615,-29.7509765625,12.7392578125,31.7041015625
117.1653889,-30.4833984375,9.9072265625,28.1396484375
117.1871655,-30.9228515625,7.7099609375,23.4033203125
117.2246425,-32.1435546875,5.1708984375,18.7158203125
117.2446632,-32.0458984375,3.1689453125,13.4423828125
117.2842351,-33.4130859375,1.7041015625,9.6826171875
117.3055798,-34.7314453125,-1.0791015625,5.0927734375
117.3464783,-34.3896484375,-3.6669921875,2.1142578125
117.3668567,-34.5849609375,-6.4013671875,-1.4501953125
117.4081541,-34.0966796875,-8.4033203125,-5.8447265625
117.4306036,-32.3876953125,-10.1611328125,-10.7763671875
117.4681425,-31.1669921875,-9.7705078125,-16.1962890625
117.4894644,-29.0185546875,-1.1279296875,-20.8349609375
117.5276342,-27.9931640625,10.5419921875,-23.9111328125
117.5478035,-27.3583984375,19.2333984375,-20.3955078125
117.5897302,-26.7724609375,25.0439453125,-1.2548828125
117.6120134,-26.8212890625,30.0244140625,22.6220703125
117.6485413,-26.4306640625,32.7587890625,39.7607421875
117.669146,-25.8447265625,34.0283203125,50.5517578125
117.7051624,-26.2353515625,31.0986328125,56.1669921875
117.7312831,-25.8447265625,29.2919921875,59.4873046875
117.7750346,-26.1376953125,28.5595703125,56.8017578125
117.7952749,-26.7236328125,26.9482421875,49.5263671875
117.831279,-27.2119140625,25.4345703125,43.3251953125
117.8515876,-27.5537109375,23.7744140625,40.0048828125
117.8884753,-28.5302734375,21.7724609375,39.0771484375
117.9166278,-28.4326171875,18.8427734375,37.5146484375
117.9521969,-29.0185546875,15.7177734375,34.8291015625
117.972304,-29.7021484375,13.6181640625,30.5810546875
118.0079944,-30.2392578125,10.0537109375,26.5771484375
118.028196,-30.4833984375,8.9794921875,21.6455078125
118.0731295,-31.5087890625,6.0009765625,16.5185546875
118.0922496,-31.5576171875,3.2177734375,11.9775390625
118.1305465,-31.6064453125,1.5087890625,6.7041015625
118.1496405,-32.2900390625,-1.6162109375,1.9677734375
118.1903455,-32.7294921875,-4.3505859375,-0.8642578125
118.213863,-33.0712890625,-7.1337890625,-4.5263671875
118.2512519,-31.8994140625,-9.1357421875,-9.0673828125
118.2714499,-30.0439453125,-10.4052734375,-14.7314453125
118.3075087,-28.7255859375,-10.1123046875,-20.7861328125
118.331202,-27.5048828125,0.9228515625,-24.9853515625
118.3701347,-25.3564453125,11.7626953125,-28.1591796875
118.3932748,-24.5263671875,19.3798828125,-21.7138671875
118.430552,-24.0869140625,24.9462890625,0.6982421875
118.4552548,-24.0380859375,29.9755859375,23.6474609375
118.491189,-24.2822265625,32.9052734375,39.6142578125
118.5167061,-23.8427734375,32.3193359375,50.3564453125
118.5560261,-23.9404296875,30.5615234375,55.2880859375
118.5764184,-24.5263671875,29.5849609375,57.0458984375
118.6254336,-25.0146484375,27.5341796875,53.3349609375
118.646155,-25.2587890625,25.4833984375,46.7431640625
118.6648073,-26.0400390625,24.5068359375,40.9814453125
118.7027615,-26.9189453125,22.0654296875,38.4912109375
118.7261337,-27.0654296875,19.5751953125,36.0986328125
118.7629963,-27.5537109375,15.9619140625,34.2919921875
118.7853109,-28.3349609375,12.6416015625,31.7529296875
118.829719,-29.0673828125,9.8095703125,27.4560546875
118.8500558,-29.2138671875,7.6611328125,22.9638671875
118.8864579,-30.1904296875,4.5849609375,17.9833984375
118.9080035,-30.2392578125,1.7041015625,12.9541015625
118.9463982,-31.2646484375,-0.2490234375,7.6318359375
118.9666653,-32.2412109375,-3.5693359375,2.4560546875
119.0039773,-32.5830078125,-5.9619140625,-1.1083984375
119.0264384,-33.0224609375,-9.6728515625,-4.2822265625
119.0705906,-32.7294921875,-13.4814453125,-8.3349609375
119.0872408,-31.9482421875,-15.0927734375,-13.8037109375
119.1227912,-30.5810546875,-17.1435546875,-19.3701171875
119.1470078,-28.7255859375,-15.7763671875,-25.1318359375
119.1756858,-27.0654296875,-6.7431640625,-30.4541015625
119.2134676,-25.8447265625,4.0966796875,-33.5302734375
119.2370607,-24.6240234375,11.8603515625,-28.3544921875
119.273772,-24.1845703125,16.8896484375,-7.4072265625
119.2985136,-23.9404296875,21.2841796875,16.9580078125
119.3371701,-23.9404296875,23.2861328125,32.1435546875
119.3597585,-23.9404296875,22.4560546875,41.6162109375
119.3964154,-24.1357421875,20.1123046875,46.0107421875
119.4220755,-23.9892578125,17.9638671875,46.7919921875
119.4688707,-24.5263671875,17.4755859375,42.5439453125
119.4786089,-25.1611328125,15.1318359375,35.5615234375
119.5147562,-25.7470703125,14.1064453125,29.7998046875
119.5380369,-26.8212890625,11.6162109375,27.7001953125
119.5808829,-27.3095703125,8.4912109375,25.4052734375
119.5997342,-28.0908203125,5.1708984375,23.2080078125
119.6354505,-28.6767578125,2.4853515625,20.5224609375
119.6602593,-29.3603515625,-0.5908203125,17.1044921875
119.6990515,-29.9462890625,-2.9833984375,12.3681640625
119.7184003,-30.0927734375,-5.4736328125,7.2412109375
119.7588491,-31.0693359375,-8.5009765625,1.5771484375
119.7816632,-32.5830078125,-10.1611328125,-2.7685546875
119.8098651,-32.5341796875,-12.6513671875,-7.5048828125
119.8510153,-33.7060546875,-15.0927734375,-10.1904296875
119.8714924,-33.8037109375,-18.2666015625,-13.1201171875
119.9078048,-33.9501953125,-19.7314453125,-17.0751953125
119.9334936,-33.6572265625,-22.6123046875,-21.5673828125
119.9702747,-31.5576171875,-24.0283203125,-26.8896484375
119.9924375,-30.7763671875,-21.1962890625,-32.7490234375
120.040449,-29.2138671875,-10.0146484375,-36.3623046875
120.0522239,-28.2861328125,0.4833984375,-37.9736328125
