Timestamp,PPG_Forehead,PPG_Earlobe,PPG_Finger
0.00292210000000015,0.185546875,0.185546875,0.185546875
0.00420869999999995,0.185546875,0.185546875,0.185546875
0.00519990000000004,0.185546875,0.185546875,0.185546875
0.00617789999999996,0.185546875,0.185546875,0.185546875
0.00717359999999978,0.185546875,0.185546875,0.185546875
0.00814270000000006,0.185546875,0.185546875,0.185546875
0.00867780000000007,91.5380859375,86.1181640625,83.7255859375
0.00914169999999981,-65.9130859375,-85.2880859375,28.5498046875
0.00957100000000022,-65.4248046875,-82.7490234375,25.5712890625
0.0100047999999999,-63.5693359375,-77.7197265625,31.8701171875
0.0104481999999999,-58.8330078125,-72.0556640625,53.4033203125
0.0108817999999999,-56.2451171875,-68.2958984375,76.7919921875
0.0113191000000001,-55.1708984375,-67.1240234375,90.8056640625
0.0117527000000002,-54.8779296875,-66.1962890625,95.0537109375
0.0121904000000002,-54.1943359375,-64.0478515625,93.0517578125
0.0126400000000002,-54.5849609375,-62.8271484375,89.2431640625
0.0130694999999998,-54.9267578125,-63.8037109375,85.0439453125
0.0135089000000002,-55.5126953125,-63.6083984375,80.4541015625
0.0139353999999998,-55.7080078125,-62.9248046875,75.4736328125
0.0143407999999998,-55.1708984375,-62.4853515625,74.3505859375
0.0147042000000002,-54.8291015625,-62.4853515625,75.8154296875
0.0152119000000002,-54.7314453125,-61.8505859375,78.8427734375
0.0157519000000002,-55.3662109375,-62.3388671875,79.9658203125
0.0161315000000002,-55.5126953125,-63.3154296875,79.0869140625
0.0164914999999999,-56.8798828125,-64.4873046875,74.8388671875
0.0168514000000002,-57.9052734375,-65.6103515625,70.4931640625
0.0172175000000001,-58.4423828125,-67.0263671875,64.2919921875
0.0175858,-59.2724609375,-68.2470703125,59.0673828125
0.0179490000000002,-60.1513671875,-70.8349609375,54.6240234375
0.0183184000000001,-61.1279296875,-71.7138671875,49.7412109375
0.0186817000000001,-61.4697265625,-73.1787109375,46.6650390625
0.0190410999999999,-63.2763671875,-74.5947265625,43.8818359375
0.0194049000000001,-63.0322265625,-76.3037109375,41.4892578125
0.0197661,-64.3994140625,-77.7685546875,37.9248046875
0.0201299000000001,-64.3994140625,-78.4033203125,35.5322265625
0.0204924000000002,-64.5947265625,-74.1064453125,33.9697265625
0.0208529999999998,-61.2744140625,-68.7841796875,48.9111328125
0.0212188000000002,-57.4169921875,-64.0966796875,72.4462890625
0.0215850999999998,-55.2685546875,-61.7529296875,90.6103515625
0.0219529999999999,-54.0478515625,-61.0205078125,100.5224609375
0.0224918999999999,-54.3896484375,-59.6533203125,100.5224609375
0.0230815999999998,-54.0478515625,-58.5302734375,97.0556640625
0.023555,-54.0478515625,-58.2373046875,92.0751953125
0.0239389999999999,-54.2919921875,-58.4326171875,85.8251953125
0.0243011000000002,-54.5361328125,-58.7255859375,80.4052734375
0.0246521999999998,-55.3173828125,-57.3095703125,77.7197265625
0.0250075999999999,-54.9267578125,-57.6025390625,78.0126953125
0.0253646000000001,-55.0732421875,-57.2119140625,81.1865234375
0.0257185999999998,-54.5361328125,-57.7978515625,83.4326171875
0.0260718,-54.8291015625,-58.4326171875,82.5537109375
0.0264237000000001,-56.0986328125,-59.3603515625,79.5263671875
0.0267832000000001,-57.3681640625,-60.8251953125,75.5224609375
0.0271382999999998,-58.4912109375,-62.1435546875,69.9072265625
0.0274858,-59.5166015625,-63.9501953125,64.6337890625
0.0278849000000001,-60.2001953125,-65.2197265625,58.9697265625
0.0282355999999999,-61.0302734375,-67.4658203125,55.1611328125
0.0285871000000002,-61.7138671875,-68.5400390625,51.0595703125
0.0339146000000001,-62.2509765625,-70.0537109375,48.3740234375
0.0347672999999999,-62.2998046875,-71.8115234375,44.6142578125
0.0352027000000001,-63.1787109375,-73.6181640625,42.1240234375
0.0356437000000001,-63.4228515625,-72.5927734375,40.3173828125
0.0360597999999999,-62.4462890625,-67.1728515625,44.7607421875
0.0364810000000002,-58.8818359375,-62.4853515625,63.7060546875
0.0369199999999998,-55.4638671875,-60.5322265625,85.4833984375
0.0373743000000002,-54.4384765625,-59.6533203125,98.9599609375
0.0378050999999999,-53.6083984375,-58.6767578125,102.2802734375
0.0382368,-53.9013671875,-57.8955078125,100.4736328125
0.0386470000000001,-53.8525390625,-57.3583984375,95.2490234375
0.0390559000000001,-54.1943359375,-58.4326171875,89.6826171875
0.0394863000000001,-55.2197265625,-58.9208984375,82.8466796875
0.0398949000000002,-55.5126953125,-58.9697265625,77.7197265625
0.0403215000000001,-55.1708984375,-58.5791015625,77.0361328125
0.0407497000000001,-54.7314453125,-58.4814453125,79.2333984375
0.0411730000000001,-54.7314453125,-58.8232421875,81.9677734375
0.0415860000000001,-54.8779296875,-60.0439453125,83.3349609375
0.0420025000000002,-55.3173828125,-60.9716796875,82.0654296875
0.0424372000000002,-56.1962890625,-61.7529296875,78.0615234375
0.0428462000000001,-57.2216796875,-63.7548828125,72.6416015625
0.0432595,-58.6865234375,-64.9755859375,67.4169921875
0.0436854000000002,-59.1748046875,-66.5869140625,61.9482421875
0.0440949000000002,-60.5419921875,-68.3935546875,57.1142578125
0.0445245999999999,-61.1279296875,-69.9072265625,52.5732421875
0.0449316999999998,-62.5927734375,-71.6650390625,48.8623046875
0.045312,-62.7880859375,-73.6669921875,46.7626953125
0.0456612999999999,-63.2275390625,-74.7412109375,43.2470703125
0.0460123000000001,-63.3740234375,-73.2763671875,40.7568359375
0.0464110999999998,-63.2275390625,-67.9541015625,46.7626953125
0.0467930000000001,-58.2470703125,-62.9248046875,68.4423828125
0.0471466,-54.8779296875,-60.4345703125,91.0009765625
0.0475089999999998,-54.4873046875,-60.1416015625,105.8447265625
0.0478559999999999,-53.2177734375,-58.9697265625,110.5322265625
0.0482124000000002,-53.1689453125,-57.1630859375,108.5302734375
0.0486187,-53.4619140625,-56.9677734375,103.4033203125
0.0490167000000001,-53.8037109375,-58.6279296875,98.6669921875
0.0493918999999998,-54.1943359375,-58.9697265625,92.9052734375
0.0497421999999998,-54.6826171875,-58.6767578125,88.8037109375
0.0500919,-54.5361328125,-58.0419921875,87.7294921875
0.0504487,-53.2666015625,-57.1630859375,90.2685546875
0.0507965000000001,-53.6083984375,-58.2373046875,93.2958984375
0.0511548999999998,-53.9501953125,-58.9697265625,95.2001953125
0.0515215000000002,-54.3896484375,-60.2880859375,92.9052734375
0.0518667000000002,-55.2197265625,-60.6787109375,88.3642578125
0.0522263000000001,-56.6845703125,-61.8994140625,81.9189453125
0.0525755000000001,-56.8310546875,-63.6572265625,76.1083984375
0.0529231000000001,-57.0751953125,-65.3662109375,70.7373046875
0.0532843000000001,-57.8076171875,-67.4169921875,65.1220703125
0.0536349,-58.1982421875,-68.8330078125,60.6787109375
0.0539827000000002,-59.1748046875,-70.2490234375,56.1865234375
0.0543417000000002,-59.9560546875,-72.6904296875,52.9150390625
0.0546890000000002,-60.6396484375,-74.4970703125,49.5947265625
0.0550375000000001,-60.7861328125,-75.8642578125,46.9580078125
0.0554068000000001,-60.4443359375,-72.1533203125,43.6376953125
0.0557538000000002,-59.9072265625,-65.6103515625,54.1357421875
0.0561001000000001,-54.8291015625,-61.7529296875,80.0146484375
0.0564741999999998,-51.2646484375,-59.3603515625,103.6474609375
0.0568379999999999,-50.1416015625,-57.7978515625,117.3193359375
0.0572056999999999,-49.0185546875,-55.5517578125,120.8349609375
0.0575545000000002,-49.1162109375,-54.5263671875,117.1728515625
0.0579033,-47.8466796875,-53.2568359375,112.2412109375
0.0582684000000002,-47.9443359375,-54.5751953125,106.9189453125
0.058621,-47.4560546875,-55.3564453125,101.2060546875
0.0589732000000001,-48.3837890625,-55.3076171875,95.8837890625
0.0593504999999999,-48.6767578125,-55.4052734375,94.2724609375
0.0597048,-48.0419921875,-55.5517578125,95.4443359375
0.0600532999999999,-48.5302734375,-55.5517578125,97.4951171875
0.0604366000000001,-49.4580078125,-56.7236328125,97.6904296875
0.0607956000000001,-49.7021484375,-58.4326171875,95.2001953125
0.0611673000000001,-50.9716796875,-60.1904296875,90.4150390625
0.0615147,-51.8994140625,-61.3134765625,84.2626953125
0.0619120999999998,-53.4130859375,-63.7060546875,77.4755859375
0.0622771000000002,-54.0478515625,-64.8779296875,71.1767578125
0.0626383000000001,-55.0244140625,-66.8798828125,66.6357421875
0.0629878000000001,-55.9521484375,-68.4423828125,61.9482421875
0.0633349000000001,-56.9287109375,-70.5419921875,57.9443359375
0.0636990000000002,-57.0751953125,-72.8369140625,54.5263671875
0.0640494,-57.4169921875,-74.0576171875,51.0595703125
0.0643986999999999,-58.9794921875,-74.3505859375,48.6669921875
0.1009324,-58.7353515625,-69.2724609375,48.4716796875
0.1228402,-56.6845703125,-64.3408203125,65.3662109375
0.164233,-52.7294921875,-60.1904296875,88.5107421875
0.1852559,-49.5556640625,-59.4091796875,107.7001953125
0.2234599,-48.8232421875,-57.8466796875,115.5615234375
0.2441892,-48.0419921875,-56.9677734375,114.7802734375
0.2821533,-48.8232421875,-55.6494140625,109.5556640625
0.3034072,-48.2373046875,-56.7236328125,104.1845703125
0.3439621,-48.8232421875,-57.0166015625,97.5927734375
0.365137,-49.4091796875,-57.5048828125,91.6357421875
0.4091254,-49.7021484375,-57.5048828125,87.8759765625
0.4293677,-49.5068359375,-57.0166015625,87.6318359375
0.4724292,-49.6044921875,-57.7001953125,89.5849609375
0.4925629,-49.5556640625,-58.4814453125,90.6591796875
0.5285684,-49.7998046875,-59.6533203125,90.0244140625
0.5480844,-50.9716796875,-61.1181640625,86.5576171875
0.6005264,-51.4599609375,-62.9736328125,80.2099609375
0.6018097,-52.4365234375,-64.0966796875,75.1806640625
0.6338349,-54.0478515625,-66.3916015625,69.1748046875
0.677776,-54.0966796875,-67.9541015625,63.7060546875
0.6995776,-56.0498046875,-69.2236328125,58.7255859375
0.7379865,-56.2451171875,-71.4697265625,55.1611328125
0.7594292,-57.3681640625,-72.9345703125,51.2060546875
0.7991446,-58.2470703125,-74.4482421875,48.2763671875
0.8195587,-58.3447265625,-76.4990234375,45.9814453125
0.859768,-59.3701171875,-78.5498046875,42.5634765625
0.880525,-59.3212890625,-77.1337890625,38.7060546875
0.9165249,-60.2978515625,-71.6650390625,40.4638671875
0.9381593,-58.6865234375,-66.1962890625,59.7021484375
0.9910955,-53.5595703125,-62.4853515625,84.2626953125
1.0222261,-50.9716796875,-61.3134765625,101.4990234375
1.0264037,-49.7021484375,-59.2626953125,108.5302734375
1.0596984,-49.2138671875,-59.0673828125,107.4560546875
1.083467,-48.7255859375,-57.7978515625,102.4755859375
1.133532,-49.0673828125,-58.0908203125,96.9580078125
1.1454627,-49.1162109375,-58.4326171875,90.5126953125
1.1902252,-49.0185546875,-57.9931640625,84.0673828125
1.2095026,-49.9951171875,-57.2607421875,82.3095703125
1.2480636,-49.9951171875,-56.8212890625,83.3837890625
1.269139,-49.2138671875,-56.5771484375,85.4833984375
1.3105394,-49.7509765625,-56.8212890625,86.9482421875
1.3297117,-50.3369140625,-57.9443359375,84.8974609375
1.3687613,-50.8740234375,-58.9697265625,82.3095703125
1.3871409,-52.4365234375,-60.4833984375,77.7197265625
1.43035,-53.7060546875,-61.8994140625,71.2255859375
1.4505648,-55.1220703125,-63.9013671875,65.5615234375
1.487701,-56.1962890625,-65.1220703125,59.9462890625
1.5081797,-56.5380859375,-67.2216796875,56.3818359375
1.5482748,-56.8310546875,-68.1494140625,52.1337890625
1.5689491,-58.2958984375,-70.1025390625,48.2763671875
1.5959638,-58.5400390625,-72.2021484375,45.6884765625
1.6411685,-59.5654296875,-74.5947265625,42.8076171875
1.6604796,-59.5166015625,-73.9599609375,39.7314453125
1.7002603,-60.1025390625,-68.9306640625,40.2685546875
1.7204996,-59.1259765625,-63.7060546875,55.5517578125
1.7633453,-55.5126953125,-60.6787109375,78.8427734375
1.7765358,-51.7041015625,-59.9462890625,97.0068359375
1.8254133,-50.3857421875,-58.3837890625,104.5751953125
1.8363608,-50.0439453125,-57.9931640625,104.6240234375
1.8680461,-50.2880859375,-57.4560546875,99.3505859375
1.9140314,-50.0927734375,-58.0908203125,93.1005859375
1.9270151,-50.5810546875,-58.7255859375,85.4833984375
1.9719442,-51.1669921875,-58.4814453125,78.8916015625
1.991543,-51.2158203125,-58.6767578125,77.2314453125
2.035488,-51.4599609375,-58.4814453125,78.2568359375
2.0514282,-50.6787109375,-58.9697265625,81.9189453125
2.0798909,-50.4833984375,-59.5556640625,83.6279296875
2.1248793,-51.1669921875,-61.1669921875,82.4072265625
2.140839,-51.6552734375,-61.8017578125,79.9658203125
2.1698654,-52.9248046875,-63.6083984375,74.9365234375
2.2141546,-54.4873046875,-65.8544921875,69.1748046875
2.2323256,-55.3173828125,-67.3681640625,64.4873046875
2.2735956,-57.1240234375,-69.1259765625,59.5068359375
2.2887372,-56.6845703125,-70.3955078125,54.5751953125
2.3198535,-57.4169921875,-72.3974609375,51.0595703125
2.3611573,-58.3447265625,-74.3505859375,47.0556640625
2.382637,-59.9560546875,-75.0341796875,44.5166015625
2.4117034,-59.5166015625,-75.9619140625,42.0751953125
2.4387719,-60.0048828125,-72.1533203125,41.0986328125
2.4746412,-60.0048828125,-66.5869140625,52.6708984375
2.5036979,-57.1728515625,-62.7783203125,76.4013671875
2.5299301,-52.7294921875,-60.9716796875,96.4208984375
2.56287,-50.3369140625,-60.3369140625,107.7001953125
2.593199,-50.2392578125,-59.7021484375,109.2138671875
2.6221661,-49.7509765625,-59.7509765625,104.6240234375
2.6535243,-50.1416015625,-58.9697265625,98.9599609375
2.6917497,-49.7509765625,-60.4833984375,91.9287109375
2.711007,-50.9716796875,-60.0439453125,84.5068359375
2.7429727,-51.6552734375,-59.9951171875,80.8935546875
2.7736711,-51.2646484375,-59.5068359375,80.5517578125
2.7984534,-50.7763671875,-59.9951171875,83.7744140625
2.8312139,-51.1669921875,-60.7275390625,85.8740234375
2.8619355,-50.9716796875,-62.6318359375,86.8017578125
2.8944931,-51.2158203125,-63.0224609375,83.3349609375
2.9228027,-52.2412109375,-64.9755859375,79.1845703125
2.9539781,-54.0478515625,-66.0986328125,73.1298828125
2.984288,-55.5126953125,-67.4169921875,67.2705078125
3.0113186,-56.0986328125,-70.0537109375,62.4853515625
3.0414287,-57.1240234375,-71.1767578125,57.4072265625
3.0743832,-57.7099609375,-73.1298828125,52.3291015625
3.1034599,-58.9306640625,-75.4736328125,48.8623046875
3.1353539,-59.4677734375,-76.7919921875,45.5419921875
3.1646018,-60.0048828125,-78.7451171875,42.3681640625
3.1946246,-60.6396484375,-78.6474609375,39.4873046875
3.2246484,-60.6884765625,-73.5205078125,39.0966796875
3.2556812,-60.3466796875,-68.0029296875,54.9658203125
3.2836532,-57.2216796875,-64.7314453125,79.4775390625
3.3156027,-53.1201171875,-62.7294921875,100.0830078125
3.3451591,-50.5322265625,-61.1669921875,110.4833984375
3.3752919,-49.7509765625,-59.6533203125,111.8994140625
3.4082084,-48.8232421875,-59.1650390625,106.8212890625
3.4407225,-49.0185546875,-59.1162109375,101.4013671875
3.4641979,-49.3603515625,-59.7021484375,95.7373046875
3.497172,-49.0185546875,-59.3603515625,89.2431640625
3.5261067,-49.6044921875,-58.9208984375,86.0205078125
3.5583395,-49.9951171875,-59.3603515625,85.5810546875
3.5894393,-49.5556640625,-58.3349609375,87.9248046875
3.616567,-49.2138671875,-59.4580078125,89.4873046875
3.6492163,-49.5068359375,-61.2158203125,89.1455078125
3.6781395,-49.2138671875,-62.0947265625,86.2158203125
3.7075666,-50.6787109375,-63.8525390625,81.1865234375
3.7373991,-51.4599609375,-65.2197265625,75.2783203125
3.7694236,-53.3642578125,-67.5634765625,69.0771484375
3.7954309,-54.2919921875,-69.0283203125,63.3642578125
3.829084,-55.6591796875,-71.0302734375,57.5537109375
3.8583577,-55.9033203125,-72.6904296875,54.0380859375
3.8863107,-56.3916015625,-74.3017578125,49.9853515625
3.9182579,-57.5634765625,-76.4013671875,46.8115234375
3.947786,-58.1494140625,-78.6474609375,43.7353515625
3.9965501,-58.2470703125,-79.8193359375,40.1220703125
4.0163812,-58.8818359375,-79.7216796875,36.7529296875
4.0380444,-59.4677734375,-74.3017578125,36.1181640625
4.069638,-59.9072265625,-68.6376953125,52.1826171875
4.1006417,-55.9521484375,-64.7314453125,76.5966796875
4.1293563,-51.5576171875,-63.2177734375,97.7880859375
4.1782189,-49.2138671875,-62.0947265625,107.2607421875
4.1994033,-48.1884765625,-60.3857421875,108.6279296875
4.2358757,-47.8466796875,-58.9697265625,103.7451171875
4.2575331,-47.2607421875,-59.3603515625,99.2529296875
4.2935153,-47.7978515625,-60.3857421875,93.4912109375
4.3137277,-47.8466796875,-59.7021484375,87.9248046875
4.341808,-47.7978515625,-59.7509765625,83.7744140625
4.368229,-48.4326171875,-58.8720703125,82.6513671875
4.4154541,-47.7490234375,-59.4091796875,85.1416015625
4.4363102,-47.7001953125,-60.2392578125,86.3623046875
4.4748892,-47.7001953125,-61.0693359375,85.9716796875
4.4950796,-47.7978515625,-62.4365234375,83.1396484375
4.534689,-49.3603515625,-63.6083984375,77.8173828125
4.5568045,-50.1904296875,-65.5126953125,70.9326171875
4.5822543,-51.5087890625,-66.9775390625,64.6826171875
4.6095995,-52.7783203125,-68.5888671875,59.4091796875
4.6673615,-53.7060546875,-70.8837890625,54.0869140625
4.6969867,-54.3408203125,-71.3720703125,50.2783203125
4.7000136,-55.1220703125,-73.5693359375,45.8837890625
4.7289961,-55.5126953125,-75.2783203125,43.7841796875
4.7617394,-55.7568359375,-77.2314453125,39.9267578125
4.8096572,-56.7822265625,-78.8427734375,36.1669921875
4.8398912,-57.1240234375,-79.2822265625,32.5537109375
4.8538076,-57.8564453125,-74.7900390625,29.8193359375
4.8952533,-58.2470703125,-69.0771484375,39.1455078125
4.916286,-57.3193359375,-64.6337890625,61.5576171875
4.9574413,-52.2412109375,-62.5341796875,84.7509765625
4.9774407,-49.2138671875,-60.8740234375,96.8115234375
5.0195003,-47.5048828125,-59.7509765625,100.5712890625
5.0387456,-46.5283203125,-58.1884765625,96.8115234375
5.0742456,-46.4306640625,-57.8466796875,91.3916015625
5.0956548,-46.2353515625,-58.3837890625,85.9716796875
5.1401818,-46.0400390625,-58.5302734375,78.8916015625
5.1608246,-46.5771484375,-58.4814453125,74.4482421875
5.1972024,-47.2607421875,-57.7001953125,72.3974609375
5.219362,-47.1630859375,-57.5048828125,74.8388671875
5.2586099,-46.7724609375,-58.5791015625,76.4013671875
5.2794925,-46.5771484375,-59.2138671875,76.3525390625
5.3136144,-46.5771484375,-60.6787109375,73.4228515625
5.3343576,-47.8466796875,-62.1923828125,69.0771484375
5.3791787,-49.7509765625,-63.6572265625,63.3642578125
5.3997432,-50.7763671875,-64.9755859375,57.3583984375
5.4420744,-52.0458984375,-66.4892578125,50.8642578125
5.4621901,-53.0224609375,-68.1982421875,46.1767578125
5.5003772,-53.9501953125,-69.8583984375,41.9287109375
5.5211662,-54.7314453125,-71.5185546875,37.3876953125
5.5605025,-55.7568359375,-73.5205078125,34.3115234375
5.5809423,-56.1474609375,-75.0830078125,30.8935546875
5.6072084,-56.9775390625,-77.1826171875,28.6474609375
5.6352819,-56.9287109375,-77.8173828125,24.5458984375
5.6844072,-58.1494140625,-74.0087890625,22.0068359375
5.7045933,-58.1982421875,-68.7841796875,29.0869140625
5.7244923,-57.7587890625,-64.6337890625,49.7412109375
5.7567989,-53.8525390625,-63.2177734375,72.8369140625
5.8181985,-49.7998046875,-62.3388671875,86.8994140625
5.8199176,-48.6279296875,-61.3134765625,91.3916015625
5.8487376,-47.4072265625,-60.4833984375,87.2412109375
5.8781826,-47.2607421875,-60.7763671875,81.6259765625
5.9095512,-47.8466796875,-61.4599609375,75.5712890625
5.9597689,-47.5537109375,-62.2900390625,69.2236328125
5.9811439,-47.9931640625,-60.8251953125,63.8037109375
5.9998983,-48.8232421875,-60.3857421875,62.6806640625
6.0278537,-48.8720703125,-60.2880859375,64.5849609375
6.0575336,-48.1884765625,-61.6064453125,66.7822265625
6.1070089,-48.6767578125,-62.2412109375,67.9541015625
6.1271458,-49.1162109375,-64.5361328125,65.0732421875
6.1671245,-49.5556640625,-65.5126953125,61.4111328125
6.1815352,-50.5810546875,-66.8310546875,55.5517578125
6.2246443,-51.7529296875,-68.9306640625,49.2041015625
6.2473465,-52.6806640625,-70.4931640625,43.5888671875
6.2819624,-53.7548828125,-72.2509765625,38.5595703125
6.3021166,-54.3408203125,-74.3505859375,35.0927734375
6.3312303,-55.4638671875,-76.4990234375,30.6005859375
6.3823837,-56.4892578125,-77.6220703125,27.4755859375
6.4139495,-56.7822265625,-80.1123046875,24.2041015625
6.421948,-57.2216796875,-81.4306640625,21.2255859375
6.4660919,-57.4169921875,-79.8193359375,17.6611328125
6.4861505,-58.3447265625,-74.2041015625,19.7607421875
6.5273789,-59.2724609375,-69.0771484375,37.0458984375
6.5493586,-56.5380859375,-66.7822265625,61.2646484375
6.5848232,-52.1435546875,-65.6591796875,81.1376953125
6.605881,-49.7021484375,-64.1455078125,89.5361328125
6.6449375,-47.7978515625,-64.1943359375,88.8525390625
6.6656147,-47.7490234375,-62.9736328125,83.6279296875
6.7035762,-48.2373046875,-63.3154296875,78.0126953125
6.7228441,-48.2861328125,-64.2431640625,71.2255859375
6.7734035,-48.6279296875,-64.0966796875,64.2431640625
6.7946121,-49.3603515625,-62.9248046875,61.3623046875
6.8115465,-49.5068359375,-62.2412109375,61.4111328125
6.8599475,-49.4091796875,-62.6806640625,64.7802734375
6.8713494,-49.5068359375,-63.9501953125,67.0751953125
6.9018681,-49.0673828125,-64.6337890625,65.8056640625
6.9325133,-49.7509765625,-66.4404296875,62.4365234375
6.9625754,-50.5322265625,-67.6611328125,56.7724609375
7.0097711,-51.8017578125,-69.1748046875,51.3525390625
7.024829,-52.6806640625,-71.0302734375,45.2490234375
7.0669004,-53.4619140625,-72.5927734375,39.3896484375
7.0889983,-54.1943359375,-74.2529296875,34.7509765625
7.1315237,-54.8779296875,-76.4013671875,30.5517578125
7.1415773,-55.9521484375,-77.8662109375,27.7685546875
7.1760108,-57.0263671875,-80.0146484375,23.9599609375
7.2028495,-57.4169921875,-81.2353515625,20.8349609375
7.2304282,-57.7587890625,-83.3349609375,17.7099609375
7.2657495,-58.3447265625,-82.7978515625,14.4873046875
7.2926504,-59.0283203125,-77.2314453125,14.3408203125
7.3369815,-60.0048828125,-71.6162109375,28.4521484375
7.3580315,-59.1748046875,-68.1494140625,54.1357421875
7.4032761,-54.9267578125,-66.0986328125,78.0126953125
7.4176127,-50.3857421875,-65.5126953125,90.8056640625
7.4446861,-48.1884765625,-64.0478515625,92.1240234375
7.4963551,-48.0419921875,-63.2177734375,88.7060546875
7.5276547,-48.8720703125,-62.9248046875,82.7490234375
7.5356799,-48.4326171875,-64.1943359375,77.4755859375
7.5646588,-48.2373046875,-64.3896484375,71.0302734375
7.597628,-48.9208984375,-64.0966796875,66.6845703125
7.6429975,-49.5556640625,-63.0224609375,65.8544921875
7.6543801,-49.5556640625,-63.3154296875,68.1005859375
7.6873501,-48.5302734375,-64.2431640625,70.3955078125
7.7164206,-49.3115234375,-64.8291015625,70.4931640625
7.7465568,-49.9462890625,-66.0986328125,67.3681640625
7.7756959,-51.5576171875,-66.9775390625,62.1923828125
7.8051987,-52.1435546875,-69.5654296875,55.6494140625
7.8373288,-53.6572265625,-70.4931640625,49.7412109375
7.8690032,-53.5107421875,-72.7880859375,44.2724609375
7.8957277,-54.5849609375,-74.1064453125,39.2431640625
7.9259789,-55.3173828125,-75.1318359375,35.0439453125
7.9583078,-57.3193359375,-76.8896484375,31.0888671875
7.9840966,-58.2958984375,-78.6962890625,27.9150390625
8.0201907,-58.5888671875,-79.9658203125,24.8876953125
8.0502229,-58.2958984375,-82.0654296875,21.5185546875
8.0771823,-59.4677734375,-82.5537109375,17.9541015625
8.1098904,-60.2490234375,-77.6220703125,16.0498046875
8.1374812,-61.3232421875,-71.4208984375,25.7666015625
8.1695213,-61.1279296875,-67.7099609375,48.6181640625
8.2017442,-57.7587890625,-66.2939453125,71.9091796875
8.2279457,-52.6318359375,-64.8779296875,84.9951171875
8.2629865,-49.9951171875,-63.4619140625,87.8271484375
8.2920652,-49.2626953125,-62.1923828125,84.4580078125
8.3310388,-49.2626953125,-61.6552734375,78.6962890625
8.3502207,-49.2138671875,-63.0712890625,73.6669921875
8.3802982,-48.7255859375,-63.3642578125,66.9775390625
8.4073186,-48.7255859375,-62.3388671875,62.5830078125
8.4406119,-49.3115234375,-62.8271484375,61.2158203125
8.4686221,-50.0927734375,-62.9248046875,62.7783203125
8.4987242,-49.8974609375,-63.3154296875,65.2197265625
8.5316039,-49.7509765625,-65.2197265625,65.2685546875
8.5586761,-49.9951171875,-66.6845703125,61.8994140625
8.5896335,-50.2392578125,-68.6376953125,57.7978515625
8.6236803,-50.9716796875,-70.3466796875,52.3291015625
8.6513919,-52.2412109375,-72.2021484375,46.9580078125
8.6825372,-53.2666015625,-74.2041015625,41.6357421875
8.7117553,-54.2919921875,-76.3525390625,36.3623046875
8.7388259,-54.9267578125,-78.8916015625,32.0654296875
8.7727763,-55.8056640625,-80.9912109375,27.9638671875
8.8038747,-56.5380859375,-83.0419921875,25.5224609375
8.8297238,-56.5380859375,-84.4091796875,21.7138671875
8.8628327,-56.3427734375,-85.3369140625,19.8583984375
8.8918936,-56.7822265625,-84.7021484375,16.7333984375
8.9208169,-57.3681640625,-79.4775390625,13.4130859375
8.9524159,-58.1005859375,-70.7373046875,19.4677734375
8.9814859,-58.9794921875,-65.0732421875,39.5361328125
9.0131436,-56.2939453125,-61.2158203125,62.4365234375
9.0430673,-51.3134765625,-59.0185546875,77.1337890625
9.0738403,-47.8466796875,-56.6259765625,81.8701171875
9.1035652,-46.5283203125,-55.8447265625,79.6728515625
9.1355789,-45.5517578125,-55.0634765625,74.4970703125
9.1640936,-44.9658203125,-56.8701171875,68.9306640625
9.1940218,-44.0869140625,-56.5771484375,62.6318359375
9.2221635,-43.4521484375,-56.1376953125,57.5048828125
9.2551517,-45.0146484375,-55.8447265625,56.3818359375
9.2852845,-44.9169921875,-56.5283203125,57.2607421875
9.315283,-44.1845703125,-57.6513671875,59.2138671875
9.3410749,-44.1357421875,-58.9697265625,60.4345703125
9.393922,-44.4775390625,-61.0205078125,58.9697265625
9.4148928,-45.4541015625,-61.6552734375,54.7705078125
9.4530093,-46.6259765625,-63.6083984375,49.3505859375
9.4730317,-47.7978515625,-64.9755859375,44.3212890625
9.494775,-48.5302734375,-66.7822265625,38.6572265625
9.527742,-49.1650390625,-68.9794921875,34.0185546875
9.5742418,-49.6044921875,-71.9091796875,29.3310546875
9.5949175,-50.8251953125,-73.2275390625,25.4736328125
9.6324287,-51.8505859375,-75.5224609375,21.7138671875
9.653801,-52.3388671875,-76.8408203125,19.0771484375
9.674718,-52.9736328125,-75.2294921875,16.3427734375
9.7060301,-53.5595703125,-70.5908203125,16.6845703125
9.7526575,-53.9501953125,-65.7568359375,32.3583984375
9.7735131,-54.1943359375,-63.0224609375,54.5263671875
9.7955519,-50.7763671875,-62.1923828125,72.7880859375
9.8256511,-46.4794921875,-61.1669921875,80.9423828125
9.8706986,-44.1845703125,-60.4345703125,80.1611328125
9.8912825,-43.7939453125,-60.2880859375,74.5947265625
9.9152403,-43.5009765625,-60.7275390625,68.1494140625
9.9461556,-43.5986328125,-61.8017578125,60.6298828125
9.9953888,-43.7451171875,-61.4111328125,53.7939453125
10.0156748,-44.4287109375,-60.7275390625,51.5478515625
10.0506208,-44.8193359375,-60.8740234375,51.9873046875
10.0720926,-45.5517578125,-61.3623046875,55.5517578125
10.1011798,-45.3076171875,-62.4853515625,56.3818359375
10.1544064,-45.3564453125,-63.3642578125,55.9912109375
10.1864515,-45.6005859375,-64.6337890625,52.4755859375
10.190878,-45.6982421875,-65.9521484375,47.6904296875
10.2183712,-47.3095703125,-67.2216796875,42.1240234375
10.2468845,-48.1396484375,-69.8583984375,37.2412109375
10.2973393,-49.3603515625,-71.4208984375,32.0654296875
10.3166793,-49.9462890625,-72.9345703125,27.0361328125
10.3538097,-51.4111328125,-75.3271484375,22.5927734375
10.3738586,-52.0947265625,-76.6455078125,19.3212890625
10.4008627,-53.4130859375,-76.3525390625,15.6103515625
10.4266344,-53.7548828125,-71.6162109375,14.5849609375
10.4617465,-55.1220703125,-66.5869140625,26.4990234375
10.4879207,-54.5849609375,-63.9990234375,49.6435546875
10.5190422,-52.7294921875,-61.9482421875,70.8837890625
10.5530491,-49.4091796875,-61.4111328125,81.3818359375
10.5796422,-45.9423828125,-60.2392578125,82.6513671875
10.6067581,-45.0146484375,-60.5810546875,77.7685546875
10.639679,-44.6728515625,-61.8017578125,70.9814453125
10.6695282,-44.6240234375,-62.1435546875,64.1943359375
10.7180021,-44.6728515625,-62.9736328125,55.4052734375
10.7393837,-45.3076171875,-62.1923828125,51.3525390625
10.7744905,-45.4052734375,-61.8994140625,51.3525390625
10.7947461,-45.8935546875,-62.0947265625,54.5263671875
10.8207882,-45.5517578125,-62.2900390625,56.5283203125
10.8501905,-45.6494140625,-64.4873046875,56.5771484375
10.8844707,-45.5517578125,-64.9755859375,53.8427734375
10.9104695,-46.1865234375,-67.5146484375,49.7900390625
10.9425632,-47.7490234375,-68.6376953125,44.0283203125
10.9715262,-49.2626953125,-70.7373046875,38.5107421875
11.0028667,-49.8974609375,-72.3974609375,33.3837890625
11.0341303,-51.1669921875,-74.6435546875,28.2568359375
11.0635473,-51.8505859375,-76.8408203125,24.4482421875
11.0923572,-53.1689453125,-77.9638671875,20.3466796875
11.1254872,-53.9990234375,-80.2587890625,16.1474609375
11.1726306,-54.6826171875,-81.5283203125,13.3642578125
11.1924616,-54.8779296875,-80.5517578125,10.3857421875
11.2159225,-55.3662109375,-75.4736328125,10.5810546875
11.2427011,-56.1962890625,-70.6884765625,26.0595703125
11.2744203,-56.8310546875,-67.4658203125,51.9384765625
11.3202341,-54.8291015625,-66.0986328125,74.1552734375
11.3392076,-49.9951171875,-64.4873046875,84.8486328125
11.3779336,-46.5771484375,-64.2919921875,84.7509765625
11.3986933,-45.4052734375,-62.3876953125,79.7705078125
11.4230492,-45.5517578125,-62.8271484375,72.9833984375
11.4515694,-45.6982421875,-63.9501953125,65.5126953125
11.4836552,-45.1123046875,-63.0712890625,58.3349609375
11.5173654,-45.6982421875,-62.5341796875,54.9658203125
11.5471936,-46.5283203125,-61.7529296875,55.3076171875
11.5922916,-46.5283203125,-61.7041015625,58.2373046875
11.6130025,-46.2353515625,-62.2900390625,61.0205078125
11.6532916,-45.9912109375,-63.5595703125,60.9716796875
11.6633064,-45.8447265625,-64.8291015625,57.3583984375
11.7081404,-46.3330078125,-66.4892578125,53.2568359375
11.7310564,-47.2119140625,-68.0517578125,47.2021484375
11.756274,-48.8232421875,-69.6142578125,40.5126953125
11.7882621,-49.1650390625,-71.8115234375,35.8251953125
11.8172706,-49.9951171875,-73.7158203125,30.4541015625
11.8452002,-51.8505859375,-76.1572265625,26.2060546875
11.8764865,-52.2900390625,-77.6708984375,22.3486328125
11.9085238,-53.7060546875,-78.9404296875,18.8330078125
11.9344705,-54.9267578125,-80.4541015625,15.5126953125
11.9683677,-55.2197265625,-78.3544921875,13.7060546875
11.9972228,-56.1474609375,-72.5439453125,14.9755859375
12.0263995,-56.6357421875,-68.7841796875,33.0419921875
12.0856889,-56.8798828125,-66.7822265625,59.1162109375
12.0871958,-54.9267578125,-65.4638671875,78.0126953125
12.1195891,-50.7275390625,-65.6591796875,86.6064453125
12.1635111,-47.3583984375,-65.2685546875,84.8486328125
12.1854689,-46.8212890625,-64.6826171875,79.4775390625
12.211557,-46.5283203125,-65.7080078125,71.8603515625
12.2395753,-46.7724609375,-65.5126953125,63.6572265625
12.2681135,-47.2607421875,-65.7568359375,55.6982421875
12.2994257,-47.3095703125,-64.4873046875,54.1845703125
12.3294974,-47.8955078125,-64.5849609375,56.3330078125
12.3596493,-48.3349609375,-64.6337890625,59.3115234375
12.3897826,-48.0419921875,-65.8056640625,61.2646484375
12.4358341,-47.3583984375,-67.0263671875,61.4111328125
12.4578421,-47.6513671875,-68.5888671875,58.0419921875
12.5086874,-48.2373046875,-70.2490234375,53.7939453125
12.5098085,-48.5791015625,-71.8603515625,47.3974609375
12.5413181,-50.2880859375,-73.9111328125,42.5146484375
12.569423,-51.5576171875,-75.6201171875,37.3876953125
12.605188,-52.6318359375,-78.1591796875,32.4560546875
12.6320501,-53.0712890625,-79.5263671875,27.9638671875
12.6743865,-54.2919921875,-81.2841796875,24.7900390625
12.6948668,-54.7802734375,-83.1396484375,21.2255859375
12.740681,-54.9755859375,-79.3798828125,19.1748046875
12.75074,-55.5615234375,-74.2529296875,23.1787109375
12.7796925,-56.6845703125,-70.3955078125,44.9560546875
12.8122312,-56.6845703125,-68.4423828125,71.8115234375
12.8392535,-54.7802734375,-67.7587890625,90.1708984375
12.8670629,-51.1181640625,-67.7587890625,97.1044921875
12.9021001,-48.1396484375,-65.8544921875,94.5654296875
12.9299996,-46.9677734375,-66.4404296875,88.0712890625
12.9629128,-46.3330078125,-67.2705078125,80.8935546875
12.9941759,-47.4560546875,-67.2216796875,71.8115234375
13.019063,-46.8212890625,-66.6357421875,64.8779296875
13.0519782,-47.9443359375,-66.3916015625,63.4619140625
13.0810374,-48.9697265625,-65.5615234375,66.6357421875
13.1119396,-49.3115234375,-66.1962890625,70.6396484375
13.1442458,-48.5791015625,-66.7333984375,73.0322265625
13.1712981,-48.7744140625,-68.1982421875,71.7138671875
13.2042916,-48.7255859375,-69.2724609375,68.1494140625
13.2356232,-48.7255859375,-70.4931640625,63.5595703125
13.2621435,-49.7998046875,-72.1533203125,57.2607421875
13.2921621,-51.4111328125,-73.7646484375,51.1572265625
13.3231348,-52.3876953125,-75.1806640625,46.0302734375
13.3536375,-52.7294921875,-76.8896484375,42.1240234375
13.384614,-53.7060546875,-78.8916015625,38.0224609375
13.4145892,-54.6337890625,-81.0888671875,34.2138671875
13.4436174,-55.8544921875,-82.2119140625,30.8447265625
13.4757138,-56.1962890625,-80.8935546875,28.5986328125
13.5051998,-56.3916015625,-74.0576171875,29.8681640625
13.5332144,-56.2451171875,-68.6376953125,49.3017578125
13.5651873,-57.7587890625,-65.2685546875,80.3076171875
13.5931593,-56.8310546875,-63.7548828125,106.6259765625
13.6263835,-52.8759765625,-61.8994140625,118.8330078125
13.6563806,-49.0185546875,-60.6787109375,119.5166015625
13.6833449,-47.2607421875,-59.1650390625,115.1220703125
13.7117446,-46.9189453125,-59.6533203125,108.8232421875
13.7452586,-46.2841796875,-58.7255859375,102.5244140625
13.7732196,-47.1142578125,-58.7744140625,95.7861328125
13.8062266,-46.4794921875,-57.2119140625,91.8798828125
13.8372459,-47.2119140625,-56.4306640625,93.6376953125
13.8652581,-47.5048828125,-56.4794921875,97.4462890625
13.898245,-47.6513671875,-57.3095703125,100.8154296875
13.9253482,-47.9443359375,-58.3837890625,100.6201171875
13.9616963,-47.0166015625,-59.5556640625,98.0322265625
13.9876971,-47.3583984375,-59.5556640625,92.5146484375
14.0146278,-48.1396484375,-60.9228515625,86.8994140625
14.0477344,-48.8720703125,-63.3154296875,80.5517578125
14.0783585,-49.6533203125,-64.3896484375,75.3271484375
14.1052596,-49.7998046875,-66.4404296875,69.4189453125
14.1372061,-50.6787109375,-68.1005859375,66.0009765625
14.1673334,-51.5087890625,-69.2236328125,62.0947265625
14.1973532,-52.6318359375,-70.7861328125,59.6533203125
14.2287272,-53.7548828125,-72.6416015625,56.6259765625
14.2589434,-53.3154296875,-70.4443359375,54.2822265625
14.2898957,-53.3154296875,-64.3408203125,55.4052734375
14.3180429,-53.9501953125,-57.8955078125,74.5947265625
14.3489676,-54.1943359375,-54.5751953125,107.1142578125
14.377917,-54.3408203125,-52.3779296875,133.1884765625
14.4078945,-50.8740234375,-50.5224609375,146.8603515625
14.4399443,-46.1865234375,-48.4716796875,148.1298828125
14.465869,-44.6728515625,-46.7626953125,143.1494140625
14.5031737,-44.0380859375,-46.9091796875,137.9248046875
14.5291752,-43.7939453125,-46.9580078125,130.7470703125
14.5622305,-43.9404296875,-46.9091796875,124.0087890625
14.5902167,-44.1357421875,-45.3466796875,120.9326171875
14.6193965,-44.2822265625,-44.7119140625,120.9326171875
14.6513717,-44.8681640625,-44.1748046875,124.5458984375
14.6793652,-45.0146484375,-45.0048828125,126.9873046875
14.7093592,-44.1845703125,-46.3720703125,126.5966796875
14.7423859,-44.1357421875,-47.1533203125,122.4462890625
14.7697478,-44.3310546875,-48.5205078125,116.7333984375
14.8029675,-44.3798828125,-49.5458984375,110.4345703125
14.8321487,-44.5263671875,-50.8642578125,103.9892578125
14.8604619,-45.6982421875,-51.9873046875,97.6904296875
14.8885229,-47.2119140625,-53.1591796875,92.2705078125
14.9204773,-48.4326171875,-54.7216796875,87.4853515625
14.948518,-48.8720703125,-56.0888671875,84.4091796875
14.9824993,-48.9208984375,-57.9443359375,81.3330078125
15.0119358,-50.1416015625,-58.3837890625,77.9150390625
15.0408648,-50.7763671875,-58.3837890625,74.0576171875
15.0714452,-50.4345703125,-53.1103515625,71.6162109375
15.1024311,-50.9716796875,-46.9580078125,82.4560546875
15.1324183,-52.1435546875,-42.7587890625,109.2626953125
15.1630759,-51.9482421875,-40.5615234375,134.7021484375
15.1931694,-49.9951171875,-38.9501953125,149.2529296875
15.2249529,-45.9912109375,-36.5087890625,152.3779296875
15.2525115,-42.5732421875,-35.6298828125,147.7392578125
15.2825792,-41.9873046875,-34.7998046875,142.1728515625
15.3316323,-41.8408203125,-35.0439453125,135.4833984375
15.3446142,-42.1826171875,-35.2392578125,128.9404296875
15.3715649,-41.6943359375,-34.6533203125,123.3251953125
15.4056524,-41.4501953125,-33.8232421875,122.7392578125
15.4328844,-41.8896484375,-33.5302734375,124.4970703125
15.4625631,-42.5244140625,-34.2138671875,126.2548828125
15.4968437,-41.7431640625,-35.0927734375,126.4013671875
15.5226347,-41.9384765625,-36.4111328125,122.6904296875
15.5517212,-41.6943359375,-37.7783203125,116.8798828125
15.5856368,-42.0849609375,-38.7548828125,110.4345703125
15.6147894,-42.3779296875,-40.5615234375,104.9169921875
15.64566,-43.4521484375,-42.3193359375,98.3251953125
15.6745572,-44.2822265625,-44.2236328125,92.4658203125
15.7027243,-45.8935546875,-45.2001953125,88.6572265625
15.7377561,-46.3818359375,-47.0556640625,85.5810546875
15.7669178,-47.3095703125,-48.6669921875,82.4072265625
15.7950131,-47.5537109375,-50.0830078125,78.4521484375
15.826973,-48.5302734375,-50.2783203125,76.1083984375
15.8540316,-48.5791015625,-45.5419921875,73.2763671875
15.8849801,-48.6279296875,-39.9755859375,82.4560546875
15.9190267,-49.6533203125,-36.4599609375,104.8193359375
15.9439868,-49.7998046875,-34.3603515625,126.3037109375
15.9729735,-47.9931640625,-33.4814453125,138.3642578125
16.0063503,-44.4287109375,-31.7236328125,140.0732421875
16.0356269,-40.9619140625,-30.7470703125,135.4833984375
16.0637125,-39.8876953125,-31.2353515625,129.2333984375
16.0976364,-40.5224609375,-31.5283203125,123.6181640625
16.1256424,-40.1318359375,-31.4794921875,116.0498046875
16.1596913,-39.4482421875,-30.9423828125,112.5341796875
16.185655,-39.9365234375,-30.7470703125,112.3388671875
16.2157238,-40.7177734375,-30.9423828125,114.5849609375
16.246903,-40.8154296875,-32.1630859375,116.4404296875
16.2763509,-40.1806640625,-32.9443359375,115.6103515625
16.3063894,-39.5458984375,-34.8974609375,111.9970703125
16.3375485,-39.7412109375,-36.0693359375,107.2607421875
16.3686307,-40.4248046875,-37.8271484375,100.8642578125
16.3992529,-40.9130859375,-39.2919921875,95.0537109375
16.4274721,-42.1337890625,-40.8056640625,89.5849609375
16.4562517,-43.0126953125,-42.4658203125,84.9462890625
16.485022,-43.9892578125,-44.1748046875,81.0400390625
16.5211741,-43.8427734375,-45.9814453125,77.7197265625
16.5469227,-45.4052734375,-47.7392578125,74.3994140625
16.5791023,-45.9423828125,-47.1044921875,71.4208984375
16.6101816,-46.4306640625,-42.5634765625,69.5654296875
16.6371307,-47.0654296875,-37.3876953125,77.6708984375
16.6691404,-47.1142578125,-33.0908203125,99.3017578125
16.7011608,-47.1630859375,-31.5771484375,120.7861328125
16.7271508,-45.8935546875,-30.5029296875,131.5283203125
16.7602694,-41.5478515625,-28.4033203125,134.1650390625
16.7911711,-38.3740234375,-28.3544921875,130.0146484375
16.8231608,-38.0322265625,-27.8662109375,124.2041015625
16.8512764,-37.3486328125,-29.5263671875,119.4189453125
16.880229,-37.2998046875,-28.9892578125,112.5341796875
16.9141808,-37.5927734375,-29.2822265625,109.0185546875
16.9402497,-37.1533203125,-28.4033203125,108.8232421875
16.9701021,-38.1298828125,-28.8916015625,110.4833984375
17.0010977,-38.0810546875,-29.6728515625,112.3876953125
17.0322364,-37.8369140625,-31.0888671875,111.8505859375
17.0643117,-37.7392578125,-32.6513671875,109.1650390625
17.0920307,-37.1533203125,-34.5068359375,103.6474609375
17.1220026,-37.3486328125,-35.6787109375,98.1298828125
17.1481499,-38.1787109375,-37.9736328125,92.0263671875
17.1836885,-39.2529296875,-38.9501953125,86.7041015625
17.2116283,-40.8154296875,-40.8056640625,82.0654296875
17.2396709,-41.5478515625,-42.2705078125,78.1591796875
17.2743579,-42.3291015625,-44.2724609375,74.6923828125
17.3035327,-43.3544921875,-45.8349609375,71.6162109375
17.3343749,-44.2333984375,-47.2509765625,68.8330078125
17.3793221,-44.9169921875,-47.8369140625,65.8056640625
17.3999774,-45.1611328125,-42.6123046875,63.1689453125
17.4245197,-46.1376953125,-37.0458984375,69.5166015625
17.4533549,-46.4794921875,-32.9931640625,92.2705078125
17.481495,-47.6025390625,-30.4052734375,115.5615234375
17.5138357,-46.8212890625,-28.5009765625,131.1865234375
17.5434999,-43.5986328125,-26.7431640625,135.7763671875
17.5807127,-39.0087890625,-24.6435546875,134.6044921875
17.6035186,-36.6162109375,-24.9853515625,130.3076171875
17.6382193,-35.9814453125,-25.8154296875,126.1083984375
17.6618809,-35.3955078125,-26.1572265625,120.8349609375
17.6959694,-35.4443359375,-25.6201171875,116.8310546875
17.7229872,-34.3701171875,-25.5712890625,115.7080078125
17.7604761,-34.0283203125,-25.1806640625,116.9287109375
17.7865803,-35.0048828125,-26.0107421875,118.3447265625
17.8151265,-35.2978515625,-26.9873046875,118.8330078125
17.8460293,-34.4677734375,-28.9892578125,115.7568359375
17.874007,-34.7607421875,-30.7470703125,110.8251953125
17.9139129,-34.2236328125,-33.0908203125,105.1611328125
17.9369378,-35.2978515625,-34.4580078125,99.7412109375
17.9665133,-36.5673828125,-36.0205078125,93.9306640625
17.9995616,-37.9345703125,-38.1689453125,89.1455078125
18.0264529,-39.1064453125,-39.3408203125,85.2392578125
18.0559003,-40.1806640625,-41.1474609375,81.7724609375
18.087848,-40.4736328125,-42.9541015625,79.1845703125
18.1167949,-41.5478515625,-45.0048828125,76.8408203125
18.1462707,-42.8173828125,-47.1044921875,73.9599609375
18.1792818,-43.1591796875,-48.2763671875,69.8095703125
18.2076417,-43.5498046875,-48.9599609375,66.6845703125
18.2406262,-43.4033203125,-44.5654296875,62.4853515625
18.269201,-44.1845703125,-38.8037109375,66.9775390625
18.297267,-45.1123046875,-34.1162109375,89.0478515625
18.348329,-46.2841796875,-30.9423828125,114.5849609375
18.3592247,-47.4072265625,-28.3544921875,133.7255859375
18.3934879,-44.0869140625,-26.5478515625,140.7568359375
18.4201897,-38.6669921875,-24.7900390625,140.7568359375
18.4492569,-35.3466796875,-24.2041015625,136.9482421875
18.4763175,-33.9794921875,-25.0341796875,133.3349609375
18.5150283,-33.5400390625,-25.7177734375,128.5498046875
18.5392692,-33.0517578125,-24.8388671875,123.6669921875
18.567215,-32.4658203125,-24.6435546875,120.7373046875
18.5992405,-32.1240234375,-24.8388671875,120.6884765625
18.6374108,-32.4658203125,-24.8876953125,122.9345703125
18.6573898,-33.1982421875,-26.8408203125,123.9599609375
18.6895636,-32.9541015625,-28.7451171875,120.4443359375
18.7268176,-32.3193359375,-29.9658203125,116.6845703125
18.7518293,-32.8564453125,-31.8701171875,111.0693359375
18.7808732,-33.6376953125,-33.1396484375,104.7705078125
18.8091944,-34.1259765625,-35.2880859375,98.7646484375
18.83632,-36.0791015625,-36.8994140625,93.9306640625
18.8749611,-37.2509765625,-38.8037109375,88.9990234375
18.898284,-38.3740234375,-40.2685546875,85.1904296875
18.9324531,-38.5205078125,-42.2705078125,82.6025390625
18.961361,-39.3505859375,-42.8076171875,80.1611328125
18.9894058,-40.7177734375,-44.7607421875,77.3291015625
19.0204681,-41.9873046875,-46.7138671875,74.7412109375
19.0514459,-42.1826171875,-48.6181640625,70.6396484375
19.0770524,-42.6220703125,-48.4716796875,66.4404296875
19.1150924,-42.9638671875,-44.7607421875,62.7783203125
19.137983,-44.1357421875,-38.0712890625,68.3935546875
19.1768301,-44.8681640625,-33.6279296875,91.9775390625
19.1994165,-46.2841796875,-30.8935546875,118.4423828125
19.2393063,-46.6748046875,-29.1845703125,136.2158203125
19.262939,-43.7451171875,-26.9384765625,142.4658203125
19.2998083,-37.4462890625,-25.2783203125,140.4638671875
19.318829,-35.1025390625,-24.7900390625,136.1181640625
19.3539191,-33.6376953125,-24.9365234375,133.3349609375
19.3805577,-32.7099609375,-24.9853515625,126.6455078125
19.4253341,-33.0029296875,-25.3271484375,121.8603515625
19.4412613,-32.6123046875,-24.8388671875,119.3701171875
19.4733206,-31.9775390625,-25.1806640625,120.2001953125
19.5024063,-33.6865234375,-25.3759765625,122.5927734375
19.5513844,-34.8095703125,-26.3525390625,122.3486328125
19.5619972,-33.6865234375,-28.2080078125,120.5419921875
19.599451,-34.2724609375,-30.2587890625,115.2685546875
19.6234451,-34.3212890625,-31.6259765625,109.4091796875
19.6534677,-34.9072265625,-33.1884765625,102.7197265625
19.6843934,-35.9326171875,-35.1904296875,97.4951171875
19.7216701,-36.9580078125,-36.6064453125,91.5869140625
19.7447322,-38.3740234375,-38.9990234375,87.6318359375
19.7829941,-38.9599609375,-40.3662109375,84.5068359375
19.8050186,-40.2783203125,-42.1728515625,81.3818359375
19.8330516,-41.4990234375,-44.7119140625,78.8916015625
19.8697449,-42.5732421875,-45.9814453125,76.7431640625
19.8952778,-43.3544921875,-48.3740234375,72.9833984375
19.9282602,-43.7451171875,-48.1298828125,69.4189453125
19.9784764,-44.0380859375,-44.1748046875,64.9755859375
19.983721,-45.5029296875,-38.5595703125,73.0810546875
20.0141324,-46.0400390625,-35.5810546875,97.1044921875
20.0523913,-47.0166015625,-33.4814453125,122.0068359375
20.0753803,-47.3095703125,-31.6259765625,138.0712890625
20.1094291,-44.3310546875,-30.2099609375,142.7587890625
20.1374074,-39.8388671875,-28.8916015625,140.8056640625
20.1653721,-37.1044921875,-29.3310546875,135.5810546875
20.2073522,-35.9814453125,-30.5517578125,129.8193359375
20.2254292,-36.0302734375,-30.6005859375,122.6904296875
20.2559328,-36.8115234375,-30.2587890625,117.1728515625
20.2858667,-37.0068359375,-29.9169921875,115.1708984375
20.3169216,-36.4697265625,-30.6005859375,116.8310546875
20.3502572,-37.1533203125,-31.6748046875,119.9560546875
20.3776808,-38.2275390625,-32.7978515625,120.4443359375
20.4057431,-37.8857421875,-34.2626953125,117.2216796875
20.4547117,-37.7880859375,-36.1181640625,112.9736328125
20.4756955,-38.0810546875,-37.8271484375,105.6494140625
20.4977723,-37.9833984375,-39.7314453125,99.7900390625
20.5299462,-39.2529296875,-41.8798828125,93.8330078125
20.5569118,-41.5478515625,-43.8330078125,88.4619140625
20.5941599,-42.2802734375,-45.6396484375,83.6767578125
20.6211889,-42.9638671875,-47.4462890625,80.2587890625
20.6481158,-43.4033203125,-49.3505859375,76.8408203125
20.6762226,-45.1123046875,-51.3525390625,74.3994140625
20.7147715,-45.8447265625,-53.1103515625,72.1044921875
20.73845,-46.9189453125,-54.8681640625,69.4189453125
20.7704128,-47.9931640625,-56.6259765625,65.5126953125
20.799026,-47.5048828125,-55.7958984375,61.7529296875
20.8286009,-47.4072265625,-48.9599609375,59.9951171875
20.8663082,-48.4326171875,-44.4189453125,74.7412109375
20.8908713,-50.1416015625,-40.9033203125,103.1591796875
20.9191874,-50.7763671875,-39.0478515625,127.7197265625
20.9509524,-51.3134765625,-37.1435546875,142.0751953125
20.9911111,-48.4814453125,-36.5576171875,144.9072265625
21.0112301,-42.5244140625,-35.2880859375,141.4892578125
21.0412654,-39.5458984375,-35.5322265625,135.8251953125
21.071269,-39.5458984375,-36.4111328125,130.7470703125
21.0982729,-40.0830078125,-36.1669921875,123.1298828125
21.13591,-39.8388671875,-35.7275390625,118.4423828125
21.1583761,-39.3505859375,-35.7275390625,118.1982421875
21.1968993,-40.0830078125,-36.2158203125,121.2744140625
21.2199907,-40.4248046875,-37.0947265625,123.1298828125
21.2573332,-41.2060546875,-38.7548828125,122.3974609375
21.2835231,-40.4248046875,-39.1943359375,119.7607421875
21.3105294,-40.6201171875,-41.4892578125,114.1455078125
21.3414571,-40.4248046875,-43.1494140625,107.3095703125
21.3724509,-40.8154296875,-45.3466796875,100.3759765625
21.4025529,-42.0361328125,-47.7392578125,94.3212890625
21.4314838,-43.6962890625,-49.6923828125,88.6083984375
21.4624868,-44.4287109375,-50.9130859375,83.6279296875
21.4934845,-44.9658203125,-52.2802734375,80.7470703125
21.5254813,-45.8447265625,-54.7216796875,77.9150390625
21.5535192,-47.5048828125,-55.6494140625,74.8388671875
21.582595,-48.0908203125,-57.6025390625,72.1533203125
21.6114721,-48.4326171875,-59.5556640625,69.3701171875
21.6424962,-49.3603515625,-60.3857421875,64.2919921875
21.671466,-49.2138671875,-56.0400390625,59.8486328125
21.7045532,-49.8974609375,-49.8388671875,63.2666015625
21.7347439,-50.7275390625,-46.0791015625,85.7275390625
21.7627395,-51.6552734375,-43.2958984375,111.8505859375
21.7957154,-52.6318359375,-41.1474609375,130.5517578125
21.8247188,-51.8505859375,-39.5361328125,138.1201171875
21.8517148,-48.1884765625,-38.0712890625,136.9482421875
21.8870728,-43.1103515625,-37.5341796875,132.7490234375
21.9140518,-40.3759765625,-38.3642578125,127.1826171875
21.9461159,-40.6201171875,-38.4619140625,120.7861328125
21.9761592,-40.1806640625,-38.0712890625,114.3896484375
22.0030484,-39.6435546875,-37.0458984375,111.0205078125
22.0381146,-39.4970703125,-37.1923828125,110.9716796875
22.065048,-40.0341796875,-37.2900390625,113.6572265625
22.093752,-41.4501953125,-38.3154296875,114.4384765625
22.1276864,-41.3037109375,-39.9267578125,112.1435546875
22.1545876,-40.8154296875,-41.0986328125,107.7978515625
22.1886431,-40.3759765625,-42.7099609375,101.8896484375
22.2168484,-40.6201171875,-43.7841796875,96.1767578125
22.2451991,-41.5478515625,-46.2255859375,89.0966796875
22.275242,-42.1826171875,-47.6904296875,83.2373046875
22.3082,-43.1591796875,-48.9599609375,78.5009765625
22.336146,-44.7216796875,-50.0341796875,74.1064453125
22.3701896,-45.1123046875,-52.2314453125,70.8837890625
22.3954493,-45.6005859375,-54.5751953125,67.0263671875
22.4263446,-46.7724609375,-55.8447265625,64.5849609375
22.4594543,-48.0419921875,-57.9931640625,61.8017578125
22.4894651,-48.1396484375,-58.2373046875,57.4560546875
22.5153398,-48.6279296875,-52.6220703125,54.6240234375
22.5483687,-49.4580078125,-47.3974609375,60.8251953125
22.5783998,-49.2626953125,-44.2236328125,83.6767578125
22.6053712,-50.5322265625,-41.9287109375,104.7216796875
22.6376918,-51.4111328125,-40.4150390625,118.8330078125
22.667737,-50.5810546875,-38.6083984375,122.0556640625
22.7006787,-47.0654296875,-36.8017578125,119.8095703125
22.7296728,-42.1826171875,-37.0458984375,115.3662109375
22.7597568,-40.2783203125,-37.6318359375,109.9951171875
22.7856381,-39.6923828125,-38.6083984375,103.3056640625
22.8176882,-40.2294921875,-37.8271484375,98.6181640625
22.8466445,-39.9853515625,-37.3388671875,97.0556640625
22.8784538,-39.9853515625,-37.0458984375,98.8134765625
22.9100087,-40.2294921875,-38.6572265625,100.4248046875
22.9371607,-41.3037109375,-40.0732421875,102.8662109375
22.9692409,-40.7666015625,-41.4404296875,100.5712890625
23.0002941,-40.4248046875,-42.9541015625,95.8349609375
23.0282545,-40.6201171875,-44.3701171875,91.0009765625
23.0732634,-40.5224609375,-46.7626953125,85.0927734375
23.0902535,-40.8154296875,-48.7158203125,79.6728515625
23.1370129,-41.7919921875,-50.5712890625,74.4482421875
23.1510392,-43.2568359375,-51.8408203125,71.0791015625
23.1905204,-44.2333984375,-53.6474609375,66.4892578125
23.2107072,-44.7216796875,-56.2353515625,63.6083984375
23.2418019,-45.6494140625,-58.2373046875,59.8974609375
23.2788534,-47.0166015625,-57.3583984375,56.8701171875
23.3003229,-47.7001953125,-53.1591796875,54.7705078125
23.3364996,-48.1884765625,-47.9833984375,63.8525390625
23.3572933,-48.4814453125,-44.6142578125,84.5556640625
23.3946956,-49.2626953125,-43.5400390625,105.3076171875
23.4321809,-49.5068359375,-41.6845703125,116.9775390625
23.4492116,-49.3115234375,-40.2197265625,119.5166015625
23.4886651,-45.0146484375,-39.5361328125,116.5380859375
23.5132037,-40.7666015625,-40.5126953125,111.3134765625
23.5509536,-38.7158203125,-41.0009765625,106.1865234375
23.5725034,-39.0087890625,-41.2451171875,98.9111328125
23.6111209,-39.0087890625,-40.7568359375,94.2236328125
23.6345544,-38.8623046875,-40.5615234375,93.2470703125
23.6722181,-39.2529296875,-41.0986328125,95.9326171875
23.7026413,-39.4482421875,-41.6845703125,97.8369140625
23.7252894,-40.6201171875,-42.8076171875,98.4228515625
23.7616584,-40.4248046875,-44.5166015625,95.8837890625
23.7833778,-39.6923828125,-45.7373046875,90.9521484375
23.8139161,-39.9853515625,-48.1298828125,85.7763671875
23.8506328,-39.8388671875,-49.3017578125,79.2822265625
23.87327,-40.9130859375,-51.3525390625,74.3505859375
23.912054,-41.7919921875,-53.0615234375,69.3212890625
23.9326988,-42.4267578125,-55.1123046875,64.1943359375
23.9684102,-43.0615234375,-57.4072265625,60.7763671875
23.9930572,-44.7705078125,-59.0673828125,57.2119140625
24.0332823,-45.3076171875,-61.1669921875,53.9404296875
24.0554161,-46.1865234375,-61.5576171875,49.8876953125
24.0939815,-47.5048828125,-56.7724609375,46.8603515625
24.1135708,-48.2373046875,-50.8642578125,50.3271484375
24.1492228,-48.4326171875,-47.0556640625,71.6162109375
24.1769196,-49.2138671875,-44.6142578125,94.7607421875
24.2039732,-49.6044921875,-42.3681640625,112.1923828125
24.2392679,-50.9228515625,-41.4404296875,119.9560546875
24.2641261,-47.7001953125,-39.2431640625,119.0283203125
24.298277,-42.2802734375,-39.6826171875,115.7568359375
24.324055,-39.3017578125,-39.8779296875,111.3623046875
24.3627739,-37.7880859375,-41.3427734375,105.1611328125
24.3852017,-37.8857421875,-39.9755859375,99.2529296875
24.4212162,-38.0322265625,-39.5849609375,97.3486328125
24.444067,-37.5927734375,-39.4873046875,97.0556640625
24.4781579,-38.2275390625,-40.4150390625,99.6923828125
24.5150509,-38.7646484375,-41.1962890625,101.2060546875
24.5360908,-39.9365234375,-43.1982421875,100.1806640625
24.5666538,-39.1064453125,-44.1748046875,96.6650390625
24.6151891,-39.5947265625,-46.0791015625,91.4404296875
24.6348741,-39.3017578125,-47.9345703125,84.7509765625
24.6586839,-39.5458984375,-49.8388671875,78.5498046875
24.695354,-40.5224609375,-51.6455078125,72.9345703125
24.7180479,-42.1337890625,-53.3056640625,67.6611328125
24.7599785,-42.9150390625,-55.4052734375,63.6572265625
24.7780455,-43.6474609375,-57.3583984375,59.7021484375
24.8170061,-45.2099609375,-59.3603515625,55.8447265625
24.8375722,-46.1376953125,-60.3857421875,52.0361328125
24.8753005,-46.6748046875,-57.7978515625,48.6181640625
24.9012295,-47.6025390625,-51.0107421875,46.8115234375
24.9439428,-48.2861328125,-45.9326171875,60.4833984375
24.9598668,-48.6279296875,-42.4169921875,83.8232421875
25.0089869,-49.4580078125,-40.4150390625,105.9423828125
25.0391083,-50.0439453125,-38.1689453125,117.9052734375
25.0466171,-49.2138671875,-36.7041015625,121.0302734375
25.0849053,-45.2099609375,-35.2880859375,117.6123046875
25.1097673,-39.9853515625,-36.7529296875,112.8271484375
25.1427843,-38.6669921875,-36.7041015625,107.4560546875
25.180607,-37.1533203125,-36.4111328125,100.9130859375
25.1996116,-37.4462890625,-35.9228515625,96.3232421875
25.2395441,-37.3974609375,-35.4833984375,94.7607421875
25.2598194,-36.9091796875,-36.0693359375,97.2998046875
25.3035537,-37.6904296875,-36.6064453125,98.0322265625
25.3244252,-38.1787109375,-38.2666015625,97.7392578125
25.3597627,-38.4228515625,-39.7802734375,95.8349609375
25.3800479,-38.1298828125,-40.6103515625,90.5126953125
25.4181559,-37.8857421875,-42.9052734375,83.8232421875
25.440637,-38.3740234375,-44.7119140625,77.6708984375
25.478908,-38.8134765625,-46.1279296875,70.7861328125
25.5018497,-39.8388671875,-49.1552734375,66.0009765625
25.5381725,-40.6201171875,-49.9365234375,60.5322265625
25.5601928,-41.9873046875,-52.3779296875,56.8701171875
25.6012798,-42.8662109375,-53.8427734375,53.1103515625
25.622381,-43.5986328125,-56.1376953125,49.1064453125
25.6649387,-45.3076171875,-56.6748046875,46.0302734375
25.6958081,-45.9912109375,-53.2080078125,42.1728515625
25.7097845,-46.8212890625,-46.7138671875,43.0029296875
25.7577978,-47.3095703125,-42.7587890625,60.6298828125
25.7790012,-47.3095703125,-40.3173828125,84.5068359375
25.8020747,-48.0908203125,-39.1455078125,102.9150390625
25.8396811,-49.2626953125,-37.8271484375,111.9482421875
25.860342,-48.3349609375,-36.6064453125,110.4345703125
25.9000856,-44.0869140625,-36.1669921875,106.6259765625
25.9217762,-39.4482421875,-37.6806640625,101.6455078125
25.9634025,-37.3486328125,-37.7294921875,94.7607421875
25.9840275,-37.1533203125,-37.4853515625,87.7783203125
26.0211274,-37.1533203125,-36.9482421875,84.1650390625
26.0429838,-37.9345703125,-36.6064453125,84.8486328125
26.0828474,-38.2275390625,-37.6318359375,88.1201171875
26.1044877,-37.6904296875,-38.7060546875,89.4873046875
26.1446083,-38.5205078125,-40.2197265625,89.3896484375
26.1651587,-38.8623046875,-41.6357421875,85.7763671875
26.2056777,-38.2275390625,-43.1982421875,80.9423828125
26.2236676,-38.4228515625,-45.3466796875,74.9365234375
26.2612208,-38.4716796875,-47.0068359375,68.9794921875
26.2840245,-38.7646484375,-49.7412109375,63.8037109375
26.325946,-39.9853515625,-51.1572265625,58.5791015625
26.3459066,-41.5966796875,-53.5498046875,54.1357421875
26.3879995,-42.3779296875,-56.0400390625,50.2783203125
26.4075616,-42.7197265625,-56.8212890625,47.2509765625
26.4445173,-44.0380859375,-55.6005859375,43.4423828125
26.4666864,-45.3564453125,-49.4482421875,42.6611328125
26.4985978,-45.6982421875,-45.3466796875,53.6474609375
26.5255499,-46.3818359375,-42.0751953125,77.1337890625
26.5605439,-47.4072265625,-40.8544921875,99.5947265625
26.5873097,-47.7978515625,-39.5361328125,112.0458984375
26.6163606,-48.0908203125,-38.7548828125,113.8525390625
26.6454913,-45.1611328125,-38.3642578125,110.1904296875
26.6831898,-41.2548828125,-39.3408203125,104.6728515625
26.7056041,-38.1298828125,-39.4873046875,97.7880859375
26.7448548,-37.1533203125,-38.9501953125,90.1220703125
26.7685672,-37.4462890625,-38.5595703125,85.2392578125
26.7974963,-38.1787109375,-38.4130859375,84.4580078125
26.8370394,-38.2763671875,-38.7548828125,86.6064453125
26.8576046,-38.4228515625,-39.4384765625,89.4873046875
26.887731,-38.9599609375,-41.4404296875,89.9755859375
26.9227825,-39.3017578125,-43.1494140625,87.1923828125
26.9473037,-39.2041015625,-44.9560546875,82.2119140625
26.9806883,-39.4970703125,-46.7626953125,75.8154296875
27.009836,-39.2529296875,-48.6669921875,70.5419921875
27.0392207,-39.8876953125,-51.0107421875,64.7802734375
27.0719156,-40.6689453125,-52.4267578125,59.2138671875
27.0998418,-41.3525390625,-54.7705078125,54.8193359375
27.1267414,-42.8173828125,-56.2841796875,50.8154296875
27.1644553,-43.5986328125,-58.5302734375,46.9580078125
27.1870654,-44.6728515625,-58.9697265625,43.9794921875
27.2203616,-46.2841796875,-53.8916015625,40.8544921875
27.2520901,-47.2119140625,-47.7392578125,42.9541015625
27.2820461,-47.7001953125,-43.2958984375,62.2900390625
27.3080755,-48.1884765625,-41.5380859375,89.8779296875
27.3402182,-49.5556640625,-39.1943359375,111.8505859375
27.3710933,-50.0439453125,-37.5830078125,121.8115234375
27.4012513,-49.1650390625,-35.6787109375,122.3974609375
27.4312619,-45.7958984375,-36.4111328125,117.8564453125
27.4603417,-41.1572265625,-37.2412109375,112.0458984375
27.4932874,-38.9111328125,-36.8505859375,105.0146484375
27.5202909,-38.2763671875,-36.6064453125,98.3251953125
27.5502302,-37.9833984375,-36.1181640625,94.7119140625
27.5785003,-38.5693359375,-35.5322265625,94.9072265625
27.6118939,-38.4228515625,-36.9970703125,97.2509765625
27.6399248,-38.5693359375,-37.1435546875,99.3505859375
27.6734219,-39.4482421875,-38.9013671875,98.1298828125
27.7004134,-40.2783203125,-39.6826171875,95.2490234375
27.731328,-39.3017578125,-41.7822265625,90.0732421875
27.7653336,-39.4482421875,-43.1005859375,83.2373046875
27.7890812,-39.3017578125,-45.6396484375,76.9873046875
27.8202457,-40.0341796875,-47.6416015625,71.1767578125
27.8544624,-40.7666015625,-48.8134765625,65.3173828125
27.8813686,-41.8896484375,-50.4736328125,60.2880859375
27.9143709,-43.5498046875,-53.8427734375,57.4560546875
27.9427718,-43.9404296875,-55.1123046875,52.8662109375
27.9727771,-45.2099609375,-55.6005859375,50.1318359375
28.0049776,-46.6259765625,-50.9130859375,47.3486328125
28.0328801,-47.3095703125,-44.5166015625,49.3017578125
28.0617603,-48.3349609375,-40.6591796875,69.0283203125
28.0958936,-48.2861328125,-38.0224609375,97.2509765625
28.1467084,-49.4580078125,-36.2646484375,120.3466796875
28.1567143,-49.7021484375,-34.6533203125,129.7216796875
28.1836694,-49.8486328125,-33.2861328125,131.0888671875
28.2142234,-46.0888671875,-32.1142578125,126.4990234375
28.2422874,-41.4013671875,-33.1884765625,121.2255859375
28.2742634,-39.1552734375,-33.5302734375,114.2431640625
28.3052106,-38.1298828125,-33.3349609375,107.8955078125
28.3369046,-38.8623046875,-32.5048828125,103.4033203125
28.3781351,-38.4716796875,-32.7001953125,103.1103515625
28.3932552,-38.6181640625,-33.4326171875,105.2587890625
28.4262425,-38.5693359375,-34.7021484375,106.1865234375
28.4561954,-39.1552734375,-35.1416015625,105.1611328125
28.4842206,-39.6923828125,-36.9482421875,102.4267578125
28.517265,-39.3505859375,-38.4619140625,96.0791015625
28.5602004,-39.3994140625,-40.4150390625,89.3408203125
28.5774199,-39.3505859375,-41.5380859375,82.5537109375
28.6065316,-40.4248046875,-44.0283203125,76.4990234375
28.6497759,-41.3037109375,-45.3466796875,71.4208984375
28.6657774,-42.4755859375,-47.5439453125,66.7822265625
28.6978528,-43.7451171875,-48.2275390625,63.0712890625
28.7514683,-44.3310546875,-51.1572265625,59.5556640625
28.7573938,-44.7705078125,-52.2314453125,56.1376953125
28.8013318,-46.0400390625,-51.5478515625,53.3544921875
28.8315923,-46.7724609375,-45.6884765625,50.4736328125
28.8491095,-47.5537109375,-39.4873046875,57.3095703125
28.8948538,-47.8466796875,-35.6787109375,81.9677734375
28.9252057,-48.2373046875,-33.6767578125,109.4580078125
28.9387428,-48.7744140625,-31.1865234375,128.4521484375
28.9895891,-49.3603515625,-30.1123046875,134.9462890625
29.0220546,-49.0185546875,-28.5498046875,134.8486328125
29.0285213,-45.4052734375,-28.3056640625,130.6494140625
29.0659436,-40.5712890625,-29.5263671875,124.0576171875
29.0891488,-37.8857421875,-29.8681640625,117.8076171875
29.1256139,-37.2509765625,-28.4521484375,112.2412109375
29.1467964,-37.0068359375,-28.5498046875,109.5068359375
29.1909994,-36.8115234375,-28.3544921875,110.1416015625
29.2094733,-37.1533203125,-28.7939453125,112.3388671875
29.2586774,-36.7626953125,-30.1123046875,112.8271484375
29.2891047,-38.2763671875,-31.3330078125,110.5810546875
29.2977934,-37.6416015625,-32.6513671875,106.3818359375
29.3354044,-37.5927734375,-33.8720703125,100.3759765625
29.3585851,-37.5927734375,-36.2158203125,93.6376953125
29.3972615,-37.5927734375,-37.0947265625,87.3876953125
29.4185024,-38.0322265625,-39.3408203125,81.9677734375
29.4613642,-39.2529296875,-41.0009765625,76.6943359375
29.4817052,-40.6689453125,-42.6123046875,72.7880859375
29.5229206,-41.7431640625,-44.5166015625,69.8583984375
29.5424918,-43.1103515625,-46.3720703125,67.0751953125
29.5776764,-43.9404296875,-46.6650390625,63.9501953125
29.599709,-44.1845703125,-43.6376953125,60.3857421875
29.6380032,-45.2099609375,-36.9482421875,60.0439453125
29.6592605,-46.2353515625,-32.0654296875,75.8154296875
29.6973334,-46.3330078125,-29.9169921875,102.2802734375
29.7202041,-46.7724609375,-28.0126953125,125.0830078125
29.7611189,-47.0166015625,-25.9619140625,137.0947265625
29.7804766,-47.4072265625,-24.4482421875,138.9990234375
29.8166268,-45.9423828125,-24.3505859375,135.6787109375
29.8377471,-41.5966796875,-24.9365234375,130.2099609375
29.8789984,-37.6416015625,-25.5712890625,123.9599609375
29.8994252,-36.3232421875,-24.4970703125,117.0263671875
29.937206,-35.8837890625,-24.5458984375,112.0947265625
29.961228,-36.6162109375,-24.5947265625,112.8759765625
30.000174,-36.5673828125,-25.4248046875,114.7314453125
30.0222917,-36.3720703125,-27.0361328125,116.1474609375
30.0631584,-36.4697265625,-28.5498046875,114.2431640625
30.0834039,-37.2021484375,-29.4775390625,110.7763671875
30.1214457,-37.3974609375,-31.8212890625,104.0869140625
30.1407839,-36.5673828125,-33.4814453125,99.1552734375
30.174812,-36.4208984375,-35.0439453125,92.4658203125
30.2028434,-36.8115234375,-36.7041015625,87.2412109375
30.2433157,-37.3486328125,-38.6572265625,81.6748046875
30.2647058,-38.5693359375,-40.2685546875,78.0126953125
30.3036779,-39.4970703125,-41.7822265625,73.8134765625
30.3234803,-40.3271484375,-43.8330078125,70.5419921875
30.3606866,-41.1083984375,-43.6865234375,67.2705078125
30.3825946,-41.9873046875,-38.7060546875,64.3896484375
30.4211576,-42.7197265625,-32.7978515625,65.9521484375
30.4460047,-43.5009765625,-29.7705078125,84.3603515625
30.4871174,-43.8916015625,-27.6220703125,108.0908203125
30.5011004,-44.5751953125,-26.2548828125,125.9619140625
30.539906,-44.7705078125,-24.6435546875,132.7978515625
30.5621571,-45.3076171875,-24.1552734375,131.9189453125
30.6003978,-44.1357421875,-23.9599609375,127.7685546875
30.6340125,-39.4970703125,-25.5224609375,122.0068359375
30.6541578,-36.0302734375,-25.4248046875,115.7080078125
30.6954775,-35.3466796875,-25.5224609375,107.9931640625
30.7292683,-34.9560546875,-24.9365234375,104.8193359375
30.7456113,-35.4443359375,-25.7177734375,106.5283203125
30.7825545,-34.1748046875,-26.0595703125,107.8466796875
30.8057365,-34.7119140625,-28.3056640625,107.7978515625
30.8440257,-34.9072265625,-29.4775390625,105.7958984375
30.8695362,-35.5419921875,-31.1865234375,100.5712890625
30.9168872,-35.3466796875,-32.5537109375,94.7119140625
30.9374383,-34.5654296875,-34.6044921875,88.3642578125
30.9589769,-35.0048828125,-36.3134765625,83.0419921875
31.0129641,-35.1513671875,-38.2666015625,76.7431640625
31.0331433,-36.1279296875,-39.9755859375,72.0068359375
31.0472301,-37.4462890625,-41.6357421875,68.1982421875
31.0870627,-38.5205078125,-43.4912109375,64.8291015625
31.1076142,-38.9599609375,-44.9072265625,60.9228515625
31.143924,-39.5947265625,-44.9560546875,56.6748046875
31.1671093,-40.3759765625,-40.2685546875,53.8427734375
31.2039721,-41.4501953125,-34.7998046875,55.6982421875
31.2305268,-42.4755859375,-30.5517578125,72.6904296875
31.2668588,-43.0615234375,-28.2568359375,93.6865234375
31.288045,-43.7451171875,-26.5966796875,109.7509765625
31.325212,-44.4775390625,-24.6435546875,115.5126953125
31.3509838,-44.7216796875,-23.6181640625,113.8525390625
31.3875982,-43.3056640625,-23.9599609375,110.3857421875
31.4083597,-38.6669921875,-25.2783203125,106.0888671875
31.4449961,-35.2978515625,-25.4248046875,100.5712890625
31.4702871,-33.0517578125,-25.2294921875,95.1513671875
31.5072573,-33.0029296875,-25.5712890625,92.8076171875
31.5291295,-32.0751953125,-25.3759765625,94.0771484375
31.5681041,-33.0517578125,-25.4248046875,94.9072265625
31.5880785,-32.0263671875,-27.2802734375,94.3701171875
31.6254423,-32.7587890625,-29.2333984375,91.6845703125
31.6495185,-33.2958984375,-30.5517578125,87.9736328125
31.6868099,-33.1005859375,-31.9189453125,82.2119140625
31.7122515,-32.9541015625,-33.7255859375,76.6943359375
31.7508634,-33.0517578125,-35.0439453125,70.6396484375
31.7679181,-32.2705078125,-36.5576171875,65.9521484375
31.8099875,-32.9541015625,-38.2666015625,61.4599609375
31.8306934,-34.7119140625,-40.0244140625,57.5048828125
31.8722427,-35.9326171875,-42.0751953125,53.5009765625
31.8918016,-37.0556640625,-43.6865234375,50.2294921875
31.9279104,-37.6416015625,-44.6630859375,46.3720703125
31.9477051,-38.6669921875,-42.5146484375,42.6123046875
31.9861365,-39.7412109375,-36.1181640625,40.8544921875
32.0091911,-40.3759765625,-30.8447265625,47.4951171875
32.0472609,-40.5712890625,-27.2314453125,66.6845703125
32.0712094,-42.0849609375,-26.2060546875,84.7998046875
32.111931,-42.2314453125,-24.2529296875,93.8818359375
32.1334854,-42.5732421875,-22.2021484375,95.9814453125
32.1703938,-43.1103515625,-20.7861328125,93.4912109375
32.1911513,-40.5224609375,-22.4951171875,89.2919921875
32.2297352,-35.7373046875,-22.2998046875,86.1181640625
32.2510148,-32.8564453125,-22.0068359375,80.6005859375
32.2873832,-31.4892578125,-21.1279296875,77.5244140625
32.3121494,-31.4404296875,-21.8603515625,77.2802734375
32.3505178,-31.1962890625,-22.8369140625,77.8173828125
32.3749051,-30.8056640625,-22.7880859375,79.3310546875
32.4195652,-30.8544921875,-24.9365234375,78.7939453125
32.4297615,-30.9521484375,-25.8154296875,75.7177734375
32.4701207,-31.1474609375,-27.8662109375,71.8115234375
32.4931345,-30.7568359375,-29.4287109375,66.5869140625
32.5311137,-31.0009765625,-31.1865234375,61.9482421875
32.5536338,-31.2939453125,-33.2373046875,56.7236328125
32.5930941,-31.3916015625,-34.4580078125,52.6220703125
32.6147041,-32.6611328125,-37.0947265625,48.2275390625
32.6513444,-34.3701171875,-38.5595703125,45.4443359375
32.6908617,-35.9814453125,-40.3662109375,42.3681640625
32.7068927,-36.1767578125,-40.7080078125,39.0478515625
32.7333581,-37.2021484375,-36.3623046875,36.6064453125
32.7703825,-37.8369140625,-31.0400390625,36.9482421875
32.7972712,-39.6435546875,-26.7431640625,51.2060546875
32.8258231,-40.3271484375,-25.2783203125,68.4912109375
32.8547687,-40.7666015625,-24.2529296875,80.5517578125
32.8924933,-41.0595703125,-22.8369140625,84.7021484375
32.9181173,-41.7919921875,-21.6650390625,83.5302734375
32.9510653,-41.2060546875,-21.6162109375,79.8681640625
32.9774365,-37.4462890625,-23.6181640625,76.9873046875
33.0045096,-33.3935546875,-23.0810546875,72.0556640625
33.0405217,-31.0498046875,-22.9345703125,67.7587890625
33.0656073,-30.2685546875,-22.8369140625,66.0986328125
33.093579,-30.9033203125,-23.1787109375,67.6123046875
33.1276573,-30.0244140625,-23.9111328125,69.2724609375
33.1576202,-29.7314453125,-25.9130859375,70.1025390625
33.1856631,-30.5615234375,-27.4755859375,68.1982421875
33.2172613,-30.9521484375,-28.7939453125,64.8779296875
33.2538627,-31.1962890625,-30.1123046875,60.1416015625
33.2778488,-31.2451171875,-32.1142578125,55.5517578125
33.3081694,-30.4150390625,-34.5068359375,51.8896484375
33.3371644,-30.9521484375,-36.4111328125,47.7392578125
33.3696368,-31.3427734375,-37.5830078125,44.3212890625
33.3986522,-33.0029296875,-39.7802734375,40.5615234375
33.4271698,-34.4189453125,-41.6845703125,37.0947265625
33.454147,-35.8349609375,-39.2919921875,34.9951171875
33.491873,-35.9814453125,-34.2138671875,33.2373046875
33.5161666,-36.7626953125,-28.7451171875,40.6591796875
33.554976,-38.3251953125,-26.2060546875,59.2138671875
33.6082562,-38.8623046875,-25.0341796875,74.7900390625
33.6092167,-39.4970703125,-23.9599609375,83.0419921875
33.6382624,-40.3271484375,-22.4951171875,83.1884765625
33.6682445,-40.5712890625,-22.3486328125,80.9423828125
33.698768,-38.8623046875,-22.5439453125,78.3056640625
33.7499497,-34.0283203125,-23.7646484375,74.0576171875
33.7586116,-30.3662109375,-24.0087890625,69.0283203125
33.7915319,-29.6337890625,-22.9345703125,66.3916015625
33.8185202,-28.7060546875,-22.6416015625,67.0751953125
33.8685713,-29.2919921875,-24.1064453125,69.2724609375
33.8800714,-29.1455078125,-24.8876953125,70.3466796875
33.927898,-29.2431640625,-26.6943359375,69.7119140625
33.9389219,-30.9033203125,-27.9638671875,66.9287109375
33.9857439,-31.4892578125,-29.8681640625,62.6318359375
34.0065689,-30.4638671875,-31.0888671875,57.9443359375
34.032895,-30.6103515625,-32.9931640625,54.4775390625
34.0813604,-30.3173828125,-35.0439453125,50.2294921875
34.0887949,-31.0009765625,-37.2412109375,46.3720703125
34.1439895,-31.5380859375,-38.7548828125,43.2958984375
34.173609,-32.7587890625,-40.8056640625,39.8291015625
34.180742,-33.9794921875,-40.6103515625,37.7294921875
34.2264967,-34.7607421875,-36.6064453125,34.6533203125
34.2479903,-35.6396484375,-29.8193359375,35.8740234375
34.2866069,-36.1767578125,-26.3525390625,50.0341796875
34.3078386,-38.3740234375,-23.7158203125,68.9306640625
34.3622594,-38.3740234375,-22.2509765625,82.1630859375
34.3635285,-38.8623046875,-20.4443359375,88.0712890625
34.3953106,-39.4482421875,-19.4677734375,87.1435546875
34.437342,-39.4482421875,-18.8818359375,84.6533203125
34.458552,-36.4208984375,-20.4931640625,81.8212890625
34.5041454,-31.1474609375,-20.8349609375,78.6474609375
34.533177,-28.8525390625,-20.5419921875,74.3017578125
34.541137,-27.9736328125,-20.2490234375,72.7880859375
34.5889866,-28.2666015625,-20.5419921875,73.2763671875
34.6082784,-28.4619140625,-21.0302734375,74.4970703125
34.6494288,-28.1689453125,-23.0322265625,74.7412109375
34.6689434,-28.7548828125,-24.8388671875,72.9345703125
34.6956682,-29.6337890625,-27.0361328125,69.2724609375
34.7382567,-29.2431640625,-28.2080078125,65.5126953125
34.7598166,-29.1455078125,-30.0634765625,60.6298828125
34.800981,-29.2431640625,-31.6259765625,56.5283203125
34.82053,-29.7314453125,-33.5302734375,52.5244140625
34.8578155,-29.6337890625,-35.5810546875,48.4228515625
34.8779051,-30.9521484375,-37.2900390625,46.1767578125
34.9151123,-32.5634765625,-39.5361328125,42.3681640625
34.9363914,-33.9794921875,-40.5126953125,38.4619140625
34.9718532,-34.9072265625,-36.7529296875,36.5087890625
34.9941327,-36.2255859375,-30.4541015625,34.9951171875
35.0383794,-36.5185546875,-25.2294921875,45.9326171875
35.0593386,-37.5927734375,-22.2998046875,64.2919921875
35.0967227,-38.4716796875,-20.8837890625,79.0380859375
35.1191913,-38.9599609375,-18.1982421875,84.7998046875
35.1551857,-39.2041015625,-17.2216796875,85.2880859375
35.1754819,-39.5947265625,-16.6357421875,83.2373046875
35.2186745,-38.2763671875,-17.4658203125,80.8447265625
35.2396318,-33.0517578125,-17.8564453125,77.6708984375
35.2791108,-29.7314453125,-18.1982421875,73.5693359375
35.2990715,-28.9501953125,-17.1728515625,71.4697265625
35.335376,-29.0478515625,-17.4169921875,70.5419921875
35.35616,-28.5107421875,-18.1494140625,72.0068359375
35.3924381,-28.6572265625,-19.0771484375,72.6904296875
35.4172801,-28.7060546875,-20.1513671875,71.2255859375
35.4543531,-28.8037109375,-21.9091796875,67.8076171875
35.4778356,-29.7802734375,-22.8857421875,63.7548828125
35.5164705,-29.0966796875,-24.6923828125,59.6044921875
35.5391272,-29.1943359375,-26.6943359375,54.8193359375
35.5788345,-29.5361328125,-27.5244140625,50.5224609375
35.5994591,-29.7802734375,-29.5263671875,46.3232421875
35.6341909,-30.3173828125,-31.4306640625,42.9541015625
35.6609247,-31.2939453125,-32.8466796875,39.8291015625
35.6968001,-32.4658203125,-34.6044921875,36.7041015625
35.7214923,-33.7353515625,-35.8251953125,33.7255859375
35.7606935,-34.5166015625,-31.8701171875,30.8935546875
35.7812275,-34.4189453125,-26.1572265625,29.4775390625
35.8174245,-36.1279296875,-20.5419921875,37.9248046875
35.8400735,-36.5185546875,-17.4658203125,54.2333984375
35.8810614,-37.1533203125,-15.7080078125,67.7099609375
35.9017941,-37.1533203125,-13.2177734375,73.6669921875
35.9407435,-37.8857421875,-11.0693359375,74.3017578125
35.9646093,-38.7158203125,-10.8740234375,71.3720703125
35.9996266,-37.9345703125,-11.2646484375,69.4189453125
36.02179,-33.5888671875,-11.7041015625,67.1240234375
36.0617633,-29.8291015625,-11.5087890625,62.6806640625
36.0820447,-28.2177734375,-10.7763671875,60.9716796875
36.1206464,-28.7060546875,-10.4833984375,60.4345703125
36.1413266,-27.8271484375,-11.1181640625,61.5087890625
36.1822621,-27.6806640625,-12.1435546875,62.2412109375
36.2004014,-28.3154296875,-13.8037109375,60.5810546875
36.2397588,-28.6572265625,-15.4150390625,57.9443359375
36.2608171,-29.2919921875,-17.1728515625,53.4033203125
36.3014334,-28.9990234375,-18.4423828125,49.6923828125
36.3250443,-28.8037109375,-19.6630859375,45.3955078125
36.3616398,-29.3896484375,-21.6162109375,42.3193359375
36.3806474,-29.0966796875,-23.6669921875,37.4365234375
36.4183759,-30.0732421875,-25.3759765625,33.9208984375
36.4421378,-30.8056640625,-27.1826171875,30.9423828125
36.4789108,-31.9287109375,-27.8662109375,27.9638671875
36.5044562,-33.2958984375,-24.3017578125,24.8388671875
36.5446527,-34.1259765625,-18.2958984375,23.0810546875
36.5660483,-34.3701171875,-13.9501953125,31.9189453125
36.6015036,-35.5419921875,-11.2158203125,46.0791015625
36.6223862,-36.7138671875,-9.9462890625,57.7001953125
36.6598434,-37.1533203125,-8.5302734375,61.8505859375
36.6856445,-37.7392578125,-7.2119140625,61.8017578125
36.7253117,-38.3740234375,-7.7001953125,60.4833984375
36.7467498,-37.3486328125,-9.0185546875,58.2373046875
36.7815934,-33.7353515625,-9.8486328125,54.8681640625
36.8025019,-29.5849609375,-10.0439453125,50.2783203125
36.8412944,-28.9990234375,-9.2138671875,48.7158203125
36.8659186,-29.4873046875,-9.7509765625,48.8623046875
36.9048521,-29.5849609375,-10.9716796875,50.1318359375
36.9266839,-29.2431640625,-12.7294921875,50.3759765625
36.9638822,-29.5849609375,-14.1455078125,48.9111328125
36.9873339,-29.9755859375,-15.8544921875,45.5419921875
37.0250988,-30.3662109375,-17.2705078125,41.8798828125
37.0476527,-30.0732421875,-19.2724609375,38.5595703125
37.0904139,-30.2197265625,-20.8349609375,34.7509765625
37.1207573,-30.1220703125,-23.6669921875,31.2841796875
37.1367368,-30.3662109375,-24.8388671875,27.4755859375
37.1860187,-31.1474609375,-27.0849609375,24.2529296875
37.2149664,-31.8310546875,-28.7451171875,20.6396484375
37.2251113,-33.6376953125,-26.4013671875,17.7587890625
37.2636693,-34.0771484375,-21.0791015625,15.2197265625
37.2857921,-34.9072265625,-16.2451171875,20.0048828125
37.3239107,-35.6396484375,-13.3642578125,33.9697265625
37.3460606,-36.9580078125,-11.0205078125,47.3486328125
37.3873771,-37.9833984375,-9.9462890625,54.7705078125
37.4080398,-38.2275390625,-8.7744140625,55.9912109375
37.443924,-37.6416015625,-8.9697265625,54.2333984375
37.4666859,-37.5439453125,-10.2392578125,52.5732421875
37.5068835,-35.8837890625,-10.6298828125,50.2783203125
37.5268901,-31.2939453125,-10.7763671875,46.0302734375
37.5786184,-29.6337890625,-11.0205078125,43.3935546875
37.5977503,-29.1943359375,-10.9228515625,42.7587890625
37.6189758,-28.9501953125,-12.2412109375,44.6630859375
37.6595332,-28.7548828125,-13.7548828125,44.6142578125
37.6888149,-28.5107421875,-16.0009765625,43.6865234375
37.7118546,-29.2919921875,-17.3193359375,41.3427734375
37.750203,-29.9267578125,-19.2236328125,37.5830078125
37.771719,-30.1708984375,-20.3955078125,33.0908203125
37.810368,-30.3173828125,-23.0322265625,29.6728515625
37.8284566,-29.4384765625,-24.3017578125,25.6201171875
37.8639968,-29.9267578125,-26.7919921875,22.3486328125
37.8891752,-29.7802734375,-29.0869140625,19.2724609375
37.9273703,-31.4892578125,-30.9912109375,15.2197265625
37.9504036,-32.2216796875,-32.5048828125,13.4130859375
37.9872879,-33.9794921875,-32.3095703125,9.8974609375
38.0110334,-34.7119140625,-27.0849609375,6.5283203125
38.0493759,-35.3955078125,-21.3720703125,8.2861328125
38.0704164,-36.4208984375,-17.2216796875,20.9326171875
38.1055461,-37.0068359375,-15.3173828125,34.6044921875
38.1301803,-38.0322265625,-13.8037109375,44.1259765625
38.1705054,-39.1552734375,-11.8505859375,47.9345703125
38.1927536,-39.1552734375,-11.1669921875,46.8115234375
38.2215803,-40.0830078125,-11.7041015625,45.0048828125
38.2691905,-38.4228515625,-12.7294921875,44.0283203125
38.2817521,-34.1748046875,-13.5595703125,41.1474609375
38.3199282,-30.7080078125,-13.3642578125,38.2177734375
38.3431635,-30.2197265625,-13.5595703125,37.3388671875
38.3808329,-29.9755859375,-14.6337890625,37.9736328125
38.4017528,-29.6826171875,-15.8544921875,38.6083984375
38.4399258,-29.3408203125,-17.4658203125,37.5830078125
38.4629112,-29.4384765625,-19.4189453125,35.9228515625
38.4928622,-29.5361328125,-21.6650390625,32.2607421875
38.5254561,-29.9755859375,-22.9345703125,29.3798828125
38.5533785,-30.4150390625,-25.3759765625,24.5947265625
38.5844512,-30.0244140625,-27.0361328125,21.2255859375
38.614369,-30.2685546875,-29.4287109375,17.9052734375
38.6414404,-30.3173828125,-30.8447265625,13.7548828125
38.6778806,-31.0009765625,-32.7001953125,11.1669921875
38.705545,-32.8564453125,-34.1650390625,9.2138671875
38.7334782,-33.3447265625,-35.6298828125,5.4541015625
38.7654861,-34.5166015625,-36.2158203125,3.0615234375
38.7936232,-35.7861328125,-32.6025390625,0.0341796875
38.8265698,-36.1279296875,-26.2060546875,-1.3330078125
38.8752414,-36.9091796875,-21.0302734375,7.2607421875
38.8935806,-37.8857421875,-18.1494140625,22.6416015625
38.915734,-38.2763671875,-16.3916015625,33.7255859375
38.9459907,-39.2041015625,-14.5849609375,37.6318359375
38.9739653,-39.3505859375,-12.9736328125,38.3642578125
39.0088954,-40.5224609375,-13.1201171875,36.3134765625
39.0348065,-40.8642578125,-13.9501953125,34.9951171875
39.0650623,-37.1533203125,-14.2919921875,32.9931640625
39.1133752,-32.3681640625,-14.4384765625,29.1845703125
39.1249927,-30.5615234375,-14.4384765625,26.8896484375
39.1543503,-30.0244140625,-14.7802734375,27.4755859375
39.1881447,-30.1708984375,-15.4638671875,28.4521484375
39.2160044,-29.2431640625,-17.2216796875,29.1845703125
39.2658038,-29.2431640625,-18.8818359375,26.7919921875
39.2797651,-29.5361328125,-20.5419921875,24.3505859375
39.3057696,-29.4384765625,-22.2998046875,20.4443359375
39.3384688,-30.2685546875,-24.2041015625,16.9775390625
39.3674971,-29.8779296875,-26.3525390625,14.1943359375
39.3971143,-30.1220703125,-27.2802734375,10.3369140625
39.4300746,-30.0732421875,-29.0380859375,7.4072265625
39.474289,-30.5615234375,-30.6005859375,4.8193359375
39.4945225,-31.2451171875,-33.2861328125,1.6943359375
39.5480957,-32.5146484375,-34.5556640625,-0.5517578125
39.5490311,-34.0771484375,-36.0205078125,-3.2861328125
39.5781619,-34.5654296875,-34.8974609375,-5.8740234375
39.6106212,-35.1513671875,-30.3076171875,-9.3896484375
39.6571194,-36.4208984375,-24.3017578125,-7.0947265625
39.6900493,-37.3974609375,-21.0302734375,4.5751953125
39.6990866,-38.3251953125,-18.5888671875,17.5634765625
39.7450821,-38.7646484375,-17.5146484375,26.1572265625
39.7655372,-39.2041015625,-16.0498046875,28.5986328125
39.7895031,-40.0830078125,-14.8291015625,27.8662109375
39.8357225,-41.3525390625,-15.1220703125,25.6201171875
39.8563298,-41.0107421875,-16.1962890625,24.0087890625
39.8944822,-36.2255859375,-16.4404296875,20.3955078125
39.9152232,-31.4404296875,-15.7080078125,17.9541015625
39.9537176,-30.7080078125,-15.3173828125,16.7333984375
39.9741421,-30.9033203125,-16.3427734375,18.4423828125
40.0141428,-30.2197265625,-17.3681640625,19.2724609375
40.0357767,-29.9755859375,-19.2236328125,18.5400390625
40.0725832,-30.1708984375,-20.9326171875,17.8076171875
40.094054,-30.7568359375,-22.1533203125,14.6337890625
40.1346096,-30.9033203125,-24.0087890625,11.4111328125
40.153887,-30.9033203125,-26.5478515625,8.2861328125
40.1963318,-30.5615234375,-28.1103515625,5.3076171875
40.2162958,-30.8544921875,-30.3564453125,2.2802734375
40.2537328,-30.8544921875,-32.5537109375,-0.6005859375
40.2751818,-31.3427734375,-34.3603515625,-3.6279296875
40.3099506,-32.1240234375,-36.6064453125,-5.9228515625
40.3327101,-33.7841796875,-37.2900390625,-7.6806640625
40.3750866,-34.6142578125,-33.6767578125,-10.6591796875
40.3972744,-35.1025390625,-28.0615234375,-11.0009765625
40.4345079,-36.2255859375,-23.7158203125,-2.4072265625
40.4555475,-37.2509765625,-21.7626953125,11.7529296875
40.4930203,-38.1298828125,-20.7373046875,22.2998046875
40.5139416,-37.7880859375,-19.2724609375,26.4501953125
40.5516001,-39.0087890625,-18.6865234375,25.9130859375
40.5779165,-39.5947265625,-19.2724609375,23.7158203125
40.6141585,-39.8876953125,-20.2978515625,22.5927734375
40.6360555,-38.8623046875,-21.5185546875,19.9072265625
40.6779616,-33.4423828125,-20.8349609375,16.8798828125
40.7079084,-30.1708984375,-20.3466796875,15.1220703125
40.7250634,-30.5615234375,-21.4697265625,15.9521484375
40.771117,-30.4150390625,-22.6416015625,17.6123046875
40.7913048,-31.1962890625,-24.0576171875,18.0029296875
40.8280794,-30.1708984375,-25.4736328125,16.8310546875
40.8482013,-30.6591796875,-27.9638671875,15.0244140625
40.8853059,-31.9287109375,-29.5263671875,11.6064453125
40.9073896,-31.4404296875,-32.0166015625,8.5791015625
40.9461321,-31.0009765625,-33.2861328125,5.1123046875
40.9757929,-30.9033203125,-36.2646484375,2.3291015625
41.0122369,-30.8544921875,-37.0947265625,-1.1865234375
41.032391,-31.8798828125,-39.8779296875,-3.6767578125
41.0708309,-32.2705078125,-41.6357421875,-4.9462890625
41.0911885,-33.8330078125,-43.6376953125,-7.5830078125
41.1312696,-34.6142578125,-41.0498046875,-10.1220703125
41.1517221,-35.5908203125,-36.0205078125,-11.8310546875
41.1905921,-36.4697265625,-29.8193359375,-8.2666015625
41.2111984,-38.3740234375,-26.7431640625,5.6982421875
41.2474917,-38.9111328125,-26.1083984375,19.9560546875
41.2740407,-39.8876953125,-24.2529296875,29.4775390625
41.3172668,-39.8388671875,-23.2275390625,32.2119140625
41.3294232,-40.6201171875,-22.0556640625,32.1142578125
41.3676181,-41.3525390625,-23.8623046875,30.6005859375
41.3880292,-40.5224609375,-24.4970703125,29.2822265625
41.4273351,-37.8857421875,-25.0341796875,26.3525390625
41.4611262,-33.1982421875,-24.8876953125,23.9599609375
41.4820786,-30.9521484375,-25.1318359375,23.6669921875
41.519295,-31.0498046875,-26.4990234375,24.5947265625
41.5410137,-31.1962890625,-27.3779296875,26.3037109375
41.5896735,-30.6591796875,-29.2822265625,26.7431640625
41.610598,-30.6591796875,-30.7470703125,25.1806640625
41.6288389,-30.8544921875,-33.2373046875,22.2509765625
41.6601067,-31.9775390625,-35.0927734375,19.3212890625
41.6966962,-31.7822265625,-36.9482421875,15.2685546875
41.7222631,-31.5380859375,-38.7548828125,12.2900390625
41.7607733,-32.3193359375,-40.6591796875,8.9697265625
41.7828951,-32.4658203125,-42.8564453125,6.0400390625
41.8370002,-32.5634765625,-44.5166015625,3.5009765625
41.8577156,-33.9306640625,-46.8603515625,1.4013671875
41.8686101,-35.8349609375,-48.6669921875,-1.1376953125
41.9065305,-36.5673828125,-49.0576171875,-4.4091796875
41.9300668,-37.6416015625,-44.3701171875,-6.6552734375
41.9693131,-38.2763671875,-38.4130859375,-7.4853515625
41.9926835,-39.6435546875,-33.3349609375,3.7939453125
42.031009,-40.8154296875,-31.7724609375,20.6396484375
42.051488,-41.2548828125,-29.4287109375,34.9462890625
42.0901331,-41.6455078125,-27.8662109375,40.7568359375
42.1188391,-42.0849609375,-26.8896484375,41.7333984375
42.1670033,-42.9638671875,-27.5244140625,40.7080078125
42.1883138,-43.5498046875,-28.0126953125,38.8037109375
42.2071698,-42.3291015625,-28.8916015625,37.4853515625
42.2412975,-37.7392578125,-28.9892578125,34.0185546875
42.2619392,-33.2958984375,-28.8916015625,32.2607421875
42.3082055,-32.3681640625,-28.1103515625,32.9931640625
42.3282407,-32.2216796875,-29.5263671875,34.3603515625
42.3636042,-32.0751953125,-30.7470703125,36.1181640625
42.3839456,-31.7333984375,-32.5537109375,34.3115234375
42.4229765,-31.8310546875,-33.8720703125,32.2607421875
42.4431017,-32.2216796875,-35.1904296875,28.8427734375
42.47801,-33.3447265625,-36.8017578125,24.8876953125
42.5048651,-32.8564453125,-39.4873046875,20.9814453125
42.5463134,-32.6123046875,-40.4150390625,17.1728515625
42.5653646,-32.5634765625,-42.1728515625,13.8037109375
42.6053443,-32.7587890625,-44.3701171875,10.3369140625
42.6278026,-33.4912109375,-46.2744140625,6.9677734375
42.6711089,-35.4443359375,-48.0322265625,5.0634765625
42.6925487,-35.9814453125,-49.2041015625,1.7431640625
42.718839,-37.4951171875,-49.2041015625,-0.7958984375
42.7657226,-38.9599609375,-44.0771484375,-3.4326171875
42.7960124,-39.5947265625,-37.8759765625,-4.9462890625
42.8056266,-40.7666015625,-33.0908203125,5.2587890625
42.8592726,-41.6455078125,-30.8935546875,21.3232421875
42.8801755,-42.2802734375,-29.0380859375,33.8720703125
42.8990273,-42.3291015625,-26.8896484375,39.4873046875
42.9382838,-43.2080078125,-26.1083984375,38.8037109375
42.9592856,-43.2080078125,-25.5712890625,36.6552734375
42.9955466,-44.8681640625,-26.8408203125,34.7021484375
43.0146668,-43.4521484375,-26.8896484375,32.4560546875
43.0539968,-39.6435546875,-27.0361328125,28.1591796875
43.0762372,-34.9072265625,-26.3037109375,25.9619140625
43.1171315,-33.4912109375,-26.3525390625,25.4736328125
43.1409117,-33.8818359375,-27.3291015625,26.4013671875
43.1784493,-34.1259765625,-28.4521484375,27.5732421875
43.2014755,-33.6865234375,-29.6728515625,26.0595703125
43.2395258,-34.1259765625,-31.4794921875,23.7158203125
43.2576537,-33.8818359375,-33.1884765625,19.4189453125
43.2943761,-34.5166015625,-35.3369140625,15.6591796875
43.3187732,-35.2978515625,-36.4111328125,11.9482421875
43.3572075,-34.0771484375,-39.0478515625,9.0673828125
43.38135,-33.9306640625,-40.1708984375,4.7705078125
43.417769,-34.5166015625,-42.3681640625,2.0361328125
43.4399925,-34.8583984375,-43.9306640625,-1.2841796875
43.4764261,-36.4208984375,-46.0791015625,-3.5302734375
43.500932,-37.7880859375,-45.9814453125,-6.3623046875
43.5372044,-38.5693359375,-42.2216796875,-9.5849609375
43.5621645,-39.6435546875,-36.4599609375,-10.6591796875
43.5921694,-40.0830078125,-32.0166015625,-1.9677734375
43.6295727,-41.9873046875,-29.8193359375,12.6806640625
43.6513214,-42.0361328125,-27.8173828125,25.2783203125
43.6883691,-42.5244140625,-26.9873046875,30.6494140625
43.7148959,-43.5009765625,-26.5478515625,29.8681640625
43.7418051,-43.6474609375,-27.3779296875,27.2314453125
43.774935,-44.4287109375,-27.8662109375,25.0341796875
43.8019625,-44.2822265625,-28.5498046875,21.8603515625
43.8338716,-40.7666015625,-28.2080078125,17.0751953125
43.8669171,-36.4697265625,-27.8662109375,15.8056640625
43.8938558,-34.8583984375,-28.0615234375,15.2685546875
43.9233581,-34.8095703125,-29.7705078125,17.4169921875
43.9549276,-34.2236328125,-31.2841796875,17.5634765625
43.9820918,-34.6142578125,-32.9443359375,17.2705078125
44.016789,-34.4189453125,-34.0673828125,15.0244140625
44.0437456,-34.9072265625,-36.0693359375,11.3134765625
44.0737201,-35.5419921875,-37.5830078125,7.4072265625
44.102759,-36.0791015625,-40.0244140625,3.6962890625
44.1394983,-35.6884765625,-41.1962890625,0.4248046875
44.1649885,-35.6396484375,-43.8818359375,-3.1396484375
44.1969885,-35.2001953125,-45.5908203125,-6.5576171875
44.2245157,-36.3720703125,-47.6904296875,-8.8525390625
44.2563949,-37.3974609375,-49.5458984375,-11.1474609375
44.28546,-38.8134765625,-47.6416015625,-13.9306640625
44.3134716,-39.6923828125,-41.2451171875,-16.3720703125
44.3447646,-40.0341796875,-36.1669921875,-12.8564453125
44.3778486,-41.3525390625,-32.9443359375,1.5966796875
44.404834,-42.7685546875,-31.6259765625,16.4404296875
44.4332911,-43.5498046875,-29.9658203125,26.3525390625
44.4652984,-43.8427734375,-28.8916015625,29.1357421875
44.4962923,-44.7216796875,-28.0615234375,27.3291015625
44.5283487,-44.5263671875,-29.6728515625,25.2783203125
44.5573349,-45.3564453125,-30.6005859375,22.5927734375
44.5862242,-44.4287109375,-30.3564453125,18.5888671875
44.6182689,-39.7412109375,-30.2099609375,16.5869140625
44.6473156,-36.0302734375,-30.8447265625,15.1220703125
44.6913321,-34.6142578125,-32.0654296875,15.9033203125
44.7061139,-34.7119140625,-31.9189453125,18.2470703125
44.7371783,-35.3466796875,-34.3603515625,18.5400390625
44.7691342,-35.8837890625,-35.6298828125,17.2705078125
44.800078,-35.5419921875,-37.3876953125,14.8779296875
44.843028,-36.4697265625,-39.7802734375,10.7763671875
44.8554637,-36.4208984375,-41.5869140625,6.7724609375
44.8891361,-36.7626953125,-43.7353515625,3.3544921875
44.935662,-36.2744140625,-45.8837890625,-0.2587890625
44.9511551,-36.7626953125,-47.4462890625,-2.9443359375
44.9959399,-36.8603515625,-49.7900390625,-7.0458984375
45.0129736,-37.4462890625,-51.2060546875,-9.1455078125
45.0511146,-38.1298828125,-53.3544921875,-11.6357421875
45.0682249,-39.3994140625,-52.4755859375,-14.4189453125
45.1151864,-40.9619140625,-46.0302734375,-16.5185546875
45.1311645,-42.1337890625,-40.2197265625,-15.2490234375
45.1889058,-42.4755859375,-36.0205078125,-1.6748046875
45.2211036,-44.1845703125,-34.3115234375,16.6357421875
45.2222479,-44.9658203125,-33.0419921875,30.2587890625
45.2627914,-45.0634765625,-31.4794921875,34.8974609375
45.2816821,-46.1865234375,-30.8447265625,35.3857421875
45.3229465,-46.2841796875,-31.1865234375,33.5791015625
45.3400941,-46.8701171875,-31.8701171875,32.1142578125
45.3840166,-47.7490234375,-32.5537109375,29.3798828125
45.3999803,-43.3544921875,-31.7236328125,25.0830078125
45.4429724,-38.3740234375,-31.9677734375,23.6181640625
45.4645388,-36.0302734375,-31.6259765625,24.4970703125
45.4999371,-36.2255859375,-33.3349609375,27.4267578125
45.5242225,-36.2744140625,-34.1162109375,28.1103515625
45.5588756,-36.3720703125,-36.4599609375,27.3291015625
45.5821022,-35.7861328125,-38.1689453125,24.8388671875
45.6323836,-35.7861328125,-40.1708984375,20.9326171875
45.6623819,-36.6650390625,-41.6357421875,17.1728515625
45.6732748,-37.5439453125,-44.0283203125,13.0712890625
45.7263556,-36.9091796875,-45.5908203125,9.0185546875
45.7573951,-36.9091796875,-47.4951171875,5.0146484375
45.7622804,-36.6650390625,-48.9599609375,3.2080078125
45.8053119,-37.5439453125,-50.8642578125,0.5224609375
45.8241885,-38.3251953125,-52.5244140625,-2.1142578125
45.860924,-39.7412109375,-54.1845703125,-5.0439453125
45.8840177,-40.9130859375,-52.4267578125,-8.2666015625
45.9200559,-41.4990234375,-47.2509765625,-10.6103515625
45.9453182,-42.8662109375,-40.8056640625,-10.3173828125
45.98314,-43.7451171875,-36.6552734375,3.4033203125
46.0027326,-45.1123046875,-34.1162109375,22.4462890625
46.0395341,-45.5029296875,-32.6513671875,38.0224609375
46.0610525,-45.7958984375,-31.3330078125,44.0771484375
46.1024183,-46.0400390625,-29.1357421875,44.9560546875
46.1224684,-46.8701171875,-29.3798828125,41.8798828125
46.1597496,-47.5537109375,-30.7958984375,40.3662109375
46.1855183,-47.9443359375,-30.0146484375,37.2412109375
46.2210477,-45.2099609375,-29.9169921875,33.5302734375
46.2414057,-39.9365234375,-29.3310546875,31.2353515625
46.2766179,-36.4208984375,-29.7216796875,31.9189453125
46.3046766,-36.3232421875,-30.4052734375,33.6767578125
46.3441432,-36.4697265625,-31.9677734375,35.6298828125
46.3684632,-36.2255859375,-32.9443359375,34.9462890625
46.4056481,-36.8115234375,-34.6533203125,33.4814453125
46.4255117,-36.3232421875,-36.4111328125,28.7939453125
46.4610914,-37.0556640625,-38.3154296875,24.3505859375
46.4861233,-37.2021484375,-40.0732421875,20.2978515625
46.526754,-37.6904296875,-41.7333984375,16.1474609375
46.5470221,-37.9345703125,-43.8330078125,12.0947265625
46.5884551,-37.2509765625,-45.2978515625,8.1884765625
46.6085289,-38.1298828125,-47.4951171875,5.5517578125
46.6461768,-38.1787109375,-50.2783203125,2.9150390625
46.6690363,-40.2783203125,-50.7177734375,0.4736328125
46.7095188,-41.0595703125,-46.5185546875,-1.7724609375
46.7303157,-41.3525390625,-40.2685546875,-4.7021484375
46.7706836,-42.7197265625,-35.4345703125,3.4033203125
46.7908604,-43.1103515625,-33.1884765625,21.9091796875
46.8281607,-45.4541015625,-31.7236328125,39.2431640625
46.8482569,-45.1611328125,-30.3076171875,48.5693359375
46.8897342,-45.4541015625,-29.7216796875,51.3037109375
46.9090493,-46.4306640625,-28.7939453125,49.3994140625
46.9526323,-46.2353515625,-29.8193359375,46.2255859375
46.9716378,-47.4560546875,-30.8935546875,42.2216796875
47.0144514,-46.9189453125,-30.3564453125,38.2177734375
47.0458851,-43.2080078125,-30.0146484375,36.1181640625
47.0578173,-38.3251953125,-29.5263671875,34.3603515625
47.0939886,-36.8603515625,-30.7470703125,37.2412109375
47.1195303,-36.5185546875,-32.1630859375,40.0244140625
47.1552992,-36.9580078125,-33.6767578125,40.0244140625
47.182239,-37.2509765625,-35.3369140625,38.6572265625
47.2198942,-37.2998046875,-36.7041015625,34.4580078125
47.240678,-37.9833984375,-38.9501953125,30.7958984375
47.2806082,-38.8623046875,-41.5869140625,26.4501953125
47.3019811,-38.0322265625,-43.1005859375,21.9091796875
47.3413104,-37.8857421875,-44.9560546875,18.1005859375
47.3616286,-37.5927734375,-47.5927734375,15.0732421875
47.3982543,-38.2275390625,-49.3505859375,12.2900390625
47.424334,-39.0087890625,-51.4501953125,8.8232421875
47.4609697,-39.7412109375,-48.6669921875,6.7236328125
47.4820388,-41.3037109375,-43.0029296875,4.2822265625
47.5206034,-42.1826171875,-37.9736328125,8.2373046875
47.5406608,-42.3291015625,-34.4580078125,24.6435546875
47.5756947,-43.4521484375,-32.8955078125,43.8818359375
47.6032752,-44.0380859375,-31.5283203125,58.0419921875
47.6399652,-44.6728515625,-30.1611328125,63.4619140625
47.6615415,-45.6982421875,-30.5029296875,61.8994140625
47.7006575,-46.0888671875,-31.0888671875,58.7744140625
47.7209539,-46.9677734375,-32.1630859375,55.3564453125
47.7588128,-46.9677734375,-32.2119140625,50.2294921875
47.7822804,-44.0869140625,-31.3818359375,47.0556640625
47.8175993,-39.9853515625,-31.6748046875,44.8583984375
47.8439126,-37.2021484375,-31.6259765625,46.6650390625
47.8790501,-36.1279296875,-33.4814453125,50.0830078125
47.9014789,-36.4208984375,-34.8974609375,50.9130859375
47.9377135,-36.5673828125,-36.8994140625,49.8388671875
47.9626942,-37.0068359375,-38.3154296875,46.2255859375
48.0010217,-37.0556640625,-39.9755859375,42.6123046875
48.0321374,-38.1787109375,-41.2451171875,38.2666015625
48.0551941,-37.7392578125,-43.9794921875,34.0185546875
48.0964694,-37.8857421875,-45.7373046875,30.2099609375
48.116913,-37.9833984375,-47.8369140625,26.1083984375
48.1449265,-37.6904296875,-49.5947265625,22.0556640625
48.1832343,-37.9345703125,-51.7919921875,20.2001953125
48.2054513,-39.2041015625,-52.5732421875,16.1474609375
48.2454475,-40.0830078125,-46.6650390625,13.9990234375
48.2673611,-41.6943359375,-39.7314453125,12.6806640625
48.304156,-41.8896484375,-36.3623046875,24.6435546875
48.3282643,-43.0615234375,-33.6767578125,46.3232421875
48.3562342,-43.4521484375,-33.1884765625,66.4892578125
48.3935041,-45.0634765625,-31.0888671875,77.0361328125
48.4280503,-45.4541015625,-30.2099609375,80.0634765625
48.4466617,-45.9912109375,-30.2587890625,77.8173828125
48.4912653,-46.0888671875,-31.7724609375,75.0341796875
48.5086579,-46.8701171875,-31.7724609375,70.9814453125
48.5366997,-46.1865234375,-31.9189453125,66.0498046875
48.5747425,-41.7431640625,-31.2841796875,62.9736328125
48.59845,-38.0322265625,-31.4794921875,62.3876953125
48.6352772,-35.6396484375,-31.9677734375,64.9755859375
48.6599878,-35.8837890625,-33.2861328125,67.0751953125
48.6890561,-35.8349609375,-34.8486328125,66.9775390625
48.7170533,-35.8349609375,-36.7529296875,64.4873046875
48.754252,-35.8837890625,-38.6083984375,60.2392578125
48.7775083,-35.8349609375,-39.6826171875,55.6494140625
48.8065614,-36.8603515625,-42.8076171875,50.6689453125
48.8404568,-36.1279296875,-43.4912109375,46.3720703125
48.8694704,-36.6650390625,-45.2001953125,41.6357421875
48.9025555,-36.2744140625,-46.8115234375,37.7294921875
48.929419,-37.0556640625,-48.6669921875,34.8486328125
48.9673046,-36.4697265625,-50.8154296875,31.4306640625
48.9900414,-38.3740234375,-50.4736328125,28.5498046875
49.0211167,-38.9111328125,-45.7861328125,24.8876953125
49.0496003,-39.8388671875,-39.0478515625,23.5205078125
49.0910662,-40.8642578125,-34.7509765625,34.0185546875
49.1090212,-41.8408203125,-32.4560546875,56.8701171875
49.1466772,-42.8662109375,-31.1376953125,77.8173828125
49.1726464,-43.7939453125,-29.1357421875,90.9033203125
49.2008527,-44.1845703125,-27.5244140625,94.7607421875
49.2321258,-43.7451171875,-27.8662109375,92.0751953125
49.2641799,-45.0146484375,-29.2333984375,88.6083984375
49.2914654,-45.1611328125,-28.8916015625,84.7021484375
49.3245356,-45.2587890625,-28.6474609375,78.5986328125
49.3525156,-42.2802734375,-28.4521484375,75.0830078125
49.3855113,-37.3486328125,-28.5009765625,73.9111328125
49.4139444,-34.6142578125,-29.5751953125,75.3759765625
49.4428846,-35.1513671875,-30.4052734375,77.2314453125
49.4749128,-35.0048828125,-31.6259765625,77.1826171875
49.5049606,-34.0771484375,-33.3837890625,74.4482421875
49.5318472,-34.1259765625,-34.8974609375,69.8095703125
49.5650958,-34.4677734375,-37.3388671875,65.1708984375
49.5941714,-35.1025390625,-38.5107421875,59.4091796875
49.6221371,-35.9326171875,-40.6591796875,55.2587890625
49.6550768,-35.1513671875,-42.8076171875,50.0830078125
49.6860767,-35.2490234375,-43.7353515625,46.0302734375
49.713033,-34.9072265625,-45.8837890625,41.9775390625
49.7462916,-35.0048828125,-47.4462890625,39.1455078125
49.7742068,-36.3232421875,-48.5693359375,35.9716796875
49.8080744,-37.2998046875,-43.6865234375,32.5537109375
49.834265,-38.6181640625,-37.9248046875,29.5263671875
49.8642921,-39.6435546875,-33.5791015625,37.1923828125
49.8962175,-40.2294921875,-31.2841796875,57.9931640625
49.9262762,-40.8154296875,-29.4287109375,77.9150390625
49.9543789,-41.2548828125,-27.9638671875,88.8037109375
49.9883136,-42.4755859375,-26.8896484375,91.3916015625
50.0163038,-42.6708984375,-27.7197265625,88.6083984375
50.049854,-43.3544921875,-28.4521484375,83.6767578125
50.0778417,-43.5498046875,-28.8427734375,78.8916015625
50.1061919,-44.1357421875,-28.7451171875,72.6416015625
50.1386915,-41.7919921875,-28.7939453125,68.1982421875
50.1655659,-37.0068359375,-29.0380859375,67.4169921875
50.1977558,-33.7353515625,-29.5263671875,69.2236328125
50.2286274,-33.4423828125,-30.9423828125,71.2744140625
50.258587,-33.8330078125,-32.9443359375,70.8349609375
50.2905876,-33.3935546875,-33.9208984375,68.0517578125
50.3211112,-33.5888671875,-35.9716796875,63.7548828125
50.3457994,-33.7353515625,-37.8759765625,58.7255859375
50.3759577,-34.6630859375,-40.1708984375,52.8662109375
50.4100019,-34.6142578125,-41.9775390625,48.2275390625
50.4566346,-33.9794921875,-44.2724609375,43.5888671875
50.4764627,-34.2724609375,-46.3232421875,40.2197265625
50.5010945,-33.3447265625,-48.9111328125,35.8251953125
50.5378276,-34.1748046875,-50.3759765625,32.3583984375
50.5596567,-34.6142578125,-49.9365234375,29.0869140625
50.5996402,-36.0791015625,-44.4189453125,26.4013671875
50.6175646,-37.4462890625,-38.5595703125,25.4736328125
50.6587945,-37.9833984375,-35.4833984375,38.7548828125
50.6786037,-39.1064453125,-33.5302734375,59.8974609375
50.7216807,-39.5458984375,-32.2119140625,75.9130859375
50.7427621,-40.5224609375,-31.0400390625,82.8955078125
50.7786104,-41.6455078125,-30.4052734375,82.7490234375
50.8029731,-41.9873046875,-31.0400390625,79.4775390625
50.8420884,-42.2314453125,-31.8701171875,75.1318359375
50.8599805,-43.1591796875,-31.8212890625,68.9794921875
50.9007371,-43.4033203125,-32.3583984375,63.5107421875
50.9212748,-39.7900390625,-32.1630859375,60.6787109375
50.9583764,-35.7373046875,-32.7490234375,61.1181640625
50.9810422,-33.5888671875,-33.7744140625,63.8037109375
51.0157977,-32.4658203125,-35.0439453125,64.4873046875
51.0445104,-32.9541015625,-36.4111328125,63.7060546875
51.0808855,-32.6611328125,-37.8271484375,60.4833984375
51.0997521,-32.9052734375,-40.5615234375,55.5517578125
51.1410767,-33.6865234375,-41.7822265625,49.4482421875
51.1627569,-34.0771484375,-43.9306640625,45.7861328125
51.2006263,-34.3212890625,-46.0791015625,40.7080078125
51.2246812,-33.9306640625,-48.1787109375,36.2646484375
51.2618433,-33.3447265625,-50.3271484375,32.1630859375
51.2847748,-33.9306640625,-52.5732421875,28.6474609375
51.3212876,-33.2958984375,-54.3310546875,25.8642578125
51.3416451,-35.0537109375,-54.1845703125,22.7392578125
51.3898727,-36.2744140625,-49.6923828125,19.4677734375
51.4033035,-37.7392578125,-43.0029296875,17.0263671875
51.4405252,-38.4228515625,-38.1689453125,27.7685546875
51.4651904,-39.1552734375,-36.2646484375,51.0107421875
51.5041762,-40.2783203125,-34.0673828125,69.9560546875
51.5263341,-41.5966796875,-32.9931640625,80.5029296875
51.5652806,-42.3779296875,-31.3818359375,83.2373046875
51.5846714,-43.0126953125,-31.6748046875,80.7958984375
51.6218702,-43.1591796875,-32.6513671875,76.6455078125
51.6457528,-43.6474609375,-33.7255859375,73.0322265625
51.6829587,-44.7705078125,-33.0908203125,68.6376953125
51.7057746,-43.2080078125,-33.6279296875,63.9013671875
51.7403231,-37.6904296875,-33.4326171875,63.2177734375
51.7635909,-33.6865234375,-34.2138671875,65.1220703125
51.8037905,-32.9052734375,-35.4833984375,67.8076171875
51.8253374,-33.0517578125,-38.0224609375,67.2705078125
51.8662525,-33.0517578125,-39.3896484375,65.1708984375
51.8872657,-33.7353515625,-41.2451171875,60.7275390625
51.9262972,-33.0517578125,-43.1982421875,56.4794921875
51.9483979,-33.3447265625,-45.3955078125,51.1083984375
51.9844762,-34.8095703125,-46.9091796875,46.3720703125
52.0046419,-33.9794921875,-49.3994140625,42.2705078125
52.0407182,-33.8818359375,-50.9619140625,38.4130859375
52.067791,-33.6865234375,-53.0126953125,34.6533203125
52.0946873,-34.0771484375,-54.9169921875,31.4306640625
52.1329745,-34.7119140625,-57.1630859375,28.8916015625
52.1566419,-35.5419921875,-57.3583984375,25.8642578125
52.1969284,-36.8115234375,-51.9873046875,22.2021484375
52.2189544,-38.1298828125,-45.1513671875,20.4443359375
52.2564601,-38.9111328125,-41.5869140625,29.3798828125
52.2814117,-39.8876953125,-37.7294921875,52.7685546875
52.3181598,-41.1572265625,-35.9228515625,73.6669921875
52.3381903,-41.4990234375,-34.7021484375,86.4111328125
52.3756395,-42.2314453125,-32.4072265625,90.1708984375
52.4001129,-42.6220703125,-31.8701171875,88.6083984375
52.4382416,-42.7685546875,-33.4814453125,85.8251953125
52.4595582,-43.5498046875,-34.2138671875,81.8701171875
52.498704,-44.3310546875,-33.7255859375,77.0361328125
52.5228303,-44.1357421875,-32.8466796875,73.2275390625
52.5582549,-38.9111328125,-32.9443359375,71.7138671875
52.5784365,-34.1259765625,-33.3837890625,73.9599609375
52.6148899,-32.9052734375,-34.7509765625,76.2060546875
52.6405616,-32.3681640625,-35.8740234375,75.9619140625
52.6790265,-32.7099609375,-36.8505859375,74.3017578125
52.702228,-32.2216796875,-38.9013671875,70.9326171875
52.7415269,-32.2705078125,-40.3662109375,65.7080078125
52.7604788,-32.8076171875,-42.8564453125,60.4345703125
52.800386,-33.3935546875,-43.6376953125,55.6982421875
52.8209989,-33.5888671875,-45.6884765625,50.2294921875
52.8559847,-33.9794921875,-47.5927734375,46.6162109375
52.8828512,-33.0029296875,-49.3994140625,43.1494140625
52.9180974,-32.9052734375,-51.4013671875,39.7802734375
52.9438046,-33.1494140625,-53.4521484375,37.1923828125
52.9810703,-35.0048828125,-54.7705078125,33.6279296875
53.0012619,-36.0302734375,-51.2548828125,30.8935546875
53.0334184,-36.8603515625,-45.0537109375,27.6220703125
53.0625472,-37.8369140625,-39.5849609375,32.4072265625
53.1012374,-38.6669921875,-36.0205078125,52.0849609375
53.1241869,-40.0830078125,-34.9462890625,73.3740234375
53.1652654,-39.9853515625,-33.0908203125,88.2666015625
53.1851302,-41.5478515625,-31.4306640625,92.8076171875
53.2151812,-41.8896484375,-31.4306640625,92.3681640625
53.254187,-41.4501953125,-32.2607421875,88.1201171875
53.2751783,-42.6708984375,-32.9443359375,84.0673828125
53.3042614,-43.4033203125,-32.4560546875,78.6474609375
53.3437447,-43.8916015625,-31.8701171875,73.5205078125
53.3664652,-40.1318359375,-31.5771484375,72.2998046875
53.4027577,-34.7607421875,-31.9189453125,73.6669921875
53.4255741,-32.2705078125,-33.7255859375,76.1572265625
53.4617927,-32.1240234375,-34.7021484375,77.1826171875
53.4826407,-32.2705078125,-36.2646484375,75.4248046875
53.5209963,-32.1240234375,-38.5107421875,71.4208984375
53.5454179,-32.0263671875,-39.6337890625,67.2216796875
53.5798136,-32.4169921875,-41.8798828125,61.8017578125
53.6054445,-33.1005859375,-43.6865234375,56.7724609375
53.6443467,-33.2470703125,-45.4931640625,52.5732421875
53.6653173,-32.9541015625,-47.4462890625,48.0322265625
53.7021174,-33.0029296875,-49.5458984375,44.5166015625
53.7275713,-32.6123046875,-51.5478515625,41.0498046875
53.7556359,-32.6611328125,-52.6220703125,38.1689453125
53.7939158,-33.9306640625,-50.9130859375,35.2880859375
53.8149435,-35.3466796875,-44.6630859375,32.4072265625
53.8532755,-35.9814453125,-39.4873046875,36.2646484375
53.8796972,-36.6162109375,-37.0947265625,54.0380859375
53.9063916,-36.9091796875,-35.2880859375,75.5224609375
53.939417,-38.3740234375,-34.6533203125,90.2197265625
53.9690375,-38.8623046875,-33.9697265625,95.4931640625
53.9983645,-40.1318359375,-32.7490234375,93.7841796875
54.029639,-40.2294921875,-34.5556640625,89.6337890625
54.0567117,-40.4248046875,-35.0927734375,85.0439453125
54.1029877,-41.6943359375,-35.8740234375,78.8427734375
54.1201857,-42.1826171875,-34.9462890625,73.3740234375
54.1536664,-39.5458984375,-35.1904296875,71.8603515625
54.1806918,-34.1748046875,-35.3857421875,73.7158203125
54.2088204,-31.1474609375,-36.7041015625,76.7919921875
54.2387237,-30.8056640625,-37.8759765625,78.0126953125
54.2697166,-30.7080078125,-39.7314453125,75.9130859375
54.2986902,-30.9033203125,-41.1474609375,72.6416015625
54.3306924,-30.8544921875,-43.3447265625,67.9052734375
54.3595826,-31.1474609375,-45.0537109375,62.2900390625
54.3905756,-31.8310546875,-46.7138671875,58.2861328125
54.4208627,-31.9287109375,-48.7646484375,53.4521484375
54.4508815,-31.8798828125,-50.9619140625,48.7646484375
54.4790698,-32.3193359375,-53.0615234375,44.4677734375
54.5120545,-31.7333984375,-54.8193359375,42.0751953125
54.5397567,-31.2939453125,-56.5771484375,39.1455078125
54.5711978,-33.1982421875,-55.7470703125,35.7275390625
54.6008008,-34.4677734375,-49.6435546875,33.0908203125
54.631781,-35.2001953125,-43.6865234375,33.3349609375
54.6647479,-36.3232421875,-39.9267578125,48.9111328125
54.6937419,-37.1044921875,-38.3154296875,72.7392578125
54.7197968,-37.8857421875,-36.8017578125,91.7333984375
54.7487617,-39.2529296875,-35.0439453125,101.3525390625
54.7837535,-39.4970703125,-33.9208984375,102.5732421875
54.8126659,-40.2783203125,-34.3115234375,99.8388671875
54.8433951,-40.4248046875,-35.4345703125,95.0048828125
54.8727208,-41.4990234375,-36.1181640625,90.4638671875
54.9006072,-42.2802734375,-34.7509765625,84.2138671875
54.9337423,-41.4990234375,-34.7998046875,81.1376953125
54.9636139,-37.1533203125,-34.7021484375,80.8935546875
54.9925279,-31.6845703125,-36.0205078125,84.4580078125
55.0235864,-30.2685546875,-37.4853515625,86.8994140625
55.0535476,-30.5126953125,-38.8525390625,86.4599609375
55.083943,-30.4638671875,-40.4150390625,83.5791015625
55.1149296,-30.3662109375,-42.6123046875,79.1845703125
55.1439738,-29.8779296875,-44.8583984375,73.9111328125
55.1769769,-30.6591796875,-46.6650390625,69.0771484375
55.2039084,-31.2939453125,-48.7646484375,63.0224609375
55.232987,-31.5869140625,-50.1318359375,58.7744140625
55.2665186,-31.1962890625,-51.8408203125,54.5263671875
55.2930141,-31.6845703125,-53.8427734375,51.7919921875
55.32606,-31.2939453125,-56.5283203125,49.0087890625
55.3550597,-32.3193359375,-58.1396484375,45.5419921875
55.3840119,-33.1494140625,-56.9677734375,42.9541015625
55.4160638,-34.3212890625,-50.9130859375,39.5361328125
55.4459877,-35.1025390625,-44.8095703125,39.2431640625
55.4733279,-36.3232421875,-40.6103515625,55.3076171875
55.5064175,-37.0068359375,-39.4384765625,81.6748046875
55.5344404,-37.7392578125,-37.0947265625,102.7197265625
55.5705623,-39.4482421875,-35.7763671875,113.5107421875
55.5984296,-39.7900390625,-34.9462890625,115.3662109375
55.6247495,-40.0341796875,-34.8974609375,112.6318359375
55.6600978,-41.1083984375,-36.3623046875,108.4814453125
55.6860546,-41.3037109375,-35.7275390625,104.7216796875
55.7149366,-42.7685546875,-35.4345703125,98.3740234375
55.7479016,-41.9873046875,-35.0927734375,95.2978515625
55.7758614,-37.8857421875,-35.4345703125,95.0537109375
55.8093743,-31.6357421875,-36.1669921875,97.9833984375
55.8458436,-29.9267578125,-37.5341796875,99.4482421875
55.867334,-30.2197265625,-39.7314453125,99.0087890625
55.8963956,-29.9267578125,-41.2451171875,95.7861328125
55.9294016,-30.3662109375,-42.4658203125,91.4892578125
55.9652156,-29.9755859375,-44.6142578125,86.5576171875
55.9911939,-30.2685546875,-46.9091796875,81.0888671875
56.0188447,-30.7080078125,-48.1787109375,75.4248046875
56.049725,-30.7080078125,-50.1806640625,70.1513671875
56.0819829,-30.4638671875,-51.9873046875,65.9033203125
56.1114322,-30.6591796875,-54.0380859375,62.3876953125
56.1473732,-30.5615234375,-55.6982421875,59.7021484375
56.1704888,-31.4404296875,-57.9443359375,56.2353515625
56.2004449,-32.5634765625,-57.7001953125,52.7197265625
56.2294315,-33.6376953125,-52.6708984375,49.1064453125
56.2693836,-34.3701171875,-46.5673828125,46.9580078125
56.2909194,-36.0302734375,-41.1962890625,54.8193359375
56.3230127,-37.2021484375,-38.9013671875,80.1611328125
56.3520187,-37.8369140625,-36.7041015625,104.5751953125
56.3804479,-39.1064453125,-35.3369140625,120.0048828125
56.413217,-39.5947265625,-32.9931640625,124.3505859375
56.4422099,-39.9853515625,-34.0185546875,123.4716796875
56.4703587,-40.3271484375,-34.6044921875,118.5400390625
56.5057519,-41.5478515625,-34.6533203125,113.7548828125
56.5311851,-41.8408203125,-34.6044921875,107.5048828125
56.5671034,-43.0126953125,-33.9208984375,102.2802734375
56.5914494,-40.8642578125,-33.8720703125,99.9365234375
56.62143,-34.9560546875,-34.5068359375,101.2548828125
56.6542079,-31.7333984375,-35.7275390625,104.6240234375
56.6823434,-31.3427734375,-37.6318359375,104.5263671875
56.7195188,-31.0009765625,-39.0478515625,102.0849609375
56.7426124,-30.9521484375,-41.3427734375,98.7158203125
56.7716369,-31.3427734375,-42.4658203125,92.3193359375
56.8035529,-31.7333984375,-44.4677734375,86.6552734375
56.8336436,-32.6123046875,-46.6162109375,80.7470703125
56.868309,-33.2470703125,-48.8623046875,76.0107421875
56.8887036,-33.1982421875,-50.3271484375,70.6396484375
56.9269322,-33.1494140625,-52.2802734375,66.2939453125
56.95367,-33.1982421875,-54.4775390625,62.7294921875
56.986644,-33.0517578125,-56.7724609375,59.6044921875
57.0126873,-33.9306640625,-55.8935546875,56.1376953125
57.0488578,-35.5908203125,-49.9365234375,52.0849609375
57.0778608,-36.7626953125,-44.2236328125,51.4990234375
57.1027757,-37.9345703125,-41.1474609375,65.7080078125
57.1318585,-38.6181640625,-38.6572265625,91.1962890625
57.184921,-39.7412109375,-37.6318359375,112.9736328125
57.1940186,-40.8154296875,-36.1181640625,123.7646484375
57.2321679,-41.5478515625,-36.0693359375,125.1806640625
57.2550864,-42.0361328125,-35.5322265625,120.5419921875
57.2904139,-42.4755859375,-37.0947265625,115.2685546875
57.3179935,-42.7197265625,-36.8505859375,108.1884765625
57.3449443,-43.0615234375,-36.2646484375,100.5712890625
57.3831473,-44.1357421875,-36.4111328125,95.8837890625
57.4073584,-42.0361328125,-36.8017578125,95.6396484375
57.4444959,-36.0791015625,-37.6318359375,98.4716796875
57.4685491,-33.9794921875,-39.6826171875,101.7919921875
57.4976152,-33.1494140625,-40.9033203125,101.3037109375
57.5256959,-33.9306640625,-42.6611328125,98.9111328125
57.557564,-33.6865234375,-44.2724609375,93.5400390625
57.5885879,-33.6376953125,-46.9091796875,87.8759765625
57.617588,-33.5400390625,-49.4482421875,81.6259765625
57.6558517,-35.5908203125,-51.0107421875,75.4736328125
57.6788487,-35.0537109375,-52.9150390625,70.5419921875
57.7099939,-34.8095703125,-54.9658203125,65.4150390625
57.737843,-34.7607421875,-57.8466796875,61.1669921875
57.7680622,-34.8583984375,-59.6044921875,57.8955078125
57.7991873,-35.1513671875,-58.9208984375,54.5751953125
57.8281199,-35.6396484375,-52.6220703125,51.4501953125
57.8581363,-36.9091796875,-47.1533203125,50.7666015625
57.8967857,-37.7880859375,-43.7841796875,65.0732421875
57.9214756,-38.3251953125,-42.0751953125,90.3173828125
57.9473775,-39.4482421875,-41.0009765625,111.0205078125
57.9859693,-40.2783203125,-39.4384765625,121.2255859375
58.0092339,-41.4013671875,-38.8525390625,121.5185546875
58.0410515,-41.9384765625,-39.5849609375,117.2705078125
58.070974,-41.9384765625,-40.0732421875,112.0458984375
58.1069578,-41.9873046875,-39.9267578125,105.1611328125
58.1280455,-43.1103515625,-39.4384765625,97.5439453125
58.1652256,-43.3544921875,-39.0478515625,92.4169921875
58.1892722,-41.8408203125,-39.1455078125,92.1728515625
58.2306162,-36.6162109375,-39.7802734375,94.6630859375
58.2505625,-33.0517578125,-41.8310546875,96.6162109375
58.2806152,-32.8076171875,-43.2470703125,96.4208984375
58.3115213,-32.8076171875,-44.5654296875,92.8076171875
58.3405276,-33.2470703125,-46.9091796875,87.7294921875
58.3694771,-32.9052734375,-48.9599609375,81.8701171875
58.4059168,-33.1494140625,-51.1083984375,75.0341796875
58.4297281,-33.8818359375,-52.9638671875,69.3701171875
58.4653492,-34.7119140625,-55.0634765625,63.6572265625
58.4903085,-34.4677734375,-56.5771484375,59.4580078125
58.5262697,-34.4189453125,-59.0185546875,54.9169921875
58.5563725,-34.6142578125,-60.6787109375,51.4501953125
58.5802756,-34.5166015625,-61.8017578125,48.2763671875
58.6175162,-35.1513671875,-55.9912109375,43.9794921875
58.6425484,-36.1279296875,-49.2041015625,40.8056640625
58.672947,-37.5927734375,-44.8583984375,50.2783203125
58.7006571,-38.3740234375,-43.1005859375,72.6416015625
58.7361396,-39.0087890625,-40.7568359375,94.4677734375
58.7613789,-40.0341796875,-39.2431640625,106.1865234375
58.7983344,-41.1083984375,-37.8271484375,109.1162109375
58.8249622,-41.5478515625,-37.0947265625,106.1865234375
58.8627568,-42.9150390625,-37.9736328125,101.4013671875
58.8871247,-42.8662109375,-38.6083984375,96.1767578125
58.915357,-43.2568359375,-38.3642578125,89.9267578125
58.9443775,-44.1845703125,-37.8759765625,85.1416015625
58.9814939,-43.6474609375,-38.2666015625,83.2373046875
59.0046839,-39.4970703125,-38.4130859375,84.7998046875
59.0361699,-34.7607421875,-40.3662109375,86.9482421875
59.065115,-32.5146484375,-41.3916015625,86.6064453125
59.0951477,-33.2470703125,-42.9541015625,84.9951171875
59.1341966,-32.5634765625,-44.8583984375,81.1376953125
59.157285,-32.7099609375,-46.7138671875,74.7900390625
59.1853793,-32.9541015625,-49.0576171875,70.2001953125
59.2162661,-33.3447265625,-50.8154296875,63.8525390625
59.2457254,-33.9794921875,-51.6943359375,58.1884765625
59.2778932,-33.8818359375,-54.2333984375,53.9892578125
59.3065061,-33.4912109375,-56.4794921875,49.4482421875
59.3366824,-33.4423828125,-58.7255859375,46.1279296875
59.3687437,-33.3447265625,-61.0693359375,42.2216796875
59.3976958,-34.1748046875,-61.8505859375,38.9501953125
59.4270091,-34.4677734375,-56.9189453125,36.3623046875
59.4600521,-36.2744140625,-50.7666015625,32.6025390625
59.4890985,-37.1044921875,-45.7861328125,36.3134765625
59.5189949,-37.4951171875,-41.9775390625,56.4306640625
59.5491029,-38.4716796875,-40.3662109375,77.7197265625
59.5763868,-39.7412109375,-38.5107421875,91.1962890625
59.6095357,-40.6201171875,-37.2412109375,94.8583984375
59.6723006,-41.1572265625,-36.9482421875,93.7353515625
59.6733688,-41.6943359375,-36.7041015625,89.6826171875
59.7039432,-41.5966796875,-38.1201171875,85.9228515625
59.7280064,-42.5244140625,-37.6318359375,80.3564453125
59.782369,-43.5986328125,-36.9482421875,75.4736328125
59.7907394,-43.3544921875,-36.3134765625,73.0810546875
59.8204605,-41.4013671875,-36.8017578125,73.4716796875
59.8487879,-35.9814453125,-37.7783203125,75.6689453125
59.8818511,-32.1240234375,-38.7548828125,76.4013671875
59.9097246,-31.7333984375,-40.6103515625,74.5458984375
59.9423822,-32.0751953125,-42.0751953125,70.9326171875
59.9737395,-31.9287109375,-43.1982421875,66.0986328125
59.9986194,-31.1962890625,-46.2255859375,60.9716796875
60.0325687,-31.3427734375,-47.8857421875,56.0400390625
60.067893,-32.1728515625,-49.2041015625,50.5712890625
60.1078774,-32.9052734375,-51.4990234375,46.0302734375
60.1281637,-32.7099609375,-53.1591796875,41.6357421875
60.1501152,-32.4169921875,-54.9169921875,38.6083984375
60.1792644,-32.4658203125,-56.8212890625,35.2392578125
60.2146924,-31.9775390625,-58.9208984375,32.2607421875
60.2426084,-33.1982421875,-57.6025390625,28.7939453125
60.2758956,-34.6142578125,-52.0361328125,24.9365234375
60.3039714,-35.6884765625,-44.9560546875,22.7392578125
60.3309216,-36.5185546875,-41.1474609375,33.4814453125
60.3648933,-37.6904296875,-38.4619140625,55.4541015625
60.392821,-38.3251953125,-36.9970703125,73.2275390625
60.4209558,-39.9365234375,-35.5810546875,82.6513671875
60.4764518,-40.1806640625,-33.6767578125,83.9697265625
60.4970783,-40.6201171875,-33.9697265625,81.0400390625
60.5172772,-40.8642578125,-34.5068359375,77.3291015625
60.5450852,-41.4501953125,-33.8232421875,73.2763671875
60.5720166,-42.1826171875,-33.4814453125,68.5888671875
60.620067,-42.5732421875,-32.8466796875,64.1455078125
60.6402487,-42.7685546875,-32.9931640625,63.0224609375
60.6835083,-39.0087890625,-34.0673828125,65.7080078125
60.7033019,-33.5400390625,-34.5556640625,67.0263671875
60.725263,-31.0498046875,-36.2646484375,68.1494140625
60.7711617,-30.7080078125,-37.6318359375,65.4638671875
60.792159,-30.7080078125,-39.5361328125,62.2412109375
60.8141406,-31.2451171875,-40.9521484375,57.3095703125
60.8425223,-31.1474609375,-43.2470703125,52.0849609375
60.874599,-31.3916015625,-45.2978515625,47.1533203125
60.9063457,-31.9775390625,-46.6650390625,42.4658203125
60.954349,-32.5146484375,-49.0087890625,38.1689453125
60.9750127,-33.0517578125,-50.9619140625,34.3115234375
61.0137026,-32.6123046875,-52.7197265625,31.8701171875
61.0279607,-32.4169921875,-55.1123046875,29.5751953125
61.057796,-31.7822265625,-51.4990234375,26.6943359375
61.0873004,-33.5400390625,-45.2001953125,23.2275390625
61.1322633,-34.5654296875,-40.2685546875,23.8134765625
61.1536151,-35.6884765625,-37.0458984375,39.7802734375
61.1961319,-35.7861328125,-35.6787109375,60.4833984375
61.2165778,-36.8115234375,-33.9697265625,76.3525390625
61.2528296,-38.1298828125,-32.7490234375,82.7490234375
61.2746822,-38.3251953125,-32.1142578125,82.7490234375
61.2974951,-39.0087890625,-32.7490234375,79.9658203125
61.3272987,-39.0576171875,-33.1884765625,76.1572265625
61.3731353,-39.7900390625,-33.3837890625,70.5419921875
61.3944681,-40.8154296875,-33.0419921875,65.9521484375
61.4346209,-41.9384765625,-33.0419921875,63.0224609375
61.4565212,-40.6201171875,-32.9443359375,64.0966796875
61.477442,-37.0068359375,-34.3603515625,67.2216796875
61.5102478,-32.0263671875,-36.2158203125,68.6865234375
61.5621589,-30.9033203125,-36.8505859375,67.9541015625
61.5829278,-30.8544921875,-38.8525390625,65.3662109375
61.6265434,-31.0498046875,-40.7080078125,61.1181640625
61.6570274,-30.5126953125,-42.2705078125,56.6748046875
61.6616488,-30.3662109375,-44.3212890625,52.1826171875
61.7078983,-31.5380859375,-46.6162109375,46.5673828125
61.7284447,-32.1240234375,-48.3251953125,42.6123046875
61.7673783,-32.6611328125,-50.3759765625,38.4619140625
61.7875578,-32.2216796875,-52.7685546875,36.0205078125
61.8089679,-31.3916015625,-54.2333984375,32.6513671875
61.8426455,-30.7568359375,-52.2314453125,29.3310546875
61.8705801,-32.0263671875,-45.4931640625,26.0595703125
61.8999363,-33.5888671875,-39.8291015625,26.4013671875
61.9509371,-34.2236328125,-36.7529296875,40.4638671875
61.9695963,-34.8095703125,-34.8486328125,63.6572265625
62.0069007,-35.5419921875,-33.0908203125,82.2119140625
62.0261829,-36.5185546875,-31.8212890625,91.3916015625
62.051203,-37.9345703125,-30.7470703125,92.2705078125
62.082152,-38.7158203125,-32.3583984375,90.3173828125
62.1111783,-39.4970703125,-32.8466796875,86.5576171875
62.1432228,-39.8388671875,-32.9443359375,81.3330078125
62.1751544,-40.5712890625,-32.5048828125,75.5224609375
62.2013997,-41.1572265625,-33.1884765625,72.2509765625
62.2319084,-41.6455078125,-32.6025390625,72.4462890625
62.2800259,-37.7880859375,-34.1162109375,75.4248046875
62.2993944,-32.1728515625,-35.9716796875,77.4267578125
62.3205821,-29.6826171875,-36.9482421875,76.9384765625
62.3688435,-29.6337890625,-39.7314453125,75.1318359375
62.3895221,-30.0732421875,-40.4638671875,70.7861328125
62.4155118,-29.6826171875,-42.6611328125,65.5615234375
62.4633549,-29.7314453125,-45.1513671875,60.6787109375
62.4733339,-30.1220703125,-47.6904296875,54.9658203125
62.5207278,-30.7080078125,-49.7412109375,50.2294921875
62.5355407,-31.9287109375,-51.7431640625,46.9091796875
62.5655176,-30.8544921875,-53.3056640625,42.7587890625
62.5985173,-31.3427734375,-55.5029296875,39.2431640625
62.6244779,-30.6103515625,-56.2353515625,36.5576171875
62.657484,-31.9775390625,-51.1572265625,33.4814453125
62.6865888,-32.2705078125,-44.3212890625,30.4541015625
62.7149128,-34.1259765625,-39.1943359375,35.8740234375
62.7488212,-34.9560546875,-36.2646484375,57.9931640625
62.7911361,-35.5908203125,-34.3603515625,82.3095703125
62.8045926,-36.2255859375,-33.1396484375,98.9111328125
62.8528681,-37.6416015625,-31.1865234375,106.2353515625
62.8669943,-38.6669921875,-30.6494140625,105.9912109375
62.8979401,-39.7900390625,-31.4306640625,102.2314453125
62.9280391,-39.7900390625,-31.3330078125,97.7392578125
62.9573586,-40.1318359375,-31.6748046875,92.7099609375
62.9885687,-40.9619140625,-31.2353515625,87.4365234375
63.016545,-41.7919921875,-31.3818359375,84.7509765625
63.0476574,-40.7177734375,-31.4306640625,85.8740234375
63.0806359,-36.5185546875,-32.4560546875,88.0712890625
63.1065484,-31.1474609375,-34.3115234375,89.8779296875
63.1416394,-29.4384765625,-35.5322265625,88.2666015625
63.1707444,-30.0732421875,-37.1435546875,84.2138671875
63.1976183,-30.1708984375,-38.8525390625,79.7216796875
63.2288236,-30.4150390625,-40.8544921875,74.2041015625
63.2618105,-29.8779296875,-42.5634765625,68.4912109375
63.2888505,-30.6103515625,-44.3701171875,62.0947265625
63.319891,-31.3427734375,-46.2255859375,56.7724609375
63.3497966,-31.8310546875,-48.3251953125,52.9150390625
63.3768269,-31.5380859375,-50.2783203125,49.5947265625
63.4128458,-31.3916015625,-52.1337890625,46.1279296875
63.4408471,-31.2939453125,-52.9638671875,43.3935546875
63.4688293,-31.4892578125,-47.6416015625,39.2919921875
63.5002127,-32.6611328125,-40.5126953125,36.2646484375
63.5301916,-34.3212890625,-35.4833984375,40.7568359375
63.5632597,-34.1748046875,-33.0908203125,61.9970703125
63.5922678,-34.9560546875,-30.7958984375,87.9248046875
63.619147,-36.0791015625,-29.2822265625,105.6494140625
63.6516978,-37.0556640625,-27.1826171875,113.1689453125
63.6819085,-38.2275390625,-27.5732421875,112.2900390625
63.7107673,-39.8388671875,-28.3544921875,108.8720703125
63.744011,-39.9365234375,-29.1357421875,104.0869140625
63.7710379,-39.7412109375,-28.2568359375,97.9833984375
63.8060843,-40.5712890625,-27.6708984375,91.5380859375
63.8330957,-41.4501953125,-28.0615234375,88.6083984375
63.8600766,-41.4501953125,-28.1103515625,89.1943359375
63.8930055,-37.3974609375,-29.6728515625,92.0751953125
63.922017,-32.4169921875,-30.6982421875,93.2470703125
63.9510123,-29.5361328125,-32.8955078125,92.4658203125
63.9850411,-29.6826171875,-33.7744140625,89.5849609375
64.0128178,-30.1708984375,-36.1669921875,84.2626953125
64.0469527,-29.9755859375,-37.9248046875,77.9150390625
64.0748132,-30.1220703125,-39.3896484375,72.3974609375
64.1037292,-29.8779296875,-42.2705078125,66.1474609375
64.1329488,-30.5615234375,-43.9306640625,61.2646484375
64.1639107,-31.0986328125,-45.9814453125,55.7958984375
64.1929962,-31.0986328125,-47.8369140625,51.4501953125
64.226986,-31.0009765625,-49.8876953125,48.9111328125
64.2542807,-30.7080078125,-46.8115234375,46.0791015625
64.2825181,-31.1962890625,-40.0732421875,42.9052734375
64.3147018,-32.4169921875,-34.5068359375,42.5146484375
64.342976,-33.3935546875,-30.7470703125,58.0908203125
64.37302,-34.7119140625,-29.6240234375,84.0673828125
64.4050171,-34.9560546875,-28.7451171875,105.6005859375
64.4339786,-36.1767578125,-26.6943359375,116.4892578125
64.4640044,-36.8115234375,-26.7919921875,118.2958984375
64.4963603,-37.6904296875,-27.8662109375,114.2919921875
64.5257574,-38.5693359375,-28.6962890625,108.7744140625
64.5587561,-38.2275390625,-28.9404296875,101.5966796875
64.5860632,-38.9111328125,-28.6474609375,94.6630859375
64.6158117,-39.9365234375,-28.0126953125,90.0732421875
64.6488746,-40.0341796875,-28.6474609375,89.8779296875
64.6778137,-38.2275390625,-29.8193359375,92.1728515625
64.7054416,-33.7841796875,-31.9677734375,95.0048828125
64.7373675,-29.2919921875,-32.9931640625,95.0048828125
64.7670253,-29.8291015625,-35.1904296875,92.4169921875
64.8135666,-29.4384765625,-36.4111328125,87.5341796875
64.827385,-29.7802734375,-38.8525390625,82.1142578125
64.8583892,-29.8291015625,-40.5126953125,75.7177734375
64.8903765,-29.2919921875,-43.4912109375,69.5166015625
64.9187078,-30.4638671875,-44.6142578125,63.6083984375
64.9466449,-31.1962890625,-47.2998046875,59.2626953125
64.9928301,-31.0009765625,-49.2041015625,55.2587890625
65.0133538,-31.0498046875,-50.6689453125,52.2314453125
65.0606623,-31.0009765625,-49.4482421875,48.6181640625
65.0689226,-30.1708984375,-42.3681640625,45.7373046875
65.1138785,-31.2939453125,-36.6064453125,44.1259765625
65.1341863,-32.1240234375,-32.7001953125,57.6025390625
65.1765629,-33.4423828125,-31.0400390625,84.4580078125
65.1958027,-34.6630859375,-29.2333984375,109.6044921875
65.2368401,-35.2978515625,-27.3779296875,122.9833984375
65.2659181,-35.9326171875,-25.4248046875,126.3525390625
65.2777815,-37.1533203125,-27.4267578125,123.6669921875
65.3254319,-37.7392578125,-28.0126953125,118.5400390625
65.3462932,-38.4716796875,-27.6708984375,111.8505859375
65.3831497,-39.0087890625,-28.2080078125,104.1845703125
65.4041864,-39.5947265625,-27.2802734375,99.3017578125
65.4451841,-40.3759765625,-27.2314453125,98.2763671875
65.4656093,-39.5458984375,-28.4033203125,100.7177734375
65.5037333,-35.4931640625,-29.8681640625,103.6962890625
65.5256654,-31.0009765625,-31.7724609375,103.5009765625
65.5602915,-29.0966796875,-33.3349609375,101.0595703125
65.5801619,-28.9013671875,-36.1181640625,96.8603515625
65.626475,-29.3896484375,-37.7783203125,91.0009765625
65.6479531,-29.1455078125,-39.4873046875,84.4091796875
65.6833903,-28.5107421875,-41.2939453125,78.3544921875
65.7037565,-29.8291015625,-42.9052734375,72.1533203125
65.7445931,-30.1220703125,-45.3955078125,67.8564453125
65.7649508,-30.0244140625,-47.2998046875,63.8037109375
65.8064296,-29.5361328125,-48.8623046875,60.5810546875
65.8273733,-29.3408203125,-49.7412109375,56.5283203125
65.8504528,-29.2431640625,-44.4189453125,53.5009765625
65.9018468,-29.9267578125,-38.0224609375,50.4248046875
65.9219112,-30.9033203125,-31.8212890625,53.1591796875
65.9583256,-31.9775390625,-28.8427734375,75.1806640625
65.9788256,-32.9541015625,-26.4501953125,102.5732421875
66.003732,-34.7119140625,-24.7412109375,122.2021484375
66.0320577,-34.9560546875,-23.6181640625,130.6005859375
66.0831365,-36.2255859375,-22.6416015625,130.2587890625
66.1029871,-36.2744140625,-24.2041015625,125.6689453125
66.1420094,-37.0556640625,-25.4736328125,119.8583984375
66.1618591,-38.0810546875,-24.5458984375,114.1943359375
66.1980984,-38.3740234375,-24.2529296875,107.5537109375
66.2185008,-39.1552734375,-23.7158203125,103.8916015625
66.2445815,-39.6435546875,-24.4482421875,103.2568359375
66.2718482,-37.6416015625,-25.4248046875,105.3564453125
66.3200951,-32.5634765625,-26.6943359375,105.8447265625
66.3411233,-28.5107421875,-28.0126953125,104.3798828125
66.3783473,-27.6318359375,-30.1123046875,100.2294921875
66.3994277,-27.4365234375,-31.9677734375,95.5419921875
66.4400083,-27.4853515625,-33.4326171875,89.6826171875
66.4606208,-27.4853515625,-35.0439453125,81.5771484375
66.4984747,-27.5830078125,-36.4111328125,76.5478515625
66.5179594,-27.4365234375,-38.7548828125,71.2255859375
66.5607205,-28.3154296875,-41.0009765625,66.2451171875
66.5799597,-28.9013671875,-42.3681640625,61.7529296875
66.619749,-27.6318359375,-44.7607421875,58.6767578125
66.6408403,-27.9736328125,-44.5166015625,54.7216796875
66.6806326,-28.6083984375,-39.5849609375,50.6201171875
66.699214,-28.4130859375,-32.6025390625,46.9580078125
66.7415596,-29.7314453125,-28.3056640625,51.0107421875
66.7621722,-31.0498046875,-24.3994140625,70.0048828125
66.8025588,-32.0263671875,-22.0556640625,92.3193359375
66.8216378,-32.3681640625,-20.6396484375,106.8701171875
66.8635847,-33.6376953125,-19.3212890625,111.3623046875
66.884008,-34.6142578125,-18.5400390625,110.6298828125
66.9277603,-35.2001953125,-19.4677734375,106.2841796875
66.9591794,-36.0302734375,-20.4443359375,101.2060546875
66.9691554,-35.8837890625,-19.9072265625,95.4931640625
67.0198476,-36.8115234375,-19.3701171875,89.9755859375
67.0405006,-37.2021484375,-18.9306640625,86.9970703125
67.0811719,-38.0810546875,-20.0537109375,86.9482421875
67.1013288,-36.0791015625,-20.7373046875,88.0712890625
67.1223122,-31.1962890625,-22.4951171875,88.6572265625
67.1759627,-27.9248046875,-24.0576171875,85.0439453125
67.1980492,-26.6552734375,-26.2548828125,81.5771484375
67.21021,-26.7041015625,-28.3056640625,76.2548828125
67.2535171,-26.9970703125,-30.1123046875,70.4443359375
67.2734543,-26.0205078125,-31.8701171875,64.2431640625
67.3173179,-26.7529296875,-33.6767578125,58.6767578125
67.3378052,-26.8505859375,-35.1904296875,54.0869140625
67.373973,-27.4853515625,-37.1923828125,49.6435546875
67.3952712,-26.7529296875,-38.8525390625,45.7861328125
67.4363507,-26.8017578125,-40.8544921875,41.5869140625
67.4564861,-26.9482421875,-39.9267578125,38.1201171875
67.4934437,-26.7529296875,-32.8466796875,34.1162109375
67.5211819,-27.2900390625,-26.3037109375,31.0400390625
67.5563828,-28.4619140625,-22.4462890625,39.6337890625
67.572362,-29.6826171875,-20.5419921875,58.2373046875
67.6166358,-30.9521484375,-18.6376953125,75.2783203125
67.6378074,-31.5869140625,-17.8564453125,83.6279296875
67.6730441,-31.9287109375,-17.0751953125,84.7021484375
67.6931635,-33.3935546875,-18.1982421875,80.7958984375
67.7334934,-34.3212890625,-18.6865234375,77.6708984375
67.7535023,-34.8583984375,-19.1259765625,72.6416015625
67.7982163,-35.2001953125,-18.4912109375,66.0986328125
67.8127405,-35.8349609375,-18.2470703125,61.5087890625
67.8599255,-36.2744140625,-18.5888671875,60.0439453125
67.876274,-37.2998046875,-19.8583984375,61.4111328125
67.9173116,-34.4677734375,-21.4697265625,62.1435546875
67.937594,-29.0966796875,-23.2275390625,61.8505859375
67.9735803,-26.2158203125,-24.1552734375,58.5791015625
67.9941898,-25.3369140625,-26.1083984375,54.8193359375
68.0381238,-25.4345703125,-27.4267578125,49.1064453125
68.0569486,-25.6787109375,-30.0634765625,44.0283203125
68.0959751,-25.3369140625,-31.6748046875,38.9990234375
68.114653,-26.1669921875,-33.8232421875,33.6767578125
68.1589199,-26.4111328125,-35.8251953125,29.5263671875
68.1799695,-26.2646484375,-37.5341796875,25.6689453125
68.2306855,-26.1669921875,-39.4384765625,22.4462890625
68.2505211,-26.1181640625,-41.5380859375,19.1259765625
68.2674697,-25.9716796875,-38.0224609375,15.0244140625
68.2988387,-26.6552734375,-32.0654296875,11.7041015625
68.3370428,-27.2412109375,-26.2548828125,9.9951171875
68.3579908,-28.8037109375,-23.2763671875,20.2001953125
68.4009333,-30.3662109375,-21.1767578125,38.9501953125
68.4189464,-30.7568359375,-19.2724609375,53.9892578125
68.4500622,-31.7333984375,-17.3193359375,61.9970703125
68.4889152,-32.8564453125,-16.8798828125,63.0224609375
68.5113358,-34.1259765625,-16.9775390625,60.2392578125
68.5513935,-35.4931640625,-18.3447265625,56.5283203125
68.5671592,-35.7373046875,-18.8330078125,52.8173828125
68.608188,-36.3720703125,-18.2470703125,48.0322265625
68.6272386,-37.0068359375,-17.9541015625,45.0537109375
68.6601959,-37.7880859375,-17.8076171875,43.7841796875
68.6900743,-39.0087890625,-19.6630859375,45.5419921875
68.7200094,-36.0791015625,-21.6162109375,46.5185546875
68.7470618,-31.1962890625,-22.3974609375,46.2744140625
68.7812234,-28.2177734375,-24.9853515625,43.2470703125
68.8069559,-27.4365234375,-26.5478515625,38.8037109375
68.8420727,-28.1689453125,-29.2333984375,33.9208984375
68.8711034,-28.3642578125,-30.8935546875,28.4033203125
68.9080795,-28.4130859375,-32.8955078125,23.7158203125
68.9317872,-28.3154296875,-34.6044921875,19.7119140625
68.9586042,-30.2685546875,-37.3876953125,15.8056640625
68.9887762,-31.2451171875,-38.8525390625,12.3388671875
69.021705,-30.2685546875,-41.3916015625,9.4580078125
69.0487017,-30.3173828125,-42.9052734375,6.0888671875
69.0839117,-30.3173828125,-43.7353515625,3.1103515625
69.1110807,-30.8056640625,-37.5830078125,0.0341796875
69.141065,-31.1962890625,-30.9912109375,-3.2861328125
69.1740672,-33.0029296875,-25.3759765625,-1.0888671875
69.2012192,-34.0771484375,-22.6904296875,15.2685546875
69.22911,-33.9306640625,-20.4931640625,34.5068359375
69.2631392,-34.8583984375,-18.6865234375,48.2763671875
69.2923998,-35.6884765625,-16.8798828125,54.6240234375
69.3255874,-36.5185546875,-16.8798828125,55.3564453125
69.355559,-37.8857421875,-17.2705078125,53.3544921875
69.3812901,-37.5927734375,-18.9306640625,50.5224609375
69.4145699,-38.3740234375,-17.9052734375,47.2998046875
69.443169,-38.8134765625,-17.6611328125,43.3447265625
69.4723239,-40.0341796875,-18.0029296875,41.1474609375
69.5043661,-40.8642578125,-19.1748046875,40.9521484375
69.5311651,-40.4248046875,-20.5908203125,42.7099609375
69.5660829,-36.7138671875,-21.9580078125,43.8818359375
69.6122689,-31.8798828125,-23.7158203125,42.3193359375
69.6314012,-29.1943359375,-26.0595703125,39.3896484375
69.6694537,-28.2666015625,-27.6220703125,35.6298828125
69.6911286,-28.2177734375,-29.7705078125,30.6982421875
69.714951,-28.4619140625,-31.0888671875,24.9853515625
69.747281,-27.3876953125,-32.9931640625,20.3955078125
69.7760695,-27.4365234375,-35.0927734375,16.5380859375
69.8057527,-28.7060546875,-36.0693359375,12.7294921875
69.8538896,-29.6826171875,-38.1201171875,9.5068359375
69.8766849,-29.1455078125,-40.2197265625,6.5283203125
69.8946792,-28.8525390625,-41.3916015625,3.6474609375
69.9441339,-29.1943359375,-39.0966796875,-0.1611328125
69.9653291,-29.7314453125,-32.5537109375,-3.1884765625
70.0034928,-30.5126953125,-26.3525390625,-5.4345703125
70.0327859,-31.7822265625,-22.3486328125,1.7919921875
70.045902,-32.5146484375,-19.7607421875,20.1025390625
70.0792247,-33.0517578125,-17.1240234375,37.6318359375
70.1243739,-33.5400390625,-15.8056640625,49.6435546875
70.1571679,-34.3701171875,-14.6337890625,52.7197265625
70.1671565,-34.9560546875,-14.4873046875,52.0361328125
70.1962632,-36.2744140625,-15.9033203125,50.1318359375
70.2298463,-36.1767578125,-15.7568359375,46.1279296875
70.2737564,-36.5185546875,-15.4638671875,42.4658203125
70.3010974,-37.3974609375,-15.0244140625,38.4619140625
70.319289,-38.1787109375,-15.4150390625,37.3388671875
70.3642011,-39.3505859375,-16.6357421875,37.6318359375
70.3836979,-38.7158203125,-17.9052734375,38.9990234375
70.4218435,-33.5888671875,-19.0283203125,38.9990234375
70.441731,-29.1455078125,-20.9814453125,36.4599609375
70.4846995,-27.4365234375,-23.1787109375,33.2373046875
70.5049742,-27.2412109375,-24.8388671875,28.7451171875
70.5413427,-27.4365234375,-26.5478515625,23.5205078125
70.5632051,-27.0947265625,-29.4287109375,19.2236328125
70.5999914,-26.8505859375,-30.5029296875,14.1943359375
70.6203446,-26.7529296875,-32.8955078125,10.6787109375
70.6619191,-28.0712890625,-33.8232421875,6.7724609375
70.682491,-27.4365234375,-36.6552734375,4.0380859375
70.7194806,-27.1435546875,-36.8505859375,0.4736328125
70.740738,-27.6318359375,-31.7236328125,-3.3349609375
70.7816295,-27.3388671875,-25.2294921875,-6.9970703125
70.801712,-28.0224609375,-20.9814453125,-5.3857421875
70.8419254,-28.4130859375,-18.3935546875,8.1396484375
70.8608607,-29.6337890625,-16.7822265625,26.4990234375
70.9023692,-30.0244140625,-15.1220703125,40.5615234375
70.9303546,-30.9521484375,-13.9990234375,45.9326171875
70.965629,-32.5146484375,-14.7802734375,45.0048828125
70.9865095,-33.0029296875,-15.9033203125,43.1982421875
71.0226036,-33.8818359375,-16.8798828125,40.2685546875
71.0425742,-34.0283203125,-16.3427734375,35.7275390625
71.0859015,-34.2724609375,-17.1240234375,30.7470703125
71.1057269,-35.7861328125,-16.9775390625,27.4267578125
71.1438859,-35.8837890625,-17.8564453125,27.6220703125
71.163533,-36.2255859375,-19.8583984375,29.4775390625
71.2042012,-33.5400390625,-21.6650390625,30.4541015625
71.2241122,-28.9990234375,-22.9833984375,29.7216796875
71.2600388,-26.6064453125,-25.0830078125,26.3525390625
71.2809617,-25.8251953125,-26.9384765625,21.2255859375
71.3395194,-25.7275390625,-29.0380859375,17.1728515625
71.3600435,-25.9228515625,-31.3330078125,12.1435546875
71.3745832,-25.4833984375,-33.3837890625,7.8466796875
71.4129714,-25.6787109375,-35.5322265625,3.5498046875
71.4332085,-25.8740234375,-37.5341796875,0.2294921875
71.4809734,-26.8505859375,-39.5849609375,-3.2373046875
71.5106034,-25.9716796875,-39.9267578125,-6.4599609375
71.5236605,-25.8740234375,-35.2392578125,-9.3896484375
71.5666772,-26.0205078125,-28.2568359375,-12.0751953125
71.5864271,-26.4111328125,-23.3740234375,-10.3662109375
71.6210594,-27.0947265625,-21.3720703125,3.4033203125
71.6449767,-28.2666015625,-19.0283203125,22.0556640625
71.6864792,-28.9990234375,-17.6123046875,36.1669921875
71.706701,-30.1708984375,-16.6845703125,40.9521484375
71.7442165,-30.9033203125,-17.3193359375,41.5380859375
71.7632193,-32.4658203125,-18.3447265625,38.2666015625
71.8042911,-32.7099609375,-18.9306640625,35.3369140625
71.8254868,-34.1748046875,-19.1259765625,31.4794921875
71.8621066,-34.5166015625,-19.0771484375,26.5966796875
71.8871711,-34.7119140625,-19.0283203125,23.9599609375
71.9333149,-35.1513671875,-20.2001953125,23.6669921875
71.9555202,-36.2255859375,-21.6650390625,25.1318359375
71.9965258,-34.4189453125,-23.8623046875,25.8642578125
72.0067396,-28.8525390625,-25.5712890625,24.1552734375
72.0515821,-25.9228515625,-28.2080078125,22.5439453125
72.0739633,-24.9951171875,-30.0146484375,17.4169921875
72.1101481,-25.5322265625,-32.7978515625,12.9736328125
72.1309299,-24.9462890625,-35.1416015625,8.0419921875
72.1683015,-24.9462890625,-36.8505859375,3.9404296875
72.1885829,-25.1904296875,-38.9990234375,-0.4541015625
72.2289327,-25.6298828125,-40.4638671875,-4.0673828125
72.2495123,-26.6552734375,-43.0517578125,-6.7529296875
72.2853249,-26.3623046875,-45.3466796875,-9.4384765625
72.3103904,-25.7763671875,-45.3466796875,-12.8564453125
72.3563798,-25.9716796875,-40.4638671875,-15.7373046875
72.3859075,-26.8017578125,-33.2373046875,-18.3740234375
72.3988819,-26.8994140625,-27.8662109375,-17.3486328125
72.4385635,-28.2177734375,-25.0830078125,-2.6513671875
72.4591782,-29.0966796875,-23.4716796875,17.8564453125
72.5026897,-29.5361328125,-22.0556640625,33.4814453125
72.5223572,-30.4150390625,-20.5419921875,41.2451171875
72.5565373,-31.3916015625,-20.8837890625,42.1240234375
72.5798297,-32.6611328125,-21.7626953125,40.7568359375
72.6240332,-32.8564453125,-22.3974609375,37.9248046875
72.642633,-34.1259765625,-21.7626953125,34.2138671875
72.6783457,-34.7119140625,-22.1533203125,30.3076171875
72.7009174,-34.5166015625,-21.4697265625,26.8896484375
72.7424243,-35.8837890625,-22.6904296875,27.0849609375
72.7638141,-35.7373046875,-23.9599609375,28.8916015625
72.8094299,-35.2001953125,-25.4736328125,29.6728515625
72.8285148,-30.9033203125,-27.5732421875,29.1357421875
72.8679264,-26.1669921875,-29.1845703125,26.4990234375
72.8814752,-24.8486328125,-31.3330078125,21.5185546875
72.9237072,-25.1904296875,-32.8466796875,17.9052734375
72.9444773,-24.6044921875,-34.8974609375,13.1689453125
72.9825433,-24.7998046875,-36.8017578125,8.5791015625
73.0017687,-24.1162109375,-39.1943359375,4.7705078125
73.0399105,-25.3369140625,-40.7080078125,0.4248046875
73.0630692,-26.6064453125,-42.6123046875,-2.4072265625
73.1022984,-26.4599609375,-43.4912109375,-4.6044921875
73.122562,-25.6787109375,-46.0302734375,-7.8271484375
73.1750277,-25.8740234375,-43.6865234375,-10.7080078125
73.1859695,-26.0693359375,-35.9716796875,-13.7353515625
73.2245243,-26.9970703125,-30.1611328125,-16.3720703125
73.2455886,-28.1201171875,-25.7177734375,-9.2919921875
73.282517,-28.9990234375,-23.0322265625,9.5556640625
73.303882,-30.1708984375,-21.3720703125,30.5517578125
73.3442578,-30.8544921875,-19.6142578125,44.2236328125
73.3672348,-31.5380859375,-18.0517578125,49.5947265625
73.3958017,-32.4169921875,-18.5400390625,49.4482421875
73.4401806,-32.9541015625,-19.4677734375,47.0556640625
73.4572008,-34.3212890625,-19.6630859375,43.8818359375
73.4958749,-34.8095703125,-18.5888671875,39.9755859375
73.5192307,-35.5419921875,-18.4912109375,35.9228515625
73.5574843,-35.7373046875,-18.3935546875,34.1650390625
73.5763016,-37.0556640625,-19.7607421875,34.0185546875
73.6136998,-37.4462890625,-20.8837890625,36.8994140625
73.6361959,-35.1513671875,-22.2509765625,37.8759765625
73.6730556,-30.2685546875,-24.2041015625,36.0205078125
73.696588,-26.2158203125,-26.7919921875,33.3837890625
73.7366523,-24.8974609375,-28.4521484375,29.2333984375
73.7566986,-25.3369140625,-30.8935546875,24.4970703125
73.792761,-25.0927734375,-32.5537109375,19.6142578125
73.8166915,-25.2392578125,-34.4580078125,15.1220703125
73.8587342,-24.7998046875,-36.2646484375,11.5087890625
73.8798603,-25.5810546875,-38.7060546875,8.2861328125
73.9174212,-26.0205078125,-41.0498046875,5.5029296875
73.9407082,-26.0205078125,-41.6357421875,2.6708984375
73.9707944,-26.0205078125,-38.2666015625,0.3759765625
73.996671,-26.1669921875,-30.7958984375,-3.1884765625
74.0377014,-25.9228515625,-25.7177734375,-4.1650390625
74.0601052,-26.9482421875,-23.1787109375,7.9931640625
74.086876,-28.0712890625,-21.3232421875,28.3544921875
74.1248638,-29.4873046875,-19.8095703125,47.6904296875
74.1499156,-30.8056640625,-18.1494140625,58.8232421875
74.1770961,-31.3916015625,-17.0751953125,61.1669921875
74.2113889,-31.6845703125,-19.2724609375,60.1904296875
74.2370157,-33.2958984375,-19.7119140625,56.4306640625
74.2681826,-34.5166015625,-19.8095703125,52.3291015625
74.3010913,-34.9560546875,-18.8818359375,46.8115234375
74.3290067,-34.8583984375,-18.7353515625,42.7587890625
74.3659992,-35.6884765625,-19.2236328125,42.8564453125
74.3903549,-35.8837890625,-21.7138671875,45.8837890625
74.4202503,-35.8349609375,-22.6904296875,48.4716796875
74.4532428,-32.9541015625,-24.9853515625,49.2529296875
74.480258,-28.0224609375,-26.7919921875,46.7626953125
74.511291,-25.6787109375,-28.7451171875,43.1494140625
74.5426723,-24.8974609375,-31.2353515625,38.6572265625
74.5692175,-24.5068359375,-33.4814453125,33.8232421875
74.6022164,-25.8740234375,-35.8740234375,28.2568359375
74.634256,-25.6787109375,-37.7783203125,24.9365234375
74.6601918,-25.3369140625,-40.0732421875,20.1513671875
74.6971298,-26.8505859375,-42.2705078125,16.6845703125
74.7211931,-27.2900390625,-43.8330078125,13.9501953125
74.7486206,-26.7529296875,-39.6826171875,10.8740234375
74.7835405,-26.1669921875,-32.3583984375,7.9443359375
74.8187272,-26.3623046875,-26.7919921875,8.2861328125
74.8659115,-26.6064453125,-24.3017578125,21.6162109375
74.874952,-27.6318359375,-21.8115234375,45.5908203125
74.9011441,-28.9501953125,-20.6884765625,65.9033203125
74.9301273,-29.7314453125,-19.7607421875,77.2802734375
74.9664045,-30.6103515625,-19.1259765625,79.6728515625
74.991463,-31.4404296875,-19.7119140625,78.0615234375
75.0420177,-33.0029296875,-20.7861328125,74.1552734375
75.0630477,-33.7841796875,-20.6884765625,69.5654296875
75.0990375,-34.5654296875,-20.2490234375,64.1455078125
75.1195565,-35.2001953125,-20.0048828125,59.8486328125
75.1615513,-35.6396484375,-21.0302734375,59.9462890625
75.1818844,-36.4697265625,-22.5439453125,61.4111328125
75.2171662,-37.2021484375,-24.5947265625,64.5849609375
75.2392467,-34.3212890625,-26.1572265625,64.7802734375
75.289353,-28.9013671875,-27.7685546875,62.6806640625
75.3094641,-26.2646484375,-29.9658203125,58.7255859375
75.323684,-25.3857421875,-32.5537109375,53.2568359375
75.3715437,-25.5322265625,-34.5068359375,48.5693359375
75.3850976,-25.3857421875,-36.8994140625,43.8330078125
75.4294629,-25.3369140625,-38.5107421875,38.6572265625
75.4488807,-25.2880859375,-40.4638671875,34.5068359375
75.4891361,-26.4599609375,-42.0751953125,30.6494140625
75.5110213,-27.0458984375,-44.4189453125,27.1337890625
75.5482458,-26.5576171875,-44.2724609375,24.4970703125
75.5700753,-26.3623046875,-38.7060546875,21.6162109375
75.6127538,-26.3134765625,-31.9189453125,18.3447265625
75.6266149,-26.5576171875,-26.4013671875,20.1025390625
75.6713184,-27.4853515625,-23.9599609375,37.5830078125
75.69209,-28.7548828125,-21.2255859375,64.3896484375
75.7306265,-30.1708984375,-19.5654296875,86.9970703125
75.7508849,-30.9521484375,-17.5634765625,96.5673828125
75.7873609,-31.6357421875,-18.4423828125,99.0576171875
75.808863,-33.0029296875,-19.4677734375,96.9580078125
75.8508191,-34.0283203125,-20.5419921875,92.9052734375
75.8722951,-35.2001953125,-20.0537109375,88.4130859375
75.9099016,-35.0048828125,-19.1259765625,82.9443359375
75.9324921,-35.2978515625,-19.7119140625,78.9404296875
75.9703877,-35.9814453125,-21.1767578125,79.3310546875
75.992356,-36.7626953125,-21.6650390625,81.2353515625
76.030337,-37.4951171875,-23.5205078125,83.6279296875
76.0518073,-34.7607421875,-25.7666015625,83.4814453125
76.0888133,-29.6826171875,-28.2568359375,79.9658203125
76.1099518,-26.0205078125,-30.2587890625,75.5224609375
76.1488124,-25.3369140625,-32.1142578125,69.7607421875
76.1724575,-24.5556640625,-34.1162109375,64.7314453125
76.2133616,-25.1416015625,-36.9482421875,58.2861328125
76.2334619,-24.4580078125,-37.9736328125,53.5986328125
76.2732411,-25.1416015625,-40.0732421875,48.2275390625
76.2957534,-25.9228515625,-41.4892578125,44.7119140625
76.3359363,-26.6064453125,-43.8818359375,41.7822265625
76.356162,-26.5087890625,-45.6884765625,37.2412109375
76.3963506,-25.9228515625,-44.2236328125,34.9951171875
76.4166821,-25.8740234375,-38.0712890625,30.8935546875
76.4521203,-26.4111328125,-30.9423828125,27.1826171875
76.4727266,-27.6318359375,-25.6689453125,30.1611328125
76.5087227,-29.0966796875,-22.2021484375,50.1318359375
76.5315836,-29.9755859375,-19.9072265625,76.0107421875
76.568493,-30.8056640625,-17.7099609375,96.9580078125
76.5928671,-30.9521484375,-16.2939453125,105.7958984375
76.628303,-32.3681640625,-15.8544921875,106.5283203125
76.6539657,-33.3447265625,-16.9775390625,103.5009765625
76.6951818,-34.2236328125,-17.3193359375,98.9599609375
76.7146011,-34.5654296875,-16.8798828125,94.1259765625
76.7526743,-35.0537109375,-16.6845703125,87.8759765625
76.7757848,-34.5166015625,-16.3916015625,84.3115234375
76.8148972,-35.2001953125,-17.0263671875,84.2138671875
76.8356593,-36.6162109375,-18.9306640625,86.1669921875
76.8706799,-37.1044921875,-19.6142578125,87.6806640625
76.8938327,-34.6142578125,-22.1044921875,86.1669921875
76.9305406,-28.9501953125,-23.5205078125,82.8466796875
76.9538797,-25.8740234375,-26.1572265625,79.0380859375
76.9948466,-24.4091796875,-27.8662109375,72.6416015625
77.0142491,-24.5068359375,-29.9658203125,66.8310546875
77.0512479,-24.1650390625,-31.5771484375,60.8740234375
77.0759453,-23.5302734375,-33.7255859375,55.6982421875
77.1145765,-23.7255859375,-35.4345703125,50.9130859375
77.1366796,-24.8486328125,-37.5341796875,47.6416015625
77.1729221,-25.8251953125,-39.0478515625,44.5166015625
77.1940115,-25.6298828125,-40.6591796875,41.2451171875
77.2421304,-25.4345703125,-35.7763671875,37.8271484375
77.2718099,-25.2880859375,-28.1591796875,34.7021484375
77.284805,-25.4833984375,-23.5693359375,32.9931640625
77.3219238,-26.7041015625,-20.2490234375,45.9814453125
77.3475066,-27.9248046875,-18.4912109375,69.5654296875
77.3850574,-28.3154296875,-17.0263671875,91.0986328125
77.4073458,-29.7802734375,-14.6826171875,102.3779296875
77.4473262,-30.9033203125,-14.7802734375,104.5263671875
77.4676121,-31.7822265625,-15.6591796875,101.4501953125
77.5089872,-32.8564453125,-16.5380859375,97.1044921875
77.5461515,-33.0517578125,-14.5849609375,92.0263671875
77.5593071,-33.5888671875,-14.9267578125,85.1904296875
77.5955672,-34.0283203125,-15.7080078125,80.8935546875
77.618422,-34.7119140625,-15.4638671875,79.3310546875
77.6546509,-35.7861328125,-17.3193359375,82.3583984375
77.6777677,-36.3232421875,-18.5400390625,85.4345703125
77.7158023,-36.0302734375,-20.2001953125,85.6298828125
77.7402803,-31.2451171875,-21.8115234375,83.0908203125
77.7761292,-26.7529296875,-24.2041015625,78.8916015625
77.7970651,-25.1416015625,-25.8642578125,74.1064453125
77.8373764,-24.7509765625,-28.1591796875,68.1005859375
77.8581918,-24.9462890625,-30.4541015625,63.1201171875
77.8945808,-24.4580078125,-33.3837890625,57.6513671875
77.9217017,-24.6533203125,-34.3603515625,53.8916015625
77.9564623,-25.1416015625,-36.8505859375,49.7412109375
77.9807194,-25.9716796875,-38.5595703125,46.3720703125
78.0189824,-26.6064453125,-36.4111328125,43.7353515625
78.0420115,-26.4111328125,-29.7216796875,39.8779296875
78.0817426,-26.0205078125,-23.3740234375,37.5341796875
78.1020727,-25.8251953125,-20.5908203125,45.6396484375
78.1505323,-26.5087890625,-18.7841796875,68.2958984375
78.1719901,-27.5830078125,-17.3193359375,91.5869140625
78.1921829,-28.4619140625,-15.7568359375,106.2353515625
78.2290972,-28.8525390625,-15.4150390625,110.9716796875
78.2498287,-30.1220703125,-15.6591796875,109.3115234375
78.2933806,-30.9521484375,-17.0751953125,104.8681640625
78.3247545,-31.9287109375,-16.3916015625,100.1318359375
78.3428328,-32.3193359375,-16.2451171875,92.8076171875
78.3829385,-33.0029296875,-15.9521484375,87.6318359375
78.4051155,-33.2958984375,-16.1474609375,85.3857421875
78.4442225,-34.2724609375,-17.4169921875,88.2177734375
78.4633195,-34.0771484375,-19.3701171875,90.7080078125
78.5130162,-34.5654296875,-20.7861328125,91.8310546875
78.5341198,-31.3427734375,-22.9833984375,90.1708984375
78.5521544,-27.1435546875,-25.2294921875,86.2646484375
78.5898097,-23.4326171875,-26.9873046875,80.6005859375
78.6121372,-23.6279296875,-28.6474609375,75.8642578125
78.6489968,-23.4326171875,-30.6982421875,70.6396484375
78.6729562,-23.7255859375,-32.6025390625,65.2197265625
78.7129994,-22.8466796875,-34.5556640625,59.8974609375
78.7343013,-23.6767578125,-36.7041015625,56.5283203125
78.7652671,-24.4091796875,-39.5849609375,53.0615234375
78.8001298,-24.4580078125,-36.2646484375,49.9365234375
78.8260354,-24.8486328125,-30.1611328125,46.4208984375
78.8541189,-24.2626953125,-23.2763671875,44.2236328125
78.8951291,-24.6533203125,-19.7119140625,51.1572265625
78.915723,-24.4091796875,-17.0751953125,74.4970703125
78.9535258,-25.6787109375,-15.4150390625,99.2041015625
78.9759569,-27.2412109375,-14.3408203125,115.9033203125
79.0136118,-27.5830078125,-13.2666015625,123.1298828125
79.0332999,-28.4130859375,-13.8525390625,122.2021484375
79.0736339,-29.9267578125,-15.3662109375,118.1005859375
79.0956006,-30.9033203125,-15.4638671875,113.2666015625
79.1298012,-31.7822265625,-15.1708984375,107.2607421875
79.1556518,-32.1240234375,-14.6337890625,101.3037109375
79.1929516,-32.9052734375,-15.0244140625,99.0576171875
79.220525,-33.9306640625,-16.0986328125,100.4248046875
79.2484509,-34.3701171875,-17.7099609375,103.5986328125
79.281501,-35.1025390625,-19.2724609375,104.5263671875
79.3066824,-33.1005859375,-21.0791015625,103.4033203125
79.3416575,-28.4130859375,-22.5927734375,99.4970703125
79.3686367,-23.5791015625,-24.8876953125,94.8095703125
79.3976452,-23.3349609375,-26.4990234375,89.1943359375
79.4348213,-23.1396484375,-28.2568359375,82.3095703125
79.4563112,-23.7255859375,-30.1123046875,77.1826171875
79.4935893,-23.1396484375,-31.7724609375,72.8857421875
79.5169537,-23.3349609375,-34.1162109375,68.6376953125
79.549988,-23.7255859375,-36.5087890625,64.4873046875
79.5799047,-24.7021484375,-37.5341796875,61.9482421875
79.6079544,-24.6533203125,-33.1396484375,59.0673828125
79.639924,-24.7021484375,-26.2060546875,55.7470703125
79.6689599,-24.1650390625,-21.3232421875,54.5751953125
79.6972306,-24.6044921875,-17.5634765625,66.7822265625
79.7302289,-25.0927734375,-15.5126953125,94.1748046875
79.759207,-26.5576171875,-13.9013671875,118.4423828125
79.8093686,-27.8271484375,-12.3388671875,132.7001953125
79.8193499,-28.2177734375,-11.1669921875,136.7041015625
79.8503878,-29.2919921875,-12.3388671875,134.0673828125
79.8833704,-30.3173828125,-13.2666015625,129.2822265625
79.909307,-31.5380859375,-13.3642578125,124.7412109375
79.9397463,-31.7822265625,-13.4619140625,118.3935546875
79.9896483,-32.3681640625,-13.1201171875,113.2666015625
80.0016984,-32.2216796875,-13.7060546875,112.8271484375
80.0327047,-32.3193359375,-15.6103515625,114.3896484375
80.0799075,-33.6376953125,-17.2705078125,117.0263671875
80.091956,-34.1748046875,-19.0771484375,117.4658203125
80.1420288,-31.7333984375,-20.8837890625,114.9267578125
80.1509707,-26.3134765625,-23.2275390625,110.5322265625
80.1992828,-23.5302734375,-24.9365234375,105.3564453125
80.2183094,-22.8955078125,-28.1591796875,98.3251953125
80.2604815,-23.0908203125,-29.6728515625,92.1728515625
80.2733437,-22.2607421875,-31.9677734375,87.0458984375
80.3209426,-22.5537109375,-33.9697265625,82.0166015625
80.3320036,-22.2607421875,-36.6552734375,78.3544921875
80.3782821,-23.1884765625,-38.7548828125,75.3759765625
80.3985718,-23.2373046875,-38.7060546875,72.2021484375
80.4393738,-23.1396484375,-33.4326171875,68.5888671875
80.4604937,-23.7744140625,-27.2802734375,65.2197265625
80.4976781,-23.2861328125,-22.6416015625,65.7568359375
80.5182105,-23.4814453125,-19.9560546875,83.4326171875
80.5585952,-23.9697265625,-18.4423828125,110.8740234375
80.5797891,-24.8974609375,-16.5869140625,134.1162109375
80.6204508,-26.4599609375,-15.1708984375,144.1748046875
80.640485,-27.0458984375,-15.3173828125,146.1767578125
80.6771218,-28.1201171875,-16.2451171875,142.1728515625
80.6965259,-29.3408203125,-17.3193359375,137.0458984375
80.7374827,-30.9521484375,-16.9775390625,131.5283203125
80.7594834,-31.0498046875,-17.1728515625,124.0576171875
80.8007704,-31.7333984375,-17.3681640625,119.9072265625
80.8214232,-32.2705078125,-18.5400390625,118.5888671875
80.8645453,-32.8564453125,-20.0048828125,121.1767578125
80.8954673,-33.6376953125,-22.4462890625,122.5439453125
80.905463,-33.8330078125,-24.5458984375,122.3486328125
80.958621,-31.1474609375,-26.5478515625,118.1982421875
80.9893447,-26.1669921875,-28.2568359375,113.0712890625
80.9951904,-23.2373046875,-31.1376953125,107.0654296875
81.0379209,-22.4072265625,-33.2373046875,100.5224609375
81.0589506,-22.8955078125,-35.2880859375,94.5654296875
81.0970324,-23.3349609375,-36.9482421875,88.5595703125
81.1176282,-22.5537109375,-39.4873046875,84.5556640625
81.1609904,-22.5537109375,-40.8544921875,80.5029296875
81.1935652,-23.3349609375,-43.3447265625,77.1826171875
81.207717,-23.8232421875,-44.6142578125,74.1552734375
81.2458087,-23.0908203125,-43.1982421875,70.9814453125
81.2662957,-23.0419921875,-35.9716796875,66.6845703125
81.3200149,-22.9443359375,-29.7216796875,63.5107421875
81.3503547,-23.0908203125,-25.5224609375,68.4423828125
81.3594073,-24.3603515625,-23.1787109375,92.2705078125
81.3963623,-25.4345703125,-20.7373046875,118.7841796875
81.4170183,-26.6064453125,-19.7119140625,138.7060546875
81.4601804,-28.0224609375,-17.9541015625,145.5908203125
81.4805666,-28.4619140625,-18.4423828125,145.2001953125
81.51739,-29.4873046875,-19.7119140625,141.5380859375
81.5408923,-30.8056640625,-19.7607421875,136.2158203125
81.585638,-30.9521484375,-19.7607421875,130.4541015625
81.6046471,-31.7333984375,-19.4189453125,124.3994140625
81.6410248,-32.0751953125,-20.1025390625,120.3466796875
81.6619496,-32.7099609375,-20.9326171875,120.0048828125
81.7001657,-33.5888671875,-21.7138671875,122.5439453125
81.7199831,-34.0771484375,-23.6669921875,123.9599609375
81.7558064,-34.0283203125,-25.6201171875,122.3974609375
81.7811978,-30.7080078125,-26.8408203125,117.5146484375
81.8192035,-25.3369140625,-29.3310546875,112.2412109375
81.8436615,-23.3837890625,-30.8447265625,105.9912109375
81.8878711,-23.1396484375,-32.9443359375,100.0341796875
81.9065749,-22.2119140625,-34.6044921875,93.4912109375
81.9507145,-22.1630859375,-37.1435546875,87.5341796875
81.9807962,-22.3583984375,-39.1455078125,83.1396484375
81.9908546,-22.1142578125,-41.1962890625,79.5263671875
82.029198,-23.3349609375,-43.1982421875,75.8154296875
82.0524836,-23.7744140625,-45.2978515625,73.2275390625
82.0904801,-23.6767578125,-45.7861328125,69.3701171875
82.1116352,-23.3837890625,-39.7802734375,66.2451171875
82.14904,-23.3349609375,-32.5537109375,61.5576171875
82.170403,-23.6279296875,-27.7197265625,59.8974609375
82.2047382,-24.1650390625,-24.6435546875,75.7177734375
82.2329017,-25.5810546875,-21.9091796875,104.4775390625
82.2714779,-26.9970703125,-20.4443359375,128.1591796875
82.291886,-27.6806640625,-18.1494140625,141.1474609375
82.3279719,-28.9013671875,-18.5400390625,143.7353515625
82.3558637,-30.0732421875,-19.0771484375,140.1708984375
82.3961791,-30.9033203125,-19.7607421875,135.4345703125
82.4158214,-31.2939453125,-19.1259765625,130.2587890625
82.4561243,-31.2939453125,-18.8818359375,123.3251953125
82.4753678,-32.3193359375,-19.0771484375,118.5888671875
82.5130228,-32.8076171875,-20.1513671875,116.7822265625
82.5330914,-33.7353515625,-21.1767578125,118.6865234375
82.5689148,-34.8095703125,-23.0810546875,120.9814453125
82.596244,-35.4443359375,-24.1552734375,121.1767578125
82.6336586,-33.6865234375,-26.3525390625,118.3447265625
82.6535589,-28.9990234375,-28.1591796875,113.5107421875
82.6915352,-25.0439453125,-30.4541015625,107.2607421875
82.7152864,-22.7001953125,-32.5048828125,100.4248046875
82.7536582,-22.7001953125,-34.7021484375,94.3212890625
82.7766706,-22.5537109375,-36.8505859375,88.1689453125
82.8138443,-23.0908203125,-38.9501953125,83.3349609375
82.8343402,-22.5048828125,-40.3173828125,79.9169921875
82.8774477,-23.1884765625,-43.0517578125,75.8642578125
82.8955524,-24.2138671875,-45.4443359375,73.1787109375
82.9338342,-24.2626953125,-43.6376953125,70.3466796875
82.957503,-23.4814453125,-37.3388671875,66.6357421875
82.9952713,-23.5791015625,-31.9677734375,62.7294921875
83.0181156,-23.4326171875,-28.2080078125,67.5146484375
83.0596791,-24.1162109375,-26.2548828125,90.6103515625
83.0918407,-25.6787109375,-24.7412109375,116.9775390625
83.1107447,-26.9970703125,-23.4228515625,135.6298828125
83.1499476,-27.7294921875,-22.4951171875,143.7353515625
83.1719608,-28.9013671875,-23.3251953125,142.2705078125
83.2080356,-29.7314453125,-24.7412109375,138.1689453125
83.2286343,-31.1962890625,-25.3759765625,132.3583984375
83.2785354,-31.8798828125,-24.5947265625,125.0341796875
83.2978574,-32.3193359375,-24.6923828125,117.7587890625
83.317061,-32.7587890625,-24.7900390625,114.1943359375
83.3577958,-33.0517578125,-26.1083984375,115.9033203125
83.3888103,-34.2724609375,-27.4267578125,118.7353515625
83.4068976,-35.0048828125,-30.0634765625,120.3466796875
83.4524677,-35.1025390625,-30.6494140625,119.6630859375
83.4707786,-32.2216796875,-33.6767578125,116.3916015625
83.5088177,-26.4599609375,-35.2392578125,110.5322265625
83.5292,-23.4814453125,-37.2900390625,104.0380859375
83.5648467,-22.7490234375,-39.3408203125,97.3974609375
83.5907516,-22.3583984375,-41.9775390625,91.2939453125
83.6197439,-22.7490234375,-44.0771484375,85.9228515625
83.6578713,-22.2119140625,-46.9091796875,81.8212890625
83.6815685,-22.7001953125,-48.0322265625,78.3056640625
83.7191683,-23.5791015625,-47.4462890625,74.5947265625
83.744816,-24.3603515625,-40.5615234375,71.3720703125
83.7718505,-23.9697265625,-35.5810546875,67.6123046875
83.81564,-24.2138671875,-31.6748046875,71.9091796875
83.8287715,-23.9697265625,-29.7705078125,93.5400390625
83.8680379,-24.2626953125,-28.7451171875,121.0791015625
83.8891307,-25.3369140625,-27.0849609375,140.8544921875
83.9283905,-26.6064453125,-26.3525390625,148.6181640625
83.9521258,-27.4365234375,-27.5244140625,148.3251953125
83.9890759,-28.0712890625,-28.8427734375,143.3447265625
84.0145332,-29.0478515625,-29.3310546875,137.4853515625
84.0502636,-30.3662109375,-28.7451171875,130.3564453125
84.0716061,-31.1962890625,-28.5498046875,122.5927734375
84.105313,-32.2705078125,-28.9892578125,118.3447265625
84.1324605,-31.9775390625,-30.1611328125,118.9306640625
84.1694073,-33.1982421875,-31.0888671875,121.6650390625
84.194625,-34.3212890625,-33.3349609375,124.4482421875
84.2217473,-34.9560546875,-34.7021484375,122.8857421875
84.2718111,-33.5400390625,-36.5576171875,119.2724609375
84.3008437,-28.6572265625,-38.7060546875,113.9501953125
84.313142,-24.8486328125,-41.6357421875,107.4560546875
84.3522897,-23.5302734375,-43.6865234375,100.9619140625
84.3751726,-23.4814453125,-45.5908203125,94.8095703125
84.4061901,-23.4326171875,-47.2021484375,89.8779296875
84.444274,-23.9697265625,-49.6435546875,85.3369140625
84.4652696,-23.7255859375,-52.0361328125,80.9912109375
84.4977655,-24.7509765625,-53.0615234375,77.2802734375
84.5248735,-25.1416015625,-50.1318359375,73.8134765625
84.5548401,-25.3369140625,-42.8076171875,69.8583984375
84.5901161,-25.1416015625,-36.2646484375,67.6611328125
84.6151566,-24.9951171875,-33.3837890625,76.1083984375
84.6484346,-24.8974609375,-30.6494140625,103.6962890625
84.6778923,-25.8251953125,-29.6240234375,130.9423828125
84.7069052,-27.0458984375,-27.7685546875,148.6669921875
84.7349833,-27.9248046875,-27.1337890625,154.5751953125
84.767342,-29.1943359375,-27.3291015625,153.9404296875
84.7964331,-30.2685546875,-28.4033203125,148.8134765625
84.82948,-31.1962890625,-27.8173828125,142.7587890625
84.8564049,-31.5869140625,-27.4755859375,136.2646484375
84.8878432,-32.1240234375,-27.1826171875,129.3310546875
84.9201467,-33.1005859375,-27.7685546875,126.6455078125
84.9493202,-33.2958984375,-28.9404296875,127.2802734375
84.976,-34.1259765625,-30.1123046875,129.9658203125
85.0101576,-35.1025390625,-32.4072265625,131.2841796875
85.0386031,-35.5908203125,-33.1884765625,130.1123046875
85.0698667,-33.5400390625,-35.7763671875,125.3759765625
85.099744,-28.6572265625,-36.9482421875,119.3701171875
85.1268439,-24.7509765625,-39.1943359375,113.3642578125
85.1608311,-23.6767578125,-40.8544921875,106.7236328125
85.189854,-23.2861328125,-43.1982421875,100.0341796875
85.216839,-23.2861328125,-44.5654296875,95.4443359375
85.2518855,-23.2861328125,-47.1533203125,90.6591796875
85.2816327,-23.0419921875,-47.4951171875,86.8017578125
85.3278488,-23.8232421875,-47.4951171875,83.2373046875
85.339899,-24.6044921875,-41.2451171875,79.5751953125
85.3697906,-24.2138671875,-34.7021484375,76.1572265625
85.4037708,-24.8486328125,-28.6474609375,75.4736328125
85.430807,-23.4814453125,-26.4013671875,92.9541015625
85.458809,-23.7744140625,-23.8134765625,118.2958984375
85.493676,-24.8486328125,-22.3486328125,138.1201171875
85.5196948,-25.8251953125,-20.6396484375,146.7626953125
85.5537706,-27.4365234375,-19.9560546875,148.3251953125
85.605366,-28.0712890625,-20.9814453125,144.0771484375
85.6257084,-28.6083984375,-20.9814453125,139.0966796875
85.6383905,-29.4873046875,-20.3955078125,134.1650390625
85.6735997,-30.5126953125,-19.6142578125,127.5732421875
85.7174456,-31.1474609375,-18.5400390625,122.3486328125
85.734361,-31.4404296875,-19.7607421875,122.0556640625
85.7774371,-31.5380859375,-21.0302734375,123.4228515625
85.7933459,-32.7099609375,-22.0556640625,124.8388671875
85.837622,-33.1982421875,-23.1298828125,123.4716796875
85.8536879,-33.6865234375,-24.8388671875,119.4677734375
85.882478,-29.9755859375,-26.4013671875,114.3896484375
85.9284923,-25.0439453125,-28.0615234375,108.2373046875
85.9425879,-22.1630859375,-29.5263671875,102.4267578125
85.986949,-21.4306640625,-31.3818359375,97.0068359375
86.007097,-21.1865234375,-32.0654296875,92.2705078125
86.0460615,-20.9912109375,-34.6533203125,87.4365234375
86.0664269,-20.9423828125,-35.5322265625,83.2373046875
86.1067095,-21.4306640625,-36.9482421875,79.4287109375
86.1257968,-21.7724609375,-33.9697265625,76.0595703125
86.1667473,-22.4560546875,-26.7919921875,72.3486328125
86.1871441,-22.1142578125,-20.6884765625,69.1259765625
86.2368821,-21.6259765625,-17.8076171875,74.1064453125
86.2459898,-21.7724609375,-14.7802734375,93.4423828125
86.2878445,-21.4306640625,-12.7783203125,112.7294921875
86.3098744,-23.1396484375,-11.4111328125,124.1552734375
86.3449776,-23.4326171875,-10.2880859375,125.2783203125
86.3666585,-25.0439453125,-10.8251953125,122.8369140625
86.4039531,-24.9951171875,-11.6064453125,119.7607421875
86.4244299,-25.3857421875,-11.2646484375,115.5615234375
86.4698502,-26.5576171875,-10.2392578125,109.8974609375
86.4879968,-27.8759765625,-10.2392578125,105.1611328125
86.5229538,-27.9248046875,-10.8740234375,104.5263671875
86.5436037,-28.8525390625,-11.8505859375,104.0869140625
86.5843183,-29.4384765625,-13.7060546875,105.9423828125
86.60516,-29.2919921875,-15.3173828125,105.2099609375
86.6451199,-30.2197265625,-16.5380859375,102.3291015625
86.667299,-28.9990234375,-18.8818359375,98.9111328125
86.7065143,-24.8486328125,-20.3466796875,92.4658203125
86.7387434,-20.6494140625,-22.7392578125,88.0712890625
86.7567049,-18.8916015625,-24.2041015625,83.2861328125
86.8008393,-18.9892578125,-26.0595703125,78.3056640625
86.8307112,-18.7939453125,-28.1591796875,74.2529296875
86.8494786,-18.5498046875,-30.2587890625,70.5908203125
86.8951509,-18.1103515625,-29.3310546875,66.8310546875
86.9144403,-18.0615234375,-24.2041015625,63.4130859375
86.9520975,-19.5263671875,-17.8076171875,59.9951171875
86.9725026,-19.3798828125,-13.9990234375,59.6533203125
87.0097066,-18.2568359375,-11.0205078125,71.5673828125
87.0288522,-18.9404296875,-9.8486328125,89.8291015625
87.0692208,-18.5986328125,-9.2138671875,102.5732421875
87.0893367,-18.7939453125,-7.8466796875,107.5537109375
87.1432945,-19.6728515625,-8.8720703125,106.8701171875
87.1638146,-20.6005859375,-9.7021484375,103.2568359375
87.1806613,-21.4306640625,-10.3857421875,99.4970703125
87.2196501,-22.0654296875,-10.0927734375,95.7861328125
87.2397414,-22.5537109375,-9.9951171875,89.7802734375
87.2772623,-23.4814453125,-10.2880859375,87.3876953125
87.3015855,-24.6533203125,-12.2412109375,86.7041015625
87.3406559,-24.9462890625,-13.9990234375,88.2177734375
87.3626496,-25.2392578125,-15.8056640625,88.5595703125
87.3969238,-25.8251953125,-17.3193359375,86.2646484375
87.4200707,-25.6298828125,-20.0537109375,82.6513671875
87.4584716,-23.9697265625,-21.3232421875,78.4033203125
87.4826818,-19.3798828125,-23.4716796875,73.2275390625
87.5199825,-16.5478515625,-25.4248046875,68.4912109375
87.5455057,-16.0107421875,-27.8662109375,64.3408203125
87.5971192,-15.9619140625,-30.5517578125,59.7998046875
87.6164583,-15.0830078125,-31.0400390625,56.3818359375
87.6324091,-15.4736328125,-32.6513671875,53.4033203125
87.6706335,-15.6201171875,-28.8427734375,49.1552734375
87.6897443,-16.8896484375,-22.2998046875,46.1767578125
87.7280026,-16.6455078125,-16.8310546875,43.5400390625
87.7539072,-16.4501953125,-14.1455078125,50.5712890625
87.7908425,-16.4990234375,-12.0458984375,67.3193359375
87.8145102,-16.3525390625,-10.5322265625,83.1396484375
87.8537432,-16.7431640625,-8.6767578125,91.6845703125
87.8733188,-17.4755859375,-9.0185546875,93.1494140625
87.9128584,-18.7939453125,-10.4345703125,91.1474609375
87.9316802,-20.2587890625,-11.8994140625,88.3642578125
87.9682104,-20.9912109375,-11.7041015625,86.4599609375
87.9937504,-22.0654296875,-11.8505859375,81.5283203125
88.0316697,-22.5537109375,-12.4365234375,77.9150390625
88.0564894,-23.3837890625,-12.9736328125,77.0361328125
88.0949144,-24.4580078125,-15.0244140625,77.6220703125
88.1150082,-24.1162109375,-17.0751953125,78.8427734375
88.1538096,-24.9462890625,-18.9306640625,78.0126953125
88.1739817,-25.2880859375,-20.9326171875,74.4482421875
88.2129787,-24.7998046875,-22.7880859375,70.1025390625
88.237409,-20.8935546875,-25.1806640625,65.6591796875
88.2735531,-17.1826171875,-27.0849609375,61.2646484375
88.2952752,-15.3759765625,-28.6962890625,57.4072265625
88.3326084,-15.2783203125,-30.6494140625,53.0615234375
88.3536028,-15.3271484375,-32.7001953125,49.5947265625
88.3895796,-14.9853515625,-34.8974609375,45.9326171875
88.4181388,-14.8876953125,-37.0947265625,42.1240234375
88.4574536,-15.5712890625,-35.0927734375,38.6572265625
88.4777552,-15.7666015625,-29.0380859375,35.4833984375
88.5167801,-15.5712890625,-22.3974609375,32.4072265625
88.5414405,-15.6689453125,-18.4423828125,32.6513671875
88.5771818,-15.4248046875,-16.3427734375,45.5419921875
88.5986987,-16.4501953125,-14.6826171875,62.6806640625
88.63599,-15.8154296875,-11.9482421875,72.9345703125
88.6559998,-17.0849609375,-11.4599609375,76.8408203125
88.6930517,-17.9638671875,-11.8017578125,76.5966796875
88.7204105,-18.5498046875,-13.8037109375,74.6435546875
88.7614473,-19.7705078125,-14.0966796875,72.0068359375
88.780375,-20.2587890625,-14.2431640625,69.5654296875
88.8186275,-21.2353515625,-14.3408203125,66.0986328125
88.8405099,-22.3095703125,-14.7802734375,64.3408203125
88.8814686,-23.3837890625,-16.5869140625,63.9990234375
88.8993687,-23.3349609375,-18.1005859375,65.2685546875
88.9496319,-24.2138671875,-20.4931640625,64.7314453125
88.9680987,-24.8974609375,-22.3974609375,63.4130859375
88.9900673,-25.2392578125,-23.9599609375,59.5556640625
89.0264443,-23.1884765625,-26.4501953125,55.3564453125
89.0514447,-18.1591796875,-27.7685546875,50.7666015625
89.0813698,-14.4970703125,-29.9169921875,46.8115234375
89.121932,-14.4970703125,-31.8212890625,42.2705078125
89.1412015,-14.5458984375,-33.3837890625,38.6572265625
89.1732795,-14.2041015625,-35.3857421875,36.0205078125
89.2023036,-13.8623046875,-36.9482421875,33.3837890625
89.2330907,-13.4228515625,-39.5361328125,29.8193359375
89.258538,-14.0576171875,-40.6591796875,27.0849609375
89.2970445,-14.8876953125,-38.6572265625,24.0576171875
89.3192778,-14.3017578125,-31.2353515625,21.1279296875
89.3555018,-14.3994140625,-24.5947265625,17.4169921875
89.3835418,-14.2041015625,-21.0302734375,18.7841796875
89.4187774,-14.3994140625,-18.6376953125,32.7490234375
89.443595,-14.7412109375,-16.1474609375,48.4716796875
89.4825715,-16.1572265625,-14.4873046875,59.5556640625
89.5036135,-17.3779296875,-12.3388671875,62.9736328125
89.5345948,-18.3056640625,-13.1689453125,62.8759765625
89.5708455,-19.0380859375,-13.9990234375,61.3623046875
89.5951963,-19.8681640625,-14.7802734375,59.8974609375
89.6263435,-21.6259765625,-13.9990234375,58.2861328125
89.6532971,-21.6748046875,-14.9267578125,54.3310546875
89.6935017,-22.4072265625,-15.3662109375,52.6220703125
89.7119214,-22.8466796875,-16.5869140625,52.4267578125
89.7517589,-23.2861328125,-18.2958984375,53.6962890625
89.7760911,-23.9208984375,-20.1513671875,53.7451171875
89.8041136,-25.2392578125,-21.5185546875,52.0361328125
89.8374274,-25.4833984375,-23.7158203125,48.8623046875
89.8664542,-23.7255859375,-24.8876953125,45.6884765625
89.8964141,-17.7197265625,-27.0849609375,41.4404296875
89.9271248,-15.1806640625,-28.6474609375,36.8017578125
89.9549948,-15.0341796875,-30.7958984375,33.1396484375
89.9840298,-14.3994140625,-32.3095703125,29.3798828125
90.0240546,-14.3505859375,-33.7744140625,26.4990234375
90.0463506,-13.4716796875,-36.1181640625,24.0576171875
90.0803509,-12.7392578125,-37.6318359375,21.0302734375
90.1052488,-13.5205078125,-39.1455078125,18.3447265625
90.137412,-14.2041015625,-36.0205078125,15.9033203125
90.1643031,-14.4482421875,-29.8193359375,12.2412109375
90.1983778,-13.7646484375,-23.0322265625,9.3115234375
90.2275518,-14.5947265625,-20.2978515625,11.7529296875
90.2579937,-13.9599609375,-17.5634765625,25.9619140625
90.288994,-15.4736328125,-15.6591796875,42.2216796875
90.3155782,-16.0595703125,-14.0478515625,52.9150390625
90.3500596,-18.0615234375,-12.7294921875,56.8212890625
90.3790693,-17.9150390625,-13.4130859375,56.3330078125
90.4060029,-19.0380859375,-15.0244140625,55.4541015625
90.4400699,-19.9658203125,-15.4150390625,54.2822265625
90.4690283,-20.5029296875,-15.0732421875,51.4501953125
90.5021052,-21.6259765625,-15.1220703125,47.8857421875
90.5290531,-22.2607421875,-15.7568359375,47.1533203125
90.5590225,-23.2861328125,-17.1240234375,48.3740234375
90.5900716,-23.2373046875,-18.9306640625,49.1064453125
90.6190007,-23.9697265625,-21.3232421875,49.8876953125
90.6476448,-25.3857421875,-23.1298828125,47.3486328125
90.6804442,-25.9228515625,-24.9853515625,44.6630859375
90.7107587,-24.2626953125,-26.2060546875,40.4150390625
90.741777,-18.7939453125,-28.1103515625,35.9228515625
90.7717516,-16.8896484375,-29.1845703125,32.6025390625
90.8009579,-16.3037109375,-30.2099609375,28.0615234375
90.8329566,-15.5712890625,-30.7470703125,25.2294921875
90.8620461,-15.2294921875,-31.5771484375,22.7392578125
90.8888756,-15.0341796875,-32.6025390625,19.9560546875
90.9219565,-14.2529296875,-33.9697265625,17.0751953125
90.9641281,-14.8876953125,-32.6513671875,14.2919921875
90.9851138,-15.7666015625,-27.0361328125,11.6552734375
91.0150609,-16.0107421875,-20.6884765625,7.9931640625
91.053311,-15.8642578125,-15.8056640625,7.5537109375
91.0693384,-16.2060546875,-13.9501953125,17.1240234375
91.1142876,-15.9130859375,-11.5576171875,34.0673828125
91.1303485,-17.0849609375,-9.8486328125,49.4970703125
91.1633945,-18.4033203125,-8.5302734375,57.4072265625
91.2160421,-19.7705078125,-8.2861328125,59.5068359375
91.2189651,-20.8447265625,-9.7509765625,57.7001953125
91.2550223,-21.3330078125,-11.8505859375,57.6025390625
91.2958689,-22.3095703125,-12.2900390625,55.6494140625
91.3175512,-23.0419921875,-12.4365234375,52.2314453125
91.3445229,-23.9208984375,-13.1689453125,49.7412109375
91.391081,-24.1162109375,-15.0732421875,49.6435546875
91.4069383,-24.4091796875,-17.4169921875,50.6689453125
91.4370612,-25.0439453125,-20.2001953125,51.8408203125
91.4750674,-26.0693359375,-23.9111328125,51.2060546875
91.5029947,-26.9482421875,-27.7685546875,48.6181640625
91.5242718,-26.7041015625,-32.3095703125,45.1025390625
91.5672621,-23.2861328125,-35.9716796875,40.6103515625
91.58718,-18.5986328125,-38.4130859375,36.6064453125
91.624976,-17.8173828125,-41.0498046875,32.3095703125
91.6486792,-17.1337890625,-43.8818359375,28.6474609375
91.6766936,-16.1083984375,-46.3720703125,25.2294921875
91.7118281,-15.4248046875,-49.7412109375,23.0810546875
91.7350724,-14.5458984375,-51.9873046875,19.9072265625
91.7859888,-14.7412109375,-54.2333984375,17.6611328125
91.8068333,-15.1318359375,-55.1611328125,14.6337890625
91.8279085,-15.5712890625,-53.5009765625,11.7041015625
91.8670382,-15.4248046875,-45.4443359375,8.2861328125
91.8850658,-15.2294921875,-38.6083984375,5.1123046875
91.9212466,-15.7177734375,-32.0654296875,3.3544921875
91.9461909,-15.3271484375,-29.6728515625,14.6337890625
91.9832686,-16.2548828125,-27.2802734375,35.1904296875
92.0081061,-17.8662109375,-25.5224609375,53.5986328125
92.045121,-18.1103515625,-23.9111328125,63.3154296875
92.0655575,-19.1357421875,-23.8623046875,65.7080078125
92.1035406,-19.6728515625,-26.2060546875,65.7568359375
92.1240424,-20.6005859375,-27.9638671875,64.5849609375
92.1653275,-21.2353515625,-28.5986328125,62.6806640625
92.1853229,-22.7490234375,-28.4521484375,60.4833984375
92.220278,-23.1396484375,-29.6240234375,56.7724609375
92.2507018,-22.8955078125,-31.3330078125,55.7470703125
92.2887424,-23.5791015625,-33.3837890625,57.3583984375
92.3073171,-24.7021484375,-35.7275390625,57.8955078125
92.3463599,-25.9228515625,-37.3388671875,58.2861328125
92.3684874,-26.8017578125,-39.0966796875,55.9423828125
92.4068659,-27.6318359375,-40.9033203125,52.5732421875
92.4289633,-24.7509765625,-42.4169921875,46.8603515625
92.4667376,-19.5263671875,-44.3212890625,42.8076171875
92.490154,-18.2568359375,-46.0302734375,38.0224609375
92.5274807,-18.3056640625,-47.5927734375,34.5068359375
92.5474176,-17.5732421875,-49.4970703125,29.3310546875
92.5849154,-17.2802734375,-52.1826171875,27.1337890625
92.6099263,-16.8408203125,-54.4287109375,24.0576171875
92.6513873,-16.7431640625,-56.1865234375,21.1279296875
92.6722887,-17.3779296875,-58.3349609375,18.1005859375
92.7088726,-18.4521484375,-57.9931640625,15.2197265625
92.7331448,-18.6474609375,-50.8642578125,12.1435546875
92.7602042,-18.9404296875,-44.7607421875,8.0419921875
92.7993024,-19.4775390625,-39.9267578125,7.4560546875
92.82188,-19.8193359375,-37.7783203125,20.0537109375
92.8600669,-21.0888671875,-35.3857421875,40.8056640625
92.8801466,-22.2119140625,-33.6767578125,59.8486328125
92.9184847,-23.7255859375,-31.3330078125,69.6142578125
92.9404972,-25.0439453125,-31.5771484375,71.9091796875
92.9767106,-26.1669921875,-32.7001953125,71.3232421875
93.0022809,-26.8994140625,-33.9697265625,68.5400390625
93.0323883,-27.8271484375,-33.4814453125,66.7822265625
93.0642916,-29.3408203125,-33.4326171875,61.9970703125
93.093338,-29.8779296875,-33.8720703125,58.6767578125
93.1360047,-30.5126953125,-35.1904296875,57.1630859375
93.1550211,-31.2451171875,-36.9482421875,57.9443359375
93.1931651,-31.1962890625,-38.5595703125,58.9697265625
93.2114496,-32.3193359375,-41.0986328125,57.8466796875
93.2497349,-34.4677734375,-43.2470703125,55.3076171875
93.2719646,-34.3212890625,-45.3466796875,51.6455078125
93.3066362,-32.3681640625,-48.1298828125,46.8603515625
93.3337071,-26.5576171875,-49.8388671875,41.6357421875
93.3716098,-23.8720703125,-51.5478515625,36.6064453125
93.3948416,-22.7001953125,-53.4033203125,32.2607421875
93.4329358,-22.5537109375,-55.7470703125,28.9404296875
93.4573522,-23.3349609375,-57.6513671875,24.6435546875
93.4960831,-22.4072265625,-59.6044921875,22.4951171875
93.5144201,-22.4560546875,-61.9482421875,18.6865234375
93.561607,-23.3349609375,-63.4130859375,15.8056640625
93.5820583,-24.3603515625,-61.0693359375,13.4619140625
93.6050082,-23.9208984375,-53.5498046875,8.8232421875
93.6419388,-23.3349609375,-46.8603515625,5.2587890625
93.6669431,-24.0673828125,-43.4423828125,6.7724609375
93.6939109,-24.0185546875,-40.2197265625,23.4716796875
93.7330449,-25.3857421875,-37.8759765625,44.1259765625
93.7541709,-26.3134765625,-35.8251953125,60.4345703125
93.7975917,-27.1923828125,-34.3603515625,66.6845703125
93.8193064,-28.2666015625,-34.6533203125,67.5146484375
93.8473999,-28.6572265625,-35.3369140625,65.3662109375
93.8868511,-29.7314453125,-34.9462890625,62.9736328125
93.9073332,-31.3916015625,-34.3115234375,59.3603515625
93.9433168,-32.0751953125,-34.5556640625,54.0380859375
93.9687547,-32.5146484375,-35.1416015625,50.4736328125
93.9988202,-32.8076171875,-36.4599609375,50.6689453125
94.0277369,-33.6865234375,-37.5830078125,51.7919921875
94.0779534,-33.9794921875,-39.9755859375,53.3544921875
94.0996423,-34.9560546875,-41.9775390625,52.3779296875
94.1195054,-36.2255859375,-44.2236328125,49.2529296875
94.1497677,-36.9091796875,-46.2255859375,44.9560546875
94.1887155,-34.0771484375,-49.3017578125,39.6826171875
94.209766,-28.5107421875,-51.1572265625,34.5556640625
94.2462989,-25.8251953125,-53.0126953125,29.4775390625
94.2668285,-25.1416015625,-55.1123046875,25.1318359375
94.3021304,-24.9462890625,-58.0908203125,21.2255859375
94.329569,-24.5556640625,-59.6044921875,17.7587890625
94.3658485,-24.7021484375,-62.4365234375,14.4873046875
94.3924068,-24.1650390625,-63.1201171875,11.8505859375
94.4287279,-25.2880859375,-58.8232421875,7.9443359375
94.4541031,-25.9228515625,-52.0849609375,5.3564453125
94.4820116,-25.8740234375,-46.5185546875,1.3525390625
94.5108239,-26.2158203125,-43.1005859375,7.1142578125
94.5472672,-26.0693359375,-41.2451171875,24.8388671875
94.5720506,-25.3857421875,-39.7802734375,45.2001953125
94.6010565,-27.5830078125,-37.5341796875,57.4072265625
94.6396887,-28.1201171875,-36.9970703125,61.9482421875
94.6623456,-28.9013671875,-37.8759765625,61.0205078125
94.6947373,-29.9755859375,-38.7060546875,57.7490234375
94.7218439,-30.7568359375,-38.5595703125,54.2333984375
94.7573675,-31.6845703125,-38.1201171875,49.7900390625
94.8005607,-33.1005859375,-37.5830078125,45.2490234375
94.8124819,-33.5400390625,-38.1201171875,42.7587890625
94.842517,-34.0771484375,-39.0966796875,43.1494140625
94.8755642,-34.3701171875,-40.6591796875,45.5908203125
94.9059283,-34.9560546875,-42.7099609375,45.1025390625
94.9344952,-35.9326171875,-44.5654296875,43.3447265625
94.964775,-36.6650390625,-46.4697265625,39.3408203125
94.9947414,-36.6650390625,-48.7158203125,35.3857421875
95.0228812,-34.1748046875,-50.9130859375,30.4541015625
95.0611951,-29.1943359375,-52.6708984375,25.8642578125
95.0841147,-26.7529296875,-55.3076171875,20.7861328125
95.1132159,-25.6298828125,-57.4560546875,16.5869140625
95.1470988,-25.6787109375,-59.2626953125,12.1435546875
95.1733183,-25.5810546875,-61.2158203125,9.4580078125
95.2397277,-25.5322265625,-63.9501953125,6.6748046875
95.2406174,-25.6787109375,-64.9755859375,3.5009765625
95.2710199,-26.8017578125,-63.4619140625,1.1572265625
95.2960539,-27.5341796875,-56.0400390625,-2.7490234375
95.3259585,-26.9482421875,-49.0576171875,-5.8251953125
95.3529633,-26.9970703125,-45.1025390625,-5.9228515625
95.3869554,-27.3876953125,-41.9287109375,9.8974609375
95.4156592,-27.0458984375,-39.5849609375,31.6259765625
95.4460235,-28.4619140625,-37.5341796875,49.4482421875
95.4769969,-29.3408203125,-35.8740234375,58.5302734375
95.5070717,-30.5615234375,-35.7275390625,59.9462890625
95.538747,-31.1474609375,-36.5576171875,57.7490234375
95.5664345,-31.9287109375,-36.7529296875,56.2841796875
95.5974275,-33.0517578125,-35.8740234375,52.3779296875
95.6304216,-33.6376953125,-34.9951171875,48.2275390625
95.6573269,-34.2236328125,-35.2880859375,44.7119140625
95.6886514,-35.2978515625,-36.1181640625,44.1748046875
95.7203919,-35.0048828125,-37.5341796875,46.6162109375
95.7463952,-35.5908203125,-39.0478515625,47.7880859375
95.7783626,-36.3232421875,-40.8544921875,47.8857421875
95.8083762,-37.1533203125,-43.1494140625,45.2490234375
95.8363818,-37.4951171875,-45.2978515625,41.8310546875
95.8703837,-36.3232421875,-47.2998046875,36.4599609375
95.8980144,-32.4169921875,-49.7412109375,31.6259765625
95.9319212,-27.6318359375,-51.2548828125,27.7685546875
95.9591987,-26.7041015625,-53.5498046875,23.2763671875
95.9883899,-25.6787109375,-54.3310546875,19.3212890625
96.0231887,-25.1416015625,-56.5771484375,16.1962890625
96.0502801,-25.0927734375,-58.2373046875,13.4619140625
96.0794507,-25.3857421875,-60.2392578125,11.3134765625
96.1122675,-25.0439453125,-60.4833984375,8.0419921875
96.1405323,-26.1669921875,-54.1357421875,5.1611328125
96.1675492,-26.4599609375,-46.1279296875,2.1826171875
96.2005937,-26.4599609375,-40.5615234375,-0.5029296875
96.2285315,-25.7763671875,-36.9970703125,7.6025390625
96.2637018,-26.4111328125,-33.8720703125,28.4521484375
96.2904881,-26.2158203125,-31.2841796875,50.4248046875
96.3216587,-27.6806640625,-29.3798828125,64.3896484375
96.348367,-28.2666015625,-28.1591796875,69.9072265625
96.3814728,-29.7802734375,-29.0869140625,69.7119140625
96.4199389,-30.1220703125,-29.3310546875,67.9052734375
96.4420025,-30.9033203125,-28.8916015625,65.1220703125
96.4714481,-32.3193359375,-28.5009765625,61.6064453125
96.5013941,-32.8564453125,-28.1103515625,57.6025390625
96.5343874,-33.6865234375,-28.6962890625,55.2587890625
96.5689212,-33.8818359375,-29.5263671875,56.1376953125
96.5897254,-34.8583984375,-31.2353515625,58.5302734375
96.6227769,-35.0537109375,-32.7490234375,59.1650390625
96.660018,-35.7861328125,-34.1162109375,57.6025390625
96.6865938,-36.9091796875,-35.5810546875,54.2333984375
96.7139783,-37.3486328125,-38.0712890625,49.4482421875
96.7521733,-34.3701171875,-39.1455078125,44.4677734375
96.7754006,-29.5849609375,-41.0009765625,40.5126953125
96.8158836,-26.4599609375,-42.8564453125,35.5322265625
96.8293872,-25.4345703125,-44.4677734375,31.3818359375
96.8633582,-24.4091796875,-46.7626953125,27.5732421875
96.8924564,-25.1416015625,-48.3740234375,24.9853515625
96.9307852,-24.3115234375,-49.7412109375,21.8603515625
96.9559423,-24.2626953125,-44.7119140625,18.6865234375
96.9826273,-25.0927734375,-37.2412109375,15.9521484375
97.0295526,-25.9716796875,-31.6748046875,12.9248046875
97.0447031,-25.6298828125,-28.3056640625,16.5869140625
97.0808307,-25.5322265625,-26.7431640625,35.8740234375
97.1103455,-25.2392578125,-24.1064453125,57.7978515625
97.1376351,-25.8740234375,-22.2998046875,73.2763671875
97.1662399,-26.2158203125,-20.8837890625,78.3544921875
97.1962955,-27.0458984375,-22.7880859375,78.7451171875
97.2260358,-28.2177734375,-23.3740234375,75.8154296875
97.2637753,-29.0966796875,-22.5439453125,72.1533203125
97.2854131,-30.1220703125,-21.7138671875,67.7099609375
97.3223724,-30.3173828125,-21.6162109375,62.3388671875
97.3474281,-31.6357421875,-22.2021484375,60.8740234375
97.3773056,-32.2705078125,-22.7880859375,61.5087890625
97.4086975,-33.2470703125,-24.8388671875,63.9990234375
97.4378001,-32.9052734375,-26.3037109375,64.9267578125
97.4669382,-33.7353515625,-28.4521484375,63.1689453125
97.5034577,-34.7119140625,-30.6982421875,60.1904296875
97.5265618,-35.5419921875,-32.1630859375,55.4541015625
97.56442,-34.1748046875,-34.2626953125,50.7666015625
97.5854864,-29.8779296875,-36.7041015625,45.4931640625
97.6286749,-25.3369140625,-38.6572265625,40.9033203125
97.6465776,-24.1162109375,-40.5615234375,37.4365234375
97.6821809,-23.7255859375,-42.8076171875,33.6767578125
97.7066017,-23.4326171875,-42.2705078125,30.0146484375
97.7373421,-23.5791015625,-37.0947265625,27.0849609375
97.7722979,-22.9931640625,-30.4541015625,24.6923828125
97.7978147,-24.0673828125,-25.2294921875,21.8115234375
97.8380822,-24.9462890625,-22.8369140625,30.3564453125
97.8590345,-24.5556640625,-20.9814453125,50.9619140625
97.888097,-24.4091796875,-19.1259765625,72.0068359375
97.9273024,-24.0185546875,-18.1494140625,84.9462890625
97.9513995,-24.0673828125,-18.6865234375,88.1689453125
97.9775498,-24.5068359375,-20.2978515625,86.8017578125
98.0102754,-25.0439453125,-20.0048828125,82.6025390625
98.0405355,-26.5087890625,-19.5654296875,78.2568359375
98.0788968,-26.9970703125,-19.6142578125,72.9345703125
98.100989,-27.7783203125,-19.4189453125,68.4423828125
98.1289108,-28.8037109375,-20.6884765625,67.1728515625
98.1638258,-30.1708984375,-21.8115234375,68.7841796875
98.1922445,-30.2685546875,-23.4228515625,70.7861328125
98.220719,-30.6591796875,-25.3271484375,71.7138671875
98.2570269,-31.4892578125,-27.2802734375,69.4189453125
98.2804038,-31.9287109375,-28.7451171875,64.7802734375
98.3161517,-32.5634765625,-31.4794921875,60.5322265625
98.3424444,-30.8056640625,-33.2373046875,54.3310546875
98.3722737,-26.9482421875,-35.7275390625,49.5947265625
98.4014848,-22.7001953125,-37.8759765625,44.8583984375
98.4387286,-21.0400390625,-39.0966796875,40.7568359375
98.4628555,-21.6259765625,-41.0009765625,37.5830078125
98.5012298,-22.3095703125,-38.1201171875,33.9208984375
98.5254122,-21.7724609375,-31.0888671875,30.6005859375
98.5524668,-21.6259765625,-24.5947265625,28.0126953125
98.5843699,-22.2607421875,-21.0791015625,29.5263671875
98.6143673,-23.3837890625,-18.1005859375,46.8115234375
98.642367,-23.0419921875,-16.2451171875,69.1259765625
98.6773941,-22.4072265625,-14.4384765625,86.1669921875
98.7053737,-22.4560546875,-14.3408203125,92.5634765625
98.7316893,-22.3583984375,-14.8779296875,91.8798828125
98.7707516,-22.8955078125,-15.8056640625,88.4130859375
98.7936032,-24.5556640625,-15.9521484375,85.1416015625
98.8256129,-25.4833984375,-14.9755859375,80.3076171875
98.8555457,-25.9716796875,-14.2431640625,75.1318359375
98.8844645,-26.7529296875,-15.4150390625,72.4951171875
98.9214575,-27.9248046875,-16.8310546875,72.3486328125
98.9455993,-28.9501953125,-19.3701171875,74.8388671875
98.9727865,-29.5849609375,-20.0537109375,75.5712890625
99.0143223,-30.8056640625,-22.9833984375,74.1552734375
99.0355765,-31.0986328125,-24.1064453125,70.3466796875
99.0693493,-32.0751953125,-26.8408203125,65.4638671875
99.0984014,-31.2939453125,-29.2333984375,60.4345703125
99.1263932,-28.6572265625,-30.4541015625,55.3076171875
99.1543786,-24.0185546875,-32.5048828125,49.5947265625
99.1929571,-21.1376953125,-35.3369140625,45.6884765625
99.2123564,-20.5029296875,-36.8017578125,42.0263671875
99.2473663,-20.6005859375,-38.5107421875,39.4384765625
99.2770776,-20.1123046875,-36.9482421875,35.6787109375
99.3061439,-19.8193359375,-30.7958984375,32.8466796875
99.3382474,-20.3564453125,-23.6181640625,30.4541015625
99.3685789,-21.1376953125,-18.8818359375,28.7451171875
99.3961044,-21.5283203125,-15.9521484375,41.1474609375
99.4331167,-20.5517578125,-14.4873046875,62.4853515625
99.4547369,-21.2353515625,-11.8017578125,81.1865234375
99.4922096,-21.1376953125,-10.6298828125,90.0244140625
99.5198966,-21.3818359375,-10.8251953125,92.6123046875
99.5458479,-22.1142578125,-11.8994140625,89.6337890625
99.580777,-23.5791015625,-12.0458984375,87.0458984375
99.6088811,-24.6533203125,-11.8994140625,83.4326171875
99.6376027,-25.1416015625,-10.6787109375,79.0380859375
99.6697682,-26.3134765625,-10.8740234375,75.5224609375
99.6987549,-27.0458984375,-11.2646484375,74.1552734375
99.7317388,-27.9248046875,-13.8037109375,75.6201171875
99.7933044,-28.6572265625,-14.3896484375,76.3525390625
99.7941906,-28.6572265625,-16.2451171875,75.8154296875
99.8202753,-29.4873046875,-18.1982421875,72.7880859375
99.8573411,-30.1708984375,-20.1025390625,68.3935546875
99.8774827,-30.5615234375,-21.7626953125,63.2177734375
99.9124072,-29.6337890625,-23.4716796875,57.8955078125
99.9415803,-24.5068359375,-25.5712890625,52.9638671875
99.9725836,-20.4052734375,-27.0361328125,48.9111328125
100.0008764,-19.0869140625,-29.0869140625,44.3212890625
100.0305341,-18.3544921875,-30.8935546875,41.4892578125
100.0586028,-18.0615234375,-32.7001953125,39.2919921875
100.0915969,-18.4521484375,-32.9931640625,35.6298828125
100.1196583,-18.3056640625,-27.7197265625,32.3095703125
100.1545368,-18.4521484375,-20.0537109375,28.9404296875
100.179518,-19.0380859375,-13.8037109375,26.3525390625
100.2187044,-19.3310546875,-10.4345703125,31.7236328125
100.2454617,-18.8427734375,-7.9443359375,50.8642578125
100.2699721,-18.6474609375,-5.7958984375,72.3486328125
100.3011705,-18.9892578125,-3.2568359375,84.5068359375
100.3471335,-20.2587890625,-3.4033203125,87.9736328125
100.3610599,-21.2841796875,-4.9169921875,86.8017578125
100.4082848,-22.7001953125,-4.9169921875,83.5302734375
100.4284734,-23.6279296875,-4.2333984375,81.5283203125
100.4526275,-24.6533203125,-3.8916015625,77.6220703125
100.4855785,-25.2880859375,-3.7939453125,73.5693359375
100.5135023,-26.1181640625,-5.1123046875,71.5185546875
100.5414998,-26.8505859375,-5.7958984375,72.5439453125
100.5911778,-27.6318359375,-7.7978515625,74.1552734375
100.6136887,-28.3642578125,-9.4091796875,74.0087890625
100.648183,-28.9990234375,-11.9970703125,71.7626953125
100.6694853,-29.4873046875,-13.0224609375,67.7587890625
100.6945181,-30.3662109375,-15.5126953125,61.5087890625
100.7234882,-30.4150390625,-16.4404296875,55.3076171875
100.7722769,-27.3388671875,-19.2236328125,50.7177734375
100.792983,-22.0654296875,-20.6884765625,46.4208984375
100.8158284,-19.7705078125,-23.1298828125,43.6865234375
100.8434246,-19.0869140625,-25.0341796875,40.4150390625
100.8754459,-18.6474609375,-27.1826171875,37.5830078125
100.9286399,-18.7451171875,-25.1318359375,34.8974609375
100.9488935,-18.5986328125,-18.8818359375,32.7978515625
100.9636951,-18.8427734375,-11.7041015625,28.8427734375
100.9967716,-19.4775390625,-8.1396484375,28.1591796875
101.0237369,-19.7705078125,-6.0888671875,40.1708984375
101.0735028,-19.6240234375,-4.3310546875,62.3388671875
101.09412,-19.0380859375,-2.3779296875,78.9892578125
101.1181882,-19.4775390625,-1.3525390625,86.5576171875
101.1485067,-20.0634765625,-3.1591796875,86.9482421875
101.1766552,-20.7958984375,-3.8916015625,84.6044921875
101.2093781,-21.9677734375,-3.8916015625,82.4072265625
101.2383173,-22.8955078125,-3.8427734375,78.3544921875
101.2675047,-24.1650390625,-3.5498046875,73.3740234375
101.2990203,-24.4091796875,-5.0634765625,69.8095703125
101.3441731,-24.9951171875,-5.8935546875,70.6884765625
101.3641852,-26.0205078125,-7.9443359375,72.5439453125
101.4149407,-27.2412109375,-10.2392578125,74.2529296875
101.4446468,-28.1201171875,-11.8505859375,73.4716796875
101.4526858,-27.9736328125,-13.9013671875,70.2978515625
101.4967119,-28.6572265625,-15.5126953125,66.1474609375
101.5182059,-29.3896484375,-18.3447265625,60.8740234375
101.5546196,-28.4130859375,-20.7373046875,57.0654296875
101.5753016,-24.1650390625,-22.6416015625,52.6220703125
101.5983401,-20.1123046875,-24.5947265625,48.2763671875
101.6489092,-19.1357421875,-26.8896484375,44.7119140625
101.6701211,-19.1357421875,-28.7451171875,42.4169921875
101.6890245,-18.5986328125,-26.7431640625,39.5849609375
101.7381317,-18.3544921875,-19.9560546875,36.6064453125
101.7584097,-18.2080078125,-13.7548828125,34.4580078125
101.7786263,-19.5263671875,-9.8974609375,33.7255859375
101.8136288,-19.4287109375,-7.3095703125,48.3740234375
101.8411572,-20.1123046875,-5.7958984375,70.0537109375
101.8741126,-19.3798828125,-4.0869140625,87.6318359375
101.9211082,-19.2822265625,-3.3056640625,95.4931640625
101.9495542,-19.4287109375,-4.7705078125,96.0302734375
101.963463,-19.6728515625,-5.7470703125,93.1494140625
101.990319,-21.1376953125,-6.6259765625,89.6826171875
102.0186257,-22.0654296875,-5.7470703125,84.9951171875
102.0701231,-23.1884765625,-5.6005859375,79.8681640625
102.0923412,-24.3603515625,-7.2607421875,77.7685546875
102.1297853,-25.0927734375,-8.4814453125,78.3056640625
102.1442859,-26.3134765625,-10.8251953125,80.0634765625
102.1919755,-27.1923828125,-12.6806640625,80.9423828125
102.2154961,-27.2900390625,-15.1708984375,80.3076171875
102.2332369,-28.2666015625,-17.6611328125,76.7431640625
102.261664,-28.8525390625,-20.1025390625,72.6904296875
102.312383,-29.4873046875,-22.2021484375,67.6611328125
102.3320018,-28.7548828125,-23.5693359375,62.3876953125
102.3548459,-25.6787109375,-26.7919921875,57.9443359375
102.4044377,-20.3076171875,-28.5009765625,53.6962890625
102.4247547,-19.2822265625,-30.9912109375,49.9853515625
102.4422922,-19.0380859375,-33.2373046875,47.7392578125
102.4928769,-18.8916015625,-34.3115234375,45.0537109375
102.5141282,-18.6474609375,-29.7705078125,42.1240234375
102.5361378,-18.7939453125,-22.1044921875,38.4130859375
102.5655474,-19.6240234375,-16.5380859375,36.1181640625
102.5953423,-20.0146484375,-13.6572265625,38.3154296875
102.6257105,-20.0634765625,-11.1181640625,57.7001953125
102.6843905,-20.3076171875,-9.3603515625,81.4794921875
102.6852773,-19.5263671875,-7.7001953125,98.6181640625
102.7152429,-19.7705078125,-6.7236328125,104.1357421875
102.7636335,-21.3330078125,-8.5302734375,104.5751953125
102.7781565,-21.7724609375,-9.5068359375,101.4013671875
102.8252739,-22.9443359375,-8.4814453125,98.0810546875
102.8460919,-23.8720703125,-9.1162109375,93.7353515625
102.8833858,-24.9951171875,-8.6279296875,89.2919921875
102.8978927,-25.6298828125,-9.7021484375,86.7529296875
102.9257072,-26.3134765625,-11.6064453125,87.6806640625
102.9588036,-27.5341796875,-13.7060546875,90.1220703125
102.9868536,-27.7783203125,-15.4638671875,90.0732421875
103.0197545,-29.0478515625,-17.0751953125,89.0478515625
103.0497974,-28.6083984375,-19.4189453125,85.2392578125
103.0758872,-29.5849609375,-20.9326171875,80.6005859375
103.1262233,-30.6591796875,-22.8369140625,74.8388671875
103.1568935,-29.6337890625,-24.5458984375,68.7841796875
103.1649483,-24.5556640625,-26.7919921875,63.5595703125
103.2020265,-19.9169921875,-28.5498046875,59.7021484375
103.2278071,-18.6962890625,-30.4052734375,55.4052734375
103.2563305,-18.9404296875,-32.4560546875,52.8173828125
103.2953879,-18.3544921875,-34.5068359375,50.3271484375
103.318494,-18.3544921875,-36.4111328125,46.5673828125
103.3801069,-17.8173828125,-32.5537109375,43.6376953125
103.3818294,-18.2080078125,-25.5224609375,40.2685546875
103.4089954,-19.3310546875,-18.1494140625,35.9716796875
103.43994,-19.1357421875,-13.5595703125,35.1416015625
103.4709863,-18.7451171875,-11.7529296875,50.3759765625
103.4998537,-19.3310546875,-8.9208984375,73.1298828125
103.5329402,-18.7939453125,-6.8212890625,91.4892578125
103.5618483,-20.0146484375,-4.7216796875,99.7412109375
103.5909094,-20.7958984375,-5.5029296875,99.6435546875
103.6208973,-21.8701171875,-6.0888671875,96.8115234375
103.6519216,-23.2861328125,-5.7470703125,94.0283203125
103.6789483,-23.6767578125,-5.8447265625,90.7568359375
103.7143298,-24.7021484375,-5.0634765625,85.3369140625
103.7397391,-25.7763671875,-6.7236328125,81.4306640625
103.7939802,-27.5341796875,-7.1630859375,81.9189453125
103.8002034,-27.1435546875,-9.0673828125,82.9443359375
103.8322854,-28.0712890625,-10.3369140625,84.2626953125
103.8602725,-28.2177734375,-12.7294921875,82.8466796875
103.8912317,-29.0478515625,-14.6337890625,79.6728515625
103.9202238,-30.3662109375,-17.1728515625,74.7900390625
103.9542595,-31.0498046875,-18.5888671875,69.4677734375
103.9822103,-31.0009765625,-20.7861328125,65.1708984375
104.0122437,-27.4365234375,-22.5927734375,60.3857421875
104.0442454,-21.5283203125,-24.9853515625,55.4541015625
104.07323,-18.7939453125,-27.5732421875,52.0361328125
104.1033023,-18.3056640625,-28.7451171875,49.2041015625
104.1332858,-18.0126953125,-29.7216796875,45.1025390625
104.1634862,-17.8662109375,-25.5224609375,42.6123046875
104.1962741,-17.6220703125,-18.1005859375,38.6083984375
104.2231622,-17.8173828125,-12.3876953125,35.3857421875
104.2532366,-18.0615234375,-9.8486328125,38.9990234375
104.2845435,-18.8427734375,-7.9443359375,55.9912109375
104.313265,-18.4521484375,-6.2841796875,75.3759765625
104.3423685,-17.9150390625,-4.9169921875,88.2666015625
104.3773713,-18.1591796875,-5.0634765625,91.4892578125
104.4051936,-18.1591796875,-5.8935546875,89.4384765625
104.4371987,-18.6962890625,-6.6748046875,86.5576171875
104.4653557,-20.6982421875,-7.4072265625,82.9443359375
104.4953236,-21.7724609375,-6.5771484375,78.0615234375
104.5257928,-22.3095703125,-7.0654296875,73.4228515625
104.5568656,-22.8466796875,-8.1884765625,71.5185546875
104.583084,-24.1162109375,-9.4580078125,72.9345703125
104.6161392,-24.8974609375,-11.1669921875,74.6435546875
104.6447074,-26.3623046875,-13.2177734375,74.7412109375
104.6784203,-26.3134765625,-15.0732421875,72.8369140625
104.7084336,-27.3388671875,-17.8076171875,69.6142578125
104.7363302,-28.0224609375,-19.9560546875,64.4384765625
104.7703539,-28.4130859375,-22.0556640625,60.0927734375
104.7994235,-27.8759765625,-24.1552734375,54.9658203125
104.8267322,-23.7255859375,-26.2548828125,50.1318359375
104.8577148,-18.9892578125,-29.0869140625,46.2744140625
104.8895873,-17.0361328125,-30.5029296875,42.5146484375
104.9204685,-16.9873046875,-31.8212890625,39.5361328125
104.9501099,-16.4013671875,-26.4013671875,36.1669921875
104.9763701,-16.3037109375,-19.2724609375,33.7255859375
105.0070288,-16.2060546875,-13.8525390625,31.1865234375
105.0379788,-16.3037109375,-11.5576171875,36.1669921875
105.0679856,-16.8408203125,-9.3115234375,53.9892578125
105.1009543,-17.8173828125,-7.8466796875,72.3486328125
105.127487,-17.4755859375,-6.3330078125,83.0908203125
105.1564291,-16.9384765625,-6.6748046875,86.5576171875
105.2217032,-16.4013671875,-8.1396484375,84.5068359375
105.222559,-17.3779296875,-8.8720703125,81.5283203125
105.2525302,-19.0380859375,-8.6767578125,78.5986328125
105.2974552,-20.4541015625,-8.6279296875,73.5205078125
105.317236,-21.8701171875,-8.9208984375,69.9560546875
105.36311,-22.3583984375,-10.0927734375,68.4912109375
105.3834558,-22.8466796875,-12.0458984375,70.4443359375
105.4007693,-22.3095703125,-13.2666015625,71.6162109375
105.4310733,-22.7001953125,-16.0009765625,72.0068359375
105.4600156,-23.7255859375,-17.7587890625,69.4189453125
105.4913761,-24.7021484375,-20.2490234375,65.5615234375
105.5503287,-25.7763671875,-22.5927734375,61.0693359375
105.5511992,-26.6064453125,-24.4970703125,56.2353515625
105.5823031,-26.3134765625,-26.7431640625,51.8408203125
105.6311931,-22.4072265625,-28.9892578125,47.4951171875
105.6519343,-17.3291015625,-31.0400390625,43.7841796875
105.6725304,-15.4736328125,-32.7001953125,40.7080078125
105.7242584,-14.9853515625,-35.0927734375,37.6806640625
105.7546512,-14.8388671875,-36.1669921875,35.3857421875
105.7647319,-14.3505859375,-33.0419921875,32.4560546875
105.8189877,-14.6923828125,-24.9365234375,29.2822265625
105.8383158,-14.9853515625,-19.2236328125,26.5478515625
105.8533999,-16.4501953125,-15.3662109375,26.3525390625
105.8811787,-15.8154296875,-12.8759765625,41.8798828125
105.912055,-15.5224609375,-10.9716796875,63.3642578125
105.9563069,-15.3271484375,-8.4326171875,78.3544921875
105.9771537,-15.7177734375,-8.0908203125,85.0927734375
106.0238274,-16.6455078125,-8.8232421875,85.7763671875
106.045421,-17.6708984375,-9.7509765625,83.6279296875
106.0641924,-18.4033203125,-10.3369140625,81.5283203125
106.0947113,-18.5009765625,-9.6044921875,78.5986328125
106.1506513,-20.1123046875,-9.1162109375,74.3017578125
106.1515678,-21.5771484375,-9.6044921875,71.6162109375
106.1865929,-21.8701171875,-11.0693359375,72.1044921875
106.2139858,-23.2861328125,-13.1689453125,73.7158203125
106.2621622,-23.5791015625,-15.3173828125,74.9853515625
106.2757819,-24.3115234375,-17.0263671875,74.1552734375
106.3041746,-24.8486328125,-19.4677734375,70.7373046875
106.3395024,-25.4833984375,-20.8837890625,65.9521484375
106.3859836,-26.2646484375,-23.5205078125,61.9482421875
106.406518,-27.3388671875,-25.0830078125,57.1142578125
106.4492174,-25.7763671875,-27.3779296875,52.1826171875
106.4678331,-19.8681640625,-28.9404296875,48.7158203125
106.4878504,-15.5712890625,-30.8447265625,44.9560546875
106.5322992,-14.7900390625,-32.3095703125,41.9775390625
106.5520412,-14.4482421875,-34.1650390625,39.7802734375
106.5813052,-14.3017578125,-35.5322265625,36.8994140625
106.6192758,-13.9599609375,-29.6728515625,33.9208984375
106.6391778,-13.7646484375,-21.7626953125,29.9169921875
106.6826939,-14.2529296875,-16.0986328125,27.5244140625
106.7048252,-15.4248046875,-13.4619140625,31.1865234375
106.7400222,-15.7177734375,-10.5322265625,48.0322265625
106.7603269,-15.4248046875,-9.3115234375,68.7841796875
106.8094341,-15.3271484375,-6.7724609375,82.0166015625
106.8310198,-15.8154296875,-6.5283203125,87.1923828125
106.8491644,-16.0595703125,-7.7001953125,87.8759765625
106.895225,-18.0615234375,-8.4814453125,86.4599609375
106.9155825,-19.5751953125,-7.6513671875,83.7255859375
106.9549615,-20.1611328125,-7.3583984375,80.5029296875
106.975313,-21.2353515625,-7.7978515625,76.7431640625
107.0107527,-22.1630859375,-8.4326171875,75.1806640625
107.030612,-22.9443359375,-10.2880859375,75.0830078125
107.0574975,-24.0673828125,-11.1669921875,77.7197265625
107.0902554,-24.3603515625,-13.1689453125,78.1103515625
107.1343034,-24.5556640625,-15.0732421875,76.4501953125
107.1553951,-24.9951171875,-17.2705078125,73.7158203125
107.1945754,-26.3623046875,-19.1748046875,68.4423828125
107.2156684,-27.3876953125,-21.3232421875,63.9013671875
107.2548603,-27.4853515625,-22.9345703125,59.3603515625
107.2760658,-25.7275390625,-25.5712890625,55.3076171875
107.2989161,-20.1611328125,-27.2802734375,51.7431640625
107.3494626,-16.4501953125,-29.9169921875,48.4228515625
107.3700878,-15.3271484375,-31.6748046875,45.6884765625
107.4064006,-15.2294921875,-29.3798828125,43.7841796875
107.4265751,-14.6923828125,-22.5439453125,40.3662109375
107.4623542,-14.7900390625,-16.5380859375,38.1689453125
107.4814272,-15.0830078125,-12.4365234375,36.0205078125
107.5246381,-14.8388671875,-10.1904296875,47.0556640625
107.5462532,-15.9130859375,-8.8232421875,66.8310546875
107.5884062,-15.9130859375,-7.3583984375,85.0439453125
107.607857,-15.3759765625,-6.1376953125,95.4931640625
107.6448713,-15.5224609375,-7.7978515625,96.7626953125
107.6649579,-16.4013671875,-8.2861328125,94.6630859375
107.7062009,-17.5732421875,-8.5302734375,92.7587890625
107.7253913,-18.1103515625,-8.3349609375,89.0478515625
107.7723102,-19.4775390625,-8.3837890625,83.3349609375
107.7920752,-20.3076171875,-9.3603515625,81.3818359375
107.8322292,-21.0400390625,-11.0205078125,80.4052734375
107.8507775,-21.6748046875,-12.8271484375,82.6513671875
107.8727048,-23.2373046875,-14.9267578125,83.6767578125
107.9049596,-24.0185546875,-17.1728515625,82.9443359375
107.9511281,-24.5068359375,-19.3701171875,79.9658203125
107.9703035,-25.2392578125,-21.3720703125,76.2548828125
108.0085633,-25.7275390625,-23.5693359375,71.8603515625
108.0315309,-26.9970703125,-25.1806640625,66.2451171875
108.0724008,-26.4599609375,-27.9638671875,61.6552734375
108.0846432,-22.6025390625,-29.3798828125,58.1884765625
108.1311006,-18.2568359375,-31.3818359375,53.7939453125
108.1618661,-16.0595703125,-33.5791015625,51.1572265625
108.1748916,-16.3037109375,-34.7509765625,48.8623046875
108.2220159,-15.9130859375,-29.9658203125,45.6396484375
108.2359615,-16.0595703125,-22.9345703125,43.1005859375
108.2784371,-16.1572265625,-17.7099609375,40.5615234375
108.2987921,-16.2060546875,-14.3896484375,41.6845703125
108.3496437,-16.9384765625,-11.8994140625,57.3583984375
108.3544757,-16.9384765625,-10.3857421875,79.1845703125
108.3898924,-17.4755859375,-9.2626953125,96.5185546875
108.431841,-17.8662109375,-9.2626953125,104.0380859375
108.4458445,-17.4267578125,-10.7763671875,105.4541015625
108.4910617,-18.1103515625,-11.7041015625,103.5009765625
108.5112404,-19.4287109375,-11.7529296875,101.4501953125
108.5472927,-20.4541015625,-11.4111328125,96.9091796875
108.5691034,-21.2841796875,-12.5341796875,92.1728515625
108.6101452,-22.5048828125,-13.1201171875,89.5849609375
108.6305983,-23.5302734375,-15.2197265625,90.3173828125
108.6591211,-24.1162109375,-17.2216796875,92.0263671875
108.7031284,-25.1416015625,-19.3212890625,93.1005859375
108.72179,-25.1416015625,-21.0791015625,91.1962890625
108.763561,-26.0205078125,-23.1787109375,87.9736328125
108.7758005,-26.0693359375,-25.7666015625,83.1884765625
108.811953,-27.3876953125,-28.0126953125,77.6708984375
108.8379076,-27.6806640625,-29.7705078125,72.1533203125
108.8801659,-27.3876953125,-31.0888671875,67.6123046875
108.902399,-22.3583984375,-33.1396484375,62.6806640625
108.9443964,-18.5498046875,-35.1904296875,58.9697265625
108.957354,-17.2314453125,-36.4599609375,55.6005859375
109.0029257,-16.9873046875,-37.6806640625,51.9873046875
109.019941,-16.9384765625,-31.9677734375,49.1552734375
109.0509039,-16.1572265625,-24.9853515625,45.7373046875
109.0798515,-16.5478515625,-19.5166015625,42.1728515625
109.1078126,-17.3291015625,-15.8544921875,45.0537109375
109.151502,-17.7197265625,-13.4619140625,63.8037109375
109.1705604,-17.6220703125,-11.1181640625,86.1669921875
109.2136508,-17.6708984375,-9.6044921875,103.0615234375
109.2316342,-17.9150390625,-9.5068359375,109.9951171875
109.2604466,-17.7197265625,-10.5810546875,109.1162109375
109.2935701,-18.3056640625,-11.6552734375,108.0908203125
109.3230112,-19.7216796875,-11.6064453125,105.3076171875
109.3517693,-20.4541015625,-11.0205078125,100.5712890625
109.3809589,-21.9677734375,-11.0693359375,95.6396484375
109.4118463,-22.6513671875,-12.5830078125,92.6611328125
109.4409779,-23.5791015625,-13.5107421875,92.8076171875
109.4752037,-24.7509765625,-15.7080078125,93.7841796875
109.5019134,-24.7021484375,-17.7099609375,93.9794921875
109.54698,-25.9716796875,-20.0048828125,92.2216796875
109.5639777,-26.4111328125,-21.1767578125,87.4853515625
109.5940916,-26.8017578125,-23.7158203125,82.3583984375
109.6219702,-27.8271484375,-25.7666015625,76.4013671875
109.6560349,-28.0712890625,-27.9638671875,70.6396484375
109.6833918,-27.8271484375,-29.2822265625,65.1220703125
109.7154755,-23.4326171875,-31.5283203125,60.7275390625
109.7444892,-18.4033203125,-33.4814453125,56.5283203125
109.7725106,-17.5244140625,-35.9716796875,53.4521484375
109.8065066,-17.2314453125,-36.8505859375,50.6201171875
109.8343344,-17.1826171875,-32.7978515625,47.1533203125
109.8635067,-16.6455078125,-24.8876953125,43.7353515625
109.8963801,-16.1572265625,-20.2001953125,39.5849609375
109.9245688,-16.5478515625,-16.1962890625,39.5849609375
109.9577443,-17.3779296875,-14.7314453125,53.3056640625
109.9864271,-17.2802734375,-12.3876953125,75.1318359375
110.0156686,-17.8173828125,-11.2158203125,92.7099609375
110.0465356,-17.8173828125,-10.8251953125,99.9365234375
110.0901045,-18.1591796875,-12.5341796875,100.3759765625
110.1049375,-18.4521484375,-13.2177734375,96.7626953125
110.1364373,-19.7705078125,-13.2177734375,92.7587890625
110.167449,-20.4541015625,-12.8759765625,87.6806640625
110.1994272,-21.9189453125,-12.6318359375,82.2119140625
110.2273116,-22.5537109375,-13.7548828125,78.4033203125
110.2557718,-23.8232421875,-15.4638671875,78.4521484375
110.2846439,-24.3603515625,-17.4169921875,79.8193359375
110.3186485,-25.2880859375,-18.6376953125,80.9912109375
110.3464373,-25.8740234375,-21.2255859375,79.4287109375
110.3787213,-26.5087890625,-23.0322265625,74.9365234375
110.4099093,-27.2412109375,-25.3271484375,70.2490234375
110.436873,-27.2900390625,-27.7685546875,64.7314453125
110.4679567,-27.8759765625,-29.9658203125,58.4814453125
110.4987616,-28.5107421875,-31.7236328125,53.8916015625
110.5265806,-25.2392578125,-33.9208984375,48.9111328125
110.5747698,-20.6982421875,-36.4599609375,45.2978515625
110.5964201,-18.5498046875,-38.5595703125,41.1962890625
110.6385597,-18.5986328125,-37.4365234375,37.9248046875
110.6474782,-18.2568359375,-31.7724609375,34.5556640625
110.6795804,-18.0615234375,-24.5947265625,30.6494140625
110.710415,-18.0126953125,-20.7373046875,28.2568359375
110.7384617,-18.0126953125,-18.3935546875,33.2861328125
110.7694143,-18.4521484375,-16.2451171875,51.9384765625
110.8001331,-19.7216796875,-14.8291015625,70.7373046875
110.8280861,-19.4287109375,-13.6572265625,83.1396484375
110.8780264,-18.7451171875,-14.7802734375,85.2392578125
110.8903559,-18.7939453125,-15.6591796875,82.7978515625
110.9203629,-19.0869140625,-16.5380859375,78.8427734375
110.9527332,-20.2587890625,-16.4404296875,74.8388671875
110.9988763,-21.4306640625,-16.4404296875,68.6865234375
111.0180697,-22.3583984375,-16.9287109375,64.2919921875
111.0543074,-23.1396484375,-18.1494140625,62.3388671875
111.0759244,-23.5791015625,-20.4931640625,62.9248046875
111.1199728,-24.7998046875,-22.5927734375,64.3896484375
111.1329413,-25.5322265625,-24.6435546875,64.2919921875
111.179235,-26.5087890625,-26.6455078125,60.5322265625
111.2002354,-26.2646484375,-28.6474609375,55.6982421875
111.2446267,-27.3876953125,-31.1865234375,51.4501953125
111.2643474,-27.7783203125,-33.3837890625,45.7373046875
111.2833573,-28.6572265625,-35.4833984375,40.3662109375
111.3118856,-27.3876953125,-37.7294921875,35.1904296875
111.3419231,-23.7255859375,-40.0244140625,31.1865234375
111.3748602,-19.5263671875,-41.3916015625,27.0849609375
111.4181047,-18.1103515625,-44.0283203125,24.4970703125
111.4495134,-18.0126953125,-40.8056640625,21.2255859375
111.4647602,-18.0126953125,-33.2861328125,17.8076171875
111.5117497,-18.1591796875,-27.8173828125,14.3408203125
111.5309647,-17.6708984375,-23.6669921875,13.0712890625
111.5703988,-18.6962890625,-21.8115234375,24.3505859375
111.5902907,-19.0869140625,-20.2490234375,44.8095703125
111.6295143,-18.9892578125,-19.0283203125,62.5830078125
111.6456327,-18.6962890625,-17.6611328125,70.0048828125
111.6878133,-18.8427734375,-18.9794921875,71.2744140625
111.7087084,-18.7451171875,-20.1025390625,68.8330078125
111.7466001,-19.7705078125,-20.2001953125,65.1708984375
111.7660899,-20.6005859375,-19.7607421875,60.7275390625
111.8093997,-22.2607421875,-19.7119140625,55.1611328125
111.8296692,-23.3349609375,-21.2255859375,51.8408203125
111.8655853,-23.5302734375,-21.8115234375,51.8408203125
111.8869394,-25.0927734375,-24.6923828125,53.0126953125
111.9241614,-26.4599609375,-26.1572265625,53.7939453125
111.9453707,-27.1435546875,-28.5986328125,53.1103515625
111.9872961,-27.6318359375,-30.8935546875,50.6689453125
112.0086952,-27.8271484375,-33.2861328125,46.3232421875
112.0604928,-28.6572265625,-35.7275390625,40.9521484375
112.079719,-29.4873046875,-37.3876953125,35.6298828125
112.0968072,-30.1220703125,-39.7314453125,30.1123046875
112.1380926,-29.0478515625,-41.8310546875,26.0107421875
112.1596763,-23.7744140625,-43.8330078125,22.0556640625
112.2016315,-19.7216796875,-46.2255859375,17.9541015625
112.2237149,-18.4521484375,-48.3740234375,14.6826171875
112.2614208,-18.4521484375,-47.8369140625,12.5341796875
112.2818629,-18.5986328125,-41.1474609375,9.0185546875
112.3294485,-18.5986328125,-34.5556640625,5.2587890625
112.3485888,-18.6474609375,-28.7451171875,2.4267578125
112.3868773,-18.6962890625,-26.6943359375,6.7724609375
112.4086165,-20.2099609375,-23.8134765625,25.6689453125
112.4451602,-20.6005859375,-23.1787109375,47.2509765625
112.4688703,-19.8193359375,-21.7626953125,60.7763671875
112.5151083,-19.8193359375,-21.8115234375,66.0009765625
112.5354019,-20.1123046875,-23.1298828125,64.2919921875
112.5503097,-20.9423828125,-24.2041015625,61.5576171875
112.5886622,-21.9189453125,-23.3251953125,58.1396484375
112.6103647,-23.6767578125,-23.4716796875,53.1591796875
112.647579,-24.4091796875,-24.0087890625,48.5205078125
112.6729595,-25.2880859375,-24.3994140625,46.7138671875
112.7212933,-25.9716796875,-25.9130859375,47.3486328125
112.7498933,-27.0458984375,-28.0126953125,49.4970703125
112.7638941,-28.3154296875,-29.7705078125,49.5947265625
112.8140421,-27.9736328125,-31.8701171875,48.1787109375
112.8341169,-28.5595703125,-34.0673828125,44.0283203125
112.8521473,-29.3896484375,-37.0458984375,39.3896484375
112.8900315,-30.4638671875,-38.6572265625,34.2626953125
112.9103545,-31.5380859375,-40.8056640625,29.3798828125
112.9562063,-32.2705078125,-43.2470703125,24.3017578125
112.9790843,-28.6572265625,-44.8095703125,19.1259765625
113.020345,-23.0419921875,-46.9091796875,15.9521484375
113.0524573,-19.7705078125,-49.3017578125,12.3876953125
113.0613574,-19.3310546875,-51.1083984375,8.9208984375
113.1147568,-19.5751953125,-53.0126953125,6.7236328125
113.1349012,-19.3798828125,-52.2314453125,4.1357421875
113.1529852,-18.6474609375,-45.4443359375,0.8642578125
113.1961579,-18.6962890625,-37.2412109375,-2.9443359375
113.2161873,-19.6728515625,-32.5048828125,-6.8994140625
113.2539144,-20.2587890625,-28.8427734375,-0.4052734375
113.2746412,-20.3564453125,-27.3291015625,20.0537109375
113.331877,-20.5029296875,-24.8388671875,41.9775390625
113.3327425,-20.0634765625,-22.9833984375,57.4072265625
113.3628226,-20.3564453125,-22.3486328125,62.3388671875
113.4092787,-21.2841796875,-23.5693359375,61.9482421875
113.4299469,-23.1884765625,-23.9111328125,58.8720703125
113.4651831,-24.0185546875,-22.8857421875,56.1865234375
113.4858627,-25.2880859375,-22.5927734375,50.6689453125
113.5219099,-25.6298828125,-22.9833984375,47.2509765625
113.5434962,-26.9970703125,-24.0087890625,44.5654296875
113.5858488,-28.2177734375,-24.9365234375,46.4697265625
113.6060185,-28.2177734375,-27.4755859375,49.1064453125
113.6449305,-29.4873046875,-28.5986328125,49.0087890625
113.6657107,-29.5361328125,-31.1376953125,47.9833984375
113.7009237,-29.8779296875,-33.1396484375,45.0048828125
113.7236054,-30.3662109375,-35.4345703125,39.8779296875
113.7681058,-31.8798828125,-37.1923828125,34.6533203125
113.7878818,-33.0517578125,-39.8291015625,29.4287109375
113.8230471,-32.7587890625,-41.3916015625,24.5947265625
113.8451551,-30.9033203125,-44.1748046875,20.7373046875
113.8900213,-24.7021484375,-45.6884765625,16.8798828125
113.9106154,-21.2841796875,-48.1298828125,13.6572265625
113.9488724,-19.3798828125,-50.5224609375,11.0205078125
113.9666191,-19.3798828125,-50.9130859375,8.1884765625
114.0101212,-19.7705078125,-45.6396484375,6.0400390625
114.0286543,-19.2822265625,-37.8271484375,1.9384765625
114.0667378,-19.8193359375,-32.0654296875,-1.3818359375
114.088674,-20.6494140625,-28.9892578125,0.1806640625
114.1298961,-21.2353515625,-26.8896484375,16.8310546875
114.1458598,-21.2841796875,-25.0341796875,40.3662109375
114.1880288,-20.8935546875,-23.3251953125,59.1162109375
114.2067481,-20.4052734375,-22.5439453125,67.7099609375
114.2492765,-20.9423828125,-24.0087890625,69.0771484375
114.2695963,-21.3330078125,-24.5458984375,66.2939453125
114.3109703,-23.5791015625,-24.6435546875,62.6318359375
114.3300681,-23.6279296875,-23.8134765625,58.5791015625
114.373254,-24.5068359375,-23.7158203125,53.3056640625
114.3883171,-25.7275390625,-24.4970703125,51.0107421875
114.4285783,-26.4111328125,-26.2060546875,50.9619140625
114.4485785,-27.5341796875,-27.6708984375,53.1591796875
114.4898183,-27.8271484375,-29.6240234375,54.5751953125
114.5119107,-28.7060546875,-31.3330078125,54.7705078125
114.5514408,-29.1943359375,-33.7744140625,51.4013671875
114.5717912,-29.8291015625,-36.1669921875,47.5439453125
114.6114665,-30.1220703125,-38.8037109375,41.1474609375
114.6294208,-31.5869140625,-40.4638671875,35.9228515625
114.6712032,-32.7099609375,-42.4169921875,31.2841796875
114.6911404,-31.2451171875,-44.6142578125,26.2548828125
114.7205994,-26.8994140625,-46.6650390625,23.1298828125
114.7651738,-22.2607421875,-49.3017578125,18.8330078125
114.7804052,-20.2099609375,-51.2548828125,16.7333984375
114.8225131,-19.3310546875,-52.7685546875,13.5595703125
114.8415485,-19.3798828125,-48.1787109375,11.9482421875
114.8796631,-19.5263671875,-40.9033203125,7.8955078125
114.9030787,-19.5263671875,-34.6044921875,4.7216796875
114.9400297,-19.5751953125,-31.0400390625,3.5009765625
114.9606394,-21.0400390625,-28.8427734375,18.2470703125
114.990148,-21.6259765625,-26.6943359375,42.6611328125
115.0237724,-21.1376953125,-25.3759765625,64.7802734375
115.061707,-21.2841796875,-24.5947265625,77.5244140625
115.0867606,-20.6005859375,-25.5224609375,81.0888671875
115.112611,-21.2353515625,-26.6943359375,79.3798828125
115.1406302,-22.6513671875,-25.8642578125,75.6689453125
115.1736926,-23.7744140625,-25.7177734375,72.6416015625
115.2028799,-24.2626953125,-25.6201171875,66.6357421875
115.2307474,-25.1416015625,-26.5966796875,62.6318359375
115.2658331,-26.1181640625,-27.4755859375,62.4365234375
115.2938167,-27.1923828125,-30.3564453125,64.0478515625
115.3251579,-28.8525390625,-31.7236328125,66.2939453125
115.3552147,-29.4873046875,-34.0185546875,66.0009765625
115.3853855,-29.8291015625,-36.0205078125,63.9013671875
115.4162843,-30.0732421875,-38.3154296875,60.1416015625
115.444248,-30.3173828125,-41.2939453125,54.0869140625
115.4751728,-30.9033203125,-43.0517578125,48.8134765625
115.5085566,-31.8798828125,-44.8583984375,43.1005859375
115.5346695,-31.8310546875,-47.2998046875,37.4853515625
115.5676393,-29.4873046875,-48.7646484375,33.6279296875
115.5965383,-23.7255859375,-51.0107421875,30.3564453125
115.6239135,-20.7470703125,-53.2080078125,27.2802734375
115.6590427,-20.0146484375,-55.4541015625,24.4482421875
115.6860424,-19.4287109375,-52.9638671875,21.8603515625
115.7158687,-19.4287109375,-44.7119140625,18.7353515625
115.7456579,-19.3798828125,-37.5830078125,15.1708984375
115.7809754,-19.7216796875,-32.8466796875,12.2412109375
115.8257324,-20.9912109375,-29.8681640625,20.8349609375
115.8380363,-21.7724609375,-27.2314453125,44.9560546875
115.8673889,-21.8701171875,-26.0107421875,70.1025390625
115.8994342,-21.3818359375,-24.4482421875,88.4130859375
115.9446474,-21.2353515625,-24.4482421875,94.9560546875
115.9643758,-21.2841796875,-25.3271484375,95.4931640625
116.00635,-22.6025390625,-25.2783203125,92.1728515625
116.0271781,-24.0673828125,-24.5458984375,88.7548828125
116.0661175,-24.6044921875,-24.3505859375,83.5791015625
116.0786078,-25.7275390625,-24.2529296875,78.7451171875
116.1099728,-26.2646484375,-25.8154296875,75.7666015625
116.1365459,-27.7783203125,-27.1337890625,76.8408203125
116.1690466,-28.8525390625,-29.0869140625,79.4775390625
116.1976806,-29.0478515625,-30.8447265625,80.3564453125
116.252382,-29.9755859375,-33.1396484375,78.1591796875
116.2738326,-30.3662109375,-34.3115234375,74.6923828125
116.2897842,-30.8544921875,-36.2158203125,68.7353515625
116.3370414,-31.9775390625,-38.2177734375,63.1201171875
116.3582159,-32.6611328125,-40.0732421875,57.3095703125
116.3951718,-33.4423828125,-42.1728515625,52.3291015625
116.4165072,-32.8076171875,-44.2724609375,47.4951171875
116.4523093,-27.7783203125,-46.2255859375,43.4423828125
116.4715376,-23.0419921875,-47.9345703125,40.7568359375
116.5187638,-21.0400390625,-48.9599609375,37.4365234375
116.5377829,-21.0400390625,-46.1279296875,34.9951171875
116.5745437,-20.7470703125,-37.9248046875,32.1142578125
116.5948142,-20.4052734375,-31.9677734375,28.5009765625
116.6355887,-20.5029296875,-29.2822265625,26.7919921875
116.6542935,-20.7470703125,-26.2548828125,37.6318359375
116.7058145,-21.6748046875,-24.8388671875,62.7783203125
116.7274073,-21.8701171875,-22.5439453125,87.8759765625
116.7426169,-21.5771484375,-20.9814453125,102.3291015625
116.8002701,-22.1630859375,-21.9091796875,106.6748046875
116.8204238,-22.0166015625,-23.0810546875,104.4775390625
116.8351547,-22.1142578125,-22.9833984375,100.7666015625
116.8814862,-23.5791015625,-21.6650390625,96.9580078125
116.9135378,-24.2138671875,-21.6650390625,90.0732421875
116.9235702,-25.0927734375,-22.8857421875,85.3369140625
116.9764247,-26.2158203125,-23.5205078125,84.0673828125
117.0059452,-27.3876953125,-25.5224609375,86.1669921875
117.0109645,-28.2666015625,-27.3291015625,88.8037109375
117.0532232,-28.9501953125,-29.4287109375,88.3642578125
117.0734962,-28.9990234375,-31.0888671875,87.0947265625
117.1160913,-29.8779296875,-33.4814453125,82.1630859375
117.1495975,-30.5126953125,-36.0205078125,77.2314453125
117.1656168,-30.9033203125,-38.1201171875,70.8349609375
117.2085434,-31.4892578125,-39.5849609375,65.4150390625
117.2287033,-32.7587890625,-41.5380859375,60.4833984375
117.2771093,-31.0986328125,-43.9306640625,56.3330078125
117.3072594,-27.0947265625,-45.8349609375,52.8173828125
117.3173678,-22.8466796875,-47.4951171875,50.3759765625
117.3574543,-20.8447265625,-42.8564453125,47.6416015625
117.3787164,-20.5517578125,-35.4833984375,43.8818359375
117.4162535,-20.1611328125,-29.6728515625,41.2451171875
117.4384431,-20.7470703125,-27.2802734375,40.5615234375
117.4813653,-19.7216796875,-24.8876953125,55.6982421875
117.5119889,-20.5517578125,-23.2275390625,82.0166015625
117.5242559,-21.4306640625,-21.7626953125,104.6240234375
117.5650014,-21.8701171875,-21.7138671875,115.9521484375
117.5854069,-21.0888671875,-23.3251953125,117.9052734375
117.6242856,-20.6494140625,-23.9111328125,115.7568359375
117.649505,-21.0888671875,-23.4228515625,111.4111328125
117.6901238,-21.7236328125,-22.8857421875,106.3330078125
117.7102168,-22.5048828125,-23.2275390625,99.8388671875
117.7514432,-23.6767578125,-24.9365234375,95.1513671875
117.7740433,-24.4580078125,-25.5712890625,95.1025390625
117.8110873,-24.8974609375,-27.7197265625,97.5439453125
117.8314273,-25.6787109375,-29.9658203125,99.1064453125
117.8736968,-26.7041015625,-32.0166015625,98.4228515625
117.9057981,-27.0458984375,-34.0673828125,96.3720703125
117.9197292,-27.7783203125,-36.8017578125,91.1474609375
117.9577126,-27.8759765625,-38.1689453125,85.6298828125
117.9779192,-28.4619140625,-40.7568359375,79.0380859375
118.0155363,-29.4873046875,-42.4658203125,73.8134765625
118.0392361,-29.9755859375,-43.7841796875,67.9052734375
118.0753782,-28.1201171875,-46.8115234375,64.2431640625
118.0992061,-24.3115234375,-48.4716796875,61.0205078125
118.1422057,-20.6494140625,-47.8857421875,57.7978515625
118.1633707,-19.8193359375,-41.2451171875,54.7705078125
118.1991449,-19.8193359375,-34.7509765625,51.8408203125
118.2215111,-20.0634765625,-29.3310546875,49.3017578125
118.2566256,-19.1845703125,-26.6943359375,52.4267578125
118.2837865,-19.0380859375,-24.6923828125,74.0087890625
118.324332,-19.2822265625,-22.3486328125,101.1572265625
118.3453406,-20.1611328125,-22.1533203125,121.3720703125
118.381488,-20.5517578125,-22.1533203125,129.8681640625
118.4015421,-20.3564453125,-24.0087890625,130.4052734375
118.4394109,-20.2587890625,-23.6181640625,126.5478515625
118.4615527,-19.0869140625,-23.4228515625,122.9345703125
118.4965514,-19.4287109375,-23.2763671875,116.5869140625
118.5228656,-20.3076171875,-23.6669921875,110.3369140625
118.5633898,-21.6259765625,-24.2529296875,106.7236328125
118.5835051,-23.1884765625,-26.8408203125,107.6513671875
118.6234823,-23.4814453125,-28.8427734375,109.4580078125
118.6416495,-23.7744140625,-30.9912109375,111.1181640625
118.6803525,-24.9951171875,-32.7978515625,110.6298828125
118.7047824,-26.1181640625,-35.3857421875,106.1865234375
118.7418142,-26.9482421875,-37.3388671875,100.2783203125
118.7663463,-27.4365234375,-39.6826171875,94.4189453125
118.8035362,-27.7783203125,-41.6845703125,87.9248046875
118.824087,-28.2177734375,-43.8818359375,82.7001953125
118.8626317,-28.7060546875,-44.9560546875,77.4267578125
118.8829138,-27.0458984375,-47.9833984375,74.0087890625
118.9200469,-22.2119140625,-49.9853515625,70.2001953125
118.9472429,-18.7451171875,-49.9853515625,68.0029296875
118.9833636,-17.2802734375,-42.6611328125,64.3896484375
119.0062679,-17.2802734375,-34.7021484375,61.3134765625
119.0446078,-16.9384765625,-29.6728515625,58.0419921875
119.0627686,-17.6708984375,-27.2802734375,59.9462890625
119.1051753,-17.3291015625,-25.3271484375,81.2353515625
119.1248907,-18.3056640625,-23.4228515625,110.0439453125
119.1730845,-19.0869140625,-21.0791015625,132.4560546875
119.1931163,-19.0380859375,-20.9326171875,142.5146484375
119.2154777,-18.4033203125,-22.7880859375,144.3701171875
119.2525706,-18.3544921875,-22.9345703125,140.6591796875
119.2781015,-19.0380859375,-22.4462890625,136.3623046875
119.3163125,-19.8681640625,-21.9580078125,130.5029296875
119.3370839,-20.8447265625,-21.7138671875,124.1064453125
119.3745857,-21.6259765625,-22.7392578125,120.1513671875
119.3959579,-23.1396484375,-24.2529296875,120.0048828125
119.4339597,-23.8232421875,-25.2294921875,122.2021484375
119.4583136,-24.1650390625,-27.3291015625,123.6669921875
119.50269,-25.5810546875,-29.3310546875,123.3251953125
119.5234687,-26.5087890625,-30.6982421875,119.1259765625
119.547773,-26.9970703125,-32.8466796875,113.4619140625
119.596096,-27.0458984375,-34.4580078125,107.0166015625
119.6162707,-27.6318359375,-36.8994140625,100.0830078125
119.6392631,-27.9736328125,-38.0712890625,93.9794921875
119.6713514,-28.8525390625,-40.1708984375,88.9013671875
119.7090932,-28.1689453125,-41.5380859375,85.0439453125
119.7277512,-23.0908203125,-43.5400390625,80.7958984375
119.7696347,-19.5263671875,-45.3955078125,77.8662109375
119.7897727,-17.6708984375,-41.2451171875,75.4248046875
119.8260318,-18.1591796875,-33.0908203125,72.0068359375
119.8467173,-17.5244140625,-27.3291015625,68.8330078125
119.8839327,-17.1337890625,-22.5439453125,65.8056640625
119.907694,-17.4267578125,-20.6884765625,78.4033203125
119.9589009,-18.1591796875,-18.0517578125,106.0888671875
119.9797149,-18.5009765625,-15.9521484375,133.3837890625
119.997936,-18.5498046875,-14.4873046875,149.9853515625
120.0381151,-18.4033203125,-16.1474609375,154.6728515625
120.0692513,-18.5986328125,-16.3916015625,152.5732421875
