Timestamp,PPG_Forehead,PPG_Earlobe,PPG_Finger
0.00233820000000007,0.185546875,0.185546875,0.185546875
0.00329030000000019,0.185546875,0.185546875,0.185546875
0.0040779999999998,0.185546875,0.185546875,0.185546875
0.00481059999999989,0.185546875,0.185546875,0.185546875
0.00554109999999985,0.185546875,0.185546875,0.185546875
0.00625249999999999,0.185546875,0.185546875,0.185546875
0.0127258000000001,92.0263671875,85.8251953125,82.7978515625
0.0131231000000001,35.9619140625,-111.5771484375,-54.6630859375
0.0135187999999999,35.3271484375,-111.2353515625,-55.4443359375
0.0139942,34.5458984375,-111.9677734375,-57.1533203125
0.0143586,33.0322265625,-113.7255859375,-60.4736328125
0.0147374,31.9580078125,-113.7744140625,-63.5986328125
0.0150991999999999,29.7607421875,-115.0927734375,-67.0654296875
0.0154667000000002,28.1982421875,-115.8740234375,-71.2646484375
0.0158336000000001,27.0263671875,-116.3134765625,-74.6826171875
0.01613,25.3662109375,-118.2177734375,-77.3193359375
0.0164260000000001,24.4873046875,-118.4619140625,-80.3466796875
0.0167195000000002,22.9248046875,-119.5361328125,-83.7646484375
0.0170118000000001,21.5576171875,-121.2451171875,-85.6689453125
0.0173040000000002,20.4345703125,-122.1240234375,-87.2314453125
0.0175974999999999,19.7021484375,-123.4912109375,-87.7197265625
0.0178959000000001,18.5302734375,-124.5166015625,-89.0380859375
0.0181901,17.6513671875,-125.1025390625,-90.6005859375
0.0184845999999999,16.2841796875,-126.4208984375,-92.9931640625
0.0187993999999998,14.5751953125,-127.3974609375,-95.4833984375
0.0191100999999998,13.5009765625,-129.0576171875,-98.9013671875
0.0194017,11.6455078125,-129.3017578125,-101.0009765625
0.0196942999999998,10.8642578125,-127.3486328125,-92.3583984375
0.0199886999999999,12.1337890625,-125.5908203125,-61.5478515625
0.0202808999999999,17.2119140625,-122.6611328125,-43.6279296875
0.0205749000000002,21.7529296875,-120.4638671875,-35.3271484375
0.0208653000000001,25.2197265625,-117.7294921875,-31.3720703125
0.0211592999999999,28.1494140625,-115.2880859375,-31.3232421875
0.0214539,30.6884765625,-113.7744140625,-33.4716796875
0.0217480000000001,33.3740234375,-112.8466796875,-37.0361328125
0.022081,34.8388671875,-111.4306640625,-45.2880859375
0.0223775000000002,35.2783203125,-111.5283203125,-53.6865234375
0.0226701999999999,34.3017578125,-110.8447265625,-58.6669921875
0.0229636000000002,34.3505859375,-109.3310546875,-59.7900390625
0.0232603,35.0830078125,-110.6005859375,-58.5693359375
0.0235531,34.7900390625,-109.9658203125,-59.3505859375
0.0238459,34.5458984375,-110.8447265625,-60.0830078125
0.0241408000000001,34.0576171875,-110.7470703125,-62.1337890625
0.0244339999999998,32.8369140625,-111.2353515625,-64.5263671875
0.0247267999999998,31.1279296875,-112.5537109375,-67.2607421875
0.0250208999999999,29.6142578125,-113.2861328125,-70.8251953125
0.0253152999999999,28.9794921875,-113.9697265625,-74.8291015625
0.0256116999999998,27.1240234375,-114.0673828125,-77.9052734375
0.0259054999999999,25.4638671875,-115.3857421875,-81.3232421875
0.0262028999999999,23.9013671875,-117.0947265625,-83.9111328125
0.0264970999999998,22.5341796875,-117.3876953125,-85.8642578125
0.0267936,21.1669921875,-118.4619140625,-87.3291015625
0.0270896999999999,20.1904296875,-118.2666015625,-88.7451171875
0.0274073000000001,19.4580078125,-119.6826171875,-89.7216796875
0.027701,17.7978515625,-120.5615234375,-90.5517578125
0.0279927999999998,16.9677734375,-122.1728515625,-92.1142578125
0.0282848000000002,16.3330078125,-122.3681640625,-95.4345703125
0.0312665999999999,14.8193359375,-124.3701171875,-98.6572265625
0.0316407999999999,13.6474609375,-125.2978515625,-101.3916015625
0.0319861000000001,13.0126953125,-124.7119140625,-101.5380859375
0.0323209000000002,12.3291015625,-122.1728515625,-86.1572265625
0.0326414000000002,14.4775390625,-119.4873046875,-56.1279296875
0.0330184,19.6044921875,-116.8505859375,-42.5537109375
0.0333239999999999,23.5107421875,-113.8720703125,-37.0849609375
0.0336156999999999,26.5380859375,-111.0400390625,-34.9365234375
0.0339239,29.9072265625,-107.5732421875,-36.1083984375
0.0342186,32.3974609375,-105.8642578125,-38.8916015625
0.0345162999999999,35.3271484375,-104.3017578125,-44.4091796875
0.0348103000000002,36.4013671875,-103.8134765625,-54.4677734375
0.0352418999999999,36.2060546875,-102.8857421875,-64.3798828125
0.035539,34.8388671875,-102.0556640625,-67.7490234375
0.0359938999999998,35.2294921875,-101.5673828125,-67.2607421875
0.0363036999999999,34.8876953125,-101.3232421875,-66.6259765625
0.0365985000000002,34.2529296875,-101.2255859375,-66.7724609375
0.0368917999999998,34.5947265625,-101.2255859375,-68.2861328125
0.0372018999999999,33.2275390625,-101.4697265625,-69.8974609375
0.0375614999999998,32.1533203125,-102.5927734375,-73.3154296875
0.0378666999999999,31.1279296875,-103.3740234375,-77.3193359375
0.0381597,28.5400390625,-103.6181640625,-80.0048828125
0.0384571999999999,26.5380859375,-104.9853515625,-84.4970703125
0.0387534999999999,25.6103515625,-105.5224609375,-88.3544921875
0.0390480000000002,24.9267578125,-106.7919921875,-91.2353515625
0.0393422999999999,23.1689453125,-107.3779296875,-94.3603515625
0.0396969999999999,21.5087890625,-108.2568359375,-96.2646484375
0.0399918000000001,20.3369140625,-110.1611328125,-98.0224609375
0.0402857999999999,18.9697265625,-110.5517578125,-99.3408203125
0.0405932,17.7978515625,-112.3095703125,-100.1708984375
0.0408884999999999,16.1865234375,-112.5048828125,-101.8310546875
0.0411815999999998,15.7470703125,-114.0673828125,-104.0771484375
0.0414793000000002,13.4033203125,-114.8486328125,-106.7626953125
0.0418441999999999,13.4521484375,-117.0458984375,-110.3271484375
0.0421426999999999,11.6455078125,-116.0205078125,-112.7685546875
0.0424367000000001,10.4736328125,-114.6044921875,-106.5185546875
0.0427382999999999,10.7177734375,-113.0908203125,-76.8798828125
0.0430299999999999,13.9892578125,-109.6728515625,-53.9794921875
0.0433224000000001,19.1650390625,-106.1572265625,-45.1904296875
0.0436155999999999,22.0458984375,-103.7646484375,-41.8212890625
0.0439983000000002,25.5126953125,-100.3466796875,-41.3818359375
0.0542338999999998,29.1748046875,-97.8076171875,-43.3349609375
0.0942004000000001,30.8349609375,-96.5869140625,-48.3154296875
0.1246586,32.9833984375,-95.4638671875,-56.9580078125
0.1440936,33.4716796875,-94.4873046875,-66.6748046875
0.1903078,32.8857421875,-94.2919921875,-73.4619140625
0.2193074,32.1533203125,-92.7783203125,-74.1943359375
0.2346787,32.0556640625,-92.7294921875,-73.8525390625
0.2830815,32.5927734375,-92.6806640625,-73.2666015625
0.2951108,32.8857421875,-92.1923828125,-73.1689453125
0.3282553,31.9580078125,-92.6318359375,-75.5615234375
0.3751159,30.9326171875,-94.1943359375,-78.2470703125
0.3868461,29.5654296875,-94.1943359375,-81.6162109375
0.438313,28.2958984375,-95.0244140625,-85.1806640625
0.4604041,26.9775390625,-95.6591796875,-89.6728515625
0.4753718,24.4384765625,-97.2216796875,-93.3837890625
0.5161524,24.4384765625,-97.7099609375,-96.8017578125
0.5486404,22.2412109375,-99.0283203125,-99.7314453125
0.5670645,21.3134765625,-100.4443359375,-101.6357421875
0.5996586,19.9462890625,-101.5185546875,-103.9794921875
0.6255397,18.4326171875,-102.4951171875,-105.5908203125
0.661361,16.6748046875,-103.8134765625,-106.4208984375
0.6900477,15.3076171875,-105.1806640625,-107.0068359375
0.7177263,14.2333984375,-105.8642578125,-109.1064453125
0.7453716,13.3544921875,-107.1337890625,-111.4013671875
0.7793931,12.3291015625,-108.4033203125,-114.9658203125
0.8089586,11.2060546875,-108.8916015625,-118.4326171875
0.8410239,9.5458984375,-108.5498046875,-119.3115234375
0.86973,8.6181640625,-106.5478515625,-102.3193359375
0.899445,9.5947265625,-103.2763671875,-68.3837890625
0.9306404,14.4775390625,-100.4443359375,-52.6611328125
0.9593868,18.9697265625,-97.5634765625,-46.3623046875
0.9889934,22.6806640625,-94.1943359375,-43.0908203125
1.0214714,25.6591796875,-91.8505859375,-44.2626953125
1.0482559,28.7353515625,-90.2392578125,-47.6806640625
1.0814186,31.3720703125,-88.8232421875,-52.5146484375
1.111481,33.4228515625,-88.3349609375,-61.8896484375
1.1390211,33.4716796875,-87.7001953125,-70.5810546875
1.1725206,33.2275390625,-86.7236328125,-74.2431640625
1.2007088,32.9833984375,-86.1376953125,-74.2919921875
1.2296753,33.6181640625,-87.2607421875,-72.8271484375
1.2825621,33.9599609375,-86.9677734375,-73.7060546875
1.302667,33.7646484375,-86.9189453125,-74.8291015625
1.3452822,32.9833984375,-88.3837890625,-76.3427734375
1.3512643,32.2998046875,-88.8232421875,-79.6142578125
1.3812845,31.3232421875,-89.8486328125,-82.4951171875
1.4137319,29.4189453125,-91.3623046875,-86.4013671875
1.4622427,28.1982421875,-92.3876953125,-89.7216796875
1.4855789,27.4169921875,-93.3642578125,-93.3349609375
1.5214136,25.9521484375,-95.2685546875,-96.9482421875
1.542303,24.3408203125,-96.1474609375,-99.3896484375
1.5766452,23.3154296875,-97.9541015625,-101.3916015625
1.5966009,22.6318359375,-99.3701171875,-103.4423828125
1.640209,21.1669921875,-100.4443359375,-103.9794921875
1.6603861,19.5556640625,-102.3974609375,-105.5908203125
1.702527,18.6279296875,-103.2763671875,-106.4208984375
1.7357987,17.9443359375,-104.1552734375,-108.6181640625
1.7447879,16.7724609375,-106.1083984375,-111.3037109375
1.7877901,16.0400390625,-107.6220703125,-114.7216796875
1.8071503,14.3798828125,-106.6455078125,-116.1376953125
1.8510888,13.6474609375,-104.7412109375,-106.4697265625
1.8727039,13.0615234375,-103.5205078125,-73.8525390625
1.9087319,17.2607421875,-99.6630859375,-53.4912109375
1.9288334,21.7041015625,-97.3681640625,-46.6552734375
1.9527518,25.6591796875,-95.7080078125,-44.7998046875
1.9835536,27.8076171875,-92.8271484375,-44.3115234375
2.0304218,30.6884765625,-90.9228515625,-46.4599609375
2.0520598,33.0810546875,-90.2392578125,-52.0751953125
2.0894809,35.4736328125,-89.6533203125,-61.4501953125
2.1132895,36.4013671875,-89.3603515625,-69.9462890625
2.1510863,36.6943359375,-88.7744140625,-74.6826171875
2.1725138,36.4990234375,-89.3603515625,-75.6591796875
2.2206533,36.2060546875,-88.7744140625,-75.3173828125
2.2407913,36.5966796875,-89.2626953125,-75.8056640625
2.2589843,36.3037109375,-89.8974609375,-76.2451171875
2.285168,35.6201171875,-90.1904296875,-78.8818359375
2.3324058,35.4736328125,-90.7275390625,-82.0556640625
2.3630713,34.6923828125,-91.7529296875,-85.5224609375
2.3772343,33.6181640625,-92.8271484375,-88.9892578125
2.4193109,32.1533203125,-93.5107421875,-92.7490234375
2.43966,31.6650390625,-94.7802734375,-96.5087890625
2.4826212,29.7607421875,-95.0732421875,-99.8291015625
2.5044038,28.8330078125,-96.8798828125,-103.0029296875
2.5412036,27.2705078125,-98.3935546875,-105.3466796875
2.5629519,25.3662109375,-99.6630859375,-106.6162109375
2.5995292,24.0966796875,-101.1767578125,-107.9345703125
2.6200789,23.2666015625,-103.0322265625,-108.9111328125
2.662534,21.9482421875,-104.5947265625,-110.5224609375
2.6848106,20.5322265625,-105.7177734375,-113.2568359375
2.7350239,19.5556640625,-106.4501953125,-115.9912109375
2.7540801,18.4326171875,-108.4521484375,-119.7998046875
2.7702929,16.5771484375,-107.3779296875,-120.8740234375
2.8106724,15.1611328125,-105.4248046875,-106.8603515625
2.8308987,15.4052734375,-103.0810546875,-72.9736328125
2.8771274,18.0908203125,-101.1279296875,-54.9072265625
2.8958514,22.7294921875,-97.9541015625,-48.6572265625
2.9342298,27.0263671875,-96.0986328125,-46.0693359375
2.9534159,30.2490234375,-93.1689453125,-46.9482421875
2.9955226,33.1298828125,-92.0458984375,-50.1220703125
3.0179907,35.5224609375,-90.9228515625,-56.7138671875
3.0650992,37.4267578125,-90.6787109375,-66.3818359375
3.0850046,38.0126953125,-89.5556640625,-76.2451171875
3.1010193,37.0849609375,-89.3603515625,-80.0537109375
3.1294459,36.5966796875,-89.2138671875,-79.9072265625
3.1749842,36.7919921875,-88.6279296875,-79.4677734375
3.1954631,37.4267578125,-89.8486328125,-79.3701171875
3.2362009,37.2314453125,-90.5322265625,-80.5419921875
3.2563835,36.7431640625,-91.1181640625,-82.6904296875
3.2975433,36.4501953125,-91.5087890625,-85.4248046875
3.3182989,35.1318359375,-92.0947265625,-88.9404296875
3.3563853,33.4228515625,-94.2431640625,-93.2373046875
3.3790799,31.5185546875,-95.6103515625,-96.3623046875
3.4176409,30.1513671875,-96.0986328125,-100.7080078125
3.4391592,28.4423828125,-97.9541015625,-103.2470703125
3.4766681,27.9541015625,-99.1259765625,-105.4931640625
3.5038685,26.2451171875,-100.3466796875,-108.2763671875
3.541724,24.6337890625,-100.8837890625,-109.3994140625
3.5630842,22.9736328125,-102.0556640625,-110.1806640625
3.6009084,22.0458984375,-103.1787109375,-111.4013671875
3.6222367,21.2158203125,-104.6923828125,-112.3779296875
3.6586432,19.6533203125,-106.2548828125,-114.2822265625
3.6789353,18.7255859375,-107.0361328125,-117.4560546875
3.718945,17.8466796875,-109.0380859375,-120.0927734375
3.7516823,16.2841796875,-108.2080078125,-121.1669921875
3.7668358,15.3076171875,-105.7666015625,-106.9580078125
3.8043594,14.2822265625,-103.0810546875,-72.5341796875
3.8258796,16.3330078125,-101.4208984375,-54.3212890625
3.8791872,21.5576171875,-98.8330078125,-47.1435546875
3.9107341,26.4404296875,-96.2451171875,-44.8974609375
3.9178405,29.1259765625,-95.1220703125,-44.7998046875
3.9568316,32.8369140625,-93.3154296875,-47.5830078125
3.9770694,35.3759765625,-91.7041015625,-53.7353515625
4.0192291,37.8173828125,-91.9482421875,-63.0126953125
4.0407944,38.2080078125,-91.2158203125,-72.1435546875
4.080572,38.1591796875,-91.2158203125,-76.1962890625
4.1029236,37.3291015625,-91.5087890625,-75.8544921875
4.1400539,37.9150390625,-90.3369140625,-75.1708984375
4.1615211,38.3056640625,-90.3369140625,-74.9267578125
4.2082076,39.3310546875,-91.5087890625,-75.9521484375
4.2382842,38.2568359375,-92.2412109375,-78.1494140625
4.2492877,36.9873046875,-93.0224609375,-80.9814453125
4.2884584,36.2548828125,-94.0966796875,-83.8623046875
4.3084857,34.7412109375,-94.9755859375,-87.5732421875
4.3539581,33.3251953125,-96.8310546875,-92.0166015625
4.379772,32.5927734375,-97.6611328125,-94.7509765625
4.3957566,30.5419921875,-98.4912109375,-97.4853515625
4.4279635,29.3212890625,-99.7119140625,-99.8291015625
4.472748,28.3447265625,-100.6396484375,-101.6845703125
4.5059843,27.5634765625,-101.9580078125,-103.3447265625
4.5189173,25.9521484375,-103.8623046875,-104.2724609375
4.5683358,24.6826171875,-104.3017578125,-104.4189453125
4.5874948,23.3154296875,-105.7666015625,-106.3232421875
4.6323979,22.3876953125,-106.4990234375,-109.2529296875
4.6611898,21.6064453125,-108.4521484375,-112.2314453125
4.6712302,20.5322265625,-109.7216796875,-114.8193359375
4.7111219,19.5068359375,-108.5009765625,-115.3076171875
4.7313529,17.9443359375,-107.3779296875,-99.0966796875
4.7706926,17.7001953125,-104.6923828125,-67.2607421875
4.7923383,19.9951171875,-103.0810546875,-50.9521484375
4.8318049,24.8779296875,-99.8095703125,-44.6044921875
4.8518397,28.7353515625,-97.7587890625,-42.8466796875
4.8913215,32.6904296875,-96.5869140625,-43.3349609375
4.9114606,35.7177734375,-94.8779296875,-46.6552734375
4.9565883,37.7197265625,-94.5849609375,-52.7587890625
4.9747222,40.2099609375,-94.4873046875,-62.1826171875
5.0122861,41.9677734375,-93.0712890625,-70.4345703125
5.0335769,41.9677734375,-93.1689453125,-74.2431640625
5.0752273,40.8447265625,-92.9248046875,-74.4384765625
5.1036792,40.7958984375,-92.8759765625,-73.9501953125
5.1220278,40.8447265625,-92.4853515625,-75.2197265625
5.1683049,41.2353515625,-93.1201171875,-75.8544921875
5.1820199,40.6005859375,-94.2919921875,-77.8076171875
5.226308,39.5751953125,-95.0244140625,-81.2744140625
5.2454253,38.4033203125,-95.3662109375,-85.0830078125
5.272165,36.9384765625,-96.6845703125,-88.7451171875
5.3044423,35.5224609375,-97.5634765625,-92.5048828125
5.3531991,34.4970703125,-98.4912109375,-96.8505859375
5.3749191,32.9833984375,-98.8330078125,-99.2919921875
5.3966855,31.8603515625,-101.3720703125,-102.5634765625
5.4338839,30.2490234375,-101.8603515625,-104.2724609375
5.4576818,28.2470703125,-103.4228515625,-105.6884765625
5.4857712,27.4169921875,-104.3994140625,-107.0068359375
5.5265558,26.0986328125,-106.0595703125,-107.9833984375
5.5448236,24.3896484375,-107.3779296875,-109.9853515625
5.5860899,23.5107421875,-108.2080078125,-113.5498046875
5.6046889,22.5341796875,-109.7216796875,-116.2841796875
5.6459631,21.3134765625,-109.6728515625,-118.8720703125
5.6676036,20.0927734375,-109.5751953125,-117.7001953125
5.6949089,19.2138671875,-106.8408203125,-92.7490234375
5.7264836,17.9443359375,-104.4482421875,-61.9384765625
5.7655913,19.7021484375,-102.7392578125,-48.7548828125
5.7842844,25.0244140625,-99.2724609375,-44.1162109375
5.8165874,29.0771484375,-96.3916015625,-42.3095703125
5.8469429,32.1044921875,-95.1220703125,-43.1884765625
5.8745497,35.2783203125,-92.9248046875,-46.8505859375
5.9170737,37.8662109375,-93.2177734375,-54.0283203125
5.9370572,40.3076171875,-92.2900390625,-64.5263671875
5.9704014,41.7724609375,-90.7763671875,-72.1923828125
5.9976477,41.8212890625,-91.4599609375,-73.8037109375
6.0306386,40.2099609375,-90.6787109375,-74.1943359375
6.0581862,41.2353515625,-90.7763671875,-73.1689453125
6.0884601,41.0400390625,-91.3134765625,-74.1943359375
6.1177358,40.8447265625,-92.3876953125,-75.9033203125
6.1498432,40.6982421875,-92.4365234375,-78.1005859375
6.1805756,39.6728515625,-93.2666015625,-81.7626953125
6.2100539,38.3056640625,-94.8291015625,-85.2294921875
6.2400812,37.9150390625,-94.3408203125,-89.2333984375
6.2690296,35.8154296875,-95.8056640625,-93.0908203125
6.2961858,33.9599609375,-97.3193359375,-95.9716796875
6.3307021,32.7392578125,-98.2958984375,-99.1455078125
6.3582758,31.5185546875,-99.7119140625,-101.4892578125
6.3904314,30.3955078125,-101.1279296875,-103.1005859375
6.4203056,28.7841796875,-102.4951171875,-104.5654296875
6.4496026,27.9052734375,-104.3505859375,-104.6630859375
6.4832096,26.6357421875,-104.8876953125,-105.6396484375
6.5308822,24.9267578125,-107.1337890625,-108.0322265625
6.5615088,23.5595703125,-108.6474609375,-110.6201171875
6.5708416,22.4853515625,-108.8427734375,-113.6962890625
6.59912,20.7763671875,-108.7939453125,-115.9912109375
6.6500794,20.2392578125,-108.0126953125,-110.3271484375
6.6715626,18.2861328125,-105.0341796875,-78.7841796875
6.7162797,18.2861328125,-103.0322265625,-54.1748046875
6.7364972,20.6298828125,-100.0048828125,-44.9462890625
6.7510081,25.9033203125,-97.3681640625,-40.4541015625
6.7807532,29.5654296875,-94.7802734375,-39.1357421875
6.8143135,32.7880859375,-92.1435546875,-41.3330078125
6.8720612,35.8642578125,-91.2158203125,-45.3857421875
6.8730648,38.2080078125,-90.7275390625,-52.8076171875
6.9040731,40.5029296875,-89.7998046875,-62.6708984375
6.9500608,40.9912109375,-88.0908203125,-68.6279296875
6.9830148,41.0400390625,-88.5791015625,-69.2626953125
6.9925787,40.5517578125,-88.6767578125,-68.7744140625
7.0370142,40.6982421875,-88.4814453125,-68.7744140625
7.0583924,41.4306640625,-89.2626953125,-70.0927734375
7.0826155,40.7958984375,-89.2626953125,-71.7529296875
7.1171739,39.4287109375,-90.2392578125,-74.2919921875
7.1716306,38.9892578125,-91.2158203125,-77.4169921875
7.190724,38.4521484375,-92.2900390625,-80.5908203125
7.2030004,36.3037109375,-93.4619140625,-84.6435546875
7.2484345,34.8388671875,-94.8779296875,-88.2568359375
7.2699661,33.8134765625,-96.6845703125,-91.8701171875
7.2907215,31.7138671875,-97.9541015625,-94.5556640625
7.3389884,30.9814453125,-98.5888671875,-96.8017578125
7.3594884,29.3701171875,-100.2001953125,-97.0947265625
7.4007224,29.4677734375,-101.2255859375,-98.2666015625
7.4209113,27.5634765625,-101.8115234375,-99.2431640625
7.4683369,26.9287109375,-103.6669921875,-101.4404296875
7.4984225,25.8544921875,-104.6923828125,-104.5654296875
7.5056942,24.0966796875,-106.0595703125,-108.0810546875
7.5505994,23.1201171875,-106.6943359375,-110.5712890625
7.5721153,21.6552734375,-104.3505859375,-107.2998046875
7.6228757,20.6787109375,-102.0556640625,-78.7353515625
7.643185,19.7021484375,-99.3701171875,-53.9794921875
7.6567127,21.5087890625,-96.6845703125,-43.1396484375
7.717965,26.0986328125,-94.0478515625,-38.5009765625
7.7188676,30.1025390625,-91.7529296875,-36.9873046875
7.7477113,33.6181640625,-88.9697265625,-38.7939453125
7.7957264,36.9873046875,-88.3349609375,-42.3583984375
7.8156708,38.6962890625,-87.4072265625,-50.7080078125
7.8531321,41.1376953125,-86.8212890625,-60.6689453125
7.8744374,42.5048828125,-86.3330078125,-66.8701171875
7.9110261,42.3583984375,-85.9423828125,-68.4814453125
7.933451,41.2353515625,-85.5517578125,-68.0419921875
7.9726474,41.2353515625,-86.0400390625,-67.8955078125
7.9918554,41.3818359375,-86.2353515625,-68.2373046875
8.0290257,40.7470703125,-87.3095703125,-70.8251953125
8.049393,40.3564453125,-88.5302734375,-73.4130859375
8.0930435,39.5751953125,-89.8486328125,-76.8798828125
8.1132681,38.4521484375,-90.9228515625,-81.3232421875
8.1571126,36.5966796875,-91.8017578125,-85.1806640625
8.177141,35.0830078125,-93.0712890625,-89.1845703125
8.1989491,33.0322265625,-93.8525390625,-92.6513671875
8.245611,32.1533203125,-95.3173828125,-95.5810546875
8.2660228,30.9814453125,-96.0498046875,-97.3876953125
8.3064791,29.2724609375,-97.6123046875,-99.5849609375
8.3255837,27.5634765625,-98.5888671875,-99.8779296875
8.3622625,27.1728515625,-99.8095703125,-101.1962890625
8.3838295,25.0244140625,-100.5419921875,-103.3935546875
8.4269166,24.1943359375,-102.1044921875,-105.9326171875
8.4474422,22.5830078125,-102.9345703125,-109.3017578125
8.4876128,21.7041015625,-105.0341796875,-112.2314453125
8.5008457,20.7275390625,-103.4716796875,-113.0126953125
8.5480471,18.9697265625,-101.2744140625,-94.5068359375
8.5682366,18.0419921875,-98.9794921875,-60.9619140625
8.6055796,17.5537109375,-96.1962890625,-44.7998046875
8.6275001,20.8251953125,-93.2177734375,-38.1103515625
8.6670653,25.5615234375,-89.3603515625,-34.9365234375
8.6872577,29.5166015625,-86.6748046875,-34.5458984375
8.7249358,33.7646484375,-84.4775390625,-36.4501953125
8.7463649,35.9619140625,-84.4775390625,-42.6513671875
8.7853145,38.3544921875,-83.4521484375,-52.3193359375
8.8053127,41.1376953125,-83.3056640625,-61.4501953125
8.8471295,41.3330078125,-82.2314453125,-65.3564453125
8.8674835,41.5283203125,-82.0849609375,-65.6982421875
8.9080232,41.2841796875,-82.7685546875,-65.5517578125
8.9287063,40.6494140625,-83.2568359375,-65.9912109375
8.9677934,41.0888671875,-83.8427734375,-67.8466796875
8.9880959,40.9423828125,-84.0380859375,-70.0439453125
9.0267869,40.1611328125,-85.5517578125,-73.2177734375
9.0485207,39.0869140625,-86.2353515625,-77.0751953125
9.0901184,37.6708984375,-87.5048828125,-81.2255859375
9.1091269,36.4013671875,-89.4091796875,-85.0830078125
9.1489291,35.2294921875,-90.2392578125,-88.5009765625
9.1688949,33.1787109375,-91.8994140625,-91.2841796875
9.2051255,31.8603515625,-92.8271484375,-93.3837890625
9.2271806,30.7373046875,-94.5361328125,-96.0205078125
9.270189,28.9794921875,-95.6591796875,-96.3134765625
9.2903496,27.8076171875,-96.6357421875,-97.8271484375
9.3331179,26.9775390625,-98.3935546875,-99.2919921875
9.353386,25.4638671875,-100.0537109375,-101.1474609375
9.3884283,23.7548828125,-100.8837890625,-103.8818359375
9.4099477,22.5830078125,-103.1787109375,-107.4951171875
9.447053,21.2646484375,-102.8857421875,-108.8623046875
9.4691503,20.1416015625,-101.7626953125,-101.5869140625
9.5109564,18.7255859375,-99.0771484375,-69.3115234375
9.5376301,17.7490234375,-96.2939453125,-46.8994140625
9.5752087,18.4814453125,-93.4130859375,-37.2314453125
9.585018,22.4853515625,-90.0927734375,-31.7626953125
9.6336832,27.5146484375,-88.3349609375,-31.0302734375
9.6472219,30.8837890625,-85.6005859375,-32.2509765625
9.6931661,34.0087890625,-84.8193359375,-36.7431640625
9.7122839,37.6220703125,-83.6474609375,-45.5322265625
9.7504297,38.9892578125,-83.4521484375,-55.2490234375
9.7706098,40.7958984375,-82.4267578125,-61.4990234375
9.8129305,41.5283203125,-81.7431640625,-61.6943359375
9.8331336,40.2099609375,-81.8896484375,-61.1572265625
9.8560843,39.8193359375,-82.5732421875,-61.7919921875
9.8891086,39.8681640625,-83.5009765625,-62.8662109375
9.9436359,39.6240234375,-83.6962890625,-64.7216796875
9.9500042,39.0869140625,-84.8193359375,-67.2119140625
9.9924706,38.1591796875,-85.8935546875,-70.6298828125
10.0124952,37.2314453125,-86.4794921875,-74.4873046875
10.0554537,35.6689453125,-88.0908203125,-79.3212890625
10.0697646,33.6181640625,-88.9697265625,-82.1044921875
10.1126981,32.1533203125,-90.0927734375,-85.2294921875
10.1341785,30.8349609375,-91.8994140625,-87.6708984375
10.1756686,29.2724609375,-92.2900390625,-90.6982421875
10.1883252,28.1005859375,-94.0966796875,-91.7724609375
10.2212345,27.0263671875,-95.2685546875,-92.2119140625
10.250673,25.7080078125,-97.0263671875,-92.6513671875
10.2814749,24.6826171875,-98.8818359375,-95.2880859375
10.3238524,24.4873046875,-100.0537109375,-97.2900390625
10.3407017,22.7783203125,-101.8603515625,-100.9033203125
10.3843967,21.3623046875,-101.4208984375,-104.0283203125
10.4006294,20.6787109375,-99.8095703125,-98.2666015625
10.4306507,19.2138671875,-97.7099609375,-69.9462890625
10.4628034,17.6513671875,-95.0732421875,-45.4345703125
10.4912573,17.5048828125,-93.0224609375,-35.5712890625
10.5258615,21.2646484375,-89.6044921875,-30.0537109375
10.5538815,25.6591796875,-88.1396484375,-28.7841796875
10.5953727,29.1748046875,-85.5029296875,-29.6630859375
10.610031,32.2509765625,-84.5263671875,-34.3017578125
10.6433009,34.8876953125,-83.5009765625,-42.4560546875
10.6724812,36.7919921875,-83.7451171875,-53.0029296875
10.7042216,38.5009765625,-83.7451171875,-59.5458984375
10.7341552,39.6240234375,-83.2568359375,-60.8154296875
10.7624145,39.9169921875,-83.8916015625,-60.6689453125
10.7955029,38.7451171875,-84.5751953125,-61.4013671875
10.8228635,38.4521484375,-85.6982421875,-62.5732421875
10.8507366,38.2080078125,-86.0888671875,-63.9404296875
10.8840459,37.8173828125,-87.1630859375,-68.3837890625
10.9150504,37.3291015625,-88.1884765625,-72.2900390625
10.9454153,35.3759765625,-89.9462890625,-76.0498046875
10.97514,33.9111328125,-91.3134765625,-79.8095703125
11.0038213,33.0810546875,-91.7041015625,-84.3994140625
11.0370861,30.7861328125,-93.4130859375,-87.8173828125
11.0650496,28.8818359375,-95.6591796875,-90.7470703125
11.0938928,27.4658203125,-96.9287109375,-93.5302734375
11.1255262,25.7080078125,-98.5400390625,-95.2392578125
11.1538716,24.6337890625,-98.7353515625,-95.9716796875
11.1880067,23.5107421875,-100.4931640625,-97.3876953125
11.216934,22.4853515625,-102.4462890625,-99.4384765625
11.2459444,21.4111328125,-103.4228515625,-102.2705078125
11.2788867,19.9462890625,-105.3271484375,-105.6884765625
11.3066854,18.8232421875,-105.5712890625,-109.1064453125
11.3362655,17.6025390625,-105.0830078125,-106.9091796875
11.3676684,16.4306640625,-102.2998046875,-79.2236328125
11.3964548,15.6982421875,-99.7119140625,-50.2685546875
11.4290747,14.6728515625,-97.4169921875,-38.0615234375
11.4585331,16.1865234375,-95.4638671875,-31.7626953125
11.4865055,21.7529296875,-92.6318359375,-29.7119140625
11.5160973,25.1708984375,-89.9951171875,-29.7119140625
11.5474672,28.5400390625,-88.7255859375,-33.8134765625
11.5952705,31.7626953125,-87.8466796875,-40.4052734375
11.6167171,34.7900390625,-87.5537109375,-51.9287109375
11.6359865,36.8896484375,-87.5537109375,-58.8134765625
11.6668095,37.5244140625,-87.6513671875,-61.9384765625
11.6993224,37.4755859375,-87.2119140625,-61.1083984375
11.728583,36.4013671875,-87.4560546875,-61.3037109375
11.758925,36.2548828125,-87.7978515625,-62.9638671875
11.7900519,36.4013671875,-90.0927734375,-64.2333984375
11.818565,36.1083984375,-90.7275390625,-67.9931640625
11.8509434,35.8642578125,-91.5087890625,-71.5576171875
11.8796072,34.4482421875,-92.1923828125,-75.5615234375
11.909655,33.3740234375,-94.2431640625,-80.5419921875
11.9420703,31.9580078125,-93.9990234375,-83.9111328125
11.9842921,29.8583984375,-95.9033203125,-86.8896484375
12.0057903,28.5888671875,-97.1728515625,-89.7216796875
12.0479831,27.3681640625,-99.0771484375,-92.2607421875
12.0602286,26.0498046875,-100.6884765625,-93.9697265625
12.1085438,24.2919921875,-100.6884765625,-95.5322265625
12.1276547,23.5107421875,-102.6416015625,-96.8505859375
12.1668624,21.8505859375,-103.9599609375,-98.2177734375
12.1882166,20.7763671875,-105.7177734375,-100.8056640625
12.2249748,19.8974609375,-106.9384765625,-104.1748046875
12.2455176,18.1884765625,-108.8916015625,-107.7392578125
12.2869992,17.2607421875,-108.2080078125,-108.8623046875
12.3084848,15.4052734375,-106.2060546875,-96.5087890625
12.3465848,14.7705078125,-104.5458984375,-61.6455078125
12.368094,13.5986328125,-102.6904296875,-42.7490234375
12.4135726,13.5009765625,-99.1259765625,-33.6181640625
12.433574,16.7724609375,-96.7333984375,-29.2724609375
12.4535429,21.2646484375,-95.0732421875,-28.1005859375
12.4831737,25.3662109375,-92.5830078125,-29.5654296875
12.5103256,28.6865234375,-92.0458984375,-34.3505859375
12.5423453,31.6162109375,-92.0458984375,-43.8720703125
12.5880093,34.6435546875,-91.8017578125,-53.4423828125
12.61062,36.3037109375,-91.2158203125,-58.1298828125
12.6512236,37.2802734375,-91.2158203125,-57.6904296875
12.6714673,36.4013671875,-91.5087890625,-57.6904296875
12.7092171,36.0107421875,-92.0458984375,-59.0087890625
12.7283084,35.9619140625,-93.1201171875,-60.2294921875
12.7530497,35.9619140625,-94.0966796875,-62.9638671875
12.7855362,35.8642578125,-94.9755859375,-66.5283203125
12.8129024,34.8388671875,-95.9033203125,-70.0927734375
12.847183,33.9111328125,-96.8310546875,-73.8037109375
12.8927437,33.0322265625,-97.8564453125,-77.5146484375
12.9117628,31.3232421875,-99.5166015625,-80.9814453125
12.951264,29.9072265625,-99.4189453125,-84.3017578125
12.9705716,28.2958984375,-101.0791015625,-86.7919921875
13.0099051,26.5380859375,-103.0322265625,-88.0615234375
13.0303059,25.5126953125,-103.9599609375,-89.5751953125
13.0713177,24.1943359375,-106.1572265625,-90.5517578125
13.0916842,23.4619140625,-107.0361328125,-92.7001953125
13.1308847,22.0458984375,-108.8427734375,-94.8486328125
13.1523123,21.4599609375,-110.2587890625,-97.7783203125
13.1929776,19.6044921875,-111.3330078125,-101.2939453125
13.2131891,18.9697265625,-111.5283203125,-102.4658203125
13.2359123,17.6025390625,-109.4775390625,-90.6494140625
13.2637946,16.2353515625,-107.0361328125,-59.2041015625
13.3158365,15.6982421875,-105.0341796875,-40.5029296875
13.3361734,14.9658203125,-102.7392578125,-31.2744140625
13.3876195,17.8955078125,-100.6884765625,-27.8564453125
13.3887148,22.4365234375,-99.3701171875,-27.0751953125
13.4194318,26.0009765625,-97.6123046875,-29.4189453125
13.461116,28.8818359375,-95.4638671875,-35.0830078125
13.4812598,32.2021484375,-96.1962890625,-44.8974609375
13.5237102,34.2041015625,-96.2939453125,-54.1259765625
13.5431906,36.0107421875,-96.0498046875,-59.0087890625
13.5853836,36.8896484375,-96.5380859375,-59.1064453125
13.6069718,36.6455078125,-96.0498046875,-59.7412109375
13.6279941,35.5712890625,-97.8564453125,-60.6201171875
13.65852,35.6689453125,-98.1005859375,-62.8173828125
13.7047058,35.8154296875,-98.9794921875,-64.8681640625
13.718675,35.5224609375,-100.0048828125,-68.7744140625
13.7790942,34.6923828125,-101.0302734375,-72.7294921875
13.8092479,33.4716796875,-101.9580078125,-77.1240234375
13.8104261,32.2998046875,-103.7646484375,-80.8349609375
13.8566007,30.0048828125,-105.8154296875,-85.1318359375
13.8759529,28.9306640625,-106.4501953125,-89.0380859375
13.9164566,26.7822265625,-106.9873046875,-91.7724609375
13.9375342,25.8544921875,-108.3056640625,-93.8720703125
13.9617583,24.2919921875,-110.1611328125,-95.5322265625
13.987221,23.3642578125,-111.3818359375,-96.9970703125
14.0360449,21.8994140625,-112.8955078125,-98.0712890625
14.0552941,20.5322265625,-113.8720703125,-101.3916015625
14.0828708,19.5556640625,-115.3857421875,-104.7119140625
14.1254533,18.1396484375,-116.2158203125,-108.7158203125
14.1557491,16.7236328125,-115.7275390625,-109.5947265625
14.1702034,15.7470703125,-113.1884765625,-94.4091796875
14.2198116,14.1357421875,-110.8935546875,-61.1083984375
14.2393893,12.5732421875,-108.5498046875,-42.7001953125
14.2774546,11.9384765625,-105.4736328125,-34.3017578125
14.2990536,14.2822265625,-103.3740234375,-30.7861328125
14.3403609,19.5556640625,-100.8837890625,-29.8583984375
14.3598337,22.9248046875,-99.5654296875,-31.7138671875
14.3991611,26.5380859375,-98.3447265625,-37.9638671875
14.4183254,28.5888671875,-97.8076171875,-48.4130859375
14.4593476,32.3974609375,-97.8564453125,-57.6904296875
14.4808032,34.3017578125,-98.1005859375,-62.3291015625
14.5203284,34.3017578125,-98.3935546875,-62.6220703125
14.5393551,34.7412109375,-97.8564453125,-62.5732421875
14.5788794,32.9833984375,-98.5888671875,-64.1357421875
14.5981244,33.6669921875,-98.6865234375,-65.6982421875
14.64171,33.5205078125,-99.9072265625,-68.2373046875
14.6612807,33.6181640625,-100.8349609375,-72.0458984375
14.6863696,32.7880859375,-101.9580078125,-75.7568359375
14.730976,31.9580078125,-103.0810546875,-80.2490234375
14.7524689,30.2490234375,-104.9853515625,-83.9111328125
14.7918328,28.9794921875,-105.9130859375,-87.8173828125
14.8072102,26.9287109375,-106.2060546875,-91.3818359375
14.8509303,25.2685546875,-107.0361328125,-94.2626953125
14.8712833,24.1455078125,-109.2333984375,-96.3134765625
14.9083611,23.0224609375,-110.0146484375,-97.4365234375
14.9283521,20.8251953125,-111.9189453125,-99.3408203125
14.973756,20.1416015625,-113.2373046875,-100.4150390625
14.9847944,19.0185546875,-114.1162109375,-103.1494140625
15.0166627,18.5791015625,-115.6787109375,-106.9091796875
15.0643485,16.6748046875,-116.6064453125,-110.3271484375
15.0739292,15.3564453125,-116.0205078125,-112.6220703125
15.123681,14.9169921875,-114.7509765625,-102.3193359375
15.1356283,12.9638671875,-111.6748046875,-67.6025390625
15.1818997,12.1826171875,-108.9892578125,-44.9951171875
15.2026221,10.5712890625,-105.0830078125,-35.6201171875
15.2263513,11.1572265625,-103.1298828125,-30.8349609375
15.2590329,16.3330078125,-100.8349609375,-29.3212890625
15.2885465,21.1669921875,-98.2958984375,-30.2978515625
15.3338765,24.6826171875,-97.2705078125,-34.8388671875
15.3496706,27.4658203125,-96.4404296875,-44.0185546875
15.378048,30.5908203125,-96.3916015625,-54.9560546875
15.4119818,33.0810546875,-95.7080078125,-60.2783203125
15.4406523,34.5947265625,-95.2197265625,-61.3525390625
15.4683447,34.6923828125,-95.6103515625,-60.7177734375
15.5141256,34.2041015625,-96.0009765625,-61.2060546875
15.5309103,33.5693359375,-98.1494140625,-62.9638671875
15.5582043,34.1064453125,-97.7587890625,-65.3564453125
15.5907841,34.3017578125,-98.6865234375,-68.6279296875
15.6212054,33.9599609375,-99.7607421875,-72.4365234375
15.6634956,32.6904296875,-101.0302734375,-76.1962890625
15.6804114,31.4208984375,-101.5185546875,-81.1279296875
15.7097217,29.2236328125,-103.1298828125,-84.5947265625
15.7435322,27.6123046875,-104.8876953125,-87.6220703125
15.7723819,26.4892578125,-105.8642578125,-89.3798828125
15.7999601,24.8779296875,-107.0361328125,-92.3583984375
15.8281228,23.4619140625,-108.3056640625,-93.6767578125
15.8616267,22.3876953125,-109.7705078125,-94.2138671875
15.8900196,20.8251953125,-111.0888671875,-95.5322265625
15.9237488,19.7021484375,-112.3095703125,-97.1435546875
15.9529347,18.4326171875,-113.7255859375,-100.4638671875
15.9806471,17.5048828125,-114.9951171875,-103.6376953125
16.0122632,16.7236328125,-115.0439453125,-106.2255859375
16.0424908,15.8935546875,-112.9443359375,-101.4892578125
16.0697426,13.5986328125,-109.9169921875,-71.6064453125
16.1025617,13.1591796875,-107.2802734375,-46.8505859375
16.1321754,11.5966796875,-104.1064453125,-34.9365234375
16.1644946,11.3525390625,-101.5185546875,-29.7119140625
16.1932236,14.6240234375,-99.5654296875,-27.2216796875
16.2230212,19.1650390625,-97.1240234375,-29.2236328125
16.2549677,23.7548828125,-95.8056640625,-32.3974609375
16.2841486,26.0009765625,-95.1220703125,-41.5771484375
16.3117796,29.6142578125,-94.7314453125,-53.0029296875
16.3450771,32.2998046875,-93.8525390625,-59.5458984375
16.3739102,34.1552734375,-94.7802734375,-60.1806640625
16.4055023,35.1806640625,-93.3642578125,-60.3271484375
16.4339926,33.8134765625,-94.1455078125,-61.3037109375
16.4625974,33.9599609375,-95.6103515625,-62.5244140625
16.4956914,33.4716796875,-96.2939453125,-65.2587890625
16.5243492,33.8134765625,-95.9521484375,-68.2373046875
16.5536128,33.0322265625,-97.5634765625,-72.3388671875
16.5881445,31.7138671875,-98.9306640625,-75.8544921875
16.6161126,30.9326171875,-99.9072265625,-80.8349609375
16.6485221,29.4189453125,-100.7373046875,-84.0576171875
16.7047387,28.1494140625,-102.2509765625,-87.8173828125
16.7057594,25.9033203125,-102.9833984375,-91.3818359375
16.7334346,24.3896484375,-104.5947265625,-93.0419921875
16.7835655,23.2666015625,-106.3037109375,-94.9462890625
16.8035652,21.4599609375,-107.3779296875,-96.1181640625
16.8251515,20.1904296875,-109.6728515625,-97.4853515625
16.8561608,19.3115234375,-110.5029296875,-100.2685546875
16.8868161,18.1884765625,-112.3095703125,-104.5654296875
16.9335068,17.0654296875,-113.3349609375,-107.5439453125
16.9538201,15.4052734375,-112.8955078125,-109.9365234375
16.9750769,14.4287109375,-111.4306640625,-100.2197265625
17.0250312,12.7197265625,-108.6474609375,-68.1884765625
17.0369956,11.7919921875,-105.9130859375,-45.9228515625
17.0672814,10.9619140625,-101.7626953125,-36.8408203125
17.0979203,10.4248046875,-99.1259765625,-31.7138671875
17.129634,13.4521484375,-96.3427734375,-30.9326171875
17.1764583,17.9931640625,-94.0478515625,-31.8603515625
17.1891141,21.8994140625,-93.2177734375,-36.6455078125
17.2175082,24.5849609375,-92.5830078125,-46.8994140625
17.2500515,28.0517578125,-92.3388671875,-56.8603515625
17.2951966,30.2001953125,-91.1181640625,-61.9873046875
17.3161667,32.1044921875,-91.7041015625,-62.0361328125
17.355307,32.8857421875,-92.1435546875,-63.0615234375
17.3765319,31.7138671875,-92.7783203125,-63.8916015625
17.4019459,31.3232421875,-93.1689453125,-65.8935546875
17.4308601,31.7138671875,-94.2919921875,-69.0185546875
17.4601983,31.4697265625,-95.4638671875,-71.9970703125
17.4872122,30.7373046875,-96.1474609375,-76.0986328125
17.5224796,29.7119140625,-97.6123046875,-80.4931640625
17.5485928,28.5400390625,-98.3935546875,-84.5458984375
17.5982257,27.1240234375,-100.9814453125,-87.8662109375
17.6211787,25.6103515625,-102.2021484375,-91.6259765625
17.6371946,23.2666015625,-103.6181640625,-94.3115234375
17.6871575,22.3876953125,-104.7900390625,-96.6552734375
17.7084386,20.6298828125,-106.4501953125,-98.0224609375
17.7286802,19.4580078125,-107.8173828125,-99.6826171875
17.7806274,17.5048828125,-110.0634765625,-100.9521484375
17.8091433,16.9189453125,-110.6005859375,-103.3447265625
17.8218471,15.1123046875,-112.3583984375,-107.2509765625
17.8519167,14.4775390625,-113.0908203125,-110.4736328125
17.8818637,13.4521484375,-114.0185546875,-113.3056640625
17.9144483,12.2802734375,-111.1376953125,-105.8349609375
17.9424776,10.5224609375,-108.5009765625,-73.7060546875
17.969869,9.4482421875,-105.0341796875,-49.2919921875
18.0202055,8.1787109375,-102.4462890625,-37.2314453125
18.0419269,7.3486328125,-98.8330078125,-31.8603515625
18.064357,9.6435546875,-96.7333984375,-30.5419921875
18.1113001,14.3310546875,-94.1455078125,-30.4443359375
18.1310091,18.1884765625,-93.3642578125,-34.9853515625
18.1527646,21.6552734375,-93.0224609375,-44.2138671875
18.2016445,24.5849609375,-92.8271484375,-54.3212890625
18.2207003,27.4658203125,-92.0947265625,-60.8154296875
18.263212,29.4189453125,-91.7041015625,-62.7685546875
18.28355,30.5419921875,-92.5830078125,-62.5732421875
18.3046531,30.1513671875,-92.8759765625,-63.2080078125
18.333793,29.6142578125,-93.6572265625,-64.7216796875
18.3645314,29.7119140625,-95.3662109375,-66.7236328125
18.3900131,29.3212890625,-95.9521484375,-69.9462890625
18.425698,29.1748046875,-97.9052734375,-73.2177734375
18.4549902,28.4423828125,-98.7841796875,-77.6611328125
18.4831227,27.2216796875,-100.7373046875,-82.2509765625
18.5158864,25.7080078125,-101.6650390625,-85.1318359375
18.5457768,24.1943359375,-104.2041015625,-88.0126953125
18.5957357,22.6318359375,-104.8388671875,-91.1376953125
18.6157018,21.0205078125,-106.6943359375,-93.8720703125
18.6363135,19.6044921875,-108.4521484375,-94.8974609375
18.668976,17.6513671875,-109.3798828125,-96.0205078125
18.6984098,16.8212890625,-111.0888671875,-97.9736328125
18.7222049,15.6005859375,-113.1884765625,-100.0244140625
18.7748306,14.8681640625,-114.4580078125,-103.2958984375
18.7971902,13.5009765625,-114.7021484375,-106.6162109375
18.8206549,12.3779296875,-115.3369140625,-108.3740234375
18.8472989,11.3037109375,-113.2861328125,-98.9013671875
18.8761211,10.0341796875,-110.7958984375,-66.5771484375
18.910902,9.0576171875,-108.2568359375,-45.6787109375
18.9535569,7.6904296875,-105.3759765625,-35.2294921875
18.9750609,7.0556640625,-102.2021484375,-30.2978515625
19.0142966,8.9599609375,-99.9560546875,-29.9072265625
19.0347136,13.5498046875,-99.3212890625,-31.2744140625
19.0586603,17.2119140625,-98.4912109375,-35.4736328125
19.1071288,20.4833984375,-98.2958984375,-45.3857421875
19.1263507,22.9248046875,-98.4912109375,-55.9326171875
19.1442706,25.5615234375,-98.4912109375,-61.7431640625
19.1953528,27.7099609375,-98.1982421875,-62.2802734375
19.2174476,28.7841796875,-98.7353515625,-62.9150390625
19.240084,28.5400390625,-98.8330078125,-63.9404296875
19.2694435,27.9541015625,-100.4443359375,-65.7470703125
19.2961995,27.7587890625,-101.2255859375,-68.9208984375
19.3495506,27.4658203125,-102.3486328125,-71.1669921875
19.3685747,27.7099609375,-102.7392578125,-75.1220703125
19.3898131,26.5869140625,-104.7900390625,-79.1748046875
19.4406682,25.5126953125,-105.4736328125,-83.6669921875
19.463016,24.4873046875,-106.8408203125,-87.3291015625
19.5011347,22.7294921875,-108.7939453125,-91.0400390625
19.5236231,21.0205078125,-109.4775390625,-94.7021484375
19.5386338,19.7021484375,-110.5517578125,-96.0693359375
19.5756084,18.2861328125,-112.3095703125,-97.3876953125
19.5996563,17.0166015625,-114.2138671875,-99.2431640625
19.6299894,16.2353515625,-115.8251953125,-100.8056640625
19.6786167,14.7216796875,-117.1923828125,-104.2236328125
19.6972278,13.5498046875,-118.5595703125,-108.4228515625
19.7372981,11.7431640625,-119.9267578125,-111.2060546875
19.7573685,10.0830078125,-118.5107421875,-109.3994140625
19.7820675,9.3994140625,-116.1181640625,-84.7412109375
19.8290033,8.2763671875,-114.0185546875,-55.3955078125
19.8428835,7.2021484375,-111.3330078125,-42.1142578125
19.8714691,5.9814453125,-109.1845703125,-34.9365234375
19.9216237,5.7373046875,-107.2802734375,-32.7880859375
19.9335596,8.8134765625,-105.4736328125,-32.6904296875
19.9807081,13.4033203125,-103.7646484375,-36.9384765625
19.9962995,16.8212890625,-103.6181640625,-44.7021484375
20.0406045,19.7998046875,-102.9345703125,-56.7626953125
20.0508689,22.2412109375,-103.7646484375,-63.7939453125
20.0989343,24.5361328125,-103.1787109375,-65.7470703125
20.1199729,26.8310546875,-103.4228515625,-66.3818359375
20.1453383,26.9775390625,-103.8623046875,-65.9912109375
20.1749914,26.4404296875,-105.0830078125,-68.0419921875
20.2043809,26.3427734375,-105.3271484375,-69.8974609375
20.2342511,26.0986328125,-106.8896484375,-73.0712890625
20.2643305,25.9521484375,-107.7197265625,-77.0751953125
20.3113756,25.4638671875,-109.5751953125,-81.3720703125
20.3254523,24.7802734375,-110.2099609375,-85.4248046875
20.3555125,23.8037109375,-111.3330078125,-89.5751953125
20.3839693,22.6806640625,-113.3349609375,-92.8466796875
20.4163318,21.0693359375,-114.4580078125,-95.6787109375
20.4471244,18.4326171875,-115.4345703125,-98.8525390625
20.4770984,17.5048828125,-116.5087890625,-100.9033203125
20.5049313,15.9423828125,-118.2666015625,-102.3193359375
20.5355652,14.6240234375,-119.5849609375,-103.0517578125
20.5669099,13.4033203125,-121.2939453125,-105.2490234375
20.5963645,12.2314453125,-122.5634765625,-108.6669921875
20.6268873,11.7431640625,-122.7587890625,-112.0849609375
20.6570956,11.0595703125,-123.5400390625,-115.5029296875
20.6886649,9.3017578125,-123.8330078125,-113.4033203125
20.7208023,8.1787109375,-121.3916015625,-88.1103515625
20.7498511,6.2255859375,-117.7294921875,-57.2998046875
20.7780441,5.1513671875,-115.2392578125,-42.7490234375
20.8071667,4.1259765625,-113.0419921875,-35.8642578125
20.8385749,3.7353515625,-110.1611328125,-32.2998046875
20.8670483,6.1767578125,-108.9892578125,-32.0556640625
20.9019385,11.0595703125,-106.4013671875,-35.3271484375
20.9264972,14.6240234375,-106.1083984375,-42.7490234375
20.9582953,17.9443359375,-105.6689453125,-53.6376953125
20.9887811,21.5576171875,-105.8154296875,-62.3291015625
21.0185282,24.2431640625,-104.4970703125,-64.5263671875
21.0451806,26.8310546875,-105.6689453125,-64.9169921875
21.0786668,27.4658203125,-106.1572265625,-64.4287109375
21.1093527,27.5634765625,-106.9873046875,-66.2841796875
21.1421609,26.9775390625,-107.1826171875,-67.8955078125
21.1724834,27.1728515625,-107.8662109375,-71.6064453125
21.1996453,27.4169921875,-108.9892578125,-75.5615234375
21.2326533,26.9287109375,-110.3564453125,-79.5166015625
21.2605903,26.7822265625,-110.8447265625,-83.9599609375
21.2901328,25.8056640625,-112.3583984375,-87.2802734375
21.323296,24.2431640625,-114.0185546875,-90.0146484375
21.3504597,22.8271484375,-115.6298828125,-93.0908203125
21.3830466,21.3623046875,-116.6552734375,-95.8251953125
21.4128947,19.9951171875,-117.5830078125,-97.2900390625
21.4417537,17.7978515625,-119.6337890625,-98.2177734375
21.4729106,16.5283203125,-121.3916015625,-100.0244140625
21.5006638,15.7470703125,-122.4169921875,-101.8310546875
21.5297134,13.8427734375,-122.9052734375,-105.2490234375
21.5615509,12.2802734375,-124.8583984375,-108.2763671875
21.590406,11.6455078125,-125.2001953125,-110.9619140625
21.6216527,10.6689453125,-124.1748046875,-108.5205078125
21.6554937,9.5947265625,-122.0263671875,-83.2763671875
21.6809629,8.2275390625,-119.2431640625,-55.8837890625
21.7160096,6.6650390625,-117.1923828125,-42.1142578125
21.7447706,5.9814453125,-114.7998046875,-35.5712890625
21.7726637,5.3466796875,-112.3095703125,-32.1044921875
21.8027166,7.0068359375,-109.5263671875,-32.0068359375
21.8363594,11.7919921875,-109.3310546875,-35.4736328125
21.8642119,15.5517578125,-108.7939453125,-43.4814453125
21.8957281,19.6533203125,-108.1103515625,-54.2724609375
21.9426003,22.3876953125,-108.0615234375,-61.8408203125
21.9627473,25.0244140625,-108.3056640625,-63.6474609375
21.9842167,27.2705078125,-106.7919921875,-63.9892578125
22.0154127,28.1005859375,-107.6708984375,-64.2333984375
22.041749,27.9541015625,-108.3056640625,-66.3818359375
22.0879005,27.6611328125,-109.5751953125,-67.9931640625
22.1046323,27.3193359375,-110.3564453125,-71.3134765625
22.1364391,27.3193359375,-112.4560546875,-75.7568359375
22.1673959,26.3916015625,-112.5048828125,-78.7841796875
22.1928992,25.2197265625,-113.4326171875,-83.3740234375
22.2283246,25.2197265625,-115.3857421875,-87.2802734375
22.2562472,23.6572265625,-116.2646484375,-90.5517578125
22.2834205,22.3876953125,-116.9970703125,-92.8466796875
22.3230477,20.4833984375,-118.2177734375,-95.9228515625
22.3465129,19.7021484375,-119.3896484375,-97.2412109375
22.3791557,16.9189453125,-120.5615234375,-98.4619140625
22.4096061,16.3330078125,-121.9775390625,-100.3662109375
22.4363178,14.4287109375,-123.0517578125,-102.4658203125
22.4693119,13.5498046875,-123.5888671875,-105.7861328125
22.5228478,12.8173828125,-124.7119140625,-110.0341796875
22.5547055,11.3037109375,-124.1748046875,-113.3544921875
22.5587664,10.6689453125,-122.6123046875,-107.7880859375
22.5864079,9.3017578125,-120.6103515625,-78.2470703125
22.6341103,8.0322265625,-117.3876953125,-53.1982421875
22.6511676,6.7626953125,-115.2880859375,-41.6748046875
22.6785668,5.1513671875,-112.2607421875,-36.0107421875
22.7060919,5.1025390625,-110.2099609375,-34.2041015625
22.7402232,6.8603515625,-108.2080078125,-35.8154296875
22.7693042,11.1572265625,-106.9384765625,-39.8681640625
22.8003425,15.1611328125,-105.2783203125,-49.3408203125
22.8305637,18.5302734375,-105.6201171875,-59.6435546875
22.8599354,21.8994140625,-105.1318359375,-66.6748046875
22.8913667,23.8525390625,-104.8388671875,-68.1396484375
22.9196449,26.2451171875,-105.1318359375,-68.2373046875
22.9490246,26.6845703125,-105.1806640625,-69.1650390625
22.981444,26.2939453125,-105.4736328125,-71.1181640625
23.0095548,25.5126953125,-106.3525390625,-73.9013671875
23.0431871,25.7568359375,-107.8662109375,-76.9775390625
23.069981,25.5615234375,-108.0615234375,-80.7373046875
23.0998988,25.0732421875,-109.6728515625,-84.7900390625
23.1341515,25.1708984375,-110.1611328125,-89.1845703125
23.1618861,23.5107421875,-112.2119140625,-93.0908203125
23.1886036,21.9482421875,-113.2373046875,-97.1923828125
23.2219652,20.5322265625,-113.9208984375,-99.9755859375
23.2520557,18.5791015625,-115.5810546875,-102.7587890625
23.2815544,16.9189453125,-116.9970703125,-104.4677734375
23.3124459,15.6982421875,-117.5341796875,-105.4443359375
23.3420365,14.3310546875,-119.3408203125,-107.2509765625
23.3737806,12.4267578125,-120.3173828125,-110.2294921875
23.4206109,11.3525390625,-120.2197265625,-113.7939453125
23.4396756,11.1572265625,-122.5634765625,-117.0654296875
23.4601695,9.3017578125,-121.8798828125,-119.2138671875
23.4924653,8.2763671875,-119.0966796875,-107.6904296875
23.5226119,6.8115234375,-117.1923828125,-73.9013671875
23.5550376,6.4208984375,-113.7255859375,-52.1728515625
23.5821575,4.8095703125,-109.7216796875,-41.7724609375
23.6130697,3.5888671875,-107.5244140625,-37.0849609375
23.662488,2.2705078125,-103.3740234375,-35.5712890625
23.6826991,5.0537109375,-101.9091796875,-36.9873046875
23.7015087,9.4482421875,-100.6396484375,-42.6025390625
23.7335357,13.1103515625,-100.3466796875,-51.6845703125
23.7644633,16.6748046875,-100.1513671875,-62.7685546875
23.795664,19.7998046875,-98.8818359375,-68.4326171875
23.8416168,22.8271484375,-99.2236328125,-69.7021484375
23.8619943,25.3662109375,-99.1259765625,-69.9462890625
23.8882648,26.1962890625,-98.8818359375,-71.1669921875
23.9159435,26.0009765625,-99.8583984375,-73.5107421875
23.9444257,25.6591796875,-100.5908203125,-75.1220703125
23.9927993,24.9267578125,-101.4697265625,-79.2724609375
24.0148825,25.1220703125,-102.6904296875,-82.8857421875
24.0378095,24.6337890625,-104.1552734375,-87.1826171875
24.0664117,23.5107421875,-105.1806640625,-91.7236328125
24.0961915,22.3388671875,-106.2548828125,-95.2880859375
24.1292604,21.5576171875,-106.9384765625,-99.0478515625
24.1570208,19.7509765625,-108.4521484375,-102.0751953125
24.1859193,18.3349609375,-110.4052734375,-104.4677734375
24.2175672,17.2607421875,-111.3330078125,-105.6884765625
24.2462366,15.6005859375,-112.2607421875,-106.8603515625
24.2812303,13.7451171875,-114.6044921875,-108.5693359375
24.3074852,12.2314453125,-115.6787109375,-111.0595703125
24.3384948,10.9130859375,-116.8017578125,-114.6240234375
24.3702067,9.7412109375,-117.5830078125,-118.2373046875
24.3981418,8.7158203125,-116.3623046875,-119.9951171875
24.4271854,7.2998046875,-114.3115234375,-105.7373046875
24.4599405,5.6884765625,-111.7236328125,-71.3134765625
24.4876111,5.3955078125,-108.6474609375,-51.3916015625
24.5191892,3.4912109375,-104.9365234375,-41.7724609375
24.5497629,2.5634765625,-101.9091796875,-37.4755859375
24.5767465,1.9287109375,-99.1259765625,-36.2060546875
24.6152557,4.1259765625,-96.5869140625,-37.4267578125
24.6390815,8.9111328125,-97.0263671875,-43.1884765625
24.6681461,12.1337890625,-95.6591796875,-52.9052734375
24.7002842,16.1376953125,-94.0478515625,-63.3056640625
24.7295908,19.0673828125,-93.8037109375,-67.5048828125
24.7561311,21.3623046875,-94.4384765625,-68.4326171875
24.7955633,24.2919921875,-93.4619140625,-68.0908203125
24.818928,25.6591796875,-94.7802734375,-69.8974609375
24.8482645,24.7314453125,-95.5126953125,-72.0458984375
24.8832782,24.9267578125,-96.9775390625,-74.2919921875
24.9079152,24.3408203125,-98.1494140625,-78.0517578125
24.9410209,24.2431640625,-99.3212890625,-81.9580078125
24.9728889,24.2919921875,-100.3955078125,-86.0107421875
25.0005695,23.7060546875,-101.7626953125,-90.2099609375
25.0335507,22.4853515625,-102.7392578125,-93.7255859375
25.0621785,21.0205078125,-104.3505859375,-96.5087890625
25.0901569,19.0673828125,-105.7666015625,-100.0732421875
25.1223257,17.6025390625,-106.9873046875,-101.7822265625
25.1530776,16.1865234375,-107.3779296875,-103.1982421875
25.1797301,14.7216796875,-109.7216796875,-103.9794921875
25.2137168,12.8173828125,-111.2353515625,-105.6396484375
25.2407091,11.6943359375,-112.2607421875,-109.0576171875
25.2725983,11.2548828125,-113.3837890625,-111.7431640625
25.3020133,10.2294921875,-113.7255859375,-115.2587890625
25.3372834,8.5205078125,-113.0419921875,-115.6982421875
25.3605045,8.1298828125,-110.8447265625,-96.2646484375
25.3954074,6.6162109375,-107.1826171875,-64.1357421875
25.4236796,5.7373046875,-104.2529296875,-48.0712890625
25.4547164,4.0771484375,-101.4697265625,-40.6494140625
25.5023573,2.8076171875,-98.3447265625,-36.7431640625
25.5142873,2.7587890625,-95.3662109375,-37.0849609375
25.5470397,5.1025390625,-93.8525390625,-40.7470703125
25.5744231,9.2529296875,-93.6083984375,-47.6806640625
25.610345,13.5009765625,-92.6318359375,-58.1298828125
25.6339729,16.0888671875,-91.9970703125,-66.8701171875
25.6637431,19.0185546875,-92.2900390625,-69.7509765625
25.6977609,21.9970703125,-92.4853515625,-71.0205078125
25.7241783,23.1201171875,-93.3154296875,-71.0693359375
25.7555553,23.9501953125,-93.6572265625,-73.0224609375
25.7859942,24.0478515625,-94.7802734375,-75.3662109375
25.8163224,23.3154296875,-96.0498046875,-78.0517578125
25.845354,23.5107421875,-96.9287109375,-82.2509765625
25.8773432,23.2666015625,-97.9541015625,-85.9619140625
25.904536,22.3388671875,-100.2978515625,-90.5029296875
25.9418391,22.1923828125,-101.0302734375,-94.5556640625
25.9662427,21.2158203125,-102.0556640625,-98.5107421875
25.9977302,20.0927734375,-104.3017578125,-102.1240234375
26.0287067,18.0908203125,-106.2060546875,-104.7607421875
26.0565123,16.0888671875,-106.9873046875,-106.1767578125
26.0872815,14.2822265625,-108.4521484375,-107.3974609375
26.118883,13.3544921875,-110.3076171875,-108.9599609375
26.1487936,11.8408203125,-111.3330078125,-112.4267578125
26.1798387,9.9365234375,-113.1396484375,-115.6005859375
26.2092294,8.9599609375,-114.1162109375,-118.8232421875
26.2378459,7.8369140625,-114.0185546875,-121.9970703125
26.2654235,6.6162109375,-111.8701171875,-114.2822265625
26.3011225,5.6396484375,-109.0380859375,-81.5673828125
26.3276839,5.2490234375,-106.9384765625,-56.1279296875
26.3573277,3.7353515625,-103.5693359375,-46.2158203125
26.3898554,2.0263671875,-100.4443359375,-40.5517578125
26.4175004,1.0498046875,-97.8564453125,-38.5009765625
26.4493556,1.3427734375,-96.0498046875,-38.8427734375
26.4795122,5.0537109375,-95.2685546875,-43.8720703125
26.5081239,9.3994140625,-95.1220703125,-52.8564453125
26.5381704,12.4755859375,-95.1220703125,-63.5986328125
26.577791,15.6005859375,-94.1943359375,-69.0673828125
26.5982319,19.3603515625,-93.8525390625,-71.1669921875
26.6319486,21.8017578125,-95.0244140625,-71.2646484375
26.6581412,23.4130859375,-95.7568359375,-71.5087890625
26.6968047,24.1455078125,-96.6845703125,-74.6337890625
26.7207117,23.6572265625,-97.8564453125,-76.5869140625
26.7476366,22.7294921875,-98.9794921875,-80.4443359375
26.7820477,23.1201171875,-100.5908203125,-84.1064453125
26.809525,23.2177734375,-102.8857421875,-88.9892578125
26.8453143,22.7294921875,-104.2529296875,-93.0419921875
26.8715939,22.0458984375,-105.4248046875,-97.4365234375
26.9003106,20.3857421875,-106.8408203125,-100.1708984375
26.9367561,19.3115234375,-108.9404296875,-103.3935546875
26.9625621,17.1142578125,-109.8193359375,-106.3720703125
26.9890612,16.3818359375,-111.3818359375,-107.7392578125
27.0250011,15.2099609375,-112.9931640625,-108.8623046875
27.0518745,12.6220703125,-114.8974609375,-110.5224609375
27.0870451,11.3037109375,-117.0947265625,-113.8427734375
27.1146725,9.9853515625,-117.7294921875,-117.9443359375
27.142949,8.5693359375,-118.4130859375,-121.5576171875
27.1759515,8.3251953125,-118.6572265625,-123.4619140625
27.2044328,7.4951171875,-117.4853515625,-111.4990234375
27.2338648,5.8349609375,-114.7021484375,-76.4892578125
27.2628822,4.0771484375,-111.5771484375,-54.5166015625
27.2942507,3.1494140625,-108.7451171875,-44.4580078125
27.3230504,1.5869140625,-106.6943359375,-39.0380859375
27.3547748,0.2685546875,-104.3017578125,-37.7197265625
27.3840796,0.2197265625,-103.0322265625,-39.1845703125
27.4129903,4.2236328125,-102.5439453125,-43.5791015625
27.4444627,9.0576171875,-102.3486328125,-54.3212890625
27.4746689,12.4267578125,-101.7626953125,-65.6005859375
27.503891,16.2353515625,-102.2998046875,-71.0693359375
27.5552912,19.1162109375,-102.6416015625,-72.1435546875
27.5769396,22.0947265625,-102.7392578125,-71.3623046875
27.5969441,23.6083984375,-102.9833984375,-72.4853515625
27.6258357,24.7802734375,-104.5947265625,-74.4384765625
27.6558783,23.6083984375,-106.2060546875,-77.4658203125
27.687575,23.3642578125,-107.1826171875,-80.8349609375
27.7171894,22.8759765625,-108.8916015625,-84.5947265625
27.7457729,23.4130859375,-109.5751953125,-88.4033203125
27.7725412,22.2412109375,-111.8701171875,-92.9931640625
27.8124553,21.6064453125,-113.6279296875,-96.3134765625
27.833586,20.5322265625,-114.4580078125,-100.2685546875
27.8684355,19.3115234375,-116.0693359375,-102.8564453125
27.8959895,17.7490234375,-117.2900390625,-104.8583984375
27.9309466,15.6494140625,-120.0732421875,-106.5673828125
27.9575713,15.0146484375,-121.1962890625,-108.0810546875
27.9882645,12.7197265625,-123.0029296875,-110.0830078125
28.0157922,11.4013671875,-124.5654296875,-112.8662109375
28.0499293,9.6923828125,-125.4443359375,-117.0654296875
28.0770996,8.7158203125,-127.0068359375,-122.6806640625
28.109701,8.1298828125,-126.1279296875,-126.5380859375
28.1383148,5.6884765625,-124.6142578125,-117.2119140625
28.1680198,5.2978515625,-122.9052734375,-83.0810546875
28.200972,4.0771484375,-120.0732421875,-56.2255859375
28.2291275,3.1982421875,-117.9248046875,-44.7509765625
28.2574394,2.2705078125,-116.2646484375,-38.2568359375
28.2908385,1.0498046875,-114.1162109375,-34.8876953125
28.3175837,0.0244140625,-112.8466796875,-34.9853515625
28.3496817,2.1728515625,-112.5537109375,-38.8427734375
28.3804233,6.4697265625,-111.4306640625,-47.8271484375
28.4091373,11.3525390625,-112.2119140625,-58.2763671875
28.4426423,14.1845703125,-111.8701171875,-63.8427734375
28.470491,17.9443359375,-112.1142578125,-64.2822265625
28.5003341,20.5322265625,-111.8212890625,-64.4287109375
28.5356013,22.3388671875,-112.6513671875,-65.0634765625
28.5600454,23.4619140625,-114.1650390625,-66.8212890625
28.5941349,23.2177734375,-115.2392578125,-69.5068359375
28.6207003,22.4365234375,-115.7275390625,-72.2900390625
28.65,22.2412109375,-117.0458984375,-76.0009765625
28.6826858,22.3388671875,-118.1689453125,-80.3466796875
28.7110859,22.2900390625,-119.9267578125,-83.5205078125
28.7404917,21.0205078125,-120.2685546875,-87.5732421875
28.773009,20.1904296875,-121.6845703125,-90.7470703125
28.8009481,18.7744140625,-123.0029296875,-93.7744140625
28.8336918,17.1142578125,-124.3701171875,-95.3857421875
28.8643226,15.4541015625,-125.4931640625,-96.8017578125
28.8938745,13.6962890625,-127.4462890625,-98.2177734375
28.9199395,12.3291015625,-128.6669921875,-100.9521484375
28.9529029,11.0107421875,-130.8154296875,-103.3935546875
28.9818488,9.7900390625,-131.3525390625,-107.2998046875
29.0108474,8.9111328125,-132.0849609375,-110.7177734375
29.0425004,7.6416015625,-131.5966796875,-111.7919921875
29.0724626,6.2255859375,-129.2529296875,-96.2646484375
29.103233,5.5419921875,-127.0556640625,-63.6474609375
29.1338834,3.5400390625,-125.7373046875,-44.7998046875
29.1628239,3.6376953125,-123.7353515625,-35.9130859375
29.1955758,1.5380859375,-121.3916015625,-31.6650390625
29.2247966,0.2197265625,-119.2431640625,-30.6396484375
29.2508946,0.3662109375,-117.5830078125,-32.5439453125
29.2854941,2.3193359375,-117.9248046875,-38.8427734375
29.316107,7.5927734375,-117.8271484375,-49.4384765625
29.3488163,10.6689453125,-117.1923828125,-58.6181640625
29.374565,13.5986328125,-116.9482421875,-62.4755859375
29.4032754,17.8466796875,-116.9970703125,-62.7197265625
29.4367905,19.8486328125,-118.3154296875,-63.5009765625
29.465058,21.9970703125,-118.3642578125,-64.1845703125
29.4949476,22.2412109375,-119.8779296875,-66.4794921875
29.5270526,21.8994140625,-120.3173828125,-68.8720703125
29.5548025,21.8505859375,-121.2451171875,-71.8017578125
29.6041992,21.4111328125,-122.4658203125,-76.3916015625
29.6173772,21.4599609375,-123.6376953125,-80.4443359375
29.6465576,20.8251953125,-124.5654296875,-84.0087890625
29.6950936,19.6533203125,-125.7861328125,-87.7685546875
29.7082606,19.0185546875,-126.1279296875,-90.7470703125
29.7339673,17.3095703125,-128.9111328125,-93.6279296875
29.7704288,16.2353515625,-129.6923828125,-96.3134765625
29.7970498,14.4287109375,-130.6201171875,-97.8271484375
29.826766,13.1591796875,-132.2802734375,-99.4384765625
29.8633109,11.4501953125,-133.4521484375,-99.9267578125
29.8873999,10.5224609375,-134.8193359375,-103.1982421875
29.9156875,8.6181640625,-136.0888671875,-105.8837890625
29.9527585,7.9345703125,-137.2119140625,-109.6435546875
29.9778814,6.9580078125,-137.1142578125,-113.3056640625
30.0166699,5.7373046875,-135.7470703125,-107.9345703125
30.0396539,4.4189453125,-132.5244140625,-77.1728515625
30.0679749,3.1982421875,-130.8154296875,-50.3173828125
30.1006033,1.7822265625,-127.6416015625,-36.7431640625
30.131012,0.8544921875,-125.1513671875,-29.9072265625
30.1572179,-0.4150390625,-122.0751953125,-26.2939453125
30.2080305,-0.4150390625,-120.3173828125,-26.7333984375
30.2169639,-0.7080078125,-118.6572265625,-29.6630859375
30.2521729,3.7353515625,-118.3154296875,-37.6220703125
30.2795447,7.9833984375,-117.2900390625,-47.9248046875
30.3096964,11.7431640625,-115.8740234375,-53.8818359375
30.3412498,14.6240234375,-115.8251953125,-56.7626953125
30.3726401,18.4814453125,-114.8974609375,-56.4208984375
30.3987875,21.9482421875,-115.3369140625,-57.6416015625
30.4379549,23.5107421875,-115.8740234375,-59.2041015625
30.4587376,24.0966796875,-116.3134765625,-61.2060546875
30.4892098,23.6083984375,-116.7041015625,-65.2099609375
30.5257042,22.9248046875,-117.8271484375,-68.7744140625
30.5496359,23.0712890625,-119.0478515625,-73.3154296875
30.5975572,22.9736328125,-119.1943359375,-76.7333984375
30.6186719,22.6318359375,-120.8544921875,-79.9072265625
30.6397257,21.2158203125,-121.3916015625,-83.0322265625
30.6790491,20.7763671875,-123.0517578125,-85.1806640625
30.703225,18.8232421875,-124.2724609375,-88.5009765625
30.7315294,17.8955078125,-125.3466796875,-89.9658203125
30.7667777,16.1376953125,-126.5673828125,-91.1376953125
30.79048,14.1357421875,-127.6416015625,-92.4560546875
30.8203316,12.8173828125,-128.7158203125,-94.5556640625
30.8576169,11.4990234375,-129.2529296875,-97.8271484375
30.8834674,10.5224609375,-129.9853515625,-100.1708984375
30.9263613,10.1806640625,-131.5966796875,-103.4912109375
30.9443046,8.3251953125,-129.5947265625,-104.9072265625
30.9736021,8.0810546875,-128.0322265625,-89.3310546875
31.0097386,6.5673828125,-125.0048828125,-57.3486328125
31.0363347,5.8349609375,-121.9287109375,-39.0869140625
31.0631034,3.7353515625,-119.0966796875,-29.4677734375
31.0964084,2.8076171875,-116.4111328125,-24.4384765625
31.1231363,2.0263671875,-111.9189453125,-23.0224609375
31.1608622,0.6591796875,-111.4306640625,-24.0478515625
31.1861521,2.7099609375,-109.5751953125,-29.5166015625
31.2163163,6.5673828125,-108.6962890625,-39.5263671875
31.244037,11.5478515625,-107.6708984375,-48.6083984375
31.2770594,14.6240234375,-107.0361328125,-53.0029296875
31.3067044,17.8466796875,-106.6455078125,-53.3935546875
31.3326656,20.6787109375,-107.0361328125,-54.1259765625
31.3796684,22.7783203125,-107.3291015625,-55.7373046875
31.4097273,24.5849609375,-107.5244140625,-57.0556640625
31.4259431,24.4384765625,-108.3544921875,-60.1806640625
31.4555922,23.5595703125,-108.8427734375,-63.6474609375
31.4846413,23.2666015625,-110.2587890625,-67.9443359375
31.5216451,23.3642578125,-111.4306640625,-71.8017578125
31.5460879,22.8759765625,-112.7001953125,-75.6591796875
31.5826035,21.6064453125,-113.1396484375,-78.9794921875
31.6073098,21.1669921875,-114.4091796875,-81.5673828125
31.6356832,20.3857421875,-115.2392578125,-84.9853515625
31.6739792,18.9697265625,-116.4599609375,-87.3779296875
31.6977455,16.8212890625,-118.4619140625,-89.2333984375
31.7277203,15.6005859375,-119.1455078125,-90.3076171875
31.7617551,14.3310546875,-120.4638671875,-92.1630859375
31.787634,12.9638671875,-122.4658203125,-94.4580078125
31.8240846,11.7431640625,-122.8564453125,-98.1201171875
31.8489377,10.3271484375,-124.3701171875,-101.5380859375
31.8770416,9.4970703125,-123.6376953125,-104.7607421875
31.9125512,8.6669921875,-121.4404296875,-96.9482421875
31.9375684,7.2021484375,-118.1689453125,-65.2099609375
31.9734626,5.5908203125,-115.1416015625,-41.2353515625
31.9983123,5.1513671875,-111.7236328125,-30.0048828125
32.0281614,3.6865234375,-108.3056640625,-24.7314453125
32.0578957,3.2470703125,-104.8876953125,-21.5576171875
32.0869995,1.2451171875,-101.9091796875,-22.6806640625
32.1276523,1.4404296875,-101.2744140625,-26.3916015625
32.1478357,5.0537109375,-100.1025390625,-35.9130859375
32.182126,9.2529296875,-99.5166015625,-45.7275390625
32.2110989,13.0126953125,-99.1748046875,-51.3916015625
32.2382674,16.8212890625,-98.9794921875,-52.8564453125
32.2702621,19.7998046875,-98.3935546875,-54.1259765625
32.3088504,21.7529296875,-99.0771484375,-54.5166015625
32.329196,24.0966796875,-100.1513671875,-56.6162109375
32.3793996,24.9755859375,-101.0791015625,-59.2041015625
32.3983834,24.0966796875,-102.1044921875,-62.2314453125
32.4220435,23.1689453125,-103.2763671875,-66.6748046875
32.448888,23.8037109375,-104.4482421875,-71.2646484375
32.4866155,23.8037109375,-106.1083984375,-75.0732421875
32.5132718,23.2177734375,-107.1826171875,-78.9306640625
32.54104,22.2412109375,-108.5009765625,-82.0556640625
32.569909,20.5810546875,-109.8681640625,-84.9365234375
32.6048591,19.8486328125,-111.4794921875,-88.0615234375
32.6340175,18.3349609375,-112.9931640625,-90.6494140625
32.6735489,16.8212890625,-114.4091796875,-92.3095703125
32.6945712,14.7705078125,-116.1669921875,-93.4326171875
32.7218826,13.5009765625,-116.7041015625,-95.4345703125
32.7684308,11.5966796875,-118.2666015625,-97.7783203125
32.7834131,10.8154296875,-120.0244140625,-102.0263671875
32.8108836,9.6923828125,-119.8779296875,-105.6884765625
32.8467279,7.9833984375,-119.5361328125,-108.1298828125
32.8735053,7.2509765625,-116.5087890625,-99.3408203125
32.9081083,4.9560546875,-113.4814453125,-65.2099609375
32.9362791,4.6630859375,-110.6982421875,-41.3330078125
32.9636798,3.3447265625,-106.5478515625,-29.6630859375
32.9908614,2.6123046875,-102.2998046875,-22.7294921875
33.0260892,0.9521484375,-99.0771484375,-20.2880859375
33.0540819,0.2197265625,-96.2939453125,-20.9716796875
33.0887101,-0.2685546875,-94.9755859375,-24.5361328125
33.1148602,2.8076171875,-94.5361328125,-32.5927734375
33.1460924,7.6416015625,-94.3896484375,-42.6025390625
33.1771528,11.6455078125,-93.9013671875,-49.3408203125
33.2070458,15.2099609375,-93.8037109375,-50.8056640625
33.235786,18.1884765625,-93.4619140625,-51.5869140625
33.2693837,21.2646484375,-94.0966796875,-52.8076171875
33.2947391,24.2431640625,-96.0009765625,-54.6630859375
33.3301229,25.1220703125,-96.2451171875,-57.9833984375
33.3570246,24.7802734375,-97.8076171875,-60.7666015625
33.3860859,24.5361328125,-98.5400390625,-64.8193359375
33.4194649,23.9990234375,-99.5654296875,-68.4326171875
33.4467419,23.9013671875,-100.7861328125,-72.3876953125
33.4775737,23.6572265625,-103.1787109375,-76.7333984375
33.5085406,23.0224609375,-105.0830078125,-80.0048828125
33.5357337,21.4599609375,-106.5478515625,-82.7880859375
33.5654133,20.8740234375,-108.2568359375,-85.8642578125
33.5998977,18.4326171875,-109.0380859375,-86.9873046875
33.6292074,17.4560546875,-111.4306640625,-88.7451171875
33.6605674,14.7216796875,-112.9443359375,-89.9169921875
33.6895945,14.0380859375,-114.1650390625,-92.7001953125
33.7193215,12.1826171875,-115.9228515625,-95.5810546875
33.7466656,11.0595703125,-116.8017578125,-99.7314453125
33.778922,10.2294921875,-117.8759765625,-102.2705078125
33.8083574,8.8134765625,-116.0205078125,-102.9052734375
33.8392846,7.8369140625,-113.1396484375,-84.5947265625
33.8702611,6.7626953125,-110.0146484375,-52.4658203125
33.8982808,5.4931640625,-107.6220703125,-33.9599609375
33.9290573,4.5654296875,-104.3994140625,-24.9267578125
33.9600666,2.5634765625,-101.0791015625,-20.6298828125
33.9868858,1.9287109375,-98.8818359375,-19.3115234375
34.0192207,0.1220703125,-98.0517578125,-20.7763671875
34.0491494,0.1708984375,-97.2705078125,-27.8076171875
34.0842121,3.9794921875,-96.7822265625,-37.2802734375
34.1117437,9.2041015625,-96.0986328125,-46.8017578125
34.1399341,12.5732421875,-96.4404296875,-50.7568359375
34.1714802,16.3818359375,-96.5380859375,-51.6357421875
34.2090172,19.4091796875,-96.9775390625,-51.9775390625
34.2297907,22.2412109375,-98.2958984375,-53.4912109375
34.2618374,24.4384765625,-98.9306640625,-55.3466796875
34.2985912,24.8779296875,-100.4931640625,-58.4228515625
34.3236984,24.5849609375,-102.0068359375,-62.4267578125
34.3584068,23.8525390625,-103.3251953125,-65.9912109375
34.3807503,24.1943359375,-104.8388671875,-70.3369140625
34.4141395,23.8037109375,-106.5966796875,-74.4384765625
34.4429715,23.4619140625,-107.5244140625,-78.1982421875
34.4698141,22.6318359375,-109.4287109375,-81.5673828125
34.5043024,21.0693359375,-110.5517578125,-84.5947265625
34.5395249,19.2138671875,-111.9189453125,-87.5244140625
34.5647308,18.0419921875,-114.1162109375,-88.3544921875
34.6000729,16.5771484375,-114.7509765625,-89.1357421875
34.6201644,15.2587890625,-116.8017578125,-91.1865234375
34.6520115,14.1357421875,-118.5595703125,-94.8486328125
34.6882758,12.7197265625,-120.4638671875,-98.2177734375
34.7096629,10.9619140625,-121.6357421875,-102.3681640625
34.7463924,9.6435546875,-121.3916015625,-103.9306640625
34.7750827,8.8623046875,-118.9013671875,-91.9677734375
34.8126101,7.2021484375,-116.5087890625,-59.7412109375
34.8343426,7.0068359375,-114.4580078125,-38.7451171875
34.8725985,5.2978515625,-111.3818359375,-28.4912109375
34.8925607,4.7607421875,-108.8427734375,-23.5107421875
34.9319773,3.2470703125,-107.0361328125,-21.6552734375
34.9542792,1.6845703125,-105.4248046875,-23.4130859375
34.9917217,1.0986328125,-105.0830078125,-27.5146484375
35.0166982,2.9052734375,-104.5458984375,-37.8662109375
35.0438371,7.7392578125,-104.5947265625,-48.5595703125
35.0927113,11.2548828125,-104.2529296875,-54.0771484375
35.11323,14.9169921875,-104.6435546875,-54.2236328125
35.1337987,18.0908203125,-105.4248046875,-55.4931640625
35.1668236,20.7275390625,-105.9619140625,-56.2744140625
35.2027388,23.1201171875,-106.2548828125,-58.3740234375
35.2227176,24.8291015625,-107.8173828125,-60.7666015625
35.2648942,24.6337890625,-108.5009765625,-64.6240234375
35.2841952,23.7548828125,-109.9169921875,-68.0908203125
35.3188549,24.0966796875,-111.0888671875,-72.7294921875
35.3488377,24.3896484375,-112.4560546875,-76.8798828125
35.3853432,23.5595703125,-113.8232421875,-80.1025390625
35.4053297,22.4365234375,-115.5322265625,-84.3994140625
35.4449729,21.7529296875,-116.1669921875,-87.0361328125
35.4695398,21.1669921875,-118.5107421875,-89.2333984375
35.5171412,19.0185546875,-120.4150390625,-90.7958984375
35.5371992,16.7236328125,-121.3916015625,-92.0654296875
35.557064,15.1123046875,-122.7099609375,-93.4814453125
35.5925438,13.5498046875,-124.2236328125,-97.3876953125
35.6152796,12.4267578125,-125.0048828125,-100.4150390625
35.652784,11.2060546875,-126.1279296875,-104.1748046875
35.6785969,9.6923828125,-125.8349609375,-105.0537109375
35.7152512,9.1552734375,-123.1982421875,-88.9892578125
35.7417873,7.9833984375,-121.0498046875,-55.9814453125
35.7710674,6.7626953125,-117.6318359375,-36.6455078125
35.7998558,5.9326171875,-115.6298828125,-26.3427734375
35.8395383,3.8818359375,-113.2373046875,-21.5576171875
35.858658,2.7587890625,-110.5029296875,-19.6044921875
35.8964253,1.8798828125,-107.6220703125,-20.6787109375
35.92031,1.0986328125,-108.5986328125,-25.6103515625
35.9583197,2.7099609375,-107.7197265625,-34.1552734375
35.9821142,7.6416015625,-107.5732421875,-43.3349609375
36.01693,12.1826171875,-108.1103515625,-48.7548828125
36.0373463,15.6494140625,-107.1826171875,-49.8779296875
36.0762522,19.7021484375,-107.7197265625,-51.1962890625
36.1011289,22.0458984375,-108.8916015625,-52.5146484375
36.139886,24.9755859375,-109.7705078125,-53.8330078125
36.1614148,26.4892578125,-109.7216796875,-56.9091796875
36.1999746,25.9521484375,-111.5771484375,-60.2783203125
36.2197572,26.1474609375,-112.8466796875,-64.3310546875
36.2551778,25.4638671875,-114.9462890625,-68.3349609375
36.2815864,26.1474609375,-115.6298828125,-72.4365234375
36.3179605,25.5126953125,-117.2900390625,-76.1962890625
36.343227,24.6826171875,-118.6083984375,-78.9306640625
36.3917327,23.9013671875,-119.7314453125,-82.3486328125
36.4044256,22.5830078125,-120.7568359375,-83.5693359375
36.4330848,20.5810546875,-122.8076171875,-84.7412109375
36.4849695,19.2626953125,-124.0771484375,-86.1572265625
36.5136707,17.0654296875,-125.6884765625,-87.7197265625
36.5252609,15.5517578125,-127.3974609375,-90.8447265625
36.5532632,15.3564453125,-128.9111328125,-94.7021484375
36.5894935,13.6962890625,-128.4716796875,-97.5341796875
36.6122122,12.4267578125,-127.0556640625,-96.6552734375
36.6528751,10.8642578125,-125.9326171875,-75.4638671875
36.6722625,9.6923828125,-123.3935546875,-44.9951171875
36.7172935,8.1298828125,-120.3662109375,-30.1513671875
36.7363191,7.3486328125,-118.8037109375,-21.4599609375
36.7644085,6.2744140625,-115.7275390625,-17.1630859375
36.8121462,5.1025390625,-113.9697265625,-17.0166015625
36.8223958,3.7353515625,-112.8955078125,-18.5302734375
36.8576859,4.1259765625,-112.7978515625,-24.7802734375
36.8836988,4.7119140625,-112.3583984375,-34.9365234375
36.9233522,9.4970703125,-111.8701171875,-42.7001953125
36.9443583,14.1845703125,-111.5771484375,-45.8740234375
36.9841896,17.6513671875,-111.4306640625,-46.6552734375
37.006129,20.7275390625,-112.6025390625,-47.0458984375
37.0452911,23.7060546875,-113.0908203125,-48.8525390625
37.0681585,26.7333984375,-113.0419921875,-51.0009765625
37.1054188,27.7099609375,-115.1416015625,-54.3701171875
37.1246862,27.4658203125,-116.3623046875,-57.9833984375
37.1632633,26.8310546875,-117.0947265625,-61.6943359375
37.1865563,26.0986328125,-118.7548828125,-65.1611328125
37.2318277,27.0751953125,-120.2685546875,-69.8974609375
37.2524619,25.8056640625,-121.1474609375,-73.9013671875
37.2785654,25.0244140625,-122.8076171875,-76.1474609375
37.3246241,23.9501953125,-124.9560546875,-77.9052734375
37.3373976,22.8759765625,-126.3232421875,-79.6630859375
37.3763418,20.7275390625,-127.2998046875,-80.9326171875
37.3988501,19.1650390625,-129.1064453125,-82.6416015625
37.4376362,17.4560546875,-129.3017578125,-85.8642578125
37.455465,15.6005859375,-131.3525390625,-89.2333984375
37.4929944,14.4287109375,-132.2802734375,-92.0166015625
37.5186813,13.4033203125,-131.0107421875,-94.3603515625
37.556644,12.2802734375,-129.9365234375,-83.9599609375
37.5801645,11.7919921875,-127.0556640625,-54.1259765625
37.6102812,10.6201171875,-124.6630859375,-33.6181640625
37.6416376,9.0087890625,-122.6123046875,-23.3154296875
37.6717559,8.0322265625,-119.9755859375,-18.0908203125
37.6987177,6.8115234375,-118.1201171875,-16.5771484375
37.7370497,5.2001953125,-115.8740234375,-17.9443359375
37.7599319,4.6630859375,-116.0693359375,-21.9482421875
37.7906997,4.5654296875,-115.0927734375,-31.5185546875
37.8209011,7.8857421875,-114.8974609375,-41.3818359375
37.8690808,12.6220703125,-114.5556640625,-46.8017578125
37.8811247,16.3818359375,-114.2138671875,-47.6318359375
37.9123462,19.5068359375,-113.7744140625,-48.3642578125
37.941037,23.3154296875,-115.2392578125,-49.3408203125
37.9790791,25.7080078125,-116.0205078125,-50.6591796875
38.0026412,27.2216796875,-116.6552734375,-54.7607421875
38.0312969,28.0517578125,-117.9248046875,-58.2275390625
38.062941,26.8310546875,-118.9990234375,-61.8408203125
38.0911121,25.9521484375,-120.9521484375,-66.1376953125
38.1228727,26.5380859375,-121.2939453125,-70.0927734375
38.1530256,26.6357421875,-122.7099609375,-73.9501953125
38.1816177,25.9521484375,-122.8076171875,-76.9287109375
38.2114015,24.4873046875,-124.4677734375,-80.1025390625
38.2442424,23.6572265625,-125.4931640625,-82.3974609375
38.2713608,22.5830078125,-127.1044921875,-83.6181640625
38.3061759,20.8251953125,-128.8134765625,-85.2294921875
38.3344433,18.6767578125,-130.0341796875,-87.1826171875
38.3645886,17.1142578125,-130.7666015625,-90.4541015625
38.3950979,15.4541015625,-131.8896484375,-94.1650390625
38.4245297,15.3076171875,-132.5732421875,-97.5341796875
38.4543912,13.5009765625,-130.1806640625,-95.3369140625
38.4842058,11.8896484375,-128.0322265625,-70.7275390625
38.5125857,11.4013671875,-125.4931640625,-41.6259765625
38.5435486,9.4482421875,-122.1240234375,-28.4912109375
38.5749019,8.8623046875,-118.1689453125,-20.6298828125
38.6040362,7.3974609375,-115.3857421875,-17.0166015625
38.6332003,5.7861328125,-112.7490234375,-15.8935546875
38.6665253,4.2724609375,-110.2099609375,-17.8955078125
38.6959147,3.2958984375,-110.6005859375,-24.3408203125
38.7284485,4.1259765625,-109.1357421875,-35.3271484375
38.7543401,9.3994140625,-108.5986328125,-43.7744140625
38.7852968,14.2333984375,-108.0615234375,-46.6552734375
38.8167194,18.5791015625,-108.0126953125,-46.7041015625
38.8472028,21.3134765625,-107.2802734375,-47.1923828125
38.8751687,24.2431640625,-108.6474609375,-49.0478515625
38.9047016,27.5146484375,-109.0380859375,-51.8310546875
38.9351306,29.0771484375,-110.6005859375,-55.1025390625
38.9676427,28.9306640625,-111.3818359375,-58.3740234375
38.9988752,28.8330078125,-112.2607421875,-62.9638671875
39.0269134,27.6123046875,-112.6513671875,-66.6259765625
39.0593246,27.9052734375,-114.1650390625,-70.8251953125
39.1005612,28.3935546875,-114.5068359375,-74.1455078125
39.1182653,27.0263671875,-116.8017578125,-77.1728515625
39.1498235,26.1962890625,-117.6318359375,-80.2001953125
39.1777342,24.3896484375,-119.4873046875,-81.4697265625
39.2196725,23.1689453125,-121.0009765625,-82.5927734375
39.2410359,21.6064453125,-122.5634765625,-84.1064453125
39.2673548,19.7509765625,-123.6376953125,-86.4013671875
39.2963713,18.2861328125,-124.9560546875,-89.8193359375
39.3289277,17.2119140625,-125.0537109375,-93.3837890625
39.3578475,15.7470703125,-124.6630859375,-95.9716796875
39.3876622,13.6962890625,-121.8798828125,-89.1845703125
39.4312374,13.7939453125,-118.8037109375,-58.6669921875
39.4480958,12.5244140625,-116.5576171875,-35.5712890625
39.4811784,11.1083984375,-112.5537109375,-24.0966796875
39.5080361,9.5458984375,-109.9169921875,-17.3095703125
39.537107,8.8623046875,-106.3037109375,-14.9658203125
39.5701891,7.1533203125,-102.9345703125,-15.2587890625
39.6115771,5.5908203125,-102.0556640625,-17.9931640625
39.6308925,4.6630859375,-101.1279296875,-25.5615234375
39.6674717,6.8115234375,-100.6396484375,-36.9873046875
39.689178,11.5478515625,-99.3212890625,-43.1396484375
39.7207036,15.7470703125,-99.6142578125,-44.5068359375
39.7590884,19.7021484375,-99.6142578125,-44.7509765625
39.7791632,22.7294921875,-99.6142578125,-45.5322265625
39.8213149,25.9521484375,-100.7373046875,-47.2412109375
39.8410282,28.5400390625,-101.3720703125,-49.9755859375
39.8813156,30.3466796875,-102.0068359375,-53.0517578125
39.9029326,30.3955078125,-103.9599609375,-56.7138671875
39.9414539,29.5166015625,-104.4970703125,-61.0107421875
39.9619381,29.1748046875,-106.0107421875,-64.8193359375
40.0034229,29.1748046875,-106.9873046875,-68.6767578125
40.0216968,29.2724609375,-108.6962890625,-71.8017578125
40.0619821,28.5400390625,-110.0634765625,-74.9755859375
40.0811431,27.3681640625,-111.4794921875,-76.8798828125
40.1169147,25.9033203125,-112.5537109375,-78.3935546875
40.1451453,24.2431640625,-113.3837890625,-80.0048828125
40.1909168,23.0712890625,-114.7509765625,-82.2021484375
40.2022542,20.8251953125,-115.8740234375,-84.4482421875
40.2426957,18.9697265625,-116.9482421875,-87.5244140625
40.2627276,17.8466796875,-118.1689453125,-90.6005859375
40.3015401,16.4794921875,-116.6064453125,-92.0166015625
40.3246005,15.0634765625,-113.5302734375,-75.4638671875
40.3610893,14.1845703125,-109.6240234375,-44.4580078125
40.3838803,13.0615234375,-107.0849609375,-28.0517578125
40.4238732,12.4755859375,-103.0322265625,-19.8486328125
40.4428231,10.0341796875,-100.6884765625,-16.3818359375
40.4813956,9.7900390625,-97.7587890625,-15.5517578125
40.5040967,7.6416015625,-95.3173828125,-17.0166015625
40.5517571,6.9580078125,-94.6826171875,-22.2412109375
40.5816669,6.9091796875,-94.8779296875,-32.5927734375
40.5939477,8.8623046875,-94.0966796875,-42.0654296875
40.6311675,13.8916015625,-93.1689453125,-45.4345703125
40.6565213,18.0908203125,-93.6083984375,-46.5576171875
40.6941133,21.0205078125,-94.0478515625,-47.1923828125
40.717518,24.8291015625,-94.7802734375,-48.8525390625
40.7557362,27.9052734375,-96.5380859375,-51.3916015625
40.7866087,29.1748046875,-97.4169921875,-54.3701171875
40.8075514,30.6396484375,-98.1494140625,-58.0322265625
40.8374377,30.4443359375,-99.0771484375,-62.3779296875
40.8805972,28.5400390625,-100.6884765625,-66.4794921875
40.8989925,29.2724609375,-101.7626953125,-71.0205078125
40.9257575,29.1259765625,-104.6435546875,-75.0244140625
40.9639511,27.4169921875,-105.1806640625,-78.6376953125
40.9865753,27.0263671875,-106.8408203125,-80.8349609375
41.0229285,25.7080078125,-108.3544921875,-82.9833984375
41.0491046,24.7314453125,-109.3798828125,-84.3017578125
41.0983876,21.9970703125,-111.5771484375,-86.1083984375
41.1184217,20.5810546875,-112.6025390625,-88.4033203125
41.1382037,18.9697265625,-113.5791015625,-91.3818359375
41.1766941,17.7978515625,-115.6298828125,-95.8740234375
41.2089136,16.3330078125,-114.6533203125,-98.9013671875
41.229352,15.2587890625,-111.6259765625,-92.2607421875
41.2680182,12.8173828125,-108.6474609375,-62.0849609375
41.2900077,12.1337890625,-105.3271484375,-37.3291015625
41.3291395,11.4501953125,-101.8115234375,-25.5615234375
41.3490162,9.6923828125,-98.3935546875,-19.7021484375
41.3891203,8.8623046875,-94.6826171875,-17.4072265625
41.409536,7.2021484375,-92.0947265625,-18.0908203125
41.446787,5.9814453125,-91.2646484375,-21.6552734375
41.4695002,4.8583984375,-90.5810546875,-30.7373046875
41.5039738,4.9560546875,-90.0927734375,-41.3818359375
41.526834,8.4716796875,-89.9951171875,-46.7529296875
41.5636655,13.3544921875,-89.8486328125,-48.8525390625
41.5885184,17.0654296875,-90.4345703125,-49.2431640625
41.6242124,21.1181640625,-89.9951171875,-50.3662109375
41.6507751,23.7060546875,-92.1923828125,-52.6611328125
41.689566,27.1240234375,-92.6318359375,-55.0048828125
41.7121148,28.8818359375,-94.2431640625,-58.4228515625
41.7477966,29.3701171875,-95.9033203125,-62.2802734375
41.7691434,28.7353515625,-97.1728515625,-67.2607421875
41.8055065,27.7099609375,-98.1982421875,-71.4111328125
41.832685,28.0517578125,-99.6142578125,-75.3173828125
41.8680044,27.9541015625,-101.2744140625,-78.0029296875
41.8926058,27.9052734375,-103.1787109375,-81.8603515625
41.9304043,26.4404296875,-104.5458984375,-83.8134765625
41.9635991,25.1708984375,-105.6689453125,-86.6455078125
41.9839968,23.4619140625,-107.5244140625,-86.9873046875
42.0190786,22.0458984375,-109.0380859375,-88.5009765625
42.0459711,20.0927734375,-111.0888671875,-91.4306640625
42.0835253,18.5302734375,-112.5537109375,-94.6044921875
42.0992089,16.4306640625,-112.9443359375,-98.2666015625
42.1389685,15.3564453125,-112.2119140625,-100.9521484375
42.1639984,14.1357421875,-108.9404296875,-89.1845703125
42.2096955,13.1103515625,-107.3291015625,-54.6630859375
42.2298929,11.9873046875,-103.1298828125,-33.4716796875
42.2528785,10.8642578125,-99.5166015625,-23.7060546875
42.2900213,9.5947265625,-95.9521484375,-18.9697265625
42.314994,8.3740234375,-93.4130859375,-17.6513671875
42.3537224,6.9091796875,-91.8994140625,-18.2373046875
42.3772442,5.5908203125,-91.5087890625,-23.1689453125
42.4125212,4.1748046875,-91.7041015625,-33.0322265625
42.4329555,4.9560546875,-91.2646484375,-44.4091796875
42.4701882,9.5947265625,-91.1669921875,-48.6083984375
42.4931539,14.4287109375,-91.8505859375,-50.4150390625
42.5430126,18.0908203125,-91.0205078125,-49.8291015625
42.5619012,22.3876953125,-92.3876953125,-51.2939453125
42.5833451,26.0009765625,-92.7294921875,-53.1005859375
42.6216944,28.4912109375,-93.9501953125,-55.8349609375
42.6461359,29.9072265625,-96.1474609375,-59.8876953125
42.6814167,31.0302734375,-97.4658203125,-63.3056640625
42.7070264,29.8095703125,-98.5888671875,-67.6025390625
42.7450746,29.5166015625,-99.9560546875,-71.3623046875
42.7666191,29.4189453125,-102.0068359375,-75.2197265625
42.8029594,29.4677734375,-103.7646484375,-78.0517578125
42.8244368,29.5654296875,-105.0341796875,-81.0302734375
42.8726048,28.2470703125,-106.1572265625,-83.1298828125
42.891587,27.5634765625,-108.5498046875,-84.7900390625
42.9166529,26.0498046875,-109.8681640625,-85.7177734375
42.9641005,23.6083984375,-111.6259765625,-87.7685546875
42.9785414,21.7041015625,-112.4072265625,-90.4541015625
43.025209,20.5810546875,-115.7275390625,-93.6279296875
43.0442873,19.4091796875,-116.1669921875,-97.1923828125
43.068564,16.9189453125,-113.9697265625,-99.6826171875
43.1171007,15.5029296875,-112.7490234375,-88.6962890625
43.1307214,15.0634765625,-109.7216796875,-55.7373046875
43.1650998,13.5009765625,-107.4755859375,-33.8134765625
43.1844719,12.7197265625,-103.7646484375,-23.4619140625
43.2237096,11.2548828125,-101.4697265625,-18.8232421875
43.2487156,10.2294921875,-98.9306640625,-17.3095703125
43.2779713,8.7158203125,-97.4169921875,-18.5302734375
43.3114093,7.2509765625,-97.5146484375,-23.7548828125
43.3385964,6.1767578125,-96.2451171875,-33.3251953125
43.3715104,6.6650390625,-95.7080078125,-42.8466796875
43.4005504,10.1318359375,-95.7568359375,-48.5595703125
43.4289941,15.2587890625,-96.3916015625,-49.6826171875
43.4761955,18.9208984375,-95.8056640625,-50.6103515625
43.4912878,22.7294921875,-97.9052734375,-51.2939453125
43.5197472,25.3662109375,-98.6376953125,-53.3935546875
43.5502537,28.4423828125,-100.0048828125,-56.1767578125
43.581738,31.2255859375,-101.2744140625,-59.5947265625
43.6159643,31.5673828125,-102.5439453125,-63.3056640625
43.6425969,31.3232421875,-104.0576171875,-68.0419921875
43.6723807,31.3720703125,-105.2294921875,-72.1435546875
43.7043891,31.7138671875,-106.9384765625,-75.8056640625
43.7340136,30.5419921875,-108.1591796875,-79.4677734375
43.7597189,30.7373046875,-109.2333984375,-82.7392578125
43.7933293,29.5654296875,-110.9912109375,-85.0341796875
43.8228058,28.5888671875,-112.5048828125,-86.1083984375
43.8551601,26.3916015625,-114.0673828125,-87.9150390625
43.8831536,24.8291015625,-115.7275390625,-90.1611328125
43.9134483,23.4130859375,-117.0458984375,-93.0419921875
43.9436829,21.8017578125,-118.0224609375,-97.1435546875
43.9735493,20.7763671875,-117.8271484375,-100.8056640625
44.0022785,19.6044921875,-117.0458984375,-99.6826171875
44.0319192,17.7490234375,-114.7509765625,-74.2919921875
44.0647047,16.4794921875,-112.4560546875,-43.7255859375
44.0934212,15.1123046875,-110.1123046875,-29.9560546875
44.1259118,14.0380859375,-106.9873046875,-23.1201171875
44.1535959,13.0126953125,-105.4248046875,-20.3369140625
44.182187,11.1083984375,-102.5927734375,-21.2158203125
44.2144458,10.0341796875,-102.9345703125,-24.5849609375
44.2416089,8.7646484375,-102.7392578125,-33.3740234375
44.277914,7.5927734375,-101.8115234375,-44.9951171875
44.3158469,8.3740234375,-101.7626953125,-53.6865234375
44.3360771,12.5732421875,-102.2998046875,-56.3232421875
44.3650085,17.0654296875,-102.8369140625,-56.2255859375
44.3966138,21.4111328125,-103.2763671875,-56.3232421875
44.4270921,24.1455078125,-104.2041015625,-57.7392578125
44.4739029,28.0517578125,-104.9365234375,-60.8642578125
44.486718,30.5908203125,-105.9619140625,-63.5009765625
44.5392761,32.0556640625,-107.3291015625,-67.9443359375
44.5694728,31.8115234375,-108.9404296875,-72.3388671875
44.5771792,31.0302734375,-109.3798828125,-76.6845703125
44.6189634,29.7119140625,-110.6494140625,-80.8349609375
44.6396607,30.8837890625,-111.7724609375,-84.6435546875
44.6781319,30.5419921875,-113.6767578125,-88.4033203125
44.6996677,30.0048828125,-115.4833984375,-90.7470703125
44.7359345,28.9794921875,-116.9482421875,-92.5048828125
44.7567797,27.1240234375,-118.4619140625,-94.3115234375
44.7991385,26.4404296875,-120.0244140625,-95.8740234375
44.8194164,23.9013671875,-122.2705078125,-98.0712890625
44.8655509,22.3876953125,-122.9052734375,-101.6845703125
44.8975735,21.3134765625,-124.2724609375,-105.1513671875
44.9079035,19.2138671875,-123.1494140625,-109.0576171875
44.9522955,17.9931640625,-121.5380859375,-101.0498046875
44.9705114,17.1630859375,-119.4873046875,-65.7470703125
45.0083401,15.3564453125,-116.8505859375,-39.5263671875
45.0290864,14.1845703125,-114.2138671875,-27.5146484375
45.0589845,13.2080078125,-111.9189453125,-21.6552734375
45.0985879,12.2802734375,-109.6240234375,-19.6044921875
45.1305593,10.0830078125,-107.7685546875,-20.2392578125
45.1479195,8.8623046875,-107.0361328125,-24.3408203125
45.193501,8.5693359375,-106.3525390625,-34.3017578125
45.2149227,7.3486328125,-106.2060546875,-46.8017578125
45.2530749,8.8623046875,-105.9619140625,-54.5166015625
45.2727987,13.5986328125,-106.1572265625,-56.2744140625
45.3111458,18.1396484375,-106.5478515625,-55.2490234375
45.3308726,22.0947265625,-106.8896484375,-56.4697265625
45.3675141,25.2197265625,-107.6708984375,-58.5205078125
45.3892499,29.1259765625,-109.3310546875,-60.6689453125
45.4396031,31.0791015625,-110.6494140625,-64.4287109375
45.4598458,33.0322265625,-111.3330078125,-68.0908203125
45.4831568,32.5439453125,-112.2607421875,-72.8271484375
45.5193818,31.8603515625,-113.7255859375,-76.7822265625
45.5427894,31.7138671875,-115.1416015625,-81.1767578125
45.5837773,31.3720703125,-116.9970703125,-85.0341796875
45.6038836,30.9814453125,-117.4853515625,-87.9638671875
45.6403578,30.4443359375,-119.5849609375,-90.8447265625
45.6610418,29.6142578125,-120.3173828125,-92.8466796875
45.7066729,28.0517578125,-122.2216796875,-93.7255859375
45.7373928,27.2705078125,-122.9541015625,-95.4345703125
45.751416,25.3173828125,-124.7119140625,-97.6318359375
45.7999508,24.2431640625,-126.0302734375,-101.2939453125
45.821402,22.1435546875,-127.2998046875,-104.8583984375
45.8586066,20.6298828125,-126.2255859375,-107.2998046875
45.8752874,19.1162109375,-124.1259765625,-98.3642578125
45.9105182,17.7490234375,-122.1240234375,-62.9150390625
45.931981,17.3095703125,-119.5361328125,-37.5244140625
45.9745567,16.1865234375,-116.8505859375,-26.0498046875
46.0043242,15.2099609375,-114.6044921875,-21.5576171875
46.0261602,14.2822265625,-111.9677734375,-18.4814453125
46.0548827,12.1337890625,-110.4541015625,-19.8974609375
46.0945717,11.6943359375,-109.8193359375,-24.7802734375
46.1157032,10.2294921875,-109.1357421875,-35.2294921875
46.1536231,8.9599609375,-108.9892578125,-47.2412109375
46.1753586,10.5712890625,-107.6708984375,-54.1748046875
46.2172434,15.6982421875,-106.9873046875,-56.0791015625
46.235089,20.7275390625,-108.2080078125,-55.4931640625
46.2722114,24.4384765625,-108.5009765625,-56.1767578125
46.2947403,27.2216796875,-108.2568359375,-57.2509765625
46.3345523,31.0791015625,-109.8681640625,-60.3759765625
46.353886,32.5927734375,-110.4541015625,-64.4287109375
46.391952,34.6923828125,-111.4794921875,-67.6025390625
46.4130638,34.5947265625,-113.2373046875,-71.5576171875
46.4495358,33.3740234375,-114.2626953125,-76.0009765625
46.4767687,33.4716796875,-115.5810546875,-79.7607421875
46.5130926,34.0087890625,-116.4599609375,-84.5458984375
46.5388897,33.0810546875,-117.2900390625,-87.6220703125
46.5744746,33.1298828125,-118.7548828125,-90.3564453125
46.5945465,31.8603515625,-120.5615234375,-91.6748046875
46.6319389,30.7373046875,-121.6357421875,-92.6513671875
46.6568021,29.0283203125,-123.2470703125,-93.9697265625
46.6932674,27.1240234375,-124.3212890625,-96.8994140625
46.7179203,25.6103515625,-126.4697265625,-100.1220703125
46.7557213,23.9501953125,-126.8603515625,-104.2724609375
46.7776766,22.8271484375,-125.1025390625,-106.4697265625
46.8141596,21.7041015625,-122.9541015625,-97.7783203125
46.8383311,20.6298828125,-120.6591796875,-63.2080078125
46.8780109,18.8232421875,-117.8271484375,-38.0126953125
46.8983479,17.9443359375,-115.5810546875,-27.1240234375
46.9362775,17.0166015625,-112.4072265625,-22.1923828125
46.9596013,15.5029296875,-109.6240234375,-20.6298828125
47.0000204,14.5263671875,-107.6708984375,-21.7529296875
47.0202275,13.5009765625,-107.4267578125,-26.7333984375
47.0588612,11.9384765625,-106.9384765625,-37.3779296875
47.0798743,10.3759765625,-106.5966796875,-48.0224609375
47.1172468,11.0107421875,-106.0107421875,-55.1025390625
47.1403734,15.6982421875,-105.7666015625,-56.9091796875
47.1787169,20.3369140625,-106.3525390625,-57.1044921875
47.1998292,24.4873046875,-106.2548828125,-58.3740234375
47.2417688,28.4912109375,-107.8173828125,-60.6201171875
47.2729525,30.5419921875,-107.5732421875,-63.9892578125
47.2922693,33.2275390625,-108.5986328125,-67.0166015625
47.3289247,35.0830078125,-109.8681640625,-71.3623046875
47.354316,34.9365234375,-111.5771484375,-76.4892578125
47.3965426,34.4482421875,-111.9189453125,-80.6884765625
47.4269353,34.2529296875,-113.0908203125,-85.3759765625
47.4434714,34.4482421875,-114.4580078125,-89.3310546875
47.4893951,33.5205078125,-115.5810546875,-92.8466796875
47.5096679,33.0322265625,-116.1181640625,-95.2880859375
47.5330673,32.1533203125,-117.5341796875,-97.7783203125
47.5682894,30.8837890625,-119.2431640625,-98.5595703125
47.5946824,29.3212890625,-120.1708984375,-100.1708984375
47.6231338,27.4169921875,-121.1962890625,-103.2958984375
47.658715,26.1962890625,-122.5146484375,-107.2509765625
47.6865445,25.3173828125,-123.3935546875,-111.4990234375
47.7239786,22.7294921875,-120.4638671875,-111.9873046875
47.7416435,21.1669921875,-118.1689453125,-93.7744140625
47.7786798,19.8974609375,-115.1416015625,-56.6650390625
47.8043392,18.2861328125,-112.3583984375,-36.5966796875
47.8509555,17.5048828125,-108.5498046875,-27.6123046875
47.8709767,16.3330078125,-105.4248046875,-23.2666015625
47.8945671,14.5751953125,-102.2998046875,-22.9736328125
47.9325741,13.8427734375,-101.9091796875,-25.0732421875
47.9558733,12.4267578125,-100.0537109375,-31.7626953125
47.9943936,10.4736328125,-99.0283203125,-43.5791015625
48.0180056,10.0341796875,-98.7841796875,-54.6630859375
48.0447486,11.0107421875,-97.9541015625,-59.3505859375
48.0842917,15.9912109375,-97.1240234375,-59.8388671875
48.1070431,20.7763671875,-97.9052734375,-60.2783203125
48.1349761,23.8037109375,-98.2470703125,-61.5478515625
48.1798796,27.6123046875,-98.8330078125,-63.1103515625
48.2114733,30.9326171875,-100.0537109375,-66.8701171875
48.2261347,33.0322265625,-100.4443359375,-70.5322265625
48.2635251,35.0341796875,-101.7626953125,-74.2431640625
48.2849435,35.1806640625,-103.1298828125,-78.8818359375
48.3250586,34.1552734375,-104.5947265625,-83.1298828125
48.3493729,33.7158203125,-105.3271484375,-87.9638671875
48.3780287,34.3994140625,-106.0107421875,-91.8701171875
48.4141883,34.3505859375,-107.4267578125,-94.8974609375
48.4397794,32.9345703125,-108.7451171875,-97.1435546875
48.4674161,32.2998046875,-110.2587890625,-98.8525390625
48.5035979,31.3720703125,-111.6259765625,-99.9755859375
48.5284203,29.3701171875,-112.2607421875,-101.4892578125
48.5578657,27.1728515625,-113.7255859375,-104.3212890625
48.5910458,25.7080078125,-114.7021484375,-108.0322265625
48.6185703,25.0244140625,-115.7763671875,-111.8408203125
48.6453539,23.5107421875,-113.3837890625,-113.2080078125
48.6928458,21.9482421875,-111.2353515625,-98.6083984375
48.71312,20.5810546875,-108.0615234375,-59.3994140625
48.7351373,18.7255859375,-103.7158203125,-36.8408203125
48.773386,17.7001953125,-100.6884765625,-26.6845703125
48.7983497,16.1865234375,-97.5634765625,-21.9970703125
48.8290762,15.1611328125,-94.6826171875,-20.5322265625
48.8599961,13.5009765625,-92.0947265625,-22.5830078125
48.8892804,12.7685546875,-92.0458984375,-28.1494140625
48.9165647,11.2548828125,-92.0458984375,-39.5751953125
48.9510378,10.6689453125,-90.9228515625,-49.5361328125
48.9801957,10.9130859375,-90.3369140625,-55.2978515625
49.0129292,14.7216796875,-90.3369140625,-56.8603515625
49.0412883,19.6533203125,-90.6298828125,-57.4462890625
49.0680375,23.1689453125,-90.4833984375,-57.5927734375
49.1170169,27.1728515625,-91.4111328125,-59.8388671875
49.1305178,30.7373046875,-93.2666015625,-62.5244140625
49.1769824,32.8369140625,-93.9501953125,-65.9423828125
49.210511,35.9619140625,-94.8291015625,-70.0439453125
49.2199061,36.2548828125,-95.1708984375,-74.7802734375
49.2723896,36.0595703125,-97.1728515625,-78.2958984375
49.283452,35.1318359375,-97.6123046875,-82.6416015625
49.3113571,35.6201171875,-99.5654296875,-86.3525390625
49.3569945,36.0595703125,-101.1767578125,-89.5263671875
49.3709314,35.6201171875,-102.2509765625,-91.4306640625
49.3989209,34.4970703125,-104.3505859375,-92.5048828125
49.4475309,33.4228515625,-104.7900390625,-94.7509765625
49.4638401,32.2509765625,-106.2060546875,-96.1669921875
49.5080421,30.7373046875,-108.3056640625,-99.2431640625
49.5347554,28.7353515625,-109.7705078125,-103.2958984375
49.5507954,26.9287109375,-109.4287109375,-107.2021484375
49.5973567,25.4150390625,-107.9150390625,-106.3720703125
49.6158603,24.1943359375,-104.4482421875,-82.2509765625
49.6449659,23.4130859375,-101.1279296875,-47.7294921875
49.6918105,21.6552734375,-98.7353515625,-31.2255859375
49.7226252,20.7763671875,-95.5615234375,-24.8779296875
49.7354785,19.6044921875,-92.5830078125,-21.3623046875
49.777008,17.9931640625,-90.2392578125,-22.2412109375
49.7985056,16.7724609375,-89.4580078125,-25.1708984375
49.8397735,15.5517578125,-89.3115234375,-33.1298828125
49.8577036,14.5263671875,-88.5791015625,-44.9462890625
49.8955545,13.6962890625,-89.2138671875,-52.9541015625
49.9170917,14.1845703125,-88.1884765625,-56.9580078125
49.9600427,19.0185546875,-88.5791015625,-58.3251953125
49.9757312,22.8271484375,-89.3603515625,-59.1552734375
50.0188926,26.7822265625,-89.8974609375,-61.1572265625
50.0390843,30.3466796875,-90.5810546875,-63.1103515625
50.0760177,32.8369140625,-92.0947265625,-67.1142578125
50.097455,35.0341796875,-92.9248046875,-70.2392578125
50.1451917,36.7919921875,-95.1708984375,-75.4150390625
50.1673053,37.1826171875,-96.0986328125,-79.9072265625
50.1887162,36.4990234375,-96.7822265625,-84.5458984375
50.229851,36.4501953125,-98.9306640625,-88.6474609375
50.2501048,36.5478515625,-100.0537109375,-92.7001953125
50.288369,36.0595703125,-101.8115234375,-95.8251953125
50.3095307,35.5712890625,-103.0322265625,-97.9736328125
50.3489684,33.9599609375,-104.8876953125,-99.3896484375
50.3695976,33.0810546875,-105.7177734375,-101.0009765625
50.4067984,31.3720703125,-107.4267578125,-104.5654296875
50.431154,29.6630859375,-109.3798828125,-107.5439453125
50.4706315,28.6865234375,-110.2587890625,-111.3037109375
50.4901772,26.1474609375,-109.1845703125,-114.7705078125
50.5258825,24.8779296875,-106.5966796875,-109.6435546875
50.5473934,23.0712890625,-104.8388671875,-76.5380859375
50.5878836,22.0947265625,-101.3232421875,-45.0927734375
50.6081678,21.1181640625,-98.8818359375,-32.3486328125
50.644441,19.3603515625,-95.2197265625,-25.7080078125
50.670668,18.4326171875,-92.8271484375,-23.5107421875
50.7080056,16.9677734375,-90.8251953125,-25.1220703125
50.7273013,15.1611328125,-91.5087890625,-28.9794921875
50.7709577,14.7705078125,-91.1669921875,-39.7705078125
50.8011888,13.1103515625,-90.8740234375,-53.3935546875
50.8180227,11.8408203125,-91.0205078125,-62.1337890625
50.8563757,12.9638671875,-90.8740234375,-64.4287109375
50.8794883,17.0654296875,-90.9716796875,-64.9169921875
50.9176935,21.7041015625,-91.7041015625,-65.4052734375
50.9424499,25.9033203125,-92.6806640625,-66.3818359375
50.9813611,29.5166015625,-93.4619140625,-69.0185546875
51.0029819,32.3974609375,-95.0244140625,-72.5830078125
51.0419143,34.6435546875,-96.0986328125,-77.1240234375
51.0640254,36.4501953125,-97.2705078125,-81.7138671875
51.0996889,36.8408203125,-98.9306640625,-86.4501953125
51.1213926,35.3271484375,-100.1513671875,-90.8447265625
51.1581899,34.6923828125,-101.8603515625,-95.8740234375
51.1841184,35.4248046875,-102.6416015625,-99.4384765625
51.2201747,35.1806640625,-104.6435546875,-102.6611328125
51.2429225,34.7412109375,-104.6923828125,-104.6630859375
51.2853086,34.5458984375,-106.8896484375,-106.5185546875
51.3044106,32.7392578125,-108.6474609375,-107.4462890625
51.3411955,30.6884765625,-109.8681640625,-108.7646484375
51.3616878,29.0283203125,-110.5029296875,-113.4521484375
51.4003585,26.8798828125,-112.8466796875,-117.2119140625
51.4235836,26.2451171875,-111.9677734375,-120.9716796875
51.4706495,25.0244140625,-110.2587890625,-117.0166015625
51.4900444,23.2177734375,-106.9384765625,-84.8876953125
51.527201,21.9482421875,-104.5947265625,-50.3662109375
51.5417745,20.5322265625,-101.7138671875,-36.1083984375
51.5766798,19.9951171875,-98.8818359375,-28.7841796875
51.6039663,18.7744140625,-96.1474609375,-25.6103515625
51.6422232,16.6259765625,-94.2919921875,-26.9287109375
51.6738463,15.5029296875,-93.8037109375,-30.2001953125
51.6936036,15.4541015625,-93.5107421875,-39.3310546875
51.7315755,13.1591796875,-92.6318359375,-51.3427734375
51.7559695,12.1826171875,-92.8759765625,-59.2041015625
51.7941834,11.6455078125,-92.5341796875,-63.0126953125
51.8149161,16.5283203125,-93.6083984375,-63.2080078125
51.8503812,21.0693359375,-94.6826171875,-63.2080078125
51.8750809,25.0732421875,-96.2451171875,-65.0146484375
51.9246339,28.6376953125,-96.0009765625,-66.9677734375
51.9441032,31.9580078125,-97.0751953125,-70.4833984375
51.983124,34.9365234375,-99.0283203125,-74.8291015625
51.9990748,37.0361328125,-100.4931640625,-79.8583984375
52.0367117,37.3779296875,-101.3720703125,-83.7158203125
52.0556408,36.7431640625,-103.2275390625,-88.6962890625
52.0933452,36.8408203125,-105.0341796875,-92.6513671875
52.1274525,37.4267578125,-106.5478515625,-96.3134765625
52.1502775,37.0361328125,-107.8662109375,-99.0478515625
52.1883964,36.7919921875,-109.8681640625,-101.3427734375
52.2080214,35.2294921875,-111.3330078125,-102.2705078125
52.2437019,34.4482421875,-112.0654296875,-103.7353515625
52.2662085,32.8369140625,-113.4814453125,-106.3720703125
52.3136831,31.7138671875,-116.2646484375,-110.0830078125
52.3340962,29.4189453125,-116.7529296875,-114.0869140625
52.3718768,28.0517578125,-116.5576171875,-117.8955078125
52.387847,26.1474609375,-115.0439453125,-115.5517578125
52.4252537,25.1708984375,-112.7001953125,-88.5009765625
52.4469205,23.8525390625,-110.6982421875,-52.7099609375
52.4857582,22.4853515625,-108.3544921875,-37.2314453125
52.511209,20.9716796875,-105.5224609375,-28.9306640625
52.546896,20.1416015625,-104.0087890625,-26.6845703125
52.5698302,19.3115234375,-102.5439453125,-27.3681640625
52.6106104,17.8466796875,-101.5673828125,-31.1767578125
52.6298426,16.7724609375,-101.4208984375,-39.8193359375
52.6650688,15.0634765625,-102.0068359375,-52.3681640625
52.690682,13.7451171875,-100.9814453125,-60.5712890625
52.7298034,13.8427734375,-100.5419921875,-64.1357421875
52.7523359,16.4306640625,-101.6650390625,-63.9892578125
52.7898302,21.6064453125,-101.7626953125,-65.1611328125
52.8099711,25.5615234375,-102.7880859375,-67.1142578125
52.848726,28.9306640625,-102.9345703125,-68.1396484375
52.8689777,32.3974609375,-104.3505859375,-71.8994140625
52.9056945,34.6923828125,-105.5224609375,-75.8544921875
52.9327009,36.1572265625,-106.3037109375,-79.8583984375
52.9703004,37.1337890625,-107.2802734375,-84.4970703125
52.9904081,37.6708984375,-108.5009765625,-89.7705078125
53.0262802,36.8896484375,-110.9423828125,-93.1396484375
53.0505923,36.6455078125,-111.9189453125,-96.7529296875
53.0853304,37.2314453125,-112.4072265625,-101.1474609375
53.1133825,36.3037109375,-114.1650390625,-102.8076171875
53.1596798,35.4248046875,-114.6533203125,-104.2724609375
53.1799061,33.7646484375,-116.6552734375,-105.2978515625
53.2039573,32.4951171875,-118.5107421875,-107.4951171875
53.2324924,31.5185546875,-119.8779296875,-110.8154296875
53.2707856,29.6142578125,-121.1474609375,-115.0634765625
53.2924825,28.3935546875,-120.6591796875,-119.5068359375
53.3324969,26.7333984375,-119.2431640625,-118.7255859375
53.351844,25.7568359375,-116.6552734375,-95.9716796875
53.3946053,23.5107421875,-114.8486328125,-58.3740234375
53.4168346,22.8271484375,-111.9677734375,-40.2587890625
53.4588257,21.3134765625,-110.8935546875,-32.7392578125
53.474096,20.3857421875,-108.1103515625,-30.1513671875
53.5109262,19.0673828125,-107.1826171875,-31.0791015625
53.5357695,17.7978515625,-105.4248046875,-34.3994140625
53.5650154,16.8701171875,-106.3525390625,-42.9931640625
53.5934776,15.1123046875,-105.9619140625,-55.4931640625
53.6299059,14.2333984375,-105.9619140625,-65.5029296875
53.6571393,12.8662109375,-105.7666015625,-69.2138671875
53.6869781,14.4775390625,-105.8642578125,-70.1904296875
53.7157545,19.9462890625,-106.4013671875,-70.8251953125
53.7523468,24.1943359375,-107.7685546875,-72.1435546875
53.7740704,27.6611328125,-108.1591796875,-74.4873046875
53.808256,30.4443359375,-110.2099609375,-77.7587890625
53.8557488,32.7880859375,-109.7705078125,-82.0556640625
53.8672795,35.1806640625,-110.5029296875,-85.8642578125
53.8998731,36.0107421875,-112.3095703125,-90.9423828125
53.9446322,36.1572265625,-113.3837890625,-95.7275390625
53.9541557,35.4248046875,-114.3115234375,-99.8779296875
53.9859718,35.4736328125,-116.5087890625,-103.7353515625
54.0157668,35.2294921875,-117.0947265625,-107.3974609375
54.0480846,35.0830078125,-119.0478515625,-109.5947265625
54.0797761,34.1064453125,-119.1455078125,-111.6943359375
54.1078646,33.2275390625,-122.3193359375,-112.9150390625
54.1369575,31.9091796875,-123.1982421875,-115.5517578125
54.1697165,30.2978515625,-124.2724609375,-117.7001953125
54.2139548,29.4189453125,-125.4443359375,-122.4365234375
54.2282152,26.8798828125,-126.2255859375,-126.7822265625
54.2595687,26.2939453125,-123.1982421875,-127.3681640625
54.2891233,25.0732421875,-121.1474609375,-106.0791015625
54.3210631,22.9736328125,-119.0966796875,-64.7216796875
54.3661073,21.9482421875,-115.7763671875,-44.0185546875
54.377451,20.7763671875,-114.0185546875,-35.1318359375
54.4266493,20.1904296875,-111.6259765625,-31.1767578125
54.4583609,17.9931640625,-109.1357421875,-31.1279296875
54.4677135,17.4560546875,-107.8662109375,-33.1298828125
54.5024261,15.6494140625,-107.6220703125,-40.4052734375
54.5279584,14.7216796875,-106.8408203125,-52.4169921875
54.5792959,13.0615234375,-106.9873046875,-64.0380859375
54.5913827,11.5966796875,-106.9384765625,-69.4091796875
54.6366097,12.4755859375,-106.4013671875,-70.4345703125
54.6528286,17.1630859375,-106.9873046875,-70.2392578125
54.6957453,21.7041015625,-107.6220703125,-71.1181640625
54.7176833,25.3662109375,-108.2568359375,-73.4619140625
54.7533874,29.1748046875,-109.4287109375,-76.6845703125
54.7733476,32.5439453125,-109.4775390625,-80.3466796875
54.8018564,34.8388671875,-110.7958984375,-84.5947265625
54.8458543,36.7919921875,-111.1376953125,-89.7705078125
54.8673493,37.2802734375,-112.2607421875,-93.8232421875
54.9066211,36.8408203125,-113.6767578125,-98.2666015625
54.9269793,37.0361328125,-114.8974609375,-102.2705078125
54.9671559,36.3037109375,-116.2646484375,-105.3466796875
54.9861867,36.5966796875,-117.6806640625,-106.8115234375
55.0212882,36.4501953125,-118.9013671875,-108.3740234375
55.0428288,35.2783203125,-120.0732421875,-110.1806640625
55.0856241,34.2041015625,-120.8056640625,-111.9384765625
55.1071549,33.1787109375,-122.5146484375,-115.4052734375
55.1435252,31.7138671875,-122.7587890625,-118.7744140625
55.1637204,30.5908203125,-123.0517578125,-122.5830078125
55.207824,28.5888671875,-121.9775390625,-122.9248046875
55.2237396,27.0751953125,-118.9990234375,-102.0751953125
55.2645899,26.2451171875,-116.9970703125,-61.7431640625
55.2863591,24.5361328125,-114.3603515625,-42.2119140625
55.3297651,22.9248046875,-111.6748046875,-33.0810546875
55.3488827,21.9970703125,-109.6728515625,-29.3701171875
55.3877563,20.8740234375,-107.5244140625,-29.8095703125
55.4092981,19.4580078125,-105.1318359375,-31.7138671875
55.4458937,18.5302734375,-104.5947265625,-39.1845703125
55.4652044,17.7490234375,-104.2041015625,-50.7568359375
55.5105636,16.3818359375,-103.3740234375,-60.2783203125
55.5311833,15.5029296875,-102.6416015625,-64.8193359375
55.5708123,15.5029296875,-103.1298828125,-65.9423828125
55.5913006,18.7744140625,-103.0322265625,-66.4306640625
55.6277016,24.8291015625,-103.3740234375,-67.9443359375
55.6492418,28.8818359375,-104.3994140625,-69.8974609375
55.6903839,31.9580078125,-104.7412109375,-73.0712890625
55.7116139,35.1318359375,-105.9619140625,-76.9287109375
55.7482124,37.4267578125,-107.6708984375,-81.3232421875
55.7686803,39.5263671875,-108.0615234375,-85.1806640625
55.8057038,40.4052734375,-109.3798828125,-89.8681640625
55.8272625,40.2587890625,-110.4541015625,-93.7255859375
55.8648886,39.3798828125,-111.5283203125,-97.4365234375
55.8849002,39.5751953125,-112.7490234375,-100.1708984375
55.9268505,39.5263671875,-114.1162109375,-102.6611328125
55.9493965,39.8193359375,-114.6044921875,-103.7353515625
55.9888409,38.8916015625,-116.0205078125,-105.7861328125
56.009199,38.5986328125,-117.0947265625,-108.3251953125
56.047489,36.6943359375,-118.2666015625,-111.6943359375
56.0679596,35.3759765625,-119.0478515625,-115.7470703125
56.1042857,34.2529296875,-117.4853515625,-119.5556640625
56.1279032,31.9580078125,-114.7998046875,-115.4541015625
56.1683838,30.9814453125,-112.3583984375,-84.2529296875
56.1877538,28.9306640625,-109.4775390625,-51.3916015625
56.2227892,27.6123046875,-106.5966796875,-38.0615234375
56.2507256,26.1474609375,-103.5693359375,-31.6650390625
56.2997608,25.4638671875,-101.0791015625,-29.4677734375
56.3200563,24.0478515625,-98.4912109375,-29.8095703125
56.3571407,23.2666015625,-97.6611328125,-34.4482421875
56.3694928,21.8505859375,-97.1728515625,-44.3115234375
56.40812,20.1904296875,-96.0986328125,-55.9814453125
56.4315204,18.4326171875,-94.8291015625,-63.8427734375
56.4700433,17.5048828125,-94.7314453125,-66.7236328125
56.4900523,18.7255859375,-94.4384765625,-67.5048828125
56.5297755,22.2900390625,-95.6591796875,-68.2861328125
56.5526981,27.3681640625,-95.7568359375,-70.1416015625
56.5900865,30.3955078125,-97.0751953125,-73.2666015625
56.6114687,33.8134765625,-98.3447265625,-76.3916015625
56.6482366,37.2802734375,-99.1259765625,-80.6396484375
56.6711649,39.8193359375,-100.1025390625,-85.2294921875
56.7065512,41.2841796875,-100.4931640625,-89.8681640625
56.7331205,41.3818359375,-101.2255859375,-94.1162109375
56.7733227,41.2841796875,-102.4462890625,-98.4619140625
56.7947381,41.1376953125,-104.1064453125,-101.6357421875
56.831027,41.1376953125,-105.1806640625,-105.3955078125
56.8511865,40.9423828125,-106.2060546875,-107.1533203125
56.889291,40.1611328125,-107.7685546875,-108.4716796875
56.9122749,38.5498046875,-109.4775390625,-110.7177734375
56.9543397,37.8173828125,-110.6982421875,-113.6474609375
56.9755803,36.4990234375,-111.1376953125,-116.6748046875
57.0115307,34.5458984375,-112.6513671875,-121.3623046875
57.0320975,32.8369140625,-109.8193359375,-122.9248046875
57.0730666,31.5673828125,-107.7685546875,-106.0302734375
57.0944173,30.3466796875,-104.0087890625,-66.5771484375
57.132016,28.5400390625,-100.8837890625,-43.6767578125
57.1548433,27.9541015625,-97.4658203125,-33.9111328125
57.1926329,25.4638671875,-93.3642578125,-28.8818359375
57.215353,24.9267578125,-89.9462890625,-26.9287109375
57.2555411,23.6572265625,-87.6025390625,-28.4423828125
57.2767349,21.5087890625,-87.0166015625,-34.2041015625
57.3149049,20.5810546875,-86.6259765625,-44.6044921875
57.3343616,19.4580078125,-85.7958984375,-55.7373046875
57.3706067,17.6513671875,-85.0634765625,-62.1826171875
57.397283,16.7236328125,-85.8935546875,-64.2822265625
57.4358458,19.2626953125,-85.8935546875,-64.6240234375
57.4595375,23.4619140625,-86.0888671875,-65.5517578125
57.5084773,28.4912109375,-87.3583984375,-68.1884765625
57.5285009,32.0556640625,-88.0419921875,-71.5576171875
57.5453757,35.8154296875,-89.5068359375,-75.2685546875
57.5839567,39.3798828125,-90.0927734375,-79.6630859375
57.6168681,41.6259765625,-92.0947265625,-84.3505859375
57.6378812,43.4326171875,-92.9248046875,-89.6728515625
57.6739335,43.1396484375,-94.8291015625,-94.1650390625
57.6967462,42.6513671875,-96.6845703125,-97.4853515625
57.736111,42.4072265625,-97.0263671875,-100.2685546875
57.7583075,41.8701171875,-99.1748046875,-102.6611328125
57.8050604,41.9677734375,-100.6884765625,-104.4189453125
57.8242864,40.7958984375,-102.1533203125,-105.4931640625
57.8611361,40.3076171875,-103.3740234375,-108.9111328125
57.8844233,38.7939453125,-104.9365234375,-111.6943359375
57.9109944,36.7431640625,-105.8154296875,-115.5029296875
57.9470983,35.2783203125,-105.6201171875,-119.4580078125
57.9685955,33.9111328125,-103.7646484375,-118.9208984375
58.0075769,32.0068359375,-100.7861328125,-93.9208984375
58.0275352,30.7861328125,-97.5634765625,-56.1767578125
58.0640455,29.2236328125,-94.0966796875,-39.1357421875
58.0896486,27.6123046875,-90.6787109375,-31.7138671875
58.1259529,26.6357421875,-88.2861328125,-27.9052734375
58.1502298,25.4150390625,-86.1376953125,-27.7099609375
58.1892418,24.3896484375,-84.6728515625,-29.8095703125
58.2122316,23.0224609375,-85.2587890625,-37.0849609375
58.2606402,21.9482421875,-83.5009765625,-48.3154296875
58.292436,20.5322265625,-84.1845703125,-58.8134765625
58.2982501,19.7021484375,-84.4775390625,-62.6708984375
58.3400922,18.9208984375,-84.6240234375,-63.5498046875
58.3603551,20.2392578125,-84.7705078125,-63.7939453125
58.397471,25.6103515625,-86.1865234375,-66.2353515625
58.4196518,30.4443359375,-86.8212890625,-68.9697265625
58.45523,33.8623046875,-88.6767578125,-71.9482421875
58.4832491,37.3779296875,-89.7509765625,-76.7822265625
58.5223,39.7216796875,-91.0693359375,-81.4208984375
58.5434327,42.4072265625,-91.9482421875,-84.8876953125
58.5796656,43.8720703125,-93.9501953125,-89.5263671875
58.6016865,43.9697265625,-95.0732421875,-94.2626953125
58.6392947,42.8466796875,-96.1962890625,-97.2412109375
58.6632367,42.6513671875,-97.8564453125,-100.0732421875
58.7011309,42.0654296875,-99.1259765625,-101.2939453125
58.7240085,41.7236328125,-101.0791015625,-103.8330078125
58.7523301,40.5517578125,-102.0068359375,-105.1025390625
58.7905347,39.7705078125,-104.2529296875,-108.2275390625
58.8162175,38.1103515625,-105.6689453125,-111.7431640625
58.8420687,37.0849609375,-106.0107421875,-115.6982421875
58.8818888,35.2783203125,-104.2041015625,-118.2861328125
58.9037372,33.3740234375,-102.5927734375,-105.7373046875
58.9339124,32.2509765625,-98.9306640625,-69.0673828125
58.9655256,31.0302734375,-95.3662109375,-43.8720703125
58.9951363,29.7607421875,-93.0224609375,-34.1552734375
59.0219993,28.3935546875,-90.3369140625,-28.2470703125
59.059874,27.1240234375,-87.2119140625,-27.0751953125
59.0851707,26.3427734375,-87.0166015625,-28.8818359375
59.1165392,24.4873046875,-86.5771484375,-34.1552734375
59.1461289,23.4130859375,-85.8935546875,-45.6298828125
59.1750225,22.5830078125,-85.9423828125,-56.9580078125
59.2081745,20.3857421875,-85.9423828125,-62.7197265625
59.2349571,19.4091796875,-86.5771484375,-64.2333984375
59.2647429,19.6533203125,-87.1142578125,-64.8681640625
59.2990323,22.4853515625,-87.4560546875,-65.6494140625
59.325565,27.0263671875,-89.2626953125,-68.3837890625
59.3550736,31.1767578125,-90.2880859375,-70.9228515625
59.3900854,34.4970703125,-90.8251953125,-74.9755859375
59.4338866,37.6708984375,-93.4619140625,-78.4423828125
59.455598,39.9658203125,-94.5849609375,-83.7646484375
59.4959203,41.8212890625,-96.4404296875,-88.6962890625
59.5151999,42.5048828125,-97.7099609375,-93.0419921875
59.5524315,41.6748046875,-99.1259765625,-97.4365234375
59.5718459,40.6494140625,-101.0302734375,-100.5126953125
59.6190016,40.2099609375,-102.2021484375,-102.6123046875
59.6295047,39.9169921875,-104.3505859375,-104.3212890625
59.659005,39.6728515625,-105.7666015625,-105.1025390625
59.6872265,38.5498046875,-107.4267578125,-108.2763671875
59.7356171,37.6708984375,-108.9404296875,-112.2314453125
59.7472656,36.3525390625,-109.4775390625,-115.8447265625
59.7949996,33.7158203125,-108.9404296875,-120.1904296875
59.8164782,32.9833984375,-107.3291015625,-115.6494140625
59.851947,30.8837890625,-104.2529296875,-83.0810546875
59.8721448,29.8095703125,-101.0302734375,-50.0244140625
59.9179311,27.7587890625,-99.0771484375,-35.4736328125
59.9395402,26.6845703125,-96.3916015625,-28.3447265625
59.9621041,26.0009765625,-93.3642578125,-24.8779296875
60.0067872,24.5849609375,-91.9482421875,-25.0244140625
60.0279245,22.8271484375,-91.2646484375,-28.7841796875
60.0654424,21.9970703125,-91.4599609375,-36.5966796875
60.0855622,20.2392578125,-91.5087890625,-50.1708984375
60.125336,19.0673828125,-91.1181640625,-58.9111328125
60.1477732,17.8955078125,-91.5576171875,-61.9873046875
60.1837791,16.6259765625,-92.1435546875,-62.2314453125
60.203852,18.6279296875,-92.0947265625,-62.8662109375
60.2446628,23.5595703125,-93.7548828125,-65.3076171875
60.2660608,27.9052734375,-94.5849609375,-67.2607421875
60.3072478,31.1767578125,-96.2451171875,-70.7275390625
60.3294629,34.3994140625,-97.4169921875,-75.3662109375
60.3680539,37.2802734375,-99.1259765625,-80.1025390625
60.3872994,40.4052734375,-100.6884765625,-84.2529296875
60.4228877,41.4306640625,-101.7138671875,-89.3310546875
60.4451757,41.2353515625,-103.5693359375,-92.9443359375
60.4918457,40.3564453125,-105.3271484375,-96.6064453125
60.5230524,40.0634765625,-106.6455078125,-99.5361328125
60.5345508,39.7705078125,-107.9638671875,-101.2939453125
60.579838,39.5751953125,-110.1611328125,-102.7587890625
60.5978404,38.9892578125,-111.0888671875,-103.5888671875
60.6354118,37.8173828125,-112.7001953125,-106.3720703125
60.6557745,36.3037109375,-114.1162109375,-109.9365234375
60.6937917,35.2294921875,-115.4345703125,-113.6962890625
60.7154314,33.5693359375,-114.0673828125,-115.8935546875
60.7569106,30.8349609375,-112.6025390625,-106.3720703125
60.778233,29.6630859375,-110.3076171875,-69.6044921875
60.816412,28.1494140625,-107.1337890625,-41.7724609375
60.8368971,26.9287109375,-105.5224609375,-29.6630859375
60.8727044,25.6591796875,-102.5927734375,-23.6083984375
60.8954913,24.7802734375,-99.7607421875,-20.9228515625
60.9364063,23.3154296875,-99.5654296875,-21.5087890625
60.9554921,22.4853515625,-98.4912109375,-26.6357421875
60.9974591,21.0693359375,-98.5400390625,-35.5712890625
61.0176804,20.1416015625,-98.4423828125,-47.0947265625
61.0543,18.5791015625,-97.2216796875,-53.2470703125
61.0744971,17.7490234375,-97.9541015625,-55.4931640625
61.1150036,16.8701171875,-98.1982421875,-55.7861328125
61.1364904,19.4580078125,-99.8095703125,-56.5185546875
61.1723328,23.3642578125,-100.2001953125,-58.6181640625
61.1982559,27.9052734375,-101.0302734375,-61.5478515625
61.2362756,32.2509765625,-103.4228515625,-64.6728515625
61.2607231,35.3271484375,-104.3505859375,-68.9697265625
61.3115215,38.4033203125,-105.1318359375,-72.9248046875
61.3315907,41.3818359375,-106.6943359375,-77.0263671875
61.3494953,43.2861328125,-107.9150390625,-81.0791015625
61.3913185,42.9931640625,-109.1357421875,-84.4482421875
61.4230792,42.0166015625,-110.5517578125,-87.9638671875
61.4413478,42.1142578125,-112.1630859375,-89.6240234375
61.4858498,41.8701171875,-113.5791015625,-90.1611328125
61.5159886,41.7236328125,-115.2880859375,-91.6259765625
61.5288248,40.6005859375,-116.7041015625,-93.9208984375
61.5656796,40.6005859375,-118.1689453125,-96.7529296875
61.5908705,38.4521484375,-119.8779296875,-100.5126953125
61.6269751,36.9873046875,-118.8037109375,-103.5400390625
61.6484556,35.1806640625,-117.3876953125,-99.9755859375
61.685977,34.4482421875,-115.0439453125,-70.2392578125
61.7120906,32.3974609375,-112.6513671875,-39.4775390625
61.7502923,30.9814453125,-111.1376953125,-26.2939453125
61.7718433,29.3212890625,-108.5986328125,-19.3115234375
61.811827,28.5888671875,-106.0107421875,-16.0888671875
61.8305644,27.1240234375,-104.3994140625,-16.2353515625
61.865535,26.5380859375,-104.3994140625,-19.4091796875
61.8891405,25.7080078125,-104.1064453125,-28.1005859375
61.9259531,24.5849609375,-102.8369140625,-40.2099609375
61.9527729,22.3388671875,-104.1552734375,-48.9501953125
61.9911545,21.8017578125,-103.3251953125,-51.1962890625
62.0104221,20.4345703125,-103.5693359375,-51.7333984375
62.0475866,21.1181640625,-105.2294921875,-52.2705078125
62.0735177,25.4150390625,-104.9853515625,-53.9794921875
62.1123521,30.2978515625,-106.3525390625,-56.9580078125
62.1342034,34.0576171875,-107.9150390625,-60.2783203125
62.1706237,36.7431640625,-108.4033203125,-64.4775390625
62.1921835,39.5751953125,-109.4775390625,-69.2626953125
62.2272316,42.7001953125,-111.4794921875,-73.7548828125
62.2538631,44.7509765625,-111.7236328125,-77.7587890625
62.2933406,45.0927734375,-113.2861328125,-82.1044921875
62.3137855,44.1650390625,-114.7021484375,-86.2548828125
62.3538493,43.4814453125,-115.8740234375,-88.1591796875
62.3763933,43.5791015625,-117.0458984375,-89.2333984375
62.4252646,42.8955078125,-118.0224609375,-90.6982421875
62.4336793,42.2119140625,-119.7802734375,-93.4326171875
62.4838896,40.9423828125,-121.2451171875,-97.2900390625
62.5041314,39.3798828125,-121.4404296875,-101.9287109375
62.5407603,37.7197265625,-120.2197265625,-104.9560546875
62.558019,36.5966796875,-119.2431640625,-99.3896484375
62.5935551,34.8876953125,-116.4111328125,-68.0419921875
62.6137351,33.9111328125,-113.6279296875,-37.7685546875
62.6496236,31.5673828125,-110.0146484375,-24.6826171875
62.6756345,30.2978515625,-108.3544921875,-16.6259765625
62.7135944,29.0283203125,-105.3271484375,-14.2822265625
62.7369773,27.4169921875,-104.1552734375,-13.9404296875
62.7767551,26.3916015625,-102.9833984375,-17.4072265625
62.7972824,25.1708984375,-102.7880859375,-26.2451171875
62.8347444,24.2919921875,-102.2509765625,-39.2822265625
62.855682,23.4619140625,-102.0068359375,-46.9482421875
62.8922467,21.8505859375,-101.6650390625,-48.9013671875
62.9153076,19.9951171875,-101.5673828125,-49.3896484375
62.951148,20.6298828125,-102.0068359375,-49.4873046875
62.978847,24.2431640625,-103.2763671875,-51.7333984375
63.018461,28.9306640625,-104.2529296875,-54.1748046875
63.0379201,32.8369140625,-105.0830078125,-57.4951171875
63.0796524,36.6943359375,-106.1572265625,-61.7919921875
63.100858,39.9658203125,-107.0361328125,-65.8935546875
63.1390057,43.0908203125,-108.6962890625,-70.4345703125
63.1609311,44.9951171875,-109.3310546875,-75.2197265625
63.197527,46.2158203125,-110.5517578125,-78.7841796875
63.2193399,45.1416015625,-112.1142578125,-82.2509765625
63.2541356,44.6044921875,-113.2373046875,-83.9599609375
63.2773588,44.2138671875,-114.7509765625,-85.3759765625
63.313934,43.8232421875,-116.2158203125,-87.1337890625
63.3383299,42.9443359375,-117.0947265625,-89.4775390625
63.377653,42.3583984375,-119.1943359375,-92.8466796875
63.4002234,41.1865234375,-119.9267578125,-96.5576171875
63.4393897,39.4775390625,-118.6083984375,-99.4384765625
63.4599594,37.6708984375,-116.8017578125,-96.0205078125
63.5002779,36.4990234375,-114.3603515625,-65.8447265625
63.5212427,35.3271484375,-111.2353515625,-34.5458984375
63.5576978,33.3740234375,-108.6474609375,-20.4345703125
63.582069,32.1533203125,-105.3759765625,-13.1591796875
63.6199083,30.6884765625,-102.2021484375,-9.5947265625
63.6425558,29.5654296875,-100.4443359375,-8.7646484375
63.6704281,28.2958984375,-98.8330078125,-11.8408203125
63.7057193,27.4169921875,-98.3447265625,-18.5791015625
63.7311436,25.7080078125,-97.5146484375,-30.5908203125
63.7681299,24.2919921875,-96.8798828125,-39.3310546875
63.7950641,23.3154296875,-97.0751953125,-41.8701171875
63.8225979,21.9970703125,-97.0751953125,-40.8447265625
63.8603944,20.4833984375,-97.0263671875,-41.6259765625
63.8842388,24.4384765625,-98.3447265625,-42.9443359375
63.9139075,29.0771484375,-99.4677734375,-46.1669921875
63.9466452,33.1298828125,-99.5166015625,-49.2919921875
63.9744914,36.9384765625,-101.1279296875,-52.5146484375
64.0020841,41.1865234375,-101.8603515625,-56.6650390625
64.0311574,44.7509765625,-103.1787109375,-61.4013671875
64.0694971,48.0224609375,-104.9853515625,-64.7216796875
64.092426,48.0712890625,-105.5224609375,-67.9931640625
64.1298178,48.4130859375,-106.8408203125,-71.8505859375
64.1713173,46.7529296875,-108.0615234375,-73.4619140625
64.1861079,47.0947265625,-110.1611328125,-74.0966796875
64.21548,47.4365234375,-110.8935546875,-75.1708984375
64.2436953,47.0947265625,-112.8955078125,-77.3193359375
64.2919149,45.7763671875,-113.9208984375,-80.0048828125
64.3121084,44.1650390625,-115.3857421875,-83.7646484375
64.3358439,42.7490234375,-115.4833984375,-87.1826171875
64.3696132,40.9912109375,-112.9931640625,-87.5244140625
64.3954608,40.2099609375,-110.5029296875,-68.5791015625
64.4247287,38.3544921875,-107.2802734375,-34.7412109375
64.4749606,36.7431640625,-104.1064453125,-17.8955078125
64.4870988,35.2294921875,-100.5419921875,-9.0087890625
64.543825,34.1064453125,-97.9541015625,-5.4931640625
64.5471477,32.4462890625,-94.2919921875,-3.8818359375
64.5938095,31.5185546875,-93.0224609375,-4.9560546875
64.6080691,30.8837890625,-92.7783203125,-10.8154296875
64.6579051,29.7607421875,-91.4599609375,-21.3623046875
64.6654082,28.6865234375,-90.8251953125,-31.5673828125
64.7139005,26.3916015625,-90.8740234375,-35.4736328125
64.727039,25.3173828125,-90.8251953125,-35.3271484375
64.7759819,24.2919921875,-91.3623046875,-34.9365234375
64.7900565,25.2685546875,-92.0947265625,-36.6455078125
64.83372,29.8583984375,-93.8525390625,-39.1357421875
64.854134,34.0087890625,-94.7314453125,-42.3095703125
64.8975818,37.9638671875,-94.3408203125,-46.1669921875
64.9174618,41.5771484375,-96.5380859375,-50.2197265625
64.9533123,45.1416015625,-97.3193359375,-54.4189453125
64.9746955,48.5595703125,-98.6865234375,-58.4228515625
65.0014864,50.0244140625,-100.5908203125,-62.5244140625
65.042328,50.6591796875,-102.5927734375,-65.7958984375
65.0627474,49.7802734375,-103.3251953125,-67.9931640625
65.10365,48.9013671875,-104.4482421875,-69.7021484375
65.1239579,48.9501953125,-106.0595703125,-71.1669921875
65.1639728,48.5107421875,-107.2314453125,-73.6083984375
65.1832419,48.1201171875,-109.6240234375,-76.0986328125
65.2237779,47.0458984375,-110.2587890625,-79.5166015625
65.2428965,45.4833984375,-110.0146484375,-83.2763671875
65.2868087,43.7255859375,-107.0849609375,-84.3017578125
65.301404,42.3095703125,-104.7412109375,-66.7724609375
65.3449213,40.5517578125,-101.9091796875,-33.3740234375
65.3650801,38.5009765625,-97.6611328125,-15.6982421875
65.4030789,37.2802734375,-94.5849609375,-7.1533203125
65.4236533,35.5224609375,-91.8505859375,-2.8076171875
65.4643342,34.3017578125,-87.7978515625,-2.2705078125
65.496732,33.0810546875,-86.3818359375,-4.4677734375
65.5139139,31.8115234375,-86.3330078125,-9.8876953125
65.5571718,29.8095703125,-85.3564453125,-20.4345703125
65.5786111,29.0771484375,-84.4775390625,-30.3955078125
65.6210422,28.1982421875,-84.3798828125,-34.8876953125
65.6518862,26.2451171875,-84.1357421875,-35.8154296875
65.66616,25.5126953125,-84.1845703125,-35.8642578125
65.70352,25.5126953125,-85.5517578125,-37.0849609375
65.7228281,28.8330078125,-86.3330078125,-39.7216796875
65.7641664,33.2763671875,-86.9677734375,-42.0654296875
65.7847465,37.6708984375,-88.3349609375,-46.3134765625
65.8214017,41.2841796875,-90.0439453125,-50.6591796875
65.8456937,44.7509765625,-91.5576171875,-55.1025390625
65.8853529,47.6806640625,-93.5107421875,-58.8134765625
65.9059922,49.8291015625,-95.2685546875,-63.4521484375
65.9470996,50.0244140625,-95.7568359375,-66.7236328125
65.96608,49.4384765625,-98.1494140625,-69.0185546875
66.0033761,48.3154296875,-99.9560546875,-71.6064453125
66.0256646,47.9736328125,-101.1279296875,-72.1923828125
66.070123,47.4853515625,-103.1298828125,-73.7548828125
66.0892808,47.5341796875,-104.3505859375,-77.0751953125
66.1316868,45.6298828125,-105.6201171875,-79.6630859375
66.1532061,44.7509765625,-106.3525390625,-83.8134765625
66.1942575,42.8466796875,-104.3505859375,-86.6943359375
66.2060717,41.2353515625,-100.8837890625,-80.1025390625
66.2565394,39.5263671875,-98.1494140625,-47.2412109375
66.2771512,37.4267578125,-94.6826171875,-20.4345703125
66.3142065,36.2548828125,-90.9228515625,-8.6669921875
66.3247409,35.1318359375,-88.4814453125,-1.3916015625
66.3607982,33.4716796875,-83.8427734375,1.4892578125
66.3860335,32.0556640625,-81.3037109375,1.7822265625
66.4240337,31.5185546875,-80.5224609375,-1.1962890625
66.4478418,29.8583984375,-79.8876953125,-8.5205078125
66.4839307,28.7353515625,-79.1064453125,-19.2138671875
66.5077661,27.3193359375,-79.0576171875,-27.1728515625
66.544102,25.5615234375,-79.2041015625,-29.2724609375
66.5713281,23.7060546875,-80.1806640625,-29.2724609375
66.6104779,22.2900390625,-80.5712890625,-30.1513671875
66.6319046,23.9990234375,-81.7919921875,-31.5185546875
66.6675386,28.5400390625,-82.8662109375,-34.3505859375
66.6891321,33.3251953125,-85.4052734375,-37.6708984375
66.7274004,38.0615234375,-86.0888671875,-41.7236328125
66.7495224,41.0888671875,-87.6025390625,-45.8251953125
66.787076,45.2392578125,-89.3115234375,-50.3662109375
66.8073872,48.8037109375,-90.5810546875,-54.3212890625
66.8450339,49.9755859375,-92.6318359375,-57.1533203125
66.8687162,50.4638671875,-94.2431640625,-59.5458984375
66.9052804,49.1455078125,-96.4404296875,-62.0849609375
66.9303325,48.0712890625,-98.4423828125,-63.5009765625
66.9695009,48.4130859375,-100.2001953125,-64.3798828125
66.989805,47.9248046875,-100.2978515625,-65.7958984375
67.0269654,48.3154296875,-102.1044921875,-67.9931640625
67.0546742,46.0693359375,-103.8623046875,-71.5576171875
67.0900174,44.9462890625,-104.3505859375,-75.4150390625
67.1115185,43.4326171875,-102.5439453125,-76.8798828125
67.1498522,41.5771484375,-99.9560546875,-63.2080078125
67.172882,39.7216796875,-97.0751953125,-29.3701171875
67.2093685,38.1591796875,-94.2431640625,-9.9853515625
67.2334592,36.8408203125,-90.7763671875,-0.3662109375
67.2705457,35.8154296875,-87.2607421875,5.6396484375
67.2912153,34.2529296875,-85.1123046875,6.7138671875
67.3306917,32.9833984375,-83.5986328125,5.6884765625
67.3504424,31.9580078125,-83.7939453125,1.8798828125
67.3889393,30.7373046875,-83.5986328125,-7.4951171875
67.4127682,28.7353515625,-83.3056640625,-17.6025390625
67.4489842,28.2470703125,-83.5009765625,-21.7529296875
67.4758361,26.5380859375,-83.8427734375,-22.3876953125
67.5266432,25.5126953125,-84.3310546875,-23.0224609375
67.5581446,24.6826171875,-85.6494140625,-23.5107421875
67.5671356,26.5380859375,-86.5771484375,-25.9033203125
67.6045083,30.9814453125,-88.2861328125,-29.1748046875
67.6283062,35.5712890625,-89.8486328125,-31.9580078125
67.668513,39.5751953125,-91.0693359375,-36.5478515625
67.6827625,42.6513671875,-92.9248046875,-40.1611328125
67.728635,46.5087890625,-94.3896484375,-44.5068359375
67.7488848,49.3896484375,-96.2939453125,-47.9736328125
67.7870883,51.0498046875,-97.7587890625,-51.1474609375
67.8081912,50.3662109375,-99.5166015625,-53.8330078125
67.8487116,49.5361328125,-101.0791015625,-55.5908203125
67.8658075,48.7548828125,-102.5439453125,-56.9580078125
67.9044265,49.2919921875,-104.1064453125,-58.8134765625
67.9235451,49.2431640625,-105.9130859375,-61.1572265625
67.959779,48.1689453125,-107.9150390625,-64.9658203125
67.9860691,46.6064453125,-108.8427734375,-68.8232421875
68.0225235,45.6298828125,-107.3779296875,-71.5576171875
68.042508,44.8486328125,-104.5947265625,-64.6240234375
68.0817669,42.7978515625,-102.5439453125,-34.2529296875
68.1098667,40.7470703125,-99.8583984375,-9.9365234375
68.1497464,40.2587890625,-97.5146484375,0.8056640625
68.1690712,38.2080078125,-93.9013671875,6.9091796875
68.2062855,36.9384765625,-91.6552734375,8.9599609375
68.2296705,34.9365234375,-90.9716796875,8.6669921875
68.2665399,34.1064453125,-90.5810546875,5.9326171875
68.2887533,33.1787109375,-90.6787109375,-3.1982421875
68.3258289,31.8115234375,-90.3369140625,-14.5751953125
68.3469283,31.1279296875,-90.1416015625,-21.6064453125
68.3837904,29.1748046875,-90.5322265625,-22.1923828125
68.408919,27.6123046875,-90.8251953125,-22.4853515625
68.447493,26.8798828125,-91.9482421875,-23.3642578125
68.4706182,26.6845703125,-93.0712890625,-26.4892578125
68.5079096,30.2978515625,-94.6826171875,-28.8330078125
68.5282306,34.5947265625,-96.0009765625,-32.4462890625
68.566619,38.4521484375,-97.5634765625,-36.9384765625
68.588727,42.4560546875,-98.6865234375,-41.6259765625
68.6264453,45.2880859375,-100.4443359375,-45.9716796875
68.6497408,49.2431640625,-101.8115234375,-49.7314453125
68.6805042,50.2685546875,-104.0087890625,-53.4423828125
68.7202659,51.1962890625,-105.9130859375,-57.3974609375
68.7420877,50.0244140625,-107.4755859375,-59.0087890625
68.7784301,49.4384765625,-108.6474609375,-61.1083984375
68.8033235,49.7314453125,-110.1123046875,-62.0361328125
68.8306893,48.2666015625,-111.4306640625,-64.2333984375
68.8681939,48.3642578125,-113.6767578125,-66.9677734375
68.8931337,46.7041015625,-115.0439453125,-70.6787109375
68.9227647,45.6298828125,-114.7998046875,-74.4384765625
68.9563745,43.7255859375,-112.9931640625,-76.5380859375
68.9841546,42.1142578125,-111.0888671875,-60.8154296875
69.0127465,40.9912109375,-108.8916015625,-26.5869140625
69.0497876,38.7451171875,-107.2802734375,-6.6162109375
69.0729779,37.3291015625,-103.2275390625,3.8818359375
69.1081035,35.7177734375,-100.0048828125,9.3017578125
69.1352321,34.3017578125,-98.2958984375,11.3037109375
69.1629187,32.2998046875,-96.3916015625,10.8154296875
69.1978089,31.7138671875,-96.2939453125,6.6650390625
69.2248263,30.4931640625,-96.2451171875,-2.8076171875
69.2524753,29.1259765625,-94.8779296875,-13.0126953125
69.2870016,27.8076171875,-95.2685546875,-18.4326171875
69.3122656,26.8310546875,-95.4150390625,-19.4091796875
69.3704689,24.8779296875,-96.3427734375,-19.3115234375
69.3735896,23.9013671875,-97.3193359375,-21.6064453125
69.4044077,24.1455078125,-98.1982421875,-23.2177734375
69.4527206,28.9306640625,-99.0771484375,-27.4169921875
69.4650585,32.9345703125,-100.8349609375,-31.3232421875
69.4946254,37.9150390625,-101.7138671875,-35.3759765625
69.5437043,41.2841796875,-104.2041015625,-39.6240234375
69.5557418,45.0439453125,-105.2783203125,-43.8232421875
69.5855061,48.6572265625,-106.1083984375,-47.1435546875
69.6327085,51.0009765625,-108.8916015625,-51.0009765625
69.6479664,51.0498046875,-109.9658203125,-52.8564453125
69.6905828,50.5126953125,-111.8212890625,-55.0048828125
69.7109007,49.8291015625,-112.9931640625,-56.3720703125
69.753112,49.9267578125,-114.9462890625,-56.8115234375
69.7699167,49.6826171875,-116.3623046875,-59.0087890625
69.8237374,49.4384765625,-118.1689453125,-61.8896484375
69.8246218,48.1689453125,-118.7060546875,-65.3076171875
69.8733513,46.8994140625,-118.4130859375,-68.3349609375
69.887203,45.3857421875,-116.7529296875,-67.7978515625
69.9356366,43.2373046875,-115.1416015625,-44.1162109375
69.9554613,41.8701171875,-112.6025390625,-13.5009765625
69.9953667,39.8193359375,-109.8193359375,1.6357421875
70.0114544,38.8427734375,-107.5244140625,10.7666015625
70.057724,36.9873046875,-104.3994140625,14.0380859375
70.0778472,35.9619140625,-102.5439453125,15.3076171875
70.0990561,34.3017578125,-102.0556640625,14.0380859375
70.1429124,33.0810546875,-101.3720703125,8.6181640625
70.1629116,32.3974609375,-101.1279296875,-2.8564453125
70.2009704,31.2744140625,-100.9326171875,-10.1806640625
70.2210064,30.4443359375,-100.8349609375,-13.6962890625
70.2522647,28.7841796875,-101.2744140625,-14.2333984375
70.3088727,27.2705078125,-102.1044921875,-14.4287109375
70.309733,26.4404296875,-102.3486328125,-15.8447265625
70.3521144,27.2705078125,-103.2275390625,-18.4326171875
70.3735454,31.3720703125,-104.1064453125,-21.2158203125
70.4114378,36.5966796875,-106.0595703125,-25.0732421875
70.4332067,41.2353515625,-107.7197265625,-29.0771484375
70.4771753,44.9951171875,-108.1103515625,-33.1298828125
70.4899389,49.0478515625,-110.2587890625,-36.8408203125
70.5438124,52.0751953125,-111.4794921875,-40.8447265625
70.5752662,53.9794921875,-112.9443359375,-43.9208984375
70.5842622,54.4189453125,-113.8232421875,-46.4111328125
70.6212984,53.3935546875,-115.1904296875,-47.6806640625
70.6413442,53.0517578125,-116.7529296875,-48.5595703125
70.6845292,52.5146484375,-118.1201171875,-50.4150390625
70.704071,53.1494140625,-120.3662109375,-52.7587890625
70.7406824,52.3681640625,-121.4404296875,-56.4208984375
70.7647296,50.2685546875,-122.4169921875,-59.3994140625
70.8006217,49.7314453125,-122.0751953125,-62.5244140625
70.8221123,48.1689453125,-119.5361328125,-59.7900390625
70.8645921,46.0693359375,-118.0224609375,-33.5205078125
70.8851462,44.1162109375,-115.3369140625,-6.8603515625
70.9222393,42.8955078125,-113.3349609375,6.4208984375
70.9438383,41.6748046875,-110.6005859375,14.2822265625
70.982827,39.6240234375,-107.7197265625,17.1630859375
71.0061834,38.5498046875,-105.4248046875,17.9443359375
71.0439674,37.6708984375,-105.3759765625,16.0888671875
71.0750185,35.9619140625,-104.9853515625,8.4228515625
71.1129844,35.5712890625,-104.3994140625,-2.6123046875
71.123899,34.5458984375,-104.2529296875,-10.5712890625
71.1621625,32.7392578125,-104.4970703125,-13.0126953125
71.1844866,31.2255859375,-104.5458984375,-13.5986328125
71.2219819,29.6630859375,-105.2294921875,-14.8193359375
71.2462374,28.4423828125,-105.7177734375,-16.9677734375
71.284456,29.1259765625,-107.4267578125,-20.1416015625
71.3043645,33.6669921875,-108.3544921875,-24.2919921875
71.343958,38.5986328125,-108.7939453125,-28.0029296875
71.3641967,42.5537109375,-110.5029296875,-32.3974609375
71.4001825,46.1181640625,-111.6748046875,-36.5966796875
71.4283448,49.5849609375,-113.3837890625,-40.7470703125
71.4690743,52.1728515625,-114.8974609375,-44.9462890625
71.4904597,54.3701171875,-115.9716796875,-48.3154296875
71.534023,54.5654296875,-117.1923828125,-51.0498046875
71.5580416,53.9794921875,-119.4873046875,-52.6611328125
71.5947612,52.6611328125,-120.9521484375,-54.2724609375
71.6062139,52.7099609375,-121.4892578125,-56.6650390625
71.6413543,52.2705078125,-123.9306640625,-58.7646484375
71.6691372,51.2939453125,-125.4443359375,-62.2802734375
71.7097434,50.3173828125,-125.9814453125,-66.2841796875
71.7313782,48.7548828125,-125.3955078125,-69.4091796875
71.7718873,46.1669921875,-122.2705078125,-64.3798828125
71.7920672,44.8486328125,-120.0732421875,-34.2041015625
71.8281277,43.3349609375,-117.2900390625,-7.6904296875
71.850133,41.2353515625,-113.8720703125,4.2724609375
71.8866037,39.8193359375,-110.3076171875,11.1083984375
71.9096241,38.2568359375,-107.8173828125,14.5263671875
71.9454437,36.3525390625,-106.1083984375,14.2333984375
71.9713498,34.8876953125,-104.7412109375,10.3759765625
72.0117597,33.8623046875,-104.5947265625,2.4658203125
72.0315791,32.4951171875,-102.8369140625,-8.0810546875
72.0662828,31.0791015625,-102.7880859375,-15.0634765625
72.0903395,29.6630859375,-102.2021484375,-17.2119140625
72.1275772,28.0029296875,-102.4951171875,-17.7001953125
72.1525045,26.8798828125,-102.8369140625,-19.3603515625
72.188093,25.6103515625,-103.5693359375,-21.4599609375
72.2087419,26.0009765625,-104.1064453125,-23.6572265625
72.2465921,30.2978515625,-105.2783203125,-28.0029296875
72.2717872,35.5712890625,-106.2548828125,-32.2021484375
72.3089419,40.1123046875,-107.9638671875,-37.1826171875
72.3343366,43.2861328125,-109.2333984375,-41.5283203125
72.3751251,46.7529296875,-110.5029296875,-45.9716796875
72.3969322,49.8779296875,-111.6259765625,-49.7314453125
72.4344458,51.2451171875,-113.5791015625,-52.5146484375
72.4660167,51.3427734375,-115.0927734375,-55.8349609375
72.4833227,50.6103515625,-115.7275390625,-56.6650390625
72.5200173,49.8779296875,-117.7783203125,-58.7158203125
72.5402695,49.2431640625,-118.8037109375,-59.8876953125
72.5753693,49.2431640625,-120.4150390625,-62.7197265625
72.6025045,48.4619140625,-121.9287109375,-66.4794921875
72.6390334,47.6318359375,-122.0263671875,-69.1162109375
72.6636598,45.9228515625,-119.8291015625,-72.2900390625
72.7003134,44.3115234375,-118.7548828125,-70.3857421875
72.7253517,42.2119140625,-115.3857421875,-42.2607421875
72.7631481,40.2099609375,-112.5048828125,-11.1572265625
72.7863557,39.2333984375,-108.6962890625,2.3681640625
72.8218472,37.2314453125,-105.2783203125,9.5458984375
72.8429829,34.9853515625,-102.7392578125,13.3544921875
72.8790463,33.8134765625,-99.3701171875,14.2333984375
72.90573,32.5439453125,-98.4912109375,12.0361328125
72.9414518,31.6650390625,-97.2705078125,4.5654296875
72.9690202,29.9072265625,-97.3681640625,-6.5673828125
73.008304,28.4912109375,-95.9033203125,-14.9658203125
73.023501,27.9541015625,-96.1962890625,-17.8955078125
73.0584975,25.4638671875,-95.0244140625,-17.7490234375
73.087149,24.8291015625,-96.5869140625,-18.6279296875
73.1225732,23.9501953125,-97.2216796875,-19.9462890625
73.1481989,23.2177734375,-97.9541015625,-23.0224609375
73.1831162,26.9775390625,-98.6865234375,-26.4892578125
73.2085956,32.3974609375,-99.5654296875,-30.7373046875
73.2454358,37.2314453125,-100.6884765625,-34.4970703125
73.2660085,41.1865234375,-102.9833984375,-39.6240234375
73.3098172,44.3115234375,-104.1064453125,-43.2861328125
73.3305634,47.5830078125,-105.6201171875,-47.1923828125
73.3676545,50.4150390625,-107.2802734375,-50.0732421875
73.389481,50.2197265625,-107.5244140625,-53.0029296875
73.4250172,50.3662109375,-109.4775390625,-55.0537109375
73.45177,49.4873046875,-110.4052734375,-56.4208984375
73.4782351,49.2431640625,-111.8212890625,-57.7392578125
73.52823,48.8037109375,-113.9697265625,-59.3505859375
73.5488159,48.2177734375,-114.9462890625,-62.0849609375
73.5709235,47.4365234375,-117.2900390625,-66.3818359375
73.5989667,46.6064453125,-115.6298828125,-70.2392578125
73.637809,44.9951171875,-113.7255859375,-72.2900390625
73.6599698,43.3349609375,-110.1611328125,-58.6669921875
73.698439,40.9423828125,-108.0126953125,-23.3154296875
73.7221862,39.6728515625,-104.5458984375,-3.9306640625
73.7487992,38.1103515625,-100.5419921875,5.6396484375
73.7877103,36.6455078125,-97.5146484375,10.4736328125
73.8106884,35.2294921875,-94.7314453125,12.1337890625
73.8446711,33.5693359375,-92.7783203125,10.5224609375
73.8731678,32.8857421875,-92.5341796875,5.5419921875
73.9018785,31.3232421875,-91.8994140625,-4.6630859375
73.9300023,29.5166015625,-90.9228515625,-15.0146484375
73.9685629,28.6376953125,-90.9228515625,-20.6298828125
73.9910135,27.7099609375,-91.8994140625,-21.5087890625
74.0287002,26.3916015625,-92.6806640625,-22.0947265625
74.0535258,25.1220703125,-93.4619140625,-23.3642578125
74.0826334,23.7548828125,-94.0478515625,-26.1474609375
74.1147337,25.0732421875,-95.6591796875,-29.9072265625
74.1434268,29.3212890625,-96.6845703125,-32.8369140625
74.171544,34.5458984375,-97.8076171875,-38.6474609375
74.2035149,38.4033203125,-99.3701171875,-43.2861328125
74.2342388,42.1630859375,-100.2001953125,-47.2412109375
74.2644903,45.0439453125,-102.0068359375,-51.5869140625
74.2934072,47.9248046875,-102.9345703125,-55.2490234375
74.3216935,50.3173828125,-104.2529296875,-59.1064453125
74.3559819,50.6103515625,-105.9130859375,-61.2060546875
74.3854001,49.1943359375,-107.2802734375,-62.9638671875
74.4131769,49.2431640625,-109.0380859375,-64.6240234375
74.4462922,48.7060546875,-111.0888671875,-66.0400390625
74.4736563,48.0224609375,-112.7490234375,-68.5302734375
74.5028395,48.2666015625,-113.5302734375,-72.6806640625
74.5348462,47.0458984375,-114.9951171875,-76.7822265625
74.5650809,45.8740234375,-112.6025390625,-79.8583984375
74.6081215,44.0673828125,-109.4775390625,-73.7060546875
74.6265494,42.6025390625,-106.7431640625,-39.6728515625
74.6717824,41.3818359375,-102.8857421875,-13.7939453125
74.686678,39.1357421875,-99.9560546875,-3.0517578125
74.715808,38.0615234375,-96.2939453125,3.1982421875
74.7608277,36.2548828125,-94.3408203125,4.9560546875
74.7792177,34.5458984375,-92.2900390625,4.7607421875
74.8227761,33.3740234375,-91.9970703125,0.8544921875
74.8359898,32.1533203125,-91.3623046875,-8.1787109375
74.8810841,30.5419921875,-90.9228515625,-20.4345703125
74.8969563,29.4677734375,-90.8251953125,-27.6123046875
74.947446,27.6123046875,-90.6787109375,-29.8583984375
74.9682978,27.4169921875,-91.0205078125,-29.6142578125
74.9853606,24.9267578125,-91.7041015625,-30.0537109375
75.0308804,23.9990234375,-92.7294921875,-31.1767578125
75.0478823,23.3154296875,-94.0966796875,-34.0087890625
75.0902916,26.0986328125,-95.5126953125,-37.7685546875
75.1118265,31.1767578125,-97.0751953125,-43.1396484375
75.1392116,35.8154296875,-98.5400390625,-46.8505859375
75.18417,39.2822265625,-100.1025390625,-52.2216796875
75.214278,42.6025390625,-101.3720703125,-55.8837890625
75.2266277,45.6298828125,-102.7392578125,-59.9853515625
75.2727688,48.5107421875,-104.5947265625,-63.2568359375
75.290833,48.9013671875,-106.0107421875,-66.2841796875
75.3169088,48.0224609375,-107.6220703125,-68.1396484375
75.3629271,47.8271484375,-109.1845703125,-70.1416015625
75.3792899,47.8271484375,-110.8935546875,-71.1181640625
75.4214449,47.1435546875,-112.3583984375,-72.6806640625
75.4417196,46.5576171875,-113.6279296875,-75.2197265625
75.4945531,46.0205078125,-114.6044921875,-79.5654296875
75.5140062,45.1416015625,-114.4091796875,-83.2763671875
75.5307173,43.1884765625,-113.6279296875,-86.6455078125
75.5597743,41.3818359375,-110.5517578125,-76.0498046875
75.6041637,40.7470703125,-107.1826171875,-38.0615234375
75.6237962,38.1591796875,-104.6923828125,-13.7939453125
75.6630833,37.1337890625,-101.1767578125,-2.6611328125
75.6845508,35.0830078125,-97.6123046875,3.1494140625
75.7219788,34.4482421875,-95.7568359375,5.5419921875
75.7430911,31.9091796875,-93.9990234375,4.9072265625
75.779111,30.8837890625,-93.7060546875,1.3916015625
75.800452,29.3212890625,-92.5830078125,-7.9833984375
75.8421972,28.1982421875,-92.3388671875,-18.7255859375
75.8636879,26.5869140625,-91.6552734375,-24.8779296875
75.9007513,25.5126953125,-91.7529296875,-26.2939453125
75.9234008,23.9013671875,-92.2412109375,-26.1962890625
75.9602322,22.5341796875,-92.1923828125,-27.1240234375
75.986383,21.3623046875,-93.7060546875,-29.1259765625
76.0221961,20.9716796875,-94.8291015625,-31.8115234375
76.043797,24.3408203125,-96.0009765625,-35.5224609375
76.0847104,29.3212890625,-96.9287109375,-39.4287109375
76.1048941,34.2529296875,-98.0517578125,-44.5068359375
76.1427313,37.6708984375,-100.0537109375,-48.8525390625
76.1647277,41.7236328125,-101.8115234375,-52.9052734375
76.2020774,44.8974609375,-103.3740234375,-56.0791015625
76.2216925,47.5341796875,-104.5458984375,-59.9365234375
76.2578254,48.5595703125,-106.3037109375,-62.1826171875
76.2839117,48.1201171875,-107.3779296875,-64.7216796875
76.321927,47.7783203125,-110.0146484375,-65.1123046875
76.3441836,47.4365234375,-111.4306640625,-66.3330078125
76.3791051,47.5830078125,-112.9443359375,-68.3349609375
76.407848,47.3876953125,-114.0673828125,-70.6787109375
76.4461376,46.6064453125,-115.4345703125,-74.7802734375
76.4675572,44.6044921875,-115.8251953125,-79.0283203125
76.5042775,43.9208984375,-112.8955078125,-80.4931640625
76.5264106,42.1142578125,-110.7958984375,-66.5283203125
76.5664178,40.4541015625,-108.5986328125,-29.9072265625
76.5872826,38.6962890625,-106.1083984375,-9.3017578125
76.6246306,37.3291015625,-102.0556640625,0.1708984375
76.6485236,35.2294921875,-100.8349609375,4.5654296875
76.6848357,34.6435546875,-97.8076171875,6.5185546875
76.705929,32.9833984375,-97.4658203125,5.5419921875
76.7446526,31.5673828125,-97.0263671875,0.3662109375
76.7668558,29.9560546875,-96.9775390625,-9.3017578125
76.8069442,28.8818359375,-96.7333984375,-19.5556640625
76.8355626,28.1982421875,-96.0986328125,-24.4873046875
76.8720338,26.8310546875,-96.9287109375,-25.3662109375
76.8897285,25.8056640625,-97.0263671875,-25.5615234375
76.9303133,24.1455078125,-98.3935546875,-26.5380859375
76.9620389,22.4853515625,-98.9794921875,-28.6865234375
76.979341,22.5830078125,-100.9326171875,-32.1533203125
77.0187249,24.9755859375,-102.1533203125,-35.0341796875
77.0388845,30.5908203125,-104.2041015625,-39.3798828125
77.0753162,35.0830078125,-104.9853515625,-44.1162109375
77.0984382,38.8427734375,-106.8896484375,-48.7548828125
77.1342107,41.6748046875,-107.7197265625,-53.2958984375
77.1618107,44.4091796875,-108.6474609375,-56.4208984375
77.1983383,47.4853515625,-110.9912109375,-59.5458984375
77.2216715,47.8759765625,-112.7001953125,-62.7685546875
77.25777,47.5830078125,-113.6279296875,-64.9169921875
77.2781204,47.0458984375,-115.8740234375,-66.4306640625
77.3137592,46.9482421875,-117.0458984375,-67.7490234375
77.3419955,46.8994140625,-117.9248046875,-69.8486328125
77.3813135,45.8251953125,-119.4384765625,-73.7548828125
77.402748,45.1416015625,-120.5126953125,-77.5634765625
77.4408141,43.9208984375,-118.9990234375,-81.5185546875
77.4629589,42.5537109375,-117.2900390625,-81.1279296875
77.4999492,40.5517578125,-114.8974609375,-56.9580078125
77.5201278,38.6962890625,-112.6025390625,-22.7783203125
77.5584283,37.1826171875,-110.1123046875,-6.7138671875
77.5829299,36.1572265625,-107.9638671875,0.6103515625
77.6227686,34.1064453125,-106.1083984375,3.9794921875
77.6432716,32.9833984375,-104.7412109375,4.9560546875
77.6809463,31.1279296875,-103.0810546875,1.9775390625
77.7056126,29.9072265625,-102.8857421875,-5.6884765625
77.7448293,28.8330078125,-101.9091796875,-16.7236328125
77.7767052,27.2705078125,-102.2998046875,-26.8798828125
77.7963685,26.1474609375,-102.9345703125,-29.7607421875
77.8369786,24.9755859375,-102.3974609375,-30.2490234375
77.8561912,24.0478515625,-102.7392578125,-30.7373046875
77.9038052,21.9482421875,-104.4482421875,-32.3486328125
77.9237326,21.2646484375,-104.8876953125,-34.9853515625
77.9420828,20.7763671875,-106.4013671875,-38.4033203125
77.9814147,24.2431640625,-106.8408203125,-42.8466796875
78.0102714,28.4912109375,-107.9150390625,-47.5341796875
78.0464753,33.0322265625,-109.6240234375,-52.0263671875
78.0663797,36.6455078125,-110.3076171875,-56.8115234375
78.1048208,39.4775390625,-111.7724609375,-60.7666015625
78.1265942,42.4560546875,-113.4326171875,-64.1845703125
78.1637089,44.9951171875,-114.8486328125,-67.9931640625
78.1859651,44.7021484375,-116.5576171875,-70.3857421875
78.2224851,44.4580078125,-117.2412109375,-71.9970703125
78.2469776,43.4814453125,-118.8525390625,-73.5595703125
78.2854676,43.0908203125,-120.8544921875,-74.5361328125
78.3092201,43.4326171875,-122.1728515625,-77.7587890625
78.3455737,42.7001953125,-123.8818359375,-81.0791015625
78.3686358,41.6748046875,-124.7119140625,-84.8388671875
78.4078499,40.6494140625,-123.3935546875,-88.6474609375
78.4260372,39.2822265625,-121.0986328125,-84.6923828125
78.4673393,37.4755859375,-119.1943359375,-52.5634765625
78.4875709,36.0595703125,-116.9482421875,-20.7763671875
78.5257703,34.1064453125,-112.7490234375,-7.2509765625
78.5476681,32.7392578125,-111.1865234375,-0.1220703125
78.5860727,31.5185546875,-109.6728515625,2.9541015625
78.6111718,29.7119140625,-107.3291015625,2.4169921875
78.6393933,28.6376953125,-107.1826171875,-1.0498046875
78.6769818,26.8798828125,-106.2548828125,-9.2529296875
78.7015043,26.0009765625,-106.5966796875,-21.6552734375
78.7289484,25.3662109375,-105.8154296875,-29.7607421875
78.7608742,23.4130859375,-105.2783203125,-32.4462890625
78.7909866,22.4853515625,-106.4013671875,-31.8115234375
78.8300598,20.4833984375,-105.8642578125,-32.6904296875
78.8472411,20.0439453125,-106.7919921875,-34.5458984375
78.8841402,18.6279296875,-107.4755859375,-35.8154296875
78.907078,18.4326171875,-108.6962890625,-40.5029296875
78.9489212,21.9482421875,-110.0146484375,-43.9697265625
78.9713912,26.9775390625,-111.7724609375,-48.9013671875
78.9993194,31.1279296875,-111.8212890625,-52.8564453125
79.0322233,35.3271484375,-114.0185546875,-56.6162109375
79.0599515,38.4521484375,-114.7021484375,-61.3037109375
79.0967446,41.1865234375,-116.4599609375,-65.0634765625
79.1238201,43.8232421875,-116.9970703125,-67.7001953125
79.1526373,44.9462890625,-118.8525390625,-69.6533203125
79.1849373,43.8720703125,-119.9755859375,-71.7529296875
79.2120042,44.1162109375,-122.1728515625,-72.8759765625
79.2422476,43.2373046875,-122.8564453125,-74.1455078125
79.2743359,43.5791015625,-124.7607421875,-76.3916015625
79.3019612,42.8466796875,-125.3466796875,-79.2236328125
79.3312916,42.0654296875,-126.5673828125,-82.6904296875
79.3644241,41.1376953125,-125.7861328125,-86.4990234375
79.3931564,39.3798828125,-124.0771484375,-86.1572265625
79.4250987,37.4755859375,-121.0009765625,-60.4736328125
79.4551204,35.9619140625,-118.8525390625,-24.8291015625
79.4837122,35.0341796875,-116.1669921875,-8.9111328125
79.5138453,32.9833984375,-114.8974609375,-1.5869140625
79.5459237,32.5439453125,-111.6259765625,1.2939453125
79.5735142,30.1513671875,-109.1845703125,1.5380859375
79.6054677,29.3701171875,-109.9658203125,-0.8544921875
79.6348737,28.6376953125,-108.5498046875,-8.2275390625
79.6684566,26.5869140625,-108.3056640625,-20.5322265625
79.696717,25.9521484375,-108.3544921875,-30.5908203125
79.7236764,24.5361328125,-108.1103515625,-34.2529296875
79.7572719,22.9736328125,-108.6962890625,-33.3740234375
79.7858143,22.0458984375,-108.6962890625,-34.0087890625
79.8143561,20.6298828125,-109.8681640625,-35.9619140625
79.8461192,19.1650390625,-109.2822265625,-36.5966796875
79.8752012,18.9697265625,-111.4794921875,-40.5029296875
79.904598,21.4111328125,-111.6259765625,-44.5068359375
79.9388175,26.2451171875,-112.7978515625,-48.9013671875
79.9797696,31.2255859375,-114.4091796875,-52.6611328125
79.9978219,34.9365234375,-115.4345703125,-57.7880859375
80.0283251,38.1591796875,-117.4365234375,-62.0849609375
80.0696335,41.2841796875,-117.8759765625,-65.4052734375
80.0894379,44.1650390625,-119.4384765625,-68.4326171875
80.1182442,45.3857421875,-120.7080078125,-69.9462890625
80.1585021,44.6044921875,-122.0751953125,-72.1923828125
80.1793745,43.8720703125,-123.3935546875,-73.5107421875
80.2222873,43.9208984375,-124.9072265625,-75.0732421875
80.2351415,44.0673828125,-125.9814453125,-77.7099609375
80.2776411,43.1884765625,-127.3486328125,-81.3720703125
80.2980643,42.8466796875,-127.2509765625,-85.3759765625
80.3409086,41.3818359375,-126.0791015625,-88.2568359375
80.3610018,40.3564453125,-123.6376953125,-83.5205078125
80.3993689,38.6474609375,-121.7822265625,-51.4892578125
80.4208441,37.2802734375,-118.5595703125,-21.8994140625
80.4625135,35.7666015625,-116.2158203125,-9.1064453125
80.4829661,34.0087890625,-113.8720703125,-3.2958984375
80.5218043,32.8369140625,-111.4306640625,-1.6845703125
80.538598,31.6162109375,-110.3076171875,-3.0517578125
80.5801915,29.9560546875,-109.0380859375,-6.6162109375
80.6016232,28.9306640625,-109.0869140625,-16.4306640625
80.6394077,28.7353515625,-107.7685546875,-28.4423828125
80.6611887,26.6845703125,-107.7197265625,-35.7177734375
80.6983876,25.7568359375,-107.4267578125,-38.4033203125
80.717528,24.2919921875,-107.3291015625,-38.6962890625
80.7621067,22.5341796875,-107.9150390625,-38.9404296875
80.7901549,20.8251953125,-108.2568359375,-40.6982421875
80.8137461,19.7509765625,-109.3798828125,-43.8232421875
80.8536854,19.7021484375,-110.6494140625,-47.5341796875
80.8723073,21.7529296875,-111.5283203125,-51.7822265625
80.9095248,27.5634765625,-111.8701171875,-56.0791015625
80.9329286,31.9091796875,-114.1650390625,-60.9130859375
80.9694383,35.4248046875,-114.3603515625,-64.8193359375
80.9932071,38.5498046875,-116.1181640625,-68.5302734375
81.0301828,40.7958984375,-117.9248046875,-72.2412109375
81.0504116,43.0908203125,-118.2666015625,-75.1220703125
81.088251,45.8251953125,-119.3896484375,-77.2216796875
81.1121385,44.7021484375,-120.8056640625,-79.2724609375
81.1501003,44.6044921875,-122.2705078125,-80.8837890625
81.1749347,43.9208984375,-123.9306640625,-82.2998046875
81.2116802,43.4814453125,-125.6396484375,-84.7900390625
81.2353612,43.3349609375,-126.4697265625,-88.1103515625
81.2752607,42.3095703125,-126.7626953125,-92.1142578125
81.2938658,40.6005859375,-124.6630859375,-95.3857421875
81.3315773,39.5751953125,-122.1728515625,-90.3076171875
81.3548751,37.8173828125,-119.8291015625,-55.0537109375
81.3924039,36.6455078125,-116.1181640625,-23.8525390625
81.4162103,35.6689453125,-112.5537109375,-11.5966796875
81.4459524,33.8134765625,-109.7705078125,-5.7373046875
81.4840051,31.2744140625,-106.5478515625,-3.5888671875
81.5088015,31.0302734375,-104.7412109375,-4.0283203125
81.5451086,29.4189453125,-103.8623046875,-7.7880859375
81.5725273,28.3447265625,-103.3251953125,-16.0888671875
81.5949154,26.4892578125,-102.3486328125,-28.6865234375
81.6334362,25.2685546875,-101.6650390625,-35.4736328125
81.6573863,24.4873046875,-101.2255859375,-37.6708984375
81.6859083,22.1435546875,-100.9326171875,-38.4033203125
81.7268255,21.8505859375,-101.1767578125,-38.2080078125
81.7469048,20.8251953125,-101.8115234375,-39.5751953125
81.7829226,18.7744140625,-102.3974609375,-42.5537109375
81.8088208,18.1884765625,-103.1298828125,-46.0693359375
81.8467996,20.2880859375,-104.4482421875,-50.0732421875
81.870694,25.3173828125,-105.9130859375,-54.2724609375
81.9065704,29.7119140625,-106.4501953125,-59.3994140625
81.927215,33.7646484375,-107.7197265625,-63.1103515625
81.9654624,37.4267578125,-108.1103515625,-66.9677734375
81.9890707,40.4541015625,-111.0400390625,-69.8974609375
82.0186357,42.9443359375,-111.2353515625,-72.8759765625
82.0593464,44.4580078125,-112.3095703125,-75.2197265625
82.0784292,44.6044921875,-114.4580078125,-76.8798828125
82.1136123,44.2138671875,-115.4345703125,-77.9052734375
82.1422501,43.2861328125,-116.5087890625,-78.7353515625
82.1682801,43.3349609375,-117.6318359375,-81.4697265625
82.2070234,43.1884765625,-118.8525390625,-84.4482421875
82.2291089,42.3583984375,-119.5849609375,-88.4033203125
82.2650022,41.7724609375,-117.8759765625,-91.2353515625
82.2901903,40.6494140625,-115.9716796875,-88.5498046875
82.329897,39.4287109375,-112.6513671875,-60.7666015625
82.3491065,37.7197265625,-110.2587890625,-26.7822265625
82.3890635,35.7177734375,-106.7919921875,-12.4267578125
82.4102085,34.3017578125,-102.5927734375,-5.4931640625
82.4471746,33.2763671875,-100.2978515625,-2.9052734375
82.4706253,31.5673828125,-97.9052734375,-3.0517578125
82.5085289,30.2490234375,-97.8076171875,-6.4697265625
82.5332211,29.3212890625,-96.8310546875,-14.4287109375
82.5723269,27.7587890625,-95.2197265625,-25.1708984375
82.6035356,26.9775390625,-94.9267578125,-33.1298828125
82.6260768,24.9755859375,-94.6826171875,-36.0595703125
82.6636926,24.0966796875,-95.0244140625,-35.9130859375
82.6813358,22.7783203125,-94.3408203125,-36.1083984375
82.7176321,21.8017578125,-96.1962890625,-37.0849609375
82.7419398,20.4833984375,-97.3193359375,-40.3076171875
82.7788987,19.3115234375,-97.6611328125,-43.3349609375
82.8043157,19.6044921875,-98.6865234375,-47.2900390625
82.8319607,23.8525390625,-100.4931640625,-51.2451171875
82.8669954,28.4912109375,-101.4208984375,-55.4443359375
82.8949822,32.1533203125,-102.4462890625,-58.9111328125
82.9319171,36.3525390625,-104.1552734375,-63.1103515625
82.9567048,39.3798828125,-105.6201171875,-65.9912109375
82.993348,42.8466796875,-106.6943359375,-68.7255859375
83.013629,43.9208984375,-107.7197265625,-70.3857421875
83.0499577,44.4091796875,-109.8681640625,-71.9970703125
83.073723,43.8720703125,-110.9423828125,-72.8759765625
83.1099973,43.6279296875,-112.8466796875,-74.6826171875
83.1352355,43.8720703125,-114.3115234375,-77.6123046875
83.1733928,43.7255859375,-115.4345703125,-81.6162109375
83.197504,42.6025390625,-115.2880859375,-85.2783203125
83.2251684,41.5283203125,-113.2373046875,-87.4755859375
83.262554,40.7958984375,-110.8935546875,-74.4384765625
83.2869358,38.9404296875,-106.9873046875,-38.9404296875
83.3237468,37.2802734375,-104.1064453125,-17.5048828125
83.3439985,35.7666015625,-101.2255859375,-9.3505859375
83.3810719,34.6435546875,-98.0029296875,-5.2490234375
83.4045051,33.1298828125,-95.2197265625,-4.2236328125
83.4430655,31.9580078125,-94.8291015625,-6.9091796875
83.4680235,30.2978515625,-94.9755859375,-12.0849609375
83.5052937,29.1259765625,-93.9013671875,-22.5830078125
83.5300129,28.3447265625,-93.9501953125,-32.6904296875
83.5574654,26.7822265625,-92.9736328125,-37.6220703125
83.5951023,26.3427734375,-93.5107421875,-38.2080078125
83.6201189,24.8779296875,-94.7802734375,-37.5732421875
83.6484771,23.7548828125,-95.9521484375,-39.7216796875
83.679613,22.6806640625,-96.5380859375,-41.8701171875
83.7087578,21.1181640625,-97.3681640625,-44.7509765625
83.7370783,20.6787109375,-100.0048828125,-48.6572265625
83.7734235,21.9482421875,-100.9814453125,-52.6123046875
83.7988971,26.6357421875,-101.2744140625,-57.3974609375
83.8272698,30.4443359375,-102.8369140625,-61.9873046875
83.859967,34.3994140625,-104.7900390625,-64.4287109375
83.8900805,37.9150390625,-105.8642578125,-69.4091796875
83.9220693,39.7705078125,-106.8408203125,-72.0947265625
83.9510178,42.4072265625,-108.6962890625,-74.8291015625
83.9804532,44.1162109375,-110.0146484375,-77.3193359375
84.0124301,44.0185546875,-111.9189453125,-77.6123046875
84.0385961,42.6025390625,-113.1884765625,-78.4912109375
84.0742988,43.2373046875,-113.6767578125,-81.1279296875
84.1017245,42.4072265625,-115.0927734375,-84.2529296875
84.132187,42.3095703125,-116.4111328125,-87.9150390625
84.1644016,41.6748046875,-115.0927734375,-90.8447265625
84.1924142,40.4052734375,-112.2607421875,-89.9658203125
84.2203131,38.7451171875,-109.8681640625,-64.3310546875
84.2548013,37.3779296875,-106.4501953125,-30.7373046875
84.282596,36.0107421875,-104.1552734375,-15.1611328125
84.3119373,34.7900390625,-100.1025390625,-8.4228515625
84.3449624,33.0322265625,-97.9541015625,-5.6884765625
84.3724216,30.9326171875,-95.9033203125,-5.7861328125
84.4023217,29.8583984375,-95.8544921875,-8.5693359375
84.4338537,28.2958984375,-95.3662109375,-15.6982421875
84.4626579,27.3193359375,-94.7802734375,-27.6123046875
84.4945158,26.4892578125,-94.5849609375,-36.4013671875
84.5233039,25.1220703125,-94.8291015625,-39.4287109375
84.5514569,23.9501953125,-94.2431640625,-38.3056640625
84.5810766,22.7294921875,-95.4150390625,-39.3798828125
84.6140438,21.9482421875,-96.5380859375,-40.6982421875
84.6475772,19.8486328125,-97.0751953125,-41.8701171875
84.6767318,18.6767578125,-98.5400390625,-44.9462890625
84.703863,18.2373046875,-99.3701171875,-48.5595703125
84.7350211,20.8740234375,-101.7138671875,-53.2958984375
84.7666801,25.6591796875,-102.4462890625,-57.3974609375
84.7952898,29.9560546875,-103.3251953125,-61.0107421875
84.827551,33.5693359375,-104.7900390625,-64.7216796875
84.8569987,36.9384765625,-106.0595703125,-67.5048828125
84.8846088,40.3564453125,-108.1103515625,-69.7998046875
84.9167455,41.9677734375,-109.4287109375,-71.4599609375
84.9460415,43.9208984375,-111.0400390625,-72.5341796875
84.9799631,42.7978515625,-112.0654296875,-73.9501953125
85.0064507,42.3583984375,-113.2373046875,-74.7314453125
85.037589,42.5537109375,-114.6044921875,-77.9052734375
85.0644375,42.0166015625,-116.0693359375,-81.3232421875
85.1093844,42.1630859375,-115.1904296875,-84.8388671875
85.1266194,41.2841796875,-113.0419921875,-86.4990234375
85.1589494,40.1123046875,-111.2353515625,-74.6337890625
85.1871298,38.4521484375,-108.3544921875,-39.7705078125
85.2151054,37.1826171875,-106.2060546875,-18.7744140625
85.2501628,35.6689453125,-103.2763671875,-10.6201171875
85.2858902,34.1064453125,-101.0791015625,-6.1767578125
85.3060139,33.1298828125,-98.5400390625,-5.2978515625
85.3491005,31.4208984375,-97.8564453125,-6.1279296875
85.3663477,29.8583984375,-98.2470703125,-10.6201171875
85.4018042,28.2470703125,-97.1240234375,-19.5068359375
85.4291825,26.6845703125,-97.5146484375,-29.4189453125
85.4575776,24.8291015625,-96.3427734375,-33.4716796875
85.4911091,23.9990234375,-97.6611328125,-33.4716796875
85.5189633,22.4365234375,-97.5146484375,-33.8623046875
85.5667309,21.3134765625,-98.8818359375,-33.2763671875
85.5858305,18.9208984375,-99.3701171875,-35.5712890625
85.6093993,17.2119140625,-100.8349609375,-38.0615234375
85.6475933,15.7470703125,-102.3486328125,-41.1865234375
85.6701197,15.6982421875,-103.6181640625,-45.0927734375
85.7098659,19.2626953125,-104.4482421875,-49.2431640625
85.7335697,23.7060546875,-106.0595703125,-52.8564453125
85.771536,26.9287109375,-107.3779296875,-55.9326171875
85.7899659,29.8583984375,-107.9150390625,-58.9599609375
85.8291685,32.4951171875,-110.2099609375,-60.7666015625
85.8491407,34.1552734375,-111.9677734375,-62.9638671875
85.8885196,36.6943359375,-113.0908203125,-63.8916015625
85.9122309,37.0361328125,-114.7021484375,-63.9892578125
85.9585688,36.1083984375,-116.6552734375,-65.4052734375
85.9888019,35.9619140625,-118.0224609375,-68.3349609375
86.0038905,35.3759765625,-119.6337890625,-70.8251953125
86.0406292,36.0107421875,-119.8779296875,-74.5361328125
86.0627642,35.8154296875,-118.1689453125,-76.2939453125
86.0989093,35.4248046875,-115.9716796875,-69.5556640625
86.1225748,34.0087890625,-113.8232421875,-39.8193359375
86.1592248,32.8857421875,-111.7724609375,-19.3603515625
86.1813755,31.5185546875,-108.9404296875,-11.7431640625
86.2180827,30.8837890625,-107.5244140625,-7.3486328125
86.2438225,28.7353515625,-105.1318359375,-6.8603515625
86.2805658,27.7587890625,-104.1064453125,-7.1044921875
86.304538,26.6357421875,-104.0576171875,-10.4736328125
86.340669,25.3662109375,-102.7880859375,-18.7744140625
86.3644383,25.0244140625,-103.1298828125,-27.8564453125
86.4027827,24.0478515625,-102.8369140625,-31.8603515625
86.4252396,22.9248046875,-103.5693359375,-32.4951171875
86.4625253,22.6318359375,-104.8388671875,-31.4697265625
86.4859938,20.9228515625,-105.0830078125,-31.5673828125
86.5243208,20.6298828125,-106.4013671875,-33.3740234375
86.5477928,19.0673828125,-107.3291015625,-35.5224609375
86.5754045,17.4560546875,-108.0126953125,-38.1591796875
86.6140276,17.7001953125,-109.3798828125,-42.2607421875
86.6351332,19.9462890625,-111.0888671875,-45.9228515625
86.671042,25.1220703125,-112.7978515625,-49.1943359375
86.6945302,29.2724609375,-113.7255859375,-52.5146484375
86.7327898,32.5439453125,-114.8486328125,-55.2001953125
86.7569713,36.4990234375,-116.2646484375,-57.4951171875
86.7944656,39.0380859375,-117.5341796875,-59.3017578125
86.8189915,40.5029296875,-119.0966796875,-59.7412109375
86.8574213,42.9443359375,-119.7314453125,-60.6689453125
86.8779855,42.0654296875,-121.6357421875,-61.6943359375
86.9157067,40.7958984375,-123.0029296875,-63.7451171875
86.9388445,40.6494140625,-123.8330078125,-66.8212890625
86.9671049,40.7470703125,-124.5654296875,-69.0185546875
87.018081,40.4052734375,-123.0517578125,-71.7529296875
87.0242173,39.3798828125,-120.9521484375,-66.9189453125
87.0597052,38.5986328125,-118.5595703125,-38.6962890625
87.0882046,37.6220703125,-116.4599609375,-17.9443359375
87.1240463,35.8154296875,-112.7490234375,-9.1064453125
87.149289,33.9111328125,-109.6728515625,-3.8818359375
87.1847806,32.2021484375,-107.8173828125,-2.7099609375
87.2099946,30.9326171875,-107.0849609375,-2.0751953125
87.240333,29.5166015625,-105.7666015625,-4.1259765625
87.2767941,28.0517578125,-105.0830078125,-9.9853515625
87.3016363,27.3193359375,-104.3017578125,-17.2119140625
87.3304572,25.7568359375,-103.3740234375,-20.8740234375
87.3656789,24.7802734375,-104.3505859375,-21.2158203125
87.3918871,23.6572265625,-103.9599609375,-20.7275390625
87.4215525,22.2412109375,-104.5458984375,-20.8740234375
87.4583168,21.4111328125,-105.3759765625,-22.2412109375
87.4818245,19.7998046875,-106.1572265625,-23.7060546875
87.5207033,18.5302734375,-107.7197265625,-25.5615234375
87.5428809,17.3095703125,-108.9892578125,-28.4912109375
87.5698426,18.6767578125,-109.2822265625,-31.6650390625
87.6058763,23.3154296875,-110.9912109375,-34.4482421875
87.6317937,28.0029296875,-112.1142578125,-36.3525390625
87.6680851,31.3232421875,-114.0185546875,-39.2333984375
87.692658,35.7666015625,-114.5068359375,-40.7958984375
87.7305192,38.4033203125,-115.4833984375,-43.0908203125
87.7497108,41.8212890625,-117.5830078125,-44.0185546875
87.7902154,43.0419921875,-119.1455078125,-44.0673828125
87.8129409,42.5537109375,-119.9267578125,-44.8974609375
87.8498882,41.8212890625,-121.4404296875,-46.7041015625
87.8729698,41.2353515625,-122.9541015625,-48.3154296875
87.9103715,41.7236328125,-123.0517578125,-50.7080078125
87.9373723,41.8701171875,-123.1982421875,-52.9541015625
87.965427,41.0888671875,-119.8779296875,-52.2705078125
87.993522,40.2587890625,-118.5107421875,-35.8642578125
88.0316391,39.0380859375,-115.2880859375,-12.3779296875
88.0558952,37.2314453125,-112.5537109375,0.3173828125
88.0923045,35.5712890625,-109.5263671875,6.2255859375
88.1151552,34.2041015625,-106.9384765625,9.8876953125
88.1535089,33.4228515625,-104.3017578125,11.3525390625
88.1765957,32.1044921875,-103.8623046875,10.6201171875
88.2060715,31.0302734375,-102.0068359375,7.8369140625
88.2426228,30.6396484375,-101.5673828125,1.5869140625
88.2683156,28.4423828125,-101.8603515625,-3.4423828125
88.2955084,27.3681640625,-101.2744140625,-4.8095703125
88.3311485,26.4404296875,-102.0556640625,-3.9794921875
88.3576157,25.3662109375,-102.7880859375,-3.2470703125
88.3847908,24.8779296875,-102.8857421875,-4.3212890625
88.4245232,22.3388671875,-104.5458984375,-5.5908203125
88.4457006,21.4111328125,-105.1318359375,-7.1533203125
88.4907517,20.5322265625,-107.1337890625,-9.5458984375
88.5076421,20.3857421875,-107.4267578125,-12.2802734375
88.5449335,22.9736328125,-108.2080078125,-15.0146484375
88.564069,28.0029296875,-110.2099609375,-17.7490234375
88.5999022,32.8857421875,-112.0166015625,-19.8974609375
88.6275326,35.3759765625,-113.1396484375,-21.6064453125
88.6599053,39.3310546875,-115.1416015625,-23.2666015625
88.6911707,42.2607421875,-116.4599609375,-24.7802734375
88.7165215,44.5068359375,-117.1923828125,-25.3662109375
88.7527044,45.4833984375,-117.4853515625,-26.5380859375
88.7794527,45.5322265625,-119.3408203125,-27.9541015625
88.8075635,44.9462890625,-120.6591796875,-29.8095703125
88.8392405,44.7509765625,-121.6845703125,-32.4951171875
88.8699493,44.5068359375,-121.1474609375,-34.7412109375
88.8975,44.5068359375,-119.2919921875,-35.9130859375
88.9294085,43.7255859375,-116.7529296875,-26.1962890625
88.9584309,42.1142578125,-114.2138671875,-3.5400390625
88.992877,41.0888671875,-110.6982421875,10.7666015625
89.0217738,39.1845703125,-108.2568359375,18.0908203125
89.0503453,37.3779296875,-105.7177734375,22.1435546875
89.0833667,35.7666015625,-102.0068359375,23.6572265625
89.110852,34.6435546875,-102.1533203125,23.1689453125
89.138078,33.8134765625,-100.0048828125,20.8251953125
89.1755325,32.2021484375,-100.0537109375,15.2099609375
89.20045,30.1025390625,-99.4189453125,8.8623046875
89.2283668,29.4189453125,-98.6865234375,5.3955078125
89.2619719,28.2470703125,-98.9794921875,6.2255859375
89.2919855,27.3681640625,-99.8583984375,6.5673828125
89.3239039,25.7568359375,-100.5908203125,6.0302734375
89.3519846,24.4384765625,-101.7626953125,4.4189453125
89.3811894,23.6083984375,-102.1044921875,2.8076171875
89.4132848,22.0947265625,-104.3994140625,0.0244140625
89.4427173,21.6064453125,-105.2783203125,-2.9052734375
89.4715042,23.1689453125,-106.1572265625,-6.8603515625
89.503709,25.4638671875,-107.0361328125,-9.3994140625
89.5330559,30.6884765625,-108.2568359375,-11.7431640625
89.5660947,34.6435546875,-109.9169921875,-14.3310546875
89.595,37.3291015625,-111.4306640625,-16.0888671875
89.6219235,40.3564453125,-112.2607421875,-17.3095703125
89.6558909,42.6513671875,-114.0185546875,-18.6279296875
89.6830728,43.9208984375,-114.7998046875,-18.7744140625
89.7142758,44.3115234375,-115.9228515625,-20.7275390625
89.7463186,43.2373046875,-117.8271484375,-22.3876953125
89.7748417,42.7490234375,-119.5361328125,-25.2685546875
89.8032347,42.7001953125,-118.7548828125,-28.8330078125
89.836762,41.7236328125,-115.9228515625,-29.5654296875
89.8663975,41.9189453125,-113.8720703125,-21.1181640625
89.8964033,40.5029296875,-110.5517578125,3.8330078125
89.9246376,39.5751953125,-107.3291015625,19.0673828125
89.9547647,37.3291015625,-103.8623046875,27.2216796875
89.9871411,35.5224609375,-100.2490234375,30.5419921875
90.0164816,33.1298828125,-97.7099609375,32.8857421875
90.0490647,31.2255859375,-97.1728515625,32.6904296875
90.0847787,31.1767578125,-96.3916015625,29.8095703125
90.1069851,28.5400390625,-95.9521484375,24.0478515625
90.1354033,27.5634765625,-95.6103515625,17.1142578125
90.1679699,25.7568359375,-94.6826171875,12.9638671875
90.1973497,24.9267578125,-95.4150390625,12.1826171875
90.2299187,23.2177734375,-95.6591796875,12.4755859375
90.2593177,22.1923828125,-95.9033203125,12.2802734375
90.2858043,20.7763671875,-97.2216796875,10.7177734375
90.3175553,19.3603515625,-98.4423828125,8.5693359375
90.3471064,18.2373046875,-99.1259765625,5.6396484375
90.3957611,16.6748046875,-100.6884765625,2.1728515625
90.4088541,16.7724609375,-101.6162109375,-0.7568359375
90.4459318,20.2880859375,-104.6923828125,-3.4912109375
90.4680561,24.8291015625,-105.3759765625,-7.2509765625
90.4981211,27.8564453125,-107.1337890625,-9.9853515625
90.5345462,31.7626953125,-107.9638671875,-11.4501953125
90.5598033,35.4736328125,-110.0634765625,-13.4521484375
90.5977743,37.7685546875,-110.9423828125,-14.3310546875
90.6181821,39.3798828125,-113.3837890625,-15.3564453125
90.6504572,40.4541015625,-115.1416015625,-16.8212890625
90.6785593,38.8427734375,-116.6064453125,-18.5791015625
90.7287227,38.1103515625,-117.7783203125,-21.2158203125
90.7397962,38.0615234375,-118.9990234375,-24.7802734375
90.7759838,37.5244140625,-117.4853515625,-26.9775390625
90.803173,37.3779296875,-114.5068359375,-25.7080078125
90.8314173,36.6455078125,-112.1630859375,-7.7880859375
90.8586915,34.7412109375,-108.5498046875,13.6962890625
90.8915293,33.0322265625,-106.1572265625,25.4150390625
90.9200732,31.7138671875,-103.6669921875,31.0302734375
90.9551319,30.1513671875,-100.6884765625,34.3994140625
90.9804555,28.2470703125,-98.4912109375,35.4736328125
91.0193778,26.6357421875,-98.5888671875,34.2041015625
91.040557,25.6591796875,-97.9541015625,30.2001953125
91.0739668,23.9501953125,-97.3681640625,23.2177734375
91.0999254,22.3388671875,-97.1728515625,17.3095703125
91.1333007,21.7529296875,-97.3193359375,15.5029296875
91.1713611,20.1416015625,-98.2470703125,15.4052734375
91.1905677,19.2626953125,-99.1748046875,14.5751953125
91.2276246,16.7724609375,-100.4443359375,13.5009765625
91.2533902,16.5283203125,-100.7861328125,11.8408203125
91.2906207,14.3798828125,-102.4951171875,9.0087890625
91.3135338,13.6962890625,-105.1318359375,6.2744140625
91.3431885,12.5244140625,-105.2294921875,2.6123046875
91.3703054,13.5986328125,-106.6943359375,-0.6591796875
91.404935,17.6025390625,-108.0126953125,-3.9306640625
91.4374489,22.5341796875,-109.4775390625,-6.8115234375
91.4654076,26.0986328125,-111.5771484375,-9.3994140625
91.4946708,28.9306640625,-112.9931640625,-11.4990234375
91.5305703,32.4462890625,-114.5556640625,-12.9638671875
91.5565392,34.6923828125,-116.0693359375,-14.3798828125
91.5860344,36.5478515625,-118.1689453125,-15.6494140625
91.6162317,37.1826171875,-118.9013671875,-17.3095703125
91.6448613,36.1572265625,-119.9267578125,-20.5810546875
91.6758732,35.7177734375,-121.4892578125,-23.1201171875
91.706608,35.6201171875,-121.1474609375,-26.8798828125
91.7439347,35.6689453125,-118.8037109375,-26.9287109375
91.7646906,35.4248046875,-116.6552734375,-14.8193359375
91.8042322,33.2763671875,-114.1162109375,8.0810546875
91.8266132,31.7138671875,-110.5029296875,21.4111328125
91.862458,30.7373046875,-107.5732421875,28.0029296875
91.8879363,29.3701171875,-105.1806640625,31.5673828125
91.9244611,27.4658203125,-104.3505859375,31.7626953125
91.9481778,26.2451171875,-103.5205078125,30.8837890625
91.9861026,25.2197265625,-102.6416015625,27.3193359375
92.0053683,23.5107421875,-103.0810546875,19.7509765625
92.0448359,22.1923828125,-102.7880859375,12.3291015625
92.0682879,21.2158203125,-103.6669921875,10.3759765625
92.095717,20.1904296875,-103.4716796875,9.9853515625
92.1336706,18.8720703125,-104.2041015625,8.9111328125
92.1564402,18.1396484375,-104.2529296875,7.2509765625
92.1958987,17.1630859375,-106.1083984375,4.9560546875
92.219659,15.7470703125,-107.8173828125,2.2705078125
92.2559762,14.0869140625,-109.0869140625,-0.8544921875
92.2801402,13.5009765625,-109.7216796875,-5.1025390625
92.3190074,13.0126953125,-111.1865234375,-8.9111328125
92.3381046,16.1865234375,-112.4560546875,-12.6220703125
92.3733508,20.1416015625,-115.3857421875,-16.0888671875
92.399691,24.6826171875,-116.8994140625,-18.6279296875
92.4269167,27.8564453125,-117.8271484375,-21.1669921875
92.4649757,30.7861328125,-118.4130859375,-23.7060546875
92.4904314,33.6181640625,-120.0244140625,-24.9755859375
92.5300532,35.5712890625,-121.6845703125,-26.7333984375
92.5516101,36.6455078125,-123.6865234375,-28.3447265625
92.5798134,35.6689453125,-124.8095703125,-30.8837890625
92.6180828,35.7177734375,-126.8603515625,-33.7646484375
92.6410519,35.3759765625,-126.3720703125,-37.1826171875
92.6775846,35.0341796875,-124.8095703125,-40.7470703125
92.7019152,35.0830078125,-123.8330078125,-37.2802734375
92.738655,33.2275390625,-121.4404296875,-14.0869140625
92.7590008,31.5185546875,-118.3642578125,6.3720703125
92.7984753,30.2978515625,-115.8251953125,15.8935546875
92.8199183,28.3935546875,-112.9931640625,22.1923828125
92.8543294,27.6611328125,-110.6982421875,24.8779296875
92.8820513,25.1220703125,-109.6240234375,25.2685546875
92.919842,24.3896484375,-108.5009765625,22.8759765625
92.9435973,23.3154296875,-109.0380859375,17.8466796875
92.9816422,21.1669921875,-108.1591796875,8.9111328125
93.0059494,20.0927734375,-108.2568359375,3.8330078125
93.0335613,18.7744140625,-108.5986328125,1.5380859375
93.0635878,17.0166015625,-109.5263671875,-0.0244140625
93.0965997,16.1865234375,-109.8681640625,-0.1708984375
93.1237512,15.0146484375,-111.7236328125,-2.2216796875
93.1620987,14.0380859375,-112.1142578125,-4.4189453125
93.1864617,12.5244140625,-113.4326171875,-7.5927734375
93.2199853,11.5478515625,-115.2880859375,-10.6689453125
93.2425983,10.2783203125,-116.7041015625,-14.7705078125
93.2794162,10.9619140625,-118.4619140625,-19.6533203125
93.3047527,15.5517578125,-119.7802734375,-22.6318359375
93.3628952,19.7021484375,-121.2451171875,-26.2451171875
93.3835093,23.5107421875,-123.3447265625,-27.9541015625
93.3946573,27.2705078125,-125.0048828125,-30.7373046875
93.4323454,31.4208984375,-125.7861328125,-33.1298828125
93.4545815,33.2275390625,-127.5439453125,-34.7412109375
93.4901194,35.3759765625,-128.8134765625,-35.9130859375
93.5172698,36.3525390625,-130.5712890625,-37.1337890625
93.5485788,35.5712890625,-132.4755859375,-40.5517578125
93.577869,35.0341796875,-133.1103515625,-43.4326171875
93.6289042,35.0341796875,-133.4033203125,-47.0947265625
93.6582289,34.8388671875,-132.6220703125,-48.6572265625
93.6651795,35.0830078125,-131.0595703125,-45.9716796875
93.6976652,33.9599609375,-128.6669921875,-23.2177734375
93.7257988,31.8115234375,-127.2021484375,-2.3193359375
93.7588035,31.0302734375,-124.4677734375,9.0576171875
93.7885324,28.8330078125,-122.4658203125,14.6728515625
93.8167282,27.5634765625,-119.8779296875,17.4072265625
93.8469705,25.4150390625,-118.6083984375,17.6025390625
93.8769494,24.3408203125,-118.2666015625,15.1611328125
93.9093712,22.8271484375,-118.6083984375,9.1064453125
93.9385902,21.5576171875,-118.6083984375,0.2685546875
93.9672514,20.3857421875,-118.1201171875,-6.6650390625
93.9994581,19.2626953125,-117.8759765625,-8.0810546875
94.0279479,18.0908203125,-117.9736328125,-8.3740234375
94.0618179,16.7724609375,-118.5107421875,-9.6435546875
94.1069688,15.2099609375,-120.5126953125,-11.3037109375
94.1285826,14.2333984375,-120.3173828125,-13.7939453125
94.1471459,13.0126953125,-121.8310546875,-16.9677734375
94.197762,11.5478515625,-123.2470703125,-21.0205078125
94.2180599,10.6689453125,-124.1748046875,-25.2685546875
94.2657775,10.1806640625,-125.0537109375,-28.8330078125
94.2859891,14.6240234375,-126.7138671875,-32.4462890625
94.2980068,18.9208984375,-128.3251953125,-35.6689453125
94.3334089,23.5595703125,-129.5458984375,-37.9638671875
94.3599591,26.5869140625,-130.6689453125,-41.0888671875
94.3905434,30.0048828125,-132.0849609375,-43.3837890625
94.4221218,33.0810546875,-134.2333984375,-44.4091796875
94.449137,34.6435546875,-135.6005859375,-46.8505859375
94.4831881,35.3759765625,-136.6259765625,-48.4619140625
94.530643,35.2294921875,-138.1884765625,-50.5126953125
94.5499284,33.5693359375,-138.8232421875,-53.6376953125
94.5726004,33.9599609375,-140.3369140625,-57.3974609375
94.6038162,33.8134765625,-137.9931640625,-59.9365234375
94.6320559,33.1787109375,-136.4794921875,-57.8857421875
94.6643637,32.0556640625,-134.0869140625,-34.5947265625
94.6918864,31.7626953125,-132.0361328125,-12.0849609375
94.7206298,29.6142578125,-129.1064453125,-1.7822265625
94.7559431,28.0517578125,-128.0322265625,4.2724609375
94.7843448,26.4892578125,-125.9814453125,6.0791015625
94.8153119,24.0966796875,-124.5166015625,5.2490234375
94.8432686,22.7783203125,-123.5888671875,2.2216796875
94.8734162,22.1923828125,-122.3681640625,-4.5654296875
94.9054075,20.0927734375,-122.8076171875,-14.0869140625
94.9332428,18.8720703125,-121.7333984375,-20.4345703125
94.9665796,17.7001953125,-121.8310546875,-23.0224609375
95.0141121,16.7724609375,-122.9541015625,-23.7060546875
95.0466005,14.8681640625,-122.7587890625,-24.8291015625
95.0542238,13.9404296875,-123.2958984375,-27.0751953125
95.0861309,13.1103515625,-124.3212890625,-28.7353515625
95.1150763,11.8408203125,-125.2978515625,-32.9345703125
95.1466163,9.9853515625,-126.6650390625,-36.6455078125
95.1827485,8.9599609375,-126.7626953125,-41.1376953125
95.2033344,8.1787109375,-128.1787109375,-46.2158203125
95.2380419,11.5478515625,-129.4970703125,-49.4873046875
95.2660223,16.0888671875,-129.9365234375,-53.9794921875
95.2994689,20.2880859375,-131.5966796875,-56.3232421875
95.3264159,23.9013671875,-131.6455078125,-59.6435546875
95.3576899,26.7333984375,-133.7451171875,-62.2802734375
95.3968156,29.6142578125,-135.0146484375,-63.6962890625
95.4173658,31.2744140625,-135.7470703125,-65.5029296875
95.44618,32.5927734375,-137.1142578125,-67.3095703125
95.4803942,31.4697265625,-138.2373046875,-69.9462890625
95.5075891,31.6162109375,-139.4580078125,-73.5107421875
95.5461942,31.1767578125,-139.4091796875,-77.0751953125
95.5689832,30.4931640625,-138.2373046875,-80.1025390625
95.5996012,30.2978515625,-135.7470703125,-77.5146484375
95.63102,28.7841796875,-133.7939453125,-51.8310546875
95.659708,28.0029296875,-131.2548828125,-26.8798828125
95.6878054,26.7822265625,-127.2509765625,-16.0888671875
95.7258097,25.0732421875,-125.2978515625,-9.9365234375
95.750086,23.1201171875,-123.0029296875,-7.6416015625
95.7788457,21.6064453125,-121.5380859375,-7.8369140625
95.8265664,19.8974609375,-120.2685546875,-11.0595703125
95.8388279,18.1884765625,-118.5107421875,-17.7490234375
95.8672373,16.2841796875,-118.4130859375,-27.8564453125
95.9062689,15.0146484375,-117.8759765625,-35.2783203125
95.9470123,13.6474609375,-116.6064453125,-37.5732421875
95.9684323,12.5732421875,-118.2177734375,-38.1103515625
95.9901976,11.4990234375,-117.8271484375,-38.1591796875
96.020755,10.2294921875,-118.9990234375,-40.2099609375
96.052899,8.6181640625,-119.2431640625,-42.6025390625
96.0809586,7.2998046875,-119.9267578125,-46.6064453125
96.1082349,6.1279296875,-121.0498046875,-50.3662109375
96.1471742,4.6630859375,-121.6357421875,-54.9560546875
96.1697534,3.9794921875,-122.8076171875,-58.7646484375
96.2040742,6.3720703125,-123.9306640625,-63.4033203125
96.2316438,10.3759765625,-125.4931640625,-67.4560546875
96.2596037,14.0869140625,-125.8837890625,-69.3603515625
96.2939238,18.0419921875,-127.2021484375,-72.9248046875
96.3210842,21.2158203125,-129.0576171875,-75.0244140625
96.3681676,24.2919921875,-129.7412109375,-77.0751953125
96.3882963,27.0751953125,-130.9619140625,-78.1005859375
96.4132847,28.0517578125,-132.5244140625,-80.0537109375
96.4416359,27.4658203125,-133.7939453125,-81.4208984375
96.4730987,26.8798828125,-134.7216796875,-84.4970703125
96.5036204,26.1474609375,-135.7470703125,-86.7431640625
96.5362713,26.8310546875,-136.0888671875,-90.3076171875
96.5633302,26.1474609375,-133.3056640625,-93.3837890625
96.5914733,25.7080078125,-131.2060546875,-87.1826171875
96.6298314,24.0966796875,-128.3251953125,-56.2255859375
96.6551883,23.1689453125,-126.3232421875,-34.3994140625
96.6877233,21.2646484375,-122.4658203125,-24.1455078125
96.7155247,19.7021484375,-119.8291015625,-18.3837890625
96.7445173,18.3837890625,-118.5107421875,-16.5283203125
96.7719083,16.5771484375,-117.1435546875,-17.9443359375
96.8056446,15.2587890625,-115.2880859375,-21.8994140625
96.8338673,13.2080078125,-115.3369140625,-30.4931640625
96.8710521,12.5244140625,-113.7255859375,-39.9169921875
96.8956352,10.6201171875,-112.7978515625,-45.8251953125
96.9234224,9.9853515625,-113.0908203125,-47.7294921875
96.9576457,8.1787109375,-113.0908203125,-47.9736328125
96.9846514,7.6416015625,-114.2626953125,-48.9990234375
97.0208652,5.7373046875,-114.4091796875,-50.5615234375
97.0478481,4.9072265625,-114.8974609375,-52.8564453125
97.0759397,3.8330078125,-116.0693359375,-56.8603515625
97.1089031,3.2958984375,-117.5341796875,-60.5712890625
97.1384279,1.3427734375,-117.9736328125,-64.0380859375
97.1668755,0.5615234375,-118.8525390625,-68.8232421875
97.1970706,3.1005859375,-120.3662109375,-72.5341796875
97.2323656,7.6416015625,-121.4404296875,-76.0986328125
97.2570724,11.5478515625,-121.9775390625,-78.9794921875
97.2891271,15.3564453125,-124.2724609375,-82.0068359375
97.3185658,19.1650390625,-125.2978515625,-83.4716796875
97.3457565,21.4111328125,-126.8115234375,-85.3759765625
97.379249,23.7060546875,-128.1298828125,-86.6455078125
97.4085925,25.3173828125,-128.9599609375,-88.5986328125
97.4419434,25.5126953125,-130.2294921875,-90.4541015625
97.4686922,24.9267578125,-130.9130859375,-94.1650390625
97.497731,24.4873046875,-130.3759765625,-96.8017578125
97.5301129,25.0244140625,-129.4482421875,-99.7314453125
97.5608009,24.4384765625,-127.0068359375,-98.2666015625
97.5927036,23.4130859375,-124.5654296875,-74.1943359375
97.621886,23.5595703125,-120.8544921875,-47.5830078125
97.6485808,22.2900390625,-118.2666015625,-34.7412109375
97.6777329,20.5810546875,-115.0439453125,-28.7841796875
97.7143131,18.9208984375,-112.1142578125,-26.9287109375
97.738308,17.6513671875,-110.9423828125,-27.5146484375
97.7764107,16.9677734375,-110.1123046875,-30.7861328125
97.8015072,15.1123046875,-109.4775390625,-38.7451171875
97.8301934,13.3544921875,-109.7705078125,-49.4384765625
97.8692436,12.6220703125,-108.2568359375,-56.4208984375
97.8916467,12.0849609375,-108.5009765625,-58.8623046875
97.9243376,10.7666015625,-108.3056640625,-59.6435546875
97.95359,10.1806640625,-108.8427734375,-59.9853515625
97.981065,8.3740234375,-109.2822265625,-60.7177734375
98.0127149,7.2021484375,-110.3564453125,-63.5009765625
98.0444318,6.1767578125,-110.9423828125,-67.2119140625
98.0703859,4.6630859375,-111.5283203125,-70.4345703125
98.1050629,3.2958984375,-113.3837890625,-75.1220703125
98.1332887,2.9052734375,-113.9697265625,-79.4189453125
98.1600302,3.3935546875,-115.5810546875,-83.1787109375
98.194846,7.8369140625,-117.3876953125,-86.7919921875
98.2244988,11.6455078125,-117.4853515625,-90.2587890625
98.2554166,15.3564453125,-119.3408203125,-93.1396484375
98.2918463,18.4814453125,-120.4638671875,-95.3369140625
98.3130296,21.6552734375,-121.8310546875,-97.1435546875
98.3465302,23.4130859375,-122.5146484375,-98.5107421875
98.3742895,26.0986328125,-123.7353515625,-99.9267578125
98.4040644,26.6845703125,-124.9072265625,-102.3681640625
98.4359955,25.8544921875,-126.6650390625,-104.8583984375
98.4643839,25.2197265625,-126.7626953125,-107.5439453125
98.4961391,25.6591796875,-125.5908203125,-111.1083984375
98.5439644,25.7568359375,-122.9052734375,-113.0615234375
98.564044,25.1708984375,-119.6826171875,-98.8525390625
98.607551,24.2919921875,-116.7529296875,-64.6728515625
98.6268194,23.6572265625,-114.2138671875,-46.6064453125
98.6632629,22.2900390625,-110.8447265625,-38.6474609375
98.6824925,20.7275390625,-108.7451171875,-34.3505859375
98.7062954,19.7021484375,-105.9619140625,-33.0810546875
98.734116,17.8955078125,-104.6435546875,-35.4248046875
98.7858471,16.6259765625,-104.9853515625,-41.2353515625
98.8091927,15.1123046875,-103.8134765625,-50.8544921875
98.8453817,13.3056640625,-103.3740234375,-60.0341796875
98.8573318,12.4267578125,-103.1787109375,-65.6494140625
98.8858281,11.5478515625,-102.9833984375,-66.9189453125
98.918378,9.8876953125,-103.0810546875,-65.9423828125
98.9481,9.8876953125,-104.3017578125,-67.3583984375
98.9811138,8.6669921875,-105.3271484375,-68.6279296875
99.0235211,7.3486328125,-105.4736328125,-71.4111328125
99.0449675,6.5185546875,-107.6220703125,-75.9033203125
99.0652171,4.5654296875,-108.9892578125,-79.7607421875
99.0985788,4.2724609375,-109.6240234375,-84.6435546875
99.1286857,3.1982421875,-110.9423828125,-88.4521484375
99.1602632,5.5419921875,-112.3095703125,-92.4560546875
99.190148,9.7900390625,-112.9931640625,-95.9228515625
99.2194095,14.0380859375,-114.2138671875,-99.2919921875
99.2493899,18.4326171875,-115.4345703125,-101.0498046875
99.2782471,22.1435546875,-117.1435546875,-103.5888671875
99.3128604,25.1220703125,-118.4130859375,-105.6884765625
99.3395976,27.2705078125,-119.8779296875,-107.0556640625
99.3703215,28.8330078125,-121.0986328125,-108.1787109375
99.3986761,28.4912109375,-122.2216796875,-109.7412109375
99.4306465,28.0029296875,-123.3935546875,-112.9638671875
99.4604074,27.9541015625,-124.7607421875,-116.4794921875
99.4940592,28.1494140625,-123.6865234375,-120.0439453125
99.53762,28.5888671875,-120.8544921875,-120.9228515625
99.5590127,27.7587890625,-118.9013671875,-103.2958984375
99.5954599,27.6123046875,-116.3623046875,-68.1884765625
99.6157061,25.4638671875,-112.2607421875,-51.3427734375
99.6434686,24.5361328125,-109.5751953125,-42.7001953125
99.6883769,23.8037109375,-107.3779296875,-39.4775390625
99.7085851,22.0947265625,-105.4248046875,-38.6474609375
99.7334601,20.1904296875,-104.8876953125,-41.1865234375
99.7782072,19.6044921875,-104.5458984375,-46.9970703125
99.7983638,17.7490234375,-104.0576171875,-56.9580078125
99.8425332,16.5771484375,-104.3505859375,-67.1630859375
99.8618392,15.3076171875,-103.4228515625,-71.2646484375
99.8805847,14.0380859375,-103.8623046875,-72.0458984375
99.913109,12.6708984375,-104.3505859375,-71.7041015625
99.9421104,11.2548828125,-105.5224609375,-71.6064453125
99.9705375,10.3271484375,-105.9619140625,-74.2431640625
100.0051543,8.6181640625,-107.3779296875,-76.5869140625
100.0314129,7.6904296875,-108.9404296875,-80.0048828125
100.0660674,6.5185546875,-109.8193359375,-84.4970703125
100.0933745,5.5419921875,-110.7470703125,-88.4521484375
100.1235089,4.8583984375,-112.5537109375,-92.1630859375
100.172426,6.8115234375,-113.8232421875,-96.6064453125
100.1921885,12.0361328125,-115.4345703125,-99.5849609375
100.2333172,15.8447265625,-116.6552734375,-102.8076171875
100.2442611,20.2880859375,-118.4619140625,-105.4931640625
100.2747602,23.9990234375,-118.9990234375,-107.4462890625
100.3017045,26.4892578125,-120.3173828125,-109.0576171875
100.3370099,29.5654296875,-121.8798828125,-110.6689453125
100.3646695,30.7373046875,-123.4423828125,-111.5966796875
100.4145775,30.4443359375,-123.9306640625,-114.6240234375
100.4338359,30.0537109375,-126.5185546875,-116.9189453125
100.4551859,30.6396484375,-125.9326171875,-121.0205078125
100.4879332,29.9072265625,-125.2978515625,-123.9501953125
100.5157497,30.9814453125,-122.7587890625,-123.3154296875
100.5647725,29.4677734375,-120.1220703125,-99.4384765625
100.5776559,28.7841796875,-117.9248046875,-66.9677734375
100.6056019,27.9541015625,-115.6298828125,-52.3193359375
100.6372069,26.3916015625,-112.9443359375,-47.4365234375
100.6838613,24.8291015625,-110.7470703125,-44.5068359375
100.7051153,23.8037109375,-109.6728515625,-44.9951171875
100.7484358,21.6064453125,-109.1845703125,-49.3408203125
100.7656118,20.6298828125,-108.1591796875,-56.5673828125
100.7869233,19.2138671875,-107.9150390625,-68.1396484375
100.8195874,18.2861328125,-107.6220703125,-76.4892578125
100.84682,16.7724609375,-108.2568359375,-79.1748046875
100.8983337,15.8447265625,-108.6474609375,-79.4189453125
100.9186598,13.9892578125,-109.3310546875,-79.8095703125
100.9574052,12.7685546875,-109.1845703125,-80.9814453125
100.9765623,12.4755859375,-110.2587890625,-83.2275390625
101.0170818,11.1083984375,-111.6748046875,-86.3037109375
101.0373267,9.7900390625,-112.7490234375,-89.9169921875
101.0790582,8.0322265625,-113.4814453125,-94.9462890625
101.1004233,7.3486328125,-114.5556640625,-99.1455078125
101.1217481,6.5673828125,-116.1181640625,-103.5400390625
101.1670795,8.4716796875,-117.7783203125,-107.0556640625
101.1888338,13.0615234375,-118.6083984375,-110.5712890625
101.2309236,17.3583984375,-119.5849609375,-113.2080078125
101.2414389,20.9716796875,-120.9033203125,-115.8935546875
101.2714064,23.7548828125,-122.5634765625,-117.8955078125
101.3044124,26.0009765625,-123.8818359375,-119.0673828125
101.3304648,28.5400390625,-125.3955078125,-120.5810546875
101.3592192,29.8095703125,-125.3466796875,-122.0458984375
101.4092486,29.4189453125,-127.7880859375,-124.9267578125
101.4228286,28.8330078125,-128.2275390625,-128.7841796875
101.4700287,28.7353515625,-127.6416015625,-132.4462890625
101.480559,29.3701171875,-125.5419921875,-134.8876953125
101.5179417,29.5654296875,-123.7353515625,-121.7529296875
101.562201,27.6611328125,-121.6357421875,-84.5458984375
101.572716,27.1728515625,-118.0224609375,-63.3056640625
101.6069726,26.0986328125,-116.3134765625,-53.8330078125
101.6341563,23.9990234375,-114.4580078125,-50.1708984375
101.6626903,22.3388671875,-112.5048828125,-49.1943359375
101.690534,21.1669921875,-111.3330078125,-51.7822265625
101.7277082,19.0673828125,-111.6259765625,-57.3486328125
101.7699333,17.8955078125,-110.4541015625,-68.9697265625
101.7844577,16.8212890625,-110.0634765625,-81.4697265625
101.8133217,15.6005859375,-110.5029296875,-87.2802734375
101.8516465,14.1845703125,-109.3798828125,-87.4267578125
101.8777119,12.0849609375,-109.9169921875,-86.3525390625
101.9045236,12.1337890625,-110.6494140625,-86.0595703125
101.9380288,10.3759765625,-110.9423828125,-87.2314453125
101.9661236,9.2529296875,-111.6748046875,-89.5751953125
101.9940595,8.7158203125,-113.0908203125,-93.0419921875
102.0274968,6.8115234375,-114.0185546875,-97.0947265625
102.0548001,5.6884765625,-115.2880859375,-102.0751953125
102.0837679,4.1748046875,-116.6064453125,-105.9326171875
102.1173138,4.5166015625,-117.8759765625,-110.1806640625
102.1459942,8.1298828125,-117.7783203125,-114.0380859375
102.1736152,11.6455078125,-119.2919921875,-116.9189453125
102.2102361,16.2841796875,-120.9521484375,-120.4833984375
102.2359811,19.7998046875,-121.8798828125,-122.3388671875
102.2709033,23.5595703125,-123.2958984375,-123.7060546875
102.2977503,25.7568359375,-123.0517578125,-124.9755859375
102.3271189,27.3681640625,-124.9560546875,-126.0498046875
102.3585654,28.3935546875,-125.4931640625,-128.3447265625
102.3892884,27.6123046875,-127.2509765625,-131.0302734375
102.4166029,26.2451171875,-127.5927734375,-135.1318359375
102.4479869,26.5869140625,-126.5673828125,-138.4521484375
102.4792401,27.0263671875,-124.3701171875,-138.4521484375
102.5096179,27.4169921875,-122.0751953125,-115.5517578125
102.5378205,25.4638671875,-119.1943359375,-78.1005859375
102.5673582,25.2685546875,-117.5830078125,-61.5966796875
102.6018421,23.7548828125,-115.0439453125,-55.1513671875
102.6299019,22.5341796875,-112.0654296875,-51.8798828125
102.6581405,20.9228515625,-111.1376953125,-51.8310546875
102.6920637,19.3603515625,-109.8681640625,-55.7861328125
102.7188697,18.5302734375,-109.3798828125,-61.7431640625
102.7496291,16.5771484375,-108.7451171875,-73.1689453125
102.7801974,15.5517578125,-108.6474609375,-81.5185546875
102.8104174,14.4287109375,-107.5732421875,-84.9853515625
102.8426044,13.1103515625,-107.9150390625,-85.9619140625
102.8703404,12.1337890625,-107.5244140625,-85.9130859375
102.898622,11.2060546875,-108.5009765625,-86.8408203125
102.9349134,9.1064453125,-109.1845703125,-89.0869140625
102.9604679,7.9345703125,-110.1611328125,-91.8701171875
102.9935769,7.4951171875,-110.6982421875,-95.8251953125
103.0216571,6.3232421875,-112.3583984375,-100.4150390625
103.0507815,4.7119140625,-113.2373046875,-104.2724609375
103.0932071,3.5400390625,-113.9208984375,-109.3994140625
103.112131,4.4677734375,-115.9716796875,-113.3056640625
103.1412677,9.0087890625,-116.5087890625,-116.5771484375
103.1764979,12.6220703125,-117.1923828125,-119.7021484375
103.2017406,17.1630859375,-118.3642578125,-123.0224609375
103.2301178,20.3369140625,-119.9755859375,-124.9267578125
103.2646818,23.1201171875,-120.2685546875,-126.4892578125
103.292144,26.4404296875,-122.2705078125,-128.0029296875
103.321527,28.4912109375,-123.4423828125,-129.9072265625
103.3580932,28.9794921875,-124.4189453125,-132.6904296875
103.3822845,28.8818359375,-125.4931640625,-136.3037109375
103.4105306,28.7353515625,-124.9072265625,-139.9169921875
103.4480341,28.7841796875,-123.3447265625,-142.0654296875
103.4732028,29.2724609375,-120.0732421875,-133.3740234375
103.5030853,29.1259765625,-118.3642578125,-96.6064453125
103.5345011,28.5400390625,-115.8740234375,-69.8486328125
103.5621038,27.6611328125,-113.4814453125,-59.6923828125
103.5958733,26.7822265625,-111.3818359375,-56.8603515625
103.6244591,25.3173828125,-109.3310546875,-56.5673828125
103.6525441,24.5361328125,-108.1103515625,-58.2763671875
103.7031356,22.0947265625,-108.0615234375,-64.6728515625
103.7224109,21.2646484375,-106.9384765625,-75.5615234375
103.7654796,19.7509765625,-106.7919921875,-88.3544921875
103.7754865,18.7255859375,-106.1572265625,-94.2138671875
103.8046056,17.1142578125,-106.4501953125,-95.5322265625
103.836973,16.0888671875,-106.4990234375,-94.1650390625
103.8822781,15.7958984375,-107.7197265625,-93.4326171875
103.9013112,14.1845703125,-108.6474609375,-95.1416015625
103.9445152,13.5009765625,-108.8427734375,-97.0458984375
103.9648047,12.0361328125,-110.7470703125,-100.4638671875
103.9840672,11.0107421875,-111.0888671875,-104.3212890625
104.0181538,9.4970703125,-112.0166015625,-109.3994140625
104.0465385,8.3740234375,-112.5537109375,-113.8427734375
104.0907797,7.9345703125,-114.3115234375,-117.4560546875
104.1109742,9.3994140625,-115.4833984375,-121.4599609375
104.1543892,14.2333984375,-115.8251953125,-124.9267578125
104.1759722,18.2373046875,-117.7294921875,-126.7822265625
104.2121791,21.2158203125,-118.4619140625,-128.8818359375
104.2336415,24.4384765625,-120.3662109375,-130.7373046875
104.2583463,27.1240234375,-120.7568359375,-131.5185546875
104.2872585,30.0048828125,-122.0751953125,-133.0810546875
104.3318822,30.7373046875,-122.9541015625,-135.1318359375
104.3535296,31.2744140625,-124.3701171875,-138.5498046875
104.3939553,30.5908203125,-124.8095703125,-141.9677734375
104.4143008,30.6396484375,-122.9052734375,-146.0205078125
104.4579443,30.3955078125,-121.3916015625,-143.1884765625
104.4783655,30.3466796875,-118.4130859375,-116.2841796875
104.5150806,30.2001953125,-116.5087890625,-80.7861328125
104.5353299,29.0771484375,-113.6767578125,-64.8193359375
104.573455,27.7587890625,-111.7724609375,-58.9111328125
104.5949674,25.7568359375,-109.4775390625,-57.1533203125
104.6207553,25.6103515625,-108.5986328125,-57.7392578125
104.6537347,24.2919921875,-108.0615234375,-62.2314453125
104.6961998,22.8271484375,-107.1826171875,-70.7275390625
104.717668,22.1435546875,-106.4501953125,-82.7880859375
104.759708,19.7021484375,-106.4990234375,-91.3818359375
104.7818969,18.7744140625,-105.8154296875,-94.6533203125
104.7983332,17.5048828125,-106.5478515625,-94.3603515625
104.8331188,16.2353515625,-106.4990234375,-94.0185546875
104.8904631,14.8193359375,-107.0849609375,-95.4345703125
104.921072,15.0146484375,-108.0615234375,-97.3876953125
104.9219986,13.0615234375,-108.8916015625,-100.7568359375
104.9685167,11.3525390625,-110.0146484375,-103.9794921875
104.9985161,10.4736328125,-110.7958984375,-108.7158203125
105.012585,9.6435546875,-111.9189453125,-113.2080078125
105.0404716,8.1298828125,-113.2373046875,-116.8701171875
105.0734034,7.7392578125,-114.5068359375,-120.7763671875
105.1209756,11.1572265625,-115.6787109375,-124.4384765625
105.1432402,15.8447265625,-116.9482421875,-127.5634765625
105.1858661,20.4833984375,-117.6318359375,-130.0537109375
105.207978,23.2666015625,-119.2431640625,-132.3974609375
105.2251877,26.3427734375,-120.8056640625,-133.6181640625
105.2535859,29.2236328125,-121.1474609375,-134.2041015625
105.3005151,30.9814453125,-122.5634765625,-136.0595703125
105.3206025,31.9580078125,-123.5888671875,-139.0869140625
105.3456913,31.6650390625,-125.1025390625,-142.9931640625
105.3738122,31.7626953125,-124.7607421875,-146.9970703125
105.436672,31.7138671875,-122.4658203125,-149.8779296875
105.4375295,31.3232421875,-119.6337890625,-140.4052734375
105.4654918,31.2744140625,-117.1435546875,-102.8564453125
105.5157397,31.1279296875,-114.3115234375,-74.3408203125
105.5474205,30.2001953125,-111.2353515625,-62.5244140625
105.5573533,29.1748046875,-107.7685546875,-57.7880859375
105.6035218,27.9541015625,-106.2548828125,-56.1279296875
105.6237807,26.8798828125,-104.5947265625,-58.3740234375
105.6661606,25.0732421875,-104.3017578125,-62.8173828125
105.6865279,23.7548828125,-103.8134765625,-72.2412109375
105.7039001,22.6806640625,-102.8369140625,-82.6416015625
105.7370476,20.6787109375,-102.6904296875,-89.1357421875
105.7659649,19.4580078125,-102.2509765625,-91.6748046875
105.8122527,19.1162109375,-102.8369140625,-91.4794921875
105.8318646,17.3583984375,-102.9345703125,-91.0888671875
105.8563863,16.9677734375,-103.5205078125,-92.8466796875
105.8898327,15.4052734375,-104.5458984375,-95.3857421875
105.9353039,14.4287109375,-105.6201171875,-98.1689453125
105.9557416,13.1591796875,-105.9619140625,-102.8564453125
105.9771319,11.5478515625,-107.0849609375,-106.4208984375
106.0258037,10.5712890625,-107.2802734375,-110.4736328125
106.0471795,9.4482421875,-109.3798828125,-114.3310546875
106.0829344,10.1806640625,-111.0400390625,-117.4072265625
106.1032355,14.1357421875,-112.1630859375,-121.2646484375
106.1443772,18.3837890625,-113.2373046875,-123.7548828125
106.1735074,22.2412109375,-114.4580078125,-125.8056640625
106.1886367,25.4638671875,-115.3857421875,-127.1240234375
106.2193635,28.5400390625,-116.5576171875,-128.0029296875
106.2665474,32.1044921875,-117.7783203125,-129.6142578125
106.2782894,33.5693359375,-119.5361328125,-131.8603515625
106.328263,34.1552734375,-120.1708984375,-134.7900390625
106.3400118,34.4482421875,-119.7802734375,-138.0615234375
106.3857223,33.4716796875,-118.0224609375,-140.6982421875
106.4074502,34.6435546875,-114.8486328125,-132.8369140625
106.4295563,34.4970703125,-112.8466796875,-98.7060546875
106.4621533,34.1064453125,-110.6982421875,-70.5322265625
106.5094973,33.7646484375,-107.8662109375,-59.6435546875
106.5245692,32.9833984375,-105.1806640625,-54.2724609375
106.5672411,31.9580078125,-102.3974609375,-52.9541015625
106.5864498,30.4443359375,-102.1044921875,-54.5654296875
106.639097,28.6376953125,-100.9814453125,-59.3017578125
106.642442,27.1240234375,-100.7373046875,-68.7744140625
106.6899548,26.1474609375,-99.8583984375,-79.7607421875
106.7031483,25.0244140625,-99.6630859375,-86.6943359375
106.7332876,24.3408203125,-100.0048828125,-87.7685546875
106.7615909,22.6318359375,-99.9072265625,-87.2802734375
106.8072355,21.7041015625,-101.1767578125,-87.4267578125
106.8225916,20.1904296875,-102.0556640625,-88.2080078125
106.8674308,19.4091796875,-102.0556640625,-90.7470703125
106.885568,18.3349609375,-103.2763671875,-93.8232421875
106.9109687,16.5283203125,-104.7900390625,-97.4853515625
106.9406357,15.5517578125,-106.0595703125,-101.4892578125
106.9734773,14.7216796875,-107.1337890625,-105.6396484375
107.0043442,12.4267578125,-107.3291015625,-110.0341796875
107.0358219,12.7685546875,-109.1845703125,-113.5986328125
107.0659752,16.0888671875,-109.8681640625,-116.2841796875
107.0935478,21.1181640625,-110.5517578125,-118.7255859375
107.1259374,24.5361328125,-112.6513671875,-120.0439453125
107.1544931,28.4423828125,-113.1396484375,-122.1435546875
107.1856422,30.5908203125,-114.4580078125,-122.9736328125
107.2167759,33.1787109375,-115.1904296875,-124.6337890625
107.2444487,35.2783203125,-117.0947265625,-127.2216796875
107.2765718,36.8896484375,-117.6318359375,-131.6162109375
107.3070408,37.1337890625,-116.1181640625,-134.6923828125
107.3356358,36.4013671875,-113.5302734375,-137.1826171875
107.3684013,36.4501953125,-110.4541015625,-121.0693359375
107.3957455,37.0849609375,-108.5009765625,-84.4482421875
107.424572,36.9873046875,-105.2294921875,-64.4287109375
107.4573052,35.5712890625,-102.6416015625,-55.7861328125
107.4867031,34.6435546875,-100.2001953125,-51.6845703125
107.5191994,33.8623046875,-98.0517578125,-51.6357421875
107.5490087,31.9580078125,-97.5146484375,-54.0771484375
107.5762165,30.0048828125,-97.0263671875,-59.6923828125
107.6101708,29.4189453125,-96.6845703125,-71.3134765625
107.6369239,28.1982421875,-96.0009765625,-82.2998046875
107.6657348,27.2216796875,-95.6591796875,-87.3779296875
107.7015091,25.4150390625,-96.2451171875,-87.7685546875
107.7266376,24.3408203125,-97.0751953125,-86.8408203125
107.7603088,22.6806640625,-97.2705078125,-87.6708984375
107.7898604,21.6552734375,-98.5888671875,-89.6240234375
107.8189647,20.7763671875,-98.7841796875,-91.4794921875
107.8499643,19.3115234375,-100.6884765625,-95.0439453125
107.8790075,17.9931640625,-102.2509765625,-99.1943359375
107.9093427,16.4794921875,-103.7158203125,-104.5166015625
107.9421651,15.7470703125,-104.2529296875,-107.8369140625
107.9678643,14.0380859375,-105.8154296875,-112.0361328125
107.9980825,14.0869140625,-106.8896484375,-115.6494140625
108.0315858,17.1630859375,-108.5009765625,-118.5791015625
108.0594115,21.8505859375,-109.9658203125,-121.2158203125
108.0919814,25.3662109375,-111.6259765625,-123.8037109375
108.1216747,28.1494140625,-112.2607421875,-124.6826171875
108.1510477,31.5673828125,-114.5068359375,-125.9033203125
108.2127908,33.3251953125,-115.2392578125,-127.3193359375
108.2137655,35.4736328125,-116.4599609375,-130.2490234375
108.2426884,36.8408203125,-117.4853515625,-133.4228515625
108.2730257,35.6689453125,-116.9970703125,-137.5244140625
108.3013684,36.0107421875,-114.3115234375,-139.5263671875
108.3298476,36.1572265625,-112.3583984375,-129.7119140625
108.3634463,35.9130859375,-109.0380859375,-91.8701171875
108.3915751,35.4248046875,-105.4736328125,-65.9912109375
108.4258742,33.9599609375,-103.0322265625,-54.4677734375
108.4708903,33.6181640625,-100.3466796875,-49.0966796875
108.4898612,32.2509765625,-97.4169921875,-47.9248046875
108.5119334,30.7373046875,-96.7822265625,-48.9501953125
108.5422238,29.3212890625,-95.9521484375,-52.3681640625
108.5769564,27.9052734375,-95.9521484375,-61.5966796875
108.620957,26.5869140625,-95.3173828125,-73.2177734375
108.6411343,24.6337890625,-94.6826171875,-80.3466796875
108.6817721,24.4873046875,-94.9755859375,-81.9091796875
108.6936927,23.2177734375,-95.6591796875,-80.9326171875
108.721851,21.7529296875,-96.5380859375,-81.8115234375
108.7564572,21.0693359375,-97.9541015625,-82.3486328125
108.7843576,19.9951171875,-98.2958984375,-85.1318359375
108.8141315,18.2373046875,-99.6142578125,-88.7451171875
108.845093,17.3583984375,-101.1767578125,-93.0419921875
108.8741156,16.2353515625,-102.4462890625,-96.7041015625
108.926529,14.8193359375,-104.3505859375,-101.4404296875
108.9458241,13.1103515625,-105.3759765625,-105.7861328125
108.9806687,12.8662109375,-107.2314453125,-108.6181640625
109.0021309,13.9892578125,-108.2568359375,-112.6708984375
109.0391198,18.8720703125,-110.1123046875,-115.3076171875
109.0607143,23.1201171875,-111.2841796875,-118.3837890625
109.1105649,26.3427734375,-112.6513671875,-120.0439453125
109.1307115,30.1025390625,-114.3603515625,-121.7529296875
109.1506203,33.5205078125,-115.9716796875,-123.2177734375
109.2035868,36.1572265625,-116.6064453125,-126.1962890625
109.204445,37.4267578125,-118.5595703125,-129.1259765625
109.2325366,37.5732421875,-118.0712890625,-133.4228515625
109.2696434,36.4990234375,-116.0205078125,-136.7431640625
109.2964323,36.9384765625,-114.4580078125,-133.6669921875
109.3303568,36.5478515625,-111.7724609375,-105.2490234375
109.3756473,36.6455078125,-108.4521484375,-70.8740234375
109.3950022,35.1318359375,-105.7666015625,-55.5908203125
109.4284588,34.5947265625,-103.4228515625,-49.1943359375
109.449273,33.8623046875,-101.5673828125,-46.5087890625
109.4955688,32.6416015625,-100.7373046875,-47.1923828125
109.5074232,30.4443359375,-100.4443359375,-50.3662109375
109.5375975,29.2724609375,-99.8583984375,-57.3974609375
109.5697338,27.9541015625,-98.4912109375,-68.7255859375
109.6149396,26.3916015625,-98.7353515625,-76.4404296875
109.6363292,25.8056640625,-99.1259765625,-80.0537109375
109.6725984,24.3408203125,-99.0771484375,-80.1513671875
109.6931141,22.3876953125,-100.3466796875,-79.9072265625
109.7363272,21.4599609375,-100.4443359375,-81.1767578125
109.756641,20.5322265625,-101.7138671875,-83.9599609375
109.797911,19.2626953125,-102.9345703125,-86.1572265625
109.8184802,18.4814453125,-103.8134765625,-90.6005859375
109.8549128,16.9189453125,-104.6435546875,-94.9462890625
109.8763951,15.3076171875,-106.3525390625,-97.9248046875
109.9132721,13.9892578125,-107.2314453125,-102.3681640625
109.9324923,12.8173828125,-108.8427734375,-106.7138671875
109.9771936,13.5009765625,-110.3076171875,-109.2529296875
109.9964552,16.6748046875,-110.9423828125,-111.9384765625
110.0326584,21.3623046875,-112.2607421875,-114.9658203125
110.053173,25.6103515625,-113.0908203125,-115.7470703125
110.0983194,28.0029296875,-114.5068359375,-116.7724609375
110.1174532,32.3486328125,-115.6298828125,-118.0419921875
110.1588276,35.4736328125,-117.9736328125,-120.9716796875
110.1798705,36.5966796875,-118.6572265625,-124.1455078125
110.2014281,37.4755859375,-119.3408203125,-128.4423828125
110.2345821,37.6220703125,-118.0224609375,-130.2001953125
110.2826139,36.8408203125,-115.2880859375,-130.3466796875
110.3027503,37.3779296875,-113.0419921875,-106.2255859375
110.3393746,36.9384765625,-110.3076171875,-71.2158203125
110.3600529,36.6943359375,-107.8173828125,-55.9814453125
110.3862639,36.2060546875,-105.5224609375,-48.9501953125
110.4147095,34.6923828125,-103.1298828125,-46.2158203125
110.4418956,33.5205078125,-102.4462890625,-46.4599609375
110.490017,31.8115234375,-102.2509765625,-49.5361328125
110.5106839,29.9560546875,-101.2744140625,-56.6162109375
110.5319198,29.5166015625,-100.7861328125,-68.2373046875
110.5795129,28.1005859375,-100.2001953125,-77.4169921875
110.6011105,26.0986328125,-100.9814453125,-80.5908203125
110.6231808,25.0732421875,-100.5908203125,-80.7373046875
110.6547244,23.9501953125,-101.7138671875,-80.9814453125
110.6838755,22.9248046875,-102.4951171875,-82.2998046875
110.7307225,21.4599609375,-102.8857421875,-84.5947265625
110.7509066,20.5322265625,-103.4716796875,-87.3291015625
110.7882673,19.6044921875,-104.9853515625,-90.6494140625
110.807379,17.7490234375,-105.8642578125,-95.1416015625
110.850302,16.6748046875,-106.5478515625,-99.5849609375
110.8704717,15.8935546875,-108.5009765625,-104.0283203125
110.9110999,15.2099609375,-109.1845703125,-108.1298828125
110.9309777,14.9169921875,-110.8935546875,-111.0595703125
110.9540162,17.0166015625,-111.3818359375,-114.0380859375
110.9880872,20.7275390625,-112.9931640625,-116.7236328125
111.03096,24.5849609375,-114.6044921875,-118.5791015625
111.0532026,27.8564453125,-115.2880859375,-119.6533203125
111.0908479,30.7861328125,-116.8505859375,-120.5810546875
111.1133294,33.4716796875,-117.3388671875,-123.0224609375
111.1557558,35.8642578125,-119.1943359375,-125.7568359375
111.1666114,36.8408203125,-119.5361328125,-129.8095703125
111.2215615,37.1826171875,-117.5341796875,-133.4228515625
111.2425089,35.8642578125,-116.4599609375,-132.9345703125
111.2564742,36.0595703125,-114.0673828125,-108.5693359375
111.3159873,36.2060546875,-110.6494140625,-73.6083984375
111.3463463,35.7666015625,-108.7939453125,-55.7861328125
111.3472054,35.2783203125,-106.0107421875,-47.7783203125
111.3964596,33.8134765625,-104.3017578125,-44.0185546875
111.4242959,32.5439453125,-102.6416015625,-43.9697265625
111.4379599,31.6162109375,-102.2021484375,-46.1669921875
111.4871504,30.2978515625,-101.3720703125,-52.0751953125
111.4985164,28.4912109375,-101.2744140625,-63.4033203125
111.5477027,27.4658203125,-100.7373046875,-73.2666015625
111.5616917,25.7568359375,-100.7861328125,-76.8798828125
111.6139721,24.7802734375,-101.1767578125,-76.2939453125
111.6354894,23.3642578125,-101.1767578125,-75.9521484375
111.650806,22.4365234375,-101.5185546875,-77.4658203125
111.6946801,21.2158203125,-102.1533203125,-79.3212890625
111.7164242,20.1904296875,-103.6669921875,-82.2509765625
111.7533719,19.4580078125,-105.2783203125,-86.5478515625
111.7734719,18.5302734375,-105.7666015625,-89.9658203125
111.802326,16.6748046875,-106.9873046875,-94.6533203125
111.8524583,15.8935546875,-107.7685546875,-98.5595703125
111.8634172,14.6728515625,-109.5751953125,-102.6123046875
111.908318,13.8916015625,-110.0634765625,-106.5185546875
111.9215674,15.6494140625,-111.4794921875,-109.0087890625
111.9766766,19.6044921875,-112.5048828125,-110.5712890625
111.9834538,24.1455078125,-113.7255859375,-112.8662109375
112.0275863,27.4658203125,-114.5068359375,-115.0146484375
112.0433681,30.4931640625,-115.6298828125,-115.6982421875
112.0735178,33.1787109375,-116.8505859375,-117.3583984375
112.1047771,36.2060546875,-118.1201171875,-120.1904296875
112.1350361,37.7685546875,-118.9990234375,-123.8037109375
112.1627683,37.4267578125,-117.7294921875,-128.0029296875
112.1955667,37.2314453125,-115.4833984375,-129.9072265625
112.2373194,37.8662109375,-112.6025390625,-115.6494140625
112.2566407,37.7685546875,-110.2587890625,-78.6376953125
112.2856909,37.9638671875,-107.0849609375,-56.2744140625
112.3142202,37.1337890625,-104.9365234375,-45.9228515625
112.3429953,36.2548828125,-101.4697265625,-39.4287109375
112.377185,34.9853515625,-99.3212890625,-37.6708984375
112.4177331,34.1552734375,-98.9306640625,-38.5986328125
112.4370305,32.5439453125,-99.2236328125,-42.8955078125
112.4648669,30.2978515625,-98.4423828125,-52.7099609375
112.4966895,28.5400390625,-97.3681640625,-63.2568359375
112.5256622,27.8564453125,-97.2705078125,-69.3115234375
112.5563776,26.6357421875,-96.7822265625,-69.8974609375
112.5875963,25.0244140625,-97.9541015625,-69.6044921875
112.6163856,23.5107421875,-98.1982421875,-70.2392578125
112.6467167,22.6318359375,-98.5888671875,-71.7529296875
112.6737609,22.5341796875,-100.2978515625,-74.2431640625
112.7062857,21.0205078125,-101.0791015625,-78.1494140625
112.7363286,19.2626953125,-102.0068359375,-80.9814453125
112.7680944,18.5791015625,-102.7880859375,-84.7412109375
112.7966993,17.3583984375,-104.3505859375,-89.1357421875
112.8271189,16.5283203125,-106.0595703125,-92.5048828125
112.858237,15.4541015625,-106.6943359375,-95.9716796875
112.8882076,15.2587890625,-108.0126953125,-98.2666015625
112.9206144,18.3837890625,-110.2099609375,-101.0986328125
112.9486817,22.8271484375,-110.6494140625,-102.8076171875
112.9784019,27.6611328125,-112.4072265625,-103.3935546875
113.0115962,31.3232421875,-114.0185546875,-104.3701171875
113.0398468,34.6435546875,-115.0927734375,-106.2255859375
113.0672035,37.8173828125,-116.6064453125,-108.4228515625
113.1017141,39.7705078125,-116.8017578125,-111.6455078125
113.1291462,40.6982421875,-116.2646484375,-114.9658203125
113.1614505,40.4052734375,-113.8720703125,-116.9189453125
113.1913634,39.7705078125,-110.6494140625,-103.3935546875
113.2193542,39.5263671875,-108.3056640625,-69.5068359375
113.2518195,40.5517578125,-105.3759765625,-49.1943359375
113.2809768,39.4287109375,-102.7880859375,-39.0380859375
113.3095344,39.0380859375,-100.4931640625,-34.0087890625
113.3435718,37.5732421875,-98.7841796875,-32.4462890625
113.3717213,36.0595703125,-98.9306640625,-32.8369140625
113.3998337,34.9853515625,-98.4912109375,-38.1103515625
113.4316549,33.9599609375,-98.1494140625,-47.8759765625
113.4593082,32.4951171875,-97.0263671875,-58.1298828125
113.4938487,31.2255859375,-97.4169921875,-62.5732421875
113.5232564,29.3212890625,-98.1005859375,-62.5732421875
113.5510562,28.0517578125,-97.7099609375,-63.2080078125
113.5993211,27.1728515625,-98.9306640625,-64.5263671875
113.6207661,25.9521484375,-99.3212890625,-65.8447265625
113.6612446,25.2197265625,-99.9560546875,-69.0673828125
113.6746551,23.9013671875,-101.5673828125,-72.5830078125
113.7038569,22.8271484375,-102.4462890625,-76.6845703125
113.7390835,21.8017578125,-102.8857421875,-80.5419921875
113.7807955,20.4345703125,-104.3505859375,-85.1806640625
113.8023121,19.8974609375,-105.9619140625,-87.7685546875
113.8390129,18.7744140625,-107.0361328125,-92.0166015625
113.8593688,17.7001953125,-109.0380859375,-94.5068359375
113.8989467,21.2646484375,-110.0634765625,-97.0458984375
113.9192034,25.8056640625,-111.8212890625,-98.5595703125
113.9615571,29.5166015625,-112.4072265625,-98.8037109375
113.9809897,33.2275390625,-114.1650390625,-101.0986328125
114.035704,36.4990234375,-115.2880859375,-104.1259765625
114.0365518,39.5263671875,-116.4111328125,-107.4951171875
114.0627033,41.8212890625,-115.8740234375,-111.4990234375
114.1110892,43.3349609375,-113.7744140625,-114.6240234375
114.13156,42.5537109375,-111.1376953125,-110.7177734375
114.1729724,42.3583984375,-108.5986328125,-81.2744140625
114.1947118,41.8701171875,-105.1806640625,-53.3447265625
114.2142283,41.3818359375,-102.0068359375,-40.0146484375
114.2463582,41.4794921875,-100.0048828125,-33.4716796875
114.2942487,41.1865234375,-97.2216796875,-29.6142578125
114.3133883,39.2333984375,-96.0498046875,-30.4931640625
114.3494898,38.6962890625,-95.2197265625,-32.8857421875
114.3709179,36.7919921875,-93.6083984375,-40.6982421875
114.4156204,36.0595703125,-93.8037109375,-51.4404296875
114.4274257,34.1552734375,-93.4130859375,-58.1298828125
114.4710594,33.3251953125,-93.2666015625,-61.0595703125
114.4913967,31.9091796875,-93.5595703125,-61.0595703125
114.5342088,30.5908203125,-93.6572265625,-62.1337890625
114.5553847,29.4677734375,-94.4873046875,-63.6474609375
114.594438,27.7587890625,-95.2685546875,-66.3330078125
114.6091202,26.5869140625,-96.5869140625,-69.1650390625
114.6530331,25.6591796875,-98.2470703125,-72.8271484375
114.6736777,24.1943359375,-99.1259765625,-76.9775390625
114.7140567,23.5595703125,-100.2978515625,-81.0791015625
114.7355013,21.4599609375,-101.8603515625,-85.8154296875
114.7763256,20.1904296875,-103.2763671875,-89.2333984375
114.7953533,19.3115234375,-104.5947265625,-92.4072265625
114.834189,19.4091796875,-105.5712890625,-94.6044921875
114.8543561,23.4130859375,-107.3291015625,-95.9716796875
114.8916026,27.4169921875,-109.2333984375,-97.2900390625
114.9106654,31.0791015625,-110.8935546875,-98.9990234375
114.955217,34.6923828125,-111.4794921875,-100.9033203125
114.9755905,37.8662109375,-112.4072265625,-104.3701171875
115.0128108,40.4052734375,-113.6767578125,-107.8857421875
115.0331937,41.5771484375,-111.8701171875,-110.8642578125
115.0718454,43.0419921875,-109.6728515625,-111.4501953125
115.0935637,42.2119140625,-106.4013671875,-90.5029296875
115.136573,41.9677734375,-103.1298828125,-56.1767578125
115.1570795,42.2607421875,-100.6396484375,-39.4775390625
115.193537,41.4794921875,-96.7822265625,-30.6884765625
115.2155158,40.8935546875,-94.8779296875,-25.4638671875
115.2547662,39.9169921875,-92.9248046875,-23.8525390625
115.2757468,38.1103515625,-92.1923828125,-24.7314453125
115.3263373,37.1826171875,-92.0458984375,-30.1025390625
115.3466183,35.9619140625,-91.8017578125,-39.1357421875
115.364893,34.2529296875,-91.2646484375,-48.6572265625
115.4073102,33.4716796875,-91.0205078125,-53.1005859375
115.4275983,31.6162109375,-91.5087890625,-53.4423828125
115.4642214,31.2255859375,-91.9970703125,-53.3447265625
115.4842515,29.0283203125,-92.9248046875,-54.7119140625
115.528614,28.0029296875,-94.3408203125,-57.2998046875
115.5484362,26.7333984375,-95.4638671875,-60.6201171875
115.5867904,25.1220703125,-96.8310546875,-63.6962890625
115.6081682,24.6337890625,-98.1982421875,-68.1396484375
115.6495019,22.8271484375,-99.3701171875,-72.0458984375
115.669653,21.9482421875,-100.9326171875,-75.8544921875
115.718021,20.5810546875,-101.9580078125,-79.3701171875
115.7383661,19.5556640625,-104.3505859375,-82.6416015625
115.7545057,18.8720703125,-106.0107421875,-84.8876953125
115.7859483,21.5576171875,-106.7919921875,-86.4013671875
115.8293879,25.4150390625,-108.5986328125,-87.7685546875
115.8496322,29.7119140625,-110.0146484375,-88.3544921875
115.8899487,33.7158203125,-110.8447265625,-90.3076171875
115.9089253,37.3779296875,-112.7490234375,-93.2861328125
115.9519218,40.3076171875,-113.9697265625,-96.5087890625
115.9727477,43.3837890625,-113.0908203125,-99.8779296875
116.0113168,44.8486328125,-110.2099609375,-101.9775390625
116.0315041,44.4091796875,-107.6708984375,-90.8447265625
116.0754175,43.7255859375,-105.1806640625,-57.5927734375
116.0957791,44.1162109375,-102.5439453125,-37.8173828125
116.1388989,43.9697265625,-99.1748046875,-26.7822265625
116.1598017,43.5791015625,-96.3916015625,-21.4111328125
116.1767862,43.0908203125,-93.7060546875,-18.5791015625
116.2199238,42.3583984375,-93.5595703125,-19.1650390625
116.2401472,40.9912109375,-93.1689453125,-22.1435546875
116.2825005,39.7216796875,-91.7041015625,-30.2001953125
116.3028081,38.1103515625,-92.2412109375,-39.7216796875
116.3417876,35.9619140625,-93.1201171875,-44.2626953125
116.3759806,34.5458984375,-92.3388671875,-45.1904296875
116.3888623,33.0810546875,-94.4384765625,-45.1416015625
116.4320684,32.1044921875,-95.3662109375,-46.5576171875
116.4521423,30.6884765625,-96.1474609375,-48.0712890625
116.4897347,29.5654296875,-97.1240234375,-51.2939453125
116.508818,28.2470703125,-98.2470703125,-54.6142578125
116.5534241,27.5146484375,-100.0048828125,-57.6904296875
116.5735257,26.2939453125,-101.4697265625,-61.7431640625
116.6131022,24.5849609375,-102.4462890625,-65.6494140625
116.6337088,22.8759765625,-103.7158203125,-69.7509765625
116.6701445,22.0458984375,-105.5712890625,-73.0712890625
116.6904187,21.4111328125,-106.7431640625,-76.2451171875
116.7332698,21.2158203125,-108.3544921875,-77.4658203125
116.7547909,25.3662109375,-110.2587890625,-79.1748046875
116.7947278,29.6630859375,-111.6748046875,-80.1513671875
116.8148633,34.0087890625,-112.7978515625,-82.3486328125
116.8398593,37.1826171875,-114.0185546875,-86.2060546875
116.8834303,40.1611328125,-114.5068359375,-89.1845703125
116.9014232,43.8720703125,-113.9697265625,-92.9443359375
116.9528422,45.3369140625,-111.3330078125,-95.8740234375
116.9607521,46.5087890625,-108.1103515625,-84.3017578125
116.9913697,45.2880859375,-105.8154296875,-52.6123046875
117.0259664,44.7021484375,-102.9345703125,-32.3974609375
117.064258,44.9462890625,-99.6142578125,-22.1923828125
117.0818753,45.0439453125,-98.1005859375,-16.8701171875
117.1132625,45.2392578125,-95.1708984375,-14.5751953125
117.1526857,43.9697265625,-94.6826171875,-15.1123046875
117.1729593,42.0166015625,-95.0732421875,-19.1650390625
117.2164454,40.9423828125,-93.9013671875,-28.1982421875
117.2333517,39.2333984375,-93.9013671875,-37.6220703125
117.2653285,38.0126953125,-93.6572265625,-43.1396484375
117.3063786,36.3037109375,-93.2177734375,-44.2138671875
117.3243149,34.5947265625,-94.2431640625,-43.9208984375
117.355673,33.6181640625,-95.3173828125,-45.0927734375
117.3963011,32.2021484375,-96.0498046875,-46.7041015625
117.4128327,30.7373046875,-96.0498046875,-50.0732421875
117.44679,30.2490234375,-98.4423828125,-54.6630859375
117.4748606,28.2958984375,-99.3701171875,-58.9111328125
117.5078504,26.6845703125,-100.2001953125,-63.6474609375
117.5353627,25.4638671875,-102.2509765625,-67.1630859375
117.5639745,23.9013671875,-102.5927734375,-70.2880859375
117.5971121,22.6806640625,-103.8623046875,-73.9990234375
117.6275993,21.4599609375,-105.9619140625,-77.0751953125
117.6583809,21.0693359375,-106.8408203125,-78.4912109375
117.6863398,24.7802734375,-108.7451171875,-80.5419921875
117.7163636,28.8330078125,-109.7705078125,-82.1044921875
117.7445824,33.0322265625,-111.8212890625,-83.2275390625
117.7773729,36.1572265625,-112.5537109375,-85.4736328125
117.8051705,40.2099609375,-113.5791015625,-88.7939453125
117.8387424,42.7001953125,-113.4814453125,-93.1884765625
117.8677644,44.5068359375,-111.0400390625,-95.6787109375
117.8966318,45.0439453125,-107.8173828125,-88.5498046875
117.9294708,44.7021484375,-105.3759765625,-56.5673828125
117.9572723,43.5302734375,-102.2509765625,-32.6904296875
117.9899212,43.3349609375,-99.8095703125,-20.4833984375
118.0191509,43.9208984375,-96.0498046875,-13.1591796875
118.0482659,42.9931640625,-93.9990234375,-10.0830078125
118.0778312,41.9677734375,-92.9736328125,-9.0087890625
118.1080788,40.0146484375,-92.5341796875,-11.4013671875
118.1379058,38.5498046875,-91.6552734375,-18.9208984375
118.1704134,36.8408203125,-90.8740234375,-29.5654296875
118.1982596,35.6689453125,-90.5810546875,-35.5712890625
118.2278669,33.8623046875,-90.9716796875,-36.9873046875
118.2784616,32.1533203125,-91.6552734375,-37.2802734375
118.2997506,30.9326171875,-92.3876953125,-38.9404296875
118.3215874,29.7607421875,-93.0224609375,-40.6982421875
118.3499883,28.4912109375,-94.1943359375,-43.0908203125
118.3804443,26.7333984375,-96.0498046875,-46.5087890625
118.4122607,25.8056640625,-96.0498046875,-51.1474609375
118.4574591,24.9267578125,-98.2470703125,-55.6396484375
118.4788723,23.0712890625,-99.2724609375,-59.1064453125
118.5024658,22.4853515625,-99.8583984375,-62.3291015625
118.5307084,20.9716796875,-101.7138671875,-65.3564453125
118.563776,19.0185546875,-103.5693359375,-68.2861328125
118.5917712,18.2861328125,-104.4482421875,-70.1416015625
118.6203928,20.6298828125,-106.7919921875,-72.0947265625
118.6718927,24.5361328125,-108.3544921875,-73.7548828125
118.7011421,29.3701171875,-110.0634765625,-75.1220703125
118.7090577,32.9833984375,-111.2841796875,-77.3193359375
118.7591374,37.1826171875,-112.7978515625,-79.7607421875
118.7721666,40.0634765625,-113.4814453125,-83.6181640625
118.8178049,42.6025390625,-113.0908203125,-87.1337890625
118.837076,44.7509765625,-109.9169921875,-88.6474609375
118.8814361,44.5556640625,-106.4013671875,-78.0517578125
118.901951,43.1884765625,-104.7412109375,-45.7275390625
118.9404026,43.1884765625,-101.2744140625,-23.9501953125
118.9605846,43.4814453125,-98.7841796875,-12.2314453125
118.9971631,42.8955078125,-95.3173828125,-5.1513671875
119.0187027,42.4072265625,-92.7783203125,-2.1240234375
119.0610862,41.3818359375,-92.6318359375,-2.1240234375
119.07503,40.0634765625,-92.9248046875,-4.7119140625
119.120537,38.5009765625,-91.8994140625,-12.8173828125
119.1408527,36.8408203125,-92.0947265625,-23.2177734375
119.1770193,34.7900390625,-91.8017578125,-28.7353515625
119.1985993,33.0810546875,-92.4365234375,-28.8330078125
119.241114,32.2998046875,-92.7783203125,-28.8818359375
119.2603097,31.2744140625,-93.7548828125,-29.7607421875
119.2968527,29.0283203125,-94.1943359375,-31.5673828125
119.3182814,27.9052734375,-95.7080078125,-34.3505859375
119.3606249,26.5869140625,-97.6123046875,-38.5009765625
119.3807328,25.9521484375,-99.4677734375,-41.9677734375
119.4233396,24.9267578125,-100.1513671875,-45.6298828125
119.4444847,23.3642578125,-102.2021484375,-50.0244140625
119.4811592,22.3388671875,-103.0810546875,-53.3935546875
119.5018972,20.6787109375,-104.8876953125,-56.8603515625
119.5475174,19.6044921875,-106.5478515625,-59.7900390625
119.5790871,19.5556640625,-108.0126953125,-61.4990234375
119.5856212,20.8251953125,-109.1357421875,-64.4775390625
119.6158916,25.4638671875,-110.7958984375,-65.3564453125
119.6499462,30.1513671875,-112.5537109375,-66.7724609375
119.6889091,33.7158203125,-113.5302734375,-69.2138671875
119.710289,36.6943359375,-114.7998046875,-72.3876953125
119.7547167,40.4541015625,-115.7763671875,-75.9521484375
119.7748215,43.1884765625,-115.6298828125,-78.9306640625
119.8120885,44.7998046875,-113.4326171875,-81.0791015625
119.8321703,44.9462890625,-110.2099609375,-70.8251953125
119.8719566,43.4326171875,-107.8173828125,-38.9404296875
119.8911004,43.6767578125,-106.0595703125,-18.4326171875
119.9318209,43.7744140625,-103.0810546875,-7.2509765625
119.9510297,43.3349609375,-100.7861328125,-1.7822265625
119.990189,42.3095703125,-99.8095703125,1.0986328125
120.011599,41.3330078125,-98.4912109375,0.8056640625
120.0501393,40.0146484375,-98.4912109375,-2.1240234375
