Timestamp,PPG_Forehead,PPG_Earlobe,PPG_Finger
0.00278890000000009,0.185546875,0.185546875,0.185546875
0.00377640000000001,0.185546875,0.185546875,0.185546875
0.00476359999999998,0.185546875,0.185546875,0.185546875
0.00559490000000018,0.185546875,0.185546875,0.185546875
0.00639250000000002,0.185546875,0.185546875,0.185546875
0.00719659999999989,0.185546875,0.185546875,0.185546875
0.00763550000000013,92.4169921875,86.2646484375,82.8466796875
0.00813869999999994,-123.8232421875,52.1826171875,-3.2666015625
0.00853020000000004,-124.4091796875,51.5966796875,-8.4423828125
0.00890749999999985,-125.3857421875,51.4013671875,-14.4482421875
0.00930639999999983,-126.7529296875,49.5947265625,-20.6494140625
0.00970339999999981,-126.8994140625,48.7158203125,-26.3623046875
0.0100758000000001,-127.6806640625,47.9833984375,-31.9287109375
0.0104536999999998,-128.3642578125,47.0556640625,-37.3486328125
0.0108183999999998,-128.7548828125,45.0048828125,-41.5478515625
0.0112665999999999,-129.0478515625,44.1259765625,-46.1376953125
0.0116185,-129.3408203125,42.9052734375,-49.9951171875
0.0119665000000002,-129.9267578125,41.6845703125,-53.9501953125
0.0123180000000001,-131.1962890625,39.5849609375,-58.9306640625
0.0126605,-131.8310546875,39.1943359375,-63.3740234375
0.0130002999999999,-131.7822265625,38.2177734375,-67.6220703125
0.0133478,-131.1962890625,38.3642578125,-61.6162109375
0.0136910000000001,-127.2412109375,40.6103515625,-38.3251953125
0.0140340999999999,-123.6767578125,42.4658203125,-8.6865234375
0.0144818,-122.3095703125,44.3701171875,9.3798828125
0.0148302999999999,-121.6259765625,45.3466796875,16.0205078125
0.0152551000000001,-120.1611328125,46.8115234375,16.0693359375
0.0156893999999999,-120.0146484375,47.7392578125,15.4345703125
0.0163009999999999,-120.0634765625,49.0087890625,12.4560546875
0.0166038999999998,-121.2841796875,49.1064453125,7.5244140625
0.0169647999999998,-121.4794921875,49.2529296875,3.4228515625
0.0173629000000002,-121.6259765625,49.7412109375,1.9580078125
0.0176642999999999,-121.8701171875,49.0576171875,0.9326171875
0.0179659999999999,-122.9931640625,49.3017578125,-1.5087890625
0.0182739000000001,-123.0908203125,48.7646484375,-3.9013671875
0.0185664999999999,-123.6767578125,48.2763671875,-8.5400390625
0.0188579,-124.9462890625,47.2509765625,-15.1318359375
0.0191588999999999,-125.6787109375,46.4208984375,-20.8447265625
0.0194573999999998,-126.6064453125,45.1513671875,-28.0224609375
0.0197478000000002,-127.0458984375,43.9794921875,-33.9794921875
0.0200456,-128.4130859375,43.4912109375,-39.2529296875
0.0204860999999998,-128.9013671875,41.8798828125,-44.1357421875
0.0207837999999998,-129.1455078125,41.2939453125,-48.6279296875
0.0210745999999999,-130.0244140625,39.7314453125,-52.6318359375
0.0213703000000001,-129.7802734375,38.4619140625,-56.8310546875
0.0216644000000001,-131.0009765625,37.4365234375,-60.2978515625
0.0219548999999999,-131.5869140625,35.7275390625,-64.7412109375
0.0222525999999998,-132.0263671875,34.2138671875,-70.2099609375
0.0225472,-133.1005859375,32.5537109375,-74.8486328125
0.0228470999999999,-132.9052734375,32.7490234375,-75.7763671875
0.0231400000000002,-130.7568359375,34.7021484375,-59.4189453125
0.0235403000000001,-126.8994140625,36.2158203125,-31.1474609375
0.0238369000000001,-124.0673828125,37.0947265625,-5.4150390625
0.0241305000000001,-123.0908203125,38.7060546875,4.6923828125
0.0244301,-122.3583984375,40.1708984375,7.7197265625
0.0247275,-121.6748046875,41.9775390625,5.7666015625
0.0250195,-121.5771484375,42.3681640625,3.8134765625
0.0253103000000001,-122.0166015625,42.8564453125,-0.5810546875
0.0256102999999999,-122.3583984375,43.6865234375,-4.5361328125
0.0259062999999999,-122.9443359375,43.2470703125,-7.4169921875
0.0261995000000002,-122.7978515625,43.2470703125,-8.8818359375
0.0265678999999999,-123.2861328125,43.0029296875,-9.5654296875
0.0268913999999998,-123.6279296875,43.2470703125,-10.8349609375
0.0271827999999998,-124.3603515625,42.8076171875,-14.6435546875
0.0274782,-125.5810546875,42.1240234375,-19.7705078125
0.0277739000000001,-126.1669921875,42.3193359375,-25.3369140625
0.0280694000000001,-126.7529296875,40.5126953125,-31.7822265625
0.0283603000000001,-128.2177734375,40.3662109375,-37.3974609375
0.0286629999999999,-128.0712890625,38.5107421875,-42.7197265625
0.0289541,-128.9501953125,37.5830078125,-47.8955078125
0.0292447,-129.2919921875,36.8994140625,-51.5087890625
0.0295423000000001,-129.8291015625,35.9716796875,-56.1962890625
0.0299464,-130.4150390625,34.6533203125,-58.6865234375
0.0302419999999999,-131.0986328125,32.8955078125,-63.1787109375
0.0305409000000001,-131.7333984375,32.1630859375,-67.1826171875
0.0308443,-132.4658203125,30.3564453125,-71.6748046875
0.0311373000000001,-133.0517578125,29.7705078125,-75.6298828125
0.0314323999999999,-133.0029296875,30.1611328125,-74.2138671875
0.0317318000000002,-131.2451171875,32.5537109375,-54.4384765625
0.0320594000000001,-126.8994140625,33.4326171875,-28.4619140625
0.0324665,-124.9951171875,34.5068359375,-8.8330078125
0.0328685000000002,-124.1162109375,35.6787109375,-1.9970703125
0.0332384999999999,-123.6279296875,36.3134765625,-2.0947265625
0.0335309000000001,-123.2861328125,36.9970703125,-4.7802734375
0.0338425999999998,-124.0185546875,36.7529296875,-9.5166015625
0.0341494999999998,-124.7998046875,37.5830078125,-15.0341796875
0.0344633999999999,-124.8974609375,37.7294921875,-18.6962890625
0.0347754,-124.6044921875,37.0947265625,-18.5009765625
0.0350774999999999,-124.8486328125,36.2646484375,-18.5009765625
0.0353691,-125.2880859375,36.4599609375,-19.1845703125
0.0356755,-125.4345703125,36.6064453125,-22.1630859375
0.0359712000000001,-126.0205078125,36.5087890625,-26.5576171875
0.0363970999999998,-127.0458984375,36.0205078125,-31.4892578125
0.0366939999999998,-127.9248046875,34.7509765625,-37.1533203125
0.0369885999999999,-128.1689453125,33.4326171875,-43.0126953125
0.0373084000000001,-128.9013671875,33.0908203125,-48.0419921875
0.0376227999999998,-129.1943359375,31.3330078125,-53.0712890625
0.0379231999999998,-129.8779296875,30.3564453125,-56.6357421875
0.0382397999999999,-130.2197265625,29.3798828125,-60.2978515625
0.0385414000000002,-130.8056640625,28.5498046875,-63.7158203125
0.0388324,-131.0986328125,27.4755859375,-67.5732421875
0.0391268999999999,-132.2216796875,25.7177734375,-71.8701171875
0.0395083999999999,-132.3681640625,24.4482421875,-76.2158203125
0.0398018000000002,-132.9541015625,25.0341796875,-75.8251953125
0.0400942,-131.4404296875,26.6943359375,-60.2001953125
0.0403913999999999,-128.0224609375,29.0380859375,-34.5166015625
0.0406849,-124.8486328125,29.4775390625,-10.9326171875
0.0409836000000001,-123.6767578125,30.6005859375,-1.8505859375
0.0412737999999999,-123.1396484375,30.6005859375,-0.8740234375
0.0415779000000001,-123.0908203125,31.6748046875,-2.1435546875
0.0418707,-122.4560546875,32.4072265625,-7.3193359375
0.0421623000000002,-124.0185546875,32.9931640625,-13.6181640625
0.0425309999999999,-124.2138671875,32.7001953125,-16.8896484375
0.0428399000000002,-124.0673828125,33.0419921875,-18.5986328125
0.0431339999999998,-124.5068359375,33.3349609375,-17.9638671875
0.0434302999999998,-123.9208984375,32.4560546875,-19.1845703125
0.0437294000000001,-124.3115234375,32.3583984375,-20.7470703125
0.0440277999999998,-124.8974609375,31.8701171875,-24.9951171875
0.0443193000000002,-125.8740234375,31.1865234375,-29.9755859375
0.0446200999999999,-126.9970703125,31.5283203125,-35.8837890625
0.0449174999999999,-127.4365234375,29.3798828125,-41.1572265625
0.0452113000000001,-128.0712890625,29.0869140625,-46.9677734375
0.0455236000000001,-128.4619140625,27.5244140625,-51.9970703125
0.0458911,-129.1455078125,26.7919921875,-56.2451171875
0.0461974000000001,-129.6337890625,26.0595703125,-60.0048828125
0.0464992,-130.3662109375,24.5947265625,-62.8369140625
0.0468003000000001,-130.6591796875,23.1787109375,-66.4990234375
0.0470969999999999,-131.3427734375,21.6162109375,-70.6005859375
0.0474039999999998,-131.7333984375,20.3955078125,-75.0927734375
0.0476966000000001,-132.5634765625,19.7607421875,-78.4619140625
0.0479847000000002,-132.3681640625,20.8349609375,-73.1396484375
0.0483633000000001,-130.0732421875,23.5693359375,-49.7509765625
0.0487031999999998,-126.6064453125,24.8876953125,-20.6494140625
0.0490083000000001,-124.1650390625,26.2548828125,-0.0927734375
0.0493035000000002,-122.7978515625,27.3291015625,6.7431640625
0.0495931999999999,-121.5771484375,28.5986328125,7.5732421875
0.0498820000000002,-121.5771484375,30.0146484375,5.3759765625
0.0501708000000001,-121.1865234375,30.1123046875,1.6650390625
0.0504671000000001,-122.1142578125,30.7470703125,-2.3876953125
0.0507607999999999,-122.3095703125,31.1865234375,-5.4638671875
0.0510565999999999,-122.5048828125,30.7958984375,-7.1728515625
0.0514168000000002,-122.7978515625,31.8212890625,-7.3193359375
0.0517194000000001,-122.5537109375,30.4052734375,-8.1494140625
0.0520082999999998,-122.9443359375,30.8935546875,-11.2255859375
0.0522955000000001,-124.0185546875,30.5517578125,-15.4248046875
0.0525913999999998,-124.6533203125,30.0146484375,-21.3330078125
0.0528846000000001,-125.3369140625,29.1357421875,-26.9482421875
0.0531774,-126.0693359375,28.3544921875,-33.0029296875
0.0534816999999999,-126.6064453125,27.0849609375,-38.3740234375
0.0537728,-127.3388671875,26.2060546875,-43.7939453125
0.0540633000000001,-128.1201171875,25.6201171875,-48.4326171875
0.0543594000000001,-128.8037109375,24.5947265625,-52.4365234375
0.0546983999999999,-128.8525390625,23.1298828125,-55.8056640625
0.0549900000000001,-129.4873046875,21.9580078125,-59.6630859375
0.0552858000000001,-130.0732421875,20.7861328125,-62.9833984375
0.0555829999999999,-130.4638671875,19.2236328125,-68.1103515625
0.0558725,-131.0498046875,18.1982421875,-72.3583984375
0.0561634999999998,-131.4404296875,18.1982421875,-73.5791015625
0.0564657,-131.5380859375,20.5419921875,-57.2705078125
0.0567742999999998,-127.3876953125,22.5927734375,-27.4853515625
0.0570637000000001,-124.5556640625,23.1787109375,-1.0693359375
0.0573522,-122.3095703125,24.7412109375,10.6982421875
0.0576911999999998,-121.3818359375,25.7666015625,13.0419921875
0.0579858999999998,-120.7470703125,26.7431640625,11.8212890625
0.0582788000000001,-120.4541015625,27.6708984375,9.5263671875
0.0585779,-120.7470703125,28.1103515625,5.3759765625
0.0588722000000002,-121.0888671875,28.1591796875,1.1767578125
0.0591672000000001,-121.2841796875,28.2080078125,-1.4599609375
0.0594641999999999,-121.9677734375,28.3544921875,-1.9482421875
0.0597528000000001,-121.8212890625,28.5986328125,-2.7783203125
0.0600407999999999,-122.3583984375,28.0615234375,-4.7802734375
0.0603324000000001,-123.0419921875,28.3056640625,-8.8330078125
0.0606716999999999,-123.3837890625,27.7197265625,-13.8623046875
0.0609625,-124.3603515625,27.7685546875,-19.8681640625
0.0612541000000002,-125.8740234375,26.9873046875,-25.8740234375
0.0615465999999998,-125.8740234375,24.8388671875,-31.6357421875
0.0618341999999998,-126.9482421875,24.3505859375,-37.3486328125
0.062125,-127.2900390625,23.6669921875,-42.3779296875
0.0624142999999999,-127.6806640625,23.4716796875,-46.3818359375
0.0627124000000001,-128.2177734375,22.0556640625,-50.1904296875
0.0630025000000001,-129.2431640625,20.9326171875,-53.7548828125
0.0633081999999998,-130.0244140625,19.6142578125,-57.5634765625
0.0636679,-130.0732421875,18.4912109375,-62.1044921875
0.0701326,-130.8056640625,17.4658203125,-66.1083984375
0.1086225,-131.8310546875,16.9287109375,-69.0869140625
0.1310746,-131.9775390625,18.0029296875,-58.8330078125
0.1711272,-130.2685546875,20.2978515625,-33.4912109375
0.1918665,-126.5576171875,21.6162109375,-6.7333984375
0.2279093,-124.0185546875,22.5439453125,7.2314453125
0.25489,-123.0419921875,23.8623046875,10.8935546875
0.29328,-122.6025390625,24.6435546875,9.2333984375
0.3146254,-122.4072265625,25.1318359375,5.6689453125
0.3517541,-122.7001953125,25.5224609375,-0.3369140625
0.3719399,-123.4814453125,26.0107421875,-5.0732421875
0.4088224,-123.7255859375,25.8154296875,-7.1728515625
0.4354975,-123.3837890625,26.2060546875,-7.1728515625
0.4726979,-123.3349609375,25.6689453125,-7.3193359375
0.4919162,-123.8720703125,25.9130859375,-8.4423828125
0.5313982,-124.6533203125,24.9853515625,-12.2509765625
0.5520633,-125.5322265625,24.3505859375,-16.8896484375
0.589687,-125.7275390625,23.9111328125,-21.6259765625
0.6132127,-126.2158203125,22.8857421875,-27.1435546875
0.6625264,-127.2412109375,22.0556640625,-32.2216796875
0.6929536,-128.1689453125,21.2255859375,-37.4951171875
0.7039837,-128.3642578125,19.8583984375,-42.3291015625
0.7399934,-129.0966796875,19.4189453125,-45.6982421875
0.767129,-129.2919921875,18.1982421875,-49.1650390625
0.8032306,-129.3896484375,17.2216796875,-52.7294921875
0.8233236,-129.9267578125,15.7568359375,-56.4892578125
0.8666315,-131.0009765625,15.6103515625,-60.0048828125
0.8867173,-131.0498046875,15.0732421875,-62.1044921875
0.9253625,-131.3916015625,15.7568359375,-48.9208984375
0.9464808,-129.4873046875,17.7099609375,-24.3603515625
0.9860186,-126.1181640625,18.6865234375,-0.7763671875
1.0044523,-123.5302734375,19.3701171875,10.2587890625
1.0438739,-123.0908203125,20.5419921875,10.9912109375
1.0639051,-122.1630859375,20.8837890625,8.5009765625
1.1052869,-122.4072265625,21.5673828125,3.7158203125
1.1256761,-122.6025390625,21.2255859375,-2.4853515625
1.1638886,-123.2861328125,21.2255859375,-6.7822265625
1.1868237,-123.4326171875,21.6650390625,-8.6376953125
1.2233754,-123.1396484375,21.5673828125,-8.1005859375
1.2473852,-123.4326171875,21.5673828125,-8.4423828125
1.2864283,-123.0419921875,20.7861328125,-10.4931640625
1.3090047,-123.9208984375,20.6884765625,-14.5947265625
1.3478027,-124.5068359375,20.2490234375,-19.8193359375
1.3686881,-125.3857421875,19.7607421875,-24.8486328125
1.4071944,-126.0205078125,19.3212890625,-30.4638671875
1.4297138,-126.9482421875,17.4169921875,-35.2001953125
1.4588931,-127.1435546875,16.6357421875,-40.3759765625
1.5061228,-127.4853515625,15.9033203125,-44.1845703125
1.5282077,-128.4619140625,14.7314453125,-47.5537109375
1.5499814,-128.6083984375,13.6083984375,-51.2646484375
1.5823232,-129.2919921875,12.9736328125,-55.6103515625
1.6094658,-129.4873046875,11.0693359375,-59.1259765625
1.6463574,-130.1708984375,12.0947265625,-59.6630859375
1.6728748,-130.9521484375,13.8037109375,-45.5029296875
1.7020316,-128.6572265625,15.3662109375,-18.2080078125
1.7300913,-124.9951171875,16.8310546875,6.8896484375
1.7668527,-122.0654296875,18.1982421875,17.4365234375
1.7914204,-120.8935546875,18.9306640625,19.6826171875
1.8183016,-120.4541015625,20.4931640625,18.2177734375
1.8527003,-120.3076171875,21.1767578125,14.3603515625
1.8788104,-119.7705078125,21.1767578125,9.9658203125
1.9155908,-121.3330078125,21.5185546875,5.7666015625
1.9418279,-121.0400390625,21.7138671875,4.0087890625
1.9716762,-120.9912109375,21.6650390625,4.0087890625
2.0034393,-121.3330078125,21.9580078125,3.2275390625
2.0314274,-121.0400390625,22.0556640625,1.2744140625
2.0680854,-121.0888671875,21.7138671875,-2.8271484375
2.0944208,-122.4560546875,21.0791015625,-7.6123046875
2.1416367,-123.0908203125,20.7861328125,-13.0810546875
2.1512476,-123.7744140625,21.0302734375,-19.2822265625
2.1842561,-124.4091796875,19.3701171875,-24.7509765625
2.2296953,-124.9462890625,18.2470703125,-29.5361328125
2.2497415,-125.2392578125,17.7587890625,-34.2724609375
2.2745946,-126.0205078125,16.4892578125,-38.0322265625
2.3201454,-126.5576171875,15.2685546875,-41.4501953125
2.3460739,-127.1923828125,14.2431640625,-45.9423828125
2.3641345,-127.6806640625,13.4619140625,-49.8974609375
2.3936502,-128.5595703125,12.9248046875,-53.7060546875
2.4413894,-129.2431640625,13.2177734375,-48.8232421875
2.461595,-128.6572265625,15.6103515625,-26.3623046875
2.4815441,-125.2392578125,17.7587890625,4.3017578125
2.5338116,-122.2119140625,19.3212890625,22.6123046875
2.5437789,-119.4775390625,20.1513671875,29.4482421875
2.5940536,-118.6962890625,22.0068359375,29.8388671875
2.6144255,-117.7197265625,22.8857421875,29.1064453125
2.6515145,-117.5732421875,23.8134765625,26.6650390625
2.664815,-117.8173828125,24.2529296875,21.3916015625
2.7200387,-118.3056640625,24.8876953125,18.7060546875
2.7401074,-118.3544921875,24.6435546875,16.6064453125
2.7527188,-118.5498046875,25.0341796875,15.7763671875
2.8012206,-118.7939453125,24.3505859375,14.8486328125
2.8219413,-118.5498046875,24.3017578125,11.6259765625
2.8616994,-119.1357421875,23.3251953125,6.0595703125
2.8934719,-120.5029296875,22.8857421875,0.3955078125
2.9063442,-121.1376953125,22.3974609375,-6.0986328125
2.9509146,-122.0654296875,21.4697265625,-12.2509765625
2.9710564,-122.3583984375,20.7861328125,-17.7197265625
3.0061231,-123.5791015625,19.5166015625,-22.7001953125
3.027537,-124.0185546875,18.5400390625,-28.1201171875
3.0717182,-124.8974609375,17.9541015625,-31.4404296875
3.0920556,-125.2880859375,16.7333984375,-35.6396484375
3.1296964,-125.9228515625,15.4150390625,-39.6923828125
3.1498695,-126.3623046875,14.0478515625,-44.3310546875
3.1919159,-126.6552734375,12.7294921875,-48.2861328125
3.2114277,-127.6806640625,13.4130859375,-48.7255859375
3.2494359,-127.4853515625,15.5615234375,-32.4658203125
3.2701688,-126.3134765625,17.9052734375,-1.7041015625
3.3114714,-122.1630859375,19.4189453125,22.1728515625
3.3330998,-119.2333984375,19.9560546875,31.2548828125
3.3699989,-116.9873046875,21.6162109375,33.1591796875
3.3902466,-116.7919921875,23.3251953125,32.4755859375
3.4341916,-115.9130859375,23.7158203125,30.7177734375
3.4532016,-115.2294921875,23.4716796875,26.7138671875
3.4891871,-116.0107421875,23.9599609375,22.1240234375
3.5103279,-116.8896484375,24.2529296875,19.4873046875
3.5511156,-117.3779296875,24.4482421875,18.6083984375
3.5725304,-117.4267578125,24.6923828125,17.3388671875
3.6101119,-117.2314453125,24.0087890625,14.9951171875
3.6324727,-118.5009765625,24.4482421875,10.3564453125
3.6730155,-118.6474609375,23.1787109375,5.3271484375
3.6939238,-120.0634765625,22.7392578125,-0.8740234375
3.7306967,-120.2587890625,21.6650390625,-6.9775390625
3.7519023,-121.3330078125,21.3720703125,-12.2998046875
3.7882362,-122.3583984375,19.8583984375,-17.9150390625
3.8083216,-122.9931640625,19.5166015625,-23.2373046875
3.849303,-123.3349609375,19.1259765625,-27.2412109375
3.8706642,-124.5556640625,17.3681640625,-30.8544921875
3.9126966,-125.2880859375,16.2451171875,-34.6142578125
3.9340855,-125.8740234375,14.6337890625,-38.6181640625
3.973695,-126.4599609375,13.2666015625,-43.2568359375
3.9938232,-126.6064453125,11.9970703125,-48.4814453125
4.030754,-127.7294921875,11.9970703125,-51.9970703125
4.0510563,-128.4619140625,13.4130859375,-41.3525390625
4.0905382,-128.0712890625,14.4384765625,-15.9130859375
4.1133301,-124.7998046875,16.5869140625,11.4306640625
4.1604281,-121.7724609375,17.0263671875,24.8095703125
4.1806702,-119.6728515625,18.2470703125,26.9580078125
4.2168855,-118.6962890625,18.7353515625,26.1767578125
4.2370451,-117.6220703125,19.8095703125,23.4423828125
4.2762359,-118.2568359375,19.7607421875,18.1689453125
4.2962653,-118.3544921875,20.2978515625,13.5791015625
4.3317811,-119.0869140625,19.8095703125,11.2841796875
4.3553658,-119.0869140625,20.0048828125,10.7958984375
4.3926013,-119.6728515625,19.8583984375,10.7470703125
4.4172096,-119.9169921875,19.5166015625,9.0380859375
4.4527882,-119.9658203125,19.0771484375,5.7666015625
4.4741925,-120.6005859375,18.1982421875,0.9326171875
4.5156467,-120.8935546875,17.7587890625,-4.4384765625
4.5356334,-122.3583984375,17.0751953125,-9.8583984375
4.5728339,-122.7978515625,16.0986328125,-15.9130859375
4.5984938,-124.1162109375,14.3896484375,-21.5283203125
4.6366037,-124.5068359375,13.6572265625,-25.1904296875
4.6614441,-125.3369140625,13.6572265625,-29.1943359375
4.6987907,-125.9228515625,11.4599609375,-32.7587890625
4.7234077,-126.6552734375,10.0439453125,-37.2021484375
4.7607423,-126.8017578125,8.7744140625,-41.2548828125
4.7805451,-127.7783203125,8.0419921875,-45.3564453125
4.817662,-127.7783203125,7.1630859375,-48.2861328125
4.8386873,-129.0966796875,8.4814453125,-40.9619140625
4.8753278,-128.4619140625,9.7998046875,-17.5732421875
4.895094,-126.8505859375,11.6552734375,9.4287109375
4.9365672,-123.5791015625,12.2900390625,23.3447265625
4.9556812,-120.6982421875,12.6318359375,27.0068359375
4.9962665,-120.0634765625,14.0966796875,25.0048828125
5.0184393,-119.8681640625,14.2919921875,21.6357421875
5.0560418,-119.3310546875,13.7060546875,16.0693359375
5.0775663,-119.7705078125,14.7802734375,11.0400390625
5.1150753,-120.8935546875,14.4873046875,8.4033203125
5.1362912,-121.2353515625,14.4873046875,8.2080078125
5.1783365,-121.0400390625,13.5107421875,7.8662109375
5.1997958,-121.1376953125,13.3642578125,6.1572265625
5.2357123,-120.6982421875,13.0224609375,2.3486328125
5.2597645,-121.9189453125,12.3876953125,-2.6806640625
5.3009392,-122.5537109375,11.5576171875,-8.2470703125
5.3215521,-122.7001953125,10.9716796875,-14.6923828125
5.3593179,-124.1650390625,10.1416015625,-19.8193359375
5.3802516,-124.7021484375,9.4091796875,-25.2880859375
5.4188163,-124.7998046875,8.0419921875,-29.6826171875
5.4412295,-125.7763671875,7.2607421875,-34.0283203125
5.4776151,-126.1669921875,5.6005859375,-38.1787109375
5.498729,-127.0458984375,5.2587890625,-42.1337890625
5.5368025,-127.0947265625,3.6962890625,-46.5283203125
5.5589678,-128.6083984375,3.4033203125,-50.6298828125
5.5957643,-128.3642578125,3.5986328125,-45.0634765625
5.6199141,-128.9501953125,5.2587890625,-24.9462890625
5.6589026,-127.9248046875,7.1630859375,5.3759765625
5.6816598,-124.5556640625,7.8955078125,23.0029296875
5.7180252,-121.7236328125,9.7021484375,28.1298828125
5.743916,-120.1123046875,9.7021484375,27.5927734375
5.7812375,-119.8193359375,12.1435546875,25.8349609375
5.801553,-119.0869140625,10.9228515625,22.6123046875
5.8387778,-119.4775390625,12.2412109375,16.3623046875
5.8606545,-119.7705078125,11.3134765625,13.4814453125
5.9134102,-120.9423828125,11.3623046875,12.7490234375
5.9447593,-120.2099609375,11.5087890625,11.3330078125
5.9509424,-120.4541015625,11.1669921875,10.1611328125
5.9916473,-120.4052734375,11.2646484375,6.8408203125
6.0127588,-120.7958984375,10.8740234375,2.9833984375
6.0520473,-121.9189453125,10.3369140625,-3.8525390625
6.0737304,-122.8955078125,8.6279296875,-10.1513671875
6.1115704,-123.3349609375,9.1650390625,-15.5224609375
6.1331146,-123.8720703125,8.0908203125,-22.0654296875
6.1754369,-124.8974609375,6.0888671875,-27.1923828125
6.1924812,-125.4345703125,5.4541015625,-32.3193359375
6.2325191,-126.0205078125,5.3076171875,-35.8837890625
6.2546308,-126.5087890625,3.0615234375,-39.7412109375
6.2918469,-127.4853515625,1.6455078125,-44.3798828125
6.3135063,-128.0224609375,0.8642578125,-49.2626953125
6.3539545,-128.6083984375,0.3271484375,-53.4619140625
6.3737165,-128.5595703125,1.6943359375,-45.8935546875
6.4141191,-129.6826171875,3.2568359375,-23.6767578125
6.4449159,-128.5107421875,5.0146484375,6.9873046875
6.4660811,-125.0439453125,5.9423828125,23.8818359375
6.5015241,-121.6259765625,7.5048828125,29.0087890625
6.5248986,-120.0634765625,8.6767578125,28.5693359375
6.5654336,-119.2333984375,9.2626953125,27.3974609375
6.5833295,-118.3544921875,10.3857421875,23.4912109375
6.6228936,-118.7451171875,10.4345703125,18.5595703125
6.6442787,-118.2568359375,11.1181640625,14.6044921875
6.6797373,-119.5751953125,10.8251953125,13.0908203125
6.7053765,-119.8193359375,11.3623046875,12.3583984375
6.7414691,-119.7705078125,10.7763671875,10.9912109375
6.7680223,-120.0634765625,10.1416015625,6.4501953125
6.8041515,-120.2099609375,10.2392578125,1.6162109375
6.8255154,-120.5517578125,9.1162109375,-4.0966796875
6.8643512,-121.5283203125,9.1162109375,-10.5419921875
6.8865899,-122.0166015625,8.0908203125,-16.9873046875
6.9238897,-123.0908203125,6.6748046875,-22.8466796875
6.9481806,-123.7255859375,6.3330078125,-28.0224609375
6.9853583,-124.0185546875,5.1611328125,-33.0029296875
7.00919,-125.3369140625,4.0380859375,-37.5439453125
7.0391325,-125.4833984375,3.3544921875,-41.4013671875
7.0676682,-125.8740234375,1.2548828125,-45.1611328125
7.1049775,-126.8994140625,0.4248046875,-49.6044921875
7.1269683,-127.2900390625,-0.8447265625,-54.8779296875
7.1612241,-127.6806640625,-0.8935546875,-59.0771484375
7.1890616,-128.2177734375,-0.5029296875,-56.6845703125
7.2186503,-129.1455078125,1.4013671875,-35.0048828125
7.2550538,-128.7060546875,3.1103515625,-4.2431640625
7.2809425,-126.2646484375,4.3310546875,17.3388671875
7.3093446,-121.8701171875,6.7724609375,23.9306640625
7.3405436,-119.8681640625,6.9189453125,23.5888671875
7.3698477,-118.4521484375,7.7490234375,22.6611328125
7.3990389,-118.0615234375,8.8720703125,19.1943359375
7.4316144,-118.3056640625,9.0185546875,14.5556640625
7.4596468,-118.5009765625,8.8720703125,10.3564453125
7.4902385,-118.8427734375,9.0673828125,8.5009765625
7.5391794,-119.2822265625,8.9208984375,7.0849609375
7.5603383,-119.1845703125,9.3115234375,6.1572265625
7.5991768,-119.0380859375,9.4580078125,3.1298828125
7.6181785,-119.4287109375,8.7255859375,-1.4599609375
7.6381874,-120.1123046875,7.9443359375,-7.1240234375
7.6905596,-120.8935546875,7.9931640625,-14.1064453125
7.7109119,-120.9423828125,7.6025390625,-19.1845703125
7.7468362,-122.2119140625,6.4794921875,-26.0693359375
7.7680936,-123.2861328125,5.4541015625,-31.2451171875
7.7910378,-124.1162109375,4.0869140625,-36.0302734375
7.8216857,-124.8486328125,3.4521484375,-40.6201171875
7.8703431,-125.3857421875,2.7197265625,-44.4775390625
7.8905515,-125.6787109375,1.7919921875,-47.6513671875
7.9283528,-126.6064453125,0.4248046875,-50.9716796875
7.9475818,-126.6552734375,-0.4541015625,-55.3662109375
7.9884015,-127.5830078125,-1.9189453125,-60.6396484375
8.0084313,-128.6083984375,-2.8955078125,-64.8388671875
8.0500008,-128.9013671875,-2.7490234375,-62.9345703125
8.0714183,-129.6337890625,-0.7958984375,-43.0615234375
8.1060509,-129.2919921875,0.3271484375,-14.6923828125
8.1273839,-127.7294921875,2.8173828125,5.8642578125
8.1679782,-123.5791015625,3.7451171875,12.6025390625
8.1882679,-121.6748046875,4.0380859375,11.0400390625
8.2297068,-120.6494140625,4.4775390625,8.2080078125
8.2508478,-120.3076171875,5.1123046875,3.4228515625
8.2877273,-120.0146484375,5.8447265625,-1.7041015625
8.3087956,-120.0634765625,6.0888671875,-4.9267578125
8.344279,-120.7958984375,6.4306640625,-5.7568359375
8.3644197,-121.2353515625,5.6982421875,-6.1962890625
8.4096293,-120.7470703125,5.4541015625,-6.6845703125
8.4286887,-120.3076171875,5.6005859375,-9.0283203125
8.4700769,-121.0888671875,5.2587890625,-13.3740234375
8.4901569,-121.7236328125,4.4287109375,-18.5498046875
8.5254526,-122.8466796875,3.9404296875,-24.3603515625
8.5468418,-123.3837890625,3.9892578125,-30.1220703125
8.6017382,-123.9208984375,2.2802734375,-35.2978515625
8.6213268,-124.9462890625,1.4990234375,-39.8876953125
8.636544,-125.3369140625,0.5224609375,-44.3310546875
8.6682162,-125.4345703125,-0.8935546875,-47.2119140625
8.710208,-126.2646484375,-1.9189453125,-51.0693359375
8.7304583,-126.8505859375,-2.3095703125,-55.0732421875
8.7647639,-127.7783203125,-3.8232421875,-59.3212890625
8.7862856,-128.1201171875,-3.4814453125,-63.0322265625
8.8307907,-128.2666015625,-2.6025390625,-56.7333984375
8.8521199,-129.3408203125,-1.3818359375,-35.3955078125
8.888556,-128.9501953125,0.3759765625,-9.8583984375
8.9099554,-126.3623046875,1.0595703125,5.9619140625
8.9486299,-123.0908203125,1.7919921875,10.4052734375
8.9686402,-121.1376953125,3.1591796875,9.1357421875
9.0211304,-120.3076171875,3.5498046875,4.9853515625
9.0421365,-120.1611328125,4.1357421875,-0.3369140625
9.0577703,-119.9169921875,4.3310546875,-6.0498046875
9.1007342,-120.2099609375,5.0634765625,-8.7353515625
9.1306944,-120.6982421875,4.5751953125,-9.3701171875
9.1669225,-120.9912109375,5.0146484375,-9.4677734375
9.1809912,-120.8447265625,4.2333984375,-10.9814453125
9.220837,-120.7958984375,4.1845703125,-14.5947265625
9.2423007,-121.0400390625,4.2822265625,-18.5498046875
9.2776749,-121.7236328125,3.5009765625,-24.5068359375
9.2995129,-122.5537109375,2.5244140625,-29.8779296875
9.3404315,-123.3349609375,1.7919921875,-34.8095703125
9.3605833,-123.9697265625,0.7177734375,-40.3271484375
9.3983653,-124.9462890625,0.1806640625,-44.4775390625
9.4205793,-125.0439453125,-0.5517578125,-47.8955078125
9.460433,-125.8251953125,-1.4794921875,-52.1435546875
9.4902408,-126.7529296875,-2.9443359375,-55.9521484375
9.5298535,-126.4111328125,-4.0185546875,-59.8095703125
9.5500705,-127.4365234375,-3.4814453125,-62.0068359375
9.5867109,-127.8271484375,-1.9677734375,-50.3857421875
9.6084004,-128.4619140625,-0.6494140625,-26.0693359375
9.6439874,-127.8271484375,1.9384765625,0.2001953125
9.6639321,-125.4833984375,2.7197265625,14.3603515625
9.7021758,-121.9677734375,4.2333984375,17.4365234375
9.7229899,-120.4052734375,4.5751953125,16.2646484375
9.7715009,-118.8427734375,5.5517578125,13.4814453125
9.7904626,-118.5498046875,6.0888671875,8.7939453125
9.8103886,-118.0615234375,6.7724609375,4.8876953125
9.8443745,-118.5498046875,6.7724609375,2.3974609375
9.8841521,-119.0869140625,7.5048828125,1.3232421875
9.9043771,-119.2333984375,7.4072265625,0.4443359375
9.9425609,-119.1845703125,7.4072265625,-0.3857421875
9.96257,-118.9404296875,6.8701171875,-4.1943359375
10.0042953,-119.5751953125,6.3330078125,-8.6376953125
10.0264864,-120.0146484375,5.7470703125,-14.9853515625
10.0646195,-120.2587890625,5.3076171875,-20.8935546875
10.0848374,-121.5771484375,5.3564453125,-26.3623046875
10.1240063,-122.4072265625,4.6240234375,-32.0751953125
10.1453507,-122.5048828125,3.8427734375,-36.1279296875
10.1836266,-123.4326171875,3.1103515625,-40.0341796875
10.2041919,-124.4091796875,1.6943359375,-43.7939453125
10.2472931,-124.6533203125,1.0107421875,-48.0419921875
10.2687741,-125.4345703125,-0.1611328125,-52.2412109375
10.3070989,-125.9716796875,0.1318359375,-54.9755859375
10.3272065,-126.5087890625,1.1572265625,-44.4287109375
10.3646707,-127.1435546875,3.7451171875,-18.7939453125
10.393644,-126.9970703125,5.8447265625,10.2099609375
10.4311236,-124.7509765625,7.0654296875,23.5400390625
10.4512111,-120.8447265625,8.3349609375,27.3974609375
10.5026374,-118.2080078125,10.0927734375,27.3486328125
10.524021,-117.3779296875,10.1416015625,25.7373046875
10.5352449,-116.8408203125,11.3134765625,21.4404296875
10.5826164,-115.7666015625,11.7041015625,16.7529296875
10.613965,-116.0107421875,12.2900390625,14.4580078125
10.6252484,-117.1337890625,12.2412109375,12.8466796875
10.6683446,-117.1826171875,12.7294921875,12.3095703125
10.6875134,-116.8408203125,12.9248046875,10.0146484375
10.7326781,-117.0361328125,12.4853515625,6.9873046875
10.7450031,-117.5244140625,12.4853515625,1.1279296875
10.7853402,-117.7197265625,11.6552734375,-5.3173828125
10.8076407,-118.5009765625,10.5322265625,-10.5419921875
10.8469717,-119.9658203125,9.7509765625,-16.6455078125
10.8670281,-120.7958984375,8.9208984375,-22.4072265625
10.9083554,-121.2841796875,8.8720703125,-26.4111328125
10.9298964,-121.8212890625,7.4560546875,-30.7080078125
10.9683651,-123.1396484375,6.8701171875,-35.1513671875
10.9927174,-122.8955078125,5.9423828125,-39.0087890625
11.0312076,-124.2138671875,4.7705078125,-43.2568359375
11.0524621,-124.2626953125,3.6474609375,-47.7001953125
11.0912877,-125.3369140625,3.6474609375,-50.4345703125
11.1117831,-126.0693359375,5.5517578125,-41.2060546875
11.1525874,-126.3134765625,7.0654296875,-15.8642578125
11.1706152,-126.5576171875,9.3603515625,13.0419921875
11.2115064,-124.9462890625,10.9228515625,27.8857421875
11.2312767,-120.7958984375,12.3388671875,30.8642578125
11.2703239,-117.7197265625,13.4619140625,31.4990234375
11.2921782,-116.3037109375,14.3896484375,29.6923828125
11.332155,-115.8154296875,14.9755859375,26.1279296875
11.3512058,-115.5712890625,15.0732421875,20.8056640625
11.3923885,-115.4248046875,15.7568359375,17.4365234375
11.4135942,-116.5966796875,15.6591796875,16.8994140625
11.4506185,-117.0849609375,16.1962890625,15.8740234375
11.4709494,-116.9384765625,16.2451171875,14.9951171875
11.5113025,-117.2314453125,15.4638671875,11.0400390625
11.5322091,-117.4267578125,14.6826171875,5.4736328125
11.5734176,-117.9638671875,14.8291015625,0.1513671875
11.5936646,-118.9404296875,13.8037109375,-5.6103515625
11.6342118,-119.4287109375,13.7548828125,-12.2998046875
11.6511462,-120.5517578125,12.4853515625,-17.0361328125
11.6944113,-121.1376953125,12.0947265625,-22.0654296875
11.710976,-122.1630859375,11.1181640625,-25.1416015625
11.7563361,-122.4072265625,9.6533203125,-28.5595703125
11.7748619,-123.7744140625,9.1650390625,-33.0029296875
11.8016503,-123.5791015625,7.6025390625,-37.0556640625
11.841843,-124.2138671875,6.3818359375,-41.2548828125
11.861906,-124.9951171875,6.4306640625,-45.5029296875
11.892319,-125.6298828125,7.1630859375,-43.4521484375
11.9318035,-125.8740234375,8.0908203125,-25.6298828125
11.955417,-126.9970703125,8.9208984375,2.2509765625
12.0017552,-126.4599609375,10.7763671875,21.6357421875
12.0153741,-123.8232421875,11.3134765625,27.9833984375
12.053923,-120.2099609375,13.0224609375,28.1298828125
12.0778985,-118.3056640625,12.6806640625,25.7373046875
12.1271941,-117.7197265625,12.7294921875,20.9033203125
12.1332727,-116.7919921875,13.3154296875,15.2392578125
12.1881523,-116.5966796875,12.9248046875,12.5537109375
12.1931392,-117.2314453125,12.8759765625,11.8701171875
12.224789,-117.5732421875,12.6806640625,11.6259765625
12.2560971,-117.4755859375,13.0712890625,10.6982421875
12.2849933,-117.5732421875,12.6806640625,7.5244140625
12.3138601,-117.5244140625,11.9482421875,3.1787109375
12.3478107,-117.5244140625,11.3623046875,-2.2900390625
12.3746132,-118.5009765625,10.5322265625,-8.6376953125
12.4078612,-119.5751953125,9.6533203125,-13.2275390625
12.4383266,-120.2099609375,8.8720703125,-19.2822265625
12.4658724,-120.8935546875,8.5302734375,-24.2138671875
12.4978962,-121.6748046875,6.6259765625,-28.0712890625
12.5267221,-122.0166015625,5.8447265625,-32.1728515625
12.5570512,-122.8955078125,4.2333984375,-35.9814453125
12.588978,-123.5302734375,3.5009765625,-39.6435546875
12.6168739,-123.5302734375,2.4755859375,-44.4775390625
12.6456081,-124.1162109375,2.8173828125,-45.6494140625
12.6945572,-125.2392578125,3.5498046875,-32.5634765625
12.7146412,-125.8740234375,5.5029296875,-6.7333984375
12.735524,-126.2646484375,6.8701171875,19.1943359375
12.7866566,-124.3115234375,7.7978515625,29.3994140625
12.8078611,-120.6982421875,9.4091796875,31.0595703125
12.8451346,-117.6220703125,10.4833984375,29.6435546875
12.8651897,-116.3525390625,10.6787109375,26.0302734375
12.8883059,-115.7666015625,10.3369140625,21.6357421875
12.9207278,-114.9853515625,10.8740234375,16.7529296875
12.9660304,-114.6923828125,10.7275390625,15.7275390625
12.9865285,-116.0107421875,11.0693359375,15.4833984375
13.0303312,-116.6943359375,10.8251953125,14.3115234375
13.0505398,-116.4990234375,10.2392578125,12.4560546875
13.0669147,-116.3037109375,10.3857421875,8.4033203125
13.1000347,-117.0361328125,8.7255859375,3.1298828125
13.1465512,-117.3779296875,8.5791015625,-3.0712890625
13.1666415,-117.9638671875,7.1142578125,-9.3212890625
13.2072737,-119.0869140625,6.1376953125,-15.0341796875
13.2262858,-119.2333984375,5.4541015625,-20.0634765625
13.2678404,-120.7958984375,4.7705078125,-24.2626953125
13.2990908,-121.1376953125,3.1103515625,-28.7060546875
13.3140807,-121.3818359375,2.1337890625,-31.8798828125
13.3562807,-122.2607421875,1.6455078125,-35.0537109375
13.3765086,-122.1630859375,0.2783203125,-39.1064453125
13.4185384,-123.3349609375,-1.4794921875,-44.4287109375
13.4312968,-123.4814453125,-1.2353515625,-47.0166015625
13.4776578,-124.2138671875,0.3271484375,-37.4462890625
13.4977502,-125.0439453125,1.2060546875,-11.2255859375
13.5399602,-125.3369140625,3.0615234375,18.2666015625
13.5609817,-125.4345703125,4.9169921875,32.1337890625
13.6004634,-121.2353515625,6.0400390625,36.0888671875
13.6124751,-117.1337890625,8.1884765625,35.6005859375
13.6546299,-115.7177734375,8.1884765625,34.7216796875
13.6762973,-114.8388671875,8.5791015625,29.6435546875
13.7181317,-113.9111328125,8.6279296875,25.8837890625
13.7374844,-113.7646484375,9.2138671875,23.2470703125
13.7803435,-113.7646484375,8.7744140625,22.6123046875
13.8035218,-114.5947265625,9.4091796875,22.5634765625
13.8484874,-115.1318359375,9.1162109375,20.2197265625
13.8691247,-115.2294921875,8.6279296875,16.6552734375
13.882198,-115.1318359375,8.1884765625,10.9912109375
13.92662,-115.3759765625,7.8955078125,4.7412109375
13.9479882,-116.3525390625,6.6748046875,-1.3134765625
13.9833115,-116.7919921875,6.2353515625,-7.3681640625
14.0033821,-117.6708984375,5.6005859375,-13.0322265625
14.0493221,-118.8916015625,4.3798828125,-17.5244140625
14.0693827,-119.5263671875,3.0615234375,-22.7001953125
14.1054888,-119.7705078125,2.1337890625,-26.2158203125
14.1254605,-121.0888671875,1.2548828125,-30.3662109375
14.170453,-121.2353515625,0.1806640625,-34.1259765625
14.1908764,-122.4072265625,-1.6259765625,-37.5439453125
14.2289189,-122.9931640625,-2.4072265625,-42.2314453125
14.2499403,-123.1396484375,-3.3837890625,-47.9931640625
14.2899944,-123.6279296875,-3.6279296875,-51.1669921875
14.3190399,-124.4580078125,-2.7978515625,-44.5751953125
14.3388478,-125.0927734375,-1.1376953125,-19.3310546875
14.366444,-125.5322265625,0.9130859375,12.3583984375
14.4107838,-125.4345703125,2.0361328125,29.8876953125
14.430899,-123.4814453125,3.3056640625,35.2587890625
14.4741606,-118.4033203125,5.5029296875,35.4052734375
14.4938921,-116.2060546875,6.3818359375,35.0634765625
14.5313826,-114.7412109375,6.3818359375,32.1337890625
14.5527819,-113.6181640625,7.6025390625,27.1044921875
14.5913017,-113.5693359375,7.4072265625,24.6142578125
14.6104244,-112.9345703125,7.1142578125,23.3447265625
14.6460568,-113.6669921875,7.2119140625,22.3681640625
14.6692617,-113.9111328125,7.2119140625,20.4150390625
14.7064072,-114.0087890625,7.5537109375,17.0947265625
14.7306013,-114.2529296875,7.0166015625,12.2119140625
14.7715134,-114.4482421875,5.9912109375,5.9130859375
14.7916681,-114.9853515625,6.0400390625,-0.2392578125
14.8311805,-116.4013671875,5.2587890625,-5.9033203125
14.8522959,-117.3291015625,4.3798828125,-11.8115234375
14.8889401,-117.8662109375,3.2568359375,-17.8173828125
14.910297,-118.7939453125,1.9873046875,-22.4072265625
14.9496692,-119.6240234375,0.9619140625,-26.9970703125
14.9711305,-120.2099609375,0.2783203125,-30.6591796875
15.013339,-120.9912109375,-0.2587890625,-35.1513671875
15.0333647,-121.2353515625,-2.1142578125,-38.5693359375
15.0734841,-122.4560546875,-2.7490234375,-43.0126953125
15.0949621,-122.7978515625,-4.1162109375,-47.1630859375
15.1330176,-123.7255859375,-5.0927734375,-52.6806640625
15.1539517,-124.2138671875,-5.8251953125,-57.2705078125
15.1920853,-124.2138671875,-5.1416015625,-55.4638671875
15.213277,-125.0439453125,-4.0185546875,-36.1279296875
15.2553047,-126.1669921875,-1.8212890625,-5.1220703125
15.2757017,-126.3623046875,-0.5517578125,17.8271484375
15.312295,-125.5810546875,1.3525390625,26.5673828125
15.3334989,-122.0654296875,1.6943359375,27.7392578125
15.3750709,-117.4267578125,2.5244140625,25.8837890625
15.3955892,-116.4990234375,2.6220703125,23.2958984375
15.4436977,-115.2294921875,3.5986328125,18.4130859375
15.4636165,-115.1318359375,3.5498046875,14.6533203125
15.4817609,-114.8388671875,3.6474609375,13.6279296875
15.5140713,-115.0830078125,3.8916015625,13.3349609375
15.5510851,-115.7177734375,3.8427734375,12.0166015625
15.5754403,-115.7666015625,3.2568359375,9.4287109375
15.6119279,-116.4013671875,3.4521484375,5.0830078125
15.6319291,-116.6455078125,2.4755859375,-0.1904296875
15.680105,-116.8408203125,2.1826171875,-6.4892578125
15.6943014,-117.5732421875,1.2548828125,-12.5439453125
15.7383437,-118.6962890625,0.4736328125,-18.4033203125
15.771607,-119.0869140625,-0.0634765625,-23.8232421875
15.7828038,-120.0146484375,-0.8447265625,-28.4619140625
15.8305301,-121.1865234375,-1.9677734375,-33.5400390625
15.8495879,-121.2841796875,-3.4814453125,-36.6650390625
15.8898,-121.6748046875,-4.4580078125,-39.4970703125
15.90996,-122.6025390625,-5.2880859375,-43.5498046875
15.9582993,-122.9931640625,-6.8017578125,-48.5302734375
15.9783614,-123.2373046875,-7.5341796875,-52.9248046875
15.9967036,-124.3603515625,-8.9501953125,-57.2216796875
16.0369248,-124.5068359375,-8.7060546875,-58.1494140625
16.0561095,-125.4833984375,-7.3388671875,-41.4990234375
16.0981258,-126.4111328125,-6.6064453125,-15.4248046875
16.1183585,-127.0947265625,-6.0693359375,8.5498046875
16.1606362,-126.7529296875,-4.3603515625,17.8759765625
16.1918115,-123.4814453125,-3.5791015625,19.5361328125
16.2063783,-119.8681640625,-2.6025390625,16.5576171875
16.2497925,-118.1591796875,-2.4072265625,12.2607421875
16.2699854,-116.9384765625,-2.5537109375,7.4267578125
16.2961569,-117.0361328125,-2.1142578125,2.5927734375
16.3374727,-117.1826171875,-1.9677734375,1.9091796875
16.3575893,-117.7685546875,-2.0654296875,1.4208984375
16.403183,-118.2080078125,-2.0654296875,0.2001953125
16.4201672,-117.7197265625,-2.1630859375,-2.0947265625
16.4607116,-118.6474609375,-2.6025390625,-6.5869140625
16.4919578,-118.1103515625,-4.1650390625,-11.3232421875
16.5093197,-119.0869140625,-4.1162109375,-17.7197265625
16.5527317,-119.5263671875,-4.9462890625,-24.0673828125
16.5721027,-120.3564453125,-5.6787109375,-29.8779296875
16.6106043,-120.9912109375,-6.5576171875,-34.0771484375
16.63061,-121.6259765625,-6.6064453125,-39.0576171875
16.6694536,-122.4560546875,-8.4619140625,-42.1826171875
16.6895166,-123.0419921875,-8.7548828125,-45.6494140625
16.7177538,-123.8232421875,-10.3662109375,-49.0185546875
16.761676,-123.9697265625,-10.8544921875,-53.9990234375
16.7782306,-124.9462890625,-11.9775390625,-57.9541015625
16.8081596,-125.6298828125,-11.8310546875,-61.4697265625
16.8494659,-125.7763671875,-10.8544921875,-53.5595703125
16.8806546,-126.4111328125,-9.0478515625,-29.4384765625
16.8983952,-127.6806640625,-8.1201171875,-0.4833984375
16.9424314,-127.7783203125,-6.2158203125,15.9228515625
16.9588445,-126.3134765625,-4.7509765625,19.8291015625
17.0020274,-122.3095703125,-4.0185546875,19.5361328125
17.0212203,-120.1123046875,-3.6767578125,17.0947265625
17.0539526,-118.4033203125,-2.9443359375,13.1396484375
17.0924161,-118.1591796875,-2.7978515625,8.3544921875
17.1110845,-117.7197265625,-2.9443359375,5.5224609375
17.1403735,-117.1337890625,-2.5048828125,4.3017578125
17.1724671,-118.2568359375,-2.3095703125,3.0322265625
17.2022953,-118.6474609375,-2.4072265625,2.4462890625
17.2293475,-118.3056640625,-2.7978515625,-0.6787109375
17.2736324,-119.1357421875,-2.5537109375,-5.7568359375
17.2921226,-119.2333984375,-3.3349609375,-11.5673828125
17.3235209,-119.4775390625,-2.8466796875,-17.6220703125
17.3533124,-119.8193359375,-4.5068359375,-23.1396484375
17.3802522,-120.7470703125,-4.9951171875,-29.1455078125
17.4146243,-121.7724609375,-6.3134765625,-33.7841796875
17.4425966,-122.0654296875,-6.7041015625,-38.6181640625
17.4759571,-123.0419921875,-8.1201171875,-42.7197265625
17.504354,-123.7744140625,-8.5595703125,-45.1611328125
17.5338114,-124.4580078125,-9.5849609375,-49.2626953125
17.5667832,-124.6533203125,-10.7080078125,-53.4130859375
17.5933949,-124.7998046875,-11.4404296875,-58.5400390625
17.6220854,-125.3369140625,-11.5869140625,-61.6162109375
17.6551474,-126.4111328125,-11.1474609375,-58.1005859375
17.6855558,-127.2900390625,-9.0478515625,-36.2744140625
17.7132359,-128.3154296875,-7.4365234375,-6.2939453125
17.7472836,-128.0712890625,-5.4345703125,15.0927734375
17.775084,-128.1689453125,-4.1650390625,22.0263671875
17.8029528,-125.1416015625,-3.1884765625,22.9052734375
17.8368076,-121.7236328125,-2.4072265625,22.3681640625
17.8660442,-119.7705078125,-1.2841796875,20.0732421875
17.897378,-118.3056640625,-0.4541015625,14.3115234375
17.9254049,-118.1591796875,0.3271484375,10.5029296875
17.9536936,-117.9150390625,0.4736328125,9.8193359375
18.0050811,-117.3779296875,0.4736328125,8.6474609375
18.0259976,-118.3544921875,1.1572265625,7.2802734375
18.0442849,-118.5009765625,1.2548828125,3.6669921875
18.095599,-118.8427734375,0.0341796875,-0.7275390625
18.1168329,-119.1357421875,-0.0146484375,-6.2451171875
18.1330799,-118.8916015625,-0.4541015625,-12.6416015625
18.1688209,-120.2099609375,-0.8447265625,-18.5498046875
18.1957832,-120.8447265625,-2.1630859375,-24.4580078125
18.2248946,-120.6005859375,-2.5537109375,-29.4873046875
18.2572671,-121.8212890625,-3.2373046875,-34.4677734375
18.2857154,-122.2119140625,-4.2138671875,-38.4228515625
18.3459124,-123.1396484375,-4.7998046875,-41.7919921875
18.3468979,-124.5068359375,-6.0205078125,-45.6982421875
18.3757767,-124.8486328125,-7.1435546875,-48.7255859375
18.4241279,-125.0927734375,-8.3642578125,-54.0478515625
18.4445831,-126.2158203125,-9.8291015625,-59.2724609375
18.4876525,-126.0693359375,-9.6337890625,-63.8623046875
18.499379,-126.7529296875,-9.8291015625,-64.8388671875
18.5277481,-127.6806640625,-8.1201171875,-47.7978515625
18.5621878,-128.4130859375,-5.6787109375,-18.1591796875
18.6080036,-129.4384765625,-3.9697265625,9.2822265625
18.6275449,-129.7802734375,-2.7001953125,20.2197265625
18.6743778,-127.4365234375,-1.8212890625,22.2705078125
18.69461,-124.3603515625,0.5712890625,21.8798828125
18.7079827,-120.9912109375,1.4990234375,20.7568359375
18.7709862,-119.5263671875,1.4501953125,16.0693359375
18.7719929,-118.3544921875,2.1826171875,11.4794921875
18.8154027,-117.7685546875,2.5732421875,9.3798828125
18.8354712,-117.4755859375,2.4267578125,8.1591796875
18.8734207,-117.8173828125,3.5009765625,6.0107421875
18.8944998,-118.5498046875,3.3544921875,4.5458984375
18.9356381,-119.0380859375,3.4521484375,-0.5322265625
18.9569272,-118.6962890625,2.8173828125,-5.5615234375
18.9945341,-118.3056640625,2.4267578125,-12.0068359375
19.015959,-119.2333984375,2.1337890625,-17.6708984375
19.0553218,-120.0634765625,1.7431640625,-23.5791015625
19.075855,-121.0400390625,0.1318359375,-28.9990234375
19.1136822,-121.4306640625,-0.5517578125,-34.1748046875
19.1338558,-122.3583984375,-2.1142578125,-37.8369140625
19.1727376,-123.1884765625,-2.4072265625,-42.2802734375
19.1949787,-124.1162109375,-3.3349609375,-47.0654296875
19.2362102,-124.3603515625,-4.2138671875,-50.1904296875
19.2577908,-124.8486328125,-5.6787109375,-53.8037109375
19.3012286,-125.5322265625,-6.7529296875,-58.4912109375
19.3221959,-125.9716796875,-7.5341796875,-62.5439453125
19.3429955,-126.7529296875,-9.2919921875,-67.8173828125
19.3717001,-127.4853515625,-10.0244140625,-71.9677734375
19.4130818,-128.0712890625,-9.0478515625,-74.7021484375
19.4337251,-128.7548828125,-7.2900390625,-60.9814453125
19.4765753,-129.2919921875,-5.8740234375,-32.9052734375
19.4980583,-130.1708984375,-4.1650390625,-6.0986328125
19.5376004,-131.0498046875,-3.4326171875,7.7685546875
19.5578502,-130.2197265625,-0.6982421875,11.1865234375
19.5968935,-126.6552734375,-0.5517578125,10.5517578125
19.6169148,-123.2373046875,0.7177734375,8.0126953125
19.6553174,-121.1865234375,0.2783203125,4.0087890625
19.6756105,-120.6005859375,1.3525390625,-0.4345703125
19.7176107,-119.9658203125,1.8896484375,-2.3388671875
19.7386783,-119.5751953125,2.0361328125,-2.9736328125
19.7859005,-120.0146484375,1.8408203125,-2.7294921875
19.804712,-120.3564453125,2.0361328125,-5.0732421875
19.8414249,-120.6982421875,2.4755859375,-8.0029296875
19.862248,-120.7470703125,1.6943359375,-13.3251953125
19.8985607,-120.5517578125,1.3525390625,-18.7939453125
19.9199404,-120.2587890625,0.7177734375,-24.6044921875
19.9617777,-121.3818359375,0.4248046875,-29.4873046875
19.9825939,-121.9189453125,-0.6005859375,-34.7607421875
20.0195554,-122.6513671875,-1.0888671875,-38.8623046875
20.0407283,-123.5791015625,-2.4560546875,-42.6220703125
20.0754603,-123.8720703125,-3.5302734375,-45.7958984375
20.0979595,-124.8974609375,-4.3603515625,-47.7490234375
20.1408099,-125.4833984375,-5.1416015625,-52.0947265625
20.1619873,-125.9716796875,-5.7763671875,-55.2197265625
20.201111,-125.9716796875,-7.6806640625,-60.4931640625
20.2201632,-126.9482421875,-8.2666015625,-64.0576171875
20.2614255,-127.2900390625,-7.5830078125,-63.5205078125
20.2828707,-127.6318359375,-6.0693359375,-45.2099609375
20.3220779,-128.5107421875,-4.6533203125,-20.0146484375
20.3425857,-129.2431640625,-3.8720703125,0.9814453125
20.3815881,-129.3896484375,-2.7001953125,9.7705078125
20.4016235,-128.1689453125,-1.7724609375,9.8193359375
20.4471759,-124.8486328125,-0.4541015625,6.7919921875
20.4773874,-122.0654296875,-0.5517578125,2.4462890625
20.4904357,-120.2587890625,0.2783203125,-3.7060546875
20.5320614,-119.6240234375,0.0341796875,-7.0751953125
20.5535314,-120.1611328125,0.5712890625,-7.7099609375
20.5973255,-119.5751953125,0.5224609375,-7.8564453125
20.6183992,-120.5029296875,0.3759765625,-8.1005859375
20.6524901,-120.7470703125,0.1806640625,-10.7373046875
20.6730648,-120.4541015625,-0.1123046875,-14.7900390625
20.7118507,-120.6005859375,-0.5029296875,-20.3564453125
20.7320871,-120.3564453125,-1.5283203125,-26.7041015625
20.780015,-120.9912109375,-2.2607421875,-31.5869140625
20.7998356,-121.0888671875,-3.0908203125,-36.7626953125
20.8374443,-122.4072265625,-4.0185546875,-40.5224609375
20.8565586,-122.5537109375,-4.7509765625,-44.3798828125
20.8955115,-123.2861328125,-5.8251953125,-46.9677734375
20.91548,-123.9697265625,-6.2646484375,-50.5322265625
20.9546047,-124.7021484375,-7.1923828125,-54.4384765625
20.9746064,-124.9951171875,-8.8037109375,-58.5888671875
21.0176587,-125.5322265625,-9.3408203125,-62.4951171875
21.0384906,-125.6298828125,-8.5595703125,-60.5908203125
21.0742745,-126.5576171875,-6.5087890625,-40.8154296875
21.0952845,-126.9970703125,-4.3603515625,-13.4716796875
21.1356962,-127.5341796875,-3.2373046875,7.3291015625
21.1560878,-128.2666015625,-1.4794921875,16.0693359375
21.1955793,-127.4365234375,-0.6494140625,16.8017578125
21.2156862,-123.8232421875,0.6201171875,15.2392578125
21.2596719,-120.8935546875,0.7177734375,12.4560546875
21.2719234,-119.0869140625,1.7431640625,7.8173828125
21.3018621,-118.9892578125,2.1826171875,4.6923828125
21.3471159,-117.6220703125,2.4267578125,3.0322265625
21.3673646,-117.2802734375,2.4755859375,2.6416015625
21.41273,-117.5244140625,2.9150390625,1.4697265625
21.4328147,-118.1103515625,2.5244140625,-0.1904296875
21.4698479,-118.5009765625,2.4267578125,-5.1708984375
21.4868156,-117.8662109375,2.3291015625,-10.2490234375
21.5302795,-118.2080078125,1.1083984375,-16.6455078125
21.5439868,-118.6474609375,1.0595703125,-21.8212890625
21.5895038,-119.0869140625,-0.3564453125,-27.2900390625
21.6086591,-120.1123046875,-0.9912109375,-31.4404296875
21.6511173,-120.8447265625,-1.6259765625,-35.4443359375
21.6659451,-121.2353515625,-2.4072265625,-39.4970703125
21.7094448,-121.8212890625,-3.4814453125,-42.0849609375
21.7315815,-122.7001953125,-4.4091796875,-45.5029296875
21.7681036,-122.8466796875,-5.3857421875,-50.2392578125
21.7857175,-123.8232421875,-6.2158203125,-54.7314453125
21.8295723,-123.8232421875,-4.7021484375,-56.3916015625
21.845359,-124.5068359375,-3.7255859375,-43.1103515625
21.8798903,-125.1904296875,-1.9677734375,-15.4736328125
21.9220195,-126.0693359375,0.1806640625,11.2841796875
21.9370439,-126.3623046875,1.4990234375,24.1748046875
21.9700298,-126.5087890625,3.4521484375,27.2998046875
22.0122139,-124.0185546875,5.5029296875,27.5439453125
22.0272854,-119.9169921875,5.3564453125,26.8115234375
22.0598942,-118.1591796875,7.1142578125,22.5146484375
22.0887693,-116.4013671875,7.0654296875,18.1689453125
22.1306515,-115.7666015625,7.9931640625,15.9716796875
22.1496523,-114.8388671875,7.9931640625,14.7509765625
22.1776278,-114.9853515625,8.1396484375,13.9208984375
22.2079922,-115.6689453125,8.2373046875,11.7236328125
22.2396804,-115.9130859375,7.8466796875,8.3544921875
22.2679464,-115.8154296875,7.1630859375,3.3740234375
22.3020128,-116.2548828125,7.2119140625,-2.5830078125
22.3309919,-116.6943359375,5.5517578125,-7.6611328125
22.3712918,-116.6455078125,5.2587890625,-14.3505859375
22.3903454,-116.9873046875,4.2822265625,-19.3310546875
22.4197302,-118.0126953125,3.3544921875,-23.8720703125
22.4473146,-119.0380859375,2.9150390625,-27.9248046875
22.480823,-119.4287109375,1.5966796875,-31.7822265625
22.5092431,-120.2099609375,1.0107421875,-34.9560546875
22.5372288,-121.0400390625,-0.3564453125,-38.5205078125
22.5715613,-121.5283203125,-0.9912109375,-41.8896484375
22.6010892,-122.3095703125,-3.0419921875,-47.3095703125
22.6281812,-122.1630859375,-4.6044921875,-51.8994140625
22.6605575,-123.2861328125,-4.2138671875,-56.0009765625
22.6911325,-123.7744140625,-2.8955078125,-49.6044921875
22.7226812,-123.7744140625,-0.6494140625,-24.7998046875
22.7507143,-124.6533203125,1.1572265625,5.9619140625
22.7787242,-125.0927734375,2.8662109375,24.1748046875
22.8119686,-126.0693359375,4.9169921875,30.7666015625
22.8406162,-125.1416015625,6.5771484375,31.5966796875
22.8702155,-121.6748046875,7.9931640625,31.8408203125
22.9026466,-118.3056640625,7.6513671875,30.2783203125
22.9303735,-116.4990234375,8.5791015625,25.0537109375
22.9594389,-114.9853515625,8.9208984375,22.2705078125
22.9948886,-114.9365234375,9.4580078125,19.5361328125
23.0198654,-114.1552734375,9.1650390625,19.6826171875
23.0504949,-114.7412109375,8.8720703125,18.7548828125
23.0824264,-115.3271484375,8.3349609375,15.2392578125
23.1128347,-115.5224609375,8.6279296875,10.4541015625
23.1443844,-115.6689453125,7.7490234375,4.9365234375
23.1730189,-115.1318359375,6.9189453125,-0.8251953125
23.2023573,-116.4013671875,5.8935546875,-6.9775390625
23.2350311,-116.9384765625,5.0634765625,-12.0068359375
23.2641705,-118.2080078125,4.3310546875,-17.1826171875
23.296097,-118.9892578125,3.4521484375,-21.4794921875
23.3241216,-119.0869140625,2.8662109375,-25.3857421875
23.3533906,-120.3564453125,2.0361328125,-29.2919921875
23.415309,-120.9423828125,0.1318359375,-33.2958984375
23.4174857,-121.2841796875,-1.4306640625,-36.8115234375
23.4455965,-121.8212890625,-2.6513671875,-41.1083984375
23.4949256,-122.1630859375,-3.3349609375,-45.1123046875
23.5030824,-123.3837890625,-4.9951171875,-50.5810546875
23.5336913,-123.3349609375,-4.6533203125,-55.1220703125
23.5675711,-124.8486328125,-4.5556640625,-53.4130859375
23.5947809,-125.6787109375,-2.7978515625,-33.2958984375
23.6237351,-126.1181640625,-0.9912109375,-4.7802734375
23.6562816,-126.6064453125,0.4736328125,18.5107421875
23.686283,-127.4365234375,1.5966796875,26.3720703125
23.7175576,-127.1923828125,3.1103515625,28.3740234375
23.7659718,-125.2880859375,4.1357421875,26.3720703125
23.7850716,-121.3818359375,4.2822265625,24.2724609375
23.8082858,-119.8681640625,4.7705078125,19.3896484375
23.8370205,-118.2568359375,5.2099609375,15.9228515625
23.8815704,-117.9638671875,5.6982421875,14.6533203125
23.901979,-117.5732421875,5.0634765625,13.9697265625
23.9438392,-117.7197265625,4.8681640625,13.8232421875
23.9632308,-117.9150390625,4.7705078125,10.9912109375
24.0030893,-118.1591796875,3.6474609375,6.4501953125
24.022495,-118.5009765625,3.0126953125,1.2255859375
24.0738811,-118.4521484375,2.5732421875,-3.3154296875
24.0941081,-118.7451171875,2.1826171875,-9.4677734375
24.1051394,-119.6728515625,0.6689453125,-15.1806640625
24.1553536,-120.1123046875,-0.2099609375,-20.4052734375
24.175771,-120.9423828125,-1.8212890625,-23.9697265625
24.2134076,-121.7724609375,-2.5537109375,-26.9970703125
24.2456641,-122.6513671875,-4.2626953125,-30.4150390625
24.2575944,-122.5048828125,-4.9951171875,-34.3212890625
24.3082687,-123.7255859375,-6.2158203125,-37.2509765625
24.328318,-124.2138671875,-7.6318359375,-41.9384765625
24.3671417,-124.6533203125,-8.9013671875,-45.6494140625
24.3885612,-124.9462890625,-9.6337890625,-50.2392578125
24.4339817,-124.8974609375,-7.9736328125,-45.6982421875
24.4536855,-126.8994140625,-6.9482421875,-25.3369140625
24.4666378,-126.9482421875,-5.9228515625,1.0791015625
24.5288615,-128.1689453125,-4.3603515625,19.6337890625
24.5298477,-127.9736328125,-3.0419921875,25.3955078125
24.5630656,-128.3154296875,-2.0654296875,24.7119140625
24.6081071,-126.8994140625,-1.5771484375,22.5634765625
24.627273,-122.6513671875,-1.4794921875,18.1201171875
24.6706533,-120.7470703125,-1.8701171875,12.7001953125
24.6994377,-120.0146484375,-1.1865234375,10.0146484375
24.7135106,-119.5751953125,-1.6748046875,8.8916015625
24.7531307,-118.9404296875,-0.8447265625,9.3310546875
24.7730917,-119.0380859375,-2.4560546875,7.7685546875
24.8163434,-120.2587890625,-2.5537109375,4.6923828125
24.8366914,-120.2587890625,-3.7744140625,-0.3857421875
24.8782844,-119.5263671875,-3.7744140625,-5.7568359375
24.8982805,-119.3310546875,-5.4833984375,-11.2255859375
24.9215819,-119.5751953125,-5.2392578125,-16.4501953125
24.950189,-120.6982421875,-6.7041015625,-21.0888671875
24.9964417,-121.3330078125,-7.7294921875,-25.9228515625
25.0167268,-121.8212890625,-9.1455078125,-30.3662109375
25.0592353,-122.6513671875,-10.4150390625,-34.0283203125
25.0795584,-123.2861328125,-11.6357421875,-37.2998046875
25.1217625,-123.7255859375,-12.8564453125,-41.1572265625
25.1428592,-124.4091796875,-13.2470703125,-45.8935546875
25.18417,-124.9951171875,-12.9541015625,-49.3115234375
25.2038013,-125.6298828125,-12.8076171875,-43.5009765625
25.2409773,-126.2158203125,-10.4638671875,-22.9443359375
25.2541708,-126.3623046875,-8.5595703125,4.5947265625
25.2831999,-127.2412109375,-7.6806640625,23.4912109375
25.3153782,-128.4130859375,-6.0693359375,29.2529296875
25.36332,-128.3154296875,-4.4580078125,28.9111328125
25.3838497,-126.6552734375,-4.3115234375,27.4951171875
25.4330099,-122.7490234375,-3.7744140625,24.0771484375
25.4340479,-120.8935546875,-3.1396484375,19.3408203125
25.4676384,-119.4287109375,-2.7001953125,16.0693359375
25.5124111,-118.9892578125,-2.7001953125,14.2138671875
25.5336552,-118.6474609375,-2.6025390625,14.1162109375
25.5749544,-118.3544921875,-3.3837890625,12.2607421875
25.6059941,-118.8916015625,-2.9443359375,8.9404296875
25.6142679,-118.9404296875,-3.8720703125,4.0087890625
25.6596004,-119.0380859375,-4.1162109375,-1.6064453125
25.6800424,-119.0869140625,-4.9462890625,-7.8076171875
25.721376,-119.8193359375,-6.2646484375,-13.2763671875
25.7429641,-119.7216796875,-7.2900390625,-18.9404296875
25.7823503,-120.6982421875,-7.8271484375,-23.5302734375
25.8025334,-121.2841796875,-9.0478515625,-28.1689453125
25.8445186,-121.8701171875,-10.3662109375,-31.8310546875
25.8647397,-122.2119140625,-11.9775390625,-34.8583984375
25.9037569,-122.9443359375,-12.3681640625,-38.7158203125
25.9239698,-124.0673828125,-13.6865234375,-42.7685546875
25.9657207,-124.6533203125,-14.1259765625,-46.9189453125
25.9850305,-124.7998046875,-13.4912109375,-50.2392578125
26.0241354,-125.2392578125,-12.3193359375,-40.0341796875
26.0463133,-125.8740234375,-10.0732421875,-15.1318359375
26.0682288,-126.0693359375,-7.9248046875,12.8466796875
26.0960981,-127.1923828125,-6.9970703125,29.0576171875
26.145288,-127.7294921875,-5.6787109375,33.7451171875
26.1643077,-127.2412109375,-3.7255859375,34.8193359375
26.2029152,-125.2392578125,-3.2861328125,33.5498046875
26.2230435,-121.4794921875,-2.6513671875,29.7900390625
26.2669206,-119.2333984375,-1.6748046875,25.2001953125
26.2870061,-118.2568359375,-1.1865234375,22.3681640625
26.3404782,-117.5244140625,-1.0400390625,20.7568359375
26.3414713,-116.5966796875,-1.2841796875,20.2685546875
26.370758,-116.5966796875,-1.0400390625,17.9736328125
26.4179659,-116.8896484375,-1.6748046875,14.4580078125
26.4289295,-117.6220703125,-2.4560546875,9.3310546875
26.4769529,-117.6708984375,-1.9677734375,3.1787109375
26.4975511,-117.3779296875,-3.6279296875,-2.9736328125
26.5361947,-117.6220703125,-4.5556640625,-9.0771484375
26.5576481,-117.7685546875,-5.3369140625,-14.0576171875
26.5983204,-118.9404296875,-6.4599609375,-20.1611328125
26.6083132,-119.0380859375,-7.1923828125,-23.9697265625
26.6437307,-120.1123046875,-9.0478515625,-28.1689453125
26.6899941,-120.7470703125,-9.8779296875,-31.0986328125
26.6980185,-121.2353515625,-10.8056640625,-35.1025390625
26.7356702,-122.1142578125,-12.6123046875,-38.8134765625
26.7783252,-122.2607421875,-14.2236328125,-43.7451171875
26.7943651,-122.6513671875,-15.0048828125,-48.5791015625
26.8244564,-123.5302734375,-13.8330078125,-49.1162109375
26.8664751,-123.8232421875,-11.5869140625,-33.3447265625
26.8863964,-124.7509765625,-9.3896484375,-4.8291015625
26.9289477,-125.1416015625,-7.7783203125,21.5869140625
26.941101,-126.1669921875,-5.7275390625,32.1826171875
26.974723,-126.2646484375,-4.2626953125,35.2587890625
27.0206764,-126.1181640625,-3.0908203125,35.2099609375
27.0315746,-123.7255859375,-2.5537109375,34.1357421875
27.0648757,-119.8193359375,-1.7236328125,30.6201171875
27.0937596,-117.6708984375,-0.8447265625,26.4697265625
27.1218582,-116.4990234375,-0.3564453125,23.1005859375
27.1553838,-115.3759765625,-0.6005859375,22.4658203125
27.184938,-114.7412109375,-0.6982421875,21.3427734375
27.2161431,-115.1318359375,-1.0400390625,18.6083984375
27.2453372,-115.3759765625,-1.7724609375,13.6767578125
27.2746574,-115.7666015625,-1.8701171875,8.4521484375
27.307367,-115.6201171875,-2.5048828125,2.2509765625
27.3347805,-115.6201171875,-3.9697265625,-3.1201171875
27.3674538,-116.1572265625,-4.4091796875,-9.0283203125
27.3957895,-116.4013671875,-5.3369140625,-14.0087890625
27.4248427,-116.7431640625,-6.5576171875,-19.6728515625
27.4579895,-118.1103515625,-6.8994140625,-22.8466796875
27.4864899,-118.2080078125,-8.1201171875,-26.8994140625
27.5157823,-119.4287109375,-9.8291015625,-31.2939453125
27.5489402,-120.0634765625,-11.1962890625,-34.9072265625
27.5767487,-120.4052734375,-12.2216796875,-39.6435546875
27.6068633,-120.8935546875,-13.9794921875,-44.0869140625
27.6374121,-121.6748046875,-15.2978515625,-48.5302734375
27.6684951,-122.7001953125,-16.7138671875,-52.6318359375
27.693566,-122.7490234375,-15.4443359375,-55.5126953125
27.7294288,-122.9931640625,-13.6376953125,-43.1591796875
27.7582753,-123.7255859375,-11.8310546875,-16.0595703125
27.7898556,-124.4091796875,-10.6591796875,12.1142578125
27.8180106,-125.5322265625,-8.8037109375,26.5185546875
27.8466519,-125.7275390625,-7.1923828125,30.8154296875
27.8802794,-126.0693359375,-6.7041015625,29.9365234375
27.9095297,-123.8720703125,-5.8740234375,28.4228515625
27.938154,-120.5029296875,-5.4345703125,25.6396484375
27.970834,-118.0615234375,-4.2138671875,20.3173828125
27.9994699,-116.1572265625,-3.5791015625,17.7783203125
28.0294862,-115.8154296875,-4.4091796875,17.7783203125
28.0626768,-115.0830078125,-4.6533203125,16.6064453125
28.0888858,-114.3505859375,-4.1162109375,15.2392578125
28.1183408,-115.1806640625,-4.5556640625,11.2841796875
28.1503649,-115.5712890625,-5.3369140625,7.6708984375
28.1788421,-115.9619140625,-5.7275390625,1.2255859375
28.2115701,-115.6201171875,-6.9482421875,-4.1943359375
28.2415967,-115.9130859375,-7.1923828125,-9.3212890625
28.2695409,-116.5478515625,-8.3154296875,-14.7412109375
28.3005718,-116.8408203125,-9.0478515625,-18.8916015625
28.3306023,-118.0615234375,-10.5126953125,-22.8466796875
28.3597659,-118.6962890625,-11.6357421875,-26.0693359375
28.3915502,-119.4287109375,-12.8076171875,-29.0478515625
28.421619,-120.1611328125,-14.0283203125,-32.4169921875
28.4484393,-120.1123046875,-15.6884765625,-36.3232421875
28.4821714,-121.0888671875,-17.1044921875,-40.7177734375
28.5098803,-121.4306640625,-17.2509765625,-45.7470703125
28.5402345,-121.9189453125,-17.2021484375,-47.1630859375
28.5713763,-122.5537109375,-15.6884765625,-34.6142578125
28.6022592,-122.8466796875,-14.7119140625,-9.4677734375
28.6328954,-123.8232421875,-12.7587890625,15.9228515625
28.6626616,-124.1650390625,-12.1728515625,28.1787109375
28.7100237,-125.0439453125,-10.6103515625,30.1318359375
28.7230029,-125.3857421875,-9.8779296875,28.3251953125
28.7533816,-123.7255859375,-10.2685546875,25.6396484375
28.7849618,-120.0146484375,-10.1220703125,19.3896484375
28.8310911,-116.8896484375,-10.2197265625,15.5322265625
28.8515917,-115.8642578125,-9.7314453125,13.7744140625
28.8925084,-115.2294921875,-9.0966796875,13.8232421875
28.905143,-115.0830078125,-9.6826171875,13.3349609375
28.9314436,-114.8876953125,-10.1708984375,11.5771484375
28.9644331,-115.6201171875,-10.6591796875,7.9150390625
29.0101565,-115.8642578125,-10.8056640625,3.1787109375
29.0303243,-115.5712890625,-12.1728515625,-2.1923828125
29.0795557,-115.6201171875,-13.4423828125,-8.0029296875
29.0993349,-115.9619140625,-13.5400390625,-13.6669921875
29.1160997,-116.3037109375,-14.8095703125,-18.9892578125
29.1727701,-117.1337890625,-16.2744140625,-23.1396484375
29.1737135,-117.5732421875,-17.0068359375,-26.6064453125
29.2078275,-118.6474609375,-19.0087890625,-29.5361328125
29.2517993,-119.4287109375,-19.2041015625,-32.4169921875
29.2730073,-120.0146484375,-20.6201171875,-37.3974609375
29.3106509,-120.8447265625,-22.8662109375,-41.7919921875
29.3309615,-121.2353515625,-22.3291015625,-45.0634765625
29.3539171,-121.5771484375,-20.5224609375,-39.9853515625
29.3866695,-121.5771484375,-18.2763671875,-17.5244140625
29.4159276,-122.4072265625,-16.3232421875,10.8935546875
29.445597,-122.8955078125,-15.2490234375,30.1806640625
29.4766696,-123.9208984375,-13.8330078125,35.3564453125
29.506687,-123.6279296875,-12.3193359375,34.9658203125
29.555812,-124.2138671875,-11.7822265625,34.5751953125
29.5768018,-121.2353515625,-11.2939453125,31.0107421875
29.5957533,-117.3779296875,-10.7080078125,26.7138671875
29.6281848,-115.9130859375,-10.5126953125,23.3935546875
29.6578914,-114.9365234375,-10.2197265625,22.0751953125
29.6856307,-113.8134765625,-10.2197265625,22.3193359375
29.7359542,-113.2275390625,-9.6337890625,20.6103515625
29.7565174,-113.0322265625,-11.0986328125,18.0224609375
29.7777383,-113.8134765625,-11.3916015625,12.8955078125
29.8107202,-114.3505859375,-11.6845703125,7.3779296875
29.8390678,-114.5947265625,-12.5634765625,1.2255859375
29.8674891,-114.3505859375,-14.0283203125,-4.7802734375
29.8997521,-114.8876953125,-14.6142578125,-9.6142578125
29.9274905,-115.4248046875,-15.7861328125,-14.8876953125
29.9799966,-115.9130859375,-17.2998046875,-19.0380859375
29.9990653,-116.7919921875,-18.1787109375,-22.8466796875
30.0193264,-117.2802734375,-19.1552734375,-25.5322265625
30.0491855,-118.1103515625,-20.9619140625,-29.8779296875
30.0804025,-118.6474609375,-22.2802734375,-33.7841796875
30.1122816,-119.9169921875,-23.6474609375,-38.4228515625
30.1568931,-120.1611328125,-24.7216796875,-42.9638671875
30.1784285,-120.6982421875,-23.9404296875,-45.5517578125
30.2198715,-120.7958984375,-21.6455078125,-33.5400390625
30.2319879,-121.4306640625,-19.1064453125,-5.6591796875
30.2598591,-122.1142578125,-17.4951171875,23.2958984375
30.2946819,-123.2861328125,-15.8837890625,37.4560546875
30.3230193,-123.7744140625,-13.9794921875,40.9716796875
30.3506083,-123.8232421875,-11.9287109375,40.6298828125
30.397722,-123.8720703125,-11.9775390625,40.6298828125
30.4176711,-120.3564453125,-11.3916015625,37.4560546875
30.4393371,-117.0361328125,-10.7080078125,32.3779296875
30.4727883,-114.5458984375,-10.5126953125,29.4970703125
30.5007536,-113.6669921875,-9.7802734375,28.4228515625
30.5501083,-112.9833984375,-10.5126953125,27.8369140625
30.5694269,-112.7392578125,-11.0986328125,25.6884765625
30.5925039,-112.4951171875,-10.4150390625,21.8310546875
30.6238308,-113.5205078125,-11.3427734375,16.8017578125
30.6540346,-113.6669921875,-11.7822265625,11.3330078125
30.6808882,-113.8134765625,-13.1982421875,4.9365234375
30.7152328,-114.0576171875,-14.2724609375,-1.4599609375
30.7423662,-114.6435546875,-15.0048828125,-6.7822265625
30.7727963,-115.4248046875,-16.3232421875,-12.0068359375
30.806285,-115.9619140625,-17.0556640625,-16.3037109375
30.832115,-116.4501953125,-18.8623046875,-20.0634765625
30.8609577,-117.2314453125,-19.9853515625,-23.5302734375
30.8945956,-117.9150390625,-20.9619140625,-27.5830078125
30.9221568,-118.6962890625,-21.8896484375,-31.7822265625
30.9814653,-119.1845703125,-23.8916015625,-36.1279296875
31.0018335,-120.4052734375,-24.8193359375,-40.9619140625
31.0130445,-120.8447265625,-25.1611328125,-46.1865234375
31.0456851,-121.3330078125,-23.5986328125,-44.8193359375
31.0755221,-121.7236328125,-21.6943359375,-25.1904296875
31.1064851,-122.3095703125,-19.5458984375,5.6201171875
31.1368923,-122.5048828125,-18.0322265625,28.8134765625
31.16346,-123.3349609375,-16.7626953125,37.5048828125
31.1928879,-124.5556640625,-15.4443359375,39.2626953125
31.2252789,-124.7509765625,-14.1259765625,38.5302734375
31.2562967,-123.9208984375,-12.9541015625,37.4072265625
31.2840047,-120.4541015625,-12.5146484375,32.7197265625
31.3228712,-117.1826171875,-12.1728515625,29.2529296875
31.3640647,-115.4736328125,-12.2705078125,26.5185546875
31.3862609,-114.0576171875,-11.5380859375,24.9072265625
31.406694,-113.1787109375,-12.0263671875,23.8330078125
31.4551813,-113.2275390625,-12.5146484375,21.0986328125
31.4679602,-113.8623046875,-13.0029296875,17.2900390625
31.5153333,-114.6435546875,-13.9306640625,12.0654296875
31.537299,-114.7900390625,-14.4189453125,5.6689453125
31.5586529,-114.1552734375,-15.3955078125,-0.3369140625
31.5859641,-115.2294921875,-17.2509765625,-5.5615234375
31.618743,-115.4736328125,-18.0810546875,-11.2255859375
31.6488725,-115.8642578125,-18.8623046875,-15.3271484375
31.6764195,-116.6943359375,-20.0341796875,-19.5751953125
31.7094698,-117.7685546875,-20.8642578125,-23.2373046875
31.7382751,-117.8662109375,-22.8173828125,-26.8505859375
31.7667225,-118.8427734375,-24.1357421875,-30.0244140625
31.7988641,-119.5751953125,-25.2099609375,-35.3466796875
31.8288752,-120.0634765625,-26.3818359375,-40.1318359375
31.877625,-120.6982421875,-26.4306640625,-44.6728515625
31.8911368,-120.6494140625,-25.7470703125,-44.5751953125
31.9193346,-121.8212890625,-23.5498046875,-26.9970703125
31.9507599,-122.4560546875,-21.6943359375,-0.6298828125
31.9808037,-123.2861328125,-20.6201171875,21.7822265625
32.0096681,-123.5302734375,-18.9599609375,31.3525390625
32.046933,-124.5068359375,-18.1298828125,31.3037109375
32.0715162,-125.1416015625,-17.5927734375,30.1318359375
32.0993544,-124.9462890625,-17.7392578125,26.3232421875
32.1314822,-121.8701171875,-17.2998046875,21.1474609375
32.1605156,-119.2333984375,-17.2509765625,16.5576171875
32.1882189,-117.4755859375,-17.2021484375,15.4833984375
32.2240535,-116.5478515625,-17.6904296875,15.4345703125
32.2508905,-116.1572265625,-17.4462890625,15.3369140625
32.2826843,-115.7666015625,-18.1298828125,12.4072265625
32.3115137,-116.2548828125,-18.3251953125,8.5498046875
32.3408755,-117.0849609375,-19.5458984375,3.2763671875
32.3765611,-116.5478515625,-19.8876953125,-2.6318359375
32.402329,-116.8408203125,-21.2060546875,-8.4423828125
32.4303423,-116.4501953125,-22.2314453125,-13.1298828125
32.4778859,-116.9873046875,-22.7685546875,-17.6708984375
32.4929809,-117.6220703125,-24.4287109375,-21.2353515625
32.5212915,-118.0615234375,-25.4052734375,-25.4833984375
32.5547779,-119.1357421875,-26.7724609375,-29.0966796875
32.5822422,-120.1611328125,-27.7490234375,-32.4658203125
32.6323395,-120.5029296875,-29.2138671875,-36.7138671875
32.6426962,-120.9912109375,-29.3115234375,-40.9130859375
32.6725785,-121.3330078125,-29.1162109375,-42.8173828125
32.7041393,-122.0166015625,-26.4794921875,-29.9267578125
32.7352948,-122.6025390625,-25.9423828125,-5.3173828125
32.763314,-122.7978515625,-24.2822265625,19.6826171875
32.7962934,-123.7255859375,-22.2802734375,32.3779296875
32.8234963,-123.9697265625,-21.4013671875,34.7705078125
32.8578594,-124.8486328125,-20.1318359375,32.8173828125
32.8860099,-125.2880859375,-19.5947265625,30.1806640625
32.9135969,-123.4814453125,-19.3505859375,24.5654296875
32.9463738,-119.8193359375,-18.7646484375,20.4150390625
32.9768891,-117.7685546875,-18.9111328125,18.7060546875
33.0043514,-116.5478515625,-19.0576171875,17.9248046875
33.0512244,-116.1572265625,-19.3017578125,17.7294921875
33.0659466,-115.7177734375,-19.6435546875,15.2392578125
33.0948831,-115.0341796875,-19.7900390625,11.5283203125
33.1268686,-116.3037109375,-20.6689453125,6.7431640625
33.1548429,-116.3037109375,-21.9873046875,0.8349609375
33.1922481,-116.8896484375,-22.3291015625,-5.1708984375
33.2176386,-116.7431640625,-22.8662109375,-10.9326171875
33.2473853,-116.9384765625,-24.2822265625,-15.4248046875
33.2780346,-117.2314453125,-25.2587890625,-19.8681640625
33.3072783,-117.8173828125,-26.2353515625,-22.7978515625
33.3360091,-118.2568359375,-27.3095703125,-26.2646484375
33.3707097,-119.4287109375,-29.1162109375,-30.2197265625
33.3983813,-119.7216796875,-29.8486328125,-34.2724609375
33.4258773,-120.7470703125,-30.3857421875,-39.1552734375
33.4588058,-121.0888671875,-28.7255859375,-36.0302734375
33.4867407,-121.8701171875,-26.6748046875,-17.1337890625
33.5231652,-121.7724609375,-24.6728515625,10.9912109375
33.5486468,-122.9443359375,-22.9150390625,32.1337890625
33.5774573,-123.3349609375,-21.1083984375,40.1904296875
33.6052874,-123.8232421875,-19.4482421875,40.9228515625
33.6437369,-124.5068359375,-18.9111328125,40.0439453125
33.6697707,-124.3115234375,-18.4228515625,37.2607421875
33.700103,-122.0166015625,-17.4951171875,32.0361328125
33.7303557,-119.2333984375,-16.8115234375,27.3486328125
33.7570709,-116.8408203125,-17.0068359375,26.5673828125
33.7921739,-115.8154296875,-17.2021484375,25.6884765625
33.8194014,-115.5712890625,-17.2998046875,25.2490234375
33.8494957,-115.3271484375,-17.4951171875,21.9775390625
33.8805856,-115.3759765625,-18.3740234375,17.5341796875
33.9096684,-115.6689453125,-18.1787109375,11.6748046875
33.9385432,-115.7177734375,-18.9599609375,5.2783203125
33.9709601,-115.5224609375,-19.9853515625,-0.8251953125
34.0010875,-115.9130859375,-21.4990234375,-6.1962890625
34.028094,-115.8642578125,-22.3291015625,-11.8115234375
34.0629175,-116.5966796875,-22.9150390625,-14.6923828125
34.0896376,-117.2802734375,-24.2333984375,-18.5498046875
34.1223002,-117.7685546875,-25.6494140625,-22.8466796875
34.1502593,-118.5498046875,-26.6259765625,-26.5087890625
34.1832874,-119.1845703125,-28.8720703125,-29.9267578125
34.2294533,-120.3076171875,-29.2626953125,-34.1259765625
34.2507217,-120.7958984375,-28.8720703125,-39.0087890625
34.2736387,-120.7470703125,-27.3583984375,-34.9560546875
34.3029302,-121.7236328125,-24.6240234375,-12.2021484375
34.3330507,-121.7724609375,-23.1591796875,17.0947265625
34.3630358,-122.6025390625,-20.9130859375,36.8212890625
34.3935014,-123.0419921875,-19.3505859375,43.9501953125
34.4208063,-123.9697265625,-18.2275390625,44.9755859375
34.455239,-124.4580078125,-16.6650390625,44.3896484375
34.4833027,-124.4580078125,-15.5419921875,42.4365234375
34.5121295,-121.8212890625,-15.2490234375,37.4560546875
34.5637716,-118.7939453125,-14.7607421875,33.5986328125
34.5835276,-116.3525390625,-14.6630859375,31.4501953125
34.6229908,-115.4736328125,-14.5654296875,30.5712890625
34.6428219,-114.7412109375,-14.4189453125,28.4228515625
34.6632748,-114.2529296875,-15.1513671875,25.4443359375
34.6949784,-114.2529296875,-15.4443359375,20.4150390625
34.7428521,-114.9365234375,-16.5673828125,14.8486328125
34.7643201,-114.6923828125,-16.9091796875,8.5498046875
34.8148113,-115.4248046875,-17.9345703125,2.2509765625
34.8158532,-114.9365234375,-19.5947265625,-3.3642578125
34.8458114,-115.2783203125,-20.2783203125,-8.4423828125
34.8753062,-116.0107421875,-21.1083984375,-12.6904296875
34.9054503,-116.5478515625,-22.5244140625,-17.0361328125
34.9337881,-117.5244140625,-23.9892578125,-20.5517578125
34.9836204,-118.6474609375,-24.9169921875,-24.1650390625
35.0037027,-118.8427734375,-26.3818359375,-28.3154296875
35.027172,-119.5751953125,-27.6025390625,-33.4423828125
35.0575164,-120.3564453125,-28.9208984375,-38.2275390625
35.0862483,-120.7470703125,-28.0908203125,-42.8173828125
35.1347291,-121.2353515625,-26.5771484375,-38.2275390625
35.154851,-121.6748046875,-24.0380859375,-16.1083984375
35.1749471,-121.9677734375,-22.6220703125,13.6767578125
35.2081372,-123.1396484375,-20.1806640625,33.5498046875
35.2374836,-123.6279296875,-19.4970703125,40.6298828125
35.2659825,-123.8232421875,-17.1533203125,40.9228515625
35.2978871,-124.7998046875,-15.9326171875,40.2880859375
35.326319,-124.5556640625,-15.6396484375,37.8955078125
35.3559177,-123.3349609375,-14.8583984375,32.6220703125
35.388627,-119.4775390625,-14.6142578125,29.2041015625
35.4165901,-117.6708984375,-14.2724609375,28.0810546875
35.4492535,-116.1083984375,-14.4677734375,27.2998046875
35.4794658,-115.3759765625,-15.2001953125,26.0302734375
35.50636,-115.0341796875,-15.4931640625,22.7099609375
35.5395375,-114.7900390625,-15.8349609375,18.3154296875
35.5689821,-115.2783203125,-15.7373046875,12.6025390625
35.6013198,-115.8642578125,-17.6904296875,6.7431640625
35.6301478,-115.8154296875,-16.9580078125,0.5908203125
35.6593853,-115.4736328125,-19.4970703125,-5.0244140625
35.6910522,-116.1572265625,-20.0830078125,-9.7607421875
35.7374348,-116.3037109375,-21.0595703125,-13.7646484375
35.7575675,-116.8896484375,-22.1826171875,-17.3291015625
35.7823124,-117.8173828125,-23.4521484375,-20.6494140625
35.8095069,-118.1591796875,-25.0634765625,-23.8232421875
35.8397929,-119.4775390625,-26.3818359375,-28.4130859375
35.9008311,-119.6240234375,-27.2607421875,-32.1728515625
35.9019827,-120.3564453125,-27.6513671875,-35.9326171875
35.9323611,-121.1865234375,-26.0888671875,-35.3466796875
35.9625945,-121.0400390625,-24.9658203125,-18.8427734375
35.9902521,-121.7724609375,-23.4033203125,6.6943359375
36.0416302,-122.7978515625,-21.8408203125,28.4716796875
36.071792,-122.9931640625,-19.9853515625,35.9912109375
36.0807839,-123.7744140625,-18.7646484375,36.9677734375
36.1125422,-124.1650390625,-18.3251953125,34.9169921875
36.1420768,-124.3115234375,-18.2275390625,30.8642578125
36.1820486,-123.8232421875,-18.4228515625,25.7861328125
36.203829,-120.9423828125,-17.4951171875,21.3916015625
36.231985,-118.2568359375,-17.6416015625,21.1474609375
36.2609164,-116.3525390625,-18.0322265625,20.7080078125
36.2939087,-115.5224609375,-18.1787109375,19.2919921875
36.3288424,-115.4736328125,-18.7646484375,16.6064453125
36.3497185,-114.9853515625,-18.9599609375,12.1630859375
36.3834613,-115.3271484375,-20.2294921875,6.5966796875
36.4123123,-115.6689453125,-20.6201171875,0.6396484375
36.4485105,-115.9619140625,-21.9384765625,-3.7548828125
36.4743554,-115.7177734375,-22.3779296875,-9.2724609375
36.5101571,-115.4736328125,-23.8916015625,-13.8623046875
36.5362134,-115.8642578125,-25.5029296875,-17.9638671875
36.5646127,-116.6455078125,-25.6494140625,-21.1865234375
36.591649,-117.7197265625,-27.2119140625,-25.2880859375
36.6319273,-117.9150390625,-28.8720703125,-28.9990234375
36.6535448,-118.0615234375,-29.4091796875,-33.2470703125
36.6905539,-118.8916015625,-28.9697265625,-35.9814453125
36.7155052,-119.8193359375,-27.2607421875,-29.0478515625
36.745192,-119.7705078125,-25.5029296875,-7.3193359375
36.7725738,-120.1123046875,-23.0126953125,19.9755859375
36.8094978,-120.9912109375,-21.6943359375,35.4052734375
36.8350552,-121.5771484375,-19.7412109375,39.5068359375
36.8665972,-121.9189453125,-17.6904296875,39.5556640625
36.8961816,-122.2119140625,-18.2763671875,37.9931640625
36.9271118,-123.0908203125,-17.0556640625,33.9404296875
36.9577011,-120.7470703125,-16.7626953125,29.1552734375
36.9925213,-117.2314453125,-16.0302734375,26.3232421875
37.0196997,-115.5712890625,-16.5185546875,26.2255859375
37.0479518,-113.8623046875,-16.7626953125,25.9326171875
37.0764114,-113.6669921875,-16.2744140625,23.7841796875
37.1093137,-113.0322265625,-16.9091796875,20.4150390625
37.1371007,-112.6416015625,-17.2021484375,15.5322265625
37.1733223,-113.4228515625,-18.1787109375,10.0146484375
37.1972752,-113.7158203125,-19.2041015625,5.2783203125
37.2274469,-112.9345703125,-20.3759765625,-1.2158203125
37.2546974,-113.2763671875,-21.0107421875,-5.8056640625
37.290095,-113.6669921875,-22.5732421875,-10.2978515625
37.3178691,-114.4482421875,-23.4033203125,-14.1064453125
37.3497442,-114.7900390625,-24.4775390625,-17.5244140625
37.3875293,-114.9853515625,-26.1865234375,-21.5283203125
37.4071794,-115.9619140625,-27.2119140625,-25.5810546875
37.440091,-116.1083984375,-28.0908203125,-29.8291015625
37.4750535,-117.3779296875,-27.3583984375,-33.1494140625
37.4997746,-117.2802734375,-24.8193359375,-23.3349609375
37.5357597,-118.1591796875,-22.2314453125,1.8115234375
37.5575972,-118.5009765625,-20.5712890625,28.8134765625
37.5941113,-118.9892578125,-19.2041015625,43.4619140625
37.6209404,-119.3310546875,-17.4462890625,47.3681640625
37.6496568,-120.0634765625,-16.5185546875,48.5400390625
37.6857248,-120.3076171875,-16.1767578125,47.1728515625
37.7110103,-121.3818359375,-14.9072265625,44.2431640625
37.7475985,-118.6962890625,-13.9306640625,39.3115234375
37.7735204,-114.5947265625,-14.0283203125,36.8212890625
37.8018329,-112.5439453125,-13.1494140625,35.2099609375
37.8295431,-110.7373046875,-13.4912109375,34.9658203125
37.8629379,-110.2490234375,-14.2236328125,32.7685546875
37.8899463,-110.2490234375,-14.7119140625,29.5947265625
37.9276416,-109.9072265625,-15.6396484375,23.6376953125
37.9530602,-109.9072265625,-16.3720703125,18.1201171875
37.9801516,-110.5419921875,-17.3486328125,12.7978515625
38.0161216,-110.1513671875,-18.2275390625,6.8408203125
38.0431397,-110.2978515625,-19.3017578125,1.0791015625
38.072172,-110.7861328125,-20.4736328125,-3.5107421875
38.1098684,-110.9814453125,-21.7431640625,-7.2705078125
38.1326772,-111.8115234375,-23.1591796875,-11.2744140625
38.169331,-112.4951171875,-24.1357421875,-14.8876953125
38.1930555,-113.0810546875,-25.5029296875,-18.4033203125
38.239912,-113.8134765625,-26.8701171875,-23.5302734375
38.2552251,-114.2529296875,-29.0185546875,-28.1201171875
38.2851034,-115.1806640625,-29.8486328125,-32.9052734375
38.3137446,-115.7177734375,-29.7509765625,-36.4208984375
38.3459623,-116.4501953125,-26.9677734375,-30.6103515625
38.3741144,-116.5966796875,-24.5263671875,-6.8310546875
38.4034887,-116.7919921875,-23.0126953125,23.9794921875
38.4350932,-117.5244140625,-21.3037109375,41.8017578125
38.4653114,-118.1591796875,-19.2041015625,48.6376953125
38.4931348,-119.0380859375,-17.5927734375,50.1513671875
38.5297869,-118.8427734375,-16.2744140625,50.9326171875
38.5548334,-119.8193359375,-15.0048828125,49.0283203125
38.5849146,-118.8427734375,-14.2724609375,45.5126953125
38.6208323,-114.4482421875,-14.7119140625,41.2158203125
38.6437088,-110.5908203125,-14.1748046875,39.6533203125
38.6819759,-109.7119140625,-14.5166015625,38.6767578125
38.7061935,-107.8564453125,-14.8583984375,36.8701171875
38.7356288,-106.5869140625,-15.2001953125,34.0380859375
38.7723213,-106.3916015625,-15.7861328125,29.4970703125
38.79534,-106.1474609375,-16.6162109375,23.0029296875
38.824103,-107.1240234375,-16.8115234375,17.7783203125
38.8623841,-107.3681640625,-18.5693359375,11.6748046875
38.8839675,-107.5634765625,-19.5947265625,6.1083984375
38.9208702,-107.7099609375,-20.7177734375,1.6650390625
38.9478897,-108.3935546875,-21.7919921875,-3.1689453125
38.9770365,-108.0517578125,-23.3544921875,-6.7822265625
39.0048892,-109.5654296875,-23.5009765625,-10.6884765625
39.0430202,-110.7373046875,-25.3564453125,-14.5458984375
39.0677571,-111.3232421875,-26.5283203125,-18.9404296875
39.1154739,-112.5927734375,-28.0908203125,-22.9931640625
39.1290897,-112.8857421875,-30.0927734375,-28.0712890625
39.1582897,-113.4716796875,-30.7763671875,-32.3193359375
39.1893916,-114.3017578125,-29.4091796875,-34.5166015625
39.219015,-114.4970703125,-27.3095703125,-21.9189453125
39.2478637,-115.3759765625,-25.1123046875,4.6923828125
39.2853079,-115.7177734375,-23.2080078125,31.5478515625
39.3092495,-116.7431640625,-21.9384765625,43.9013671875
39.3367796,-117.1826171875,-20.5224609375,47.0263671875
39.3693762,-118.1103515625,-19.3017578125,46.1474609375
39.3990401,-118.5009765625,-18.9599609375,44.6826171875
39.4349529,-118.4033203125,-18.6181640625,39.9951171875
39.4596534,-117.3779296875,-18.5205078125,35.8935546875
39.4879766,-113.5693359375,-18.6181640625,34.0869140625
39.5258847,-109.9072265625,-18.6181640625,33.1591796875
39.5505137,-108.4912109375,-19.1552734375,33.5498046875
39.5807666,-107.7587890625,-18.5205078125,31.3525390625
39.6121117,-107.1240234375,-19.2529296875,28.3251953125
39.6395659,-106.9287109375,-19.6435546875,23.3447265625
39.6729175,-107.4658203125,-20.5712890625,17.9248046875
39.7010733,-108.1005859375,-22.5244140625,12.5048828125
39.7300602,-107.5634765625,-22.8662109375,7.7197265625
39.7625672,-107.7099609375,-23.5986328125,2.6904296875
39.7917964,-108.3447265625,-24.6728515625,-1.6552734375
39.8206069,-108.2470703125,-26.0888671875,-5.8056640625
39.8540799,-109.5166015625,-28.3349609375,-9.1748046875
39.8809921,-110.1025390625,-28.8720703125,-12.9345703125
39.9116762,-111.3232421875,-30.8251953125,-16.1572265625
39.9425343,-111.8115234375,-32.5341796875,-20.4541015625
39.9716023,-112.9833984375,-33.5107421875,-25.3369140625
40.0009776,-112.8369140625,-34.2919921875,-29.4873046875
40.0347326,-114.6923828125,-33.0224609375,-31.0009765625
40.0627036,-114.3994140625,-30.7763671875,-18.1103515625
40.0936021,-114.9365234375,-29.6533203125,8.4033203125
40.1235524,-115.5224609375,-28.0908203125,34.1357421875
40.1533673,-116.0595703125,-26.7724609375,44.9267578125
40.18463,-116.7431640625,-24.9169921875,46.9775390625
40.2138593,-117.0849609375,-24.1357421875,46.1474609375
40.2433494,-118.1591796875,-24.4775390625,42.6318359375
40.2765595,-118.0126953125,-23.8916015625,37.3583984375
40.3037981,-116.7919921875,-23.0615234375,33.8427734375
40.3336473,-112.5439453125,-22.8662109375,31.5478515625
40.3663198,-110.0048828125,-23.1591796875,31.5966796875
40.395117,-107.9541015625,-23.6474609375,31.1083984375
40.4226998,-107.4658203125,-24.2333984375,28.8134765625
40.455968,-107.3681640625,-24.2333984375,25.2978515625
40.4841166,-106.4404296875,-26.2353515625,20.3173828125
40.516405,-107.9052734375,-26.8212890625,13.9208984375
40.5458256,-108.3935546875,-27.2607421875,8.0615234375
40.5751665,-107.9052734375,-28.5302734375,3.0810546875
40.6070513,-108.4912109375,-30.1416015625,-1.8505859375
40.6347431,-108.1982421875,-31.0205078125,-6.5380859375
40.6660189,-108.6865234375,-32.7783203125,-10.1025390625
40.6960486,-109.4189453125,-34.5361328125,-13.6669921875
40.7252481,-110.6396484375,-35.5615234375,-18.5986328125
40.755012,-111.3232421875,-36.5380859375,-22.1142578125
40.7876681,-112.4462890625,-37.3681640625,-26.7529296875
40.8157497,-113.3251953125,-36.1474609375,-27.9736328125
40.8450598,-113.3740234375,-33.8525390625,-15.7177734375
40.8761885,-114.1064453125,-31.7041015625,10.2587890625
40.9055213,-114.5458984375,-30.5810546875,35.8935546875
40.9375283,-115.3271484375,-28.4326171875,48.1982421875
40.9797116,-116.0595703125,-27.2119140625,50.2978515625
41.0002792,-116.8896484375,-26.4794921875,50.7373046875
41.0293872,-117.1826171875,-26.0888671875,49.3212890625
41.0576383,-117.2314453125,-24.7216796875,44.0966796875
41.0898448,-116.9873046875,-25.2587890625,39.6044921875
41.1246149,-113.0810546875,-25.3564453125,37.5048828125
41.1471113,-109.9072265625,-25.0634765625,36.4306640625
41.1796121,-108.1005859375,-25.3564453125,35.5517578125
41.2097245,-106.8798828125,-25.6494140625,33.5986328125
41.2383822,-106.2451171875,-26.6748046875,29.1064453125
41.2701706,-106.0009765625,-27.2607421875,24.4189453125
41.2986053,-106.5380859375,-28.1396484375,17.7783203125
41.3275039,-107.8076171875,-28.7255859375,12.4560546875
41.3607105,-107.6123046875,-30.0927734375,6.1572265625
41.4004807,-107.8564453125,-31.3134765625,0.7861328125
41.4186832,-107.9541015625,-33.1689453125,-3.9501953125
41.4498283,-108.3447265625,-34.0966796875,-8.2958984375
41.4987222,-109.4189453125,-35.6103515625,-12.5439453125
41.5171552,-109.8583984375,-36.3916015625,-16.2548828125
41.5484017,-111.4208984375,-37.5634765625,-20.5517578125
41.5693842,-111.8115234375,-40.1513671875,-25.2880859375
41.6062308,-112.8369140625,-40.4443359375,-29.9755859375
41.6312192,-112.9833984375,-38.9794921875,-33.6376953125
41.6694803,-114.0576171875,-37.4658203125,-23.1396484375
41.6924357,-114.9365234375,-35.2197265625,3.1787109375
41.733059,-114.8876953125,-33.4130859375,31.3525390625
41.750131,-115.4248046875,-32.2900390625,46.2939453125
41.7853002,-116.1083984375,-30.2880859375,50.8837890625
41.8122256,-116.8896484375,-29.4091796875,50.6884765625
41.8495837,-117.4755859375,-28.5791015625,49.7607421875
41.8735459,-118.2568359375,-28.2861328125,46.5380859375
41.9117504,-118.4033203125,-27.5048828125,41.0693359375
41.934694,-115.2783203125,-27.6025390625,37.9443359375
41.9619908,-111.2744140625,-27.2119140625,36.9189453125
41.9999749,-109.5166015625,-27.0166015625,35.3564453125
42.0236766,-107.3681640625,-27.2607421875,32.4267578125
42.060313,-107.1240234375,-27.7490234375,28.7646484375
42.0807712,-106.4892578125,-28.4814453125,23.3935546875
42.1166198,-106.1962890625,-30.0927734375,16.4111328125
42.142137,-107.5146484375,-30.9716796875,10.0146484375
42.1773813,-107.9052734375,-32.5830078125,3.3251953125
42.2044697,-107.8076171875,-33.2177734375,-2.0458984375
42.2432417,-108.7353515625,-34.5361328125,-8.1494140625
42.2622786,-108.4912109375,-36.1962890625,-12.3974609375
42.299262,-108.4912109375,-37.2216796875,-17.2314453125
42.3208609,-110.0048828125,-38.3935546875,-21.4306640625
42.3593194,-111.1279296875,-40.2001953125,-25.6298828125
42.3835056,-111.9091796875,-42.0068359375,-29.5361328125
42.4195849,-113.0810546875,-43.5693359375,-33.8818359375
42.4457042,-113.0810546875,-45.0830078125,-39.8388671875
42.4827063,-114.1552734375,-45.9619140625,-44.1845703125
42.5054901,-114.4970703125,-43.6181640625,-46.3818359375
42.5440963,-115.0830078125,-41.8115234375,-31.0009765625
42.5657271,-116.1572265625,-39.6142578125,-3.0712890625
42.602229,-116.3525390625,-38.1494140625,25.0537109375
42.6277951,-116.8408203125,-36.4892578125,37.4072265625
42.6641002,-117.4267578125,-34.4873046875,40.2392578125
42.6872593,-117.9150390625,-32.9248046875,40.0927734375
42.7311062,-119.0869140625,-32.8271484375,39.7998046875
42.751044,-119.3310546875,-31.4599609375,35.7958984375
42.7775647,-118.8916015625,-31.7041015625,30.6689453125
42.8140481,-116.3525390625,-31.0205078125,27.5927734375
42.8386843,-112.2021484375,-30.9228515625,26.0302734375
42.876055,-109.8095703125,-30.9716796875,24.9560546875
42.8951883,-109.4677734375,-31.4111328125,22.2216796875
42.9322362,-108.0517578125,-32.3876953125,18.3154296875
42.9574554,-107.2705078125,-32.3388671875,12.6025390625
42.9964577,-106.7333984375,-32.8759765625,5.8642578125
43.0200578,-107.9541015625,-34.0478515625,-0.7275390625
43.0479952,-108.5888671875,-34.5361328125,-6.1474609375
43.0841025,-108.3447265625,-36.3916015625,-12.1533203125
43.1087389,-108.7353515625,-38.0517578125,-17.1826171875
43.1440262,-109.2724609375,-38.6376953125,-21.8701171875
43.165744,-108.9306640625,-40.1513671875,-26.0693359375
43.2020182,-110.8837890625,-40.9814453125,-30.1708984375
43.226714,-110.9326171875,-42.2998046875,-34.4189453125
43.2639152,-111.8603515625,-44.5458984375,-38.2275390625
43.2898323,-112.6904296875,-46.3525390625,-42.3779296875
43.3275742,-113.2275390625,-47.4267578125,-47.4560546875
43.3491149,-114.4970703125,-48.4033203125,-52.4365234375
43.3857388,-114.2041015625,-48.9892578125,-57.1728515625
43.4127858,-115.8642578125,-46.9873046875,-57.1728515625
43.4417136,-116.2060546875,-45.3759765625,-39.2529296875
43.4699128,-116.7919921875,-42.9833984375,-11.1767578125
43.5088022,-117.3779296875,-42.0068359375,12.7001953125
43.5310443,-117.4267578125,-40.8349609375,22.8564453125
43.5676321,-118.5498046875,-39.1748046875,24.5654296875
43.5900842,-119.3798828125,-38.9794921875,21.9287109375
43.6293162,-120.4541015625,-38.1005859375,19.5361328125
43.6496023,-120.7958984375,-38.3447265625,14.4091796875
43.6890462,-120.8447265625,-37.0751953125,10.0634765625
43.7109341,-117.2314453125,-36.8798828125,8.4033203125
43.7462256,-113.8134765625,-36.8310546875,8.2080078125
43.7740624,-111.2744140625,-37.2705078125,6.6943359375
43.8105256,-110.2001953125,-37.7587890625,4.6435546875
43.8337434,-110.1025390625,-38.6865234375,0.3955078125
43.8697482,-109.3701171875,-39.5654296875,-4.5849609375
43.891835,-110.0048828125,-40.0537109375,-9.5166015625
43.92491,-110.5419921875,-40.3466796875,-16.0595703125
43.9606302,-110.8837890625,-42.2509765625,-20.4541015625
43.9807901,-110.9814453125,-43.2763671875,-25.5810546875
44.0195799,-110.4443359375,-44.7900390625,-30.1220703125
44.0423698,-111.2744140625,-45.2783203125,-34.0283203125
44.0794825,-111.6162109375,-47.0361328125,-37.1533203125
44.1056858,-112.7880859375,-48.3544921875,-40.3759765625
44.1332689,-113.1787109375,-50.3564453125,-44.2822265625
44.1692362,-113.5693359375,-51.7724609375,-48.5791015625
44.1950153,-114.9365234375,-52.9443359375,-53.0224609375
44.2326452,-115.3759765625,-52.6513671875,-56.9775390625
44.255784,-116.0107421875,-49.9169921875,-51.2646484375
44.2913716,-116.4013671875,-48.2080078125,-29.3408203125
44.3158066,-116.6455078125,-46.1572265625,-2.4853515625
44.3520824,-118.2080078125,-44.7412109375,14.7998046875
44.3748661,-118.1591796875,-43.6181640625,20.5615234375
44.4123637,-118.7451171875,-42.3974609375,19.1455078125
44.4367451,-119.2333984375,-42.5439453125,16.3623046875
44.4826637,-120.4541015625,-42.0556640625,11.4306640625
44.4937632,-120.3076171875,-41.4697265625,5.8154296875
44.530681,-119.4287109375,-41.4208984375,1.8115234375
44.554472,-116.4990234375,-41.6162109375,0.7861328125
44.593882,-113.3251953125,-41.6650390625,0.5908203125
44.616818,-111.1767578125,-41.0791015625,-0.2880859375
44.6452061,-110.7861328125,-42.2021484375,-4.1455078125
44.6814864,-110.2001953125,-42.2998046875,-7.7587890625
44.7071435,-110.3955078125,-43.3251953125,-13.6181640625
44.7359958,-110.4931640625,-43.5205078125,-19.1357421875
44.7723317,-111.5185546875,-45.1318359375,-24.9951171875
44.7970273,-111.3720703125,-46.5478515625,-30.6103515625
44.8260597,-111.6162109375,-47.4755859375,-35.2978515625
44.8618051,-111.5185546875,-48.4521484375,-38.9599609375
44.8863417,-112.2509765625,-49.0380859375,-42.3291015625
44.9156332,-112.5439453125,-51.1376953125,-46.2841796875
44.94977,-113.0810546875,-52.1630859375,-49.1162109375
44.9772274,-114.5458984375,-53.7744140625,-53.9990234375
45.0052179,-114.3017578125,-53.5302734375,-57.7587890625
45.0396251,-114.7900390625,-50.5517578125,-51.8994140625
45.068494,-115.9619140625,-48.1591796875,-30.9033203125
45.099418,-116.2548828125,-46.6455078125,-2.9736328125
45.1302358,-116.7919921875,-45.7177734375,15.7763671875
45.1586331,-117.8173828125,-43.8623046875,22.0751953125
45.189898,-118.6474609375,-42.7392578125,22.1240234375
45.2184787,-119.3310546875,-42.0556640625,19.7802734375
45.2515976,-119.6728515625,-42.0068359375,15.0927734375
45.2809676,-120.3076171875,-40.5908203125,9.8193359375
45.3083455,-120.1123046875,-40.2001953125,5.4736328125
45.3443651,-116.7919921875,-40.5908203125,4.2041015625
45.3712863,-112.3486328125,-40.6396484375,4.0087890625
45.399001,-110.6884765625,-40.2978515625,3.1298828125
45.4283799,-109.3701171875,-40.9326171875,-0.1416015625
45.460329,-109.3212890625,-40.7373046875,-4.6337890625
45.4914357,-109.5166015625,-42.2998046875,-10.2001953125
45.5232095,-109.7607421875,-42.7880859375,-16.2548828125
45.5521313,-109.6142578125,-43.5205078125,-22.2607421875
45.5836954,-110.1513671875,-44.5458984375,-27.8271484375
45.6130949,-109.7607421875,-45.4248046875,-32.8076171875
45.6411866,-110.0537109375,-46.8408203125,-36.7138671875
45.6754205,-110.4443359375,-47.9638671875,-40.3759765625
45.703654,-111.1279296875,-49.7705078125,-43.4521484375
45.7322036,-111.4697265625,-50.2587890625,-47.2607421875
45.7641821,-112.7880859375,-51.8212890625,-50.5322265625
45.7924917,-113.9599609375,-52.2607421875,-55.3173828125
45.8203267,-114.0576171875,-50.6494140625,-58.3935546875
45.8556635,-115.1318359375,-48.3544921875,-45.2587890625
45.8827248,-116.0107421875,-46.3525390625,-19.0869140625
45.9112293,-115.6201171875,-44.4482421875,7.5244140625
45.9451363,-116.2548828125,-42.5927734375,21.3916015625
45.9740959,-117.3291015625,-41.6162109375,24.9072265625
46.0055019,-116.7919921875,-40.2490234375,23.3447265625
46.0342179,-118.4521484375,-39.5654296875,21.2939453125
46.0645311,-119.4287109375,-39.2724609375,16.5087890625
46.0970331,-119.5263671875,-38.9306640625,11.0400390625
46.1284034,-119.0380859375,-38.5400390625,8.5498046875
46.163603,-114.8876953125,-38.4423828125,7.5732421875
46.1882887,-110.9326171875,-38.0029296875,6.5966796875
46.2168378,-109.5654296875,-38.3447265625,4.3505859375
46.2444467,-109.1259765625,-38.6865234375,1.1279296875
46.2766715,-107.8564453125,-40.1025390625,-4.7314453125
46.3169036,-107.5634765625,-40.3955078125,-10.3955078125
46.3332907,-108.1005859375,-41.4697265625,-16.8896484375
46.3667963,-109.2236328125,-42.5927734375,-22.4560546875
46.4076143,-108.8330078125,-43.8623046875,-26.8994140625
46.4269436,-108.9306640625,-44.8388671875,-32.1240234375
46.4644584,-109.4189453125,-45.9619140625,-36.2255859375
46.4857483,-109.4677734375,-47.0849609375,-40.0830078125
46.5267506,-110.2978515625,-48.4033203125,-43.0615234375
46.5457598,-110.9814453125,-49.2333984375,-46.3330078125
46.5859799,-111.8115234375,-51.4794921875,-50.5322265625
46.605857,-112.7392578125,-52.4560546875,-55.0732421875
46.6468587,-113.6181640625,-53.2373046875,-59.9560546875
46.6683664,-113.9599609375,-51.1376953125,-62.5439453125
46.7065727,-114.5458984375,-48.5009765625,-47.9931640625
46.7271513,-115.4736328125,-47.2802734375,-20.3076171875
46.7685784,-116.0107421875,-45.0830078125,6.2060546875
46.7892063,-115.9130859375,-42.7880859375,20.3173828125
46.825784,-117.3291015625,-41.4208984375,22.7587890625
46.8474642,-117.6708984375,-40.2978515625,22.2216796875
46.890035,-118.2080078125,-39.0771484375,20.0732421875
46.9067363,-119.0869140625,-38.0517578125,15.9228515625
46.9472482,-119.9169921875,-38.2958984375,10.4541015625
46.9771046,-118.8916015625,-37.4169921875,7.9638671875
47.0013968,-115.2783203125,-37.4169921875,6.3525390625
47.0412432,-111.6162109375,-38.1982421875,5.5224609375
47.0726765,-109.0283203125,-37.8564453125,4.3994140625
47.0932268,-108.4912109375,-38.6376953125,-0.3369140625
47.1188838,-108.0517578125,-38.5888671875,-5.2685546875
47.1555206,-107.6611328125,-39.9560546875,-11.1279296875
47.1795086,-107.5634765625,-40.9326171875,-16.2548828125
47.2178321,-108.6865234375,-42.1044921875,-22.4072265625
47.2388575,-108.3447265625,-42.7392578125,-27.1435546875
47.2780219,-109.0771484375,-43.2275390625,-32.7587890625
47.3006937,-108.6865234375,-44.7412109375,-36.6650390625
47.3368097,-109.3212890625,-46.7919921875,-40.3271484375
47.3593983,-110.2490234375,-47.9150390625,-44.0380859375
47.3945544,-110.6396484375,-48.7451171875,-47.1630859375
47.4210567,-111.8603515625,-50.6494140625,-51.0693359375
47.4595559,-112.5439453125,-52.1630859375,-55.6103515625
47.4798874,-113.1787109375,-53.5791015625,-59.9560546875
47.5165652,-114.5947265625,-53.1396484375,-64.3505859375
47.5426437,-115.1318359375,-50.3076171875,-62.2509765625
47.5801368,-115.2783203125,-48.2568359375,-41.7431640625
47.6029347,-116.0595703125,-47.2802734375,-14.4482421875
47.63758,-116.2548828125,-44.8876953125,6.5478515625
47.6626477,-117.2802734375,-43.7158203125,15.4833984375
47.7001753,-118.1103515625,-42.4951171875,15.3857421875
47.7216719,-118.8427734375,-42.4951171875,12.7978515625
47.7571611,-119.0380859375,-41.9580078125,7.1826171875
47.7832432,-120.2587890625,-42.2509765625,1.8603515625
47.8228999,-120.9423828125,-42.4951171875,-1.9970703125
47.8427266,-119.5751953125,-41.7138671875,-2.8271484375
47.8797145,-115.1318359375,-41.1767578125,-2.2412109375
47.9024928,-112.3974609375,-42.2509765625,-3.1689453125
47.9409045,-110.9326171875,-42.5927734375,-5.3662109375
47.9621451,-109.9560546875,-42.6904296875,-8.8330078125
48.0070543,-110.0048828125,-43.6181640625,-14.3017578125
48.0281933,-110.0537109375,-44.8876953125,-19.5751953125
48.0717834,-110.7861328125,-45.9130859375,-24.5068359375
48.1025447,-111.1767578125,-47.0849609375,-29.7802734375
48.113675,-111.5673828125,-47.7685546875,-33.9306640625
48.1501036,-111.3232421875,-49.0380859375,-37.3974609375
48.1774886,-111.8603515625,-50.8935546875,-40.4248046875
48.2125048,-112.0556640625,-50.7958984375,-43.3056640625
48.2338972,-112.2509765625,-53.2861328125,-46.9677734375
48.276265,-113.0322265625,-54.4091796875,-50.6298828125
48.3064076,-114.2529296875,-54.9951171875,-54.9267578125
48.3233417,-114.1064453125,-54.7021484375,-59.3701171875
48.3695013,-115.9130859375,-52.3583984375,-53.7548828125
48.400568,-115.5712890625,-50.5029296875,-31.9775390625
48.4199381,-116.3525390625,-49.2333984375,-7.2705078125
48.4622021,-117.2802734375,-47.5244140625,11.3818359375
48.480976,-117.0361328125,-46.1572265625,17.5830078125
48.508107,-118.0615234375,-45.4248046875,16.5087890625
48.5454724,-118.5986328125,-45.5224609375,12.9443359375
48.5651813,-119.4775390625,-45.1318359375,6.7919921875
48.6012491,-120.3076171875,-43.8134765625,1.6650390625
48.6277499,-120.7958984375,-44.1552734375,-1.5087890625
48.6652431,-119.4775390625,-44.2529296875,-2.1923828125
48.6870627,-115.7666015625,-44.2041015625,-2.5830078125
48.7258857,-112.2509765625,-44.1552734375,-3.1201171875
48.7458123,-111.4208984375,-45.6689453125,-6.5869140625
48.7832418,-110.7861328125,-45.6201171875,-10.4931640625
48.8090925,-110.2978515625,-46.1572265625,-14.7900390625
48.8453204,-110.7861328125,-47.7197265625,-20.6494140625
48.8668088,-110.8837890625,-48.2568359375,-25.8251953125
48.9036071,-111.5673828125,-49.4775390625,-31.1962890625
48.9283959,-111.1279296875,-50.4052734375,-35.5419921875
48.9668215,-111.5185546875,-52.1630859375,-38.7158203125
48.9864554,-111.6650390625,-52.7490234375,-42.0361328125
49.0268554,-111.9091796875,-53.8720703125,-45.4541015625
49.0498304,-111.8115234375,-55.7275390625,-48.6279296875
49.0887466,-113.4228515625,-55.3369140625,-53.5595703125
49.1086923,-114.1064453125,-53.7744140625,-53.7060546875
49.1440251,-115.0830078125,-51.1376953125,-38.7158203125
49.1728996,-115.5712890625,-49.0380859375,-12.5927734375
49.2096495,-116.3037109375,-48.1591796875,10.3076171875
49.2310812,-116.6943359375,-45.4248046875,22.8564453125
49.2702119,-116.9384765625,-44.3994140625,24.3701171875
49.2915822,-117.5732421875,-43.9111328125,22.3193359375
49.328068,-118.5498046875,-43.3740234375,19.3408203125
49.3535347,-119.1357421875,-42.9833984375,13.1884765625
49.3907774,-120.0146484375,-42.4951171875,8.9892578125
49.4125417,-119.1845703125,-42.2021484375,6.2548828125
49.4512806,-117.3779296875,-42.2998046875,5.6689453125
49.4720034,-113.4716796875,-42.2509765625,4.8388671875
49.5130302,-111.2255859375,-42.6904296875,2.8369140625
49.5343512,-110.3955078125,-43.1298828125,-0.7763671875
49.5710642,-110.8349609375,-44.1552734375,-5.7080078125
49.5949884,-109.5654296875,-44.8876953125,-12.0068359375
49.6312136,-109.9072265625,-45.5712890625,-17.0849609375
49.6516724,-110.7373046875,-46.8408203125,-22.3583984375
49.6853835,-111.2744140625,-48.0615234375,-27.9736328125
49.7120589,-111.4208984375,-49.2822265625,-31.6845703125
49.7495113,-111.1279296875,-50.8447265625,-35.4443359375
49.7754127,-111.6162109375,-52.0654296875,-39.3017578125
49.8022596,-111.6650390625,-53.4326171875,-43.2568359375
49.8384881,-112.7392578125,-54.4091796875,-47.0166015625
49.8658206,-113.3740234375,-54.9951171875,-51.6064453125
49.8934532,-114.0576171875,-53.9208984375,-54.0966796875
49.9303919,-114.7412109375,-51.9189453125,-41.7431640625
49.9532928,-115.8642578125,-48.4033203125,-16.0595703125
49.9895292,-116.2060546875,-47.6220703125,9.8193359375
50.0138776,-116.9873046875,-46.1572265625,24.1259765625
50.0501038,-117.1826171875,-43.7158203125,27.7392578125
50.0737378,-117.8662109375,-43.1787109375,26.5673828125
50.1101456,-118.6474609375,-42.2998046875,24.6142578125
50.1351987,-118.9404296875,-41.9580078125,18.9990234375
50.1730121,-119.3798828125,-42.2509765625,14.5068359375
50.1959685,-120.0634765625,-41.9580078125,11.6748046875
50.2321279,-118.7451171875,-41.9091796875,10.0634765625
50.2576473,-114.8388671875,-41.6650390625,8.5986328125
50.2870311,-112.1533203125,-42.3486328125,7.0849609375
50.3143475,-110.9326171875,-41.9091796875,2.7880859375
50.3563217,-109.9072265625,-43.4228515625,-2.8271484375
50.3754821,-109.5654296875,-43.6669921875,-8.5888671875
50.4128804,-109.3212890625,-45.5224609375,-14.1552734375
50.4378137,-110.3466796875,-45.9130859375,-19.9658203125
50.4665959,-110.2490234375,-47.7197265625,-24.9951171875
50.4990001,-110.7373046875,-49.0869140625,-29.7314453125
50.526993,-110.1513671875,-49.5263671875,-34.0771484375
50.5571266,-110.8349609375,-51.1865234375,-37.3974609375
50.5894407,-111.0791015625,-52.3095703125,-40.4736328125
50.6180966,-111.7626953125,-54.1650390625,-44.4775390625
50.6476925,-112.0556640625,-55.2880859375,-49.2138671875
50.680117,-113.5693359375,-56.4111328125,-52.8271484375
50.7075304,-114.1064453125,-55.5810546875,-57.1728515625
50.7354597,-115.0830078125,-53.3837890625,-55.2197265625
50.7697027,-115.1806640625,-51.3818359375,-34.8583984375
50.798978,-116.2060546875,-49.6728515625,-6.4404296875
50.8317102,-116.6455078125,-48.0126953125,15.5810546875
50.8596487,-117.1337890625,-46.1083984375,24.4189453125
50.8887098,-118.0615234375,-44.2529296875,25.2978515625
50.9209034,-117.9638671875,-43.8134765625,23.0029296875
50.9508993,-119.1357421875,-43.0322265625,20.4150390625
50.9794198,-120.8447265625,-42.9345703125,15.1416015625
51.0120043,-120.8447265625,-42.2021484375,10.7958984375
51.0394917,-121.0888671875,-42.2998046875,8.3056640625
51.0693662,-118.5009765625,-41.7626953125,8.2080078125
51.1020766,-114.5947265625,-42.2509765625,7.0361328125
51.1309462,-112.3974609375,-43.4228515625,4.3017578125
51.1579462,-110.6396484375,-43.3740234375,-0.4345703125
51.1915398,-109.9072265625,-44.3017578125,-4.6337890625
51.2192728,-109.5654296875,-45.1318359375,-10.9814453125
51.2526282,-109.7607421875,-46.2060546875,-16.2060546875
51.2807159,-110.3466796875,-47.4755859375,-22.0654296875
51.3270376,-110.5908203125,-48.4521484375,-26.3623046875
51.3429033,-110.6884765625,-49.6728515625,-30.5615234375
51.3708828,-110.8349609375,-50.5517578125,-34.0771484375
51.4157637,-110.7861328125,-52.6025390625,-37.2998046875
51.4327986,-111.1279296875,-53.6279296875,-40.9130859375
51.4780083,-112.3974609375,-55.4345703125,-44.4775390625
51.4902096,-112.4462890625,-56.8994140625,-48.8720703125
51.5359357,-113.6669921875,-58.0224609375,-53.3154296875
51.5528681,-114.4482421875,-57.3388671875,-56.7333984375
51.5829161,-114.8388671875,-55.4345703125,-49.5068359375
51.6133741,-115.8154296875,-53.0908203125,-27.5830078125
51.6655657,-116.2548828125,-50.7470703125,-2.8271484375
51.6847897,-116.9384765625,-50.2099609375,13.6279296875
51.7032067,-117.6220703125,-48.7451171875,18.1689453125
51.7471061,-118.5498046875,-48.3056640625,16.8994140625
51.7674592,-118.7451171875,-48.1591796875,13.5302734375
51.8067731,-119.4775390625,-47.5244140625,6.5478515625
51.8259224,-120.0634765625,-46.7919921875,1.1279296875
51.8668136,-120.6982421875,-46.9384765625,-0.7763671875
51.8827382,-120.8935546875,-47.6220703125,-0.9716796875
51.9306234,-117.7685546875,-48.1591796875,-0.8251953125
51.9463318,-115.0341796875,-48.0615234375,-2.5341796875
51.9834835,-112.3486328125,-48.7939453125,-5.7568359375
52.0051225,-111.5673828125,-49.7705078125,-9.8095703125
52.0344013,-111.6650390625,-49.2333984375,-15.1806640625
52.0761967,-111.0302734375,-51.2841796875,-19.8193359375
52.0984461,-111.9091796875,-52.4072265625,-26.0693359375
52.1326914,-111.9580078125,-53.7255859375,-30.0244140625
52.1592111,-111.6650390625,-54.4580078125,-34.2236328125
52.1978055,-112.2021484375,-55.9228515625,-37.7880859375
52.2162136,-112.2509765625,-56.5087890625,-41.1572265625
52.2544636,-112.2509765625,-58.5107421875,-44.6240234375
52.2760059,-112.6904296875,-60.2197265625,-48.1884765625
52.3162265,-113.0322265625,-59.3408203125,-52.0458984375
52.3362849,-114.0576171875,-58.9990234375,-54.8779296875
52.375405,-114.7412109375,-56.4599609375,-43.2568359375
52.3963626,-115.4736328125,-54.4091796875,-18.4521484375
52.4343592,-116.2060546875,-53.6767578125,5.4736328125
52.4558955,-116.8408203125,-51.3818359375,19.3408203125
52.496774,-117.6220703125,-49.7216796875,21.7822265625
52.5171342,-117.3779296875,-49.5751953125,20.5615234375
52.5522377,-118.0615234375,-48.7939453125,16.9970703125
52.5737542,-118.7939453125,-48.0126953125,11.6748046875
52.6164534,-119.4287109375,-47.8662109375,6.3525390625
52.635485,-119.3310546875,-47.9638671875,4.9853515625
52.6754712,-119.5751953125,-47.3291015625,3.8134765625
52.6971458,-116.9384765625,-47.3291015625,3.8134765625
52.7352408,-112.7392578125,-48.5986328125,1.4208984375
52.7579357,-111.6650390625,-48.6474609375,-1.4599609375
52.7955136,-110.3466796875,-49.7705078125,-6.0009765625
52.8169606,-110.1513671875,-50.2587890625,-10.8837890625
52.8536188,-109.7119140625,-51.5283203125,-16.5478515625
52.8798126,-109.8583984375,-52.7001953125,-22.2119140625
52.9150653,-110.2490234375,-52.7490234375,-26.3623046875
52.9410966,-110.2978515625,-53.9697265625,-31.0009765625
52.9782748,-110.2001953125,-56.1669921875,-34.3212890625
52.9995428,-110.2490234375,-57.0458984375,-37.5927734375
53.0390545,-110.9326171875,-57.6318359375,-41.1572265625
53.059814,-111.4208984375,-59.6337890625,-45.2099609375
53.0981326,-111.8115234375,-59.0966796875,-49.5068359375
53.122112,-112.4951171875,-57.0947265625,-47.4072265625
53.1603587,-113.3740234375,-54.7998046875,-27.8759765625
53.1811294,-114.2529296875,-52.3583984375,-1.4111328125
53.2200863,-115.1318359375,-50.1611328125,21.3427734375
53.2418483,-115.9130859375,-48.9404296875,29.8388671875
53.2786053,-116.4013671875,-47.3779296875,30.7666015625
53.2991942,-116.7431640625,-47.0361328125,30.0341796875
53.3358995,-117.4755859375,-45.7666015625,25.8837890625
53.3625732,-117.7685546875,-45.4248046875,20.9033203125
53.3977805,-118.5009765625,-44.8388671875,17.1923828125
53.424488,-118.9404296875,-44.3505859375,15.5322265625
53.4602678,-117.3779296875,-45.1806640625,14.3115234375
53.4824955,-114.0087890625,-45.2294921875,13.7255859375
53.5220207,-110.6884765625,-45.7177734375,11.0888671875
53.5426279,-108.4912109375,-46.1572265625,6.4990234375
53.5838673,-108.1005859375,-46.6943359375,1.4697265625
53.6032171,-107.2705078125,-48.2080078125,-4.2431640625
53.6418095,-106.7333984375,-48.8916015625,-8.8330078125
53.6634131,-107.4169921875,-50.0634765625,-14.3017578125
53.6993703,-108.2470703125,-50.8447265625,-19.3798828125
53.7221069,-108.3935546875,-52.3095703125,-23.7744140625
53.7599454,-107.6123046875,-53.2861328125,-27.0947265625
53.7836903,-107.9541015625,-54.6533203125,-30.2685546875
53.8235728,-108.7353515625,-56.3623046875,-34.1748046875
53.8451311,-108.5400390625,-56.7041015625,-38.1298828125
53.8811429,-110.3466796875,-58.0224609375,-42.9638671875
53.9019625,-111.0791015625,-56.9970703125,-46.3330078125
53.9386909,-111.3232421875,-53.7744140625,-40.6689453125
53.9647857,-112.6416015625,-52.3095703125,-16.4990234375
54.0027282,-112.6416015625,-49.2333984375,12.0166015625
54.0244135,-113.4228515625,-47.3291015625,31.5966796875
54.0649705,-114.0087890625,-45.9619140625,38.2373046875
54.0866891,-114.2529296875,-44.1552734375,38.5791015625
54.1244145,-114.7412109375,-42.7880859375,37.4560546875
54.1447851,-115.6689453125,-42.5439453125,34.6728515625
54.1804163,-116.1572265625,-41.6650390625,29.8876953125
54.2081615,-116.2548828125,-41.0791015625,25.3466796875
54.2444084,-117.3291015625,-41.2255859375,23.7841796875
54.2669887,-116.3525390625,-40.9326171875,23.1494140625
54.3060699,-111.4208984375,-40.7373046875,21.8310546875
54.3264088,-108.1005859375,-41.6162109375,18.7060546875
54.3644912,-106.3427734375,-42.2021484375,13.7744140625
54.3837402,-105.7080078125,-42.4951171875,8.7451171875
54.419712,-104.9755859375,-43.0322265625,2.2021484375
54.4482297,-104.2919921875,-45.2783203125,-3.0224609375
54.4842793,-104.9267578125,-46.1572265625,-8.0029296875
54.5089777,-105.9033203125,-46.7919921875,-12.3486328125
54.558293,-105.8544921875,-48.3056640625,-15.8642578125
54.5784928,-105.6591796875,-49.1845703125,-19.9658203125
54.5999256,-106.0498046875,-50.4541015625,-23.1396484375
54.6356545,-106.4404296875,-52.7490234375,-26.4599609375
54.6605966,-107.1240234375,-53.5302734375,-31.0498046875
54.695757,-107.6611328125,-55.0439453125,-35.2490234375
54.7166156,-108.4423828125,-55.3369140625,-39.5458984375
54.7534177,-109.2724609375,-52.7978515625,-40.4248046875
54.7791115,-110.0048828125,-50.2099609375,-25.9716796875
54.8157392,-111.2744140625,-47.8173828125,0.3955078125
54.8418612,-111.9091796875,-46.6943359375,25.8837890625
54.8791171,-112.1533203125,-44.7900390625,37.6025390625
54.9043,-112.7880859375,-42.9833984375,39.4580078125
54.9406935,-113.2763671875,-42.4951171875,37.2607421875
54.9595505,-114.2529296875,-41.9091796875,34.6240234375
54.9972293,-114.7412109375,-41.5185546875,29.6923828125
55.0225666,-114.8388671875,-42.0068359375,25.6884765625
55.0587542,-116.4013671875,-40.6396484375,23.7353515625
55.0827046,-116.5478515625,-40.6884765625,23.0029296875
55.111299,-113.6669921875,-40.4931640625,21.9287109375
55.1465171,-108.9794921875,-41.8603515625,20.0732421875
55.1736862,-106.7822265625,-41.8115234375,16.6552734375
55.2011439,-105.3173828125,-43.3251953125,11.6748046875
55.2371629,-105.7568359375,-43.1787109375,6.2548828125
55.2627993,-105.2197265625,-44.2529296875,1.4208984375
55.3001729,-104.2919921875,-46.3525390625,-3.8037109375
55.3258744,-105.6591796875,-47.2802734375,-7.7587890625
55.3535425,-105.6103515625,-48.5986328125,-11.3720703125
55.3824204,-105.4638671875,-49.5263671875,-15.3271484375
55.415509,-105.7568359375,-51.5283203125,-17.9638671875
55.4432164,-106.0986328125,-52.7001953125,-20.6494140625
55.4709389,-106.8798828125,-53.8232421875,-24.9951171875
55.5128332,-107.9052734375,-54.3115234375,-29.4873046875
55.5314584,-108.2958984375,-53.1396484375,-32.2216796875
55.5676191,-109.5654296875,-50.1611328125,-20.7958984375
55.5965411,-109.9560546875,-48.6962890625,2.9833984375
55.6240654,-110.5908203125,-47.3291015625,28.0322265625
55.6516782,-111.3232421875,-45.3271484375,40.4833984375
55.6970008,-111.9091796875,-43.7158203125,42.8759765625
55.7271866,-112.4951171875,-42.8857421875,42.4853515625
55.7460684,-112.3486328125,-42.3486328125,39.2138671875
55.7761063,-112.5927734375,-43.0810546875,33.1591796875
55.8085751,-113.7646484375,-42.2509765625,28.9111328125
55.8360001,-114.5458984375,-42.7880859375,26.6162109375
55.8659503,-115.0341796875,-41.8115234375,26.4697265625
55.8929756,-113.2763671875,-42.5927734375,25.3955078125
55.9302768,-109.0771484375,-43.3251953125,23.3447265625
55.9556788,-106.2939453125,-43.8623046875,19.8779296875
55.9927945,-105.0732421875,-44.5458984375,14.6533203125
56.017719,-103.7060546875,-45.8154296875,9.2822265625
56.0448315,-104.1943359375,-46.7431640625,3.7158203125
56.0728185,-104.0478515625,-48.3056640625,-1.3623046875
56.10973,-104.7314453125,-48.7939453125,-6.0986328125
56.1507184,-104.7802734375,-50.0146484375,-9.8583984375
56.1688585,-104.8779296875,-51.8701171875,-13.9111328125
56.1977447,-104.8779296875,-52.4072265625,-17.3291015625
56.2298627,-104.8779296875,-54.1162109375,-21.3330078125
56.2584982,-106.2939453125,-54.4580078125,-25.2392578125
56.287851,-106.0498046875,-52.4560546875,-27.0458984375
56.3332423,-106.9775390625,-49.8193359375,-14.5458984375
56.3495406,-108.0517578125,-47.6708984375,10.2587890625
56.376962,-108.2958984375,-45.8154296875,37.2119140625
56.4242943,-109.4677734375,-44.1064453125,49.0771484375
56.4396446,-109.8583984375,-42.6904296875,52.3486328125
56.4667567,-110.4931640625,-41.7138671875,52.1533203125
56.514337,-111.1767578125,-41.5673828125,49.4677734375
56.5271668,-111.5673828125,-40.5908203125,44.8291015625
56.5751745,-112.5927734375,-40.1513671875,39.8486328125
56.5913699,-112.8857421875,-40.2001953125,37.0654296875
56.634771,-113.4228515625,-40.5908203125,36.4794921875
56.6472502,-112.0556640625,-41.3232421875,35.5517578125
56.6920049,-108.1005859375,-41.6162109375,33.4521484375
56.7126863,-104.8779296875,-42.0068359375,29.3994140625
56.7550183,-103.0224609375,-43.6181640625,24.5166015625
56.7694845,-102.3876953125,-44.2041015625,18.7060546875
56.8147077,-101.9970703125,-45.3759765625,13.5302734375
56.834753,-101.3134765625,-46.1083984375,7.8662109375
56.8728931,-101.8505859375,-47.9150390625,3.4228515625
56.8934113,-102.8271484375,-49.1357421875,-1.3134765625
56.9349715,-102.6806640625,-49.8193359375,-5.1708984375
56.9542317,-102.9248046875,-51.5283203125,-8.2958984375
56.9923254,-102.3388671875,-52.5048828125,-12.0068359375
57.0137992,-103.3154296875,-54.5556640625,-16.7431640625
57.0409906,-103.8525390625,-54.4091796875,-20.5517578125
57.0873088,-104.8779296875,-52.4072265625,-22.7490234375
57.1031378,-105.8056640625,-50.5029296875,-8.8330078125
57.1438638,-107.1728515625,-47.1826171875,18.8037109375
57.1643011,-107.9052734375,-45.3759765625,45.7568359375
57.2063493,-108.2470703125,-42.8369140625,57.5244140625
57.224767,-108.1982421875,-41.6650390625,60.7958984375
57.2607561,-109.3212890625,-40.6396484375,60.6005859375
57.2817268,-109.8095703125,-40.4443359375,59.6240234375
57.325631,-110.2490234375,-40.0048828125,54.2529296875
57.3448608,-111.4697265625,-39.5166015625,49.6630859375
57.385446,-111.7138671875,-39.5166015625,46.5869140625
57.4069497,-111.8603515625,-39.1748046875,45.2197265625
57.4436173,-110.9814453125,-39.3212890625,43.6572265625
57.4636843,-106.9775390625,-40.4931640625,42.0947265625
57.5056408,-103.2666015625,-41.0791015625,37.6025390625
57.5280448,-101.2158203125,-42.2509765625,31.5478515625
57.5652837,-99.8486328125,-43.2763671875,25.2001953125
57.5885177,-98.7744140625,-44.3994140625,19.9267578125
57.6269624,-98.3837890625,-45.8154296875,14.1162109375
57.6493412,-99.4580078125,-47.0361328125,9.4287109375
57.6873831,-99.5556640625,-48.2568359375,3.9599609375
57.707396,-100.3857421875,-49.5751953125,0.2001953125
57.7445062,-100.5322265625,-51.1865234375,-4.7314453125
57.7663475,-100.6787109375,-52.6513671875,-7.5634765625
57.8042324,-100.8251953125,-53.9208984375,-12.0556640625
57.8268067,-101.6064453125,-56.9970703125,-15.8154296875
57.8641835,-102.5830078125,-57.3876953125,-20.3076171875
57.8844433,-103.9990234375,-56.5087890625,-24.7509765625
57.9262601,-104.7314453125,-53.9208984375,-24.1162109375
57.946594,-105.2685546875,-51.5771484375,-3.3642578125
57.9830529,-106.4404296875,-48.5986328125,27.0068359375
58.0056893,-106.9775390625,-46.3525390625,50.3466796875
58.055764,-107.5634765625,-45.4248046875,58.6474609375
58.07613,-108.1982421875,-42.5439453125,60.1123046875
58.0976395,-108.3935546875,-42.6416015625,59.5263671875
58.1499649,-109.4677734375,-41.5673828125,58.2080078125
58.1804437,-110.1025390625,-41.1767578125,53.2275390625
58.1861275,-110.2978515625,-41.4697265625,48.6865234375
58.2231587,-111.3720703125,-41.6162109375,45.8056640625
58.2497833,-111.6162109375,-41.1767578125,45.1220703125
58.2860323,-110.4443359375,-42.0068359375,43.9013671875
58.3067243,-105.2197265625,-42.3974609375,41.6552734375
58.3441629,-101.3623046875,-42.9833984375,36.5283203125
58.3685314,-99.9951171875,-44.2041015625,31.3525390625
58.4056981,-98.6279296875,-45.5224609375,25.7373046875
58.4283174,-97.8955078125,-46.9873046875,19.0966796875
58.4655668,-97.7490234375,-48.4521484375,13.6279296875
58.4879336,-98.4814453125,-49.1845703125,8.1591796875
58.5268831,-99.0185546875,-51.3330078125,3.5205078125
58.5467328,-99.1650390625,-52.2119140625,-0.9228515625
58.582804,-99.5556640625,-53.8232421875,-4.3896484375
58.6098213,-100.1904296875,-55.7275390625,-7.9541015625
58.6454461,-100.0439453125,-57.0947265625,-11.1279296875
58.669125,-101.0693359375,-58.6572265625,-15.8154296875
58.7066648,-102.3388671875,-60.8056640625,-20.0634765625
58.7336382,-103.5107421875,-60.5126953125,-25.0439453125
58.7795538,-104.3896484375,-59.3408203125,-26.9482421875
58.811514,-104.9755859375,-56.3134765625,-16.6455078125
58.8222983,-105.9521484375,-54.8486328125,8.9892578125
58.8599973,-107.1728515625,-52.9443359375,36.7236328125
58.8813927,-107.8076171875,-50.9423828125,50.5908203125
58.9182289,-108.1005859375,-50.1123046875,53.9599609375
58.9405509,-109.5654296875,-48.6474609375,52.5439453125
58.9784259,-109.6142578125,-48.8427734375,50.4931640625
59.0016197,-109.8583984375,-47.7197265625,45.1220703125
59.0361311,-111.1767578125,-48.4033203125,40.0927734375
59.0644643,-111.8603515625,-48.3056640625,38.0908203125
59.1019092,-112.4462890625,-48.2080078125,38.8720703125
59.1209802,-112.4951171875,-48.6962890625,38.7255859375
59.1568256,-109.9560546875,-49.7216796875,36.1376953125
59.1818043,-104.6337890625,-49.8681640625,33.0126953125
59.2210954,-102.1435546875,-51.1865234375,27.3974609375
59.2432978,-100.8251953125,-52.6025390625,21.1474609375
59.280749,-99.4580078125,-53.3349609375,15.8251953125
59.3013349,-99.3603515625,-54.8974609375,10.6005859375
59.3408319,-99.5556640625,-56.5576171875,5.2294921875
59.3648694,-100.5322265625,-56.4111328125,1.0791015625
59.4038203,-101.0205078125,-58.8037109375,-3.0712890625
59.4257082,-101.1181640625,-59.8779296875,-5.7568359375
59.462997,-101.1181640625,-61.5869140625,-9.5166015625
59.4844092,-101.1669921875,-63.2470703125,-13.8623046875
59.522909,-101.6064453125,-64.5654296875,-17.5244140625
59.5445246,-102.8271484375,-64.1259765625,-22.1630859375
59.5940391,-103.7548828125,-61.8310546875,-20.0146484375
59.6158879,-104.6337890625,-59.0478515625,-2.6806640625
59.6321369,-105.5126953125,-57.0947265625,24.9072265625
59.6706453,-106.4404296875,-55.5322265625,46.1474609375
59.6932531,-107.0263671875,-53.1884765625,54.6923828125
59.7344506,-107.4658203125,-53.0419921875,55.8642578125
59.7547418,-107.8564453125,-51.8701171875,54.3994140625
59.7920315,-108.7841796875,-51.2353515625,50.8837890625
59.8174704,-109.1259765625,-51.4306640625,45.5126953125
59.8519808,-110.1513671875,-50.5517578125,41.5087890625
59.8738169,-110.3955078125,-50.4541015625,40.1904296875
59.9118047,-110.9326171875,-50.8447265625,40.2392578125
59.9355373,-110.6396484375,-51.8212890625,38.9208984375
59.973896,-106.0498046875,-52.0654296875,36.4794921875
59.9972827,-102.8759765625,-53.7744140625,32.0361328125
60.0360691,-100.6787109375,-54.4580078125,25.6884765625
60.0581659,-99.6044921875,-55.1904296875,20.2685546875
60.0940687,-99.0185546875,-56.0205078125,13.5791015625
60.1165282,-98.1396484375,-57.7294921875,8.2080078125
60.1519017,-98.7744140625,-58.7548828125,3.6181640625
60.1796599,-99.8486328125,-60.3662109375,-1.1181640625
60.2048694,-99.9462890625,-61.7333984375,-4.8291015625
60.2438227,-100.2392578125,-63.2470703125,-8.0029296875
60.2694893,-100.0927734375,-63.8818359375,-11.9091796875
60.3085948,-101.1181640625,-65.6396484375,-15.9619140625
60.3322228,-101.2646484375,-64.8095703125,-20.1611328125
60.3576713,-101.5576171875,-63.4423828125,-21.7724609375
60.3965618,-103.3154296875,-61.4892578125,-7.4169921875
60.4181813,-104.1943359375,-58.6572265625,20.1708984375
60.4555497,-104.8291015625,-56.8017578125,45.5126953125
60.4829879,-105.9033203125,-56.0205078125,56.2548828125
60.5178602,-106.7822265625,-53.3837890625,58.0615234375
60.5399449,-107.3193359375,-52.0166015625,57.9638671875
60.5790099,-108.0029296875,-52.4560546875,57.1337890625
60.5985968,-108.1005859375,-52.3583984375,51.3232421875
60.6372981,-109.0771484375,-51.6259765625,46.3427734375
60.6609735,-109.7119140625,-51.0400390625,44.3408203125
60.6978043,-110.8837890625,-51.4794921875,42.9248046875
60.7189322,-110.9326171875,-51.5283203125,42.3876953125
60.7558025,-108.6376953125,-52.9931640625,39.7021484375
60.7780376,-103.5107421875,-53.1884765625,35.0634765625
60.816192,-101.0693359375,-54.7998046875,29.3017578125
60.8412677,-98.8720703125,-55.4833984375,23.5400390625
60.8773244,-98.4814453125,-55.7275390625,17.4365234375
60.9028669,-97.9443359375,-58.0224609375,11.5771484375
60.9313562,-98.1884765625,-58.2177734375,5.5224609375
60.9701337,-98.1396484375,-60.5126953125,0.9814453125
60.9917517,-99.8486328125,-61.4404296875,-4.0478515625
61.0384023,-99.7998046875,-63.3935546875,-6.8798828125
61.055225,-99.5556640625,-64.5166015625,-10.6884765625
61.0844073,-100.2392578125,-67.1533203125,-15.1318359375
61.1101999,-101.0205078125,-68.6181640625,-19.9658203125
61.1477956,-101.9482421875,-69.0576171875,-24.4580078125
61.1908962,-102.9736328125,-67.7880859375,-28.9990234375
61.201541,-103.7548828125,-64.8095703125,-22.6513671875
61.234425,-105.0732421875,-62.2705078125,0.7861328125
61.2627546,-105.7568359375,-61.1962890625,31.2060546875
61.300168,-106.3916015625,-58.6083984375,49.1748046875
61.3235284,-107.3681640625,-56.8994140625,53.8623046875
61.3547849,-107.5634765625,-56.1181640625,54.1552734375
61.3842388,-108.3447265625,-53.9697265625,54.0087890625
61.4412371,-108.6865234375,-53.3837890625,50.6884765625
61.444166,-109.3701171875,-53.8232421875,44.8779296875
61.4944884,-110.9814453125,-53.4326171875,41.2646484375
61.5037865,-110.9814453125,-53.4814453125,38.2861328125
61.5351446,-111.8115234375,-53.5791015625,37.3095703125
61.5668702,-111.2255859375,-54.0185546875,36.2353515625
61.596372,-107.1728515625,-54.5068359375,31.9873046875
61.6462003,-103.0224609375,-55.2880859375,27.0068359375
61.6578344,-100.0439453125,-55.9716796875,20.7568359375
61.7038512,-99.1650390625,-57.3388671875,14.7998046875
61.7172408,-98.2373046875,-58.8525390625,8.4521484375
61.7631079,-98.0908203125,-59.4384765625,1.6650390625
61.7744996,-98.5791015625,-60.9521484375,-2.4853515625
61.8211184,-99.4580078125,-61.8798828125,-7.1728515625
61.8429341,-99.5556640625,-63.2958984375,-11.4208984375
61.8944845,-100.3369140625,-65.1513671875,-15.1318359375
61.8974858,-100.1904296875,-66.9580078125,-19.2333984375
61.9574137,-100.6787109375,-68.2275390625,-23.3837890625
61.9783287,-101.1181640625,-69.9365234375,-27.5830078125
61.989466,-102.4365234375,-71.0107421875,-33.0517578125
62.0356492,-103.3642578125,-70.6689453125,-37.2021484375
62.0579543,-104.0478515625,-68.7158203125,-37.1533203125
62.0995503,-105.3173828125,-65.5419921875,-19.3310546875
62.1310983,-105.6591796875,-64.0283203125,8.4521484375
62.1397459,-107.0751953125,-62.2705078125,32.2802734375
62.1845997,-107.2216796875,-60.3173828125,41.1181640625
62.2097692,-107.9052734375,-58.6083984375,42.4365234375
62.2287812,-108.9794921875,-58.4130859375,41.9482421875
62.2873228,-109.7119140625,-57.6806640625,38.5791015625
62.3181862,-110.0048828125,-57.4365234375,32.2802734375
62.3192217,-110.9814453125,-57.5830078125,28.6669921875
62.3644353,-111.3720703125,-56.7529296875,26.4208984375
62.3794751,-112.2021484375,-57.2900390625,25.6396484375
62.4226862,-112.5439453125,-57.7294921875,24.7607421875
62.44337,-110.6884765625,-57.8271484375,21.8310546875
62.4837106,-106.3916015625,-58.5595703125,17.9248046875
62.5044175,-103.1201171875,-59.4384765625,13.0419921875
62.5425118,-101.7041015625,-60.5615234375,6.3037109375
62.5628023,-100.7763671875,-61.6357421875,0.7861328125
62.603423,-100.1416015625,-62.4169921875,-4.1455078125
62.6237445,-99.9462890625,-63.9306640625,-9.0771484375
62.6615337,-101.1669921875,-65.2978515625,-12.3486328125
62.6817946,-101.8017578125,-65.7861328125,-16.5478515625
62.7228749,-101.8017578125,-67.3486328125,-19.6728515625
62.7443083,-101.2158203125,-69.6923828125,-22.4072265625
62.7840002,-101.6064453125,-71.0107421875,-26.5576171875
62.8060067,-102.0458984375,-72.2802734375,-31.1474609375
62.8444365,-103.1201171875,-72.0849609375,-35.6396484375
62.8669247,-103.9990234375,-69.9365234375,-36.0791015625
62.9074266,-104.9267578125,-67.9833984375,-23.0419921875
62.9274012,-105.4638671875,-66.0791015625,2.9345703125
62.9655973,-106.9287109375,-64.6142578125,25.9814453125
62.9858095,-107.5146484375,-63.1005859375,36.9677734375
63.0223205,-107.7099609375,-61.2939453125,38.0419921875
63.0414477,-108.5400390625,-61.1962890625,35.8935546875
63.0844585,-108.1494140625,-60.2685546875,32.4755859375
63.1048783,-109.3701171875,-60.3662109375,26.0302734375
63.1433407,-110.3466796875,-60.2197265625,22.1728515625
63.1634583,-111.3720703125,-59.6337890625,19.5849609375
63.2041501,-111.5673828125,-60.1708984375,19.8291015625
63.2280274,-112.3486328125,-60.3173828125,18.7548828125
63.2696996,-110.9814453125,-61.1962890625,16.1669921875
63.2910687,-107.1240234375,-61.4404296875,12.1630859375
63.3266932,-103.3154296875,-62.7587890625,7.3779296875
63.3469294,-101.8017578125,-63.5888671875,1.4697265625
63.385696,-100.6787109375,-64.5654296875,-4.7802734375
63.4058424,-100.4345703125,-65.6884765625,-9.5654296875
63.4415406,-100.3369140625,-66.6650390625,-14.9365234375
63.4637959,-101.3623046875,-68.2763671875,-18.7451171875
63.5007863,-101.6064453125,-70.8154296875,-21.7724609375
63.525612,-101.2646484375,-71.4501953125,-25.3857421875
63.5641752,-101.7041015625,-72.3291015625,-29.5849609375
63.5887952,-102.1923828125,-73.8916015625,-33.1494140625
63.6299347,-102.4853515625,-72.1826171875,-37.4462890625
63.6490592,-102.6318359375,-69.8388671875,-33.8818359375
63.6861116,-103.8037109375,-67.8369140625,-14.0087890625
63.7065085,-104.6337890625,-65.2978515625,12.8466796875
63.7416901,-105.1220703125,-63.4912109375,32.4267578125
63.7674476,-106.2939453125,-62.0751953125,39.9951171875
63.8054413,-107.1240234375,-61.0986328125,38.7744140625
63.8259437,-107.6611328125,-60.3173828125,37.1142578125
63.8625791,-108.1005859375,-59.9267578125,33.8427734375
63.8873584,-108.2958984375,-59.1943359375,28.5205078125
63.9237845,-108.6376953125,-59.2919921875,25.1513671875
63.9482717,-109.9560546875,-58.2177734375,23.5888671875
63.9864437,-110.7373046875,-58.4619140625,23.2958984375
64.0098626,-110.6396484375,-59.0478515625,21.8310546875
64.0459863,-109.6142578125,-59.2431640625,18.2177734375
64.0674345,-104.6826171875,-59.8779296875,13.5302734375
64.1079684,-101.3134765625,-61.6357421875,8.5498046875
64.1280038,-100.5322265625,-62.9541015625,3.0322265625
64.1667158,-99.4580078125,-63.6376953125,-3.0224609375
64.187974,-98.0908203125,-65.2978515625,-7.8564453125
64.227982,-98.7744140625,-66.3232421875,-12.4951171875
64.2501682,-99.3115234375,-67.7392578125,-17.0361328125
64.2906153,-99.7021484375,-68.7158203125,-20.4541015625
64.3106371,-99.2138671875,-70.3271484375,-23.7744140625
64.3468106,-99.2138671875,-72.1826171875,-27.9736328125
64.3713913,-100.1904296875,-72.8662109375,-32.4169921875
64.4126014,-100.5810546875,-73.9404296875,-36.8115234375
64.4313013,-101.4111328125,-71.0107421875,-38.7158203125
64.4691144,-101.8994140625,-68.7158203125,-26.8505859375
64.4899908,-102.7783203125,-66.6162109375,-0.3369140625
64.5309858,-104.4873046875,-64.4677734375,27.0556640625
64.5527034,-104.8779296875,-62.5146484375,40.4833984375
64.5906886,-105.0244140625,-61.1962890625,43.0224609375
64.6115138,-106.5380859375,-60.1708984375,42.7783203125
64.6488403,-106.3916015625,-58.8037109375,41.5576171875
64.6716613,-107.2216796875,-59.0478515625,37.0654296875
64.7084073,-108.2958984375,-58.5107421875,32.3291015625
64.7337062,-108.8330078125,-58.2177734375,29.3017578125
64.7699739,-109.2236328125,-57.7783203125,28.1298828125
64.7907474,-109.9560546875,-58.4619140625,27.6904296875
64.8310634,-109.7607421875,-58.8525390625,24.9560546875
64.8513226,-106.4404296875,-60.2197265625,21.2939453125
64.8882291,-101.8017578125,-60.8056640625,16.1181640625
64.9146157,-98.8232421875,-61.5869140625,10.0146484375
64.9527886,-97.2119140625,-63.1494140625,4.1064453125
64.9732068,-96.3818359375,-63.1005859375,-1.5087890625
65.0114615,-95.9423828125,-65.6396484375,-6.8798828125
65.0347822,-95.6982421875,-65.7373046875,-11.4208984375
65.0731934,-96.6748046875,-67.9345703125,-16.2548828125
65.095533,-97.1630859375,-69.2041015625,-19.8681640625
65.130628,-97.0166015625,-70.6689453125,-23.2373046875
65.1555781,-97.3583984375,-72.9638671875,-26.6552734375
65.1927947,-97.2607421875,-74.3798828125,-31.0009765625
65.2174553,-97.9931640625,-76.3818359375,-35.1513671875
65.2546052,-99.0185546875,-74.8681640625,-39.8876953125
65.2749343,-100.0439453125,-73.8916015625,-42.0849609375
65.3242492,-101.0205078125,-69.9365234375,-27.3388671875
65.3442875,-101.9482421875,-67.8369140625,0.7861328125
65.3646463,-102.7294921875,-65.6396484375,28.3251953125
65.4047226,-103.8525390625,-63.5888671875,39.7021484375
65.4373796,-104.0966796875,-61.5869140625,42.8759765625
65.4544718,-104.8779296875,-60.4638671875,40.9228515625
65.4986241,-105.7080078125,-60.1708984375,40.5810546875
65.5187545,-106.0498046875,-58.9990234375,35.9423828125
65.5544208,-106.4404296875,-59.2431640625,31.2060546875
65.5776656,-107.2705078125,-59.2431640625,27.8857421875
65.6246493,-108.3447265625,-58.7548828125,26.8603515625
65.6441968,-108.8330078125,-59.5361328125,26.2255859375
65.668784,-109.0771484375,-59.2919921875,23.0029296875
65.7174883,-105.7568359375,-60.4150390625,19.1455078125
65.7394744,-101.0693359375,-61.4892578125,13.8232421875
65.7577883,-97.6025390625,-62.6611328125,8.5986328125
65.7957169,-96.0888671875,-63.9794921875,1.6650390625
65.8188314,-95.5517578125,-65.0537109375,-3.7548828125
65.8560815,-94.6240234375,-65.9326171875,-8.1494140625
65.8816467,-94.5263671875,-67.9345703125,-13.3251953125
65.9198697,-96.0888671875,-69.0087890625,-17.2802734375
65.9370539,-96.2353515625,-70.8154296875,-21.2353515625
65.9736886,-96.2353515625,-71.6455078125,-24.5556640625
65.9988124,-96.3818359375,-73.5986328125,-28.3642578125
66.027785,-96.8701171875,-74.8681640625,-32.1240234375
66.0650729,-98.1884765625,-76.5283203125,-36.5185546875
66.0876821,-98.7744140625,-77.8955078125,-41.1572265625
66.1255437,-99.7021484375,-76.2353515625,-45.4052734375
66.151431,-101.0693359375,-73.8916015625,-40.1318359375
66.187579,-101.8994140625,-71.9384765625,-17.6708984375
66.2128775,-103.0712890625,-69.7900390625,10.9423828125
66.2404515,-103.8037109375,-68.2275390625,29.3505859375
66.2777827,-104.0478515625,-66.8115234375,35.3564453125
66.3044788,-105.1220703125,-65.7373046875,34.5263671875
66.3324635,-106.0498046875,-66.2255859375,31.9384765625
66.3613286,-106.4404296875,-65.6396484375,28.1298828125
66.3993936,-107.6123046875,-65.0048828125,21.9775390625
66.4217213,-108.0029296875,-65.1025390625,19.4873046875
66.4552591,-108.8330078125,-65.7373046875,18.3154296875
66.4838297,-109.7119140625,-65.3955078125,18.0224609375
66.5134406,-110.2490234375,-66.4697265625,16.5087890625
66.54491,-110.2978515625,-66.9091796875,14.0185546875
66.5919096,-105.9521484375,-67.9345703125,9.6240234375
66.6133527,-101.7041015625,-69.2529296875,3.7646484375
66.6300746,-99.9951171875,-69.7412109375,-1.3623046875
66.6811387,-99.0185546875,-71.1572265625,-6.9775390625
66.7025382,-99.2626953125,-72.6220703125,-11.5673828125
66.740026,-98.8232421875,-74.2822265625,-16.9384765625
66.7603927,-99.0185546875,-75.5029296875,-20.4052734375
66.7822549,-100.1416015625,-76.7724609375,-22.8955078125
66.8147448,-100.0927734375,-78.6767578125,-26.5087890625
66.8599147,-100.6298828125,-79.8486328125,-30.2685546875
66.8813149,-100.9716796875,-80.6787109375,-35.5908203125
66.9220645,-101.5087890625,-81.5087890625,-39.4970703125
66.9422032,-102.0947265625,-80.2880859375,-43.0126953125
66.9795502,-103.1689453125,-77.9931640625,-35.6396484375
66.999762,-104.0478515625,-76.3330078125,-11.5673828125
67.0235483,-104.7802734375,-74.1845703125,13.7255859375
67.0571643,-105.8544921875,-72.6220703125,30.0830078125
67.0994499,-106.1962890625,-71.7919921875,34.4775390625
67.1192805,-107.0263671875,-71.0107421875,33.4033203125
67.1624578,-107.9541015625,-70.7177734375,31.0595703125
67.1841593,-107.6611328125,-69.9853515625,26.0791015625
67.2206969,-108.7353515625,-70.0341796875,20.8544921875
67.23986,-109.4189453125,-69.4970703125,18.2666015625
67.2848504,-109.9072265625,-70.1318359375,17.3388671875
67.3044899,-110.7861328125,-69.4482421875,16.9970703125
67.3429938,-111.0791015625,-70.7666015625,15.5322265625
67.3653311,-111.1279296875,-71.6455078125,11.6259765625
67.4020975,-107.4658203125,-72.5732421875,6.9873046875
67.4234372,-104.1943359375,-73.4033203125,0.9814453125
67.45934,-102.2900390625,-74.7705078125,-3.7060546875
67.4794505,-101.6552734375,-75.5029296875,-8.8818359375
67.5221044,-101.1669921875,-76.8212890625,-14.3017578125
67.5424974,-100.7763671875,-78.6767578125,-19.8681640625
67.580164,-101.8505859375,-79.8486328125,-21.8212890625
67.6020617,-101.9970703125,-81.5087890625,-25.5810546875
67.6404741,-101.8017578125,-82.6318359375,-29.1455078125
67.6606128,-102.4365234375,-83.4130859375,-33.5400390625
67.713412,-102.4365234375,-83.8525390625,-37.0556640625
67.7345912,-102.9248046875,-81.1181640625,-39.2041015625
67.7468364,-103.8037109375,-78.7744140625,-26.1669921875
67.7914494,-104.9267578125,-76.6748046875,-1.1669921875
67.8115434,-105.0732421875,-74.6728515625,24.9560546875
67.8544698,-106.0498046875,-73.5009765625,37.3583984375
67.8746268,-106.5380859375,-71.5478515625,39.1162109375
67.9130754,-107.1240234375,-71.2060546875,37.7978515625
67.9334754,-108.1982421875,-70.8154296875,35.3076171875
67.9795826,-108.6865234375,-70.0341796875,30.2294921875
68.011455,-109.5166015625,-70.3759765625,25.4931640625
68.0176884,-109.8583984375,-69.1552734375,22.9052734375
68.0621365,-110.2978515625,-69.3505859375,22.6123046875
68.0826819,-111.3232421875,-70.0830078125,22.0263671875
68.1203732,-111.7138671875,-70.6201171875,19.6337890625
68.1409674,-110.4443359375,-70.9130859375,15.1904296875
68.1818548,-107.5634765625,-72.7197265625,10.1611328125
68.2020432,-104.2919921875,-72.7685546875,5.0830078125
68.2459438,-102.8271484375,-74.2333984375,-0.5810546875
68.2673784,-101.8017578125,-75.3564453125,-6.2939453125
68.3064335,-100.8740234375,-76.7236328125,-11.5673828125
68.3372592,-100.5810546875,-76.9677734375,-15.4736328125
68.3550796,-101.0693359375,-79.0673828125,-19.1845703125
68.3911833,-101.6064453125,-80.5322265625,-23.4326171875
68.4124851,-101.8017578125,-82.2412109375,-26.0693359375
68.4494314,-101.9970703125,-83.8525390625,-30.3173828125
68.4745972,-101.7529296875,-83.9990234375,-34.7607421875
68.5116429,-101.9482421875,-82.3876953125,-38.5205078125
68.5359042,-102.9736328125,-79.9462890625,-34.1748046875
68.5741555,-103.9013671875,-77.0166015625,-12.8369140625
68.5947231,-104.0966796875,-75.3076171875,16.4111328125
68.6301736,-104.8779296875,-73.2080078125,36.2841796875
68.6525986,-105.7080078125,-71.7431640625,42.7783203125
68.6888877,-106.2939453125,-69.7900390625,42.6806640625
68.7147669,-107.3193359375,-69.0087890625,41.2646484375
68.7511578,-108.4423828125,-68.9599609375,37.7978515625
68.7713309,-108.2958984375,-68.5693359375,32.4267578125
68.8085689,-109.4189453125,-67.8857421875,29.4482421875
68.8325384,-109.4677734375,-67.7880859375,27.2998046875
68.8724019,-110.1513671875,-67.9833984375,26.0302734375
68.8953034,-110.7861328125,-68.4716796875,24.7607421875
68.9337132,-110.7861328125,-68.3740234375,20.5615234375
68.9562575,-108.6865234375,-69.9365234375,15.9716796875
68.9933063,-105.3662109375,-69.8388671875,11.1376953125
69.0161943,-101.7529296875,-71.4990234375,5.3759765625
69.0543813,-100.9716796875,-72.7197265625,-0.6298828125
69.0757422,-99.6533203125,-74.2822265625,-6.2451171875
69.1195239,-99.6533203125,-75.3564453125,-10.8349609375
69.141717,-99.1650390625,-76.8701171875,-16.0595703125
69.1768588,-99.8486328125,-78.0419921875,-19.8193359375
69.196845,-100.3857421875,-79.6044921875,-22.8466796875
69.2329972,-100.4833984375,-81.1181640625,-26.8505859375
69.2552777,-100.3857421875,-82.8759765625,-30.7080078125
69.2917018,-100.2880859375,-84.4384765625,-34.7607421875
69.3179216,-100.7763671875,-83.5107421875,-38.7646484375
69.3684476,-101.6064453125,-81.9970703125,-43.3544921875
69.4004272,-102.0947265625,-79.3603515625,-35.3466796875
69.4066891,-103.3642578125,-76.4306640625,-11.2744140625
69.4450659,-103.7548828125,-74.4287109375,18.0712890625
69.4682803,-104.9267578125,-72.2314453125,35.5029296875
69.504576,-104.9755859375,-71.2060546875,40.3369140625
69.5317453,-106.0498046875,-68.7646484375,39.8486328125
69.5675802,-106.5380859375,-68.6669921875,38.7744140625
69.5919494,-106.9287109375,-67.6904296875,34.9169921875
69.63205,-107.1240234375,-66.7626953125,30.9130859375
69.6512853,-107.8076171875,-66.3720703125,27.2509765625
69.6873272,-108.4423828125,-66.6650390625,25.8349609375
69.710957,-109.3212890625,-67.0068359375,24.5654296875
69.747181,-110.1513671875,-67.3974609375,22.9052734375
69.7708878,-110.0537109375,-67.7392578125,19.7802734375
69.8104246,-107.4658203125,-68.4716796875,14.4091796875
69.8307991,-103.0712890625,-70.0830078125,8.8916015625
69.8694115,-100.7275390625,-70.6689453125,3.5693359375
69.889515,-99.2626953125,-72.6708984375,-2.5341796875
69.9269715,-98.0908203125,-73.1591796875,-7.4658203125
69.9501253,-97.4072265625,-74.6240234375,-12.4462890625
69.9876896,-97.3583984375,-75.3564453125,-16.4013671875
70.0132102,-97.9443359375,-77.0654296875,-19.7216796875
70.0512756,-98.3837890625,-78.7744140625,-22.7978515625
70.0750913,-98.7255859375,-79.8486328125,-27.0947265625
70.1215849,-98.4814453125,-81.6064453125,-30.2685546875
70.1522011,-99.2138671875,-82.5830078125,-34.3212890625
70.1602198,-99.2626953125,-82.3388671875,-38.1298828125
70.1974719,-100.2392578125,-79.4580078125,-38.4228515625
70.2218604,-101.7041015625,-78.2861328125,-22.7978515625
70.2586729,-101.9970703125,-76.0400390625,2.4462890625
70.283647,-103.2666015625,-73.8427734375,25.1513671875
70.3208322,-103.4130859375,-73.1103515625,34.1845703125
70.3449013,-104.6337890625,-71.7919921875,35.6982421875
70.3824102,-105.4150390625,-71.4013671875,33.5986328125
70.403897,-106.1962890625,-71.1083984375,30.1806640625
70.4389917,-105.6591796875,-70.3759765625,24.0283203125
70.4642306,-107.2705078125,-70.3759765625,21.0009765625
70.5136434,-107.7099609375,-70.3759765625,19.9267578125
70.532132,-108.5888671875,-70.9130859375,19.4384765625
70.5529716,-109.2236328125,-70.8642578125,19.0966796875
70.588617,-110.0048828125,-71.4990234375,16.6552734375
70.6157112,-109.3212890625,-72.0361328125,12.7978515625
70.6530891,-106.1962890625,-73.4033203125,7.5732421875
70.6757143,-101.9482421875,-74.1357421875,2.0556640625
70.7114109,-99.7509765625,-75.6982421875,-3.5107421875
70.7325488,-98.7255859375,-76.8212890625,-7.9052734375
70.7682947,-98.9208984375,-78.4326171875,-12.8369140625
70.7944933,-98.2861328125,-79.5068359375,-16.7919921875
70.8317039,-98.9208984375,-80.8251953125,-20.1123046875
70.8550347,-99.6533203125,-82.8759765625,-23.3837890625
70.8926739,-99.3115234375,-83.8037109375,-26.9970703125
70.918079,-98.6279296875,-84.2919921875,-31.7822265625
70.9555644,-99.6044921875,-83.1201171875,-35.2001953125
70.9787923,-100.1416015625,-80.4833984375,-30.7080078125
71.0162435,-100.6298828125,-77.7978515625,-9.4189453125
71.036751,-101.7529296875,-76.0400390625,16.5087890625
71.0906626,-102.1923828125,-73.3544921875,34.3310546875
71.0985161,-102.9736328125,-72.5244140625,41.0693359375
71.1365501,-104.0478515625,-71.6943359375,41.1181640625
71.1593899,-104.1455078125,-71.2060546875,39.3115234375
71.1956374,-105.5126953125,-70.3271484375,35.6494140625
71.2166708,-105.5126953125,-70.3759765625,30.2783203125
71.2626329,-105.8544921875,-70.2783203125,27.4951171875
71.2939814,-106.3427734375,-69.6435546875,25.9814453125
71.3102024,-106.9775390625,-70.4736328125,26.6162109375
71.3405685,-108.2470703125,-70.7177734375,24.2724609375
71.3676945,-108.2470703125,-71.7919921875,22.0263671875
71.417947,-107.1728515625,-72.3779296875,17.5341796875
71.4387656,-103.3642578125,-73.4033203125,12.4560546875
71.4600053,-99.4580078125,-75.2587890625,6.7919921875
71.4908917,-97.9443359375,-75.7470703125,1.4208984375
71.5206519,-97.4072265625,-76.4794921875,-3.0224609375
71.5500171,-95.8447265625,-77.7978515625,-7.2216796875
71.5862391,-96.0888671875,-79.0673828125,-10.6396484375
71.6097232,-97.5537109375,-80.9716796875,-13.7158203125
71.6443756,-97.7001953125,-82.1923828125,-17.8662109375
71.6719598,-97.1630859375,-82.5830078125,-21.9677734375
71.7005623,-97.2119140625,-82.9736328125,-26.0693359375
71.7340084,-97.5048828125,-80.6298828125,-27.4853515625
71.7787896,-97.3095703125,-77.9931640625,-14.3994140625
71.7925793,-98.7255859375,-75.4052734375,12.5048828125
71.8398957,-99.1162109375,-73.5498046875,37.9443359375
71.8508133,-99.8486328125,-71.9873046875,50.0048828125
71.9008641,-100.8251953125,-70.2294921875,52.7392578125
71.9124666,-101.3623046875,-68.6181640625,52.4951171875
71.9585187,-102.2412109375,-68.9599609375,51.9091796875
71.9709592,-103.2666015625,-67.6416015625,47.3193359375
72.0204352,-103.2666015625,-67.5927734375,42.5830078125
72.0332295,-104.0478515625,-67.1533203125,39.9951171875
72.0647582,-104.8779296875,-67.1044921875,38.9697265625
72.1107821,-105.5615234375,-67.8857421875,38.4326171875
72.1229908,-106.0498046875,-68.5205078125,36.3330078125
72.1699577,-107.1240234375,-69.5458984375,32.8662109375
72.1898892,-104.7314453125,-70.6201171875,26.8603515625
72.2311736,-99.4091796875,-71.4013671875,20.9521484375
72.2533151,-96.7236328125,-73.6474609375,14.9462890625
72.2728015,-95.5029296875,-74.0380859375,10.1123046875
72.3020256,-94.1357421875,-75.5029296875,4.5458984375
72.3346228,-92.8662109375,-76.7724609375,0.1513671875
72.3821643,-92.4267578125,-78.1396484375,-3.9990234375
72.3967432,-92.9150390625,-79.1162109375,-7.6611328125
72.4406404,-94.6728515625,-80.8740234375,-11.1767578125
72.4607431,-93.9892578125,-82.9736328125,-15.4736328125
72.5014989,-94.0869140625,-83.7548828125,-19.7216796875
72.5232438,-95.0634765625,-82.2412109375,-23.6767578125
72.5629885,-95.0146484375,-79.7509765625,-21.3330078125
72.5780266,-96.0400390625,-76.9189453125,-0.5810546875
72.6205478,-97.0654296875,-75.0634765625,29.0087890625
72.6406792,-97.8955078125,-73.0615234375,50.7861328125
72.6805525,-99.0185546875,-71.6943359375,57.7197265625
72.6989173,-99.7509765625,-69.8876953125,59.4287109375
72.7399657,-100.4345703125,-69.3017578125,59.0380859375
72.7612833,-101.8017578125,-68.3740234375,56.7431640625
72.8039875,-102.2900390625,-67.3486328125,52.5439453125
72.8339486,-102.5830078125,-68.4716796875,47.4169921875
72.8458741,-103.2666015625,-67.6904296875,45.9521484375
72.8893368,-103.5595703125,-67.3974609375,44.0478515625
72.9085444,-104.2431640625,-67.6904296875,42.8759765625
72.9517807,-105.0244140625,-68.6669921875,39.7998046875
72.9733083,-105.0244140625,-69.2041015625,35.1611328125
73.0085283,-101.6064453125,-70.9619140625,29.1552734375
73.0286652,-97.0166015625,-72.0849609375,23.1494140625
73.0703556,-94.0380859375,-73.5986328125,17.2412109375
73.0893696,-92.2802734375,-74.9658203125,11.6259765625
73.1292824,-91.3525390625,-76.0888671875,5.9619140625
73.1506355,-90.6689453125,-77.0654296875,1.6162109375
73.1921755,-89.3505859375,-78.8232421875,-2.2900390625
73.2128459,-91.6943359375,-80.5322265625,-5.6591796875
73.249766,-92.2802734375,-81.8505859375,-9.7607421875
73.2715992,-92.0361328125,-83.5595703125,-13.6181640625
73.3096085,-92.7197265625,-85.9521484375,-18.6962890625
73.3296792,-93.8916015625,-86.4892578125,-23.4326171875
73.3818071,-93.7451171875,-85.2197265625,-27.8271484375
73.4014513,-94.8681640625,-82.2412109375,-23.7255859375
73.420817,-95.6494140625,-79.6044921875,-2.0458984375
73.458365,-96.7236328125,-78.3349609375,27.1533203125
73.4810591,-98.2373046875,-76.5283203125,47.0263671875
73.5238876,-98.9208984375,-74.2333984375,52.6416015625
73.5443361,-99.7509765625,-73.9892578125,51.9580078125
73.5810936,-101.1181640625,-73.1591796875,50.6396484375
73.6053984,-101.1181640625,-73.5009765625,47.4658203125
73.6408126,-102.0458984375,-73.1103515625,42.3876953125
73.662753,-102.3388671875,-72.9150390625,38.5791015625
73.7000491,-103.5107421875,-73.0615234375,37.5537109375
73.7239425,-104.3408203125,-72.9150390625,37.5048828125
73.7613067,-104.9267578125,-73.4521484375,36.3818359375
73.7835268,-106.3427734375,-74.9169921875,33.5009765625
73.8198338,-105.7568359375,-76.2353515625,28.6181640625
73.8411959,-103.2666015625,-77.5048828125,23.5400390625
73.88118,-98.2373046875,-77.9443359375,17.9736328125
73.9126997,-95.4052734375,-79.2626953125,11.7724609375
73.952083,-94.1845703125,-80.3857421875,6.6455078125
73.9632098,-92.4755859375,-81.4599609375,2.1533203125
73.9994225,-92.4755859375,-83.4130859375,-1.4599609375
74.024502,-92.4755859375,-85.8056640625,-4.9755859375
74.0609176,-93.8916015625,-87.2705078125,-7.9541015625
74.0821405,-93.9404296875,-88.4423828125,-11.6162109375
74.1185489,-94.8193359375,-90.1513671875,-15.9619140625
74.1448313,-94.2822265625,-90.0537109375,-20.3564453125
74.1807594,-94.1357421875,-87.5634765625,-23.0419921875
74.2057782,-95.5029296875,-85.5126953125,-11.0791015625
74.2428925,-96.4306640625,-83.1689453125,13.2373046875
74.268815,-97.4072265625,-82.7294921875,37.6025390625
74.30438,-98.4814453125,-81.1181640625,48.6865234375
74.324281,-99.2626953125,-79.7998046875,49.8583984375
74.3616072,-100.1904296875,-79.6533203125,47.8076171875
74.3861702,-100.6298828125,-79.5068359375,44.0478515625
74.4217426,-101.7529296875,-79.7021484375,37.9443359375
74.4471255,-101.5087890625,-79.4580078125,32.8662109375
74.4831151,-102.5830078125,-80.6298828125,31.0107421875
74.5100463,-102.6806640625,-79.4091796875,30.5224609375
74.5461197,-103.4130859375,-80.7763671875,30.5224609375
74.5665834,-104.6337890625,-80.8740234375,28.0810546875
74.6037584,-105.1220703125,-83.2177734375,23.8330078125
74.6288914,-104.3896484375,-83.6572265625,18.1689453125
74.6665228,-101.0693359375,-84.3896484375,13.0908203125
74.6901096,-96.5771484375,-85.8056640625,7.0361328125
74.7303626,-94.5751953125,-86.9775390625,2.1044921875
74.7506126,-93.8916015625,-88.7353515625,-2.9736328125
74.788631,-93.3056640625,-89.8583984375,-6.9775390625
74.8079297,-93.2568359375,-91.4208984375,-10.8837890625
74.8446007,-94.2822265625,-93.0810546875,-14.2529296875
74.8707292,-95.0146484375,-94.3994140625,-18.3544921875
74.9082974,-96.0888671875,-94.8388671875,-22.4560546875
74.9298707,-95.2587890625,-93.4228515625,-25.5322265625
74.9670365,-95.5029296875,-90.1025390625,-18.3544921875
74.9921731,-96.5283203125,-87.6611328125,4.0576171875
75.032074,-96.8212890625,-86.9775390625,31.6455078125
75.0523445,-97.7978515625,-84.9267578125,48.1982421875
75.1008121,-98.9208984375,-83.3642578125,52.6416015625
75.1210129,-99.4580078125,-82.7294921875,52.9345703125
75.1401443,-100.0927734375,-81.7529296875,51.1767578125
75.1771556,-100.8740234375,-81.7529296875,46.4892578125
75.2014349,-101.5576171875,-81.7529296875,41.3623046875
75.2379658,-102.1435546875,-81.1181640625,37.7978515625
75.2638941,-102.4365234375,-80.7275390625,36.4794921875
75.3015116,-103.4619140625,-82.5830078125,35.6005859375
75.3206659,-104.0478515625,-82.3388671875,34.3798828125
75.357299,-104.1943359375,-83.2666015625,31.4013671875
75.382651,-105.0732421875,-84.4384765625,25.7373046875
75.42889,-102.4365234375,-85.2197265625,19.3408203125
75.4579139,-97.7490234375,-86.7822265625,13.8232421875
75.4725377,-94.9658203125,-88.0029296875,7.6220703125
75.5162122,-93.0126953125,-89.6630859375,2.9345703125
75.5323774,-92.3779296875,-91.0302734375,-1.5087890625
75.5694532,-91.4990234375,-92.4462890625,-6.0986328125
75.5962778,-91.6943359375,-94.2529296875,-10.2978515625
75.6224234,-92.8173828125,-95.9130859375,-14.1064453125
75.6639655,-93.3544921875,-96.5478515625,-18.1103515625
75.684967,-93.2568359375,-97.3779296875,-22.8466796875
75.7230043,-93.5986328125,-94.6923828125,-25.1904296875
75.7467081,-93.9892578125,-91.8115234375,-16.4990234375
75.7846573,-94.4775390625,-89.3212890625,9.1357421875
75.8029155,-95.0146484375,-86.9287109375,39.1162109375
75.8401682,-96.2353515625,-85.8056640625,52.4462890625
75.8653188,-97.6025390625,-83.9990234375,56.7431640625
75.9041686,-98.3349609375,-83.0712890625,56.1083984375
75.925636,-99.6044921875,-82.8271484375,55.0341796875
75.9641193,-99.9462890625,-82.1923828125,50.7373046875
75.9841892,-100.8251953125,-82.3388671875,45.2197265625
76.0207302,-101.2158203125,-81.8017578125,42.0458984375
76.0453341,-102.0947265625,-81.9970703125,39.8486328125
76.0832469,-102.9736328125,-83.0224609375,39.0673828125
76.1045437,-103.1201171875,-83.6572265625,37.1142578125
76.1430588,-103.9013671875,-84.3896484375,33.1103515625
76.1662445,-104.6337890625,-85.6103515625,27.6416015625
76.2039593,-102.0458984375,-86.2939453125,21.3916015625
76.2278841,-96.9677734375,-87.6611328125,14.7509765625
76.2767237,-94.0380859375,-89.3701171875,8.5009765625
76.2849432,-91.3525390625,-90.5419921875,3.0322265625
76.3214526,-91.3525390625,-91.5673828125,-1.7529296875
76.3495599,-90.0830078125,-93.1787109375,-6.6357421875
76.3860513,-90.5224609375,-94.5947265625,-10.6396484375
76.4087948,-91.9384765625,-96.4990234375,-14.8876953125
76.4470473,-91.9873046875,-98.2568359375,-17.9638671875
76.4671114,-92.3291015625,-99.3310546875,-23.1396484375
76.506458,-92.7197265625,-100.2099609375,-27.6806640625
76.5274725,-93.0615234375,-98.2080078125,-32.7587890625
76.5719362,-93.3056640625,-96.3037109375,-32.5146484375
76.5908477,-94.6240234375,-93.4228515625,-13.5205078125
76.6179839,-95.8935546875,-91.0791015625,17.1923828125
76.6513033,-96.2353515625,-90.0048828125,40.9228515625
76.6805561,-97.8955078125,-87.5634765625,49.9072265625
76.7081438,-98.8720703125,-86.6845703125,51.0302734375
76.7413087,-99.4091796875,-85.6103515625,49.2236328125
76.7700756,-100.3857421875,-84.5849609375,47.2705078125
76.7989568,-100.8251953125,-85.0244140625,41.8017578125
76.8307086,-101.0693359375,-85.0244140625,36.9189453125
76.8600615,-102.2900390625,-84.9267578125,33.9404296875
76.893365,-102.8759765625,-84.8291015625,32.4267578125
76.9211208,-103.1201171875,-85.9521484375,31.4501953125
76.9497824,-104.1943359375,-86.2939453125,28.8623046875
76.982712,-104.6826171875,-87.9541015625,23.8818359375
77.0098227,-104.6826171875,-88.0517578125,18.2177734375
77.0387928,-101.5087890625,-89.0283203125,12.3095703125
77.0729771,-96.8212890625,-90.8349609375,6.8896484375
77.1024196,-94.3310546875,-92.6416015625,0.9326171875
77.1492823,-92.0849609375,-93.6181640625,-4.9267578125
77.1636891,-91.2060546875,-95.2294921875,-9.8095703125
77.1918142,-91.5478515625,-96.7919921875,-13.4716796875
77.237701,-91.7919921875,-98.5986328125,-17.6708984375
77.2591073,-92.7197265625,-99.4287109375,-20.8447265625
77.2822946,-93.0615234375,-102.2607421875,-24.3603515625
77.3283279,-93.3056640625,-102.8466796875,-29.0966796875
77.3440038,-93.8916015625,-103.8232421875,-34.2236328125
77.3890801,-93.8916015625,-102.2119140625,-38.1787109375
77.4041188,-94.7705078125,-99.9169921875,-35.1513671875
77.4464609,-96.1865234375,-98.8916015625,-14.1064453125
77.465292,-97.3583984375,-96.9873046875,13.3349609375
77.5078463,-98.2373046875,-94.9365234375,32.8173828125
77.5420999,-98.0908203125,-94.6435546875,39.2138671875
77.5566134,-99.4580078125,-93.7158203125,38.1396484375
77.6006529,-100.4833984375,-94.0576171875,35.5517578125
77.6175673,-100.9716796875,-93.1787109375,29.6435546875
77.6606757,-101.2158203125,-93.7158203125,23.4912109375
77.6747454,-102.4853515625,-93.4228515625,19.2431640625
77.7199601,-102.8759765625,-94.2041015625,18.7060546875
77.7364748,-103.7548828125,-94.1552734375,17.4365234375
77.7800966,-104.8291015625,-94.0576171875,16.5576171875
77.7987418,-105.2197265625,-96.4013671875,13.6767578125
77.8409452,-106.5869140625,-96.6455078125,8.9892578125
77.8552019,-106.1962890625,-97.4755859375,3.3740234375
77.8986965,-102.4853515625,-99.0380859375,-3.1201171875
77.9200838,-98.3837890625,-100.2587890625,-8.7353515625
77.9591217,-95.8447265625,-101.7724609375,-14.3017578125
77.9782034,-95.0146484375,-102.9931640625,-18.3056640625
78.0186932,-94.9169921875,-104.1162109375,-22.8955078125
78.0400506,-94.8193359375,-105.5810546875,-26.2158203125
78.088141,-95.0146484375,-106.9482421875,-29.3408203125
78.1083405,-96.3330078125,-108.3154296875,-33.4423828125
78.1298505,-95.5517578125,-109.1455078125,-37.9833984375
78.1684041,-96.0400390625,-107.7294921875,-42.9150390625
78.1879116,-96.3330078125,-105.8251953125,-42.2802734375
78.2277465,-96.5771484375,-103.3837890625,-25.4833984375
78.2478658,-97.4560546875,-101.3818359375,1.3720703125
78.2887809,-98.3837890625,-99.9658203125,25.2001953125
78.3080459,-99.0673828125,-97.7685546875,34.9169921875
78.349637,-100.1904296875,-97.2314453125,35.1123046875
78.3708875,-100.8740234375,-97.0361328125,33.4033203125
78.4066269,-101.6064453125,-96.6943359375,29.3505859375
78.428985,-102.1923828125,-96.4501953125,23.9306640625
78.4686241,-103.3154296875,-96.4990234375,18.5595703125
78.4898948,-103.6572265625,-95.9619140625,16.8994140625
78.5276183,-103.8037109375,-96.4990234375,15.8251953125
78.554081,-104.5361328125,-96.2060546875,14.3603515625
78.589504,-105.4150390625,-97.5244140625,12.2119140625
78.612255,-106.4892578125,-98.2568359375,8.6962890625
78.6494615,-106.1474609375,-99.2822265625,2.9345703125
78.681521,-104.3408203125,-100.0146484375,-2.6806640625
78.7020801,-100.3857421875,-101.7236328125,-8.3935546875
78.7432467,-96.5771484375,-103.6767578125,-13.7158203125
78.7625345,-95.4052734375,-104.0185546875,-18.2568359375
78.8006576,-94.6728515625,-106.0693359375,-22.7978515625
78.8219041,-94.0869140625,-106.9970703125,-26.8505859375
78.8591942,-94.6240234375,-108.0224609375,-29.8779296875
78.8825355,-94.7705078125,-109.4384765625,-33.6376953125
78.919085,-95.9912109375,-111.0498046875,-37.4462890625
78.9415476,-95.9423828125,-111.1474609375,-41.7919921875
78.9781954,-95.2587890625,-108.8525390625,-45.8935546875
79.001433,-95.9912109375,-105.6298828125,-39.9853515625
79.0358113,-96.4794921875,-103.1884765625,-16.7919921875
79.0615494,-97.1142578125,-101.8212890625,11.7724609375
79.0973999,-98.6279296875,-99.7216796875,30.3759765625
79.1261766,-99.2626953125,-98.2568359375,36.6259765625
79.1648009,-99.8974609375,-96.4501953125,36.0888671875
79.1849706,-100.7763671875,-96.4501953125,34.5263671875
79.2232307,-101.2646484375,-96.0107421875,31.3037109375
79.2432221,-102.2412109375,-95.5224609375,26.3232421875
79.2802854,-102.3876953125,-95.3759765625,22.4169921875
79.3064396,-103.1201171875,-94.4970703125,20.9033203125
79.3424395,-104.4384765625,-94.5458984375,20.3662109375
79.3667165,-104.3408203125,-95.8154296875,19.6826171875
79.4112407,-105.0732421875,-96.5966796875,16.2158203125
79.4428434,-106.4892578125,-96.6943359375,11.2353515625
79.4569716,-106.2939453125,-97.5732421875,5.4248046875
79.4933529,-103.0224609375,-99.1357421875,-0.5322265625
79.5188061,-98.2373046875,-100.1123046875,-6.2451171875
79.5677295,-95.4052734375,-100.7470703125,-12.2509765625
79.5738505,-93.7939453125,-102.2119140625,-16.7431640625
79.6146835,-93.2568359375,-103.3349609375,-20.3564453125
79.645015,-93.2568359375,-104.2138671875,-23.8720703125
79.692176,-93.2080078125,-105.3369140625,-27.1435546875
79.6982559,-94.2333984375,-107.0947265625,-30.4638671875
79.7391535,-94.3798828125,-108.5107421875,-35.1513671875
79.759603,-94.3310546875,-108.0712890625,-39.1552734375
79.7984693,-94.7705078125,-106.1669921875,-43.5009765625
79.8194371,-94.1845703125,-103.3349609375,-36.4208984375
79.860448,-95.4052734375,-101.2353515625,-12.2021484375
79.8827616,-95.8935546875,-98.3056640625,16.7041015625
79.9208291,-97.7978515625,-96.7919921875,34.6728515625
79.9424956,-98.3837890625,-94.2041015625,39.7509765625
79.9862306,-98.7255859375,-93.6669921875,39.7509765625
80.006346,-100.0927734375,-93.3740234375,37.8466796875
80.0296796,-100.3857421875,-92.6904296875,34.2333984375
80.0675076,-101.8505859375,-91.8603515625,29.7412109375
80.0921521,-101.2646484375,-92.5927734375,25.3466796875
80.1285802,-102.0458984375,-91.9091796875,23.2958984375
80.148808,-102.6806640625,-92.2998046875,23.0029296875
80.1841733,-103.4130859375,-92.8369140625,22.0263671875
80.2116261,-104.3896484375,-93.2763671875,17.6318359375
80.2478732,-105.2197265625,-94.1064453125,12.7001953125
80.2713803,-105.5126953125,-94.1064453125,6.9384765625
80.3077368,-102.9248046875,-96.3037109375,0.6396484375
80.3291342,-97.7978515625,-97.0361328125,-5.0732421875
80.367046,-94.6240234375,-98.4033203125,-10.0048828125
80.3901225,-93.2080078125,-98.6474609375,-15.1318359375
80.4263453,-92.4267578125,-99.7216796875,-19.4775390625
80.452475,-91.8408203125,-101.9189453125,-23.1884765625
80.4891427,-92.1337890625,-102.3095703125,-26.7529296875
80.511236,-92.7685546875,-104.2138671875,-30.1220703125
80.5492093,-94.0380859375,-106.4599609375,-35.2001953125
80.572545,-93.5986328125,-106.9482421875,-39.1064453125
80.6087585,-93.6474609375,-105.5322265625,-43.8916015625
80.6312824,-94.7216796875,-103.0908203125,-44.0869140625
80.6722979,-94.9658203125,-100.5029296875,-29.3408203125
80.6937139,-95.5029296875,-98.6474609375,-1.7041015625
80.7313187,-96.7236328125,-97.3291015625,23.4423828125
80.7554215,-97.3583984375,-95.1806640625,34.6728515625
80.7907207,-98.0908203125,-93.4228515625,35.6005859375
80.8107345,-99.8974609375,-93.1298828125,33.5498046875
80.8488257,-99.7998046875,-93.0810546875,30.5224609375
80.8744273,-100.8740234375,-92.3486328125,24.7119140625
80.9106387,-101.4111328125,-92.5927734375,20.3173828125
80.9335254,-101.7529296875,-92.5439453125,18.4130859375
80.9721694,-102.6806640625,-92.3486328125,18.3154296875
80.9973,-103.1689453125,-92.9833984375,17.2412109375
81.0228006,-103.9990234375,-93.1787109375,15.8251953125
81.0598485,-104.5361328125,-94.0576171875,11.8701171875
81.0866007,-105.2685546875,-95.1318359375,6.7431640625
81.1248851,-105.7568359375,-96.0107421875,1.0302734375
81.1430371,-101.4111328125,-96.9384765625,-4.0478515625
81.1811012,-97.0166015625,-98.4033203125,-9.5654296875
81.2043375,-94.4775390625,-99.8193359375,-14.1064453125
81.2405385,-93.5986328125,-100.9912109375,-17.8173828125
81.2659501,-93.0126953125,-101.7724609375,-21.1376953125
81.3050137,-93.0126953125,-103.8232421875,-23.7744140625
81.3274217,-93.1103515625,-104.6044921875,-28.0712890625
81.3555305,-93.8427734375,-106.5576171875,-31.5869140625
81.3959208,-94.2822265625,-106.0205078125,-36.0302734375
81.4195411,-94.8681640625,-103.2861328125,-39.1552734375
81.4468509,-94.5751953125,-101.2841796875,-29.7802734375
81.482756,-95.4541015625,-99.5751953125,-7.2705078125
81.5086491,-95.2099609375,-97.7197265625,18.8525390625
81.537988,-96.7724609375,-96.0595703125,32.4267578125
81.5713873,-97.6513671875,-95.5712890625,35.5029296875
81.5982919,-98.1396484375,-94.4482421875,33.8427734375
81.6274401,-99.1162109375,-94.3017578125,30.0830078125
81.6590422,-100.1416015625,-94.3994140625,23.4912109375
81.6874734,-100.4833984375,-93.5693359375,18.5107421875
81.7165231,-101.3134765625,-93.9599609375,16.4111328125
81.7539765,-101.5087890625,-94.6923828125,15.5322265625
81.779515,-102.6318359375,-95.6201171875,14.5068359375
81.8111898,-102.8271484375,-95.6201171875,13.7255859375
81.8407188,-103.0712890625,-97.1337890625,9.7216796875
81.869377,-104.4873046875,-97.8173828125,4.8388671875
81.9044325,-105.0244140625,-99.0869140625,-0.2392578125
81.9298716,-103.0712890625,-100.6005859375,-5.5615234375
81.9644984,-98.5302734375,-100.8935546875,-11.5673828125
81.990834,-95.6005859375,-101.9189453125,-15.7666015625
82.0203363,-93.8427734375,-103.0908203125,-20.2587890625
82.0493916,-93.5498046875,-104.4091796875,-23.7255859375
82.0824839,-93.2080078125,-106.3134765625,-27.0947265625
82.1096421,-93.6962890625,-107.0458984375,-30.6103515625
82.1431093,-94.4775390625,-107.7294921875,-34.7119140625
82.1710609,-95.0634765625,-105.4345703125,-38.7158203125
82.199864,-95.1123046875,-102.9443359375,-34.1259765625
82.2335509,-94.5263671875,-100.4052734375,-13.1787109375
82.2629083,-95.7958984375,-99.0869140625,15.5810546875
82.2956358,-95.4541015625,-96.9873046875,34.7216796875
82.3243193,-97.1142578125,-95.3271484375,41.3623046875
82.3521716,-97.4072265625,-94.1552734375,40.8251953125
82.3835948,-98.6767578125,-94.4482421875,38.5302734375
82.4144624,-99.3603515625,-94.0576171875,33.8916015625
82.4568058,-99.7509765625,-93.9599609375,29.3017578125
82.4764613,-100.5322265625,-92.9833984375,25.1025390625
82.5046042,-101.2158203125,-92.6416015625,24.3212890625
82.5478087,-102.2900390625,-93.4716796875,23.2470703125
82.5632114,-102.3876953125,-94.3017578125,22.6123046875
82.6076267,-103.1201171875,-94.4482421875,20.1708984375
82.6264579,-104.1455078125,-94.9365234375,14.9951171875
82.6561682,-104.2919921875,-96.2060546875,9.5751953125
82.6839869,-103.8037109375,-97.1337890625,3.3251953125
82.7290568,-100.6787109375,-98.7939453125,-1.7529296875
82.7440925,-95.7958984375,-99.8193359375,-7.2705078125
82.7749379,-94.1845703125,-100.6982421875,-11.6650390625
82.8055656,-93.2568359375,-102.7978515625,-15.0830078125
82.8339268,-92.8173828125,-104.3115234375,-18.8427734375
82.8773456,-92.7685546875,-105.2392578125,-22.3583984375
82.898775,-92.9638671875,-107.0458984375,-26.3623046875
82.935287,-93.8427734375,-107.9736328125,-30.2685546875
82.9586117,-94.4287109375,-107.5830078125,-34.6142578125
82.9952953,-94.1845703125,-104.4580078125,-37.1533203125
83.0166475,-94.4287109375,-101.4794921875,-26.7529296875
83.0588578,-95.1611328125,-99.6728515625,0.6396484375
83.0789042,-95.6982421875,-97.2314453125,29.3994140625
83.1153764,-96.8701171875,-95.8642578125,43.9013671875
83.1361742,-97.1142578125,-93.7646484375,47.1728515625
83.1769137,-98.6279296875,-92.2509765625,47.3681640625
83.1990974,-99.1650390625,-91.5185546875,45.5615234375
83.2380419,-99.9951171875,-91.7138671875,42.4365234375
83.2573425,-100.5322265625,-90.4443359375,37.0654296875
83.2935498,-101.1669921875,-90.6884765625,33.8916015625
83.3166154,-100.7763671875,-90.6884765625,33.2080078125
83.3587379,-102.5341796875,-90.4443359375,31.9384765625
83.3805568,-102.8271484375,-91.2744140625,29.6923828125
83.4192085,-103.0712890625,-92.2021484375,26.0791015625
83.4395841,-104.2919921875,-93.0810546875,21.0986328125
83.4753157,-104.2431640625,-94.3505859375,15.8251953125
83.498615,-103.9501953125,-95.7666015625,9.4287109375
83.5347219,-98.9697265625,-96.5966796875,3.7158203125
83.5609011,-95.6494140625,-98.2080078125,-1.8994140625
83.6080448,-94.1845703125,-99.5751953125,-6.5380859375
83.6231935,-92.2802734375,-101.1376953125,-11.1279296875
83.6600679,-91.8896484375,-102.0654296875,-15.0341796875
83.6802083,-90.8154296875,-103.1884765625,-18.6474609375
83.7313759,-92.5244140625,-104.5556640625,-21.9677734375
83.7616313,-92.4267578125,-106.0693359375,-26.2158203125
83.7676673,-92.9638671875,-107.6318359375,-30.3662109375
83.8044128,-92.6220703125,-108.8037109375,-35.2490234375
83.8312859,-93.4521484375,-107.8271484375,-40.4248046875
83.8683887,-93.5986328125,-105.0439453125,-43.7939453125
83.8919023,-94.1845703125,-101.7236328125,-31.5869140625
83.9284787,-95.1611328125,-99.7705078125,-3.7060546875
83.9541546,-96.3818359375,-97.8173828125,25.7373046875
83.9901562,-96.5771484375,-95.1806640625,40.5322265625
84.0142776,-97.8955078125,-94.8876953125,43.6083984375
84.0505197,-98.4326171875,-93.1298828125,42.8759765625
84.072054,-99.4580078125,-92.5927734375,41.8505859375
84.1090469,-100.3369140625,-92.4462890625,37.9443359375
84.1342386,-100.9228515625,-91.8603515625,33.4521484375
84.1718186,-101.4111328125,-91.1767578125,30.5712890625
84.2020901,-102.0947265625,-92.2509765625,29.0087890625
84.2244355,-102.8271484375,-92.1533203125,28.0810546875
84.2598509,-103.3642578125,-92.7392578125,26.4697265625
84.2861028,-103.8037109375,-93.1298828125,22.4169921875
84.323553,-104.9267578125,-94.0576171875,17.4853515625
84.3463233,-105.5615234375,-95.0830078125,12.1630859375
84.3828,-104.6826171875,-96.7919921875,6.0107421875
84.4019646,-100.7763671875,-97.9638671875,0.0048828125
84.4403688,-96.2353515625,-98.5009765625,-4.9755859375
84.4635322,-94.2333984375,-99.9658203125,-9.6630859375
84.5015039,-92.6220703125,-101.7236328125,-14.0087890625
84.5263576,-92.0849609375,-103.3837890625,-17.7197265625
84.5628025,-92.0361328125,-104.6533203125,-21.7236328125
84.587041,-92.1337890625,-105.9716796875,-23.7744140625
84.625252,-93.3056640625,-107.2900390625,-27.8271484375
84.6517018,-93.0126953125,-109.4873046875,-32.1728515625
84.6784509,-93.2568359375,-110.4150390625,-36.1279296875
84.7166054,-93.7451171875,-109.8779296875,-41.1572265625
84.7377555,-94.6240234375,-107.6806640625,-44.0869140625
84.7768559,-94.9658203125,-105.8740234375,-33.8330078125
84.7978083,-95.7958984375,-103.5302734375,-9.0771484375
84.8343715,-97.2607421875,-101.8212890625,17.5341796875
84.8576394,-98.1396484375,-100.4541015625,33.1103515625
84.8929272,-98.6279296875,-99.1845703125,36.0888671875
84.9180062,-99.5068359375,-99.2822265625,34.6240234375
84.9540367,-99.5068359375,-98.4033203125,31.2060546875
84.9778295,-100.2392578125,-98.8916015625,25.1025390625
85.0148939,-101.5576171875,-98.6474609375,19.9267578125
85.0369688,-101.7529296875,-98.9892578125,17.4365234375
85.0727103,-102.0947265625,-99.0869140625,17.5830078125
85.0978636,-102.7783203125,-99.2333984375,17.1923828125
85.1345114,-103.4619140625,-99.9658203125,16.0205078125
85.1574748,-104.0966796875,-101.0888671875,13.0419921875
85.1937615,-104.7802734375,-102.1630859375,7.4755859375
85.2193288,-105.8544921875,-103.3349609375,2.2021484375
85.2564585,-105.6103515625,-104.7021484375,-3.6572265625
85.2804368,-101.9970703125,-105.5322265625,-9.6142578125
85.3161961,-98.2861328125,-107.3876953125,-14.2041015625
85.3416446,-96.0888671875,-108.5107421875,-18.3056640625
85.3877226,-95.6005859375,-109.1943359375,-21.5283203125
85.4017439,-94.5263671875,-111.1962890625,-25.3369140625
85.4490475,-94.0869140625,-112.5634765625,-28.8037109375
85.4690961,-94.4775390625,-114.0283203125,-32.8076171875
85.4936459,-95.2099609375,-113.6865234375,-36.9091796875
85.5298489,-95.0634765625,-112.0751953125,-41.1083984375
85.5510339,-94.6728515625,-109.3896484375,-38.3251953125
85.5881638,-95.6494140625,-107.6318359375,-19.2822265625
85.6133459,-95.3076171875,-105.4345703125,7.8662109375
85.6481634,-96.6259765625,-104.4580078125,29.8388671875
85.6725281,-97.3583984375,-102.6513671875,37.8466796875
85.7017624,-97.6513671875,-101.5771484375,37.5537109375
85.7377325,-99.2138671875,-101.2353515625,35.7958984375
85.761846,-99.2626953125,-101.1865234375,32.3779296875
85.7969067,-99.8974609375,-100.6494140625,26.3232421875
85.8235854,-100.9716796875,-100.0634765625,22.5634765625
85.8608849,-101.4111328125,-101.0400390625,20.4638671875
85.8799841,-101.3623046875,-101.4306640625,19.8291015625
85.9190865,-102.2412109375,-101.4794921875,18.8037109375
85.9439644,-102.5341796875,-102.6025390625,16.2158203125
85.9823614,-103.2666015625,-103.5302734375,11.3818359375
86.005232,-104.9755859375,-104.1650390625,7.4755859375
86.0343538,-104.0966796875,-105.5322265625,1.3720703125
86.0708452,-103.5107421875,-106.8017578125,-5.2197265625
86.095367,-99.2138671875,-108.0224609375,-9.3701171875
86.1319915,-96.0400390625,-109.5361328125,-14.9365234375
86.157205,-93.9404296875,-110.2197265625,-19.3310546875
86.1863403,-92.6220703125,-112.7587890625,-23.1396484375
86.2146044,-93.2568359375,-113.3935546875,-26.8994140625
86.2519845,-92.7197265625,-115.8349609375,-30.1220703125
86.2751369,-93.1103515625,-117.6416015625,-34.4189453125
86.3130484,-93.9404296875,-116.3232421875,-38.7646484375
86.3371848,-94.4775390625,-113.6865234375,-42.4755859375
86.3661129,-94.0869140625,-111.2939453125,-35.2490234375
86.3933335,-94.3798828125,-108.9013671875,-10.9326171875
86.4283582,-94.2822265625,-107.0947265625,18.2177734375
86.4535514,-95.1611328125,-105.0927734375,36.3818359375
86.4904336,-96.0400390625,-103.8720703125,42.0947265625
86.5149116,-97.2607421875,-102.5537109375,42.2900390625
86.5457386,-98.6279296875,-101.7236328125,40.4833984375
86.5831981,-98.8232421875,-101.2353515625,37.6025390625
86.6073648,-100.2880859375,-100.8935546875,32.1826171875
86.6403464,-100.1904296875,-101.4794921875,27.9345703125
86.6691601,-100.9716796875,-101.6259765625,26.0302734375
86.6953927,-101.0693359375,-101.3330078125,25.2978515625
86.7324127,-101.3623046875,-102.7978515625,23.4912109375
86.7593829,-102.1923828125,-103.3837890625,20.5126953125
86.7880814,-102.9248046875,-104.6533203125,16.4111328125
86.8202954,-103.1689453125,-105.3369140625,10.7958984375
86.8495985,-104.1455078125,-106.1669921875,3.7646484375
86.878573,-102.8759765625,-108.5107421875,-1.5576171875
86.9103898,-97.7001953125,-109.2919921875,-7.7099609375
86.9402111,-94.1357421875,-111.1962890625,-12.7880859375
86.97168,-92.7197265625,-112.7099609375,-17.3291015625
86.9994739,-91.7431640625,-113.5400390625,-21.2353515625
87.0292348,-91.5966796875,-115.1513671875,-24.2626953125
87.061212,-91.4501953125,-117.3974609375,-27.9736328125
87.090055,-91.8896484375,-118.7646484375,-32.0751953125
87.1177103,-92.5732421875,-119.5458984375,-35.4443359375
87.1517881,-92.3291015625,-118.9599609375,-40.6689453125
87.1798616,-92.3779296875,-116.6162109375,-45.2587890625
87.2138625,-93.0126953125,-113.8330078125,-36.7626953125
87.2417789,-93.1591796875,-111.2451171875,-11.5673828125
87.2697598,-93.9892578125,-109.2919921875,18.0712890625
87.3038078,-95.5517578125,-107.6318359375,36.3818359375
87.3308656,-95.8447265625,-105.6298828125,42.4853515625
87.3598955,-96.7236328125,-104.8974609375,41.8505859375
87.3939339,-97.0654296875,-104.0185546875,39.7509765625
87.4228496,-98.4326171875,-103.6279296875,35.9423828125
87.4510735,-98.9208984375,-103.3349609375,31.3037109375
87.4827229,-99.7021484375,-103.3837890625,27.1044921875
87.5107555,-100.6787109375,-103.2373046875,25.2490234375
87.5554308,-100.9228515625,-103.5302734375,24.2724609375
87.5739242,-101.5087890625,-104.3115234375,23.1494140625
87.6026957,-102.0947265625,-104.2138671875,19.6337890625
87.6348603,-102.8271484375,-106.2646484375,15.5810546875
87.6632409,-103.9501953125,-106.9482421875,9.8681640625
87.6968941,-104.1943359375,-107.7294921875,3.6669921875
87.7338711,-102.4853515625,-108.1689453125,-1.3623046875
87.7533924,-98.2861328125,-110.3173828125,-6.9775390625
87.7824959,-94.5751953125,-111.1474609375,-12.2509765625
87.8166317,-92.1337890625,-112.5146484375,-15.2783203125
87.8426509,-91.3525390625,-114.2724609375,-19.5263671875
87.8863139,-90.5224609375,-115.5419921875,-23.1884765625
87.9045922,-90.6201171875,-117.3974609375,-26.5576171875
87.9337399,-91.4501953125,-118.1298828125,-29.3408203125
87.9780499,-92.4755859375,-119.7900390625,-33.5888671875
87.9941518,-92.5244140625,-117.9345703125,-37.9345703125
88.0289822,-92.1826171875,-115.8837890625,-40.0341796875
88.0570567,-92.4755859375,-113.0517578125,-26.4111328125
88.0945253,-93.0615234375,-111.7333984375,-1.3134765625
88.1176597,-93.6962890625,-110.0732421875,23.3935546875
88.1524964,-94.5263671875,-109.6337890625,36.0888671875
88.1736147,-95.7958984375,-109.5849609375,37.4560546875
88.2192415,-96.5771484375,-108.8037109375,35.3564453125
88.236426,-97.5048828125,-107.7294921875,30.1318359375
88.2757035,-97.9443359375,-108.4619140625,23.3447265625
88.2982504,-99.1650390625,-108.0712890625,18.9990234375
88.3296705,-99.4580078125,-107.8759765625,16.5087890625
88.3676621,-100.0927734375,-108.6572265625,17.0458984375
88.3876684,-100.7763671875,-109.2919921875,16.7529296875
88.4269117,-101.5576171875,-109.7314453125,15.0927734375
88.4492366,-101.9482421875,-111.2451171875,11.3818359375
88.4857387,-102.9248046875,-112.0751953125,6.6943359375
88.5064376,-103.6083984375,-112.0751953125,0.9326171875
88.542933,-104.3896484375,-113.7353515625,-4.9267578125
88.5691807,-102.0947265625,-114.5166015625,-10.1513671875
88.6072528,-97.5537109375,-115.4931640625,-14.7900390625
88.6313731,-94.9658203125,-117.3486328125,-18.5986328125
88.6663618,-93.4521484375,-119.0087890625,-22.7490234375
88.6905096,-92.9150390625,-119.8876953125,-25.9716796875
88.7420522,-92.9150390625,-121.6455078125,-29.3408203125
88.7722061,-92.9638671875,-120.9130859375,-33.5888671875
88.781186,-94.0380859375,-118.3251953125,-36.8115234375
88.8205864,-94.0869140625,-116.2744140625,-31.5380859375
88.852085,-93.6474609375,-114.0283203125,-10.9326171875
88.8723998,-94.3798828125,-112.4658203125,16.4111328125
88.9002602,-94.3310546875,-111.5869140625,35.9912109375
88.9433882,-94.5751953125,-109.6826171875,41.8505859375
88.96254,-95.6494140625,-108.5107421875,41.2158203125
89.0007406,-96.3818359375,-107.9736328125,37.7490234375
89.0229162,-97.0654296875,-108.3642578125,32.7685546875
89.0596932,-97.7490234375,-107.3876953125,27.2021484375
89.0853064,-98.2861328125,-107.4365234375,24.4189453125
89.1226684,-99.1162109375,-107.7783203125,23.4912109375
89.1421663,-99.7998046875,-107.0458984375,23.1494140625
89.1796676,-100.2880859375,-108.5107421875,22.4658203125
89.2029695,-100.6787109375,-108.7548828125,18.9013671875
89.2412263,-101.4599609375,-109.4873046875,14.5556640625
89.2644125,-101.9970703125,-110.8544921875,8.7451171875
89.3020023,-102.7783203125,-111.4892578125,3.2275390625
89.3217344,-102.3876953125,-113.0517578125,-3.0224609375
89.3582449,-99.8486328125,-114.3701171875,-7.3193359375
89.3839389,-94.8681640625,-115.2001953125,-12.0556640625
89.4155686,-92.7197265625,-117.2021484375,-15.7177734375
89.4456394,-91.8896484375,-118.6181640625,-19.2822265625
89.4750171,-91.1083984375,-120.2783203125,-22.4560546875
89.5117969,-90.7177734375,-121.2548828125,-26.6064453125
89.5333664,-91.6455078125,-118.2763671875,-30.2197265625
89.5702992,-92.3779296875,-115.0537109375,-30.3173828125
89.5945322,-92.4267578125,-113.5400390625,-14.4482421875
89.6312656,-92.0361328125,-110.8544921875,14.1650390625
89.6543321,-93.0615234375,-108.5107421875,39.2138671875
89.6914207,-92.9638671875,-106.8017578125,50.3466796875
89.716203,-93.2568359375,-105.1904296875,51.6162109375
89.7526772,-94.2333984375,-105.4345703125,50.3955078125
89.7761727,-95.6982421875,-104.7509765625,48.0029296875
89.8128317,-96.2353515625,-103.7744140625,42.9248046875
89.8381535,-96.8212890625,-103.1396484375,38.3837890625
89.8680935,-97.4072265625,-103.4326171875,36.0400390625
89.9060847,-98.3837890625,-103.2373046875,35.3076171875
89.9295481,-98.5791015625,-103.9208984375,34.2822265625
89.9673076,-98.8720703125,-103.9697265625,32.8173828125
89.9867927,-99.7998046875,-105.0927734375,28.9599609375
90.0248034,-100.0927734375,-106.1181640625,23.9794921875
90.0477225,-101.4111328125,-106.6552734375,17.5830078125
90.0840851,-101.3134765625,-108.5595703125,12.2119140625
90.1081431,-99.0185546875,-109.3896484375,6.2060546875
90.1468079,-94.9169921875,-110.5615234375,2.1533203125
90.1696198,-92.1826171875,-112.2216796875,-3.2666015625
90.2055548,-90.1806640625,-113.0029296875,-6.3916015625
90.2276795,-89.6923828125,-114.7119140625,-10.6396484375
90.2633212,-89.1064453125,-116.3232421875,-13.6181640625
90.2885606,-89.0576171875,-117.7880859375,-18.5498046875
90.3260358,-89.5458984375,-116.8603515625,-21.8701171875
90.3507499,-90.2783203125,-113.9306640625,-25.9228515625
90.3878191,-90.4248046875,-111.5380859375,-18.5009765625
90.4096495,-91.1083984375,-108.4619140625,6.1083984375
90.4401227,-90.9130859375,-106.2158203125,37.0166015625
90.4762564,-91.1083984375,-104.4580078125,53.8134765625
90.4996792,-92.5732421875,-102.9931640625,59.0380859375
90.533267,-93.4033203125,-102.0166015625,59.0380859375
90.5584835,-94.4287109375,-101.5771484375,58.0126953125
90.5957261,-95.0634765625,-100.5029296875,54.2529296875
90.6187204,-96.1865234375,-100.5029296875,48.9306640625
90.6573597,-96.0400390625,-100.2099609375,45.3662109375
90.6900912,-96.8701171875,-100.1611328125,43.5107421875
90.7104941,-97.3583984375,-100.8447265625,42.9248046875
90.7508344,-97.7978515625,-101.0400390625,41.1181640625
90.7706779,-98.8232421875,-101.7724609375,38.0419921875
90.8072741,-98.8232421875,-102.8466796875,33.6962890625
90.8337612,-99.7998046875,-104.0185546875,27.4462890625
90.8695496,-100.9228515625,-104.7998046875,21.8798828125
90.8912544,-100.9228515625,-106.5087890625,15.0439453125
90.9282369,-98.1884765625,-108.0224609375,9.9169921875
90.95307,-93.2568359375,-108.9990234375,4.5458984375
90.9902911,-90.0830078125,-110.4638671875,0.4931640625
91.0142373,-89.5947265625,-111.5869140625,-3.8037109375
91.040222,-88.0810546875,-112.8564453125,-7.2705078125
91.0767989,-87.7880859375,-114.4677734375,-11.4208984375
91.1025827,-88.4716796875,-116.6162109375,-14.6435546875
91.1388906,-89.2041015625,-117.7880859375,-18.8916015625
91.1639933,-89.8876953125,-116.1767578125,-23.6767578125
91.1944316,-89.7900390625,-114.5166015625,-28.0712890625
91.2308426,-89.6435546875,-111.3916015625,-22.3583984375
91.2542854,-90.9619140625,-109.3408203125,1.4208984375
91.2836447,-90.9130859375,-106.0693359375,30.6201171875
91.3187108,-91.5478515625,-105.2392578125,49.3701171875
91.3444415,-93.1591796875,-104.2626953125,54.8388671875
91.3745546,-93.8427734375,-103.9208984375,53.4228515625
91.4119304,-94.9658203125,-104.1162109375,50.9326171875
91.4351509,-95.2587890625,-103.2861328125,45.5126953125
91.4678485,-95.8447265625,-102.8955078125,40.5322265625
91.4966654,-96.9189453125,-102.8955078125,37.1142578125
91.52553,-97.4072265625,-102.8955078125,36.4306640625
91.5560815,-98.1884765625,-103.8720703125,36.6748046875
91.586999,-98.8720703125,-104.5068359375,35.6494140625
91.614988,-99.4580078125,-104.9462890625,32.4267578125
91.6468813,-99.5556640625,-106.3134765625,29.3017578125
91.6782341,-100.8740234375,-107.2412109375,23.1494140625
91.711528,-100.8251953125,-107.9736328125,17.3876953125
91.7379548,-102.3388671875,-110.0244140625,11.1376953125
91.7699429,-100.1416015625,-111.3916015625,5.8642578125
91.7995622,-95.3564453125,-112.2216796875,2.4462890625
91.8276061,-92.8662109375,-113.6376953125,-2.1923828125
91.8564743,-91.2548828125,-115.0537109375,-5.3662109375
91.8910816,-91.0595703125,-116.5185546875,-9.7607421875
91.9176955,-90.3271484375,-118.2763671875,-12.5439453125
91.9482978,-89.9853515625,-117.5927734375,-18.0126953125
91.9799689,-92.0849609375,-115.0537109375,-21.8212890625
92.0094039,-91.8408203125,-112.4169921875,-18.6474609375
92.042729,-91.0595703125,-111.1962890625,1.3232421875
92.0881293,-92.4755859375,-109.0966796875,28.4716796875
92.109662,-91.8896484375,-107.4365234375,47.8076171875
92.1312773,-92.6708984375,-106.3134765625,54.4970703125
92.1596671,-93.5009765625,-106.0693359375,53.7158203125
92.1938091,-94.0380859375,-105.0927734375,50.6396484375
92.2224578,-95.0634765625,-104.8486328125,44.9755859375
92.2494387,-95.3564453125,-105.0927734375,38.7744140625
92.2804257,-96.2353515625,-104.6533203125,34.7216796875
92.3131731,-96.9677734375,-104.7509765625,34.2333984375
92.3420064,-97.2607421875,-105.3369140625,33.2568359375
92.373807,-98.2373046875,-105.5810546875,32.8173828125
92.4028951,-98.5791015625,-106.2158203125,29.8876953125
92.4296407,-98.8232421875,-108.2177734375,25.4443359375
92.4625951,-99.7021484375,-108.3154296875,19.5361328125
92.4922463,-100.0927734375,-110.1220703125,13.1396484375
92.5233735,-100.8740234375,-111.8310546875,7.6220703125
92.5521309,-99.7998046875,-112.5634765625,2.2998046875
92.5822663,-95.8935546875,-114.2236328125,-2.5341796875
92.61074,-92.1826171875,-115.9326171875,-6.5380859375
92.643509,-90.7666015625,-116.5185546875,-10.9326171875
92.6712769,-89.4482421875,-118.2763671875,-15.1806640625
92.703893,-89.6923828125,-118.5693359375,-18.5009765625
92.7330875,-89.4970703125,-117.2021484375,-22.8466796875
92.7607495,-90.3271484375,-114.1748046875,-24.5068359375
92.7960756,-90.8154296875,-111.7822265625,-9.0771484375
92.82369,-90.8154296875,-109.1943359375,17.9736328125
92.857785,-90.7666015625,-108.2177734375,43.5107421875
92.8845221,-91.4990234375,-105.6787109375,54.0576171875
92.9114534,-91.3037109375,-104.8486328125,55.8642578125
92.9456785,-92.0849609375,-104.6533203125,53.8134765625
92.9758694,-93.0615234375,-104.1650390625,50.8837890625
93.0032341,-94.2822265625,-103.3349609375,45.2685546875
93.0373609,-95.4541015625,-103.2861328125,40.8251953125
93.0654178,-95.8935546875,-103.0419921875,38.4814453125
93.1018865,-96.0888671875,-104.4091796875,37.5537109375
93.127346,-97.0166015625,-104.3603515625,36.8701171875
93.1557969,-97.6513671875,-104.9462890625,34.0869140625
93.1916709,-97.2607421875,-105.3857421875,30.1806640625
93.2176927,-98.5302734375,-107.2412109375,24.5166015625
93.245426,-99.2626953125,-108.2666015625,19.0478515625
93.2774696,-99.6533203125,-109.1455078125,12.5048828125
93.3140496,-99.9951171875,-109.7314453125,7.1826171875
93.3356031,-96.9189453125,-111.0986328125,1.8603515625
93.3750018,-92.7197265625,-112.5634765625,-2.9736328125
93.3966914,-89.6923828125,-114.6630859375,-6.8798828125
93.4355662,-88.4228515625,-115.8837890625,-10.2490234375
93.4591783,-87.7392578125,-117.4462890625,-14.5458984375
93.4862882,-87.1044921875,-118.2763671875,-18.8427734375
93.5220638,-87.6904296875,-116.9580078125,-22.9443359375
93.5480868,-88.6181640625,-114.6630859375,-25.9716796875
93.5978371,-89.1552734375,-111.6357421875,-18.5009765625
93.6101608,-88.8623046875,-109.1455078125,7.1826171875
93.6379389,-89.1064453125,-107.6806640625,37.5048828125
93.6662236,-89.3017578125,-104.9951171875,54.0087890625
93.6993474,-89.9365234375,-103.0908203125,58.9404296875
93.726426,-90.4736328125,-102.7001953125,59.0869140625
93.7617891,-91.5966796875,-102.0166015625,58.1591796875
93.7886968,-93.0615234375,-101.5771484375,53.8134765625
93.8257731,-93.4521484375,-101.1865234375,49.2236328125
93.8506691,-94.1357421875,-101.4794921875,45.2685546875
93.8863268,-94.8681640625,-101.5283203125,43.3642578125
93.9122985,-95.6982421875,-101.6748046875,42.7783203125
93.9548691,-95.6494140625,-102.3583984375,40.7275390625
93.9688447,-96.3818359375,-103.1396484375,37.7978515625
93.9988582,-97.5048828125,-103.8720703125,32.6220703125
94.0343743,-97.9931640625,-104.7509765625,27.1044921875
94.0619615,-98.3349609375,-106.1181640625,20.3173828125
94.0928711,-98.4326171875,-107.8271484375,14.7509765625
94.128156,-98.1396484375,-109.6337890625,8.8427734375
94.1494853,-93.0126953125,-110.4150390625,4.0087890625
94.1825581,-89.8388671875,-111.7333984375,-0.0927734375
94.2109213,-86.8603515625,-113.6865234375,-4.2919921875
94.2589453,-86.0302734375,-115.5419921875,-8.3935546875
94.2729488,-85.7373046875,-116.3232421875,-11.4697265625
94.3112047,-85.0048828125,-117.8857421875,-15.4736328125
94.3352784,-85.6884765625,-119.3017578125,-20.8447265625
94.3633349,-87.0068359375,-117.7392578125,-24.7998046875
94.390542,-87.0556640625,-114.5654296875,-26.7041015625
94.4305392,-86.7626953125,-112.1240234375,-11.8115234375
94.4538187,-87.1044921875,-110.3173828125,16.2646484375
94.4825868,-87.4462890625,-108.4130859375,43.0224609375
94.5191273,-88.0810546875,-107.3876953125,54.2529296875
94.5432016,-89.2529296875,-105.9228515625,54.7900390625
94.5774655,-90.2294921875,-105.8251953125,54.6923828125
94.6048688,-91.3037109375,-105.1904296875,50.8349609375
94.6360861,-92.0361328125,-105.0439453125,46.0986328125
94.6667033,-92.6220703125,-104.9951171875,41.2646484375
94.6940815,-94.0380859375,-104.4580078125,39.5068359375
94.7254114,-94.1845703125,-106.1181640625,38.2861328125
94.7562226,-94.6240234375,-105.9716796875,37.0654296875
94.7928635,-95.6005859375,-107.3388671875,35.3076171875
94.8178827,-95.6005859375,-107.8271484375,31.5966796875
94.846691,-97.1142578125,-109.1943359375,27.3974609375
94.876223,-97.9443359375,-110.2685546875,21.3916015625
94.9073495,-98.4326171875,-112.0751953125,15.2392578125
94.9362715,-98.8232421875,-112.9541015625,9.3310546875
94.9647633,-96.9189453125,-114.6630859375,4.2041015625
94.9984247,-92.0361328125,-116.3232421875,0.4443359375
95.0277148,-87.6904296875,-117.4951171875,-3.7060546875
95.0558062,-86.6650390625,-119.3994140625,-7.7587890625
95.0887256,-85.8349609375,-121.0107421875,-11.0302734375
95.1179718,-85.4931640625,-121.4501953125,-14.8876953125
95.1490771,-85.2978515625,-122.8662109375,-19.2822265625
95.1791421,-86.4208984375,-120.4736328125,-23.2373046875
95.2093632,-87.1044921875,-117.9345703125,-21.8212890625
95.2411663,-86.5673828125,-116.7626953125,-3.8525390625
95.2671729,-86.9580078125,-114.7119140625,23.7353515625
95.3012561,-87.2509765625,-113.2958984375,43.7060546875
95.3290101,-88.0322265625,-113.2958984375,50.3955078125
95.3573002,-89.0087890625,-112.2705078125,49.1748046875
95.3939468,-89.3017578125,-112.9541015625,46.4892578125
95.4200604,-90.5712890625,-111.9775390625,40.0439453125
95.4496452,-91.6943359375,-112.0751953125,34.0869140625
95.4813254,-91.8896484375,-112.3681640625,30.3271484375
95.5097974,-92.9150390625,-112.9541015625,29.2529296875
95.5382509,-92.9638671875,-113.3447265625,28.8134765625
95.5749488,-94.0869140625,-115.1025390625,27.3974609375
95.5996843,-94.2822265625,-115.3466796875,25.2490234375
95.6338238,-94.7216796875,-116.7626953125,19.7802734375
95.6617921,-95.5517578125,-117.6904296875,14.5068359375
95.6912853,-96.7236328125,-119.3505859375,8.1103515625
95.7226531,-97.2607421875,-120.1806640625,2.0556640625
95.7594077,-97.1142578125,-121.9384765625,-3.3154296875
95.7786557,-94.7216796875,-123.0615234375,-7.7099609375
95.8140972,-90.4736328125,-124.9169921875,-12.2509765625
95.8412812,-87.6416015625,-126.6748046875,-15.3271484375
95.8789327,-86.0791015625,-128.0419921875,-19.5263671875
95.9024875,-85.6884765625,-129.5068359375,-23.0419921875
95.9308758,-85.5908203125,-128.7744140625,-26.8994140625
95.964291,-85.9814453125,-126.3330078125,-31.5869140625
95.992403,-86.8603515625,-123.7939453125,-26.1669921875
96.0218288,-87.5439453125,-121.8408203125,-3.9501953125
96.054713,-87.7392578125,-120.7666015625,24.8583984375
96.0835154,-87.9833984375,-119.0087890625,43.5595703125
96.1106478,-88.1298828125,-118.0810546875,48.4912109375
96.1489493,-88.3740234375,-117.8369140625,47.8564453125
96.1730263,-89.8388671875,-116.8115234375,45.8544921875
96.2232639,-90.2783203125,-117.4951171875,41.1669921875
96.2343761,-91.4013671875,-117.2509765625,35.5517578125
96.2642482,-92.4267578125,-116.5673828125,31.4990234375
96.2930657,-93.3056640625,-117.2509765625,30.3271484375
96.3267143,-93.4033203125,-117.6416015625,29.8876953125
96.3543101,-94.1845703125,-117.9345703125,28.6669921875
96.4025892,-94.5751953125,-119.2041015625,24.7607421875
96.4156031,-95.3564453125,-120.2294921875,21.0009765625
96.4426653,-95.8447265625,-121.8896484375,15.0439453125
96.4798692,-96.5771484375,-122.6220703125,8.7939453125
96.5263044,-97.6513671875,-123.2568359375,3.1298828125
96.5488335,-97.1142578125,-124.9169921875,-2.6318359375
96.5661913,-95.9423828125,-126.2353515625,-8.1494140625
96.595312,-90.6201171875,-127.9931640625,-12.0556640625
96.6249018,-87.3486328125,-129.1650390625,-15.7177734375
96.6573252,-87.2021484375,-131.3134765625,-19.4287109375
96.6895836,-86.3720703125,-132.3388671875,-23.7255859375
96.7443559,-86.1279296875,-133.2177734375,-27.1923828125
96.7452108,-86.0302734375,-132.5830078125,-32.2216796875
96.775176,-87.0068359375,-129.9951171875,-34.9072265625
96.8399849,-87.6416015625,-126.1376953125,-27.8271484375
96.8420856,-87.4462890625,-124.8193359375,-2.2412109375
96.8681515,-87.4462890625,-123.2568359375,28.6669921875
96.9178641,-88.2763671875,-120.1318359375,46.3427734375
96.9370694,-88.8623046875,-118.8134765625,50.7373046875
96.9607939,-90.2783203125,-117.9833984375,50.8349609375
96.9873441,-91.0107421875,-117.2998046875,50.2978515625
97.0164295,-91.4501953125,-117.2509765625,45.5615234375
97.0660765,-92.6220703125,-117.5927734375,40.3369140625
97.0876245,-93.1591796875,-116.9580078125,36.1376953125
97.1085125,-93.0126953125,-116.7626953125,33.9404296875
97.1556018,-94.9169921875,-117.5439453125,33.5009765625
97.177157,-94.5751953125,-117.9345703125,31.4990234375
97.2189933,-95.2099609375,-118.3740234375,28.7646484375
97.2392884,-96.2841796875,-118.5693359375,23.6865234375
97.2579137,-97.1630859375,-120.3271484375,17.0458984375
97.3076093,-97.8466796875,-122.1337890625,10.8935546875
97.3215761,-98.3349609375,-123.2080078125,5.1318359375
97.3496206,-99.0673828125,-124.3310546875,-0.8740234375
97.3824292,-96.6259765625,-125.7470703125,-5.9521484375
97.4097222,-91.8408203125,-126.5771484375,-10.8349609375
97.4442622,-88.6181640625,-128.4814453125,-14.8876953125
97.4913616,-86.8115234375,-129.3603515625,-18.5009765625
97.5124277,-86.8115234375,-131.4111328125,-22.6513671875
97.5543498,-85.7861328125,-132.4365234375,-26.7041015625
97.574262,-86.1279296875,-133.4130859375,-30.6591796875
97.5913104,-87.2509765625,-131.6064453125,-35.6396484375
97.6241816,-87.6904296875,-129.6044921875,-39.0576171875
97.6532673,-87.9833984375,-126.0400390625,-28.5595703125
97.6797335,-87.8369140625,-124.2822265625,-1.5576171875
97.7429734,-88.1787109375,-122.6220703125,28.2275390625
97.7438236,-89.2041015625,-119.9853515625,42.7783203125
97.7751821,-89.5458984375,-118.3251953125,45.6591796875
97.8207998,-90.9619140625,-118.2763671875,45.0732421875
97.8409357,-91.9873046875,-117.7392578125,43.0224609375
97.8838441,-92.5732421875,-116.7138671875,38.5791015625
97.9150503,-93.2080078125,-116.3720703125,33.8916015625
97.925578,-94.0380859375,-116.9091796875,30.6201171875
97.9753076,-95.1611328125,-116.6650390625,29.3505859375
97.9941854,-95.2099609375,-116.3232421875,28.6181640625
98.0135372,-96.0888671875,-116.5673828125,26.8115234375
98.0638214,-96.5283203125,-117.8369140625,22.7587890625
98.0852861,-97.0654296875,-118.8623046875,18.2177734375
98.1069685,-97.9931640625,-119.7412109375,12.7001953125
98.1498148,-99.1162109375,-120.8154296875,5.9130859375
98.1713748,-99.4580078125,-121.4013671875,0.1025390625
98.1970292,-100.1416015625,-122.9150390625,-4.3896484375
98.2249034,-98.2861328125,-124.6240234375,-9.6630859375
98.2569878,-94.1845703125,-126.4306640625,-13.7646484375
98.3051531,-90.6201171875,-127.1630859375,-17.3291015625
98.3235608,-89.3994140625,-128.6279296875,-20.6494140625
98.3484754,-88.6181640625,-129.6044921875,-24.2138671875
98.3763676,-88.4716796875,-130.0439453125,-28.4619140625
98.4053367,-87.9345703125,-128.8232421875,-32.8564453125
98.4408343,-88.7646484375,-125.6982421875,-32.7587890625
98.4848283,-88.9111328125,-123.3544921875,-16.5478515625
98.5054598,-89.8388671875,-122.3291015625,9.5263671875
98.5456233,-90.0830078125,-120.3271484375,31.3525390625
98.5657608,-90.3271484375,-119.1552734375,39.1650390625
98.5893196,-90.7177734375,-118.5205078125,38.7255859375
98.6174821,-91.1572265625,-118.6669921875,35.6982421875
98.6471113,-91.9873046875,-117.7392578125,30.4248046875
98.6806294,-93.2080078125,-117.1044921875,23.9794921875
98.70918,-93.8427734375,-117.5439453125,19.5361328125
98.7369262,-94.7705078125,-117.3974609375,17.6806640625
98.7877119,-95.5029296875,-118.6669921875,17.6318359375
98.7983847,-95.7958984375,-118.2763671875,16.6552734375
98.8319094,-96.8212890625,-119.3994140625,13.9697265625
98.8780397,-96.8212890625,-119.7900390625,9.1357421875
98.8886857,-97.6513671875,-121.1572265625,3.7158203125
98.922408,-97.6513671875,-122.8173828125,-2.1435546875
98.9502667,-98.9208984375,-123.7939453125,-7.2216796875
98.9816716,-99.9462890625,-125.2587890625,-12.7392578125
99.0116871,-99.4580078125,-126.0400390625,-17.7685546875
99.060187,-97.1630859375,-127.6513671875,-21.5283203125
99.0790055,-93.4521484375,-129.1162109375,-25.1416015625
99.1006535,-91.0595703125,-130.5322265625,-28.2666015625
99.1486496,-90.2783203125,-131.1669921875,-32.5146484375
99.1638588,-89.6923828125,-130.5810546875,-36.0302734375
99.2091052,-89.2529296875,-127.1630859375,-39.6435546875
99.2192241,-89.5947265625,-124.4775390625,-30.6591796875
99.2562726,-90.8642578125,-122.3291015625,-7.0751953125
99.2809383,-90.7177734375,-119.4482421875,20.3173828125
99.3139306,-90.4736328125,-119.3017578125,35.8935546875
99.3420965,-91.3037109375,-116.6650390625,39.4580078125
99.3708263,-90.6201171875,-116.6650390625,37.2119140625
99.4004805,-91.2060546875,-116.3720703125,34.7216796875
99.4633751,-91.9384765625,-116.2744140625,29.9853515625
99.4642305,-93.2568359375,-116.0791015625,24.7607421875
99.4942525,-93.5986328125,-115.5908203125,21.9775390625
99.5243414,-94.4775390625,-116.4697265625,21.1474609375
99.551768,-95.1123046875,-116.4208984375,20.0732421875
99.5857066,-94.8681640625,-116.5673828125,18.2666015625
99.6135037,-96.4306640625,-117.2509765625,14.9951171875
99.6458085,-96.3330078125,-119.0576171875,10.4052734375
99.6748508,-97.0654296875,-119.7900390625,5.6689453125
99.7052101,-97.7001953125,-121.3037109375,-0.7275390625
99.7324562,-98.4326171875,-122.5244140625,-5.7568359375
99.7761856,-98.4814453125,-122.5244140625,-10.8349609375
99.7931464,-98.1884765625,-123.7451171875,-15.6689453125
99.826749,-94.3310546875,-125.9912109375,-19.7216796875
99.8539991,-90.3271484375,-127.7978515625,-22.8466796875
99.8839935,-89.0087890625,-128.8232421875,-26.7041015625
99.9172714,-87.9345703125,-129.7021484375,-31.0498046875
99.9449668,-86.9580078125,-127.9931640625,-34.4677734375
99.9773611,-87.3974609375,-124.9169921875,-37.2509765625
100.0073108,-87.4462890625,-122.3779296875,-24.1162109375
100.0362399,-88.4228515625,-119.8388671875,2.2021484375
100.0676545,-88.4716796875,-118.3251953125,29.5947265625
100.0977736,-88.2763671875,-116.0791015625,42.4853515625
100.1264609,-88.5693359375,-114.5654296875,45.0244140625
100.1628732,-88.8134765625,-114.4677734375,44.5361328125
100.1870197,-89.1552734375,-112.8076171875,42.6318359375
100.2165567,-90.8154296875,-113.8818359375,38.0419921875
100.2485696,-91.0107421875,-113.1005859375,32.9150390625
100.2764864,-92.0849609375,-113.7841796875,29.8388671875
100.3052544,-92.6220703125,-113.6865234375,29.2529296875
100.3398305,-93.1591796875,-113.1005859375,28.4228515625
100.366373,-94.3798828125,-114.1748046875,26.5673828125
100.4000545,-94.3798828125,-115.3955078125,22.3193359375
100.4277213,-94.6728515625,-116.5185546875,16.9482421875
100.4580453,-95.4052734375,-117.5439453125,11.1376953125
100.4889625,-96.0400390625,-119.0576171875,5.1806640625
100.519257,-96.4306640625,-120.2783203125,-0.4345703125
100.5514539,-96.7236328125,-121.0107421875,-5.7568359375
100.5800686,-95.9423828125,-122.6220703125,-10.7861328125
100.6098663,-91.8408203125,-124.2822265625,-14.6923828125
100.6365123,-87.7392578125,-125.6005859375,-18.6962890625
100.6723619,-85.6884765625,-128.2373046875,-22.4072265625
100.6989088,-85.4931640625,-128.2373046875,-25.9716796875
100.7323838,-84.1259765625,-127.5537109375,-30.5615234375
100.763807,-84.5654296875,-125.5029296875,-34.7607421875
100.7884737,-84.6630859375,-122.3779296875,-31.0498046875
100.8215911,-85.7373046875,-120.2783203125,-8.3447265625
100.8511034,-85.7861328125,-117.9833984375,21.3427734375
100.8829958,-85.8349609375,-115.3955078125,41.3623046875
100.9129345,-85.9326171875,-114.4677734375,47.8564453125
100.9410523,-86.5673828125,-113.4912109375,46.5869140625
100.9711385,-86.8115234375,-113.6865234375,46.2451171875
101.0021169,-88.0322265625,-113.1982421875,42.5830078125
101.0308014,-88.8134765625,-113.3935546875,36.5771484375
101.0632999,-89.9365234375,-112.2705078125,32.9638671875
101.091476,-90.7177734375,-113.1494140625,30.8642578125
101.1216124,-91.5478515625,-112.7587890625,29.7900390625
101.1539044,-91.7431640625,-113.8818359375,28.5693359375
101.180944,-92.5244140625,-114.4677734375,25.2001953125
101.213998,-93.1591796875,-115.8349609375,20.7080078125
101.261281,-93.7451171875,-117.2998046875,15.5810546875
101.2816291,-94.5263671875,-118.2763671875,9.1357421875
101.3192398,-95.1611328125,-120.0341796875,3.4228515625
101.3406471,-95.8447265625,-121.4501953125,-2.3388671875
101.3623139,-96.1865234375,-122.0849609375,-7.0263671875
101.3959086,-94.2333984375,-124.1357421875,-11.1279296875
101.4244189,-89.4970703125,-125.5517578125,-15.1318359375
101.4752199,-85.7373046875,-126.5283203125,-18.7451171875
101.4840626,-84.7607421875,-128.7744140625,-22.7978515625
101.5153724,-83.5888671875,-129.9951171875,-26.1669921875
101.5473303,-83.8330078125,-128.6767578125,-30.8544921875
101.5746128,-82.8076171875,-126.0888671875,-34.2236328125
101.6030163,-84.2724609375,-124.6240234375,-27.9736328125
101.63597,-85.0537109375,-121.4990234375,-5.2685546875
101.6841733,-84.9560546875,-120.5224609375,21.5380859375
101.7037098,-85.2490234375,-119.3994140625,38.1396484375
101.7391774,-85.4443359375,-118.3251953125,42.2900390625
101.759483,-86.2744140625,-118.2763671875,40.5810546875
101.8034006,-87.2509765625,-117.6904296875,36.9677734375
101.8172047,-88.0322265625,-117.7880859375,31.2548828125
101.8622456,-89.0576171875,-117.2021484375,25.5908203125
101.8829123,-90.0341796875,-117.6904296875,23.8330078125
101.9246041,-90.7666015625,-118.3251953125,22.9541015625
101.9450741,-91.2548828125,-118.7158203125,23.1494140625
101.9865843,-92.1337890625,-119.1064453125,21.8798828125
102.009725,-92.5732421875,-121.0107421875,18.3154296875
102.0272715,-93.2080078125,-121.4013671875,13.8232421875
102.0564253,-93.7939453125,-122.7685546875,8.3544921875
102.0868,-94.0380859375,-123.8916015625,3.7158203125
102.1352339,-94.8681640625,-124.6728515625,-2.2412109375
102.1555456,-95.7958984375,-126.2353515625,-7.1728515625
102.1763179,-96.3330078125,-127.6513671875,-10.6884765625
102.2288111,-94.3310546875,-128.9697265625,-14.9365234375
102.2509541,-89.3994140625,-129.8486328125,-17.9638671875
102.2702652,-86.9091796875,-131.1669921875,-21.9677734375
102.3140132,-85.1513671875,-130.6787109375,-25.5810546875
102.3340368,-85.1025390625,-127.4560546875,-29.1943359375
102.3744062,-85.0537109375,-125.1611328125,-23.7255859375
102.396741,-85.0048828125,-123.5498046875,-2.1435546875
102.418327,-86.4697265625,-121.2060546875,24.8095703125
102.4689933,-86.2255859375,-120.4248046875,41.6064453125
102.4891247,-86.1279296875,-118.6669921875,46.2451171875
102.5272515,-86.0791015625,-118.3251953125,45.2685546875
102.5494204,-86.1767578125,-117.9345703125,43.0712890625
102.5845575,-87.0556640625,-118.2275390625,37.7978515625
102.6059446,-87.4951171875,-117.3486328125,33.4521484375
102.6479851,-88.5205078125,-117.6416015625,31.1083984375
102.6700218,-89.6923828125,-118.1298828125,29.9853515625
102.7075484,-90.3271484375,-118.4228515625,29.0087890625
102.7276634,-91.5966796875,-118.8623046875,28.1787109375
102.749485,-91.1572265625,-119.5947265625,25.0048828125
102.7839052,-91.1083984375,-120.6201171875,20.1220703125
102.8124727,-92.1337890625,-122.3291015625,14.6533203125
102.8591787,-92.6708984375,-122.9150390625,9.2333984375
102.8782777,-93.5009765625,-124.1357421875,3.5693359375
102.9216516,-94.8681640625,-126.3330078125,-1.1181640625
102.9416515,-94.4287109375,-127.4072265625,-6.0009765625
102.9951078,-93.0126953125,-128.3837890625,-8.7841796875
102.9959451,-88.7158203125,-130.2392578125,-13.0322265625
103.026913,-85.7373046875,-130.2392578125,-17.0849609375
103.0691657,-84.2724609375,-128.1884765625,-20.6982421875
103.1030114,-83.1494140625,-126.2841796875,-22.3583984375
103.115005,-83.0029296875,-123.0126953125,-8.9306640625
103.1587816,-82.7587890625,-122.1337890625,17.7294921875
103.1839459,-83.9306640625,-119.2529296875,42.4365234375
103.2193074,-84.4677734375,-117.0556640625,52.9833984375
103.2393811,-84.5166015625,-117.0068359375,55.6201171875
103.2815689,-84.4677734375,-115.2490234375,55.4736328125
103.3030976,-84.3212890625,-115.2978515625,53.1298828125
103.3406174,-85.1025390625,-115.2978515625,48.3935546875
103.3606429,-86.3232421875,-115.0537109375,43.7548828125
103.385492,-87.2509765625,-115.3466796875,41.9482421875
103.4140783,-87.7392578125,-115.6884765625,40.4345703125
103.4618078,-88.4228515625,-115.9326171875,39.7021484375
103.4820154,-89.3505859375,-116.8603515625,37.5537109375
103.5233508,-89.9853515625,-118.1298828125,33.3056640625
103.5436886,-90.5712890625,-118.8134765625,27.8369140625
103.5802382,-91.0107421875,-120.1806640625,22.0263671875
103.6016949,-91.8408203125,-121.7919921875,16.0205078125
103.6420873,-91.9873046875,-122.9150390625,10.4541015625
103.6613535,-92.4755859375,-124.3310546875,4.5947265625
103.702513,-92.8173828125,-125.7470703125,0.1513671875
103.7216987,-90.2783203125,-127.0654296875,-3.5595703125
103.7631603,-84.9072265625,-129.0185546875,-7.8564453125
103.7854605,-82.6123046875,-130.8251953125,-12.6416015625
103.8061695,-81.1962890625,-129.2626953125,-16.2060546875
103.8387945,-80.4150390625,-127.1630859375,-20.4052734375
103.8830304,-79.7314453125,-124.8681640625,-18.8916015625
103.9031256,-79.8291015625,-122.0849609375,0.5419921875
103.9457133,-81.2451171875,-119.1064453125,31.4990234375
103.9581584,-81.8310546875,-117.5439453125,51.2255859375
104.0045045,-81.6357421875,-116.2744140625,58.5009765625
104.0248666,-81.7333984375,-115.0537109375,59.7216796875
104.0602405,-81.8310546875,-114.2724609375,59.9169921875
104.0825596,-83.3935546875,-114.3212890625,57.2314453125
104.1269965,-83.6376953125,-114.3701171875,51.7626953125
104.1385338,-85.2490234375,-114.0283203125,46.1962890625
104.1727372,-86.0302734375,-114.5166015625,45.2685546875
104.2188907,-87.3486328125,-114.6142578125,43.5107421875
104.2271104,-87.5927734375,-115.5908203125,42.0947265625
104.2610345,-88.2275390625,-115.5419921875,39.3115234375
104.3068326,-89.2041015625,-116.3720703125,34.4287109375
104.3192632,-89.2041015625,-117.3974609375,28.6181640625
104.3510492,-90.4248046875,-119.1552734375,21.7333984375
104.3932236,-90.6689453125,-119.7412109375,16.0205078125
104.4146624,-91.3037109375,-122.1337890625,9.3310546875
104.4579524,-91.8408203125,-122.9638671875,3.7158203125
104.4692549,-91.4501953125,-124.5751953125,-0.5322265625
104.5062101,-88.2275390625,-126.1376953125,-5.4638671875
104.5322404,-83.5888671875,-127.9443359375,-8.4912109375
104.5652608,-81.0498046875,-129.1162109375,-12.6904296875
104.5929834,-79.6826171875,-130.6787109375,-16.9873046875
104.622545,-78.8525390625,-132.5341796875,-21.2353515625
104.6512811,-78.1689453125,-131.7041015625,-26.7041015625
104.683405,-78.1689453125,-128.6279296875,-30.6103515625
104.7122316,-79.5849609375,-125.4541015625,-23.3349609375
104.7436455,-80.4150390625,-123.1103515625,0.1513671875
104.7738624,-80.4150390625,-122.1337890625,29.9365234375
104.827049,-80.8056640625,-120.0341796875,46.0009765625
104.8345016,-81.2451171875,-118.8134765625,50.1513671875
104.8650057,-82.4169921875,-118.5205078125,49.9560546875
104.8970902,-83.1982421875,-118.3740234375,47.7099609375
104.9264337,-83.9794921875,-117.6416015625,44.1455078125
104.9679968,-85.6396484375,-117.9345703125,39.1650390625
104.9853345,-86.3232421875,-117.5439453125,35.5029296875
105.0156736,-86.8603515625,-118.0322265625,34.9169921875
105.0445653,-87.8369140625,-119.5947265625,34.8193359375
105.0774607,-88.4716796875,-119.5947265625,33.1591796875
105.1045024,-89.2529296875,-120.5712890625,30.6689453125
105.1335484,-89.9853515625,-121.0107421875,25.2490234375
105.1660443,-90.6689453125,-123.1103515625,18.9013671875
105.1954226,-91.3037109375,-123.8427734375,13.4814453125
105.2278695,-92.2802734375,-125.3564453125,7.6708984375
105.2556659,-92.6220703125,-126.7724609375,3.2275390625
105.2857239,-93.5986328125,-128.4814453125,-2.0947265625
105.3173062,-92.9150390625,-130.5322265625,-5.5615234375
105.3466852,-88.8134765625,-131.8017578125,-8.9794921875
105.3757556,-84.5654296875,-133.9013671875,-12.2509765625
105.4095778,-82.1728515625,-134.0478515625,-16.9873046875
105.4374283,-80.7568359375,-135.0244140625,-21.1376953125
105.4697063,-80.1708984375,-132.4365234375,-25.4345703125
105.4974089,-80.3173828125,-130.2880859375,-24.8486328125
105.5259806,-80.3662109375,-128.1396484375,-6.4892578125
105.5593918,-82.6123046875,-127.1142578125,20.8544921875
105.5883011,-82.2705078125,-125.6494140625,40.8251953125
105.6167881,-82.6611328125,-123.4521484375,46.8798828125
105.6511048,-82.3193359375,-123.5986328125,46.0986328125
105.6799353,-82.8564453125,-123.1591796875,44.1943359375
105.7073525,-84.0283203125,-123.8427734375,39.6533203125
105.7394608,-84.5166015625,-123.1591796875,33.3056640625
105.7692782,-86.0791015625,-124.2822265625,29.4970703125
105.8024303,-86.9091796875,-124.4287109375,28.1787109375
105.8311494,-87.4462890625,-124.6240234375,28.2763671875
105.8594381,-88.3740234375,-125.0146484375,26.7138671875
105.8919672,-88.4716796875,-126.5283203125,24.0283203125
105.9200302,-89.4482421875,-127.9931640625,19.1943359375
105.9524708,-90.2294921875,-129.1162109375,13.3349609375
106.0100071,-90.4736328125,-130.7275390625,7.1337890625
106.0118406,-90.6689453125,-131.8505859375,0.9326171875
106.040349,-91.7919921875,-133.2666015625,-4.1943359375
106.0908715,-92.4755859375,-135.0244140625,-9.5166015625
106.1188896,-92.2314453125,-136.0986328125,-13.5693359375
106.1336815,-90.1806640625,-137.7099609375,-17.2802734375
106.1617088,-85.5908203125,-139.3212890625,-22.0166015625
106.1906198,-83.3935546875,-138.8330078125,-25.4833984375
106.2411459,-81.6357421875,-136.7822265625,-30.1220703125
106.2636517,-80.7080078125,-133.9990234375,-30.8056640625
106.3082403,-81.1474609375,-132.3388671875,-15.8642578125
106.3118209,-80.9033203125,-131.2646484375,12.0654296875
106.3428347,-81.6845703125,-129.0185546875,35.3076171875
106.3717851,-82.4169921875,-127.0654296875,45.2685546875
106.4033407,-81.3916015625,-127.5048828125,46.6845703125
106.4335341,-82.8564453125,-126.4794921875,44.2431640625
106.4807604,-82.6611328125,-126.6748046875,42.6806640625
106.5111457,-83.3447265625,-126.6259765625,36.8212890625
106.5219882,-85.0048828125,-126.6748046875,32.4267578125
106.5714076,-85.1025390625,-126.3818359375,29.5947265625
106.5930027,-85.8349609375,-127.0654296875,28.0322265625
106.6307999,-87.0068359375,-127.6513671875,28.0810546875
106.6451135,-87.2021484375,-128.3837890625,25.1513671875
106.6915063,-88.1298828125,-129.3115234375,20.6591796875
106.7119007,-88.7158203125,-130.4833984375,14.5556640625
106.7504228,-89.1552734375,-132.0458984375,9.0869140625
106.7709661,-89.8388671875,-133.5107421875,2.3974609375
106.8234608,-91.2060546875,-134.8291015625,-3.2177734375
106.8547,-90.9130859375,-135.0732421875,-9.2236328125
106.8555519,-91.6455078125,-137.1728515625,-14.3017578125
106.9052706,-90.5712890625,-138.9306640625,-18.2568359375
106.9249625,-86.1767578125,-139.8095703125,-22.4560546875
106.963127,-83.2958984375,-142.3486328125,-26.1181640625
106.9822608,-80.6103515625,-140.8837890625,-31.0986328125
107.018238,-79.7802734375,-139.8583984375,-35.5419921875
107.0392726,-79.8291015625,-137.3193359375,-37.0068359375
107.0822826,-79.6337890625,-134.6826171875,-21.0400390625
107.1039813,-79.5849609375,-131.3623046875,7.1337890625
107.141167,-81.0986328125,-130.6787109375,29.7900390625
107.1627326,-81.0986328125,-127.9931640625,38.5302734375
107.2007638,-81.1474609375,-127.7978515625,39.8974609375
107.222144,-81.3427734375,-127.2607421875,40.4833984375
107.2762791,-82.1728515625,-126.5771484375,38.1396484375
107.3068714,-82.8564453125,-126.2353515625,34.0380859375
107.3077211,-83.9794921875,-126.0400390625,29.0087890625
107.3520214,-85.5419921875,-126.9189453125,27.0068359375
107.3736074,-85.5908203125,-126.9677734375,25.7861328125
107.4162457,-86.8603515625,-128.1396484375,24.5166015625
107.4362824,-87.6904296875,-128.5791015625,22.0263671875
107.4725797,-88.0810546875,-129.7021484375,18.0712890625
107.4932243,-88.6669921875,-130.6787109375,12.4072265625
107.5436168,-89.6923828125,-131.5087890625,5.4248046875
107.5656703,-89.4482421875,-132.7783203125,0.0537109375
107.576973,-90.3271484375,-133.6572265625,-6.3427734375
107.6231501,-90.6689453125,-135.2685546875,-11.2744140625
107.6532974,-91.6455078125,-136.9287109375,-17.1826171875
107.7008473,-91.3525390625,-138.1494140625,-21.2841796875
107.7017104,-86.8603515625,-139.0283203125,-25.9228515625
107.7465514,-83.2470703125,-141.0791015625,-30.4150390625
107.7667152,-80.3662109375,-142.0556640625,-34.6142578125
107.8084931,-79.9267578125,-142.1044921875,-39.8876953125
107.8286628,-78.9501953125,-140.3955078125,-44.4775390625
107.8651277,-79.0478515625,-136.3427734375,-45.9912109375
107.8850737,-79.3408203125,-135.0244140625,-31.6357421875
107.9256504,-80.3173828125,-132.5341796875,-4.8291015625
107.9471327,-80.7568359375,-130.3369140625,16.1669921875
107.9876469,-81.0009765625,-129.9462890625,24.6630859375
108.008507,-81.7333984375,-128.4814453125,26.1279296875
108.0439269,-81.9775390625,-127.7978515625,25.9814453125
108.0650051,-82.7099609375,-127.3095703125,25.1025390625
108.1083543,-84.6142578125,-127.3095703125,20.8056640625
108.1278068,-85.3955078125,-127.3095703125,17.4365234375
108.1693636,-86.3232421875,-127.8466796875,16.0693359375
108.1897189,-87.1044921875,-127.7001953125,16.0205078125
108.2304981,-87.5439453125,-127.9443359375,15.0927734375
108.2498946,-88.4228515625,-129.2626953125,13.6767578125
108.2869699,-88.4716796875,-130.1416015625,9.9658203125
108.3061695,-89.6435546875,-130.9716796875,5.7177734375
108.3483938,-90.3759765625,-132.0458984375,-0.4833984375
108.3730162,-90.8642578125,-132.5830078125,-5.4150390625
108.4109951,-91.9384765625,-134.2919921875,-10.2978515625
108.4320815,-92.1826171875,-134.8779296875,-15.0830078125
108.4688342,-93.5498046875,-136.5869140625,-19.3310546875
108.4901752,-93.2080078125,-137.5634765625,-23.4326171875
108.52961,-90.0341796875,-139.9072265625,-26.8505859375
108.5488656,-84.4677734375,-140.6396484375,-31.5869140625
108.5897672,-82.2705078125,-142.0068359375,-35.4931640625
108.611271,-80.9521484375,-142.0556640625,-39.0576171875
108.6516834,-80.6591796875,-139.5166015625,-44.3310546875
108.6718544,-80.5615234375,-136.2939453125,-43.2568359375
108.7113777,-80.8056640625,-135.9521484375,-27.7783203125
108.7305698,-81.6357421875,-133.7060546875,-4.0478515625
108.7696132,-82.3681640625,-132.3388671875,12.2119140625
108.789939,-81.7333984375,-131.0205078125,18.7548828125
108.8305427,-83.0029296875,-130.5810546875,19.7314453125
108.8500862,-82.7587890625,-131.1669921875,19.3896484375
108.8890722,-84.3212890625,-130.1904296875,16.5087890625
108.9096515,-84.6630859375,-130.0927734375,11.7724609375
108.9518315,-86.0791015625,-129.2138671875,10.3076171875
108.9710435,-86.2255859375,-130.1416015625,9.1357421875
109.0134761,-87.5927734375,-130.7763671875,9.1845703125
109.0416919,-88.2763671875,-131.0205078125,8.8916015625
109.0557019,-88.9111328125,-131.9482421875,6.6455078125
109.105036,-89.7900390625,-132.6318359375,3.1298828125
109.1253725,-89.7412109375,-133.5595703125,-1.1669921875
109.1690902,-90.8154296875,-135.5126953125,-6.0009765625
109.2003993,-91.9384765625,-136.3427734375,-11.3232421875
109.2066199,-91.9384765625,-137.6611328125,-15.7177734375
109.2539574,-92.4755859375,-139.1259765625,-20.5517578125
109.2774636,-93.5986328125,-140.2001953125,-24.1162109375
109.3243042,-93.4521484375,-141.6162109375,-27.7783203125
109.3302536,-89.6923828125,-142.9833984375,-32.1728515625
109.3712776,-86.0791015625,-142.6416015625,-36.1279296875
109.4025664,-84.1748046875,-141.7626953125,-39.6923828125
109.4218289,-82.9541015625,-139.0283203125,-42.8173828125
109.4621843,-82.5634765625,-135.4638671875,-33.9306640625
109.4833497,-82.7099609375,-133.4130859375,-10.8837890625
109.5261706,-82.9052734375,-132.1435546875,9.3798828125
109.5417359,-83.9306640625,-130.5322265625,20.0732421875
109.5854618,-83.6376953125,-129.1162109375,23.0517578125
109.6023509,-83.9794921875,-128.1396484375,23.8818359375
109.6461555,-84.1748046875,-128.0908203125,22.5634765625
109.6637505,-84.1748046875,-127.5537109375,18.5595703125
109.7044886,-85.0048828125,-127.2607421875,15.5810546875
109.7204778,-86.5673828125,-127.7001953125,14.1162109375
109.766971,-87.0556640625,-128.4814453125,14.7021484375
109.7809566,-87.9833984375,-127.7001953125,14.1162109375
109.814719,-88.5205078125,-128.8720703125,12.9443359375
109.8428329,-88.1298828125,-129.4580078125,9.5263671875
109.8848106,-89.7412109375,-130.0927734375,4.7412109375
109.9053185,-89.8388671875,-131.7529296875,0.3955078125
109.9334476,-90.8642578125,-132.7783203125,-4.8291015625
109.9614892,-91.2060546875,-134.5849609375,-9.3701171875
109.9961572,-92.3291015625,-135.5615234375,-14.2529296875
110.0342391,-93.4521484375,-136.8798828125,-18.7451171875
110.06001,-92.7197265625,-137.9052734375,-22.2607421875
110.0842915,-91.5478515625,-139.7607421875,-26.5576171875
110.1142117,-87.4462890625,-140.5419921875,-30.1220703125
110.1454999,-84.6142578125,-140.3466796875,-34.1259765625
110.1749718,-82.8076171875,-138.3935546875,-38.5693359375
110.2043692,-81.9775390625,-134.7314453125,-39.5458984375
110.237622,-81.5869140625,-132.6318359375,-26.0205078125
110.2659284,-82.1240234375,-129.9951171875,-1.4599609375
110.2981521,-82.8076171875,-128.3837890625,17.1923828125
110.32672,-83.2470703125,-127.0166015625,27.6904296875
110.3542092,-83.2958984375,-125.0634765625,30.6201171875
110.3829971,-83.5888671875,-125.1123046875,30.8154296875
110.4170796,-84.0771484375,-124.3798828125,30.3271484375
110.4457749,-84.3212890625,-123.2568359375,26.9580078125
110.4783745,-85.2978515625,-123.2568359375,24.0283203125
110.5076445,-85.7373046875,-124.0380859375,22.9052734375
110.5360605,-86.7138671875,-124.2822265625,23.0029296875
110.5683247,-88.0322265625,-124.7705078125,22.1240234375
110.5958374,-88.3251953125,-125.1123046875,19.8779296875
110.628702,-89.1064453125,-125.9912109375,16.1181640625
110.6580836,-89.1064453125,-127.2119140625,10.6982421875
110.6866473,-89.3017578125,-128.0419921875,6.3037109375
110.7187073,-90.3759765625,-129.2626953125,1.2744140625
110.7485322,-90.7666015625,-130.6787109375,-4.3408203125
110.7768543,-92.0361328125,-131.0693359375,-9.7119140625
110.8112937,-92.7197265625,-132.6318359375,-14.1064453125
110.8378654,-92.6708984375,-134.0478515625,-18.6962890625
110.8666741,-91.2060546875,-135.6591796875,-22.0166015625
110.8992405,-86.0791015625,-137.1240234375,-26.2158203125
110.9280563,-83.6376953125,-139.1748046875,-30.3662109375
110.9616306,-82.1240234375,-138.9306640625,-35.3466796875
110.9894687,-81.4404296875,-136.6357421875,-39.9853515625
111.0183855,-80.7080078125,-133.7060546875,-42.7685546875
111.0515723,-80.9033203125,-130.4345703125,-29.3896484375
111.0794422,-81.2451171875,-128.4814453125,-2.5341796875
111.1075377,-82.1728515625,-126.3818359375,18.9501953125
111.1419324,-82.0751953125,-124.4287109375,31.5478515625
111.1707526,-81.7333984375,-123.1103515625,34.9169921875
111.2038625,-82.2705078125,-122.5244140625,36.8701171875
111.2489865,-82.8076171875,-122.0849609375,37.0166015625
111.2703872,-83.5888671875,-121.1083984375,33.3056640625
111.2903626,-85.1025390625,-120.3759765625,29.5458984375
111.3214265,-85.2490234375,-120.3271484375,27.9833984375
111.3499397,-86.1767578125,-120.9619140625,27.5439453125
111.3831321,-86.5185546875,-121.1083984375,26.7626953125
111.4301379,-87.4951171875,-122.5244140625,24.2236328125
111.4505035,-88.3740234375,-122.8662109375,21.0986328125
111.4876713,-89.0576171875,-124.5263671875,16.9482421875
111.5082777,-89.6923828125,-125.5029296875,10.4052734375
111.5505403,-90.0830078125,-127.2607421875,5.0830078125
111.5626434,-90.4248046875,-128.2861328125,-1.0693359375
111.5918737,-91.4990234375,-129.3603515625,-6.5869140625
111.62017,-92.0849609375,-131.4111328125,-10.9814453125
111.6690561,-92.6708984375,-132.4853515625,-15.8642578125
111.6905969,-91.8408203125,-133.4619140625,-19.4775390625
111.7318734,-87.4951171875,-135.3173828125,-24.1162109375
111.7535294,-83.7841796875,-136.6357421875,-27.9248046875
111.7708347,-81.8310546875,-138.3935546875,-32.0263671875
111.8238766,-81.2451171875,-138.4423828125,-37.3974609375
111.8439375,-81.0009765625,-135.4150390625,-42.6220703125
111.8811022,-80.2197265625,-132.4853515625,-45.2587890625
111.9024494,-80.7568359375,-130.1904296875,-33.9306640625
111.9407422,-81.2939453125,-128.0419921875,-6.1474609375
111.9610482,-81.3916015625,-124.5263671875,17.8271484375
111.9999652,-81.7822265625,-122.8173828125,31.1572265625
112.0202121,-82.3681640625,-121.9873046875,35.3564453125
112.063298,-82.6611328125,-121.3037109375,36.7236328125
112.0857854,-83.4912109375,-121.3037109375,36.0400390625
112.1072997,-84.1259765625,-120.3759765625,32.0361328125
112.1493557,-85.3466796875,-120.2783203125,29.0087890625
112.170711,-85.3466796875,-120.7177734375,27.0556640625
112.2109728,-86.9580078125,-120.3759765625,26.5673828125
112.231227,-87.4462890625,-120.5224609375,25.2001953125
112.2694775,-88.1298828125,-121.3525390625,24.6630859375
112.2909095,-88.9111328125,-122.1337890625,20.3173828125
112.3306517,-89.5458984375,-123.2568359375,15.7763671875
112.3520412,-89.7900390625,-124.7705078125,10.2099609375
112.3911287,-90.9619140625,-125.7470703125,4.4970703125
112.4125027,-91.4501953125,-127.2119140625,-1.4111328125
112.4544739,-92.1826171875,-128.3349609375,-7.2705078125
112.4847322,-93.8427734375,-129.7509765625,-11.9091796875
112.496692,-93.4521484375,-130.9228515625,-16.3525390625
112.5409107,-93.1591796875,-132.1435546875,-20.6982421875
112.5625786,-89.5947265625,-133.5107421875,-24.6044921875
112.598662,-85.6396484375,-136.0498046875,-28.7060546875
112.6192586,-83.9794921875,-137.5634765625,-33.4912109375
112.6622174,-83.1982421875,-137.8564453125,-38.7158203125
112.6847232,-82.2705078125,-135.7080078125,-43.3544921875
112.7239454,-82.4169921875,-133.1201171875,-46.6748046875
112.7439265,-82.4658203125,-130.3369140625,-36.5673828125
112.7818917,-83.9794921875,-128.5791015625,-10.6396484375
112.8018566,-83.9306640625,-126.9189453125,13.1884765625
112.8414684,-83.4912109375,-125.3076171875,26.9580078125
112.8638157,-83.9306640625,-124.4287109375,31.0107421875
112.9007819,-84.4677734375,-124.1845703125,31.4501953125
112.9229848,-85.3955078125,-123.9404296875,28.7158203125
112.9598447,-85.8837890625,-123.6474609375,23.1982421875
112.981376,-86.8115234375,-123.1591796875,20.1220703125
113.0214878,-87.4462890625,-124.3798828125,18.0224609375
113.0431807,-87.7880859375,-124.8681640625,19.3408203125
113.0849323,-88.7646484375,-125.1611328125,19.3896484375
113.1053631,-90.0830078125,-125.8935546875,17.4365234375
113.1569069,-90.4248046875,-126.6259765625,14.0185546875
113.178068,-90.8642578125,-127.6513671875,9.5263671875
113.1934786,-91.5966796875,-128.2373046875,4.1552734375
113.2346552,-91.6455078125,-129.1650390625,-1.0693359375
113.2555238,-93.1103515625,-130.6298828125,-6.7822265625
113.2916733,-93.5986328125,-131.9482421875,-12.2998046875
113.314154,-94.2333984375,-133.6572265625,-16.2060546875
113.3510003,-95.6982421875,-134.7314453125,-19.9658203125
113.3738613,-95.4052734375,-137.2216796875,-23.6279296875
113.4136153,-93.0126953125,-137.2705078125,-28.1201171875
113.4362123,-89.4482421875,-136.9287109375,-32.9052734375
113.47759,-86.7626953125,-134.5361328125,-37.2021484375
113.4969028,-85.7373046875,-131.4599609375,-34.7119140625
113.535379,-85.4931640625,-129.0673828125,-16.1083984375
113.5547659,-85.2001953125,-127.7001953125,11.4794921875
113.5956677,-85.4931640625,-125.7958984375,30.5712890625
113.6159306,-86.2744140625,-124.0380859375,38.9697265625
113.6583809,-86.2744140625,-123.7939453125,40.1904296875
113.67832,-86.3232421875,-122.9638671875,39.3603515625
113.7174329,-86.6162109375,-122.8662109375,35.6982421875
113.7398258,-86.3720703125,-122.9150390625,30.8642578125
113.776359,-87.2998046875,-122.6708984375,28.1298828125
113.7971782,-87.4462890625,-123.1103515625,27.1044921875
113.8366484,-88.4228515625,-123.9404296875,27.7880859375
113.8584619,-89.5458984375,-123.8916015625,27.2021484375
113.9002373,-89.8876953125,-124.5751953125,24.4189453125
113.9208458,-90.6201171875,-125.1611328125,20.3662109375
113.9591059,-91.4501953125,-127.4560546875,15.3369140625
113.9782284,-91.5478515625,-128.2861328125,8.5986328125
114.0180544,-91.9384765625,-129.3603515625,3.1298828125
114.0370904,-92.0361328125,-130.1416015625,-2.1923828125
114.0777247,-92.9638671875,-131.9482421875,-7.5634765625
114.097879,-93.3544921875,-133.0712890625,-11.4697265625
114.139401,-94.1357421875,-134.8291015625,-14.7412109375
114.1609606,-93.4521484375,-135.2685546875,-19.2333984375
114.1964242,-90.1806640625,-136.1474609375,-24.0673828125
114.2177744,-86.8115234375,-134.8291015625,-28.4130859375
114.2585442,-84.9560546875,-131.9482421875,-32.3681640625
114.2788539,-84.1748046875,-129.5068359375,-26.5576171875
114.3201766,-83.6376953125,-127.5048828125,-1.7041015625
114.3429303,-83.7353515625,-125.0146484375,26.9091796875
114.3798064,-84.0283203125,-122.7197265625,44.8291015625
114.3997651,-84.9560546875,-121.4501953125,52.1044921875
114.4417268,-84.9560546875,-120.9130859375,53.0810546875
114.4639211,-84.4189453125,-119.5458984375,52.5927734375
114.5044336,-85.0537109375,-120.1318359375,49.2236328125
114.5200816,-85.1025390625,-119.4482421875,44.5361328125
114.5607847,-85.6396484375,-119.7412109375,41.1669921875
114.5799212,-86.5673828125,-120.0830078125,40.3857421875
114.622869,-87.0556640625,-120.7666015625,40.6298828125
114.6390822,-87.5439453125,-121.5478515625,39.5556640625
114.6827074,-88.2763671875,-122.2314453125,35.3564453125
114.7027422,-89.1552734375,-123.4033203125,31.3525390625
114.7453089,-89.5947265625,-123.8427734375,25.2490234375
114.76202,-90.3271484375,-125.8447265625,19.1455078125
114.7903646,-90.6201171875,-126.6748046875,13.4814453125
114.8329137,-90.8642578125,-128.4326171875,8.4033203125
114.854901,-92.0361328125,-130.2880859375,2.6416015625
114.8912726,-92.1337890625,-130.8251953125,-1.5087890625
114.912827,-92.3779296875,-132.7294921875,-5.1708984375
114.9520143,-91.9384765625,-134.8779296875,-9.4677734375
114.9709832,-88.2275390625,-135.8544921875,-14.9365234375
115.0125428,-84.9560546875,-136.9775390625,-18.8916015625
115.0336805,-82.4169921875,-135.7080078125,-24.2138671875
115.0640587,-81.4404296875,-132.5341796875,-28.7060546875
115.1009393,-81.0986328125,-130.4345703125,-24.6044921875
115.1226609,-80.9521484375,-127.7490234375,-0.1904296875
115.1637702,-81.4404296875,-125.4052734375,30.4248046875
115.1827676,-81.3916015625,-122.7685546875,49.2724609375
115.2149586,-81.3916015625,-121.8408203125,56.0595703125
115.2446219,-81.5869140625,-120.8642578125,57.4755859375
115.2805856,-81.7333984375,-120.3271484375,58.1591796875
115.3048354,-81.7822265625,-119.9365234375,56.0107421875
115.3422005,-82.4658203125,-119.8876953125,51.0302734375
115.3639484,-84.1259765625,-119.6923828125,47.6123046875
115.3977485,-84.3701171875,-118.8134765625,46.0986328125
115.4268425,-85.3466796875,-119.5458984375,45.2197265625
115.4548969,-85.7861328125,-120.4248046875,44.4384765625
115.4878554,-85.8837890625,-121.4501953125,40.4833984375
115.5147115,-86.9091796875,-122.6708984375,35.4052734375
115.5494917,-87.1044921875,-123.9404296875,29.5947265625
115.5760584,-87.7392578125,-125.1123046875,22.9541015625
115.6046427,-88.0322265625,-126.7724609375,16.8017578125
115.6342427,-88.8623046875,-128.2861328125,11.4794921875
115.66663,-89.9365234375,-129.8974609375,5.9619140625
115.7020535,-90.3759765625,-130.9716796875,1.3232421875
115.7291918,-90.6201171875,-133.2666015625,-4.1455078125
115.7572369,-90.8154296875,-135.1220703125,-7.9541015625
115.787644,-86.6162109375,-135.8544921875,-11.9091796875
115.8184167,-82.0263671875,-138.4423828125,-16.1572265625
115.8553744,-80.0732421875,-139.8583984375,-20.9912109375
115.8796932,-78.3642578125,-141.6650390625,-25.5322265625
115.908934,-77.5830078125,-141.5673828125,-30.6591796875
115.9382291,-76.1669921875,-139.6142578125,-36.0302734375
115.9710607,-76.7529296875,-135.4150390625,-38.2763671875
115.9990379,-77.7294921875,-133.6083984375,-24.2626953125
116.0269484,-78.5595703125,-131.8505859375,9.6240234375
116.0794935,-77.8759765625,-129.2138671875,37.1630859375
116.0988566,-78.7548828125,-126.3330078125,50.5419921875
116.1166942,-79.3408203125,-125.6982421875,55.5224609375
116.1508967,-79.5361328125,-125.1123046875,56.1083984375
116.1787102,-80.4638671875,-124.4287109375,56.9873046875
116.2069559,-81.4404296875,-124.4775390625,53.0810546875
116.2567412,-82.1240234375,-123.8916015625,48.6865234375
116.2785641,-82.6611328125,-123.5498046875,46.1474609375
116.3148251,-83.5400390625,-123.5986328125,44.9755859375
116.3355282,-84.3701171875,-124.2333984375,44.1943359375
116.3590114,-84.8095703125,-124.6728515625,41.8505859375
116.3912072,-85.6884765625,-126.0888671875,37.7490234375
116.4385643,-85.6884765625,-127.2607421875,33.3544921875
116.4588957,-86.1279296875,-127.7978515625,26.3232421875
116.4996482,-87.1044921875,-129.4580078125,20.4150390625
116.5213085,-87.3974609375,-130.9716796875,14.6533203125
116.5403206,-87.7880859375,-132.7783203125,8.7939453125
116.5894061,-88.3251953125,-134.1455078125,3.2275390625
116.6110915,-89.6923828125,-136.0498046875,-2.0458984375
116.6505127,-89.9365234375,-137.0751953125,-6.1962890625
116.6702949,-88.5693359375,-138.5888671875,-10.7373046875
116.707506,-84.3212890625,-140.2978515625,-15.2783203125
116.726435,-79.8291015625,-141.4208984375,-19.0869140625
116.76863,-76.9970703125,-143.4228515625,-24.1162109375
116.7885742,-76.4111328125,-144.7900390625,-28.9990234375
116.8295521,-74.9462890625,-146.9384765625,-34.3701171875
116.8509657,-74.8486328125,-145.8154296875,-39.3994140625
116.8862701,-75.0927734375,-143.3740234375,-44.1845703125
116.9064598,-76.0205078125,-140.5419921875,-43.1103515625
116.948383,-76.3134765625,-138.2958984375,-21.1376953125
116.9698917,-76.6064453125,-137.2216796875,11.7724609375
117.0080124,-77.2412109375,-135.2197265625,33.8427734375
117.0290451,-77.7783203125,-133.6572265625,41.6552734375
117.0649724,-78.9501953125,-132.6806640625,42.7783203125
117.0863778,-79.7802734375,-132.5830078125,42.6318359375
117.1303107,-80.1708984375,-132.2900390625,40.0927734375
117.1519855,-81.6845703125,-131.8994140625,35.7958984375
117.1885945,-81.9287109375,-132.3876953125,31.5966796875
117.2088881,-83.1982421875,-132.6318359375,31.0107421875
117.2480196,-83.8818359375,-133.1689453125,31.4013671875
117.2684493,-84.4677734375,-133.9501953125,30.6689453125
117.3057189,-85.0048828125,-134.3408203125,27.6904296875
117.3273505,-85.4931640625,-135.1708984375,23.7841796875
117.3686008,-86.1279296875,-136.4892578125,17.9248046875
117.3900046,-87.2998046875,-138.0029296875,12.3095703125
117.4265207,-87.8857421875,-138.8330078125,5.9619140625
117.446741,-88.0322265625,-140.6396484375,0.8349609375
117.4888141,-88.9111328125,-141.4697265625,-5.1708984375
117.5101743,-89.9853515625,-143.2275390625,-9.4677734375
117.5463009,-90.8154296875,-144.4970703125,-14.1064453125
117.5677887,-90.5712890625,-146.1083984375,-17.1826171875
117.6114167,-88.4228515625,-147.1826171875,-21.5771484375
117.6314598,-83.7841796875,-149.3310546875,-25.7275390625
117.6783618,-80.5615234375,-150.3564453125,-30.2197265625
117.6986776,-79.0478515625,-150.0634765625,-35.5419921875
117.7422493,-78.6083984375,-147.6708984375,-40.3759765625
117.7740379,-77.6318359375,-145.5224609375,-41.7431640625
117.7814873,-77.5830078125,-143.1298828125,-27.8759765625
117.82002,-78.5595703125,-141.1279296875,2.9345703125
117.8401622,-78.6572265625,-139.1259765625,26.3232421875
117.8843093,-79.3408203125,-136.9287109375,37.0166015625
117.9133836,-79.3408203125,-136.7333984375,39.6044921875
117.9264818,-79.9267578125,-135.8544921875,38.1396484375
117.9746747,-80.5126953125,-135.7568359375,36.3330078125
117.9947544,-81.0986328125,-134.7802734375,30.9619140625
118.0407737,-82.3193359375,-135.7568359375,27.0556640625
118.0595753,-82.5634765625,-134.7802734375,25.4931640625
118.0957508,-84.2236328125,-135.6103515625,24.8583984375
118.1167239,-84.9560546875,-136.0498046875,24.7119140625
118.1523229,-85.2490234375,-137.0263671875,22.5146484375
118.1735912,-86.1279296875,-137.1240234375,17.8759765625
118.2101206,-86.6162109375,-138.0517578125,13.1884765625
118.2304935,-87.0556640625,-139.5166015625,7.2314453125
118.2685245,-87.0068359375,-140.3466796875,1.0791015625
118.2923574,-87.6904296875,-141.8603515625,-4.2431640625
118.3321275,-88.5205078125,-142.9345703125,-10.1513671875
118.3514776,-89.3505859375,-144.9365234375,-15.3759765625
118.3955142,-90.3759765625,-146.3037109375,-19.0869140625
118.415755,-90.6201171875,-147.0361328125,-23.3837890625
118.4538599,-90.5224609375,-148.3544921875,-26.8505859375
118.4735418,-86.7626953125,-149.6240234375,-30.6591796875
118.5245492,-83.2958984375,-151.0400390625,-35.6884765625
118.5437096,-80.9033203125,-149.5751953125,-40.3271484375
118.562594,-79.8291015625,-146.6943359375,-45.0146484375
118.5945344,-79.3896484375,-144.3017578125,-43.5498046875
118.6311386,-78.9013671875,-141.5673828125,-21.7724609375
118.6522866,-79.3896484375,-139.0283203125,10.0634765625
118.6913604,-80.5126953125,-136.7822265625,29.9365234375
118.714748,-79.9267578125,-135.0732421875,38.4814453125
118.7509716,-79.9755859375,-134.6826171875,40.0927734375
118.7756013,-80.7080078125,-133.6083984375,41.0693359375
118.8133515,-81.2939453125,-132.9736328125,38.9697265625
118.8325601,-82.0263671875,-132.3388671875,34.2333984375
118.8678946,-82.2216796875,-131.8017578125,30.2294921875
118.8934429,-83.1982421875,-131.6552734375,28.5205078125
118.9322666,-84.0771484375,-131.5576171875,28.5693359375
118.9543967,-84.8095703125,-132.2412109375,27.2509765625
118.9947427,-85.3955078125,-132.6806640625,24.6630859375
119.0147591,-85.8349609375,-133.8525390625,19.7802734375
119.0552159,-86.3232421875,-134.6337890625,14.0185546875
119.0778864,-87.2998046875,-135.8544921875,8.1103515625
119.1166878,-87.8369140625,-137.1728515625,2.4462890625
119.1371578,-87.8857421875,-138.0517578125,-3.5107421875
119.1756086,-88.3740234375,-139.0771484375,-8.5400390625
119.1969247,-89.4482421875,-139.5654296875,-13.5693359375
119.2341835,-90.1806640625,-141.5673828125,-17.7197265625
119.2562688,-90.2783203125,-142.9833984375,-21.2353515625
119.2914231,-89.9853515625,-144.3994140625,-25.4833984375
119.3144229,-85.5419921875,-146.4013671875,-29.6826171875
119.3517236,-82.4169921875,-147.7685546875,-33.8818359375
119.3764109,-80.0732421875,-148.2568359375,-38.8623046875
119.4193719,-79.1455078125,-146.6455078125,-43.9892578125
119.4385268,-77.9248046875,-143.7646484375,-48.3837890625
119.4736917,-77.9248046875,-140.8349609375,-44.6728515625
119.4989985,-78.3642578125,-138.1005859375,-19.9658203125
119.5408868,-78.9013671875,-135.4150390625,12.7001953125
119.5613723,-78.9990234375,-132.8759765625,33.3544921875
119.6014427,-78.9990234375,-131.3623046875,40.8740234375
119.620906,-79.5361328125,-129.7021484375,43.2666015625
119.657339,-79.6826171875,-128.8232421875,44.5849609375
119.679383,-81.3427734375,-128.4814453125,42.3876953125
119.7229646,-81.3916015625,-127.0654296875,37.4072265625
119.7407474,-82.0263671875,-126.9677734375,33.5498046875
119.7776351,-82.6123046875,-127.2119140625,32.1826171875
119.7990026,-83.2958984375,-126.8701171875,31.5478515625
119.8375768,-84.3212890625,-127.3095703125,30.5224609375
119.8579509,-84.5654296875,-127.2607421875,27.0068359375
119.900085,-85.5419921875,-128.3349609375,22.6123046875
119.9204492,-86.2255859375,-129.6533203125,16.5087890625
119.9609411,-85.7861328125,-130.6787109375,10.5029296875
119.9824148,-86.9580078125,-131.5576171875,4.0087890625
120.016755,-86.8115234375,-133.3642578125,-1.3134765625
120.039923,-88.1298828125,-133.3154296875,-6.6845703125
