Timestamp,PPG_Forehead,PPG_Earlobe,PPG_Finger
0.0105314999999999,0.185546875,0.185546875,11.3818359375
0.0207527000000001,0.185546875,0.185546875,0.185546875
0.0281840999999998,0.185546875,0.185546875,0.185546875
0.0330086999999999,0.185546875,0.185546875,0.185546875
0.0382940000000001,0.185546875,0.185546875,0.185546875
0.0462037999999998,0.185546875,0.185546875,0.185546875
0.0489112999999999,120.8740234375,126.4501953125,0.185546875
0.0524455000000001,-51.5380859375,18.6279296875,82.6025390625
0.0543181000000001,-51.3427734375,19.0673828125,-36.4208984375
0.0555336999999998,-52.3193359375,18.7255859375,-40.4248046875
0.0588823000000001,-53.2470703125,18.5791015625,-45.3076171875
0.0602865000000001,-53.6865234375,18.5302734375,-50.9716796875
0.0614919999999999,-53.4423828125,18.3349609375,-56.0009765625
0.0625912,-53.4912109375,17.8955078125,-60.9326171875
0.0643918999999999,-53.1005859375,17.6513671875,-65.8154296875
0.0660745999999999,-54.3701171875,17.4560546875,-70.5029296875
0.0671895,-54.9072265625,19.5068359375,-71.1865234375
0.0692800999999998,-55.8837890625,22.8271484375,-51.8505859375
0.0704634,-57.0556640625,26.0009765625,-22.1630859375
0.0720424999999998,-57.5927734375,26.3916015625,-0.3857421875
0.0754440000000001,-58.2763671875,28.1005859375,10.0146484375
0.0768276000000001,-59.4482421875,29.4189453125,10.7470703125
0.0802166,-60.2783203125,29.7607421875,5.1806640625
0.0832720999999998,-61.2548828125,27.9541015625,-4.2431640625
0.086449,-60.0830078125,28.6376953125,-16.7431640625
0.0876182999999999,-56.8115234375,29.6142578125,-26.7529296875
0.0899302999999998,-54.0771484375,29.5166015625,-32.0751953125
0.0923191000000001,-51.6357421875,29.2724609375,-32.5146484375
0.0940337000000002,-51.2939453125,27.9541015625,-32.4658203125
0.0957618,-51.5869140625,27.3193359375,-33.8818359375
0.0968732999999999,-51.8310546875,27.3193359375,-37.0068359375
0.0988821,-52.7099609375,27.3681640625,-41.7431640625
0.1001249,-53.0029296875,27.3681640625,-47.5537109375
0.1019637,-54.1259765625,26.5869140625,-53.8037109375
0.1038628,-53.2958984375,25.7080078125,-58.8330078125
0.1052838,-53.4423828125,25.8056640625,-63.9599609375
0.1076442,-54.6630859375,25.2685546875,-69.0869140625
0.1089605,-55.3466796875,26.9775390625,-73.4814453125
0.11009,-55.4931640625,29.2236328125,-60.1025390625
0.1121669,-56.5185546875,32.3486328125,-29.6337890625
0.1134286,-57.8369140625,32.5439453125,-3.3154296875
0.1151867,-58.3740234375,33.1787109375,11.0888671875
0.1166717,-59.5947265625,35.1806640625,15.2880859375
0.1178045,-59.8388671875,35.6201171875,12.5048828125
0.1198929,-61.0595703125,34.5947265625,5.0341796875
0.1212195,-61.5966796875,33.9111328125,-5.9521484375
0.1226551,-58.4228515625,34.4970703125,-17.3291015625
0.1247543,-55.4931640625,34.4482421875,-23.6767578125
0.1259645,-53.3935546875,34.4970703125,-27.3388671875
0.1276296,-52.1728515625,33.6181640625,-27.8759765625
0.1293652,-51.6845703125,33.5205078125,-29.4873046875
0.1304954,-51.5869140625,33.5205078125,-31.7822265625
0.1322452,-52.1728515625,32.8857421875,-35.2490234375
0.1336584,-52.8076171875,32.3974609375,-41.1083984375
0.1348893,-53.0517578125,32.2021484375,-47.0166015625
0.1367604,-53.1982421875,31.3720703125,-52.2900390625
0.1378961,-52.8076171875,30.3466796875,-56.9775390625
0.1389166,-53.0517578125,30.0537109375,-61.9091796875
0.140193,-53.7841796875,28.8330078125,-67.7685546875
0.1412285,-54.9560546875,30.4931640625,-71.3330078125
0.1422463,-55.2490234375,32.1533203125,-58.4423828125
0.1433455,-56.0791015625,34.4970703125,-27.9248046875
0.144363,-57.1533203125,35.9130859375,-1.1181640625
0.1454012,-58.3740234375,36.4501953125,14.5556640625
0.1464193,-58.9111328125,37.5732421875,19.3896484375
0.1474441,-60.1318359375,37.7197265625,18.1689453125
0.1484571,-61.1572265625,36.4013671875,10.5517578125
0.1494843,-61.3037109375,35.8154296875,0.6884765625
0.150503,-58.7158203125,34.8388671875,-10.6884765625
0.1515298,-55.0537109375,35.3759765625,-17.2314453125
0.1525574,-52.9541015625,33.5693359375,-20.6494140625
0.1535769,-51.3427734375,31.8603515625,-22.1630859375
0.1546205,-51.0009765625,30.2001953125,-23.1396484375
0.1556578,-50.8544921875,28.5888671875,-25.0439453125
0.1567324,-50.4638671875,28.0517578125,-29.1455078125
0.1577773,-51.5380859375,26.7822265625,-34.1259765625
0.158804,-51.9287109375,26.4404296875,-39.5947265625
0.1598131,-51.9287109375,25.3662109375,-44.6728515625
0.1608346,-52.1240234375,24.3896484375,-49.0185546875
0.1618641,-52.4169921875,22.9248046875,-54.0478515625
0.1629106,-52.5634765625,21.8994140625,-59.9072265625
0.1639537,-53.1982421875,21.1669921875,-64.2529296875
0.1650322,-54.1259765625,22.3388671875,-63.7158203125
0.1661702,-55.2490234375,24.8291015625,-41.3037109375
0.1672069,-56.3720703125,25.3662109375,-10.6884765625
0.1682147,-57.2998046875,26.2939453125,11.1376953125
0.169243,-57.4951171875,26.7333984375,21.1474609375
0.1702608,-58.6669921875,27.1240234375,22.9052734375
0.1713644,-59.9853515625,26.9287109375,17.7294921875
0.1725781,-61.0595703125,25.9033203125,9.1845703125
0.1737305,-60.5712890625,24.6826171875,-1.8505859375
0.1747496,-57.3486328125,24.7314453125,-10.9814453125
0.1758023,-54.3701171875,24.1943359375,-15.5712890625
0.1768303,-52.5146484375,22.9736328125,-16.6455078125
0.1778787,-51.4404296875,22.4365234375,-17.1826171875
0.178904,-51.3916015625,22.0458984375,-18.5009765625
0.1799393,-51.0498046875,21.2158203125,-21.5771484375
0.1809526,-51.2939453125,20.0927734375,-26.0693359375
0.1819803,-51.9775390625,19.1162109375,-30.3662109375
0.1830988,-52.1728515625,18.3349609375,-36.4697265625
0.1841136,-51.9287109375,17.2119140625,-41.2060546875
0.1851208,-52.2216796875,16.1865234375,-46.3330078125
0.1862341,-52.8076171875,15.0146484375,-51.7529296875
0.1872452,-52.9541015625,15.3564453125,-56.0986328125
0.1883638,-53.5888671875,16.8701171875,-50.5810546875
0.1895006,-54.9072265625,18.7255859375,-26.0205078125
0.1905858,-55.6396484375,19.8974609375,0.0537109375
0.1917649,-56.2255859375,20.5322265625,15.8740234375
0.1928307,-57.4462890625,21.3623046875,21.0498046875
0.1938724,-58.5205078125,21.5087890625,19.8779296875
0.1952255,-59.3994140625,19.8974609375,12.9931640625
0.1962933,-60.2783203125,18.6767578125,1.7626953125
0.1973312,-58.9599609375,18.6279296875,-10.2490234375
0.1985199,-56.0791015625,19.7998046875,-16.9873046875
0.1996572,-53.6376953125,18.4814453125,-18.3544921875
0.2007233,-51.7822265625,17.7001953125,-18.9892578125
0.2018666,-51.4892578125,17.2607421875,-18.8427734375
0.2029077,-50.8544921875,18.0908203125,-21.5771484375
0.2047195,-50.7568359375,18.1396484375,-25.1416015625
0.2058377,-51.8310546875,16.9189453125,-30.0732421875
0.206858,-52.3681640625,16.5283203125,-34.8583984375
0.2079706,-52.8564453125,16.2353515625,-39.8388671875
0.2090248,-53.0517578125,15.0146484375,-45.2587890625
0.2100659,-52.9052734375,14.9169921875,-50.2392578125
0.2111046,-53.3447265625,14.0869140625,-55.8544921875
0.2121236,-54.1259765625,16.5771484375,-52.4853515625
0.2131619,-55.2490234375,19.3603515625,-29.5849609375
0.2141772,-55.5419921875,21.3623046875,-2.8271484375
0.2152214,-56.2255859375,22.0458984375,14.3603515625
0.2162296,-57.3486328125,23.2666015625,22.2705078125
0.2172365,-58.1787109375,24.8779296875,21.5380859375
0.2182827,-58.9111328125,24.0966796875,15.4345703125
0.2192986,-60.1806640625,22.3876953125,5.2294921875
0.2204534,-60.0830078125,22.7783203125,-7.2216796875
0.2214967,-57.1533203125,23.6572265625,-14.5458984375
0.2225826,-54.0771484375,23.4130859375,-17.9150390625
0.2235997,-53.1005859375,21.8505859375,-18.9404296875
0.2246958,-51.8310546875,20.8251953125,-19.4775390625
0.225811,-50.7568359375,20.9228515625,-21.8701171875
0.2269315,-51.1962890625,20.7763671875,-25.2880859375
0.2279919,-51.7822265625,20.6298828125,-29.8779296875
0.2290376,-52.2216796875,20.3857421875,-34.6630859375
0.230053,-52.8564453125,20.3857421875,-40.0341796875
0.2311044,-52.9541015625,19.6533203125,-44.8193359375
0.2321186,-53.0517578125,18.8232421875,-50.4345703125
0.2331608,-53.5888671875,19.0673828125,-55.6103515625
0.2341847,-54.2236328125,19.7998046875,-58.1005859375
0.2352211,-54.7119140625,21.8505859375,-41.1083984375
0.2362568,-55.7861328125,25.1220703125,-12.1044921875
0.2373075,-56.9580078125,26.0986328125,12.3095703125
0.2727769,-57.5927734375,26.6357421875,23.7841796875
0.3020504,-58.5205078125,27.6611328125,26.7138671875
0.3192306,-60.3759765625,28.0517578125,23.3935546875
0.3586198,-60.4736328125,27.5634765625,16.0205078125
0.3817508,-61.7919921875,26.6845703125,6.3037109375
0.4216239,-59.6923828125,27.8564453125,-4.0478515625
0.4428057,-55.8837890625,28.4912109375,-10.5419921875
0.4828222,-53.1494140625,27.6611328125,-12.4951171875
0.5045223,-51.7822265625,27.3681640625,-14.1552734375
0.5452423,-51.4404296875,26.6845703125,-15.9619140625
0.5666885,-50.8056640625,26.5380859375,-18.7939453125
0.6050285,-50.7568359375,26.0009765625,-22.5537109375
0.6170586,-51.2939453125,25.4150390625,-27.0458984375
0.657609,-52.1728515625,24.5849609375,-32.4169921875
0.6803639,-52.2216796875,24.5849609375,-38.2763671875
0.7213706,-52.3681640625,24.2431640625,-42.1826171875
0.7423903,-52.4169921875,23.3642578125,-47.4560546875
0.7834697,-52.6123046875,23.0224609375,-52.9248046875
0.8032374,-53.5888671875,23.0712890625,-57.5634765625
0.8437178,-54.1748046875,25.0732421875,-49.5068359375
0.8639538,-55.2001953125,26.8310546875,-21.3330078125
0.8939746,-56.3232421875,27.5146484375,6.4013671875
0.9342948,-56.8115234375,27.7587890625,23.5400390625
0.9503112,-58.0810546875,28.6865234375,30.3271484375
0.9900648,-59.0576171875,29.7119140625,29.1552734375
1.0109001,-60.0830078125,29.8583984375,23.8330078125
1.0417223,-60.8154296875,28.9306640625,14.7998046875
1.0832195,-60.8154296875,28.3935546875,4.3017578125
1.1019258,-57.5927734375,29.6630859375,-3.3154296875
1.1405677,-54.4677734375,29.5654296875,-8.0517578125
1.1635701,-52.3193359375,27.4658203125,-9.3212890625
1.206226,-51.3916015625,28.1494140625,-10.4931640625
1.2244448,-50.7568359375,27.4658203125,-12.7392578125
1.2560855,-50.4150390625,27.2705078125,-16.4501953125
1.296118,-50.8544921875,26.5869140625,-20.8447265625
1.3151225,-51.2939453125,25.8544921875,-25.9228515625
1.3431823,-51.7822265625,24.9755859375,-31.0498046875
1.3824082,-52.0751953125,23.9013671875,-36.0302734375
1.4054429,-52.5634765625,23.4130859375,-40.3271484375
1.434971,-52.1728515625,22.6318359375,-45.7470703125
1.4739398,-52.9052734375,21.8505859375,-49.8974609375
1.4941765,-53.9306640625,24.1943359375,-47.6513671875
1.5339518,-54.9560546875,26.5380859375,-23.2861328125
1.5569208,-55.8349609375,27.5634765625,4.7412109375
1.5957168,-57.0556640625,27.3681640625,22.1728515625
1.615737,-58.1787109375,28.2470703125,30.2783203125
1.6455109,-58.1298828125,29.7607421875,28.7158203125
1.686004,-60.2294921875,29.5654296875,23.7353515625
1.7041463,-61.1083984375,27.8564453125,14.5068359375
1.7370729,-61.4501953125,28.2958984375,3.1787109375
1.7743041,-59.7412109375,28.0517578125,-5.0244140625
1.7973444,-55.5908203125,27.5146484375,-8.5400390625
1.8263468,-53.7841796875,26.6357421875,-10.3955078125
1.8571176,-52.2216796875,26.1474609375,-11.1279296875
1.8853937,-52.2216796875,24.9755859375,-12.9833984375
1.9173294,-51.6845703125,24.6826171875,-16.2060546875
1.9465754,-52.0751953125,23.4619140625,-20.8447265625
1.9796834,-52.4658203125,23.5595703125,-25.9228515625
2.0090825,-52.9052734375,22.4365234375,-30.9033203125
2.0380911,-53.4912109375,21.4111328125,-35.8349609375
2.0682318,-53.1494140625,20.9228515625,-40.3759765625
2.0987977,-53.6865234375,20.2880859375,-45.3564453125
2.1305029,-54.1259765625,19.1650390625,-50.1904296875
2.1584784,-55.2001953125,20.9228515625,-50.3857421875
2.1875971,-55.6396484375,23.1689453125,-29.9267578125
2.2245229,-56.5673828125,24.7802734375,-2.1923828125
2.250087,-57.8369140625,25.3662109375,17.3388671875
2.27997,-58.2275390625,26.8310546875,26.3232421875
2.3109297,-59.2041015625,27.4169921875,26.2744140625
2.3396018,-61.0107421875,28.1005859375,20.8544921875
2.3675997,-62.0361328125,25.7568359375,11.1865234375
2.4006113,-62.4755859375,26.0009765625,-0.3857421875
2.4305978,-61.4501953125,27.8076171875,-9.4189453125
2.4576159,-58.6669921875,28.1982421875,-12.6416015625
2.4911444,-55.7373046875,27.8564453125,-13.7158203125
2.5196054,-54.0283203125,28.0029296875,-14.0087890625
2.5693022,-53.9306640625,28.0517578125,-15.7177734375
2.5883887,-53.1494140625,28.1982421875,-18.6474609375
2.608414,-53.3447265625,27.8076171875,-23.6279296875
2.6403311,-54.6630859375,27.4658203125,-28.3642578125
2.6704675,-55.4931640625,26.4404296875,-33.2958984375
2.7024362,-55.5419921875,26.5869140625,-37.8369140625
2.7323898,-55.0048828125,26.0009765625,-43.3544921875
2.7624883,-55.6396484375,25.6591796875,-48.4814453125
2.7910253,-55.9326171875,26.3427734375,-52.5341796875
2.8220074,-56.8115234375,28.9306640625,-43.5498046875
2.8514064,-57.6416015625,31.7138671875,-16.3037109375
2.8833851,-58.5205078125,33.0322265625,8.3056640625
2.9138507,-59.4482421875,34.1064453125,22.4169921875
2.9418322,-60.8154296875,35.9619140625,26.8603515625
2.9738036,-61.0595703125,35.6689453125,24.0771484375
3.0016428,-62.0849609375,35.8154296875,17.0458984375
3.0306159,-63.5498046875,34.1552734375,6.2548828125
3.0636804,-63.9404296875,34.6435546875,-5.1708984375
3.0927734,-62.1337890625,35.6689453125,-11.8115234375
3.1427468,-58.8134765625,34.6923828125,-14.1064453125
3.1642485,-55.9814453125,34.1064453125,-15.1318359375
3.1841887,-55.0048828125,33.3740234375,-16.0595703125
3.2148088,-54.6142578125,34.2529296875,-18.7451171875
3.2428513,-54.0283203125,33.4716796875,-22.1142578125
3.2741775,-54.7607421875,33.2275390625,-26.6064453125
3.3222743,-55.3955078125,33.0322265625,-32.0263671875
3.342489,-56.2744140625,32.2509765625,-36.8603515625
3.3654105,-56.4208984375,32.1044921875,-40.7666015625
3.3970203,-56.3720703125,31.3720703125,-46.1376953125
3.4244123,-56.6650390625,30.2978515625,-51.7529296875
3.4714262,-57.3486328125,31.8115234375,-54.0966796875
3.4921685,-58.1787109375,34.0087890625,-37.3486328125
3.5288005,-58.9111328125,36.0595703125,-7.6123046875
3.5508268,-60.1806640625,36.6943359375,16.1669921875
3.5916577,-61.0595703125,37.3291015625,28.2763671875
3.6123578,-61.7919921875,38.9404296875,31.4501953125
3.6533757,-62.7197265625,38.6962890625,27.9833984375
3.6744432,-63.6962890625,37.9150390625,20.9033203125
3.6955752,-64.7705078125,37.1826171875,9.9658203125
3.7275029,-65.0634765625,37.7197265625,-0.2392578125
3.755484,-62.2802734375,37.9150390625,-6.2939453125
3.8059201,-58.9599609375,36.8896484375,-8.8818359375
3.8169224,-56.8115234375,36.0107421875,-10.5419921875
3.8567487,-55.6884765625,35.2294921875,-12.6904296875
3.8793011,-54.4677734375,34.7412109375,-14.7412109375
3.9186311,-54.7119140625,35.0830078125,-19.3310546875
3.94165,-54.1259765625,34.5458984375,-23.6279296875
3.9822787,-55.2490234375,34.1064453125,-28.2177734375
4.0034307,-56.5185546875,34.0087890625,-32.8076171875
4.047087,-55.7373046875,33.3740234375,-37.2021484375
4.0587992,-55.7373046875,32.4462890625,-42.9150390625
4.0990113,-56.5185546875,31.6650390625,-47.4560546875
4.1190045,-57.0556640625,30.8837890625,-53.5107421875
4.1613404,-57.6904296875,32.5439453125,-54.2431640625
4.1805529,-59.0087890625,33.5693359375,-32.2705078125
4.2229146,-60.1318359375,34.6923828125,-2.6806640625
4.2444578,-60.0830078125,34.5947265625,19.7802734375
4.2855824,-61.7919921875,35.6201171875,30.4248046875
4.307885,-62.5244140625,36.3037109375,31.5966796875
4.328994,-62.9638671875,35.9619140625,27.4951171875
4.3628502,-64.0869140625,33.6181640625,19.8779296875
4.4033214,-65.2099609375,32.4462890625,9.0380859375
4.423645,-65.3564453125,32.7392578125,-0.7763671875
4.4496961,-62.0849609375,31.8603515625,-7.2705078125
4.4800375,-59.0087890625,30.9814453125,-10.0048828125
4.5190186,-56.3720703125,29.9072265625,-11.0302734375
4.5438827,-55.2490234375,28.2470703125,-12.3974609375
4.5846924,-55.2001953125,27.1240234375,-14.9365234375
4.6038866,-54.6142578125,26.4404296875,-19.5751953125
4.6399181,-54.5166015625,24.9755859375,-23.8232421875
4.6617987,-55.4931640625,24.3408203125,-29.2431640625
4.7023771,-56.7626953125,22.8759765625,-34.1748046875
4.7242828,-56.3232421875,21.8017578125,-39.1064453125
4.7664543,-56.7138671875,20.5810546875,-43.8916015625
4.7867548,-56.5185546875,19.9951171875,-49.6044921875
4.8267542,-56.8603515625,19.4580078125,-53.7548828125
4.8474469,-57.5927734375,22.0458984375,-46.9189453125
4.8873943,-58.6181640625,23.6083984375,-20.1611328125
4.9080531,-59.3994140625,25.1220703125,5.8642578125
4.9301558,-60.4736328125,25.6591796875,21.9775390625
4.9631636,-61.1083984375,26.7333984375,27.3974609375
4.9911486,-62.4755859375,27.7099609375,24.7119140625
5.0308473,-63.2568359375,25.5615234375,18.2666015625
5.0552594,-64.1357421875,23.7060546875,6.8896484375
5.0949134,-65.8447265625,24.2431640625,-3.4130859375
5.1150469,-64.2333984375,23.9013671875,-10.9326171875
5.1450191,-61.4013671875,22.9248046875,-12.9345703125
5.1733718,-58.5693359375,21.5576171875,-14.2529296875
5.2168101,-56.1279296875,21.5087890625,-15.8154296875
5.2358141,-55.4931640625,20.4833984375,-17.3779296875
5.2785549,-54.8583984375,20.0927734375,-21.4306640625
5.3005336,-55.4931640625,19.1162109375,-26.2646484375
5.3397552,-55.5908203125,19.2626953125,-31.0986328125
5.3620055,-57.0556640625,19.7021484375,-36.0791015625
5.4013336,-57.2509765625,19.0185546875,-40.5224609375
5.4225832,-57.0068359375,19.0673828125,-44.6728515625
5.4566914,-57.0068359375,18.5791015625,-50.2392578125
5.4769164,-57.7880859375,17.7001953125,-54.8291015625
5.5156543,-58.1787109375,20.1904296875,-54.1455078125
5.5360242,-58.9111328125,22.3876953125,-32.1728515625
5.5739299,-60.1806640625,24.1943359375,-4.7314453125
5.5940341,-60.9619140625,25.1708984375,14.4091796875
5.6349709,-61.7919921875,26.2451171875,23.2470703125
5.6553726,-62.7197265625,27.0751953125,22.6123046875
5.692331,-63.7451171875,27.9541015625,16.7529296875
5.717927,-64.5751953125,27.1240234375,6.4013671875
5.7589922,-66.1865234375,27.7587890625,-4.5361328125
5.7802711,-66.2841796875,28.1005859375,-13.5205078125
5.823466,-63.6962890625,27.9541015625,-17.8173828125
5.8350561,-59.8388671875,27.1728515625,-18.5498046875
5.8750066,-58.2763671875,26.8798828125,-19.6728515625
5.8972814,-57.0068359375,26.7333984375,-21.3818359375
5.9390063,-56.2744140625,27.1728515625,-25.3369140625
5.9604393,-56.0791015625,25.4638671875,-29.3896484375
6.0030038,-56.6162109375,25.5615234375,-34.1748046875
6.0209847,-57.8857421875,25.5615234375,-39.8388671875
6.0601006,-58.2763671875,24.5361328125,-44.4775390625
6.0813148,-57.8857421875,24.2919921875,-49.5068359375
6.1230326,-57.6904296875,23.2177734375,-54.5849609375
6.1391518,-58.4716796875,23.6083984375,-60.1513671875
6.1790874,-59.3505859375,25.0244140625,-58.2958984375
6.2008034,-60.1806640625,27.2216796875,-36.0791015625
6.2503688,-60.6689453125,29.1259765625,-7.4169921875
6.2708858,-61.9384765625,29.3701171875,12.6025390625
6.2923179,-63.7939453125,30.5419921875,20.7568359375
6.3308949,-63.9404296875,31.3720703125,20.4638671875
6.3517362,-65.0634765625,30.7861328125,14.4580078125
6.3901947,-66.2841796875,29.9560546875,6.1572265625
6.4117093,-67.2607421875,30.1513671875,-6.3916015625
6.45031,-67.4072265625,31.0791015625,-14.9365234375
6.4708985,-65.1123046875,30.4443359375,-20.2099609375
6.5161601,-61.2060546875,29.8583984375,-21.4306640625
6.5370328,-59.3505859375,29.3212890625,-22.1630859375
6.5631174,-57.9345703125,29.9560546875,-25.3857421875
6.6041229,-57.1044921875,30.2001953125,-28.4130859375
6.6221669,-57.1044921875,29.5166015625,-32.4169921875
6.6642945,-57.2998046875,29.1259765625,-37.6904296875
6.6783735,-57.7880859375,28.8330078125,-42.1337890625
6.7143253,-58.6181640625,28.3447265625,-47.0654296875
6.7429731,-58.8134765625,28.3447265625,-52.0947265625
6.7846662,-58.5693359375,27.8564453125,-57.3193359375
6.8053786,-59.1552734375,27.1728515625,-62.3974609375
6.8333326,-59.9365234375,28.3935546875,-63.7158203125
6.8766299,-60.8642578125,29.9072265625,-44.1845703125
6.8929039,-61.5966796875,32.7392578125,-14.8876953125
6.9288708,-62.5732421875,33.3740234375,8.7451171875
6.9599049,-63.8916015625,34.3505859375,18.8037109375
6.9843029,-64.7705078125,35.6689453125,21.1962890625
7.0262822,-65.3564453125,35.4736328125,16.4599609375
7.044915,-66.5283203125,35.1318359375,9.1357421875
7.0842433,-68.4326171875,34.0087890625,-3.1689453125
7.1040469,-69.0185546875,34.7900390625,-13.5205078125
7.1434228,-67.3095703125,35.1806640625,-19.9169921875
7.1652668,-63.3544921875,34.1552734375,-23.0908203125
7.1943138,-60.6689453125,33.4228515625,-23.7255859375
7.234956,-59.2529296875,33.2275390625,-25.3369140625
7.2580705,-58.0322265625,33.7158203125,-27.7783203125
7.2870794,-58.2763671875,32.6416015625,-32.2216796875
7.3170988,-57.8369140625,32.4951171875,-36.7138671875
7.3441158,-58.2763671875,31.1767578125,-42.3779296875
7.3790452,-59.4970703125,30.2001953125,-46.8701171875
7.4057177,-59.6923828125,29.3701171875,-51.4111328125
7.4377083,-59.8876953125,29.1748046875,-56.4892578125
7.4651565,-59.8876953125,27.8076171875,-61.1279296875
7.4947431,-60.7666015625,27.0263671875,-67.1826171875
7.5364206,-61.3525390625,28.0517578125,-70.7470703125
7.5572764,-62.1826171875,30.9326171875,-56.9287109375
7.5861918,-63.3056640625,33.3251953125,-26.3134765625
7.6191963,-64.4287109375,34.0576171875,0.8837890625
7.6481767,-65.6005859375,34.7900390625,16.1669921875
7.6761634,-66.5283203125,36.6455078125,20.3662109375
7.7092298,-67.0654296875,36.8896484375,17.9736328125
7.7380367,-68.4814453125,35.6201171875,10.5517578125
7.7713228,-69.7509765625,34.7900390625,-0.5322265625
7.7977334,-70.1904296875,35.5712890625,-11.7626953125
7.8287423,-70.2880859375,35.5224609375,-18.5498046875
7.86,-67.2607421875,33.9599609375,-22.0166015625
7.8878604,-63.6474609375,33.1787109375,-23.3349609375
7.9180062,-61.0107421875,32.6904296875,-24.1162109375
7.9500049,-60.4248046875,31.9091796875,-26.0205078125
7.980859,-60.0830078125,30.6396484375,-29.7802734375
8.0097331,-60.2294921875,30.2001953125,-34.4189453125
8.0408221,-60.0830078125,29.2236328125,-38.8134765625
8.0681487,-61.4013671875,28.4423828125,-43.5986328125
8.0977993,-62.0849609375,27.4658203125,-48.7744140625
8.130915,-61.6943359375,26.6357421875,-53.3642578125
8.1586197,-61.4990234375,25.5615234375,-58.3447265625
8.1911432,-62.2314453125,24.4384765625,-63.2763671875
8.2211943,-62.2802734375,27.2705078125,-57.6611328125
8.2487037,-63.5009765625,29.2236328125,-31.3916015625
8.2807216,-64.6240234375,30.7373046875,-3.6572265625
8.3096098,-65.8447265625,31.3232421875,14.3603515625
8.3453519,-66.0400390625,32.8369140625,19.5849609375
8.3719446,-67.6025390625,33.5205078125,17.8271484375
8.4023184,-68.2373046875,31.7626953125,10.3076171875
8.429026,-69.7998046875,30.7861328125,-2.0947265625
8.4611356,-70.4345703125,31.2255859375,-14.7900390625
8.4905988,-71.2158203125,31.0302734375,-21.8701171875
8.5236482,-69.7021484375,30.3466796875,-23.9697265625
8.551753,-65.6494140625,29.8095703125,-24.3603515625
8.5816133,-63.6474609375,30.2978515625,-24.3115234375
8.6266351,-62.1826171875,30.1025390625,-26.6064453125
8.6485923,-62.1826171875,30.5908203125,-30.1708984375
8.6877916,-62.3291015625,30.5419921875,-34.8095703125
8.7107876,-62.3779296875,30.1513671875,-39.6435546875
8.7339776,-63.2080078125,30.1025390625,-44.6728515625
8.7606128,-64.0380859375,30.2490234375,-49.2626953125
8.8071355,-64.0380859375,28.7353515625,-53.6572265625
8.828727,-63.4521484375,28.3935546875,-59.2236328125
8.8707001,-63.6474609375,29.9560546875,-61.1279296875
8.8838679,-64.5751953125,32.7880859375,-43.6962890625
8.912285,-65.5029296875,35.6689453125,-14.6923828125
8.9464065,-66.3818359375,36.1083984375,8.7451171875
8.9747664,-66.8701171875,38.1103515625,20.2197265625
9.0187835,-68.1884765625,39.3310546875,21.6357421875
9.0404727,-68.3837890625,39.1845703125,16.1181640625
9.0816861,-69.5068359375,38.6474609375,6.1083984375
9.1026981,-70.9716796875,38.2080078125,-7.4658203125
9.1452413,-71.1669921875,39.4775390625,-18.3544921875
9.1657463,-71.4599609375,39.4775390625,-23.8720703125
9.1871999,-69.0673828125,38.9404296875,-24.2138671875
9.2305205,-65.6494140625,37.6708984375,-25.0927734375
9.2627569,-63.6962890625,37.6708984375,-25.9228515625
9.2772443,-62.9638671875,37.7685546875,-29.0478515625
9.3177435,-62.3779296875,37.3291015625,-33.6865234375
9.3381943,-62.3291015625,36.5478515625,-38.6181640625
9.3804353,-63.7451171875,36.2060546875,-43.0615234375
9.4010112,-64.3798828125,36.4013671875,-48.4814453125
9.4430735,-64.3798828125,35.9130859375,-52.6806640625
9.4639143,-64.8681640625,35.2783203125,-57.6123046875
9.4872275,-64.5751953125,36.1572265625,-62.5439453125
9.5179828,-65.0146484375,38.4521484375,-54.3408203125
9.5639306,-65.6005859375,40.5029296875,-24.0673828125
9.5853412,-66.7724609375,42.7001953125,4.6435546875
9.6248427,-67.5537109375,43.0419921875,22.0751953125
9.6451928,-68.4814453125,44.8974609375,29.0087890625
9.6652191,-69.9462890625,44.7509765625,26.6162109375
9.6970564,-70.4345703125,44.4580078125,18.8525390625
9.7416949,-71.5576171875,42.7490234375,7.8173828125
9.7607997,-72.5830078125,43.2861328125,-5.2685546875
9.7998527,-73.3642578125,44.3115234375,-13.6181640625
9.8203875,-71.1181640625,43.1884765625,-17.0361328125
9.8614698,-67.8466796875,41.6748046875,-18.2080078125
9.882748,-64.7705078125,40.9423828125,-19.2822265625
9.9254041,-63.2568359375,40.9423828125,-21.3330078125
9.9448082,-62.2314453125,41.1376953125,-24.7021484375
9.9858478,-61.8896484375,40.4541015625,-29.9267578125
10.0062843,-62.0849609375,40.2099609375,-34.5654296875
10.0313681,-62.2802734375,40.3076171875,-39.8876953125
10.0604122,-63.6474609375,40.1611328125,-43.9404296875
10.1030939,-63.3056640625,38.9892578125,-49.2138671875
10.1261655,-63.4033203125,38.6962890625,-54.1455078125
10.1670816,-63.8916015625,38.9892578125,-58.5888671875
10.1885519,-63.8916015625,40.2099609375,-50.9716796875
10.2111958,-64.5751953125,42.9931640625,-20.5029296875
10.2424425,-65.5517578125,44.5068359375,10.5029296875
10.2816106,-66.1865234375,45.0439453125,29.3994140625
10.3000391,-67.2119140625,46.4111328125,36.1865234375
10.3414839,-68.6279296875,47.0458984375,34.3310546875
10.3604468,-68.9208984375,46.3134765625,27.2021484375
10.3993043,-70.1904296875,45.7275390625,16.7041015625
10.4194712,-71.1669921875,45.2392578125,4.6923828125
10.4609518,-71.8994140625,46.0693359375,-4.1943359375
10.4816929,-70.7275390625,45.4345703125,-9.0283203125
10.5232654,-67.3095703125,44.3603515625,-10.4931640625
10.5438949,-64.1845703125,43.8720703125,-11.4697265625
10.5821216,-61.7431640625,42.6025390625,-13.7646484375
10.6049065,-60.7666015625,42.2607421875,-17.0361328125
10.6448988,-59.8876953125,41.5283203125,-21.3818359375
10.6664565,-59.9365234375,40.2587890625,-27.1435546875
10.7068409,-59.9853515625,38.9892578125,-31.8798828125
10.7272034,-60.9130859375,38.2568359375,-36.7626953125
10.7687508,-61.4990234375,36.9873046875,-41.2060546875
10.7874811,-60.7177734375,36.3037109375,-46.7236328125
10.8272891,-61.0107421875,34.8876953125,-52.1435546875
10.8473427,-61.3037109375,34.2529296875,-57.4658203125
10.8880095,-62.1337890625,37.0849609375,-52.0947265625
10.9091389,-63.5498046875,38.9892578125,-21.1376953125
10.9501567,-63.8427734375,39.3798828125,11.2841796875
10.9702421,-65.2099609375,39.5263671875,31.1083984375
11.0072409,-65.4541015625,39.4775390625,39.2138671875
11.0272628,-66.8212890625,40.4541015625,38.9208984375
11.0693994,-67.9931640625,39.9658203125,32.0849609375
11.0891023,-68.6767578125,38.1591796875,21.5869140625
11.1261096,-69.7998046875,38.3056640625,8.7451171875
11.1461292,-70.5322265625,37.5244140625,-0.4345703125
11.1868673,-70.4833984375,36.9384765625,-4.7314453125
11.2085784,-67.2607421875,35.9130859375,-5.6103515625
11.2475564,-62.7197265625,35.0341796875,-6.6357421875
11.2704806,-61.2060546875,34.2529296875,-7.8076171875
11.3101188,-59.8876953125,33.4228515625,-11.2255859375
11.3302831,-59.3017578125,32.1533203125,-15.5712890625
11.3703022,-59.2041015625,31.2744140625,-20.3076171875
11.3930465,-59.2529296875,30.1025390625,-25.1416015625
11.4361124,-60.5712890625,29.2724609375,-30.0244140625
11.4481727,-61.0595703125,28.2958984375,-34.3701171875
11.4865312,-60.8642578125,26.6845703125,-39.5458984375
11.5069659,-60.5224609375,25.6591796875,-44.6240234375
11.5458966,-61.2548828125,25.8056640625,-48.8232421875
11.5682773,-61.2548828125,27.9052734375,-39.4970703125
11.618887,-62.5732421875,29.3212890625,-9.2724609375
11.6406148,-63.2080078125,30.5419921875,19.9755859375
11.6576209,-64.4287109375,30.5908203125,36.4794921875
11.6976806,-65.3564453125,31.3232421875,40.5810546875
11.7169447,-65.9423828125,32.3486328125,37.6025390625
11.7565207,-67.1630859375,30.2490234375,28.8134765625
11.7777112,-68.0908203125,29.0283203125,15.4345703125
11.8234285,-69.9462890625,29.3212890625,3.1298828125
11.8441354,-69.6533203125,29.2724609375,-3.4130859375
11.8692917,-69.8974609375,28.8818359375,-5.5126953125
11.9121578,-66.4306640625,28.7353515625,-4.9267578125
11.9306389,-62.7197265625,26.1474609375,-5.1220703125
11.9724053,-61.2060546875,26.3427734375,-7.2705078125
11.9944819,-60.6689453125,25.6591796875,-11.9091796875
12.0208713,-59.8876953125,24.6337890625,-16.6455078125
12.0621522,-60.1806640625,24.1943359375,-21.7236328125
12.0817385,-61.0595703125,23.7548828125,-25.7275390625
12.1254267,-61.2548828125,23.9990234375,-30.6103515625
12.1404129,-61.7919921875,23.7060546875,-35.7373046875
12.1804353,-61.4501953125,23.0224609375,-40.2783203125
12.2033245,-61.4990234375,23.9990234375,-45.0146484375
12.2304119,-61.3525390625,26.0009765625,-39.3017578125
12.271332,-62.8662109375,29.0283203125,-11.1279296875
12.2895794,-63.0126953125,30.1025390625,18.9013671875
12.3325879,-64.1845703125,30.7373046875,36.2353515625
12.3533168,-65.0634765625,31.8603515625,42.4853515625
12.3907606,-65.6982421875,32.4462890625,39.9951171875
12.4112292,-66.6259765625,31.1767578125,32.3779296875
12.4499068,-67.7001953125,29.8095703125,20.4150390625
12.4713693,-68.1884765625,30.6884765625,6.1572265625
12.5113199,-69.7998046875,32.1044921875,-0.7763671875
12.5316119,-70.0927734375,31.7138671875,-3.6572265625
12.5715091,-67.5048828125,31.1279296875,-2.9248046875
12.591816,-64.3798828125,30.6884765625,-4.6826171875
12.6316837,-61.1572265625,31.6162109375,-6.5380859375
12.6531283,-60.7177734375,30.2001953125,-9.9072265625
12.6906493,-59.7900390625,30.0537109375,-15.2294921875
12.7124943,-59.8388671875,29.9560546875,-20.6982421875
12.7560285,-60.3759765625,29.6142578125,-24.9951171875
12.7754732,-61.0107421875,29.9072265625,-30.9521484375
12.8051908,-61.1572265625,29.5654296875,-36.1767578125
12.8371945,-61.5478515625,29.5166015625,-41.1572265625
12.8639752,-60.7666015625,30.2490234375,-45.6982421875
12.8920825,-61.6943359375,32.3486328125,-33.4423828125
12.9338513,-62.0361328125,34.4482421875,-0.7763671875
12.9543436,-63.3056640625,34.5947265625,27.1533203125
12.9878408,-63.9892578125,35.1806640625,43.6083984375
13.0154382,-65.4541015625,36.1572265625,48.1494140625
13.045429,-66.0400390625,37.0849609375,44.4873046875
13.074027,-66.2841796875,36.5966796875,36.2353515625
13.1162665,-68.1884765625,35.5224609375,24.4189453125
13.1332372,-69.1650390625,35.9130859375,11.3818359375
13.167201,-69.5556640625,36.5478515625,4.1064453125
13.1961836,-69.7998046875,35.6689453125,0.6884765625
13.2252194,-66.6748046875,34.7412109375,0.4443359375
13.2587484,-62.8173828125,34.2529296875,-0.6298828125
13.2847096,-61.0107421875,34.1064453125,-3.3642578125
13.3235893,-59.5947265625,33.7158203125,-7.5634765625
13.3466615,-58.9111328125,33.7158203125,-13.2275390625
13.3762606,-58.9599609375,32.5927734375,-18.0126953125
13.4162953,-59.1064453125,32.9345703125,-23.6279296875
13.4554822,-60.3271484375,33.3251953125,-27.7294921875
13.4758108,-60.3271484375,32.3974609375,-32.9052734375
13.4976352,-60.4736328125,31.4697265625,-37.3974609375
13.5269995,-61.1572265625,31.4208984375,-43.3056640625
13.5673609,-61.2548828125,31.5673828125,-48.6279296875
13.5883757,-61.4501953125,33.4228515625,-43.9404296875
13.6174911,-62.2802734375,36.5478515625,-12.0068359375
13.64748,-63.6962890625,37.6220703125,21.5380859375
13.6804962,-64.8681640625,38.6474609375,43.2177734375
13.7092226,-65.3564453125,40.3564453125,52.2021484375
13.7413977,-65.9912109375,40.7470703125,51.6162109375
13.7702106,-67.6513671875,41.1865234375,45.3662109375
13.800179,-68.2373046875,40.3564453125,35.4541015625
13.8293833,-69.4580078125,40.9423828125,22.5634765625
13.8613884,-70.4833984375,41.4794921875,12.7978515625
13.8873653,-71.2646484375,40.9912109375,7.7197265625
13.9199681,-69.8486328125,40.2587890625,5.8642578125
13.9498192,-65.3076171875,39.8681640625,4.6923828125
13.9797996,-62.2802734375,39.5751953125,2.7392578125
14.0108039,-60.4248046875,39.6728515625,-0.0439453125
14.0417925,-59.6923828125,38.5498046875,-5.2685546875
14.0739083,-59.0576171875,38.1591796875,-10.0537109375
14.1172666,-58.9111328125,37.8173828125,-15.5224609375
14.1369339,-59.3017578125,37.8173828125,-20.9912109375
14.1789291,-59.7900390625,36.8896484375,-26.1669921875
14.1990139,-60.4248046875,35.7666015625,-31.6357421875
14.2190032,-60.1806640625,34.8388671875,-36.9091796875
14.2525147,-60.1318359375,34.3994140625,-42.8173828125
14.2977465,-60.8642578125,36.8408203125,-41.5478515625
14.3177649,-61.4013671875,39.3798828125,-13.7158203125
14.3595829,-62.4755859375,39.5263671875,19.5849609375
14.3789645,-63.2568359375,39.9658203125,42.2900390625
14.4000081,-64.2822265625,40.4541015625,52.2021484375
14.4340123,-64.9658203125,41.3330078125,51.6162109375
14.4628249,-65.9423828125,40.9423828125,46.4404296875
14.4931692,-67.3583984375,39.7705078125,34.8681640625
14.5232552,-68.4326171875,39.0869140625,21.2451171875
14.5665322,-69.0185546875,39.6728515625,10.9423828125
14.5863971,-70.4345703125,38.4033203125,6.5966796875
14.6410336,-69.2626953125,37.5732421875,5.4248046875
14.6445231,-66.0400390625,36.8896484375,4.5458984375
14.6915831,-62.6708984375,36.4013671875,2.9345703125
14.7138713,-60.7666015625,35.1318359375,-0.5810546875
14.7529332,-60.1806640625,34.2529296875,-5.4638671875
14.774502,-59.4482421875,33.2763671875,-11.5185546875
14.7927644,-58.9599609375,32.4951171875,-17.2314453125
14.8378892,-59.4970703125,31.6650390625,-22.3095703125
14.8592987,-61.2548828125,31.0791015625,-26.8017578125
14.9010863,-61.4501953125,30.1025390625,-31.3916015625
14.9240362,-60.9130859375,29.2724609375,-36.6162109375
14.945656,-61.3525390625,27.6123046875,-42.2314453125
14.9744263,-61.4501953125,27.0263671875,-48.2373046875
15.0184169,-61.5966796875,28.1005859375,-50.0439453125
15.0381895,-63.4033203125,30.2490234375,-25.7275390625
15.0750264,-64.4775390625,32.0068359375,8.6474609375
15.0965627,-65.4052734375,33.5693359375,34.4287109375
15.1372286,-66.5283203125,34.3505859375,45.4150390625
15.1570659,-67.0654296875,34.0576171875,45.8056640625
15.196154,-68.0908203125,33.1298828125,39.9951171875
15.2161561,-69.1162109375,32.8369140625,29.6435546875
15.2708655,-70.3369140625,33.2763671875,15.6298828125
15.2917309,-70.9716796875,33.3251953125,5.1318359375
15.3118962,-72.0947265625,33.0810546875,0.4443359375
15.353825,-72.9736328125,31.9580078125,-0.4345703125
15.3731681,-69.3115234375,32.0068359375,-0.3857421875
15.4116017,-65.6494140625,30.7861328125,-1.6064453125
15.4308137,-63.9404296875,31.0791015625,-5.2685546875
15.4557993,-62.9638671875,30.5419921875,-10.3466796875
15.4901307,-62.5732421875,29.1259765625,-16.0595703125
15.517313,-62.4267578125,28.5888671875,-20.9912109375
15.5579049,-62.6708984375,28.3447265625,-26.2158203125
15.5796657,-63.4033203125,27.6611328125,-30.3173828125
15.6203642,-64.6240234375,26.4892578125,-35.2978515625
15.6416815,-64.0869140625,24.9755859375,-40.5712890625
15.6758713,-64.2333984375,24.4384765625,-45.7958984375
15.7138468,-64.0380859375,26.0986328125,-49.3115234375
15.7352388,-65.2099609375,28.9794921875,-30.7568359375
15.7766072,-65.6005859375,31.3232421875,3.2275390625
15.7980906,-66.8212890625,31.8603515625,29.3994140625
15.8400613,-67.8466796875,33.6181640625,41.1669921875
15.8510515,-68.7255859375,35.0830078125,43.0224609375
15.8940413,-69.4091796875,35.3759765625,37.6025390625
15.9137695,-70.5810546875,34.1064453125,28.0810546875
15.9507251,-71.4599609375,34.2529296875,13.9697265625
15.9725782,-72.5341796875,36.0107421875,2.7880859375
16.0140975,-73.6083984375,36.7919921875,-3.0224609375
16.0370848,-74.1943359375,35.9619140625,-3.4619140625
16.0787457,-71.8994140625,35.8154296875,-4.0966796875
16.090723,-67.7978515625,36.1572265625,-5.3173828125
16.1311785,-65.3564453125,36.0595703125,-8.2470703125
16.1528347,-64.3310546875,35.5712890625,-12.7880859375
16.1938637,-64.2822265625,35.1318359375,-18.9404296875
16.214585,-63.6474609375,34.4482421875,-24.2626953125
16.2565847,-64.3310546875,33.5693359375,-28.7548828125
16.2778654,-65.4541015625,33.6181640625,-34.1748046875
16.2998924,-65.6005859375,32.8857421875,-39.3505859375
16.3442116,-65.6494140625,32.3974609375,-44.7216796875
16.3649425,-65.3564453125,32.6904296875,-49.9951171875
16.4061976,-65.2587890625,35.2783203125,-43.5986328125
16.4262256,-65.8935546875,37.4755859375,-12.6416015625
16.4664481,-66.7236328125,38.4033203125,18.6083984375
16.4886973,-67.8466796875,39.6728515625,37.8955078125
16.5277232,-68.5791015625,41.2353515625,44.8291015625
16.5503961,-69.2138671875,41.6748046875,43.2177734375
16.5914481,-70.6787109375,40.3564453125,35.0146484375
16.603467,-71.4111328125,40.1123046875,24.3701171875
16.6430452,-72.3388671875,40.6982421875,10.7958984375
16.6638186,-73.2177734375,40.5029296875,1.2255859375
16.706117,-74.4384765625,40.2587890625,-2.7783203125
16.7266531,-73.7548828125,39.9169921875,-3.8037109375
16.7696228,-70.9228515625,38.9892578125,-4.6826171875
16.7898061,-67.4072265625,39.6240234375,-6.7822265625
16.8329797,-64.8681640625,39.4775390625,-10.3466796875
16.8445519,-64.3798828125,39.0380859375,-15.7177734375
16.8863678,-63.9404296875,38.0615234375,-20.9423828125
16.9075845,-63.5498046875,37.7197265625,-26.8994140625
16.9483192,-64.0380859375,37.0361328125,-31.9287109375
16.970002,-64.7216796875,36.4501953125,-36.8603515625
17.0109379,-64.9658203125,36.0595703125,-42.3779296875
17.0240761,-64.9169921875,35.3271484375,-48.3837890625
17.0709454,-65.3564453125,35.6201171875,-53.1201171875
17.0869433,-65.2587890625,36.9873046875,-51.8505859375
17.1262322,-66.2353515625,39.3310546875,-22.1630859375
17.1474005,-66.9189453125,41.1865234375,12.8466796875
17.1901495,-67.4072265625,41.9677734375,35.4541015625
17.2101957,-68.5791015625,43.1884765625,45.7568359375
17.2509439,-69.2138671875,42.4560546875,46.0009765625
17.2658972,-70.3369140625,43.4326171875,40.3369140625
17.3104927,-71.6064453125,42.4560546875,30.8642578125
17.3315982,-72.4853515625,41.7724609375,17.5830078125
17.3696453,-73.8525390625,42.9443359375,6.2060546875
17.3889043,-74.6826171875,42.4072265625,0.4443359375
17.4259022,-75.4150390625,41.0888671875,-2.6318359375
17.4598473,-72.3876953125,40.1611328125,-2.7783203125
17.4802465,-68.8232421875,39.7216796875,-4.1455078125
17.520946,-65.9912109375,38.9892578125,-7.4169921875
17.5412109,-64.2822265625,39.1357421875,-12.2998046875
17.5832815,-63.8916015625,38.1103515625,-17.4755859375
17.5981564,-63.3056640625,37.4755859375,-23.4326171875
17.640616,-63.5009765625,37.2314453125,-29.3408203125
17.6616061,-64.1357421875,35.6201171875,-35.0537109375
17.6886215,-64.5263671875,34.7900390625,-40.2294921875
17.7312246,-65.1123046875,33.0322265625,-46.0400390625
17.7522688,-64.8193359375,32.1533203125,-51.2646484375
17.7951043,-64.8681640625,32.0556640625,-57.4169921875
17.8112361,-66.0888671875,34.6923828125,-53.4130859375
17.8512992,-66.5283203125,36.6455078125,-20.1611328125
17.8714078,-67.2119140625,37.3779296875,14.2626953125
17.9123492,-68.3349609375,37.9638671875,35.5029296875
17.9313864,-69.3115234375,39.8193359375,43.7548828125
17.9744027,-70.2392578125,40.6494140625,42.6318359375
17.9903698,-70.9716796875,40.7470703125,36.2841796875
18.0213782,-72.2412109375,39.2333984375,25.0537109375
18.0595053,-72.7294921875,39.0869140625,11.5283203125
18.0801355,-74.0966796875,39.4775390625,1.4208984375
18.1091432,-75.7080078125,39.8681640625,-2.8759765625
18.1421396,-76.3916015625,37.8662109375,-4.6337890625
18.1842043,-72.9248046875,37.1826171875,-5.2685546875
18.1999646,-68.5791015625,36.4013671875,-7.0263671875
18.2341535,-66.1865234375,35.4736328125,-10.5419921875
18.2643988,-64.9169921875,34.2041015625,-15.0341796875
18.2969094,-64.3310546875,32.8857421875,-21.1376953125
18.3236389,-64.0380859375,32.0068359375,-26.2646484375
18.3541881,-64.3310546875,30.6884765625,-31.9775390625
18.3862927,-64.9658203125,29.4677734375,-37.2021484375
18.4132754,-65.9912109375,28.7353515625,-42.7685546875
18.4505444,-65.9912109375,28.2470703125,-47.4560546875
18.4752381,-66.1865234375,27.5146484375,-54.0478515625
18.5036636,-66.0400390625,29.6630859375,-50.4833984375
18.5376836,-66.6259765625,31.4208984375,-21.9677734375
18.5646631,-66.9189453125,32.2021484375,9.7216796875
18.605078,-68.2373046875,32.7880859375,29.8876953125
18.624127,-69.4091796875,33.7158203125,36.3818359375
18.6557233,-69.9951171875,33.7646484375,35.1123046875
18.6851358,-70.7763671875,32.9833984375,26.8603515625
18.7183723,-71.9482421875,31.8115234375,15.2392578125
18.7461507,-72.1435546875,31.8115234375,0.9814453125
18.7721749,-73.7548828125,33.2763671875,-8.2958984375
18.8072051,-74.5849609375,31.9580078125,-11.1279296875
18.8372449,-75.4638671875,31.3232421875,-11.0791015625
18.8688854,-73.9990234375,30.6884765625,-11.8115234375
18.8963525,-69.4580078125,30.2001953125,-14.2041015625
18.9253629,-67.2119140625,29.4189453125,-17.3779296875
18.9533593,-65.9912109375,29.9072265625,-22.8955078125
18.9885072,-65.3564453125,29.6142578125,-28.4130859375
19.0179047,-65.1123046875,28.9794921875,-34.0283203125
19.0488462,-66.0888671875,28.2958984375,-39.3505859375
19.0768545,-66.6748046875,27.8564453125,-43.9404296875
19.1041956,-66.9677734375,28.0517578125,-49.2626953125
19.1401661,-67.6025390625,27.1240234375,-54.8291015625
19.1667273,-67.1630859375,29.1748046875,-59.3212890625
19.1977357,-67.2607421875,30.9814453125,-47.2119140625
19.2462025,-67.8955078125,34.0087890625,-14.1552734375
19.2685624,-68.7255859375,34.1552734375,14.2626953125
19.2893938,-69.7509765625,35.6689453125,29.3017578125
19.3188516,-70.7763671875,37.8173828125,32.9638671875
19.3494064,-71.6064453125,37.6708984375,28.6181640625
19.3809631,-72.0458984375,36.5966796875,19.2919921875
19.406927,-73.2666015625,37.2802734375,5.9619140625
19.437416,-74.4384765625,37.7685546875,-7.2216796875
19.4688797,-75.5615234375,37.5732421875,-14.3505859375
19.5005819,-76.6357421875,37.4267578125,-15.7666015625
19.5289151,-76.7822265625,36.8408203125,-16.5478515625
19.5599301,-74.4873046875,37.8173828125,-17.3291015625
19.5893446,-70.0439453125,38.3544921875,-19.7705078125
19.622886,-68.0419921875,36.9384765625,-24.9951171875
19.650961,-66.8212890625,36.5966796875,-30.9521484375
19.6806276,-66.4794921875,35.2294921875,-35.8349609375
19.7092501,-66.9677734375,35.1806640625,-41.6943359375
19.7396149,-67.0654296875,34.9365234375,-46.5283203125
19.7720735,-67.8466796875,34.1552734375,-51.6064453125
19.8000517,-68.1884765625,33.9599609375,-57.2705078125
19.8297588,-68.3349609375,34.3505859375,-62.7392578125
19.8617257,-68.8232421875,35.7177734375,-61.9091796875
19.8927586,-68.9208984375,38.7939453125,-32.4658203125
19.9197096,-69.4091796875,40.3076171875,1.3232421875
19.9558248,-70.6298828125,40.7470703125,23.8818359375
20.0004174,-71.3134765625,42.5537109375,32.7197265625
20.0210743,-72.4365234375,42.7001953125,32.7197265625
20.043117,-72.8759765625,42.7978515625,25.9326171875
20.0710746,-74.1455078125,41.8212890625,15.9228515625
20.0998044,-74.5849609375,42.2607421875,1.7138671875
20.1499197,-76.0986328125,41.9189453125,-8.9794921875
20.1617465,-76.8310546875,42.2607421875,-14.1064453125
20.1917046,-77.5634765625,41.4306640625,-15.5712890625
20.2240255,-76.8798828125,40.8447265625,-14.9365234375
20.2534527,-73.0712890625,41.0888671875,-17.1337890625
20.2975812,-69.2626953125,41.1865234375,-20.2587890625
20.3190147,-67.8955078125,41.1376953125,-24.8974609375
20.3661613,-66.5283203125,40.4052734375,-30.6103515625
20.3861911,-66.9677734375,40.0634765625,-36.5673828125
20.4042012,-66.3330078125,39.1357421875,-42.0849609375
20.450457,-67.4072265625,37.5244140625,-47.2119140625
20.4696741,-67.9443359375,36.1083984375,-52.7783203125
20.5072053,-68.1396484375,34.8388671875,-58.8818359375
20.529654,-68.3349609375,36.2060546875,-63.0322265625
20.5846624,-68.3837890625,38.2080078125,-50.5810546875
20.5881455,-67.9931640625,40.2587890625,-16.0595703125
20.6113708,-69.4091796875,40.1123046875,14.3603515625
20.6600666,-69.9462890625,41.6259765625,31.5478515625
20.6819394,-71.2646484375,42.5537109375,35.6982421875
20.7211912,-71.9482421875,43.1396484375,32.8173828125
20.7429584,-73.2666015625,41.1376953125,25.0048828125
20.7649539,-73.9990234375,39.7216796875,12.9931640625
20.7974022,-74.7802734375,39.7705078125,-0.7763671875
20.8250255,-75.6103515625,39.1845703125,-9.5166015625
20.8716789,-77.1240234375,38.7451171875,-12.2021484375
20.8922435,-77.6123046875,37.0849609375,-12.8857421875
20.9317858,-76.0009765625,36.7919921875,-12.9345703125
20.9543192,-71.6064453125,35.8642578125,-15.1806640625
20.9955874,-68.5791015625,35.0341796875,-18.8916015625
21.0266808,-67.2119140625,34.0576171875,-24.2626953125
21.0382942,-66.0888671875,33.7158203125,-29.3896484375
21.0824598,-66.0400390625,33.2763671875,-35.1513671875
21.105391,-66.3330078125,31.1279296875,-39.9853515625
21.1273509,-67.1630859375,31.1767578125,-45.1611328125
21.1575408,-67.5537109375,29.5654296875,-50.0927734375
21.204627,-68.1884765625,29.5654296875,-55.4638671875
21.2196911,-67.8955078125,31.3720703125,-56.0498046875
21.258964,-68.4814453125,32.9345703125,-30.5615234375
21.280764,-69.2138671875,34.9853515625,2.5439453125
21.3205477,-69.1162109375,35.5224609375,25.1513671875
21.3413529,-70.7763671875,35.7177734375,34.2333984375
21.3835216,-71.1669921875,35.8154296875,34.8193359375
21.4037327,-71.6552734375,34.8876953125,27.0556640625
21.4442146,-72.8759765625,33.6669921875,16.7529296875
21.4651179,-73.5107421875,34.3505859375,2.3486328125
21.5047396,-74.7802734375,34.3994140625,-8.0517578125
21.5246985,-75.7568359375,34.0576171875,-12.5439453125
21.5670879,-76.4404296875,33.3740234375,-11.9091796875
21.5870866,-77.2216796875,32.6904296875,-11.2744140625
21.6269253,-73.6572265625,32.8369140625,-12.8369140625
21.6399828,-69.5556640625,32.2021484375,-16.2060546875
21.6869895,-68.0419921875,30.6884765625,-21.5283203125
21.7059934,-67.1630859375,29.7607421875,-26.7529296875
21.7485985,-66.9677734375,29.1259765625,-32.3193359375
21.7687813,-66.9189453125,28.4912109375,-36.9580078125
21.8078192,-67.7001953125,27.3681640625,-42.3779296875
21.8298767,-68.3837890625,26.7822265625,-47.1142578125
21.8504812,-68.1396484375,27.5634765625,-52.5341796875
21.8836714,-68.9697265625,30.2490234375,-50.3857421875
21.9092099,-68.3349609375,32.4951171875,-23.4326171875
21.9607784,-68.7744140625,33.3740234375,8.1103515625
21.9723281,-69.3603515625,34.8876953125,29.3017578125
22.013236,-70.0927734375,36.0595703125,37.3095703125
22.0327998,-71.1669921875,36.6943359375,35.9912109375
22.0735466,-71.6064453125,35.8154296875,29.3017578125
22.092834,-72.8271484375,35.2783203125,17.5830078125
22.1369675,-73.4619140625,37.5732421875,4.0087890625
22.1569755,-74.9755859375,38.0126953125,-6.3916015625
22.2015027,-75.6103515625,36.7919921875,-9.5654296875
22.2120142,-76.4892578125,35.4248046875,-9.3212890625
22.2596727,-76.6845703125,36.0107421875,-9.4189453125
22.2787892,-73.3642578125,36.4501953125,-11.9580078125
22.3186744,-69.7021484375,36.4990234375,-14.7412109375
22.331344,-67.6025390625,36.1572265625,-19.8681640625
22.37997,-66.8212890625,36.0107421875,-25.4833984375
22.3919933,-66.1865234375,36.4501953125,-30.7080078125
22.4340563,-65.9912109375,36.7431640625,-36.0791015625
22.4554551,-66.6259765625,36.1572265625,-40.6201171875
22.4973972,-68.4326171875,35.9130859375,-46.2353515625
22.5190573,-67.6025390625,37.1826171875,-49.5556640625
22.5596572,-67.8466796875,39.7216796875,-33.5400390625
22.578739,-67.9443359375,42.4072265625,-0.9228515625
22.6155156,-68.3837890625,42.8955078125,26.1279296875
22.6373278,-68.7744140625,44.8974609375,39.6533203125
22.6777792,-70.1416015625,45.0439453125,41.9970703125
22.7108411,-70.2880859375,45.4345703125,37.4560546875
22.7262571,-71.3134765625,44.3603515625,29.5947265625
22.7699572,-72.2900390625,44.6533203125,15.8251953125
22.7876963,-72.8271484375,44.8974609375,3.4716796875
22.8290942,-73.9501953125,44.8974609375,-3.2666015625
22.8496949,-74.7802734375,43.8232421875,-6.1474609375
22.8898304,-75.3662109375,42.9931640625,-6.4404296875
22.9118126,-74.3896484375,42.8955078125,-7.4169921875
22.9378172,-70.4833984375,43.3349609375,-10.3466796875
22.9688252,-67.2607421875,43.1396484375,-14.6923828125
23.0103635,-65.6982421875,42.9443359375,-20.5517578125
23.0305228,-65.3076171875,41.6748046875,-26.6064453125
23.0714829,-64.5263671875,40.8447265625,-31.3427734375
23.0883441,-64.3798828125,39.7705078125,-37.1533203125
23.1211623,-64.8193359375,39.4287109375,-42.4267578125
23.1601735,-65.7958984375,39.1357421875,-47.7978515625
23.1812091,-66.1376953125,40.4541015625,-52.0947265625
23.2097464,-65.6005859375,42.8955078125,-39.0087890625
23.2500789,-66.1865234375,45.1416015625,-4.8779296875
23.2699531,-65.9912109375,46.0693359375,23.9794921875
23.2994158,-67.0166015625,47.2412109375,39.0185546875
23.3290152,-67.2119140625,48.5595703125,43.5595703125
23.3618746,-68.5302734375,48.2666015625,40.3857421875
23.3899631,-69.3115234375,47.7294921875,32.4755859375
23.4168302,-70.1416015625,46.3134765625,20.0244140625
23.4500016,-71.0693359375,47.3388671875,6.7919921875
23.4799522,-72.6806640625,48.1201171875,-0.5322265625
23.5119776,-73.3154296875,46.7041015625,-4.2919921875
23.5503555,-74.1943359375,45.1904296875,-5.2685546875
23.5693716,-74.1455078125,45.3369140625,-6.6357421875
23.5971048,-70.2880859375,44.3115234375,-8.9306640625
23.6323187,-66.4306640625,43.5791015625,-13.2275390625
23.6719857,-64.2333984375,42.4072265625,-19.0869140625
23.6930501,-63.3544921875,40.8935546875,-25.0927734375
23.7331996,-63.1591796875,40.5029296875,-30.6591796875
23.7522311,-62.2314453125,38.9892578125,-35.3955078125
23.7842379,-62.4755859375,38.1103515625,-41.3525390625
23.8101898,-63.0126953125,36.4501953125,-46.9189453125
23.8432285,-64.0380859375,35.8154296875,-52.0458984375
23.8744615,-64.2333984375,37.2802734375,-53.5107421875
23.9022073,-63.8916015625,38.9892578125,-31.3427734375
23.9322444,-64.0380859375,39.7216796875,3.3740234375
23.9638397,-65.3076171875,40.2587890625,28.0322265625
23.9926286,-65.9423828125,40.7958984375,38.7744140625
24.0231403,-66.4306640625,41.4794921875,39.9951171875
24.0551106,-67.0166015625,40.8447265625,34.7705078125
24.0828835,-69.0185546875,39.2333984375,23.5400390625
24.1153207,-69.3115234375,39.4287109375,9.7705078125
24.1413284,-70.6787109375,39.8681640625,-2.0947265625
24.1723193,-70.7275390625,39.5751953125,-6.0498046875
24.2053263,-72.4853515625,38.4033203125,-7.1728515625
24.2327353,-73.3154296875,38.5009765625,-7.0751953125
24.2659388,-72.3388671875,36.7431640625,-8.6865234375
24.2951055,-68.2861328125,36.0595703125,-11.0791015625
24.3234766,-65.1611328125,35.3271484375,-16.3037109375
24.3570221,-63.4521484375,34.5458984375,-21.0400390625
24.3835908,-63.5009765625,34.2529296875,-26.9970703125
24.4122437,-62.9638671875,31.9580078125,-32.5146484375
24.4471788,-62.9638671875,32.0068359375,-37.3486328125
24.4745309,-63.6474609375,31.1279296875,-42.1826171875
24.5045864,-64.5751953125,29.9560546875,-47.8955078125
24.5365464,-64.3310546875,31.3720703125,-51.3623046875
24.5656371,-64.0869140625,33.4716796875,-38.5693359375
24.5976475,-63.7451171875,34.6923828125,-6.3916015625
24.6266329,-64.4775390625,35.4248046875,20.1708984375
24.6560554,-64.9658203125,36.2548828125,33.7451171875
24.6866597,-65.9423828125,36.8896484375,37.5537109375
24.7156125,-66.5771484375,36.6455078125,33.4033203125
24.7477402,-67.9443359375,34.4482421875,24.3212890625
24.792438,-69.0673828125,35.2294921875,10.0146484375
24.8127309,-69.6044921875,36.5966796875,-1.7041015625
24.8368022,-70.6787109375,36.0107421875,-7.8076171875
24.8668054,-71.9482421875,34.9365234375,-8.9306640625
24.8964334,-72.3876953125,34.3994140625,-8.9306640625
24.9296606,-72.8271484375,34.6435546875,-8.6865234375
24.9565759,-69.4580078125,35.3759765625,-11.9091796875
24.9862618,-65.7958984375,34.2041015625,-16.5478515625
25.019281,-63.7451171875,34.0576171875,-21.6748046875
25.0491722,-63.0126953125,33.9599609375,-27.0947265625
25.0777629,-63.0615234375,34.0087890625,-32.6611328125
25.1251869,-62.4755859375,33.9599609375,-37.5927734375
25.1372384,-63.5986328125,33.8623046875,-43.5986328125
25.1853651,-64.0380859375,34.4970703125,-49.5068359375
25.1991363,-64.6728515625,35.6689453125,-46.9189453125
25.2281447,-64.5751953125,37.1337890625,-21.1376953125
25.2574844,-64.7216796875,38.7451171875,10.3076171875
25.3072511,-64.8193359375,39.4287109375,32.3291015625
25.3293487,-65.4541015625,40.9912109375,40.4833984375
25.3513676,-65.6982421875,41.5771484375,40.0439453125
25.3793472,-67.2119140625,41.4794921875,33.8427734375
25.4073321,-67.9931640625,41.6259765625,22.7099609375
25.4574077,-69.0185546875,42.9443359375,8.6474609375
25.4767752,-69.8486328125,43.5302734375,-0.9716796875
25.5157968,-70.4833984375,44.3115234375,-4.6826171875
25.5352797,-71.9482421875,44.3115234375,-5.8544921875
25.5755374,-72.2412109375,44.4580078125,-6.0986328125
25.5945951,-71.0693359375,43.8232421875,-7.4658203125
25.6404983,-67.5048828125,43.7744140625,-10.9814453125
25.6574893,-64.4775390625,42.7490234375,-15.8642578125
25.6842363,-62.9638671875,42.4072265625,-22.0166015625
25.7104674,-62.0361328125,42.2119140625,-27.8271484375
25.7390739,-61.4990234375,41.6259765625,-32.8076171875
25.7880673,-61.8408203125,41.0400390625,-38.5205078125
25.8095806,-62.9150390625,41.3818359375,-43.6474609375
25.8289267,-63.4521484375,42.1630859375,-45.4052734375
25.8801008,-63.4521484375,45.2392578125,-24.7509765625
25.9009227,-63.0615234375,46.6064453125,7.5244140625
25.9407187,-63.3544921875,47.4853515625,32.6220703125
25.9622806,-63.6962890625,48.8525390625,44.3408203125
25.9813784,-64.2333984375,49.2919921875,46.0986328125
26.014146,-64.5751953125,48.7548828125,41.3623046875
26.0443034,-65.6494140625,47.9248046875,32.2314453125
26.0932304,-66.5771484375,47.0947265625,20.0244140625
26.106483,-67.4560546875,48.8525390625,8.7451171875
26.1465268,-68.4814453125,48.8037109375,2.4462890625
26.168513,-69.5068359375,48.0712890625,1.1767578125
26.2089425,-70.2880859375,47.9248046875,0.4443359375
26.2290497,-70.6787109375,47.5830078125,-1.0205078125
26.2680286,-67.4560546875,47.8759765625,-4.5849609375
26.2888201,-63.9404296875,47.6318359375,-8.7841796875
26.3301634,-61.6943359375,47.0458984375,-14.6923828125
26.3514713,-60.3759765625,46.2646484375,-19.8681640625
26.3918516,-59.2529296875,46.5087890625,-25.1416015625
26.4119734,-59.5947265625,46.1181640625,-30.5126953125
26.4510315,-60.0341796875,44.8974609375,-36.2255859375
26.4716532,-60.2783203125,44.2138671875,-41.7919921875
26.4996168,-61.0107421875,45.2392578125,-42.1826171875
26.5398969,-61.1083984375,47.9248046875,-17.9638671875
26.5595826,-61.1572265625,47.8759765625,13.6767578125
26.6038576,-60.7666015625,47.6318359375,38.1396484375
26.6237608,-61.8896484375,48.4619140625,49.2236328125
26.6621847,-62.0361328125,48.6083984375,49.6630859375
26.6844209,-63.0126953125,47.9736328125,44.5361328125
26.7260555,-64.0869140625,46.7529296875,35.3564453125
26.7468316,-64.9169921875,46.2158203125,22.7587890625
26.7674969,-65.3076171875,45.5322265625,12.8955078125
26.7970167,-66.0400390625,45.3369140625,7.5732421875
26.8443818,-67.7490234375,44.3603515625,5.6689453125
26.8584642,-68.9208984375,42.8955078125,5.5224609375
26.9041924,-68.4814453125,42.5048828125,3.5205078125
26.9248926,-65.7958984375,41.5771484375,0.1025390625
26.9469404,-62.0361328125,40.8447265625,-4.3896484375
26.9760596,-60.1806640625,39.7216796875,-9.5654296875
27.0267332,-58.7646484375,38.7939453125,-15.3271484375
27.0377969,-59.0087890625,37.2314453125,-19.7705078125
27.0875426,-58.2275390625,37.2314453125,-24.5556640625
27.0997153,-58.3740234375,36.0107421875,-30.0244140625
27.1436455,-59.5458984375,35.8642578125,-35.4443359375
27.1662892,-59.6923828125,36.9873046875,-36.8603515625
27.2070837,-59.4482421875,38.6474609375,-17.0361328125
27.2297407,-59.3505859375,39.5263671875,15.1416015625
27.2497316,-59.8388671875,40.5517578125,39.1162109375
27.2986995,-60.2294921875,41.1865234375,49.8095703125
27.3178859,-60.7666015625,41.5771484375,51.4208984375
27.365908,-61.8408203125,40.8935546875,46.0009765625
27.3982157,-62.6220703125,39.4775390625,36.0400390625
27.4017742,-63.5986328125,40.2099609375,22.7099609375
27.4472863,-64.7705078125,41.3818359375,11.6259765625
27.4671824,-65.5517578125,40.2099609375,8.0615234375
27.4904705,-67.1630859375,38.8427734375,7.0361328125
27.5208494,-67.7001953125,37.6220703125,7.2802734375
27.5687399,-68.3837890625,37.2314453125,6.0107421875
27.5876592,-65.8935546875,36.7431640625,2.4462890625
27.6282834,-61.9873046875,35.4248046875,-1.8994140625
27.6392508,-59.8876953125,35.0341796875,-7.4169921875
27.6737144,-58.4716796875,34.5947265625,-12.4462890625
27.7172972,-58.0322265625,33.4716796875,-18.1103515625
27.7293358,-58.2763671875,32.3974609375,-22.3583984375
27.7810001,-58.1298828125,31.7626953125,-27.8759765625
27.7924417,-59.3505859375,31.8603515625,-32.1728515625
27.8259717,-60.3271484375,35.2294921875,-28.5107421875
27.8678341,-59.4482421875,38.0615234375,-2.5830078125
27.8858902,-59.4482421875,38.5986328125,27.2509765625
27.92791,-60.7177734375,40.6494140625,45.3173828125
27.9497848,-60.6201171875,42.4072265625,53.0810546875
27.9900929,-61.3525390625,43.3837890625,52.5439453125
28.0049078,-62.4267578125,41.8212890625,45.3173828125
28.0341268,-62.8173828125,41.5771484375,33.9404296875
28.0631028,-64.1357421875,42.2607421875,20.2197265625
28.095999,-65.2099609375,43.5302734375,12.2119140625
28.124028,-65.6005859375,42.2119140625,9.3310546875
28.1560833,-66.7724609375,41.8212890625,8.8916015625
28.1851493,-67.6513671875,41.8701171875,8.3544921875
28.2152032,-68.2373046875,42.0654296875,6.3525390625
28.26016,-65.5029296875,42.3583984375,2.2998046875
28.2749806,-61.8896484375,42.6513671875,-2.7783203125
28.3029619,-59.4482421875,41.9677734375,-8.4912109375
28.3369541,-58.9111328125,41.6259765625,-13.7646484375
28.3819902,-58.4228515625,41.6748046875,-18.2568359375
28.3970291,-58.1298828125,40.9423828125,-24.0673828125
28.4280124,-58.5205078125,40.5029296875,-29.3408203125
28.4720344,-59.8876953125,41.6259765625,-33.7353515625
28.482928,-59.7412109375,43.4814453125,-22.6513671875
28.5145507,-59.3994140625,46.2158203125,8.6962890625
28.5441265,-59.5458984375,47.2900390625,35.7958984375
28.5780961,-59.9853515625,48.4130859375,51.4697265625
28.607998,-60.3271484375,49.0966796875,55.6201171875
28.6374412,-61.3525390625,49.0478515625,53.4716796875
28.6704953,-62.4755859375,48.5595703125,45.6103515625
28.69747,-63.0126953125,48.1689453125,34.1845703125
28.7294675,-64.1845703125,48.9501953125,21.0986328125
28.7586443,-64.8681640625,48.0224609375,13.8720703125
28.7877921,-65.9912109375,48.5107421875,11.0400390625
28.8148169,-67.3095703125,48.0712890625,10.3076171875
28.8488428,-68.1396484375,48.2177734375,9.1357421875
28.8787463,-67.3583984375,47.9248046875,6.5966796875
28.9115232,-64.3310546875,47.7783203125,1.6650390625
28.9371999,-61.0107421875,47.4365234375,-3.7060546875
28.9683269,-59.0576171875,47.0458984375,-9.5166015625
28.9993333,-58.3740234375,46.8017578125,-14.3505859375
29.0288918,-57.3486328125,45.7763671875,-19.2822265625
29.0587931,-57.3486328125,46.0205078125,-25.5322265625
29.0918726,-57.4951171875,44.7021484375,-30.3662109375
29.1178079,-58.7646484375,44.8974609375,-35.9326171875
29.1518359,-58.7158203125,46.0693359375,-36.3232421875
29.1818556,-58.4716796875,48.7060546875,-14.2529296875
29.2096064,-58.9599609375,50.1220703125,19.3408203125
29.23779,-59.3505859375,49.8291015625,42.9248046875
29.2708252,-59.6435546875,50.8544921875,53.6669921875
29.3013098,-60.5712890625,51.4892578125,54.8876953125
29.3333209,-60.9619140625,51.1474609375,51.0302734375
29.3624359,-62.5732421875,49.5849609375,42.3388671875
29.3888101,-63.9404296875,48.7548828125,29.9365234375
29.4227736,-64.3798828125,48.6572265625,18.6083984375
29.4517862,-65.1611328125,47.8759765625,12.2607421875
29.482773,-66.2841796875,46.6552734375,9.8193359375
29.5127433,-67.1630859375,45.5322265625,8.5986328125
29.5398065,-68.4814453125,44.9462890625,7.1337890625
29.5739735,-66.5283203125,44.2138671875,3.6181640625
29.6037798,-63.3544921875,42.8955078125,-0.9228515625
29.6317577,-59.9365234375,42.4072265625,-6.6357421875
29.6638116,-58.3251953125,41.1376953125,-11.9091796875
29.6937528,-57.2021484375,40.2099609375,-18.1103515625
29.7223717,-56.7138671875,39.0869140625,-22.5048828125
29.7552344,-56.4208984375,37.9638671875,-28.2177734375
29.7831047,-57.7392578125,37.3779296875,-33.3447265625
29.812328,-58.0322265625,36.9384765625,-38.5205078125
29.8443231,-58.7158203125,38.4033203125,-35.7373046875
29.8713056,-58.1787109375,39.6728515625,-8.1494140625
29.9063035,-59.2041015625,40.5517578125,23.2470703125
29.932775,-58.6669921875,41.6259765625,43.0224609375
29.961721,-59.8876953125,42.0166015625,50.6396484375
29.9957296,-61.4990234375,42.7978515625,49.7607421875
30.0251528,-61.9873046875,40.7470703125,43.4619140625
30.0576792,-63.4033203125,40.7470703125,32.7197265625
30.0867756,-64.3310546875,39.7705078125,19.7314453125
30.1128897,-65.2587890625,39.7705078125,10.4052734375
30.1439205,-65.8935546875,39.6728515625,6.4990234375
30.1764454,-67.5537109375,39.2822265625,5.8154296875
30.2034979,-68.6767578125,37.9150390625,4.7412109375
30.2375178,-69.4091796875,37.8662109375,2.8857421875
30.266516,-67.3583984375,36.5478515625,-0.9716796875
30.2952773,-63.6962890625,35.3759765625,-6.0986328125
30.328301,-61.2060546875,34.7900390625,-10.9326171875
30.355274,-59.9365234375,34.4482421875,-16.4501953125
30.3842998,-59.5458984375,33.4228515625,-21.3818359375
30.4162472,-59.1064453125,32.2509765625,-26.6552734375
30.4470898,-58.8623046875,31.6162109375,-31.9775390625
30.4788616,-60.4248046875,31.5185546875,-37.1533203125
30.5074875,-60.9130859375,32.7392578125,-36.0302734375
30.5362436,-60.7666015625,34.5458984375,-11.8603515625
30.5622302,-60.7666015625,36.0595703125,19.0966796875
30.597242,-60.8642578125,37.2314453125,38.2373046875
30.6415967,-61.5966796875,38.8427734375,46.5380859375
30.6616416,-61.9873046875,39.9169921875,45.7568359375
30.6866767,-63.0126953125,39.7705078125,39.2138671875
30.7176869,-64.4287109375,38.9892578125,27.9345703125
30.750185,-65.3076171875,40.6494140625,14.0185546875
30.7789568,-66.0888671875,41.5283203125,4.5947265625
30.8266687,-66.9677734375,41.0888671875,1.0302734375
30.8376823,-67.8466796875,40.2587890625,0.4443359375
30.8847884,-69.7509765625,40.4541015625,0.5419921875
30.9049873,-70.1904296875,41.5283203125,-1.3134765625
30.9455471,-69.5068359375,40.7470703125,-5.5126953125
30.9659794,-65.8447265625,41.1865234375,-11.1279296875
31.0049784,-63.4521484375,40.6494140625,-16.5478515625
31.0246828,-62.3779296875,40.4541015625,-21.9677734375
31.0662658,-61.3525390625,40.5029296875,-27.4853515625
31.0858428,-61.0107421875,40.2099609375,-32.3193359375
31.1229441,-61.5478515625,39.9658203125,-37.1533203125
31.1447109,-62.2314453125,41.6259765625,-41.7431640625
31.1911201,-62.6708984375,43.2861328125,-28.6572265625
31.2111744,-62.3779296875,45.5810546875,3.0322265625
31.2318666,-62.4755859375,46.5576171875,29.9853515625
31.2601397,-62.2802734375,47.6318359375,44.3408203125
31.2872926,-63.5009765625,48.2177734375,48.6865234375
31.3213632,-63.4521484375,48.4130859375,44.6826171875
31.3519077,-64.5751953125,47.8759765625,36.2841796875
31.3769017,-65.8935546875,48.0712890625,24.4677734375
31.4125875,-66.9189453125,48.9013671875,12.0654296875
31.4400381,-67.8955078125,48.3642578125,4.9365234375
31.4918236,-68.9208984375,48.3642578125,2.0556640625
31.5153909,-70.0927734375,47.8759765625,1.3232421875
31.5320645,-71.0205078125,47.6806640625,-0.4345703125
31.5599814,-71.0205078125,48.1689453125,-3.3154296875
31.5920275,-68.9208984375,47.6318359375,-7.5146484375
31.6228264,-65.6494140625,46.5576171875,-13.9111328125
31.6520906,-63.6474609375,46.9970703125,-19.0380859375
31.682412,-62.2314453125,45.7763671875,-25.1904296875
31.7124936,-60.4736328125,45.5810546875,-30.3662109375
31.7441742,-60.8642578125,45.2880859375,-35.7373046875
31.7742959,-60.6689453125,45.1416015625,-41.5478515625
31.8328185,-62.0361328125,46.8994140625,-43.6962890625
31.8363376,-62.3291015625,48.9990234375,-23.7255859375
31.8617096,-62.7685546875,51.0986328125,11.2353515625
31.9112709,-62.4267578125,52.3681640625,36.8701171875
31.9314488,-62.8173828125,52.9052734375,49.1259765625
31.9544481,-62.9638671875,53.4912109375,51.1767578125
31.9870896,-64.4287109375,54.0771484375,46.8310546875
32.0120033,-64.9169921875,53.1005859375,38.1884765625
32.0448708,-66.3330078125,52.7099609375,26.0302734375
32.0749961,-67.0166015625,53.2470703125,14.0673828125
32.1036391,-67.8955078125,52.2705078125,6.8408203125
32.1350918,-69.1162109375,50.1220703125,4.3017578125
32.1852083,-70.3857421875,48.8037109375,2.0556640625
32.2118674,-71.4599609375,47.4853515625,0.2978515625
32.2276512,-71.8994140625,48.1201171875,-2.8271484375
32.258129,-68.9208984375,46.8505859375,-7.3193359375
32.2833693,-64.9169921875,45.6298828125,-13.5205078125
32.3163921,-62.6708984375,45.2880859375,-19.7705078125
32.3484038,-61.5966796875,43.9697265625,-25.0439453125
32.3764472,-61.4501953125,42.8466796875,-30.0732421875
32.4264271,-60.6689453125,41.9189453125,-35.0048828125
32.4467381,-61.2060546875,40.3076171875,-41.0107421875
32.467477,-61.3525390625,39.9169921875,-46.2353515625
32.4963313,-61.7919921875,41.4306640625,-50.9716796875
32.5253483,-62.5244140625,42.7001953125,-35.0537109375
32.5593682,-61.9384765625,44.6044921875,0.6396484375
32.5863033,-62.2802734375,45.2880859375,29.9365234375
32.6168546,-63.3056640625,45.4345703125,44.9267578125
32.6649475,-64.3798828125,45.6298828125,48.9794921875
32.6882043,-65.0146484375,45.1416015625,45.5126953125
32.7088168,-66.5771484375,44.1162109375,36.8701171875
32.7385687,-67.6513671875,44.1650390625,24.3701171875
32.7685693,-68.3349609375,43.7744140625,12.7001953125
32.8005868,-69.3603515625,43.6767578125,4.8388671875
32.8467587,-70.4345703125,42.8466796875,2.2509765625
32.8667125,-71.9482421875,42.6513671875,0.8349609375
32.8868146,-72.8759765625,41.5771484375,-0.0927734375
32.9187582,-73.3642578125,40.4541015625,-2.6318359375
32.9497421,-71.6064453125,39.5263671875,-7.3681640625
32.9807838,-67.7978515625,38.3056640625,-13.1298828125
33.0097662,-64.4775390625,37.5732421875,-18.2080078125
33.0385541,-63.4033203125,36.3525390625,-23.2861328125
33.0728043,-63.4033203125,35.9619140625,-28.4619140625
33.0998232,-62.3291015625,34.5947265625,-33.4423828125
33.1335748,-62.4267578125,33.1787109375,-38.9111328125
33.1590785,-63.3056640625,34.2041015625,-44.3798828125
33.1893696,-64.2822265625,35.0341796875,-45.9423828125
33.2211853,-64.1845703125,36.3525390625,-24.2138671875
33.2501644,-64.0380859375,38.1591796875,9.5751953125
33.2800534,-64.4287109375,39.3310546875,32.8662109375
33.3121699,-65.4052734375,40.0634765625,43.4130859375
33.3411634,-65.9912109375,38.7939453125,43.8037109375
33.3738189,-66.9677734375,37.7197265625,37.7001953125
33.4034359,-68.2373046875,37.6220703125,26.7138671875
33.4327776,-69.2138671875,37.3779296875,12.1630859375
33.4607101,-69.7021484375,37.4755859375,0.9814453125
33.4948084,-71.3623046875,36.0595703125,-3.0224609375
33.5218229,-72.0458984375,35.4248046875,-4.1943359375
33.5538324,-73.4130859375,35.4248046875,-3.9013671875
33.5808379,-74.4384765625,35.8642578125,-5.3173828125
33.6122435,-74.2919921875,35.6201171875,-8.7841796875
33.6444395,-72.8271484375,36.1083984375,-14.1552734375
33.6748378,-69.0673828125,35.3271484375,-18.9404296875
33.7011497,-66.1865234375,35.0341796875,-24.4580078125
33.7348366,-65.9912109375,34.9365234375,-29.7314453125
33.7618518,-65.0146484375,34.9853515625,-35.1025390625
33.7948066,-65.0634765625,34.9853515625,-41.3037109375
33.823828,-65.8447265625,35.4736328125,-46.6748046875
33.8529,-66.3818359375,36.7431640625,-50.0439453125
33.8860021,-67.2607421875,38.5009765625,-31.0498046875
33.913447,-67.1630859375,40.0146484375,3.5693359375
33.9449299,-67.2119140625,41.1865234375,28.9599609375
33.9764845,-67.4072265625,43.6767578125,40.8251953125
34.0069314,-67.8955078125,44.3115234375,43.3642578125
34.0339878,-68.9697265625,44.5068359375,37.9443359375
34.0669075,-69.7021484375,44.2626953125,28.1298828125
34.0959282,-70.3369140625,44.3115234375,13.9697265625
34.1293978,-71.0205078125,45.3857421875,2.2021484375
34.1578828,-72.4365234375,45.2880859375,-3.6572265625
34.1849625,-73.4130859375,45.9716796875,-5.2197265625
34.2178064,-74.2919921875,45.2392578125,-5.3173828125
34.2469075,-75.8544921875,45.1416015625,-7.6611328125
34.2758848,-76.0498046875,44.9951171875,-10.2001953125
34.3068902,-74.2431640625,44.0673828125,-15.6201171875
34.3368705,-70.9228515625,44.5556640625,-20.6494140625
34.3658068,-68.2861328125,43.7744140625,-26.5087890625
34.3978493,-66.6259765625,43.2373046875,-31.7333984375
34.4264874,-66.0400390625,42.9443359375,-36.6650390625
34.4546649,-66.2841796875,42.0654296875,-42.0849609375
34.488423,-65.8935546875,41.8701171875,-47.7490234375
34.518774,-67.0654296875,44.0673828125,-47.3583984375
34.5500616,-67.5048828125,45.8251953125,-20.0634765625
34.5766728,-67.4560546875,47.7783203125,14.0673828125
34.6078145,-67.2607421875,47.8759765625,36.5283203125
34.6406602,-67.4072265625,49.1455078125,46.8798828125
34.6692615,-68.0908203125,49.6826171875,47.3193359375
34.7015238,-68.3837890625,50.3662109375,41.9970703125
34.7313515,-69.6044921875,49.7314453125,31.9384765625
34.7596598,-70.7763671875,49.7314453125,18.9990234375
34.7883074,-71.1181640625,49.8291015625,7.7197265625
34.8200041,-72.3876953125,49.5849609375,2.8369140625
34.8479849,-72.6806640625,49.0478515625,-0.2392578125
34.8799741,-74.0966796875,47.6806640625,-0.7275390625
34.9100441,-75.1708984375,47.9248046875,-3.0712890625
34.9364152,-76.0986328125,48.0224609375,-6.1474609375
34.969845,-73.8037109375,47.2900390625,-10.9814453125
34.9988899,-70.2880859375,46.9970703125,-16.4013671875
35.0299951,-67.2607421875,46.7041015625,-22.3583984375
35.0629821,-66.0888671875,46.3623046875,-27.8759765625
35.0918601,-64.7705078125,45.8740234375,-33.4912109375
35.1249758,-64.1357421875,44.8486328125,-39.3017578125
35.1528911,-64.2333984375,45.3369140625,-44.7216796875
35.1787009,-64.9169921875,46.3623046875,-47.4560546875
35.2107356,-65.7470703125,47.3388671875,-27.6806640625
35.2427713,-65.5029296875,48.6572265625,7.1826171875
35.2703986,-65.2587890625,48.1201171875,33.7939453125
35.300396,-65.5517578125,47.9736328125,46.4892578125
35.3293497,-66.0400390625,48.9990234375,49.2724609375
35.3594074,-66.4794921875,48.0712890625,45.0244140625
35.3943664,-67.0654296875,47.2412109375,36.8212890625
35.4224199,-68.2861328125,46.0205078125,23.7841796875
35.4561815,-69.1650390625,45.9228515625,11.3818359375
35.4846336,-69.8486328125,44.9951171875,4.8876953125
35.5118251,-70.7275390625,43.8720703125,1.0791015625
35.5434121,-71.9970703125,43.7255859375,0.3466796875
35.5733798,-73.0712890625,42.8466796875,-0.5810546875
35.6003772,-73.7060546875,41.7236328125,-3.9013671875
35.6365383,-73.3642578125,40.7470703125,-8.0029296875
35.6620826,-69.7509765625,40.1123046875,-13.1787109375
35.6953634,-66.1376953125,39.4775390625,-19.0869140625
35.7256941,-64.5751953125,38.5498046875,-24.6533203125
35.7556902,-63.1103515625,37.2802734375,-29.5849609375
35.780838,-62.6708984375,36.9873046875,-34.3701171875
35.8158269,-62.6708984375,35.4248046875,-38.9599609375
35.8441938,-62.4267578125,34.9853515625,-45.1123046875
35.8766503,-63.6962890625,37.1337890625,-48.6279296875
35.9039006,-64.4287109375,38.6474609375,-31.5869140625
35.9329599,-63.5986328125,39.9169921875,2.4462890625
35.9666672,-64.0869140625,39.6728515625,29.7412109375
35.9925775,-63.9404296875,41.3818359375,42.9736328125
36.0276102,-64.9169921875,41.8212890625,45.8056640625
36.0575724,-66.2841796875,41.5771484375,41.8505859375
36.0835945,-67.0654296875,39.9658203125,32.6708984375
36.1371829,-67.8466796875,40.5517578125,20.0732421875
36.1572395,-69.1162109375,39.8193359375,8.1103515625
36.1742324,-69.9951171875,39.2822265625,1.9580078125
36.2042764,-70.8740234375,38.7451171875,0.0048828125
36.2382634,-72.0458984375,38.7939453125,0.3466796875
36.2649255,-72.8759765625,37.6220703125,-1.8994140625
36.3000317,-74.2919921875,36.1083984375,-4.0966796875
36.3277681,-74.3896484375,35.6689453125,-9.3212890625
36.3568313,-70.9228515625,35.5224609375,-14.4970703125
36.3887456,-67.3583984375,34.4970703125,-19.5263671875
36.414748,-65.5517578125,33.3740234375,-24.7021484375
36.4515717,-64.2822265625,33.5205078125,-29.5361328125
36.4794012,-64.1357421875,32.2021484375,-35.1513671875
36.5057673,-63.4033203125,31.2255859375,-40.3759765625
36.5413804,-63.8916015625,32.4462890625,-43.5498046875
36.5697367,-64.8193359375,35.1318359375,-29.9755859375
36.5977626,-65.4541015625,36.6943359375,1.9091796875
36.6316126,-65.0634765625,37.8173828125,27.8369140625
36.657383,-65.4052734375,40.3076171875,41.3623046875
36.6920432,-65.2099609375,41.6259765625,44.1943359375
36.7216022,-65.9912109375,42.2119140625,40.9716796875
36.7475457,-67.3095703125,41.0888671875,31.5478515625
36.7765591,-68.5791015625,41.4794921875,17.6318359375
36.8105663,-69.3115234375,42.8466796875,5.5224609375
36.8390047,-69.9951171875,43.0419921875,-0.7275390625
36.8699295,-70.8740234375,41.7724609375,-2.0458984375
36.8997106,-71.8994140625,41.7724609375,-1.8505859375
36.9287634,-72.6318359375,42.7978515625,-3.6083984375
36.9606841,-74.2431640625,42.7978515625,-6.7822265625
36.9886708,-74.4384765625,42.6025390625,-11.8603515625
37.0176745,-71.9970703125,42.9931640625,-16.9873046875
37.0497433,-68.4326171875,41.9677734375,-22.7978515625
37.0797778,-66.3330078125,41.8212890625,-27.9736328125
37.1136644,-65.2587890625,41.7724609375,-32.4658203125
37.1395455,-64.6240234375,41.9189453125,-38.4228515625
37.1717153,-64.6728515625,42.0166015625,-43.0126953125
37.2051597,-65.3564453125,43.4814453125,-46.1865234375
37.2322819,-66.0888671875,45.4833984375,-28.7548828125
37.2600258,-66.5771484375,46.7529296875,4.6923828125
37.2920837,-66.5283203125,48.0224609375,30.5712890625
37.3220316,-66.0400390625,49.1943359375,42.9248046875
37.3525642,-66.4306640625,49.4384765625,45.5126953125
37.3840188,-67.3583984375,49.7802734375,41.2158203125
37.4126003,-67.9443359375,49.2431640625,32.1337890625
37.4441233,-69.3115234375,49.4873046875,19.6826171875
37.4747003,-70.6298828125,49.7314453125,8.0126953125
37.5025456,-70.7275390625,49.7314453125,1.7138671875
37.5351887,-71.8017578125,48.6083984375,-1.5087890625
37.5621332,-72.5830078125,47.9736328125,-1.4599609375
37.5923277,-73.7060546875,48.8525390625,-3.3642578125
37.6260677,-74.5849609375,48.9501953125,-6.6357421875
37.652034,-75.1708984375,47.9736328125,-11.4208984375
37.6867711,-72.2900390625,48.1201171875,-16.8408203125
37.7147173,-68.4814453125,47.2900390625,-22.6025390625
37.7437795,-66.4306640625,46.8994140625,-27.8271484375
37.773825,-65.1123046875,47.3388671875,-32.5634765625
37.8067622,-64.6728515625,45.9716796875,-38.8623046875
37.8317431,-64.3798828125,46.3134765625,-44.1357421875
37.8658195,-64.4287109375,46.5576171875,-48.1884765625
37.8967097,-65.2099609375,48.9990234375,-35.9814453125
37.9237459,-66.1865234375,50.6591796875,-2.1923828125
37.9742519,-66.0400390625,50.7568359375,26.8115234375
37.9852397,-65.8447265625,52.1240234375,42.4853515625
38.0162274,-65.9912109375,53.0517578125,46.9287109375
38.0482087,-66.7236328125,53.0517578125,44.0478515625
38.0734171,-67.4072265625,51.8310546875,37.1630859375
38.1109183,-68.3349609375,50.9033203125,25.3955078125
38.1383518,-68.9697265625,51.4892578125,13.2373046875
38.164041,-70.0927734375,51.2451171875,4.8876953125
38.2021452,-71.0205078125,49.3408203125,0.2001953125
38.2271332,-71.8017578125,47.9248046875,-1.5087890625
38.2531435,-73.0712890625,47.3388671875,-2.7294921875
38.2874404,-74.1943359375,46.0693359375,-6.0498046875
38.3161986,-74.9267578125,44.7998046875,-10.4931640625
38.347201,-73.4130859375,44.0185546875,-15.8642578125
38.3762369,-69.6533203125,43.5302734375,-21.8701171875
38.4064525,-66.8212890625,42.6025390625,-27.7783203125
38.4400474,-65.3076171875,41.3818359375,-32.5146484375
38.469062,-64.1845703125,40.5029296875,-37.3486328125
38.4981821,-63.4521484375,39.7705078125,-42.6220703125
38.530186,-63.4033203125,39.4287109375,-48.2373046875
38.5596822,-63.8427734375,39.7705078125,-53.7548828125
38.5902234,-64.8193359375,42.4072265625,-50.1416015625
38.6212727,-65.0634765625,44.4091796875,-18.9404296875
38.6483797,-65.0146484375,44.2626953125,14.3603515625
38.6762525,-65.4052734375,45.2880859375,34.7216796875
38.7181558,-65.6005859375,45.8740234375,42.8759765625
38.7402411,-66.8212890625,46.8017578125,42.1923828125
38.7712232,-67.4560546875,45.0439453125,36.4794921875
38.7992179,-68.6767578125,44.2626953125,26.4697265625
38.828742,-69.7509765625,44.1162109375,13.4326171875
38.8638137,-70.4345703125,43.9208984375,3.5205078125
38.8886383,-71.3623046875,43.3349609375,-1.1181640625
38.9262117,-72.5341796875,41.8701171875,-2.6806640625
38.9498475,-73.2177734375,41.1376953125,-3.6572265625
38.9808564,-74.4873046875,40.1611328125,-6.1474609375
39.0126119,-75.4638671875,39.7705078125,-9.8583984375
39.0421913,-76.4892578125,38.3544921875,-15.4736328125
39.0712532,-72.3388671875,38.1591796875,-21.2353515625
39.0972314,-69.1162109375,37.0361328125,-26.9970703125
39.1349958,-67.4072265625,36.1572265625,-32.1240234375
39.1596144,-66.1376953125,35.6689453125,-37.3486328125
39.1928674,-65.6494140625,34.4482421875,-42.4755859375
39.2216366,-64.7705078125,33.4716796875,-47.9443359375
39.2511533,-64.9169921875,34.8388671875,-52.6806640625
39.2826391,-66.2353515625,36.6455078125,-49.7509765625
39.3126678,-66.6259765625,38.5498046875,-21.1376953125
39.3461785,-66.4306640625,38.8916015625,10.2099609375
39.3746609,-66.4306640625,40.2099609375,29.5947265625
39.4032584,-66.8701171875,41.0400390625,37.4072265625
39.4306448,-67.5537109375,40.6005859375,35.5029296875
39.4706991,-68.2373046875,38.7939453125,29.5458984375
39.491697,-69.2626953125,38.3056640625,17.4853515625
39.5267087,-70.2880859375,38.3056640625,4.0087890625
39.5547463,-71.6064453125,38.4033203125,-5.7080078125
39.58167,-72.6318359375,37.1826171875,-9.6630859375
39.6147458,-73.0712890625,36.5966796875,-9.5166015625
39.6447363,-73.9013671875,36.5478515625,-11.2255859375
39.6734329,-74.8779296875,36.7919921875,-12.8369140625
39.714279,-76.7822265625,35.9619140625,-17.2314453125
39.7363085,-75.8056640625,35.2783203125,-21.9189453125
39.7663336,-74.0478515625,35.0830078125,-27.9736328125
39.7969455,-70.1416015625,35.7177734375,-32.8564453125
39.8249244,-68.4814453125,35.2783203125,-37.9345703125
39.8558869,-67.2119140625,34.8388671875,-42.8662109375
39.8850595,-66.1865234375,34.7412109375,-48.5791015625
39.9180227,-66.4794921875,36.1083984375,-54.3408203125
39.9465405,-67.1630859375,38.6474609375,-56.4404296875
39.9823066,-67.8466796875,40.6494140625,-34.9560546875
40.0033497,-68.2861328125,42.2119140625,-1.8017578125
40.0386385,-68.0419921875,43.4326171875,22.9052734375
40.0673553,-67.7978515625,43.9697265625,33.4033203125
40.0988752,-68.5302734375,44.5556640625,35.1611328125
40.1268391,-68.8232421875,44.4091796875,29.6923828125
40.1548291,-69.8486328125,42.9443359375,20.1220703125
40.1918118,-70.9716796875,44.2138671875,6.9873046875
40.2170132,-71.7529296875,44.1162109375,-4.7802734375
40.2469431,-73.0224609375,43.5791015625,-10.3466796875
40.2780254,-73.5595703125,42.9931640625,-12.5927734375
40.3090143,-74.2431640625,42.8466796875,-13.5693359375
40.3366574,-75.9033203125,43.3837890625,-15.0830078125
40.3699704,-77.2216796875,43.2861328125,-18.8427734375
40.3998961,-77.7099609375,43.1396484375,-23.1884765625
40.4297893,-76.0498046875,42.4072265625,-28.9990234375
40.4578409,-72.9736328125,41.8701171875,-34.5654296875
40.4878525,-69.9462890625,41.8212890625,-40.5712890625
40.5208401,-68.1396484375,41.5771484375,-44.7705078125
40.5488522,-68.5302734375,41.1376953125,-50.1416015625
40.5796798,-67.4560546875,41.4306640625,-55.9521484375
40.6129442,-67.4560546875,42.1142578125,-59.0283203125
40.6396201,-68.4814453125,44.6533203125,-41.6943359375
40.6728355,-69.0185546875,46.7041015625,-6.6845703125
40.7008737,-69.2138671875,46.2646484375,20.3173828125
40.7308033,-68.7744140625,48.0224609375,33.8427734375
40.7628722,-69.3603515625,48.2666015625,36.9677734375
40.7908162,-69.9462890625,49.2919921875,32.9150390625
40.8218046,-70.6787109375,48.1689453125,24.5654296875
40.8518198,-71.3134765625,48.3154296875,12.6513671875
40.8826871,-72.0947265625,48.5595703125,0.7861328125
40.9090807,-73.2177734375,47.7783203125,-6.8310546875
40.9431777,-73.9013671875,46.8505859375,-9.7607421875
40.9718393,-75.0244140625,46.3134765625,-12.1044921875
41.0041453,-75.9033203125,45.6298828125,-13.3740234375
41.0320119,-77.3193359375,45.1904296875,-16.7919921875
41.0611994,-78.2470703125,43.9697265625,-21.1865234375
41.0902471,-77.6123046875,43.1884765625,-27.1923828125
41.1283943,-73.9501953125,41.7724609375,-32.1240234375
41.1524101,-70.3369140625,41.8701171875,-38.3740234375
41.1843343,-68.8232421875,39.6728515625,-43.3544921875
41.2123871,-68.3349609375,38.5498046875,-48.7255859375
41.2403992,-67.6513671875,37.3779296875,-54.2431640625
41.2759349,-67.1142578125,37.7197265625,-60.0048828125
41.3033842,-67.4560546875,40.0634765625,-59.8583984375
41.3369859,-68.8232421875,41.0888671875,-31.0986328125
41.3638789,-68.8720703125,41.6259765625,2.2998046875
41.3929208,-68.8232421875,41.9677734375,25.0537109375
41.4243298,-69.1650390625,42.8955078125,35.1123046875
41.4524883,-68.9697265625,42.9443359375,34.6240234375
41.4842843,-70.0439453125,42.3583984375,29.3017578125
41.5161025,-70.7275390625,41.4794921875,19.1943359375
41.5421106,-71.8994140625,41.2841796875,7.0361328125
41.5749605,-72.5830078125,40.2587890625,-3.5595703125
41.6051202,-74.5361328125,39.4287109375,-8.3935546875
41.633089,-74.5361328125,38.9892578125,-11.0302734375
41.663619,-76.0009765625,38.7451171875,-12.0068359375
41.6957194,-77.0751953125,37.1826171875,-14.0087890625
41.7231136,-78.3935546875,36.5966796875,-16.4990234375
41.7574971,-78.3935546875,35.7177734375,-22.6025390625
41.7853579,-78.0517578125,34.9365234375,-27.8759765625
41.8150392,-74.3408203125,34.3994140625,-33.1982421875
41.8482253,-70.7763671875,33.0810546875,-38.5205078125
41.8742536,-69.4580078125,33.0322265625,-43.5986328125
41.9072183,-68.5302734375,31.1279296875,-49.2138671875
41.9372262,-68.5302734375,31.1279296875,-54.3408203125
41.9672218,-67.9931640625,32.2998046875,-58.1982421875
41.9941936,-68.2861328125,33.6669921875,-45.6005859375
42.0271648,-69.7998046875,34.8876953125,-12.6904296875
42.0562922,-69.7509765625,36.0107421875,15.7763671875
42.090216,-69.4580078125,36.7919921875,29.2041015625
42.1162009,-69.8486328125,37.0361328125,33.4033203125
42.1462094,-70.7275390625,36.3037109375,29.5458984375
42.1791911,-70.7275390625,34.9365234375,20.6591796875
42.2066455,-71.8994140625,34.9365234375,7.6708984375
42.2336153,-72.8759765625,35.3271484375,-3.8525390625
42.2703822,-73.8037109375,34.3994140625,-10.1513671875
42.297241,-74.3408203125,34.1064453125,-11.5673828125
42.3312702,-75.6591796875,33.9111328125,-12.2021484375
42.3572691,-76.8310546875,34.3994140625,-13.1298828125
42.3899134,-77.5146484375,34.6435546875,-16.3525390625
42.421084,-78.8818359375,34.7900390625,-21.4306640625
42.4489588,-79.1748046875,34.3505859375,-26.5087890625
42.4769397,-76.7822265625,34.4970703125,-31.7333984375
42.5108502,-73.1201171875,33.9111328125,-37.0556640625
42.5388995,-70.6298828125,33.2763671875,-41.8896484375
42.5689896,-69.7998046875,32.9345703125,-46.5771484375
42.6021106,-69.1162109375,34.1064453125,-52.2900390625
42.6298285,-69.2626953125,36.1572265625,-52.3876953125
42.6619273,-69.2138671875,38.0615234375,-29.7802734375
42.693151,-70.8251953125,39.7216796875,2.0556640625
42.7215835,-71.5087890625,40.7958984375,24.9072265625
42.7498943,-71.2158203125,41.9677734375,33.8916015625
42.7809073,-71.3134765625,43.5302734375,34.3798828125
42.8101485,-71.5087890625,42.6025390625,29.0087890625
42.8488823,-71.8994140625,42.1630859375,18.5595703125
42.8700922,-72.4853515625,42.8466796875,4.8388671875
42.9020949,-73.2177734375,43.7255859375,-5.0732421875
42.9313975,-74.4384765625,43.5302734375,-10.0048828125
42.9624157,-75.1220703125,42.0166015625,-11.1767578125
42.9957315,-75.8544921875,42.5048828125,-12.1044921875
43.0224432,-76.9287109375,43.0419921875,-14.3505859375
43.0617006,-78.2958984375,42.5048828125,-17.6220703125
43.0817527,-78.8330078125,41.6259765625,-23.1884765625
43.1137099,-78.5400390625,41.6748046875,-29.2431640625
43.1397342,-75.4638671875,41.5283203125,-34.3701171875
43.1747387,-72.0947265625,40.9423828125,-39.5947265625
43.20374,-70.3857421875,40.5029296875,-44.4775390625
43.23049,-69.5556640625,39.6728515625,-50.3369140625
43.2637295,-69.0185546875,41.1865234375,-54.5361328125
43.290671,-68.7255859375,42.8955078125,-46.6748046875
43.3311244,-69.1650390625,45.3857421875,-15.2783203125
43.3528026,-70.2880859375,46.1669921875,14.4580078125
43.3938973,-69.7998046875,47.2412109375,31.3525390625
43.4172004,-69.8486328125,47.2412109375,37.4072265625
43.4432346,-70.3369140625,47.7783203125,35.6982421875
43.4742622,-70.1416015625,47.4853515625,28.3740234375
43.5081194,-70.7763671875,47.4853515625,16.4599609375
43.5352088,-71.7041015625,47.0458984375,4.5458984375
43.5692011,-72.8759765625,46.8017578125,-3.6572265625
43.5943253,-73.9501953125,46.3623046875,-7.6611328125
43.6352573,-74.7802734375,45.4833984375,-9.3212890625
43.6517954,-75.1708984375,45.3857421875,-12.0556640625
43.6891435,-76.0009765625,45.0439453125,-13.9599609375
43.7162338,-77.1728515625,45.0439453125,-18.1103515625
43.7472139,-77.7587890625,44.1650390625,-23.8232421875
43.7752218,-76.6845703125,44.3603515625,-29.2919921875
43.8188,-72.9736328125,43.7255859375,-35.2490234375
43.8389643,-70.3857421875,41.9677734375,-39.8388671875
43.8668016,-68.7255859375,41.8701171875,-45.6005859375
43.8967743,-67.3583984375,41.5283203125,-50.4833984375
43.9379068,-67.6513671875,41.9189453125,-55.9033203125
43.9558276,-66.8701171875,44.1650390625,-58.1494140625
43.9964658,-67.5048828125,46.0205078125,-36.1767578125
44.0164255,-68.3349609375,46.2646484375,-1.3623046875
44.0546437,-68.0908203125,47.5830078125,22.9541015625
44.0801264,-68.0908203125,48.6083984375,34.2333984375
44.1086197,-68.4326171875,49.9267578125,36.2841796875
44.1370751,-68.7255859375,48.4619140625,31.5478515625
44.1686078,-69.1650390625,46.4599609375,23.0029296875
44.1975138,-70.5322265625,46.8505859375,10.6005859375
44.2375963,-71.0205078125,47.3388671875,-0.6298828125
44.2606574,-71.5576171875,45.7763671875,-7.1728515625
44.289665,-72.8271484375,44.5068359375,-8.7841796875
44.3206414,-73.7060546875,43.5302734375,-10.2978515625
44.3497467,-74.7802734375,43.7255859375,-12.9345703125
44.3865871,-75.7568359375,42.5048828125,-16.3525390625
44.4086022,-76.2939453125,41.8701171875,-21.2353515625
44.4470344,-77.2705078125,40.5517578125,-26.5087890625
44.4680702,-74.8291015625,40.1123046875,-32.2705078125
44.5103436,-71.1669921875,38.1591796875,-38.1298828125
44.530593,-68.7744140625,37.7197265625,-42.3779296875
44.5570096,-67.4560546875,36.2548828125,-47.0654296875
44.5978895,-66.3818359375,35.1318359375,-52.5341796875
44.6190047,-66.2841796875,35.0830078125,-58.2958984375
44.6606957,-65.7958984375,36.6943359375,-60.1513671875
44.681617,-66.7724609375,37.8173828125,-40.7177734375
44.7097077,-67.7978515625,38.5009765625,-5.9521484375
44.7489637,-67.6513671875,39.4287109375,18.5595703125
44.7700259,-67.7978515625,39.4287109375,30.9130859375
44.8096856,-67.7001953125,40.4052734375,32.1826171875
44.8338518,-68.5791015625,39.1845703125,27.8369140625
44.8623842,-69.4580078125,38.5498046875,18.0712890625
44.8958214,-70.1416015625,39.5263671875,5.2783203125
44.9238463,-71.3134765625,40.5517578125,-5.5126953125
44.9541292,-72.1435546875,39.7705078125,-10.1025390625
44.9791352,-73.4619140625,39.3310546875,-11.5673828125
45.01626,-74.3896484375,39.0380859375,-12.4951171875
45.0390169,-75.2197265625,38.8427734375,-13.6181640625
45.0790305,-76.2939453125,38.7939453125,-16.8408203125
45.1018342,-77.0751953125,37.3291015625,-21.7236328125
45.1412685,-77.8564453125,36.8408203125,-26.9482421875
45.1643454,-76.8798828125,35.7666015625,-32.3193359375
45.1943952,-72.7294921875,34.9365234375,-36.9580078125
45.2249521,-70.2392578125,33.8623046875,-42.2802734375
45.2629324,-69.0673828125,32.6416015625,-47.4560546875
45.2833773,-68.4326171875,32.8369140625,-52.8759765625
45.3233233,-67.9443359375,34.8876953125,-55.8544921875
45.3455599,-68.0908203125,36.2548828125,-34.0283203125
45.3741825,-68.9697265625,37.2802734375,-3.1689453125
45.4056139,-69.1650390625,38.4033203125,18.8037109375
45.445744,-68.9697265625,40.2099609375,28.0322265625
45.4627311,-68.8232421875,40.4541015625,28.5205078125
45.5051782,-69.3115234375,38.8427734375,22.6611328125
45.5252014,-69.4091796875,38.1103515625,12.3095703125
45.5647834,-70.2392578125,39.8681640625,-1.0693359375
45.5877879,-71.6064453125,40.1123046875,-11.0302734375
45.626143,-72.3388671875,39.2822265625,-15.4248046875
45.6463687,-73.1201171875,38.5498046875,-15.7177734375
45.6872103,-73.9990234375,38.9892578125,-16.2548828125
45.7021593,-75.0244140625,39.7705078125,-18.4033203125
45.739481,-76.0009765625,39.3310546875,-22.5537109375
45.7669062,-77.2216796875,39.5263671875,-27.6318359375
45.8070274,-77.7099609375,39.0380859375,-32.5634765625
45.8279738,-76.6357421875,38.5986328125,-38.4228515625
45.866868,-73.3642578125,38.5986328125,-43.1591796875
45.8848946,-70.5322265625,38.3544921875,-47.5537109375
45.9242898,-69.5556640625,37.9638671875,-52.4853515625
45.9483297,-68.6279296875,39.4287109375,-58.3935546875
45.9786345,-68.1884765625,40.8447265625,-56.0498046875
46.007298,-68.7744140625,43.5302734375,-30.1220703125
46.0373467,-69.5556640625,43.5791015625,1.3232421875
46.0780507,-69.9462890625,45.1416015625,22.3193359375
46.0976255,-70.3369140625,47.2900390625,29.8876953125
46.1283433,-70.7275390625,47.1923828125,29.3994140625
46.1677621,-70.2880859375,46.4111328125,24.2236328125
46.1886739,-70.8740234375,45.9228515625,12.9931640625
46.2173704,-71.5087890625,47.1435546875,0.2978515625
46.2585307,-72.3388671875,47.2900390625,-9.2236328125
46.278761,-73.7548828125,46.3623046875,-13.7158203125
46.3127914,-74.6826171875,45.4833984375,-15.3271484375
46.3385651,-75.5615234375,45.9716796875,-16.2548828125
46.3786409,-76.5869140625,45.6298828125,-18.5009765625
46.40267,-78.0029296875,45.6298828125,-22.7978515625
46.4286602,-79.0283203125,46.0205078125,-27.9736328125
46.4698451,-78.8330078125,45.5322265625,-33.1982421875
46.4897844,-77.5146484375,45.1904296875,-38.7158203125
46.5279197,-74.0966796875,44.7998046875,-42.6708984375
46.5539571,-71.4111328125,43.8720703125,-48.3349609375
46.5805383,-69.9462890625,44.2138671875,-53.0224609375
46.6107604,-68.6767578125,44.9951171875,-58.3935546875
46.6436132,-68.3349609375,46.6552734375,-55.9521484375
46.6725065,-68.0908203125,48.9501953125,-26.6552734375
46.7017654,-69.5068359375,49.4384765625,5.1806640625
46.732771,-69.9951171875,50.1708984375,25.9814453125
46.7607702,-70.4833984375,51.1962890625,32.8173828125
46.7907509,-70.2880859375,52.5146484375,32.5244140625
46.8231965,-70.0927734375,51.7822265625,26.9580078125
46.8527125,-71.1669921875,50.8056640625,17.4853515625
46.8847443,-71.6552734375,52.0263671875,4.1064453125
46.9137662,-72.7783203125,51.9775390625,-5.3662109375
46.9407434,-73.7060546875,51.2451171875,-9.5654296875
46.9767548,-74.7314453125,49.6826171875,-11.5673828125
47.0040126,-75.5615234375,49.6826171875,-13.2763671875
47.0307401,-77.0263671875,49.6337890625,-15.2783203125
47.0637444,-77.6611328125,49.5849609375,-18.9404296875
47.0947127,-78.8330078125,49.9267578125,-24.3603515625
47.1237309,-79.4677734375,49.3408203125,-30.2197265625
47.156838,-77.5634765625,49.0966796875,-35.2978515625
47.1827735,-74.0966796875,48.7548828125,-40.3759765625
47.2137319,-71.2646484375,48.3642578125,-45.2587890625
47.2441835,-69.8974609375,47.9248046875,-50.7763671875
47.2740293,-68.9697265625,48.1689453125,-55.7568359375
47.3089515,-67.9443359375,49.6337890625,-58.6376953125
47.3342735,-68.0908203125,51.1962890625,-40.1318359375
47.364245,-68.2861328125,51.9775390625,-5.8056640625
47.3962453,-69.0673828125,52.3681640625,19.8291015625
47.4262451,-69.4091796875,53.2958984375,32.6220703125
47.4582277,-69.0673828125,54.0283203125,34.8193359375
47.48627,-69.6044921875,53.3447265625,31.1572265625
47.5141916,-70.0439453125,50.9033203125,23.8818359375
47.5441874,-71.0693359375,50.6103515625,11.5771484375
47.5772256,-71.4111328125,50.3173828125,0.8837890625
47.6061986,-72.3388671875,48.9013671875,-6.2451171875
47.6387435,-73.9501953125,47.6318359375,-10.0537109375
47.6679188,-74.2919921875,46.8505859375,-10.8837890625
47.7078767,-75.5126953125,46.0693359375,-13.1787109375
47.7288679,-76.4404296875,45.0927734375,-16.3037109375
47.7591104,-77.3681640625,44.2626953125,-20.6982421875
47.7988145,-78.8330078125,43.2861328125,-25.3857421875
47.8168177,-78.5400390625,42.9931640625,-31.2451171875
47.8465082,-75.5615234375,41.6748046875,-35.3466796875
47.8759163,-71.5087890625,41.2353515625,-41.2060546875
47.9282927,-69.9462890625,40.4052734375,-46.3330078125
47.9370655,-68.7744140625,39.7705078125,-51.7529296875
47.9680079,-67.9443359375,41.3818359375,-55.5126953125
47.9972835,-67.7490234375,42.9443359375,-42.2802734375
48.0282852,-68.2861328125,43.8720703125,-9.7119140625
48.068082,-68.7255859375,44.8486328125,16.7529296875
48.0901257,-69.0185546875,45.0439453125,29.9365234375
48.1171244,-69.1650390625,46.4599609375,33.0126953125
48.1497686,-69.2138671875,45.3857421875,29.7412109375
48.1911168,-69.5556640625,44.1162109375,21.8798828125
48.211212,-70.6787109375,43.7744140625,8.8427734375
48.248247,-70.8251953125,43.7744140625,-2.6806640625
48.2696956,-72.2900390625,43.3349609375,-9.0283203125
48.2976781,-73.3154296875,42.9443359375,-10.5908203125
48.3296685,-74.0478515625,43.0908203125,-11.0791015625
48.3678952,-75.0244140625,42.8955078125,-13.2275390625
48.3907632,-75.9033203125,42.5537109375,-16.1572265625
48.4314678,-77.2705078125,41.3818359375,-21.5283203125
48.4481183,-78.5400390625,40.7958984375,-26.2158203125
48.4914559,-78.7841796875,40.3564453125,-32.0263671875
48.5112253,-76.3427734375,39.8681640625,-36.7138671875
48.5451825,-73.1201171875,38.6962890625,-41.2548828125
48.5706349,-70.7275390625,37.8662109375,-46.8701171875
48.6106278,-69.6533203125,38.5986328125,-51.3134765625
48.6323678,-68.2373046875,40.8935546875,-48.4326171875
48.6732373,-68.2861328125,43.0419921875,-23.2373046875
48.6922246,-68.1396484375,43.7744140625,6.4990234375
48.7333329,-69.5556640625,44.4580078125,24.7119140625
48.750244,-69.9462890625,46.3623046875,31.5966796875
48.7924618,-70.2880859375,46.8994140625,30.3759765625
48.8146286,-69.9462890625,46.0205078125,24.0283203125
48.8442153,-70.7763671875,46.3623046875,12.3095703125
48.8839136,-70.6787109375,46.8505859375,-0.7763671875
48.903921,-72.1435546875,47.5341796875,-9.3701171875
48.9446005,-72.8759765625,46.2158203125,-12.6416015625
48.9645439,-73.7060546875,45.9228515625,-12.9345703125
48.992216,-74.4873046875,45.6298828125,-14.1552734375
49.0217851,-75.0732421875,46.0205078125,-16.8408203125
49.0639301,-76.0986328125,45.8251953125,-21.1376953125
49.0838909,-77.5634765625,45.4833984375,-26.1669921875
49.135732,-78.5400390625,44.8486328125,-31.6845703125
49.156212,-78.1982421875,44.4580078125,-36.5185546875
49.1759966,-74.7802734375,44.1650390625,-42.1337890625
49.203234,-71.7041015625,43.5791015625,-47.4072265625
49.2454311,-69.9462890625,44.3603515625,-52.7783203125
49.2633663,-69.4580078125,46.3623046875,-53.2177734375
49.3035503,-68.5791015625,48.3642578125,-32.0751953125
49.3254231,-68.8720703125,49.0966796875,0.2978515625
49.3645845,-69.7021484375,49.0966796875,22.0263671875
49.3843036,-70.7275390625,50.8056640625,31.6943359375
49.4259112,-70.1904296875,51.7333984375,32.5732421875
49.4471524,-70.0439453125,51.2451171875,27.3974609375
49.4858884,-70.1904296875,49.6337890625,18.5107421875
49.5059552,-70.8740234375,51.0009765625,5.0341796875
49.5470158,-71.4111328125,50.8544921875,-4.7314453125
49.5666629,-72.8271484375,50.0244140625,-10.4931640625
49.6080899,-73.6572265625,49.3896484375,-12.2998046875
49.6276797,-74.4873046875,49.2919921875,-13.9111328125
49.6681689,-75.3662109375,49.6826171875,-16.4501953125
49.6867409,-76.3916015625,49.8291015625,-18.7939453125
49.7279159,-77.0751953125,49.2431640625,-24.7021484375
49.7460197,-78.5400390625,48.8037109375,-29.3896484375
49.7875998,-78.4423828125,48.1689453125,-34.2724609375
49.8072926,-76.0009765625,47.5830078125,-39.5458984375
49.8430766,-73.1689453125,46.9482421875,-44.3798828125
49.8708794,-70.4345703125,47.0458984375,-49.8974609375
49.8986523,-68.9697265625,47.9248046875,-54.5849609375
49.9392919,-68.8720703125,49.9267578125,-45.0634765625
49.9623129,-68.0419921875,52.1240234375,-12.9345703125
49.9892683,-68.8232421875,52.6123046875,15.4345703125
50.030771,-68.9208984375,53.5888671875,31.2548828125
50.0486715,-69.7998046875,53.9306640625,36.2841796875
50.0905665,-69.6044921875,53.9794921875,33.9892578125
50.1061978,-69.9462890625,53.7353515625,28.1298828125
50.1445231,-70.5322265625,53.1982421875,16.8505859375
50.1665404,-70.8740234375,53.1982421875,4.7900390625
50.2058396,-71.7041015625,53.2958984375,-3.2177734375
50.2307151,-71.5087890625,52.4658203125,-7.1728515625
50.2873376,-73.7060546875,52.0751953125,-9.2724609375
50.3071572,-74.4873046875,51.6357421875,-11.1767578125
50.3197865,-74.7802734375,51.8798828125,-13.8134765625
50.3592578,-76.0986328125,51.3916015625,-18.1591796875
50.3794103,-77.1728515625,51.1474609375,-22.6513671875
50.4201363,-78.4423828125,50.3173828125,-28.2666015625
50.4447051,-77.3681640625,49.0478515625,-33.3935546875
50.4721158,-74.1943359375,47.7783203125,-38.0810546875
50.5135889,-71.2646484375,46.3134765625,-43.7451171875
50.5340945,-68.8720703125,45.8740234375,-49.7509765625
50.575596,-68.2373046875,47.6806640625,-53.3154296875
50.590105,-67.4560546875,49.2919921875,-39.5458984375
50.631161,-67.0166015625,49.4873046875,-5.5615234375
50.6512533,-67.3095703125,49.3408203125,19.5849609375
50.6904011,-68.3837890625,50.1220703125,33.4521484375
50.712286,-68.8232421875,49.9755859375,36.4794921875
50.741317,-68.8232421875,49.4873046875,33.9892578125
50.781424,-68.7255859375,48.2177734375,26.3720703125
50.802029,-69.1650390625,47.0947265625,15.0439453125
50.8434875,-70.1416015625,47.3876953125,3.4228515625
50.8651494,-70.4345703125,46.4111328125,-4.7314453125
50.9090858,-71.3134765625,45.7275390625,-7.5634765625
50.9238383,-72.3876953125,44.6533203125,-9.3212890625
50.9628351,-73.6083984375,43.3349609375,-10.4443359375
50.9938688,-74.3408203125,43.1884765625,-13.8623046875
51.0142625,-75.8056640625,42.7490234375,-18.2080078125
51.0541135,-76.5380859375,41.4306640625,-23.3349609375
51.0732123,-77.7587890625,40.8935546875,-28.9013671875
51.111384,-77.1728515625,39.7216796875,-34.2724609375
51.1360234,-73.5107421875,39.2333984375,-39.3505859375
51.1733904,-70.6298828125,38.5009765625,-44.0380859375
51.1974315,-68.4814453125,37.2314453125,-49.7509765625
51.2261594,-67.7490234375,39.3310546875,-54.6826171875
51.2645344,-66.6748046875,39.7705078125,-46.1376953125
51.2875777,-66.5283203125,41.7236328125,-15.2294921875
51.3155791,-67.3095703125,42.9931640625,12.1142578125
51.3455999,-68.3349609375,43.3349609375,26.1767578125
51.3879208,-68.8232421875,44.3603515625,31.6943359375
51.4075355,-68.2373046875,43.7744140625,28.4228515625
51.4350824,-68.7744140625,41.7236328125,21.5869140625
51.4842559,-69.5068359375,42.4560546875,9.4287109375
51.5053687,-69.7509765625,43.0419921875,-2.9736328125
51.5273792,-71.1669921875,42.3095703125,-10.2001953125
51.5708606,-71.9482421875,41.3330078125,-13.0810546875
51.5852694,-72.3876953125,40.6982421875,-13.4228515625
51.6192452,-74.1943359375,40.6494140625,-15.2783203125
51.6450522,-75.0732421875,40.6494140625,-17.5732421875
51.6833165,-76.0009765625,39.5751953125,-22.6513671875
51.7076282,-77.1240234375,39.6728515625,-27.7294921875
51.7366804,-78.4423828125,39.0869140625,-33.0029296875
51.7647243,-78.1494140625,38.8916015625,-37.3974609375
51.7987281,-75.8056640625,38.7939453125,-43.0126953125
51.8371833,-72.3876953125,39.2822265625,-47.5537109375
51.8597139,-70.6298828125,40.3076171875,-53.2177734375
51.8883018,-69.0185546875,42.4560546875,-54.8291015625
51.9278005,-68.5791015625,45.2880859375,-34.8095703125
51.947843,-68.5302734375,46.9482421875,-3.6572265625
51.9778576,-69.2138671875,47.8271484375,17.8759765625
52.0084336,-70.2880859375,48.9501953125,27.7392578125
52.0388461,-70.8740234375,49.7314453125,28.5693359375
52.069871,-71.0693359375,49.3408203125,23.7353515625
52.1044132,-70.9228515625,48.9013671875,13.7744140625
52.1288455,-71.1181640625,50.2197265625,0.9326171875
52.158858,-71.7041015625,50.3662109375,-10.3955078125
52.1867125,-72.2900390625,49.8291015625,-14.7412109375
52.2265037,-73.9501953125,49.4384765625,-16.6943359375
52.247504,-74.7802734375,49.1943359375,-18.2568359375
52.2815224,-75.2685546875,50.2197265625,-20.6494140625
52.311528,-76.1474609375,50.0732421875,-23.9697265625
52.3385086,-77.5146484375,49.2431640625,-28.7548828125
52.373666,-78.6865234375,49.1455078125,-34.0771484375
52.4019424,-79.5166015625,48.5595703125,-39.4970703125
52.4345263,-78.6865234375,48.3642578125,-44.8681640625
52.4599496,-75.4638671875,47.7294921875,-49.5068359375
52.4915018,-72.0947265625,47.3876953125,-55.1708984375
52.5235641,-71.1181640625,49.1455078125,-59.9560546875
52.5529696,-69.5556640625,51.0498046875,-53.0224609375
52.5821355,-69.7509765625,53.0517578125,-22.2607421875
52.6151143,-69.7509765625,53.5888671875,6.8408203125
52.6444925,-70.6787109375,55.3955078125,22.3681640625
52.6724928,-70.9228515625,56.0302734375,27.7392578125
52.705472,-71.8017578125,56.2255859375,25.8837890625
52.7344468,-71.4111328125,54.6630859375,18.9501953125
52.7664565,-71.1181640625,54.1259765625,8.0615234375
52.7934731,-72.0458984375,54.8095703125,-4.2431640625
52.8234652,-72.9248046875,55.1513671875,-12.8857421875
52.8564613,-73.8037109375,53.3935546875,-17.0361328125
52.8834661,-74.7802734375,52.7587890625,-18.7939453125
52.9134866,-75.8544921875,52.7587890625,-20.6982421875
52.9443887,-76.3427734375,53.2470703125,-23.2861328125
52.9751098,-77.7099609375,52.9052734375,-27.8271484375
53.00792,-78.7353515625,52.9541015625,-32.8564453125
53.0371025,-79.4189453125,52.8076171875,-38.5205078125
53.0661141,-80.4931640625,51.8798828125,-43.3544921875
53.0920812,-78.1005859375,52.2216796875,-48.3837890625
53.1251027,-74.6826171875,51.9775390625,-53.4130859375
53.1554592,-72.3388671875,51.3916015625,-59.4677734375
53.1880789,-71.2158203125,52.2705078125,-64.5458984375
53.2170916,-70.7275390625,53.7353515625,-62.1533203125
53.24508,-70.3369140625,56.6650390625,-33.5888671875
53.2776257,-69.9462890625,56.9091796875,-1.9482421875
53.3060896,-70.6298828125,58.8623046875,18.3154296875
53.350087,-71.8994140625,59.0576171875,24.9072265625
53.3661314,-72.1923828125,59.0087890625,24.8095703125
53.3971658,-71.7529296875,58.9111328125,18.5107421875
53.42415,-72.2900390625,57.5927734375,8.5498046875
53.4561968,-72.4853515625,59.0087890625,-3.5595703125
53.4961631,-73.4619140625,58.8623046875,-13.3740234375
53.5190518,-74.7314453125,58.0322265625,-18.1591796875
53.5588066,-75.2685546875,57.7392578125,-20.7470703125
53.5771292,-76.6357421875,57.8369140625,-21.5283203125
53.60842,-77.3193359375,57.7880859375,-23.6767578125
53.65058,-78.2958984375,56.1767578125,-28.2666015625
53.6671164,-79.1259765625,56.1279296875,-33.6376953125
53.6991168,-80.5419921875,55.8837890625,-38.9599609375
53.7405217,-81.9091796875,54.9560546875,-44.1357421875
53.7576116,-80.3955078125,53.4912109375,-49.7998046875
53.7885347,-76.7333984375,52.7587890625,-55.3662109375
53.8297239,-73.7548828125,50.7080078125,-60.3955078125
53.8512274,-71.9970703125,50.7080078125,-66.5478515625
53.8903973,-71.2158203125,52.1240234375,-71.3330078125
53.9128377,-70.7763671875,53.8818359375,-61.9580078125
53.9409514,-70.5810546875,54.0771484375,-28.1201171875
53.9823048,-71.0693359375,53.7353515625,2.0068359375
53.9988162,-71.9970703125,53.9794921875,18.6572265625
54.0413503,-72.3388671875,54.7119140625,23.5400390625
54.0622547,-72.0458984375,54.2236328125,20.7568359375
54.1013506,-72.1435546875,52.8076171875,13.8232421875
54.1220672,-73.1689453125,53.1982421875,2.5439453125
54.1638816,-73.3642578125,52.6123046875,-10.2001953125
54.1806371,-74.3896484375,52.0751953125,-18.6962890625
54.222792,-75.6103515625,50.6591796875,-22.9931640625
54.243452,-76.9775390625,49.9755859375,-23.4814453125
54.2835505,-77.9052734375,49.3896484375,-25.2880859375
54.3013001,-78.8818359375,47.5830078125,-28.2666015625
54.3434654,-79.8583984375,47.2900390625,-32.4169921875
54.3635842,-81.4208984375,45.7275390625,-36.9580078125
54.4004573,-82.5439453125,45.4345703125,-42.7685546875
54.4249716,-83.2275390625,44.3115234375,-48.1396484375
54.4666052,-81.3232421875,43.3349609375,-53.3642578125
54.4816211,-77.6611328125,42.3095703125,-57.8076171875
54.5220865,-74.7802734375,41.8701171875,-62.7392578125
54.5439659,-73.6083984375,42.7001953125,-68.6474609375
54.5830292,-72.8759765625,45.1904296875,-70.6982421875
54.6023779,-72.8759765625,46.2646484375,-47.9443359375
54.6574112,-72.1923828125,46.7529296875,-15.1318359375
54.6783348,-73.5107421875,47.4365234375,8.3056640625
54.6948406,-73.9501953125,48.7060546875,16.9970703125
54.7363997,-74.1943359375,48.2666015625,17.8271484375
54.7558994,-74.6337890625,45.8251953125,11.6259765625
54.7983698,-73.9501953125,45.6787109375,0.5419921875
54.8136939,-74.8779296875,45.7763671875,-12.8369140625
54.8555835,-75.6591796875,45.5322265625,-23.9208984375
54.8773932,-76.6357421875,44.9462890625,-28.3642578125
54.9186321,-77.5146484375,45.0927734375,-28.7060546875
54.9350696,-78.3447265625,43.8232421875,-29.9755859375
54.9767622,-79.2724609375,43.6279296875,-31.6845703125
54.9943668,-80.1513671875,42.7490234375,-36.3232421875
55.0329387,-81.7626953125,42.3583984375,-41.5966796875
55.0546506,-82.4951171875,41.9189453125,-45.7470703125
55.0939438,-84.1064453125,41.6748046875,-51.7041015625
55.1145829,-84.0087890625,41.0400390625,-56.8310546875
55.1601267,-81.3232421875,40.4052734375,-61.3232421875
55.1763454,-77.9541015625,40.3076171875,-67.2802734375
55.2121731,-75.7568359375,42.1630859375,-71.8701171875
55.234377,-75.0244140625,44.9462890625,-68.7939453125
55.2691398,-74.2431640625,46.5087890625,-40.4736328125
55.2941984,-74.3408203125,47.5341796875,-10.6884765625
55.329696,-74.7802734375,48.8525390625,9.1357421875
55.3577691,-76.1962890625,49.2431640625,16.6064453125
55.4006119,-76.6845703125,48.8525390625,14.4091796875
55.4214852,-76.0986328125,47.9736328125,6.7919921875
55.4610272,-76.2939453125,47.5830078125,-4.9267578125
55.4736219,-76.4892578125,48.2666015625,-19.0869140625
55.5121123,-77.8076171875,48.4619140625,-28.3154296875
55.5387909,-78.7353515625,46.5087890625,-31.7333984375
55.5811421,-79.4189453125,46.3623046875,-31.8798828125
55.6001771,-80.4931640625,46.3623046875,-33.6865234375
55.6402669,-81.2255859375,46.7041015625,-36.2255859375
55.6622913,-82.4462890625,45.8251953125,-40.1806640625
55.6912612,-82.8369140625,45.4345703125,-45.4541015625
55.7274119,-84.0087890625,45.1904296875,-51.1181640625
55.7476761,-84.9853515625,44.4091796875,-56.6357421875
55.7887836,-84.9365234375,44.0673828125,-61.8603515625
55.8078483,-81.3720703125,43.6279296875,-66.5966796875
55.8475787,-78.6376953125,44.2138671875,-72.4560546875
55.8769504,-76.3916015625,46.3134765625,-74.9951171875
55.8990483,-75.2197265625,47.4365234375,-55.9033203125
55.9402492,-75.2197265625,48.5595703125,-21.2353515625
55.9613086,-74.7802734375,49.6337890625,4.3994140625
55.9999698,-75.7568359375,51.0986328125,16.6552734375
56.0206167,-76.8798828125,50.7568359375,17.6806640625
56.0613283,-77.6611328125,50.2685546875,12.9931640625
56.0789312,-76.8310546875,49.9755859375,4.6435546875
56.1159895,-77.3193359375,50.7568359375,-9.6142578125
56.1417637,-77.2216796875,51.1474609375,-21.2841796875
56.185,-78.4423828125,50.1220703125,-27.5341796875
56.2013691,-79.4189453125,49.6826171875,-30.3173828125
56.2428172,-80.4931640625,50.0244140625,-31.2939453125
56.2634473,-80.8837890625,50.0732421875,-32.5146484375
56.3035486,-82.2998046875,49.5361328125,-35.8837890625
56.3236212,-82.4462890625,48.7548828125,-40.9130859375
56.363881,-83.9111328125,48.9013671875,-46.0888671875
56.3819027,-84.7412109375,47.1435546875,-51.8017578125
56.4231378,-85.4248046875,46.9970703125,-57.0751953125
56.4422144,-83.9111328125,46.4599609375,-62.3974609375
56.4836907,-80.0537109375,45.9228515625,-67.2314453125
56.5041867,-77.4658203125,46.7529296875,-72.2607421875
56.5441432,-76.0498046875,47.7294921875,-75.5810546875
56.563796,-74.9755859375,49.6826171875,-56.2939453125
56.6032344,-74.8291015625,49.4384765625,-20.4541015625
56.625831,-75.0244140625,50.5126953125,6.1083984375
56.6648822,-75.8056640625,51.4892578125,18.4619140625
56.6847956,-76.5380859375,51.9775390625,20.4150390625
56.7265213,-76.4404296875,50.9521484375,16.1669921875
56.7498795,-77.1240234375,49.0478515625,6.8408203125
56.7750639,-76.3916015625,49.4384765625,-6.4404296875
56.8129374,-77.0751953125,49.2431640625,-17.7685546875
56.8350214,-78.0029296875,47.5830078125,-25.2392578125
56.8771911,-78.7841796875,46.5576171875,-27.3876953125
56.8935925,-79.4677734375,46.0693359375,-29.0478515625
56.9335637,-80.5419921875,45.0439453125,-30.1708984375
56.9541011,-81.5185546875,44.3603515625,-33.3447265625
56.9965273,-81.7626953125,43.1884765625,-36.8603515625
57.0174184,-83.4228515625,42.2607421875,-41.9384765625
57.0448892,-84.6435546875,41.4794921875,-47.0166015625
57.0843818,-85.1318359375,40.6494140625,-51.8505859375
57.1053782,-83.9599609375,39.1845703125,-56.8798828125
57.1453591,-80.2490234375,38.6474609375,-62.4462890625
57.1676642,-76.7822265625,38.7451171875,-67.2802734375
57.206775,-74.9267578125,40.4052734375,-70.7470703125
57.2238417,-74.1943359375,42.4560546875,-51.2646484375
57.2653504,-74.3408203125,42.6513671875,-17.0361328125
57.2852113,-74.0478515625,42.9931640625,8.1591796875
57.3258653,-74.8291015625,43.3837890625,19.6826171875
57.348322,-75.6103515625,44.1650390625,22.1728515625
57.3776949,-75.7568359375,42.9931640625,16.2158203125
57.4097218,-76.0009765625,42.3583984375,7.3291015625
57.4395834,-76.2939453125,42.2119140625,-6.5380859375
57.4667682,-76.5380859375,42.2119140625,-17.6708984375
57.4987798,-77.3193359375,41.2353515625,-23.5302734375
57.5277546,-77.7587890625,39.9658203125,-24.8486328125
57.5567512,-78.7353515625,39.3798828125,-25.5322265625
57.5903139,-79.7119140625,38.7451171875,-27.3388671875
57.6193908,-80.1513671875,38.1103515625,-29.9755859375
57.6457485,-81.3720703125,37.3779296875,-35.1513671875
57.6835457,-82.9345703125,36.4501953125,-40.7177734375
57.7088529,-83.1787109375,35.6201171875,-45.0634765625
57.7412332,-84.6923828125,34.7900390625,-50.3857421875
57.7712497,-83.8134765625,34.5947265625,-55.8056640625
57.7979608,-80.1025390625,33.8134765625,-60.5419921875
57.8319972,-77.2705078125,35.6689453125,-65.4248046875
57.8609973,-75.1220703125,36.7431640625,-63.3251953125
57.8895815,-74.1943359375,38.3544921875,-35.2001953125
57.9219836,-74.2431640625,39.1845703125,-3.3154296875
57.9490191,-74.2431640625,39.9658203125,15.7763671875
57.9800276,-74.9755859375,40.8935546875,22.1240234375
58.0129758,-75.4638671875,40.1611328125,21.0009765625
58.0419813,-75.7080078125,38.7451171875,14.0185546875
58.0681554,-75.6103515625,39.6728515625,1.9091796875
58.1165805,-75.4638671875,41.3330078125,-12.0556640625
58.1296538,-75.9033203125,41.1376953125,-20.7958984375
58.1616753,-76.7333984375,39.9169921875,-23.6279296875
58.1906403,-76.9775390625,40.2587890625,-23.9208984375
58.2371289,-78.4423828125,41.3330078125,-24.5068359375
58.2516217,-79.3212890625,40.9912109375,-26.8505859375
58.2795703,-80.3466796875,40.7470703125,-30.9521484375
58.3125878,-80.9326171875,41.4306640625,-37.1044921875
58.3403726,-82.8369140625,40.6494140625,-41.8896484375
58.3752075,-83.0322265625,39.9169921875,-47.4072265625
58.3984728,-84.3017578125,39.6240234375,-52.3876953125
58.4352296,-82.5439453125,40.0634765625,-57.1240234375
58.4635661,-78.4912109375,40.3564453125,-62.7880859375
58.4915229,-76.3427734375,41.9189453125,-66.0595703125
58.520438,-74.3896484375,44.4580078125,-52.7783203125
58.5495063,-73.7548828125,45.6787109375,-18.8427734375
58.6002521,-73.5107421875,47.4853515625,8.3056640625
58.6105022,-73.7060546875,48.5595703125,22.3193359375
58.6572182,-75.0244140625,50.0244140625,25.0537109375
58.6762224,-75.9033203125,49.4384765625,21.0986328125
58.703178,-75.1708984375,48.6572265625,11.9677734375
58.7317113,-75.4150390625,49.9267578125,-1.0693359375
58.7815322,-75.4638671875,50.2685546875,-13.7158203125
58.7945675,-75.9521484375,49.9267578125,-20.5517578125
58.8420447,-76.7333984375,49.4384765625,-23.2373046875
58.8571085,-76.9287109375,49.4873046875,-23.9697265625
58.883051,-78.5888671875,48.9013671875,-25.4833984375
58.9170636,-79.5166015625,49.5361328125,-28.5107421875
58.9593021,-80.1513671875,49.3408203125,-32.8564453125
58.9793311,-81.6162109375,48.9013671875,-38.3740234375
59.017828,-81.9580078125,48.3154296875,-44.0380859375
59.0378924,-83.3740234375,47.6806640625,-49.0185546875
59.07033,-83.3740234375,47.7783203125,-53.9013671875
59.1123333,-81.1279296875,47.2412109375,-59.5166015625
59.1458402,-77.4169921875,48.5595703125,-64.5947265625
59.1579318,-74.9755859375,50.7568359375,-66.3037109375
59.202416,-73.6083984375,53.3447265625,-42.8662109375
59.2166615,-73.0712890625,54.5654296875,-8.2470703125
59.2584092,-72.9736328125,54.6142578125,15.3369140625
59.2784791,-73.5107421875,56.5673828125,26.0302734375
59.3128168,-74.2431640625,56.5185546875,27.4462890625
59.3365168,-74.9267578125,56.1767578125,21.6845703125
59.3810915,-75.1220703125,56.4208984375,11.5771484375
59.400109,-74.6826171875,56.9580078125,-1.5576171875
59.4401688,-75.0732421875,56.8115234375,-12.3974609375
59.4602136,-75.8544921875,56.4697265625,-18.6962890625
59.4978813,-76.4404296875,55.3955078125,-20.6005859375
59.5181987,-77.2216796875,55.1025390625,-22.0654296875
59.5622478,-78.0517578125,54.5654296875,-23.7744140625
59.5855792,-78.9794921875,53.8330078125,-26.9482421875
59.6257977,-80.0537109375,53.4423828125,-32.0751953125
59.6344684,-80.8349609375,51.8310546875,-37.9833984375
59.6794762,-81.7626953125,51.8310546875,-43.0615234375
59.7010461,-83.0322265625,50.9521484375,-48.0419921875
59.7398769,-83.1298828125,50.0732421875,-53.5595703125
59.7607183,-79.8583984375,48.5107421875,-58.6376953125
59.8025702,-76.2451171875,47.9248046875,-63.9599609375
59.822709,-73.9990234375,50.6591796875,-69.4287109375
59.8631854,-72.8759765625,52.8564453125,-59.6142578125
59.8848244,-72.9736328125,53.0029296875,-25.0927734375
59.9253294,-72.2900390625,53.6376953125,6.0595703125
59.944071,-72.6318359375,55.2490234375,23.2470703125
59.9851803,-73.7548828125,55.4931640625,27.8369140625
60.0044145,-73.9990234375,54.7119140625,25.8349609375
60.0468553,-73.2666015625,52.9541015625,17.4853515625
60.0628711,-73.9501953125,52.4169921875,5.1806640625
60.1010752,-74.4873046875,51.5869140625,-8.4912109375
60.1231078,-75.0732421875,51.8798828125,-16.3037109375
60.1667666,-75.4150390625,51.0009765625,-19.1845703125
60.1863407,-76.8798828125,49.6826171875,-20.5517578125
60.2266692,-78.0517578125,48.2666015625,-21.7236328125
60.2485173,-78.7841796875,47.6806640625,-23.5791015625
60.2875243,-79.4189453125,46.6064453125,-28.1689453125
60.3109043,-80.4931640625,45.5322265625,-33.1494140625
60.3351288,-81.5185546875,44.4580078125,-38.8134765625
60.3731298,-82.4951171875,44.4580078125,-43.8427734375
60.3943212,-83.6181640625,43.6279296875,-48.9697265625
60.4314595,-81.8603515625,42.9931640625,-53.2666015625
60.4500897,-78.1494140625,41.6748046875,-58.2958984375
60.4907231,-75.2685546875,42.6513671875,-63.0810546875
60.5132941,-73.7548828125,44.5068359375,-67.0849609375
60.553155,-72.8759765625,45.8251953125,-49.7021484375
60.5742924,-72.8271484375,47.1923828125,-15.0341796875
60.616225,-73.2177734375,48.5107421875,10.7470703125
60.6353212,-73.2177734375,47.8759765625,23.3935546875
60.6761047,-74.3896484375,48.0712890625,25.1025390625
60.6979223,-74.6337890625,47.0947265625,19.7314453125
60.7389501,-74.5361328125,46.9970703125,9.2822265625
60.7593959,-74.6826171875,47.2412109375,-5.9033203125
60.7993937,-75.2197265625,46.6064453125,-17.6708984375
60.8158986,-75.4150390625,45.8740234375,-22.2119140625
60.8570175,-77.1728515625,45.4833984375,-22.9443359375
60.8763279,-77.8076171875,45.3857421875,-22.8955078125
60.9180012,-78.8330078125,44.7509765625,-24.1162109375
60.9392044,-79.6142578125,44.4091796875,-26.9482421875
60.9792458,-80.9326171875,43.0908203125,-32.0751953125
60.9992984,-81.3720703125,42.4560546875,-37.4951171875
61.0394304,-82.0556640625,42.0654296875,-42.8173828125
61.0600266,-83.3251953125,41.4306640625,-47.2607421875
61.1017521,-84.4482421875,42.1142578125,-52.3388671875
61.1163295,-82.6904296875,41.4794921875,-57.4169921875
61.1585293,-78.8330078125,43.7255859375,-62.3486328125
61.1798191,-76.3916015625,45.8740234375,-61.2255859375
61.2211964,-75.1708984375,47.4365234375,-36.0791015625
61.2411613,-74.1943359375,48.0712890625,-4.2431640625
61.2830044,-74.6337890625,50.4150390625,17.6318359375
61.2992654,-74.9755859375,51.0498046875,25.3955078125
61.3405995,-75.3662109375,50.7080078125,23.7353515625
61.3622521,-76.2939453125,49.5849609375,16.7041015625
61.4022157,-76.2939453125,50.4638671875,4.0087890625
61.4242775,-76.6357421875,51.3427734375,-10.2978515625
61.448218,-76.2939453125,50.9521484375,-19.5263671875
61.4910029,-77.1240234375,50.3173828125,-22.5048828125
61.5113079,-77.9541015625,49.7314453125,-22.9443359375
61.5499416,-78.8330078125,50.1220703125,-24.1162109375
61.5715164,-79.0771484375,50.3173828125,-25.6787109375
61.6111478,-80.2490234375,49.7802734375,-29.9755859375
61.6313607,-80.9814453125,48.7060546875,-35.3466796875
61.6733654,-81.8603515625,48.4619140625,-40.6201171875
61.6883168,-82.6904296875,47.9736328125,-45.6005859375
61.7261427,-84.0087890625,48.2177734375,-50.4345703125
61.7506442,-84.6923828125,47.2900390625,-55.5615234375
61.7895399,-81.7138671875,48.0712890625,-60.4931640625
61.8110504,-78.3447265625,49.1455078125,-65.1318359375
61.8548883,-76.4404296875,52.0263671875,-49.5556640625
61.8749566,-75.0244140625,52.9052734375,-14.6435546875
61.9029369,-74.6337890625,53.7841796875,13.3837890625
61.9328959,-75.3173828125,54.6630859375,26.8115234375
61.9739762,-75.4638671875,54.6142578125,30.4248046875
61.9911951,-76.8798828125,53.9794921875,26.4208984375
62.0322922,-76.5869140625,53.0517578125,16.8994140625
62.0553682,-76.8310546875,53.3935546875,3.7158203125
62.0946065,-76.3427734375,53.9306640625,-8.7841796875
62.1112675,-76.7822265625,53.0029296875,-15.6689453125
62.1537365,-77.3681640625,52.0751953125,-18.2568359375
62.1735374,-78.1982421875,51.7333984375,-18.9892578125
62.2126204,-79.5166015625,51.8310546875,-20.5029296875
62.23311,-79.9560546875,51.8310546875,-24.2138671875
62.273892,-80.8349609375,51.8310546875,-28.2177734375
62.2943635,-81.6650390625,52.0263671875,-33.8330078125
62.3243611,-82.7392578125,50.6103515625,-39.8388671875
62.3530207,-84.0087890625,50.2685546875,-44.2822265625
62.3946246,-84.3505859375,50.6103515625,-49.7021484375
62.4149135,-84.0576171875,49.1943359375,-55.4150390625
62.4444407,-80.2490234375,49.3408203125,-60.2001953125
62.4744319,-76.6357421875,50.5615234375,-65.0341796875
62.513482,-75.2197265625,52.6123046875,-54.3408203125
62.5335741,-74.2919921875,54.1259765625,-18.2568359375
62.5752279,-73.3642578125,54.7119140625,12.4560546875
62.5936347,-73.8037109375,55.4443359375,29.4970703125
62.6346876,-74.3896484375,55.8349609375,34.2333984375
62.6577372,-74.4873046875,56.0791015625,31.4501953125
62.6832808,-75.2197265625,54.7119140625,22.7587890625
62.7257787,-74.7802734375,55.7373046875,10.7958984375
62.7467691,-74.4384765625,55.6884765625,-2.3388671875
62.7777145,-75.3173828125,53.9794921875,-10.2001953125
62.8167439,-75.9521484375,52.7587890625,-13.9599609375
62.8347722,-76.5380859375,51.4892578125,-15.2294921875
62.8617328,-77.7587890625,50.5615234375,-16.9384765625
62.9043939,-78.3935546875,49.6337890625,-20.0146484375
62.925232,-78.8330078125,49.0966796875,-23.8720703125
62.9587969,-80.0048828125,47.7783203125,-29.3408203125
62.9893236,-81.3232421875,47.0458984375,-34.4677734375
63.0172343,-81.5185546875,45.6787109375,-40.7666015625
63.0492033,-83.2763671875,44.4580078125,-46.1376953125
63.0771728,-83.0810546875,43.8232421875,-52.1923828125
63.1101408,-79.2724609375,43.1396484375,-57.3681640625
63.138216,-76.0986328125,44.4091796875,-61.5673828125
63.1678677,-73.3154296875,45.7763671875,-57.6123046875
63.1953652,-71.8017578125,45.4833984375,-24.8974609375
63.2303244,-71.5576171875,46.7529296875,7.9150390625
63.2591068,-71.6552734375,47.3876953125,27.9833984375
63.2893036,-71.2158203125,46.8017578125,35.2587890625
63.3183255,-72.2412109375,46.8017578125,33.4033203125
63.348304,-72.6318359375,46.1669921875,27.2509765625
63.3803047,-72.1923828125,46.0205078125,15.0439453125
63.4102907,-72.7294921875,46.3134765625,1.3720703125
63.4393191,-72.4365234375,45.7275390625,-7.4658203125
63.4703747,-73.6083984375,44.5556640625,-10.2490234375
63.4983858,-73.9501953125,44.2138671875,-11.0791015625
63.5322527,-75.0732421875,42.7978515625,-12.3974609375
63.5603724,-76.0498046875,42.5537109375,-14.4482421875
63.5873544,-77.2705078125,41.8701171875,-19.1357421875
63.622346,-77.9052734375,41.0888671875,-24.1650390625
63.6523831,-78.8818359375,40.4541015625,-29.1943359375
63.679342,-80.0537109375,39.1845703125,-34.0771484375
63.7113222,-80.7861328125,39.0869140625,-39.2041015625
63.7403706,-81.5185546875,38.2080078125,-44.1357421875
63.7683346,-79.2724609375,37.5732421875,-50.0927734375
63.8023171,-75.3173828125,39.9658203125,-53.9501953125
63.8302665,-72.7783203125,40.9912109375,-49.7021484375
63.8650407,-70.6298828125,42.3095703125,-18.4033203125
63.9067835,-70.4833984375,43.5791015625,12.5537109375
63.9267909,-70.2880859375,44.3115234375,30.9619140625
63.9498157,-70.3857421875,43.8232421875,36.6259765625
63.9986273,-71.1669921875,42.6025390625,34.0380859375
64.0103555,-71.5087890625,42.1630859375,25.8349609375
64.0446665,-71.7529296875,42.8466796875,12.8466796875
64.0906133,-71.6064453125,43.7744140625,-0.6298828125
64.0994032,-71.9970703125,42.8955078125,-8.5888671875
64.1496521,-72.5341796875,41.9189453125,-10.5908203125
64.1636789,-73.1201171875,41.7236328125,-10.3466796875
64.1947114,-74.0966796875,40.8447265625,-10.8837890625
64.2404399,-74.7802734375,40.9423828125,-13.4716796875
64.2594435,-75.4638671875,41.3330078125,-18.4033203125
64.2991711,-76.9287109375,41.1376953125,-23.2861328125
64.3220109,-77.4169921875,41.4306640625,-28.7548828125
64.3440781,-78.5400390625,40.9423828125,-33.3935546875
64.375531,-79.2724609375,41.3818359375,-38.7158203125
64.4203162,-80.4443359375,41.7236328125,-43.0615234375
64.4323543,-78.7841796875,43.9208984375,-47.8466796875
64.4790389,-74.7314453125,47.3388671875,-40.3271484375
64.4992355,-72.0458984375,48.4130859375,-8.9794921875
64.5388041,-70.8251953125,49.7314453125,20.0244140625
64.5598064,-70.4833984375,50.7080078125,36.4306640625
64.6026689,-70.0927734375,51.9287109375,41.9482421875
64.6174632,-70.8251953125,51.7333984375,39.1162109375
64.6581684,-71.2158203125,51.0498046875,31.0595703125
64.6780603,-72.7294921875,52.3193359375,18.0224609375
64.7162352,-72.1435546875,53.0029296875,4.7412109375
64.7363552,-71.9970703125,52.6123046875,-2.7783203125
64.7805233,-72.0947265625,51.9775390625,-5.7568359375
64.8020219,-73.0224609375,52.0263671875,-6.8798828125
64.8422945,-73.2177734375,52.1728515625,-7.3193359375
64.8542894,-74.8779296875,52.3193359375,-10.7373046875
64.8998984,-75.5126953125,51.9775390625,-14.7900390625
64.9203401,-75.9033203125,51.3916015625,-20.9423828125
64.9609156,-77.1240234375,51.1474609375,-26.0205078125
64.9826225,-77.4658203125,50.6103515625,-31.0498046875
65.0188069,-78.5400390625,50.0244140625,-36.9091796875
65.0400101,-79.8583984375,50.6103515625,-42.4755859375
65.0840886,-78.0029296875,52.2705078125,-46.9677734375
65.1057446,-73.8525390625,54.1748046875,-40.0830078125
65.1307971,-71.5087890625,55.6884765625,-7.8076171875
65.1713677,-69.9462890625,56.7138671875,23.6376953125
65.1918858,-69.3115234375,57.6904296875,39.5556640625
65.2313254,-69.6533203125,58.4228515625,47.2705078125
65.2540452,-69.4580078125,58.4716796875,44.7314453125
65.2949981,-70.0439453125,57.9345703125,37.6025390625
65.3163341,-70.8740234375,58.7646484375,25.6396484375
65.338803,-70.6298828125,58.6181640625,11.9189453125
65.3706272,-70.6298828125,58.4716796875,3.0810546875
65.3990868,-71.0693359375,58.7158203125,-1.2646484375
65.4393035,-71.6064453125,57.2021484375,-2.1923828125
65.4613083,-72.4365234375,57.4462890625,-3.8037109375
65.5012968,-73.6083984375,57.5439453125,-6.2451171875
65.5223389,-74.2431640625,57.3974609375,-10.8349609375
65.5583235,-75.2197265625,57.4462890625,-15.4736328125
65.5783056,-75.6591796875,56.9580078125,-21.1865234375
65.6163242,-77.1728515625,56.5673828125,-26.9482421875
65.6382793,-77.9541015625,56.2744140625,-32.4658203125
65.6753106,-78.9306640625,55.3466796875,-37.7880859375
65.7013567,-77.7587890625,56.5673828125,-43.2568359375
65.7383927,-74.0966796875,59.0576171875,-41.2060546875
65.7643796,-70.8740234375,58.7646484375,-14.6435546875
65.8013354,-69.7021484375,58.8623046875,18.7548828125
65.8233685,-69.2138671875,58.4228515625,39.6533203125
65.8603374,-67.9931640625,58.9111328125,48.0517578125
65.8844854,-67.5048828125,58.6669921875,47.2216796875
65.9253477,-68.3837890625,57.0556640625,41.4111328125
65.9453456,-69.5556640625,56.7626953125,30.3271484375
65.9798127,-69.7021484375,56.6162109375,17.0947265625
66.0022871,-69.7021484375,56.0302734375,6.4990234375
66.0369185,-69.7509765625,55.9814453125,1.7626953125
66.0629638,-69.9951171875,54.9560546875,0.1513671875
66.1019125,-71.4111328125,54.1748046875,-1.0693359375
66.124948,-72.1435546875,53.1005859375,-3.3154296875
66.1627204,-72.6806640625,52.0751953125,-7.5146484375
66.1835451,-73.3154296875,51.2451171875,-12.4462890625
66.2205641,-74.1943359375,51.0009765625,-17.2802734375
66.2406051,-75.6591796875,49.8291015625,-23.0908203125
66.2776235,-77.2216796875,48.6572265625,-27.8271484375
66.3032383,-77.7099609375,47.7783203125,-33.6376953125
66.3525227,-78.1982421875,46.6552734375,-37.8857421875
66.3725487,-75.0244140625,47.0458984375,-43.3056640625
66.4125363,-71.1669921875,48.2666015625,-48.4326171875
66.422555,-68.8720703125,49.8291015625,-36.3720703125
66.4622737,-67.8466796875,50.9033203125,-1.9970703125
66.4826156,-67.2607421875,52.1240234375,27.4951171875
66.5272208,-67.7978515625,52.8076171875,41.8505859375
66.5468711,-67.5537109375,53.6376953125,46.1474609375
66.5857595,-69.6044921875,52.8076171875,42.0458984375
66.6057213,-69.9462890625,51.5380859375,33.0615234375
66.6467568,-69.8486328125,51.6845703125,20.7080078125
66.6658478,-69.8486328125,51.0986328125,8.0615234375
66.7068717,-70.5810546875,50.8056640625,1.7138671875
66.7278635,-70.6298828125,51.0009765625,-0.2880859375
66.7677981,-71.4111328125,50.1220703125,-0.9716796875
66.7868065,-73.0712890625,49.3408203125,-3.0224609375
66.821696,-73.9013671875,48.5595703125,-5.0732421875
66.8428213,-74.9267578125,47.1435546875,-10.1513671875
66.8853848,-75.7568359375,46.9970703125,-15.8642578125
66.9058616,-76.1962890625,46.3134765625,-20.6494140625
66.9467213,-78.0029296875,45.0439453125,-26.4599609375
66.9668195,-78.4423828125,44.1650390625,-30.7080078125
67.0058679,-79.6630859375,43.1884765625,-35.6396484375
67.0307308,-79.1259765625,44.2626953125,-41.3037109375
67.0692604,-74.6337890625,46.5087890625,-44.6240234375
67.0902974,-71.6064453125,48.6083984375,-31.1962890625
67.1282754,-70.4345703125,49.0966796875,1.7138671875
67.1492102,-69.1650390625,50.5126953125,28.2275390625
67.1876585,-69.4091796875,52.5146484375,41.3134765625
67.2085634,-69.2138671875,53.5400390625,43.6083984375
67.2462165,-70.7763671875,53.1005859375,39.8486328125
67.2721338,-71.1669921875,52.5634765625,30.1318359375
67.3197894,-71.4599609375,53.3935546875,16.8505859375
67.3387527,-70.2880859375,54.0283203125,5.4736328125
67.3607695,-70.9228515625,53.5888671875,-0.5322265625
67.402634,-71.4111328125,53.0517578125,-2.1435546875
67.4172927,-72.7294921875,52.7099609375,-2.6318359375
67.451335,-73.3154296875,53.2470703125,-4.6826171875
67.4783804,-74.2431640625,52.6611328125,-8.1494140625
67.5153774,-75.3662109375,52.0751953125,-12.8857421875
67.5413335,-75.7080078125,51.4404296875,-18.5498046875
67.5793317,-76.9775390625,51.0009765625,-24.1650390625
67.600351,-77.9052734375,50.9521484375,-29.5849609375
67.6373646,-79.2236328125,51.0009765625,-34.7607421875
67.657479,-79.8583984375,50.9033203125,-39.9365234375
67.6987123,-78.6376953125,52.5146484375,-44.2333984375
67.7196589,-75.5126953125,55.1025390625,-39.8388671875
67.7594567,-72.3388671875,56.7138671875,-10.8349609375
67.7824386,-70.6787109375,58.0810546875,19.1943359375
67.8264495,-69.8486328125,58.2275390625,37.5537109375
67.8474815,-69.6044921875,59.0087890625,43.8525390625
67.8714739,-69.6044921875,59.3505859375,41.8994140625
67.9109569,-70.1904296875,58.9599609375,35.7958984375
67.9339999,-71.4111328125,59.2041015625,24.5166015625
67.9629316,-70.9228515625,58.8134765625,11.4306640625
68.0165905,-71.2646484375,59.0576171875,2.6904296875
68.021666,-71.5087890625,58.2763671875,-1.5576171875
68.0606371,-71.3134765625,58.5693359375,-3.5107421875
68.0847067,-72.6318359375,58.0322265625,-5.2197265625
68.1225857,-73.7548828125,57.8857421875,-8.3935546875
68.144798,-74.6826171875,57.0556640625,-12.4951171875
68.1772517,-74.9267578125,56.7138671875,-17.9638671875
68.2252016,-75.5615234375,55.6396484375,-23.1884765625
68.2337704,-76.7822265625,55.0537109375,-28.7060546875
68.2701461,-77.4169921875,54.6142578125,-33.3935546875
68.297195,-78.5888671875,54.6630859375,-38.1787109375
68.3231661,-79.1748046875,53.1494140625,-43.5986328125
68.3551809,-76.1962890625,54.9072265625,-49.2138671875
68.3859659,-72.9248046875,55.6396484375,-49.1162109375
68.4144815,-70.2880859375,57.4951171875,-23.4326171875
68.4481896,-69.1162109375,57.0068359375,9.9658203125
68.4742155,-68.6767578125,57.8857421875,32.8662109375
68.515472,-68.2373046875,58.4228515625,42.4365234375
68.5547417,-67.7978515625,57.7880859375,42.6318359375
68.5724666,-68.9208984375,56.6162109375,37.6513671875
68.5967266,-69.1650390625,55.4443359375,27.6416015625
68.6283977,-69.4091796875,55.2978515625,15.3369140625
68.6577388,-69.7509765625,54.5654296875,4.5458984375
68.7066352,-69.1650390625,52.7099609375,-1.5576171875
68.7171011,-70.7275390625,52.0263671875,-4.3896484375
68.74712,-71.2646484375,50.6103515625,-5.5126953125
68.7766286,-72.1435546875,49.7802734375,-7.8076171875
68.8087264,-72.7783203125,48.2666015625,-11.8603515625
68.8384298,-74.4873046875,47.4853515625,-16.0595703125
68.8666257,-74.8291015625,46.5087890625,-21.3818359375
68.8976375,-75.4150390625,45.1416015625,-26.8017578125
68.9298026,-76.7333984375,44.3115234375,-32.0263671875
68.9572264,-77.4169921875,42.6513671875,-36.1767578125
68.9868354,-78.5400390625,41.5283203125,-41.8408203125
69.0207902,-77.0263671875,42.7490234375,-46.9189453125
69.0477958,-72.5341796875,44.0673828125,-48.3349609375
69.0827639,-70.3369140625,44.9462890625,-27.4365234375
69.1086178,-68.0419921875,45.7275390625,5.6689453125
69.1386891,-67.2607421875,46.5576171875,28.4716796875
69.1673453,-67.7001953125,46.3623046875,38.6767578125
69.2012926,-66.7236328125,46.4599609375,39.8486328125
69.2273881,-67.7490234375,44.2626953125,35.0146484375
69.2780375,-68.9697265625,44.1162109375,24.5166015625
69.2981958,-68.6279296875,44.7998046875,10.9912109375
69.3222586,-68.4326171875,45.4345703125,1.2744140625
69.3512285,-69.0673828125,43.6767578125,-2.7783203125
69.3802484,-69.5068359375,43.1396484375,-5.4150390625
69.4141705,-70.1904296875,41.9677734375,-5.8544921875
69.4401689,-71.0205078125,41.7236328125,-7.7099609375
69.4712376,-72.1435546875,40.3076171875,-10.8349609375
69.5193656,-72.8759765625,40.0634765625,-16.0107421875
69.539089,-73.5107421875,38.7451171875,-20.8935546875
69.5600957,-75.1220703125,38.3544921875,-24.8974609375
69.5940505,-76.1474609375,37.2802734375,-29.9267578125
69.6379593,-76.7822265625,36.3525390625,-35.2001953125
69.6584189,-77.4658203125,35.6689453125,-40.4248046875
69.7004572,-77.1728515625,37.3779296875,-44.8193359375
69.7095363,-73.8037109375,38.5986328125,-43.1591796875
69.7412356,-70.6298828125,40.2587890625,-17.7197265625
69.7728195,-68.5791015625,40.0146484375,12.7490234375
69.8008333,-68.2861328125,41.2841796875,32.2314453125
69.8549199,-67.5537109375,42.5048828125,39.6533203125
69.8752863,-67.5048828125,42.1142578125,38.7255859375
69.8913349,-68.3837890625,41.4794921875,31.7919921875
69.9400429,-69.1650390625,42.2119140625,20.2685546875
69.9584913,-69.3603515625,43.5791015625,6.0595703125
70.0002603,-69.7021484375,43.3349609375,-2.1435546875
70.0218791,-69.2138671875,42.7001953125,-5.5615234375
70.0435222,-69.8486328125,42.6025390625,-5.8056640625
70.0711487,-71.0693359375,42.7001953125,-6.4404296875
70.121742,-71.5087890625,42.4560546875,-8.9306640625
70.1426045,-73.0224609375,42.7490234375,-12.5439453125
70.1823051,-73.5595703125,42.3583984375,-17.5732421875
70.1943636,-74.3408203125,42.1630859375,-22.7001953125
70.2363973,-75.4150390625,41.6748046875,-27.4853515625
70.2553942,-76.0986328125,41.8212890625,-32.2216796875
70.2944929,-77.6123046875,41.3818359375,-36.7138671875
70.3162198,-78.8818359375,42.1630859375,-41.8408203125
70.3631017,-77.3681640625,42.8955078125,-46.5283203125
70.3845005,-73.7548828125,45.0927734375,-39.2529296875
70.4085033,-71.2646484375,46.3134765625,-7.6123046875
70.4474998,-68.9697265625,46.7041015625,21.9287109375
70.468351,-68.5302734375,48.4619140625,38.8232421875
70.5058291,-68.8720703125,49.4384765625,44.4384765625
70.524778,-68.2373046875,49.5849609375,42.0947265625
70.5703908,-69.4580078125,48.0224609375,34.2333984375
70.5905783,-70.2880859375,49.5361328125,22.3681640625
70.6301483,-70.0439453125,49.3896484375,9.3798828125
70.6506249,-70.3857421875,48.9990234375,1.4208984375
70.6907665,-70.2880859375,48.9990234375,-1.8994140625
70.710762,-70.9228515625,48.5107421875,-3.4619140625
70.7491695,-72.0947265625,49.4873046875,-5.0244140625
70.7694085,-73.0712890625,49.6826171875,-7.5146484375
70.8110882,-73.8037109375,48.2666015625,-11.2744140625
70.8310787,-74.9755859375,48.3642578125,-16.9384765625
70.8691407,-75.7568359375,48.3154296875,-21.7724609375
70.8975423,-76.5380859375,47.4853515625,-26.6552734375
70.9187348,-77.9052734375,46.8505859375,-31.7333984375
70.9593954,-78.1005859375,46.5087890625,-36.1767578125
70.9788947,-79.0283203125,46.2158203125,-41.2060546875
71.0204499,-76.7333984375,47.5830078125,-47.4072265625
71.04053,-73.4130859375,49.0966796875,-47.5048828125
71.0792218,-70.2880859375,50.6591796875,-20.5029296875
71.0996272,-69.0185546875,51.7822265625,13.5302734375
71.1403518,-68.9208984375,53.0517578125,35.9912109375
71.1604722,-68.5791015625,54.3701171875,45.4638671875
71.1994856,-68.3349609375,54.4677734375,45.7080078125
71.2199685,-69.2138671875,54.5654296875,41.3623046875
71.2617449,-70.1416015625,54.6142578125,31.9873046875
71.2819135,-69.8486328125,54.8583984375,18.9501953125
71.3186511,-70.0927734375,54.6630859375,8.5009765625
71.3395128,-70.5322265625,53.9306640625,2.0556640625
71.3777766,-70.3369140625,53.5400390625,-1.7529296875
71.399123,-71.5087890625,53.4912109375,-3.7060546875
71.4451297,-72.1435546875,53.5400390625,-5.7080078125
71.4673172,-72.8271484375,52.7099609375,-10.0537109375
71.5080248,-74.0966796875,51.6357421875,-13.7158203125
71.5288945,-75.6103515625,51.0009765625,-18.5498046875
71.5702519,-75.9521484375,49.8779296875,-24.3603515625
71.5895872,-77.2705078125,48.9990234375,-29.2919921875
71.6104331,-78.4912109375,48.3642578125,-34.5166015625
71.6386403,-79.7607421875,47.6318359375,-39.8388671875
71.6874491,-79.0771484375,46.5576171875,-45.5029296875
71.7071468,-76.1474609375,46.8017578125,-51.7529296875
71.7476215,-71.9482421875,49.1455078125,-53.4130859375
71.7689598,-70.1904296875,50.3173828125,-29.2919921875
71.8070244,-68.6279296875,50.7568359375,6.4013671875
71.8276138,-68.0908203125,51.7333984375,30.4736328125
71.8658043,-67.7001953125,52.8564453125,41.8017578125
71.887741,-68.2373046875,53.0517578125,42.7783203125
71.9261744,-68.7744140625,52.3193359375,38.6767578125
71.9486645,-69.7021484375,52.1728515625,29.3017578125
71.9867995,-69.3115234375,51.8310546875,16.5087890625
72.0069198,-69.5068359375,51.6845703125,5.4248046875
72.0464529,-70.0927734375,51.3427734375,-1.3134765625
72.0680081,-70.8740234375,50.7568359375,-4.7314453125
72.1084976,-71.4111328125,50.4150390625,-5.6591796875
72.1300484,-72.4853515625,50.1220703125,-7.8564453125
72.1675851,-73.6083984375,49.2431640625,-11.1767578125
72.1873907,-74.7802734375,48.0712890625,-16.0107421875
72.2276253,-75.4150390625,47.6806640625,-21.1376953125
72.2493313,-76.6845703125,47.2412109375,-26.4111328125
72.2901389,-77.5146484375,46.4599609375,-30.8056640625
72.3205796,-79.0283203125,45.8251953125,-35.6396484375
72.3343908,-79.7607421875,45.1904296875,-40.5712890625
72.3743294,-80.6884765625,44.0673828125,-45.0146484375
72.3945168,-77.9052734375,45.5322265625,-51.1181640625
72.4350849,-73.8037109375,46.8017578125,-54.1943359375
72.4543973,-71.6552734375,48.6572265625,-34.3701171875
72.4929492,-69.7998046875,50.2685546875,-0.9716796875
72.5176919,-69.1162109375,50.7568359375,23.9306640625
72.5628937,-69.1650390625,51.7333984375,34.2822265625
72.5789075,-68.8232421875,52.0263671875,36.2841796875
72.6237409,-70.3857421875,50.4638671875,30.2294921875
72.6426854,-70.9716796875,50.0732421875,19.2431640625
72.6808651,-70.8251953125,50.6591796875,5.1806640625
72.7025706,-71.5087890625,50.9033203125,-6.2451171875
72.7245785,-71.7041015625,49.6337890625,-10.7373046875
72.7678835,-71.8505859375,49.3896484375,-12.0556640625
72.7869519,-72.8759765625,49.4873046875,-12.4951171875
72.8274547,-73.3154296875,49.8291015625,-14.3017578125
72.8490752,-74.6826171875,49.2919921875,-17.4267578125
72.8900042,-75.9521484375,48.6083984375,-22.5048828125
72.9111828,-76.6357421875,48.4130859375,-27.6806640625
72.9659548,-77.3681640625,47.9248046875,-33.2470703125
72.9695679,-77.8564453125,48.5107421875,-37.5927734375
73.0120249,-79.1748046875,48.5595703125,-42.4755859375
73.0281474,-80.6396484375,48.3154296875,-47.2119140625
73.0660359,-81.4208984375,50.7080078125,-52.6318359375
73.0955982,-79.6142578125,53.0517578125,-52.9248046875
73.1327047,-76.1474609375,54.8583984375,-29.2919921875
73.1510728,-73.1201171875,55.4443359375,2.9345703125
73.1905548,-71.8505859375,57.4462890625,24.4189453125
73.2094299,-71.2158203125,58.3740234375,33.4521484375
73.2489584,-71.1669921875,58.2763671875,33.1103515625
73.2693539,-71.4599609375,57.3486328125,27.0556640625
73.3142297,-72.4365234375,57.7392578125,15.5810546875
73.3329571,-73.8037109375,57.9345703125,2.0068359375
73.3621903,-73.5595703125,57.7880859375,-8.4912109375
73.3921799,-73.3154296875,58.0322265625,-14.1552734375
73.4359042,-73.9990234375,57.4462890625,-15.7177734375
73.4499582,-74.0478515625,58.1298828125,-17.4267578125
73.491412,-74.8291015625,58.3251953125,-19.6728515625
73.5114181,-75.8544921875,58.0322265625,-22.7978515625
73.5383843,-77.3193359375,58.3251953125,-27.8271484375
73.5794943,-77.3193359375,57.4462890625,-33.0517578125
73.602104,-78.3935546875,56.4208984375,-38.2275390625
73.640762,-79.5654296875,56.4208984375,-43.0126953125
73.6654816,-80.7373046875,55.7861328125,-47.7490234375
73.6927817,-81.5185546875,55.2490234375,-53.0712890625
73.7348277,-82.4462890625,56.7626953125,-59.1748046875
73.7545984,-80.4931640625,57.7392578125,-59.7119140625
73.7835839,-76.8798828125,60.1806640625,-37.0068359375
73.8145766,-73.6572265625,60.5712890625,-2.2412109375
73.8445613,-73.5107421875,62.0361328125,21.0986328125
73.8854929,-72.0458984375,62.3291015625,30.9130859375
73.906476,-72.3388671875,62.5244140625,32.3291015625
73.9349993,-72.3876953125,62.2802734375,27.6416015625
73.9744912,-73.0224609375,61.3525390625,18.6572265625
73.9954512,-74.7314453125,61.3525390625,5.1806640625
74.0254774,-73.9990234375,61.6455078125,-5.8056640625
74.0651331,-73.6083984375,59.8388671875,-12.4462890625
74.0847986,-73.7548828125,59.0087890625,-15.1318359375
74.1153997,-75.3662109375,59.0087890625,-16.6455078125
74.1544192,-75.6591796875,58.7646484375,-18.4521484375
74.1769403,-76.7333984375,58.2763671875,-21.4794921875
74.206942,-77.5146484375,57.4462890625,-26.2646484375
74.2378008,-78.7353515625,57.2998046875,-31.0986328125
74.2649838,-79.0283203125,57.6904296875,-36.6650390625
74.2978289,-79.7607421875,57.4951171875,-41.8408203125
74.3270012,-80.9814453125,56.3720703125,-47.2119140625
74.355527,-82.0068359375,55.7373046875,-51.3623046875
74.38649,-82.5439453125,55.1025390625,-55.9033203125
74.4194244,-81.3720703125,54.4677734375,-61.9091796875
74.445433,-77.8564453125,54.8583984375,-67.2314453125
74.4783471,-74.7314453125,56.5185546875,-70.7958984375
74.5261639,-73.0712890625,57.8369140625,-49.9462890625
74.5444681,-72.3388671875,57.8857421875,-13.3251953125
74.5712912,-71.4111328125,57.3974609375,14.0673828125
74.5977982,-71.7529296875,58.8623046875,27.2509765625
74.6302207,-71.8505859375,58.0810546875,30.4248046875
74.6599089,-73.1689453125,56.9091796875,25.2001953125
74.6887701,-73.1689453125,55.5908203125,17.7783203125
74.7159987,-72.8271484375,55.2001953125,5.0830078125
74.7499893,-72.9248046875,54.8095703125,-6.0986328125
74.7770774,-73.3154296875,53.5888671875,-13.6181640625
74.8106279,-74.1943359375,52.1728515625,-16.6943359375
74.840585,-75.3662109375,51.6357421875,-18.5498046875
74.8679056,-75.8544921875,50.9033203125,-19.9658203125
74.9019329,-77.2705078125,50.3173828125,-22.2607421875
74.9282792,-78.1005859375,48.9013671875,-26.6064453125
74.9593179,-78.9794921875,47.5830078125,-31.8798828125
74.9917127,-79.7119140625,47.2412109375,-36.3720703125
75.0367414,-80.4931640625,46.1669921875,-41.9873046875
75.0575983,-81.7626953125,45.3369140625,-46.3330078125
75.0964773,-82.5927734375,44.2138671875,-51.0205078125
75.1260107,-83.8623046875,44.0673828125,-54.9267578125
75.1420526,-83.3740234375,42.9443359375,-59.7119140625
75.1721119,-79.2236328125,41.9189453125,-64.7412109375
75.201617,-76.0498046875,42.8466796875,-70.0634765625
75.2495288,-73.7060546875,44.3603515625,-71.4794921875
75.2690959,-72.5341796875,45.2392578125,-46.6259765625
75.2895448,-71.7529296875,45.9716796875,-10.7373046875
75.322244,-71.8017578125,46.3623046875,12.8955078125
75.3522111,-71.5576171875,47.6318359375,23.9306640625
75.3841415,-73.2177734375,46.8017578125,24.8583984375
75.4268934,-72.7294921875,45.5322265625,19.9755859375
75.447796,-72.4853515625,46.0205078125,9.9658203125
75.4869384,-73.0224609375,45.9716796875,-2.6318359375
75.5083026,-72.7783203125,45.8740234375,-12.5927734375
75.5479818,-73.8037109375,44.6533203125,-17.6220703125
75.5681385,-75.2685546875,44.2138671875,-19.1357421875
75.6074941,-75.8544921875,43.6279296875,-19.8193359375
75.6277114,-76.5380859375,43.0908203125,-21.8701171875
75.668874,-77.9541015625,42.4560546875,-24.7998046875
75.6888861,-79.0283203125,41.3818359375,-29.2431640625
75.7311683,-79.3212890625,40.1611328125,-33.2470703125
75.7506597,-80.7373046875,39.5263671875,-37.5927734375
75.77223,-81.2744140625,38.8916015625,-42.3779296875
75.8078873,-82.2021484375,39.0869140625,-47.1142578125
75.8484052,-82.9833984375,38.6962890625,-51.5087890625
75.8665187,-84.0576171875,38.8916015625,-56.7333984375
75.9061748,-83.5693359375,41.0400390625,-60.8837890625
75.9262276,-79.4677734375,42.9443359375,-53.8525390625
75.964578,-75.9033203125,43.1396484375,-24.8486328125
75.9987727,-73.9990234375,44.8974609375,4.3017578125
76.012625,-73.4130859375,46.3134765625,20.5126953125
76.0596486,-72.7783203125,46.6552734375,25.8349609375
76.0777396,-72.5341796875,45.1904296875,22.9052734375
76.1124339,-73.6083984375,44.4580078125,15.8251953125
76.135562,-74.4384765625,45.9228515625,3.1298828125
76.1842586,-74.6337890625,46.7041015625,-9.8583984375
76.2054999,-74.0966796875,46.8017578125,-17.1337890625
76.2271742,-74.8779296875,46.2158203125,-20.6005859375
76.267161,-74.3408203125,46.2158203125,-20.6494140625
76.2889384,-75.0732421875,46.5576171875,-22.7001953125
76.3303131,-75.4150390625,46.6064453125,-24.7021484375
76.352471,-76.1474609375,46.7041015625,-28.9013671875
76.4054697,-77.5146484375,46.7041015625,-33.3447265625
76.425665,-78.2470703125,46.1669921875,-38.4228515625
76.4347236,-78.8330078125,46.1181640625,-42.7685546875
76.4774857,-79.8095703125,45.8251953125,-47.1630859375
76.4972693,-80.7861328125,45.0439453125,-51.8017578125
76.5342914,-81.6162109375,45.9228515625,-56.1962890625
76.5617128,-82.6904296875,47.2900390625,-61.9580078125
76.5879557,-81.4208984375,49.0966796875,-58.0517578125
76.6197641,-77.3193359375,50.3173828125,-30.1708984375
76.6600612,-74.5849609375,51.9287109375,0.9814453125
76.6820865,-72.9736328125,52.8076171875,19.8779296875
76.7153743,-72.3876953125,53.9794921875,27.3486328125
76.7529739,-71.9970703125,53.9306640625,25.9326171875
76.7739145,-72.5830078125,53.3447265625,19.9755859375
76.8092845,-73.6083984375,53.3935546875,9.0869140625
76.8305654,-74.4873046875,53.7353515625,-4.5849609375
76.8679201,-74.2431640625,53.1982421875,-13.9111328125
76.8884592,-74.1455078125,52.4169921875,-18.9892578125
76.9282395,-74.0966796875,51.9287109375,-19.6240234375
76.9477535,-74.6826171875,52.2216796875,-21.5283203125
76.9918029,-75.5126953125,52.5146484375,-23.2861328125
77.014343,-76.2451171875,52.9541015625,-27.4853515625
77.0660765,-77.0263671875,52.7099609375,-32.2705078125
77.0863042,-78.2958984375,52.5146484375,-37.0068359375
77.1017279,-78.5400390625,51.8798828125,-41.9873046875
77.1419357,-79.4677734375,51.7822265625,-45.8447265625
77.1622652,-80.2001953125,51.0009765625,-50.6298828125
77.2029929,-81.2744140625,50.6103515625,-56.1962890625
77.2249292,-82.6416015625,51.1962890625,-61.2255859375
77.2669338,-81.4697265625,53.1982421875,-64.8876953125
77.2863183,-78.4423828125,55.6396484375,-49.5068359375
77.3328839,-75.3662109375,56.7138671875,-15.5712890625
77.35448,-73.0712890625,57.1533203125,11.8701171875
77.3743977,-72.0947265625,58.8623046875,25.2978515625
77.4157845,-71.4111328125,59.2529296875,29.0576171875
77.4385323,-71.7041015625,59.2041015625,25.1025390625
77.4801222,-71.5576171875,57.8369140625,17.8271484375
77.4921734,-72.7783203125,58.4228515625,6.6455078125
77.535006,-73.3154296875,57.9833984375,-5.3173828125
77.5558671,-73.0224609375,57.9345703125,-13.3740234375
77.5960919,-72.9736328125,57.4462890625,-16.8896484375
77.6159521,-73.3154296875,56.7138671875,-18.8427734375
77.6566853,-73.8525390625,56.4697265625,-20.0146484375
77.678463,-74.7802734375,55.9326171875,-23.0419921875
77.7179139,-76.0009765625,55.7861328125,-26.0693359375
77.7404208,-76.2939453125,54.4189453125,-31.5869140625
77.7624101,-77.8076171875,53.3935546875,-36.1279296875
77.7974188,-78.3935546875,52.3681640625,-40.9619140625
77.840115,-79.3212890625,51.3916015625,-45.6005859375
77.861196,-80.3466796875,49.7802734375,-50.0927734375
77.9017231,-81.0302734375,48.7060546875,-55.2197265625
77.9222658,-82.3974609375,50.0244140625,-60.8837890625
77.9429201,-80.4443359375,51.3427734375,-63.0810546875
77.9919664,-76.6845703125,53.1494140625,-43.4033203125
78.0111838,-74.1455078125,54.7607421875,-10.5419921875
78.0506509,-72.5341796875,55.7373046875,13.7255859375
78.0656216,-71.2158203125,56.8603515625,24.5654296875
78.1158342,-70.5322265625,56.7626953125,25.4443359375
78.1348481,-70.6787109375,55.1513671875,21.0498046875
78.1568559,-71.1181640625,55.2490234375,12.1142578125
78.1998544,-72.4853515625,55.0537109375,-0.9716796875
78.220619,-72.0458984375,54.6630859375,-11.4208984375
78.2742832,-72.4853515625,54.7607421875,-16.5966796875
78.2962921,-72.2900390625,54.3701171875,-18.3544921875
78.309219,-73.1201171875,54.2236328125,-19.1845703125
78.3478263,-73.9013671875,53.2470703125,-20.4541015625
78.3689336,-74.4873046875,52.6123046875,-24.2138671875
78.4085924,-75.7568359375,51.6357421875,-28.1201171875
78.4300107,-76.6357421875,50.8544921875,-32.5634765625
78.4728751,-77.6611328125,50.4150390625,-36.3232421875
78.4888606,-78.6865234375,49.7314453125,-40.8642578125
78.5321869,-79.3701171875,48.9990234375,-45.6982421875
78.5516445,-80.5419921875,48.1689453125,-50.0439453125
78.5787081,-81.0302734375,48.4619140625,-55.5615234375
78.6246785,-82.2998046875,49.8779296875,-59.8583984375
78.6410542,-79.7119140625,52.2216796875,-52.7783203125
78.6828744,-76.3427734375,53.6865234375,-22.7001953125
78.6966862,-73.5595703125,54.8583984375,4.5947265625
78.7385399,-72.5830078125,56.2255859375,19.8779296875
78.7604,-71.9482421875,56.8115234375,23.1494140625
78.810014,-71.5576171875,56.9580078125,19.8291015625
78.8303642,-71.1669921875,56.2744140625,12.5048828125
78.8500306,-72.7294921875,57.9345703125,-0.4345703125
78.8890129,-73.6572265625,58.4716796875,-12.6904296875
78.9102314,-73.6572265625,58.3251953125,-19.5263671875
78.9457498,-73.7060546875,58.2763671875,-21.8701171875
78.9704801,-73.7548828125,58.3740234375,-22.5048828125
79.0141133,-74.0478515625,58.2763671875,-23.8720703125
79.0331192,-74.9755859375,57.6904296875,-26.8017578125
79.0612333,-76.0009765625,58.5205078125,-30.6103515625
79.1028468,-77.0751953125,58.0810546875,-36.3232421875
79.1220682,-78.1494140625,57.6416015625,-40.4248046875
79.1530807,-78.4912109375,58.2763671875,-44.9658203125
79.1860783,-79.9072265625,57.7880859375,-48.9208984375
79.2130683,-80.5908203125,57.2021484375,-54.0478515625
79.2559674,-81.4697265625,57.8857421875,-59.1748046875
79.269509,-82.7392578125,59.2529296875,-63.4716796875
79.3025308,-83.0810546875,62.0849609375,-54.2431640625
79.3315521,-79.9560546875,62.1337890625,-23.6767578125
79.3756684,-76.7822265625,63.7451171875,3.6181640625
79.39391,-74.6826171875,64.6728515625,18.4619140625
79.4212133,-74.0966796875,64.7705078125,23.4423828125
79.4542321,-73.2177734375,64.2333984375,20.1220703125
79.4829215,-73.8525390625,63.0126953125,12.6025390625
79.5159397,-74.3896484375,63.6474609375,0.5908203125
79.5449107,-75.5615234375,64.9658203125,-11.9091796875
79.5739905,-75.7080078125,63.5498046875,-19.7216796875
79.6039754,-75.6103515625,62.5244140625,-23.0908203125
79.6354375,-75.5126953125,61.4990234375,-25.0439453125
79.6629748,-76.0009765625,61.7431640625,-25.7763671875
79.6950497,-75.9521484375,61.4501953125,-28.0712890625
79.7250587,-77.7587890625,61.4990234375,-32.5634765625
79.7529592,-77.7099609375,61.5478515625,-37.2021484375
79.7850042,-79.0283203125,61.0595703125,-41.6943359375
79.8160576,-79.9072265625,60.7177734375,-46.0400390625
79.8451047,-80.5419921875,60.0830078125,-50.9228515625
79.8782048,-81.3232421875,59.2529296875,-55.0244140625
79.9058569,-82.3486328125,58.2275390625,-60.8349609375
79.9388674,-83.3251953125,60.0341796875,-66.4013671875
79.9680602,-83.6669921875,61.7919921875,-69.4287109375
79.9958998,-80.3466796875,63.8427734375,-49.7998046875
80.028866,-77.0263671875,64.0869140625,-16.1572265625
80.0558399,-75.0244140625,64.6728515625,9.9169921875
80.0867105,-74.3896484375,65.9423828125,21.8310546875
80.1158337,-73.4130859375,65.7958984375,24.2236328125
80.1478476,-73.6572265625,65.5517578125,21.6845703125
80.1755695,-73.8525390625,64.6728515625,13.2861328125
80.2086156,-75.1708984375,65.5029296875,2.0556640625
80.2355615,-74.9755859375,64.9658203125,-10.0537109375
80.2689439,-75.0244140625,63.4033203125,-16.6943359375
80.2973218,-74.9755859375,62.0849609375,-20.0146484375
80.3265777,-75.2685546875,61.3525390625,-22.3095703125
80.3606048,-75.7568359375,60.7666015625,-24.2138671875
80.39066,-76.7333984375,59.1552734375,-26.9482421875
80.4222153,-78.3447265625,57.9833984375,-30.7568359375
80.4519713,-78.8330078125,56.4697265625,-35.7861328125
80.4794302,-79.9560546875,55.8837890625,-40.3271484375
80.507477,-80.6396484375,54.3212890625,-45.6494140625
80.5397196,-80.9326171875,53.9794921875,-49.8974609375
80.5681744,-82.4951171875,52.2216796875,-55.3173828125
80.6293897,-83.3740234375,51.4892578125,-60.3955078125
80.6332661,-83.8134765625,52.8076171875,-65.9619140625
80.6569024,-83.6669921875,53.9794921875,-69.2822265625
80.689067,-80.6396484375,54.9560546875,-49.9462890625
80.735062,-77.0751953125,55.3955078125,-14.7412109375
80.7560773,-75.1220703125,55.8349609375,10.9912109375
80.796098,-73.9013671875,56.6650390625,22.9541015625
80.8181317,-73.3642578125,56.2255859375,25.1513671875
80.8391634,-72.5830078125,54.5166015625,21.1474609375
80.8734801,-72.5341796875,54.7119140625,12.7490234375
80.9151482,-73.7548828125,54.1259765625,1.1279296875
80.9372489,-74.2431640625,54.3701171875,-10.6396484375
80.9764372,-74.6826171875,52.9541015625,-16.6943359375
80.997743,-74.9267578125,52.6611328125,-19.2822265625
81.0385519,-74.4873046875,51.6357421875,-20.3564453125
81.0586397,-75.1220703125,50.7080078125,-22.3583984375
81.0786523,-75.8544921875,50.1220703125,-24.9462890625
81.1120832,-77.3193359375,49.3896484375,-29.1943359375
81.1580529,-77.9541015625,48.4130859375,-33.4423828125
81.1794442,-78.5888671875,47.2900390625,-38.1298828125
81.2207365,-79.5166015625,46.0693359375,-42.9150390625
81.2407082,-80.5419921875,45.7275390625,-47.0654296875
81.280807,-81.6650390625,45.4833984375,-52.1923828125
81.2917882,-82.5927734375,44.2626953125,-57.3681640625
81.3375401,-83.2763671875,44.7509765625,-62.4462890625
81.3565434,-83.4228515625,46.5576171875,-66.2548828125
81.3995163,-80.1025390625,47.1435546875,-54.0966796875
81.4215225,-77.0263671875,47.3388671875,-20.3564453125
81.4590939,-75.2197265625,47.9248046875,6.4013671875
81.4811299,-73.4130859375,47.6318359375,20.9033203125
81.5221043,-73.4130859375,47.6318359375,24.0283203125
81.5441345,-72.9736328125,46.7529296875,20.4150390625
81.5791137,-73.6572265625,47.4853515625,11.9189453125
81.5992032,-74.4873046875,47.7294921875,-0.7275390625
81.6341057,-74.6826171875,48.0224609375,-12.3974609375
81.6576313,-74.5849609375,46.6064453125,-18.1103515625
81.6870563,-74.6826171875,46.5087890625,-20.6494140625
81.7141342,-75.1708984375,46.6064453125,-21.2353515625
81.7621196,-75.3662109375,47.0458984375,-22.5537109375
81.7834303,-76.2451171875,47.3388671875,-25.9716796875
81.8221648,-77.3681640625,46.7041015625,-29.6826171875
81.8401372,-77.7099609375,45.8740234375,-34.7119140625
81.8761463,-78.8330078125,46.0205078125,-39.9365234375
81.897145,-79.8583984375,46.2158203125,-44.2822265625
81.9371737,-80.7373046875,45.2880859375,-48.3837890625
81.9581401,-81.7138671875,45.5810546875,-52.9248046875
82.0041655,-82.4951171875,46.4599609375,-57.7099609375
82.02209,-83.9599609375,47.9248046875,-63.0810546875
82.0676367,-84.3505859375,49.3896484375,-61.4208984375
82.0894192,-81.8603515625,50.7568359375,-33.9794921875
82.1074237,-78.3935546875,51.1962890625,-1.6064453125
82.1530035,-75.7080078125,53.2958984375,18.7060546875
82.1729686,-74.7314453125,54.0771484375,25.8837890625
82.2122376,-73.9013671875,53.8818359375,24.5166015625
82.2357637,-73.9013671875,53.1005859375,18.4619140625
82.2746934,-74.7314453125,53.6865234375,7.3779296875
82.2945228,-75.3173828125,53.5888671875,-5.5615234375
82.3154585,-75.8056640625,53.2470703125,-15.4736328125
82.349868,-75.7568359375,52.7587890625,-20.1123046875
82.3917993,-75.5126953125,52.3681640625,-20.9423828125
82.4145364,-75.7568359375,52.5634765625,-22.1142578125
82.4530796,-76.5380859375,52.6123046875,-24.7021484375
82.4743494,-77.4658203125,52.1240234375,-28.6083984375
82.4963511,-78.0029296875,51.5869140625,-33.3447265625
82.5299608,-79.0283203125,51.3427734375,-39.3994140625
82.5729518,-79.9072265625,50.5126953125,-44.0380859375
82.5925981,-81.0791015625,50.0732421875,-48.7744140625
82.6343695,-81.8115234375,49.7314453125,-53.0224609375
82.6548569,-82.5439453125,49.2919921875,-58.3447265625
82.6959442,-83.6181640625,48.9013671875,-64.0576171875
82.7109396,-84.8876953125,50.5126953125,-68.9892578125
82.7559352,-83.9599609375,51.1962890625,-71.2353515625
82.7759162,-80.6396484375,52.1728515625,-46.5771484375
82.8169284,-77.6123046875,53.4912109375,-10.6884765625
82.8386922,-75.5126953125,54.9560546875,14.4580078125
82.8794453,-75.1220703125,55.5908203125,25.6884765625
82.8998496,-74.1455078125,55.5908203125,27.5439453125
82.9398702,-74.2431640625,55.5419921875,22.4658203125
82.952479,-74.7314453125,55.4931640625,13.6767578125
82.9946814,-76.0498046875,55.5908203125,0.6396484375
83.0142862,-76.2451171875,55.6396484375,-10.7373046875
83.055689,-76.5380859375,54.9072265625,-17.5732421875
83.0772956,-76.2451171875,53.2470703125,-20.6982421875
83.11855,-75.9521484375,53.6865234375,-21.9677734375
83.1392523,-77.9052734375,54.1748046875,-24.3115234375
83.1810986,-77.9541015625,53.6376953125,-26.9482421875
83.2004204,-79.5654296875,53.1005859375,-31.1474609375
83.2233619,-79.8095703125,52.0751953125,-36.5185546875
83.2653988,-81.0791015625,50.8056640625,-41.3525390625
83.2866444,-81.5185546875,50.0732421875,-47.0166015625
83.3296072,-82.8369140625,48.3642578125,-52.3388671875
83.3452668,-83.9111328125,47.1435546875,-56.7822265625
83.3905403,-84.8876953125,46.0205078125,-61.8115234375
83.4016031,-85.4248046875,45.3857421875,-67.0849609375
83.4506797,-86.0595703125,44.9951171875,-73.3837890625
83.4715368,-83.3740234375,47.6806640625,-78.8525390625
83.4915246,-80.1513671875,48.0224609375,-71.1376953125
83.5409034,-77.1728515625,48.9990234375,-35.2001953125
83.5639029,-74.9267578125,49.7802734375,-1.7529296875
83.58685,-75.0732421875,50.5126953125,17.3876953125
83.6281538,-74.6337890625,51.2451171875,23.0517578125
83.6445091,-75.0244140625,50.6591796875,21.6357421875
83.6881691,-75.8544921875,50.1220703125,14.7509765625
83.7087871,-76.4404296875,49.9755859375,3.8134765625
83.7356795,-76.7333984375,49.7314453125,-9.4189453125
83.7781857,-76.8798828125,49.2431640625,-18.7451171875
83.8005553,-76.7822265625,49.0478515625,-22.9443359375
83.8420237,-77.8564453125,48.3154296875,-24.8486328125
83.8570155,-78.3935546875,48.1689453125,-25.6298828125
83.885035,-79.4677734375,47.6318359375,-28.2177734375
83.9314058,-80.0048828125,47.0458984375,-31.7333984375
83.9444962,-80.9326171875,46.4111328125,-36.3720703125
83.9750727,-81.6162109375,45.8740234375,-41.3037109375
84.0096502,-83.5693359375,44.5068359375,-46.8701171875
84.0512461,-84.6923828125,44.2626953125,-51.2646484375
84.0660219,-84.8876953125,43.4326171875,-55.7080078125
84.1104447,-86.4990234375,42.3583984375,-60.8837890625
84.1274779,-87.3291015625,42.3583984375,-66.3037109375
84.1694565,-88.8916015625,42.8466796875,-71.5283203125
84.1877208,-88.5009765625,45.3369140625,-72.7001953125
84.2167199,-84.7412109375,46.4111328125,-49.0185546875
84.245695,-80.6884765625,47.5830078125,-14.5458984375
84.2777175,-78.8330078125,49.1455078125,7.2802734375
84.307709,-77.7587890625,50.0732421875,16.6064453125
84.3397569,-77.5634765625,49.5361328125,16.5576171875
84.3861442,-77.1728515625,48.8037109375,9.1357421875
84.396404,-77.3681640625,48.9501953125,-2.2412109375
84.4296924,-78.5400390625,49.4873046875,-16.6455078125
84.4607789,-78.9306640625,48.4130859375,-26.4111328125
84.4941114,-79.0771484375,48.0712890625,-30.4150390625
84.5187303,-79.0283203125,48.1689453125,-31.0986328125
84.5631789,-79.3701171875,48.2666015625,-31.5380859375
84.581743,-80.2978515625,48.4130859375,-33.4912109375
84.6211686,-80.8837890625,47.6318359375,-37.1044921875
84.6398907,-81.8603515625,47.4853515625,-41.6455078125
84.6714041,-82.5439453125,47.6318359375,-46.7236328125
84.7004477,-83.7158203125,47.4853515625,-51.8017578125
84.7284217,-84.7900390625,47.6318359375,-56.2939453125
84.7648738,-85.5224609375,47.2412109375,-61.8603515625
84.7914823,-86.4501953125,47.5341796875,-67.1826171875
84.8245075,-87.6220703125,50.2685546875,-72.1142578125
84.8537679,-88.2568359375,52.3193359375,-71.8212890625
84.8820068,-89.3798828125,54.2724609375,-46.1865234375
84.9134034,-87.3291015625,55.7373046875,-13.8623046875
84.9434259,-83.5205078125,56.8115234375,7.0361328125
84.9704183,-80.7861328125,57.5439453125,15.8740234375
85.0034785,-79.9560546875,57.8857421875,14.5556640625
85.0313452,-79.2236328125,56.9091796875,7.4267578125
85.0619413,-79.4189453125,58.0810546875,-4.6826171875
85.0964253,-80.2490234375,59.0087890625,-18.6962890625
85.1233956,-81.4208984375,58.3740234375,-28.1689453125
85.1513,-81.8603515625,57.1533203125,-32.2705078125
85.1844999,-81.6650390625,57.9833984375,-33.1982421875
85.2118276,-81.8115234375,58.2275390625,-33.3447265625
85.2444321,-82.2509765625,57.1533203125,-35.9814453125
85.2752667,-82.6904296875,57.2998046875,-39.9365234375
85.3039763,-83.3740234375,57.1533203125,-45.1611328125
85.3372896,-84.1552734375,56.9580078125,-50.1904296875
85.3653879,-85.4248046875,56.1279296875,-54.3896484375
85.3986741,-85.7666015625,56.3232421875,-60.2001953125
85.4260182,-86.8896484375,55.5419921875,-65.0341796875
85.4532213,-87.5732421875,56.3232421875,-69.5751953125
85.4810076,-87.8662109375,57.9833984375,-73.7744140625
85.5172104,-89.1357421875,60.7177734375,-66.8408203125
85.5433761,-89.7705078125,61.6455078125,-34.2236328125
85.5777959,-88.0615234375,63.1103515625,-2.8271484375
85.6074073,-84.5458984375,63.8427734375,15.1904296875
85.6363774,-81.9580078125,65.0146484375,20.8056640625
85.6683697,-80.5908203125,63.5986328125,18.9013671875
85.6970381,-79.7607421875,62.7197265625,11.7724609375
85.7519089,-80.1513671875,63.2568359375,0.2490234375
85.7715397,-80.1025390625,64.5263671875,-13.2275390625
85.7873004,-81.0791015625,63.2080078125,-21.1865234375
85.816741,-82.0556640625,62.4755859375,-25.6787109375
85.8484543,-82.0556640625,61.8896484375,-27.2900390625
85.8775145,-81.9580078125,62.0361328125,-28.5595703125
85.9082787,-82.0556640625,62.0361328125,-31.0498046875
85.9552012,-82.9833984375,61.2548828125,-34.8095703125
85.975536,-83.7158203125,61.1083984375,-39.6435546875
86.0174901,-84.5458984375,61.1083984375,-44.8681640625
86.0394742,-85.2294921875,60.2294921875,-49.9951171875
86.0553226,-86.2060546875,60.0830078125,-53.8525390625
86.1042481,-87.4267578125,59.9365234375,-59.0283203125
86.1222766,-87.9638671875,60.2783203125,-64.4482421875
86.1498025,-88.8916015625,61.2548828125,-68.2568359375
86.1794792,-89.4775390625,61.3525390625,-58.1982421875
86.2234029,-90.0146484375,61.6455078125,-24.1162109375
86.2461222,-87.3291015625,62.7197265625,5.4736328125
86.2860992,-83.2275390625,63.0126953125,21.1474609375
86.3051268,-80.7861328125,62.9638671875,27.0068359375
86.3451638,-79.6630859375,61.4013671875,24.0283203125
86.3656422,-78.9306640625,60.9130859375,16.8017578125
86.4057658,-78.8330078125,59.5947265625,5.0830078125
86.4289334,-79.5166015625,59.5458984375,-7.6611328125
86.4525403,-79.6630859375,58.4716796875,-15.6689453125
86.4820282,-80.4443359375,57.2998046875,-19.4287109375
86.5251165,-80.3466796875,56.2744140625,-20.6982421875
86.5456399,-79.8095703125,55.8837890625,-22.0166015625
86.584905,-80.2978515625,55.2001953125,-24.8974609375
86.6052156,-80.6396484375,54.1748046875,-28.1689453125
86.6482609,-81.3232421875,53.3447265625,-32.9541015625
86.668991,-81.5673828125,52.2705078125,-37.9345703125
86.710839,-82.9833984375,51.4892578125,-42.9150390625
86.7308506,-83.4716796875,50.7080078125,-47.4072265625
86.7705076,-84.6923828125,49.1943359375,-51.9482421875
86.7926379,-85.3271484375,50.3662109375,-57.1728515625
86.8133971,-86.1083984375,52.5146484375,-59.9560546875
86.8563826,-87.1337890625,52.6611328125,-43.3056640625
86.8781795,-87.4755859375,53.3447265625,-10.6396484375
86.9192505,-84.9853515625,53.7353515625,14.5068359375
86.9400049,-80.5908203125,54.2724609375,26.4697265625
86.9610394,-78.7841796875,52.9541015625,28.7646484375
86.9942623,-77.0751953125,51.9775390625,24.8095703125
87.0427951,-77.0751953125,51.5869140625,15.5810546875
87.0634256,-76.5380859375,52.2705078125,2.4462890625
87.1021612,-76.7822265625,51.1474609375,-8.4423828125
87.123237,-77.4169921875,50.3662109375,-14.4482421875
87.1446408,-77.1240234375,49.5849609375,-15.4248046875
87.1882271,-78.0029296875,49.2431640625,-15.9619140625
87.2103289,-77.3193359375,48.5595703125,-17.4267578125
87.2489878,-77.8564453125,48.2666015625,-20.4541015625
87.2715939,-78.0517578125,46.6064453125,-25.0439453125
87.2912569,-78.9306640625,45.6298828125,-29.5849609375
87.3284315,-79.8583984375,44.5068359375,-33.7353515625
87.3778991,-80.3955078125,44.7509765625,-38.7158203125
87.3973335,-81.7138671875,44.0185546875,-43.3056640625
87.4163668,-82.2998046875,44.6044921875,-47.8466796875
87.4431686,-82.9833984375,46.8505859375,-52.5341796875
87.4913517,-83.9599609375,48.4130859375,-42.0361328125
87.512007,-84.9853515625,48.6083984375,-10.9814453125
87.5530523,-85.5712890625,49.3896484375,15.0439453125
87.5729828,-82.7392578125,51.7333984375,28.8134765625
87.6140834,-78.7353515625,51.6845703125,31.7431640625
87.6367214,-77.0263671875,50.7080078125,28.8623046875
87.6766122,-75.7568359375,50.0244140625,20.2685546875
87.6955902,-75.9033203125,51.5869140625,7.0361328125
87.7145989,-75.0732421875,51.1962890625,-4.1943359375
87.7615853,-75.1220703125,49.6337890625,-10.1025390625
87.7825149,-76.5380859375,48.9990234375,-12.3974609375
87.822734,-76.3427734375,49.1943359375,-13.6669921875
87.8447358,-76.4404296875,49.6337890625,-15.1318359375
87.8838851,-76.6845703125,49.0966796875,-18.4033203125
87.9050237,-77.1240234375,48.7060546875,-22.5048828125
87.9440179,-77.3193359375,48.8525390625,-27.4365234375
87.9652715,-78.4912109375,48.6083984375,-32.3681640625
88.0066102,-79.0771484375,47.9736328125,-36.3720703125
88.0255344,-79.6630859375,47.7783203125,-41.0595703125
88.0456917,-80.8837890625,48.2666015625,-46.6259765625
88.0804611,-81.2744140625,49.7802734375,-51.0693359375
88.1251701,-82.2509765625,51.2939453125,-46.1376953125
88.1467653,-82.6904296875,52.5634765625,-17.4755859375
88.1877211,-83.9111328125,52.5634765625,12.2607421875
88.2081802,-82.4462890625,53.7353515625,29.0576171875
88.2282114,-79.2236328125,53.9306640625,34.8681640625
88.260151,-76.6845703125,53.8330078125,32.5732421875
88.3083521,-74.9755859375,53.2470703125,26.2255859375
88.3285579,-74.5849609375,53.6865234375,16.0205078125
88.3486051,-74.5849609375,54.0771484375,4.0576171875
88.3773438,-74.6337890625,53.1982421875,-4.2431640625
88.425456,-75.6103515625,51.9287109375,-8.4912109375
88.4464099,-76.4892578125,51.5380859375,-10.5419921875
88.4850718,-76.4892578125,52.1728515625,-11.6162109375
88.5075296,-75.9033203125,51.3916015625,-14.3017578125
88.5295716,-76.5869140625,51.6845703125,-18.6962890625
88.5632848,-76.7333984375,51.5380859375,-22.8466796875
88.6089273,-77.3681640625,50.9521484375,-28.0224609375
88.6300542,-78.6865234375,50.0244140625,-32.4169921875
88.651753,-79.6630859375,50.1708984375,-36.9091796875
88.6983772,-80.4931640625,48.8525390625,-41.8408203125
88.7123742,-81.3232421875,48.6083984375,-47.3095703125
88.7619266,-81.9580078125,50.4638671875,-53.1689453125
88.7816072,-82.3974609375,51.6845703125,-54.6826171875
88.7979751,-83.7646484375,53.0517578125,-35.8837890625
88.8312589,-82.9833984375,52.1240234375,-2.0947265625
88.87619,-79.7119140625,52.9541015625,20.8544921875
88.8946127,-77.0751953125,54.3701171875,33.0615234375
88.9377403,-75.2197265625,54.5654296875,35.3564453125
88.9526261,-73.9501953125,54.2236328125,31.6455078125
89.0006086,-73.6572265625,53.7841796875,24.9072265625
89.012604,-72.9736328125,54.2724609375,12.3583984375
89.0594512,-73.3154296875,53.8330078125,2.2998046875
89.0752954,-74.1943359375,52.9052734375,-4.9755859375
89.1036709,-74.9267578125,51.4404296875,-9.2236328125
89.1526596,-74.4873046875,50.8056640625,-11.4697265625
89.1634184,-74.2919921875,49.2919921875,-13.1298828125
89.1936787,-74.8291015625,47.8759765625,-16.6455078125
89.2269055,-75.3662109375,46.7041015625,-21.4306640625
89.2680812,-76.3916015625,45.4345703125,-26.2646484375
89.2850335,-77.0751953125,44.7998046875,-31.2451171875
89.3295703,-78.5888671875,43.6279296875,-36.5185546875
89.3498412,-78.8330078125,43.1884765625,-41.3037109375
89.3746157,-79.9560546875,42.0166015625,-46.2841796875
89.4067952,-80.7373046875,41.2353515625,-52.1435546875
89.4348312,-81.6162109375,40.6494140625,-57.5146484375
89.4683494,-82.5439453125,41.6748046875,-62.9833984375
89.5108268,-83.3251953125,43.3837890625,-65.0830078125
89.5267307,-81.3720703125,43.5791015625,-43.7939453125
89.5584724,-78.2958984375,44.2626953125,-12.7392578125
89.6024373,-75.2685546875,44.2138671875,9.2333984375
89.6133987,-73.8037109375,44.7998046875,19.0966796875
89.6464623,-72.5341796875,44.2626953125,20.4150390625
89.6923893,-72.1435546875,44.1162109375,16.2646484375
89.7064449,-71.8505859375,44.0185546875,6.8408203125
89.7404774,-71.9482421875,43.4326171875,-4.0966796875
89.7679953,-73.4619140625,43.1396484375,-13.9599609375
89.7990268,-72.9248046875,42.6025390625,-19.0869140625
89.8275473,-73.2177734375,43.0908203125,-22.2607421875
89.8544176,-73.2666015625,42.3095703125,-23.7255859375
89.8873329,-73.6572265625,41.6259765625,-26.3134765625
89.9175022,-74.6337890625,41.3818359375,-29.2431640625
89.9463492,-75.7568359375,40.1611328125,-34.0283203125
89.9811734,-75.9033203125,39.1845703125,-37.9345703125
90.009512,-77.0751953125,38.5498046875,-42.8662109375
90.0381536,-78.7353515625,37.8173828125,-46.8212890625
90.0705601,-78.7841796875,37.0849609375,-51.8017578125
90.0979422,-79.9072265625,37.1826171875,-56.4404296875
90.1305283,-80.9814453125,36.5478515625,-61.9091796875
90.1615044,-81.8603515625,36.8408203125,-67.7685546875
90.1889603,-83.1298828125,38.4033203125,-72.6025390625
90.2235137,-83.6669921875,39.1845703125,-71.6748046875
90.2524906,-82.0068359375,40.8935546875,-47.9931640625
90.2834572,-78.1982421875,41.4794921875,-20.3564453125
90.3124907,-75.5126953125,42.4560546875,-3.5595703125
90.3395134,-73.7548828125,44.0673828125,1.9091796875
90.3735825,-73.5595703125,43.3349609375,0.5908203125
90.4024732,-72.9248046875,41.7724609375,-6.4404296875
90.4324606,-72.6318359375,43.5302734375,-17.2314453125
90.4624663,-73.2666015625,43.9697265625,-28.8525390625
90.4914594,-74.6337890625,43.7744140625,-37.0068359375
90.5214726,-74.6826171875,43.7255859375,-40.7177734375
90.5514394,-75.0244140625,43.4326171875,-42.0849609375
90.5832449,-74.6337890625,44.0673828125,-43.3544921875
90.6102354,-74.6826171875,44.2626953125,-46.0400390625
90.6443585,-75.8544921875,44.3115234375,-50.0927734375
90.6701913,-76.7822265625,44.4580078125,-55.2685546875
90.7052656,-77.3681640625,45.0439453125,-59.4189453125
90.7352349,-78.5888671875,45.3369140625,-63.6669921875
90.761264,-79.1259765625,45.6787109375,-67.7197265625
90.7952223,-80.3466796875,44.8974609375,-72.2607421875
90.8221948,-81.1279296875,45.2880859375,-77.1435546875
90.85263,-82.1533203125,45.5322265625,-82.3193359375
90.8861964,-83.4228515625,47.7294921875,-88.0322265625
90.9152398,-84.0576171875,50.0244140625,-88.5205078125
90.9425759,-85.0341796875,52.1728515625,-68.3544921875
90.9742247,-82.8369140625,53.5400390625,-38.9599609375
91.0031055,-79.1748046875,54.9072265625,-19.2822265625
91.0377373,-76.9287109375,55.3955078125,-10.4931640625
91.0631155,-75.7568359375,56.5185546875,-10.4931640625
91.0944019,-75.8544921875,55.4931640625,-16.9873046875
91.1271332,-75.1220703125,56.2744140625,-25.8251953125
91.1728397,-74.9267578125,57.2509765625,-38.2275390625
91.1931528,-76.4404296875,57.2998046875,-46.7236328125
91.2342908,-76.8798828125,56.5673828125,-52.4365234375
91.253208,-77.1728515625,56.3232421875,-54.5849609375
91.29268,-76.8310546875,56.5185546875,-56.2939453125
91.313405,-77.2705078125,57.2998046875,-58.5888671875
91.3333789,-78.1982421875,57.4951171875,-61.7138671875
91.3840709,-78.6865234375,57.3974609375,-65.8154296875
91.3967975,-79.7119140625,56.4697265625,-70.3564453125
91.4251104,-80.0537109375,56.6162109375,-75.1904296875
91.4570599,-81.1279296875,56.0791015625,-79.3896484375
91.5030792,-81.8603515625,55.3466796875,-83.5400390625
91.5236606,-82.6416015625,55.4443359375,-87.9345703125
91.5496735,-83.7158203125,54.7607421875,-92.9638671875
91.5750943,-85.1806640625,56.0791015625,-98.4326171875
91.6253608,-85.5224609375,57.2021484375,-103.4130859375
91.6389003,-86.4501953125,59.3505859375,-99.5556640625
91.6674632,-85.6689453125,61.6455078125,-70.9912109375
91.6963103,-82.2509765625,62.9638671875,-40.3271484375
91.7468603,-79.5654296875,64.1845703125,-19.5263671875
91.7673738,-77.5146484375,65.9423828125,-11.5185546875
91.789358,-76.6357421875,65.7470703125,-11.3232421875
91.8173859,-76.4892578125,65.2587890625,-15.9619140625
91.8469581,-76.4892578125,66.1376953125,-23.8232421875
91.8951263,-77.4169921875,65.6982421875,-35.8837890625
91.9139977,-78.4912109375,65.7958984375,-43.8916015625
91.9559863,-77.7587890625,64.8681640625,-50.2392578125
91.9756758,-78.2470703125,64.9169921875,-53.4619140625
92.0155917,-78.3935546875,64.7705078125,-54.7802734375
92.0347711,-78.1982421875,64.8681640625,-57.0751953125
92.073161,-79.3212890625,64.6728515625,-59.6142578125
92.0949035,-80.8837890625,64.2822265625,-63.4228515625
92.1221725,-81.6650390625,63.2080078125,-67.5244140625
92.1647465,-82.2021484375,62.9150390625,-71.9677734375
92.1854873,-83.3251953125,62.4267578125,-77.4853515625
92.2265833,-83.7646484375,60.1806640625,-81.4892578125
92.2462943,-84.9365234375,58.6181640625,-85.4443359375
92.2712478,-86.1572265625,57.3486328125,-90.3759765625
92.3162516,-86.7919921875,56.5673828125,-95.3564453125
92.336056,-88.3544921875,57.1533203125,-101.4111328125
92.3575851,-89.0380859375,59.2041015625,-105.6591796875
92.3924501,-87.0849609375,60.6689453125,-93.8427734375
92.4222193,-83.2763671875,61.1083984375,-59.9072265625
92.4531722,-80.1025390625,62.9150390625,-29.9267578125
92.4978044,-77.8076171875,63.0615234375,-13.0810546875
92.5183739,-77.4658203125,63.9892578125,-7.6123046875
92.5573088,-77.0751953125,62.2802734375,-9.8095703125
92.5868678,-76.6845703125,61.8408203125,-16.4501953125
92.6038947,-77.2216796875,60.7666015625,-25.7275390625
92.6520949,-78.1005859375,60.5224609375,-37.2021484375
92.6710738,-78.2470703125,60.4736328125,-44.9169921875
92.6906533,-78.4423828125,59.1552734375,-49.1162109375
92.7232047,-78.3935546875,58.3251953125,-50.7275390625
92.754179,-78.5888671875,57.4462890625,-52.4365234375
92.7835265,-79.8095703125,56.3232421875,-53.5107421875
92.8311057,-80.2001953125,55.2978515625,-56.9287109375
92.8541009,-81.1767578125,54.4677734375,-60.3955078125
92.8751125,-82.3486328125,53.2958984375,-64.5947265625
92.9036543,-83.2275390625,52.7587890625,-68.8916015625
92.9354508,-84.1064453125,51.4892578125,-72.9931640625
92.9819026,-84.3994140625,50.7080078125,-76.7041015625
93.0036308,-86.0107421875,49.6826171875,-81.7822265625
93.0247244,-86.9384765625,48.8525390625,-86.2255859375
93.0549841,-88.1591796875,48.6572265625,-91.2548828125
93.0839549,-89.2822265625,49.4384765625,-97.1142578125
93.1146628,-89.7216796875,50.5615234375,-99.3603515625
93.1483538,-87.7685546875,52.1728515625,-78.4619140625
93.1721314,-83.4716796875,52.1240234375,-45.2587890625
93.2231802,-81.6162109375,53.4423828125,-20.9423828125
93.245954,-79.7119140625,53.3447265625,-9.8095703125
93.2669707,-79.0283203125,52.7099609375,-8.9794921875
93.3150565,-78.6376953125,51.7822265625,-14.4970703125
93.334197,-78.5888671875,52.6611328125,-24.1162109375
93.3710133,-79.7119140625,52.9541015625,-37.6416015625
93.3916221,-80.0048828125,53.5888671875,-46.7236328125
93.4356525,-80.5419921875,51.8798828125,-51.1669921875
93.45487,-80.1513671875,51.2939453125,-52.9248046875
93.4941554,-80.3955078125,52.5634765625,-52.9248046875
93.5144075,-80.7373046875,53.0029296875,-54.6337890625
93.5545128,-81.1767578125,52.5146484375,-57.2705078125
93.5758564,-82.2998046875,52.9052734375,-61.3720703125
93.6019633,-83.1298828125,52.6123046875,-65.1806640625
93.6422883,-84.4970703125,52.6611328125,-70.2099609375
93.6630644,-84.8876953125,52.3193359375,-74.2626953125
93.7020935,-85.7177734375,52.5634765625,-78.3642578125
93.7228668,-86.7431640625,51.8310546875,-83.1982421875
93.7468579,-87.9150390625,52.3193359375,-88.0322265625
93.7804409,-88.7939453125,53.6376953125,-93.3056640625
93.8238586,-89.9658203125,55.5908203125,-92.2802734375
93.8447196,-91.0400390625,57.4462890625,-66.1572265625
93.8845949,-91.1376953125,57.9345703125,-33.6865234375
93.9203718,-87.9638671875,58.0810546875,-13.6669921875
93.9313591,-84.2041015625,58.9599609375,-5.9521484375
93.9583879,-82.3486328125,58.1298828125,-7.9541015625
93.986945,-81.0302734375,57.6904296875,-14.6435546875
94.018182,-81.6650390625,58.2763671875,-26.2646484375
94.0515115,-81.3720703125,57.8857421875,-39.9365234375
94.0799603,-81.9580078125,56.9580078125,-48.7744140625
94.114319,-83.3251953125,56.2255859375,-53.0224609375
94.1383844,-83.7646484375,55.8837890625,-55.4150390625
94.1680764,-82.8857421875,56.4697265625,-55.3662109375
94.2183558,-83.3251953125,56.7626953125,-57.2216796875
94.2330624,-83.1787109375,56.0302734375,-61.1279296875
94.2607829,-83.9599609375,55.5419921875,-66.3037109375
94.2923603,-84.6435546875,55.1513671875,-70.8447265625
94.3390943,-86.4990234375,54.6142578125,-75.4833984375
94.3592144,-86.3525390625,54.4189453125,-79.9267578125
94.3812495,-87.7685546875,53.4912109375,-84.2236328125
94.412225,-88.5009765625,52.9541015625,-89.0576171875
94.4453607,-89.1357421875,53.2470703125,-93.8916015625
94.4712494,-90.3076171875,53.8818359375,-99.3115234375
94.5012431,-91.3818359375,54.9560546875,-103.0224609375
94.5337739,-91.8212890625,56.0791015625,-83.1982421875
94.5631031,-92.2119140625,57.2509765625,-46.5283203125
94.5932116,-88.5986328125,58.1787109375,-18.3544921875
94.6244392,-85.0830078125,58.5205078125,-4.3896484375
94.6543506,-82.9833984375,58.6181640625,-1.8017578125
94.6813442,-81.8603515625,57.9345703125,-6.2939453125
94.7160978,-81.4697265625,57.4462890625,-15.0830078125
94.7413696,-81.3720703125,58.2763671875,-27.1923828125
94.7743834,-81.8603515625,57.9345703125,-39.1552734375
94.8047455,-82.6904296875,57.0068359375,-46.6748046875
94.8347617,-83.8134765625,56.2255859375,-50.4345703125
94.8647576,-84.2041015625,56.3720703125,-53.0224609375
94.8947496,-83.7158203125,56.3232421875,-54.3896484375
94.9280356,-83.8623046875,56.5185546875,-56.4892578125
94.953813,-84.8388671875,55.8837890625,-60.5908203125
94.9853577,-85.7666015625,55.4443359375,-65.2783203125
95.0188331,-86.4501953125,54.6142578125,-70.6494140625
95.0464472,-87.6708984375,54.3701171875,-75.4345703125
95.0741472,-88.3056640625,53.6865234375,-80.1220703125
95.1096406,-89.0869140625,53.0029296875,-85.0048828125
95.1376351,-90.2587890625,52.6123046875,-89.6435546875
95.1636583,-91.0400390625,51.8798828125,-95.1123046875
95.1994021,-91.8701171875,51.5380859375,-100.4833984375
95.2277071,-93.0419921875,52.8076171875,-106.1474609375
95.2546542,-93.2373046875,54.1259765625,-107.7587890625
95.2890528,-91.6259765625,54.4189453125,-78.9013671875
95.3166389,-87.2802734375,53.8330078125,-40.3271484375
95.3496483,-84.2529296875,55.2490234375,-16.1083984375
95.3797125,-82.6416015625,55.1513671875,-4.4873046875
95.4074484,-82.0068359375,54.7607421875,-3.4619140625
95.4386472,-81.4697265625,53.1494140625,-9.3212890625
95.4666545,-81.5673828125,53.1005859375,-19.6240234375
95.4946248,-82.0556640625,52.4658203125,-32.4169921875
95.5285644,-82.7392578125,50.8544921875,-43.5498046875
95.5596747,-83.1787109375,50.7568359375,-50.6787109375
95.5916487,-82.6904296875,49.3408203125,-53.7060546875
95.6194338,-82.8857421875,49.4873046875,-55.4638671875
95.6492524,-82.9833984375,48.6083984375,-57.2216796875
95.6796615,-84.1064453125,47.6318359375,-60.1513671875
95.7102042,-84.8388671875,46.2646484375,-64.0087890625
95.738356,-85.6689453125,46.4111328125,-68.2080078125
95.7708807,-86.6943359375,44.8486328125,-73.0419921875
95.7988426,-87.7685546875,44.4091796875,-79.1943359375
95.8298046,-88.4521484375,43.4814453125,-83.4423828125
95.8598117,-89.4287109375,43.1396484375,-87.6904296875
95.889857,-90.1611328125,42.0654296875,-92.6220703125
95.9188601,-91.0400390625,40.7470703125,-98.0419921875
95.9512768,-91.9189453125,42.0654296875,-103.5595703125
95.9790121,-93.0419921875,43.6767578125,-108.6376953125
96.012997,-94.1650390625,44.6044921875,-98.8720703125
96.0429874,-91.2841796875,45.9228515625,-62.7880859375
96.0665827,-86.7919921875,46.1669921875,-31.0498046875
96.1014386,-83.6669921875,46.5087890625,-14.8876953125
96.1319284,-82.3974609375,46.1181640625,-10.6884765625
96.1609016,-81.7626953125,45.6787109375,-14.5947265625
96.1919402,-81.5185546875,45.0927734375,-23.7744140625
96.2198722,-81.9091796875,45.6298828125,-36.7626953125
96.2508921,-82.4951171875,44.4091796875,-49.8486328125
96.2818538,-83.1298828125,44.6044921875,-57.3193359375
96.3141229,-83.4228515625,44.5556640625,-59.7607421875
96.3454109,-82.9833984375,43.2373046875,-60.0537109375
96.3748421,-83.7646484375,43.2861328125,-60.7373046875
96.4024734,-83.3740234375,42.5048828125,-63.6181640625
96.4351317,-84.0576171875,42.1142578125,-67.0361328125
96.4626359,-85.1806640625,42.1630859375,-72.0166015625
96.4975029,-86.0107421875,41.0400390625,-76.8505859375
96.5231064,-87.3779296875,40.3076171875,-81.0009765625
96.5516315,-87.8662109375,39.9169921875,-85.5908203125
96.5808492,-88.7939453125,39.3310546875,-89.5947265625
96.6147799,-89.9658203125,38.8916015625,-94.2333984375
96.6407235,-90.2099609375,39.4287109375,-99.4091796875
96.6778925,-91.5283203125,40.6005859375,-104.4873046875
96.7219911,-93.1884765625,42.1142578125,-105.0244140625
96.7436821,-93.7744140625,42.9931640625,-78.6572265625
96.7667171,-93.9208984375,44.7998046875,-43.7939453125
96.7937526,-90.5517578125,46.7041015625,-21.3330078125
96.8292379,-86.4501953125,47.8271484375,-12.9345703125
96.8741107,-84.4482421875,47.5830078125,-13.6181640625
96.895556,-83.2275390625,48.0712890625,-21.1865234375
96.9133817,-82.7392578125,49.8291015625,-34.0283203125
96.9468886,-83.6669921875,50.5126953125,-48.2373046875
96.9755061,-84.1552734375,49.6337890625,-57.3681640625
97.0084494,-84.2529296875,49.8291015625,-61.2255859375
97.0364911,-85.3759765625,50.3662109375,-62.3486328125
97.0645183,-84.7412109375,51.0498046875,-63.2763671875
97.0954719,-84.8876953125,51.3427734375,-64.8876953125
97.1272101,-84.8388671875,50.6591796875,-67.9150390625
97.1603247,-85.4248046875,50.4150390625,-72.5537109375
97.2048613,-86.3525390625,50.8056640625,-78.3642578125
97.2277737,-87.8173828125,50.4150390625,-82.4169921875
97.2452923,-88.9404296875,50.3662109375,-87.7392578125
97.2762243,-89.4775390625,50.3662109375,-91.6455078125
97.3073975,-90.3076171875,49.6826171875,-96.1376953125
97.3397411,-90.7958984375,50.1708984375,-101.3623046875
97.3687642,-91.6259765625,52.1728515625,-107.1240234375
97.3974442,-93.1884765625,54.0283203125,-110.9326171875
97.4298742,-93.9697265625,56.4208984375,-87.1533203125
97.4556448,-94.9951171875,57.5439453125,-48.9697265625
97.4876809,-93.4326171875,58.7158203125,-23.0419921875
97.5388193,-89.6728515625,59.7900390625,-10.8837890625
97.5574145,-85.5712890625,59.6435546875,-8.9306640625
97.5765263,-84.9365234375,59.1064453125,-15.3271484375
97.6102414,-83.9111328125,60.8154296875,-25.9228515625
97.6395756,-83.9111328125,60.7666015625,-39.2041015625
97.669694,-84.7412109375,60.5224609375,-51.5087890625
97.7007373,-85.4248046875,59.8876953125,-57.9052734375
97.7277534,-86.5478515625,59.5458984375,-60.9326171875
97.7629991,-86.9873046875,60.2783203125,-61.8115234375
97.7884574,-86.4501953125,60.8154296875,-63.2275390625
97.8223139,-86.3525390625,59.8388671875,-66.2060546875
97.8526124,-86.7919921875,59.6435546875,-69.8681640625
97.878909,-87.8173828125,59.4482421875,-75.7763671875
97.9080186,-88.6474609375,59.2041015625,-80.5615234375
97.9397486,-89.2333984375,58.5693359375,-85.5908203125
97.9709934,-89.8681640625,57.8369140625,-90.4736328125
98.0159492,-91.1376953125,58.2763671875,-95.3076171875
98.0379675,-91.8701171875,57.3486328125,-99.3603515625
98.0759303,-92.2607421875,57.3486328125,-104.4873046875
98.098527,-93.0908203125,58.6181640625,-110.3955078125
98.134534,-94.9462890625,60.9130859375,-112.7392578125
98.1544214,-95.2880859375,63.2568359375,-85.2490234375
98.2026934,-94.9462890625,64.1357421875,-45.9423828125
98.222429,-91.2841796875,66.0888671875,-20.0634765625
98.2410501,-87.1826171875,66.2353515625,-7.8564453125
98.2705767,-85.2294921875,66.3330078125,-6.2451171875
98.3040273,-84.3017578125,65.0146484375,-11.6162109375
98.334823,-83.9111328125,65.5029296875,-21.7724609375
98.3618738,-83.8134765625,66.4794921875,-33.7841796875
98.3913903,-84.5458984375,66.5771484375,-46.1376953125
98.4246202,-85.4248046875,65.1611328125,-52.3876953125
98.4518632,-85.7666015625,65.2099609375,-55.8544921875
98.4805896,-86.4013671875,64.6240234375,-57.5634765625
98.5136882,-86.3037109375,64.8193359375,-58.9794921875
98.5422868,-86.0107421875,64.7705078125,-62.0068359375
98.5776459,-86.3525390625,64.0380859375,-66.1083984375
98.6033626,-87.1826171875,63.7451171875,-70.9912109375
98.6332904,-88.2080078125,63.4521484375,-75.8251953125
98.6653299,-89.4775390625,63.0126953125,-80.6103515625
98.6942002,-89.8193359375,62.2314453125,-85.6884765625
98.7248399,-91.0400390625,61.9384765625,-89.9365234375
98.7551819,-91.9189453125,61.4990234375,-94.1845703125
98.7877658,-92.7001953125,61.1572265625,-100.0439453125
98.8105298,-93.5302734375,62.2802734375,-105.0732421875
98.8439553,-94.2626953125,63.6962890625,-109.6142578125
98.8738617,-95.4833984375,64.5263671875,-90.8154296875
98.9216563,-95.2392578125,64.8681640625,-52.3388671875
98.9429836,-91.2353515625,65.2587890625,-22.3583984375
98.9660841,-87.2802734375,65.5029296875,-8.3447265625
98.9997937,-84.7900390625,64.5751953125,-5.9521484375
99.0265706,-83.8134765625,63.3056640625,-9.8095703125
99.0558142,-83.0322265625,62.5244140625,-19.1845703125
99.0869384,-83.5693359375,61.7919921875,-32.0751953125
99.1169392,-83.8134765625,60.9619140625,-43.7939453125
99.1459045,-84.4970703125,60.4736328125,-51.7041015625
99.1783883,-84.4970703125,59.6435546875,-54.3408203125
99.2069384,-84.5947265625,58.6181640625,-56.0009765625
99.2409311,-84.3505859375,57.8369140625,-56.9775390625
99.2679378,-84.8876953125,57.0068359375,-59.0771484375
99.2964132,-85.1318359375,56.1279296875,-62.9833984375
99.3294756,-85.7666015625,55.1025390625,-67.5244140625
99.3575843,-86.7919921875,54.2236328125,-72.4560546875
99.3843481,-87.5732421875,53.6376953125,-77.1923828125
99.4201623,-88.3056640625,52.7587890625,-81.9287109375
99.4508083,-88.8427734375,51.4892578125,-86.3720703125
99.476895,-90.3076171875,50.7080078125,-90.1806640625
99.5099078,-90.7470703125,49.5361328125,-95.2587890625
99.5369211,-91.6259765625,49.5361328125,-100.2392578125
99.5709172,-93.1396484375,50.9033203125,-106.0986328125
99.6009061,-93.2373046875,51.7822265625,-106.8310546875
99.6270237,-94.9951171875,53.7841796875,-79.0478515625
99.6573222,-91.7236328125,54.5166015625,-42.9150390625
99.6874141,-87.3291015625,54.8095703125,-19.7705078125
99.7182922,-84.3994140625,55.2001953125,-9.8095703125
99.7525991,-83.2763671875,53.8330078125,-10.3466796875
99.7790165,-82.3486328125,52.6123046875,-18.2080078125
99.8066544,-82.6416015625,52.8564453125,-28.6572265625
99.8421004,-82.5927734375,53.7353515625,-42.2802734375
99.8695982,-83.1787109375,53.4912109375,-52.1923828125
99.9036019,-84.1064453125,53.0517578125,-55.8056640625
99.9306357,-84.0576171875,53.5888671875,-56.1474609375
99.9612409,-83.8623046875,52.6611328125,-56.5380859375
99.9950628,-83.7158203125,51.9775390625,-57.9052734375
100.0216001,-84.4482421875,51.7822265625,-60.6884765625
100.0525743,-85.1806640625,50.6591796875,-65.5224609375
100.1008899,-84.9853515625,50.5126953125,-70.1611328125
100.1116993,-86.8408203125,49.5361328125,-74.5556640625
100.1387665,-86.7431640625,49.3896484375,-78.1689453125
100.1734724,-88.3056640625,48.8525390625,-82.3193359375
100.2013216,-89.1357421875,48.5595703125,-86.9580078125
100.2356064,-89.7705078125,48.5107421875,-91.6943359375
100.2643615,-90.4052734375,50.0732421875,-96.7236328125
100.2911824,-91.2353515625,51.9287109375,-99.0673828125
100.3241837,-92.7001953125,53.1494140625,-77.2412109375
100.3521901,-93.4326171875,54.5654296875,-42.6708984375
100.3860386,-93.4814453125,55.2001953125,-18.8916015625
100.4147063,-90.7958984375,56.2255859375,-9.1259765625
100.4421833,-86.1572265625,55.8349609375,-8.1005859375
100.473175,-83.7158203125,55.2490234375,-15.1806640625
100.5062555,-82.6904296875,55.8837890625,-25.6787109375
100.5331532,-83.1298828125,56.4208984375,-39.7412109375
100.5666662,-82.9833984375,55.5419921875,-50.4833984375
100.5961572,-83.7646484375,55.5419921875,-54.6826171875
100.6236516,-84.1552734375,55.7861328125,-55.2197265625
100.657153,-84.7412109375,55.5908203125,-54.9755859375
100.6841556,-84.4482421875,55.1025390625,-57.1728515625
100.7167249,-83.8134765625,54.9560546875,-60.4443359375
100.7446396,-84.1064453125,54.1748046875,-64.7412109375
100.7751383,-84.7900390625,53.9306640625,-69.8681640625
100.8051464,-85.5712890625,53.2470703125,-74.7509765625
100.8367936,-86.1572265625,53.6376953125,-79.4384765625
100.8655753,-86.9873046875,52.9052734375,-82.9541015625
100.8997816,-87.6220703125,52.0751953125,-87.6904296875
100.9267641,-88.5009765625,52.5146484375,-91.8408203125
100.966135,-89.4775390625,53.6865234375,-97.0654296875
100.9862751,-90.4541015625,54.6630859375,-100.8740234375
101.0149425,-90.8447265625,55.8837890625,-85.6884765625
101.0514107,-92.0654296875,56.3720703125,-48.0419921875
101.0788644,-92.3095703125,57.2021484375,-18.8427734375
101.108868,-90.3076171875,57.2021484375,-4.2919921875
101.1344681,-86.2060546875,57.4462890625,-0.6787109375
101.1683123,-83.1787109375,56.8115234375,-4.3408203125
101.1954349,-82.2509765625,57.0556640625,-12.7392578125
101.2284599,-82.1044921875,57.1533203125,-25.0927734375
101.2584324,-82.3486328125,56.2255859375,-37.1533203125
101.2867424,-82.4462890625,56.3720703125,-44.5751953125
101.3200369,-82.9833984375,55.7373046875,-47.4072265625
101.3480133,-83.5205078125,56.3232421875,-47.8955078125
101.3800196,-83.1298828125,56.0791015625,-49.8486328125
101.4090203,-83.4716796875,55.4931640625,-52.0458984375
101.4397338,-83.1298828125,55.2978515625,-55.9033203125
101.4666759,-83.2763671875,55.3466796875,-60.4931640625
101.4986512,-84.6923828125,54.1748046875,-65.7666015625
101.5301517,-84.9365234375,54.0771484375,-70.4541015625
101.5616515,-85.8154296875,53.1982421875,-75.4345703125
101.591653,-86.7919921875,52.8564453125,-79.2919921875
101.6186573,-87.7685546875,52.0263671875,-84.1259765625
101.6508512,-87.9638671875,52.0263671875,-89.2041015625
101.6848436,-88.2080078125,52.8564453125,-94.4775390625
101.711886,-90.0146484375,53.7841796875,-99.7021484375
101.741404,-90.6494140625,55.8349609375,-89.5458984375
101.7724932,-91.6259765625,56.0791015625,-51.9482421875
101.7967148,-90.6494140625,56.9580078125,-19.3310546875
101.8333328,-86.9873046875,57.3486328125,-1.3623046875
101.8610968,-83.1787109375,57.4951171875,3.5205078125
101.8920822,-81.5673828125,57.0068359375,1.5673828125
101.9218046,-80.7373046875,56.5673828125,-5.7080078125
101.9491588,-80.3466796875,56.4208984375,-16.4013671875
101.9848623,-79.9560546875,56.3720703125,-28.9501953125
102.0118504,-79.9560546875,54.7607421875,-37.2021484375
102.0439863,-80.9814453125,54.3212890625,-41.5966796875
102.0718572,-81.4697265625,53.3447265625,-43.1103515625
102.0997498,-81.2255859375,52.0751953125,-44.2822265625
102.1346314,-81.0302734375,51.7333984375,-46.4794921875
102.1628695,-81.3720703125,51.1962890625,-50.3369140625
102.1937903,-81.9580078125,50.3173828125,-54.0966796875
102.2238806,-82.3486328125,49.7802734375,-59.7607421875
102.2548971,-83.3740234375,50.0244140625,-64.3017578125
102.2836112,-84.3505859375,47.6318359375,-68.9404296875
102.3334728,-84.4970703125,47.5341796875,-73.3837890625
102.3524942,-85.2294921875,46.8994140625,-77.5341796875
102.393178,-86.4501953125,46.8017578125,-83.1982421875
102.4052892,-86.9873046875,48.8525390625,-88.2763671875
102.435281,-88.1103515625,50.0732421875,-89.9365234375
102.4643141,-89.2822265625,49.9267578125,-65.8154296875
102.4942802,-89.6240234375,51.0986328125,-31.0009765625
102.5239566,-90.8935546875,51.5869140625,-6.8798828125
102.5574514,-86.6943359375,53.0029296875,3.4716796875
102.5847157,-83.3251953125,52.2705078125,3.2763671875
102.6130198,-80.4443359375,50.3662109375,-2.5341796875
102.6459589,-78.9306640625,50.7568359375,-12.3974609375
102.6769603,-78.5888671875,50.2197265625,-24.8974609375
102.7039759,-77.9541015625,49.4384765625,-35.4931640625
102.7356249,-78.3935546875,48.3154296875,-39.8876953125
102.7654293,-78.4912109375,47.8271484375,-40.9130859375
102.7983723,-78.8818359375,47.2900390625,-41.6943359375
102.8258468,-79.9072265625,46.7041015625,-43.1591796875
102.8546638,-79.3212890625,46.1669921875,-46.4794921875
102.8910869,-79.3212890625,45.7275390625,-49.6533203125
102.9174182,-79.8095703125,45.3857421875,-55.5126953125
102.94603,-80.2978515625,44.5556640625,-60.2978515625
102.9791609,-81.0302734375,43.8232421875,-64.6923828125
103.0069114,-82.2021484375,43.0419921875,-68.7451171875
103.0349085,-82.8857421875,42.1630859375,-72.9443359375
103.0679048,-83.6181640625,41.3330078125,-77.6806640625
103.098901,-84.0087890625,42.1630859375,-81.8310546875
103.146132,-85.0830078125,43.9697265625,-87.6904296875
103.1660977,-85.8642578125,45.9228515625,-81.7822265625
103.1889563,-87.0849609375,46.6064453125,-49.6044921875
103.2197645,-87.9150390625,48.0712890625,-19.3798828125
103.2489309,-87.3779296875,48.3154296875,-2.8759765625
103.2780256,-83.5205078125,48.2666015625,2.8857421875
103.3090496,-80.5419921875,47.1923828125,0.1025390625
103.3399351,-79.1748046875,48.0224609375,-7.8564453125
103.365919,-77.3193359375,49.2431640625,-20.7470703125
103.3999284,-77.4169921875,49.6337890625,-33.1982421875
103.4299518,-78.0517578125,49.0966796875,-40.2783203125
103.4620207,-77.8564453125,49.0478515625,-41.4990234375
103.4920082,-78.7841796875,50.1708984375,-40.9619140625
103.5190389,-79.2236328125,50.5126953125,-42.2802734375
103.5527834,-79.3701171875,50.8544921875,-44.3798828125
103.5806677,-79.1748046875,51.4404296875,-47.6513671875
103.6130978,-79.2236328125,51.1962890625,-52.7783203125
103.6431289,-79.4189453125,51.1962890625,-57.3193359375
103.6693755,-80.1513671875,50.7568359375,-61.7626953125
103.7015609,-81.5185546875,50.8056640625,-65.5224609375
103.7333316,-82.2998046875,51.1474609375,-70.0634765625
103.7606338,-82.9833984375,51.9775390625,-74.8486328125
103.7915985,-83.8134765625,52.7099609375,-79.6337890625
103.8216345,-84.0087890625,55.6396484375,-80.0732421875
103.8513805,-85.8642578125,56.3232421875,-55.4150390625
103.8825053,-86.0595703125,58.6181640625,-23.2373046875
103.9131552,-86.9873046875,60.5224609375,-2.2900390625
103.9634008,-88.3056640625,61.3037109375,6.4013671875
103.9738085,-86.2548828125,61.4990234375,6.4013671875
104.0008673,-82.4462890625,61.1083984375,-0.6298828125
104.0327744,-79.5166015625,62.5244140625,-10.5419921875
104.0627823,-77.9541015625,62.7197265625,-24.5556640625
104.0938306,-77.7099609375,61.7919921875,-32.9541015625
104.1256866,-77.4658203125,62.4755859375,-37.1533203125
104.1531973,-78.4912109375,62.7685546875,-37.8857421875
104.1818425,-78.9306640625,63.9404296875,-38.9599609375
104.2148493,-79.4677734375,63.4521484375,-41.0107421875
104.2434308,-79.6142578125,63.0615234375,-43.8427734375
104.2803406,-79.2724609375,63.2568359375,-48.8232421875
104.3046134,-79.3701171875,63.5986328125,-53.9013671875
104.3334033,-79.9072265625,63.1103515625,-58.4912109375
104.3674288,-80.3955078125,62.6220703125,-63.3251953125
104.3963889,-81.3232421875,62.5244140625,-67.3779296875
104.4244118,-81.8603515625,61.6943359375,-71.5283203125
104.4567708,-82.5439453125,62.0361328125,-76.0693359375
104.4861136,-82.9833984375,64.1357421875,-80.9521484375
104.5143059,-83.7158203125,65.8447265625,-85.1513671875
104.5472639,-85.0341796875,68.6279296875,-70.7958984375
104.5755485,-85.9619140625,69.9951171875,-35.0048828125
104.6035833,-86.7431640625,72.3876953125,-5.1220703125
104.6360009,-86.4990234375,72.5830078125,10.1611328125
104.6647019,-83.1298828125,72.8759765625,14.5068359375
104.6978143,-79.8095703125,72.7783203125,12.0654296875
104.7277898,-78.0029296875,73.4130859375,5.7177734375
104.7551733,-76.3916015625,73.4130859375,-5.3662109375
104.7889083,-76.3427734375,73.8037109375,-17.2802734375
104.8163582,-76.5380859375,73.2666015625,-24.4091796875
104.8454886,-76.0009765625,73.4619140625,-27.5830078125
104.8787649,-77.0751953125,73.6572265625,-29.8779296875
104.9083443,-77.0263671875,74.0966796875,-30.7080078125
104.9383167,-77.6123046875,73.8037109375,-33.2958984375
104.9680818,-77.3681640625,73.0224609375,-37.2021484375
104.9982939,-77.5146484375,73.1689453125,-41.1572265625
105.0303158,-78.1494140625,72.5830078125,-46.2353515625
105.0588588,-78.5400390625,72.4853515625,-50.6787109375
105.0884991,-79.5166015625,71.9970703125,-55.3662109375
105.1210282,-80.1025390625,71.6064453125,-60.5419921875
105.1489793,-80.9814453125,70.8740234375,-64.5947265625
105.1763225,-81.7626953125,70.3857421875,-69.3310546875
105.2153617,-82.3974609375,70.2880859375,-74.7998046875
105.2383174,-83.5205078125,71.2158203125,-80.5126953125
105.2673324,-83.9599609375,72.4853515625,-85.7373046875
105.3015194,-85.3759765625,74.4384765625,-72.3583984375
105.3305988,-85.5712890625,75.1708984375,-35.1513671875
105.3641842,-84.0087890625,75.8544921875,-4.4873046875
105.3925187,-80.1513671875,76.3427734375,12.2607421875
105.4208489,-77.0263671875,76.7333984375,17.1435546875
105.4506553,-76.0009765625,75.3662109375,15.7763671875
105.4877256,-74.4384765625,74.2431640625,9.1845703125
105.5080649,-74.0478515625,73.9013671875,-1.2646484375
105.5436946,-73.3154296875,73.3154296875,-13.2763671875
105.5704029,-73.9990234375,72.7294921875,-21.7236328125
105.5980158,-74.5361328125,71.3623046875,-25.1416015625
105.6350152,-74.4873046875,70.1416015625,-26.7529296875
105.6605003,-74.2919921875,69.8486328125,-28.0712890625
105.6923765,-74.1455078125,68.6767578125,-30.7568359375
105.7233826,-73.9990234375,68.2373046875,-33.7841796875
105.7502712,-75.1708984375,66.9677734375,-39.2041015625
105.7859209,-75.5126953125,65.8447265625,-43.6474609375
105.8112606,-76.9775390625,65.3564453125,-48.3837890625
105.8434227,-77.6611328125,63.8916015625,-53.3642578125
105.8733762,-78.5400390625,62.8173828125,-57.6611328125
105.9013319,-79.4189453125,62.1337890625,-61.9091796875
105.9323804,-80.0048828125,61.0107421875,-66.5478515625
105.9648773,-81.3232421875,60.1318359375,-72.2119140625
105.9936419,-82.0068359375,60.9619140625,-76.5576171875
106.0248851,-82.9833984375,62.4267578125,-80.4638671875
106.0534387,-84.2529296875,63.8916015625,-60.4443359375
106.0839546,-85.1806640625,64.5263671875,-25.4345703125
106.1146328,-84.0576171875,65.0634765625,0.5908203125
106.1429816,-80.1513671875,64.2333984375,12.4072265625
106.174501,-76.6845703125,63.8427734375,14.4091796875
106.2040092,-74.3896484375,64.1845703125,10.2587890625
106.2346486,-73.6572265625,63.2080078125,1.3232421875
106.2619061,-73.1689453125,62.1826171875,-11.4697265625
106.293817,-72.7783203125,62.3291015625,-21.6748046875
106.323954,-73.1201171875,61.6943359375,-27.5341796875
106.3523025,-73.8037109375,61.2548828125,-29.6826171875
106.3853936,-74.1943359375,61.6943359375,-29.7802734375
106.4133885,-74.0478515625,60.5224609375,-31.9775390625
106.4491857,-73.8525390625,59.9365234375,-34.8095703125
106.4763876,-73.9990234375,58.6669921875,-39.3994140625
106.5034074,-74.6337890625,57.9833984375,-43.4033203125
106.5383789,-75.3173828125,55.9326171875,-48.2373046875
106.5675275,-76.3427734375,55.7373046875,-52.3876953125
106.5961681,-78.0029296875,54.5166015625,-56.9287109375
106.6264959,-78.5888671875,53.4912109375,-60.6396484375
106.6580197,-79.4189453125,52.9052734375,-65.8642578125
106.6859352,-80.5419921875,54.2236328125,-70.6494140625
106.7154167,-81.5673828125,56.0302734375,-75.5810546875
106.7454661,-82.3974609375,56.5673828125,-64.2529296875
106.7774502,-83.3251953125,57.4462890625,-31.6845703125
106.8063789,-84.0087890625,58.4716796875,-4.9267578125
106.8360949,-85.2783203125,59.5458984375,8.7451171875
106.8732564,-83.7158203125,59.0087890625,12.5048828125
106.8986963,-79.6142578125,57.1533203125,8.7939453125
106.9301308,-76.9287109375,57.2021484375,0.6396484375
106.9607399,-75.4150390625,58.1298828125,-12.3486328125
106.9889731,-74.5361328125,58.2763671875,-23.6767578125
107.0157953,-74.1455078125,57.6904296875,-29.6337890625
107.0561626,-74.7314453125,56.8603515625,-31.0498046875
107.0766797,-75.1708984375,57.2998046875,-31.7822265625
107.1145322,-76.6845703125,57.5439453125,-33.4423828125
107.1400954,-76.0009765625,57.2021484375,-36.2744140625
107.1694563,-75.4150390625,57.0068359375,-40.2783203125
107.1989047,-76.0498046875,57.0556640625,-45.1123046875
107.2298478,-75.8544921875,56.7138671875,-49.7998046875
107.2623713,-76.6845703125,56.2744140625,-54.4384765625
107.2908982,-77.5634765625,56.2255859375,-58.6376953125
107.3207392,-78.6865234375,55.6884765625,-63.0322265625
107.3519256,-80.2490234375,54.9072265625,-67.5732421875
107.3825354,-80.2490234375,56.5673828125,-72.5048828125
107.4105834,-81.6650390625,57.5927734375,-78.0224609375
107.4456014,-82.7392578125,60.0341796875,-72.0654296875
107.4705154,-83.0322265625,60.5224609375,-40.6689453125
107.4982798,-84.4970703125,60.9130859375,-9.9560546875
107.5375955,-85.0830078125,61.9873046875,8.3544921875
107.562613,-84.6923828125,62.5732421875,14.7998046875
107.592624,-81.9580078125,61.6455078125,13.4326171875
107.621616,-78.1982421875,60.8642578125,6.6943359375
107.6506222,-76.4404296875,61.8896484375,-3.4130859375
107.6842372,-75.8056640625,60.9130859375,-16.3525390625
107.7115756,-75.1220703125,60.6689453125,-24.7509765625
107.7418824,-75.4638671875,59.9853515625,-28.6572265625
107.7727269,-76.0009765625,60.1806640625,-30.9521484375
107.8046843,-76.7333984375,60.7666015625,-32.2705078125
107.8362992,-76.5380859375,59.7900390625,-34.5654296875
107.8646551,-76.6845703125,59.4482421875,-38.2275390625
107.8934285,-76.3427734375,59.3505859375,-42.9150390625
107.9236583,-76.5380859375,58.8623046875,-47.7001953125
107.9547427,-77.1240234375,58.6181640625,-52.7294921875
107.9809065,-77.9541015625,57.8369140625,-57.5146484375
108.0149175,-79.0283203125,57.6416015625,-61.8603515625
108.0454344,-79.9560546875,56.6650390625,-67.1826171875
108.0746995,-80.5908203125,57.5439453125,-71.7236328125
108.1068817,-81.6650390625,58.4716796875,-77.6318359375
108.1345984,-82.6904296875,60.8154296875,-76.0693359375
108.1668457,-83.0322265625,60.9130859375,-47.0166015625
108.1955915,-84.4970703125,61.8408203125,-14.1064453125
108.2249711,-85.6689453125,62.8173828125,7.1826171875
108.2539079,-85.5224609375,63.3056640625,16.0693359375
108.2868315,-83.1298828125,62.5732421875,16.7041015625
108.3128515,-79.9560546875,62.0361328125,11.3330078125
108.3483166,-77.0263671875,62.8662109375,3.0322265625
108.3774701,-75.3173828125,61.8408203125,-9.0283203125
108.4058319,-74.2431640625,61.4013671875,-19.1845703125
108.4395953,-74.2919921875,61.4501953125,-25.8740234375
108.4673097,-74.2919921875,61.3037109375,-29.0966796875
108.499813,-74.8291015625,61.4990234375,-30.4150390625
108.5274331,-75.5126953125,61.3525390625,-32.7587890625
108.5573173,-75.1708984375,60.8154296875,-35.4443359375
108.5831308,-75.6103515625,60.2294921875,-38.9599609375
108.6173434,-75.3662109375,60.2783203125,-44.0380859375
108.6473771,-75.9033203125,59.8388671875,-49.4580078125
108.6802755,-76.8798828125,58.7646484375,-54.3896484375
108.7090725,-77.0751953125,58.4716796875,-59.1748046875
108.7353614,-78.8330078125,57.2509765625,-64.2529296875
108.7680698,-79.6142578125,57.1044921875,-69.2822265625
108.7981235,-80.2490234375,55.8349609375,-74.0185546875
108.8318031,-81.5185546875,55.8837890625,-79.9267578125
108.8574297,-82.2998046875,57.9833984375,-85.5419921875
108.888415,-82.9833984375,58.5693359375,-86.5673828125
108.9183487,-84.0576171875,59.3505859375,-59.7119140625
108.9499338,-85.3271484375,59.4482421875,-21.6748046875
108.9783827,-83.6181640625,60.0830078125,2.1533203125
109.0103284,-79.7607421875,61.0595703125,13.8720703125
109.0405835,-76.9775390625,60.0341796875,15.5322265625
109.0668364,-74.7314453125,58.8134765625,11.3330078125
109.1007787,-73.6083984375,58.3251953125,3.2275390625
109.130795,-72.9248046875,57.5927734375,-8.8330078125
109.1567313,-72.5830078125,57.3486328125,-19.9658203125
109.1896419,-73.1201171875,56.4697265625,-26.5576171875
109.2185029,-74.1455078125,56.1279296875,-28.9990234375
109.2529913,-74.0966796875,54.8583984375,-31.0009765625
109.2808064,-74.7314453125,53.4423828125,-32.6611328125
109.3108175,-74.3896484375,53.2470703125,-35.6884765625
109.3437672,-74.4384765625,52.7587890625,-39.1552734375
109.3708124,-75.2685546875,51.5869140625,-43.9892578125
109.3990598,-76.2939453125,50.4150390625,-48.7255859375
109.4317928,-76.3916015625,49.3896484375,-53.6572265625
109.463807,-77.5146484375,48.9990234375,-58.7353515625
109.4886919,-78.5400390625,47.9248046875,-62.6416015625
109.5242606,-79.5654296875,46.8017578125,-68.4033203125
109.5494166,-80.8349609375,47.0947265625,-74.0185546875
109.5900063,-81.6650390625,48.2666015625,-79.4384765625
109.6120045,-83.0322265625,49.3408203125,-78.4619140625
109.6417939,-84.4482421875,50.3173828125,-51.1669921875
109.6734358,-85.1318359375,51.5380859375,-18.8427734375
109.702159,-85.9619140625,51.9775390625,1.6162109375
109.7310332,-85.2294921875,52.4169921875,10.2587890625
109.765956,-82.2998046875,51.2451171875,9.9169921875
109.7928763,-78.6865234375,50.2197265625,3.7158203125
109.8318257,-76.4404296875,51.2451171875,-7.3193359375
109.855659,-75.2197265625,50.7080078125,-20.1611328125
109.8828618,-74.5849609375,49.6826171875,-28.8037109375
109.9158378,-74.4384765625,49.6826171875,-33.8818359375
109.9436147,-73.6083984375,48.4619140625,-34.8583984375
109.9745792,-74.6826171875,46.5087890625,-35.6884765625
110.0055918,-75.9033203125,45.8740234375,-37.9833984375
110.0346293,-75.8056640625,45.4345703125,-40.8642578125
110.0625957,-75.1708984375,45.4833984375,-45.8935546875
110.102682,-75.8544921875,45.4833984375,-50.5322265625
110.1251543,-76.3427734375,45.7275390625,-54.9755859375
110.1645957,-76.8798828125,46.3134765625,-59.6142578125
110.1837507,-77.6611328125,47.4365234375,-63.7646484375
110.2138351,-78.8330078125,47.2412109375,-68.2568359375
110.2530654,-80.2001953125,48.5595703125,-73.3837890625
110.2750947,-80.5419921875,50.8544921875,-78.7548828125
110.3141264,-81.8115234375,53.4912109375,-79.8779296875
110.3361366,-82.2998046875,54.2236328125,-56.8310546875
110.3674386,-83.8134765625,55.6396484375,-24.4091796875
110.3929425,-85.0830078125,57.3974609375,-2.8271484375
110.434636,-86.0595703125,58.0322265625,6.4013671875
110.4568948,-85.5712890625,58.2275390625,6.6943359375
110.4851234,-82.2998046875,57.9345703125,0.7861328125
110.5228132,-78.9306640625,59.2041015625,-10.6884765625
110.5474213,-77.1240234375,59.3017578125,-23.8720703125
110.5859804,-76.1474609375,59.2529296875,-33.1494140625
110.609984,-75.6103515625,59.1064453125,-37.7880859375
110.6369535,-75.7568359375,59.3505859375,-39.4482421875
110.6753841,-76.0986328125,59.8876953125,-40.8154296875
110.70047,-77.2216796875,59.5947265625,-42.0849609375
110.72472,-78.0517578125,59.9853515625,-45.9912109375
110.7644185,-77.7587890625,59.5947265625,-50.1416015625
110.7888033,-77.7099609375,59.0576171875,-55.5126953125
110.8211986,-77.7099609375,58.5693359375,-60.5419921875
110.8500333,-78.5400390625,58.5693359375,-64.7412109375
110.8768631,-79.4189453125,58.2275390625,-69.5263671875
110.9146648,-80.2978515625,57.8369140625,-74.1650390625
110.9392388,-81.4697265625,58.5693359375,-78.9501953125
110.9778305,-82.1533203125,60.6201171875,-84.1259765625
111.0022137,-82.8369140625,62.5732421875,-80.9033203125
111.0272963,-84.2529296875,63.3056640625,-50.7763671875
111.0682622,-85.3759765625,65.8935546875,-18.2080078125
111.0917342,-86.4013671875,65.9912109375,2.0068359375
111.1197643,-87.5732421875,67.2119140625,9.6240234375
111.1480571,-87.4755859375,66.7236328125,8.6962890625
111.1947533,-85.0830078125,66.9677734375,2.4462890625
111.2097737,-81.0302734375,67.3095703125,-7.8564453125
111.2418206,-79.2236328125,66.5283203125,-21.0400390625
111.2692444,-77.5146484375,66.5283203125,-30.8544921875
111.3012514,-76.8798828125,66.9189453125,-35.5908203125
111.3307679,-77.1240234375,66.0888671875,-37.0068359375
111.3625437,-77.9052734375,66.8701171875,-38.1787109375
111.3909655,-78.4912109375,66.8701171875,-40.6201171875
111.4297649,-78.9794921875,66.5771484375,-44.2822265625
111.4510376,-79.4189453125,66.3330078125,-48.4326171875
111.4907082,-79.1748046875,65.3076171875,-53.8037109375
111.5141932,-79.3701171875,65.6494140625,-58.7841796875
111.5420668,-79.8583984375,64.7216796875,-64.0576171875
111.5741591,-80.3466796875,64.9658203125,-68.5009765625
111.6041747,-81.7626953125,63.8916015625,-73.1884765625
111.6326713,-82.4462890625,64.8193359375,-78.0224609375
111.6720089,-83.1787109375,65.3076171875,-83.2470703125
111.6948736,-84.6923828125,67.7490234375,-88.1298828125
111.723644,-85.0341796875,70.2392578125,-73.2861328125
111.7561129,-86.1083984375,71.8505859375,-36.3232421875
111.7938523,-87.0849609375,71.9970703125,-5.9033203125
111.8165543,-87.8662109375,72.6318359375,10.5517578125
111.8465798,-88.1591796875,72.8271484375,15.5810546875
111.8751749,-84.4482421875,72.6318359375,12.4072265625
111.8992371,-81.4208984375,72.3876953125,5.5712890625
111.9413599,-78.2958984375,72.3388671875,-5.5126953125
111.9643927,-77.9052734375,71.9970703125,-17.4267578125
111.9976387,-77.1240234375,70.8740234375,-25.8251953125
112.0251861,-76.7822265625,69.4580078125,-30.4150390625
112.0552035,-77.3681640625,68.5791015625,-32.7099609375
112.0876302,-77.7587890625,67.5537109375,-34.3212890625
112.1156283,-78.1005859375,67.2119140625,-37.0068359375
112.1487122,-78.4912109375,65.6494140625,-40.2783203125
112.1774328,-78.2470703125,65.1611328125,-45.3076171875
112.2046012,-78.4423828125,63.7451171875,-50.4833984375
112.2428899,-78.8330078125,62.3779296875,-55.8544921875
112.2651299,-79.8583984375,61.4990234375,-61.1767578125
112.296475,-80.5908203125,60.3271484375,-65.8154296875
112.3276095,-81.6650390625,59.3017578125,-70.6982421875
112.363391,-82.2998046875,58.9599609375,-75.5810546875
112.3835012,-83.3251953125,60.3759765625,-81.0986328125
112.4215927,-84.4482421875,60.4736328125,-86.0302734375
112.4464655,-84.6923828125,62.7197265625,-76.1181640625
112.4898122,-86.2060546875,63.1591796875,-40.1318359375
112.5087893,-87.3779296875,63.6962890625,-9.4189453125
112.5352832,-87.9150390625,63.2568359375,8.3544921875
112.5753951,-87.2314453125,62.9638671875,14.0185546875
112.5983994,-83.1787109375,62.6220703125,10.7958984375
112.6379805,-79.9072265625,62.6708984375,3.5693359375
112.6606148,-77.8076171875,61.5478515625,-8.2958984375
112.6899652,-76.5380859375,61.2060546875,-20.8935546875
112.7169802,-75.9521484375,60.8642578125,-28.9501953125
112.7577681,-75.7568359375,60.5712890625,-33.1494140625
112.7797253,-75.9033203125,59.6923828125,-34.5654296875
112.8131495,-76.3916015625,58.3251953125,-34.8583984375
112.8414063,-77.8076171875,57.8857421875,-38.0322265625
112.8691747,-77.2216796875,56.9580078125,-41.1083984375
112.9017804,-76.9287109375,56.6162109375,-46.4306640625
112.9307657,-77.3193359375,55.2490234375,-51.0693359375
112.9577166,-77.4169921875,54.6142578125,-55.9521484375
112.9978395,-78.9794921875,54.3701171875,-60.7373046875
113.0222242,-78.8818359375,52.8076171875,-65.6201171875
113.0522373,-80.5419921875,52.6123046875,-69.9658203125
113.0830941,-81.5185546875,53.0517578125,-75.5322265625
113.1100201,-82.3974609375,55.1513671875,-81.0986328125
113.1442792,-83.8134765625,55.1025390625,-81.7822265625
113.1728553,-84.4970703125,55.5908203125,-56.8798828125
113.2015006,-85.4248046875,56.7626953125,-24.4091796875
113.2327934,-86.1572265625,57.3974609375,-1.8994140625
113.2607707,-87.7197265625,57.6904296875,7.5244140625
113.2897066,-87.9150390625,56.3232421875,7.3779296875
113.3298424,-84.7412109375,56.1279296875,0.2001953125
113.3525251,-80.8349609375,57.2998046875,-10.6396484375
113.3891527,-78.7353515625,57.3486328125,-23.8720703125
113.4232423,-77.5146484375,56.9091796875,-34.5654296875
113.4427442,-76.4892578125,56.5185546875,-37.8369140625
113.4694774,-77.5146484375,56.2255859375,-38.0810546875
113.5096625,-77.2216796875,57.1533203125,-38.6181640625
113.5334036,-78.0029296875,56.5673828125,-40.8154296875
113.5644662,-79.1259765625,56.9580078125,-44.4287109375
113.5911604,-78.7841796875,56.1767578125,-49.3603515625
113.6229104,-78.6865234375,56.2255859375,-55.1708984375
113.6544982,-78.8818359375,56.3720703125,-59.5654296875
113.6845205,-79.2236328125,56.1279296875,-63.9599609375
113.7164006,-79.7119140625,55.7861328125,-68.0126953125
113.7444712,-81.2744140625,56.3720703125,-72.8466796875
113.7733991,-82.5439453125,57.6904296875,-78.5107421875
113.8043475,-83.2275390625,59.6923828125,-82.8076171875
113.8364471,-83.7646484375,60.2294921875,-69.7216796875
113.8651874,-85.1318359375,61.3525390625,-35.6884765625
113.8952293,-85.9619140625,61.8896484375,-8.0517578125
113.9263906,-86.7431640625,62.6708984375,6.5966796875
113.9521196,-87.7685546875,62.8662109375,10.4541015625
113.9840729,-88.8916015625,61.7919921875,6.1572265625
114.0151844,-87.7685546875,62.2802734375,-2.5830078125
114.0504584,-84.1552734375,62.3779296875,-15.6201171875
114.0753924,-80.8349609375,62.1337890625,-28.2177734375
114.1045151,-79.3212890625,61.4990234375,-35.3466796875
114.137905,-79.2724609375,61.0595703125,-38.1298828125
114.167009,-79.0283203125,61.4990234375,-38.7646484375
114.1931272,-79.4189453125,61.2548828125,-40.0830078125
114.22735,-79.6630859375,60.5224609375,-42.7197265625
114.2564311,-80.7861328125,60.9619140625,-47.0654296875
114.2844983,-81.2255859375,60.8154296875,-52.0458984375
114.3187171,-80.2978515625,59.2529296875,-57.3681640625
114.3464522,-80.7861328125,59.4970703125,-62.7392578125
114.3876933,-80.9326171875,58.5205078125,-66.7919921875
114.4096209,-81.6650390625,58.1298828125,-70.9423828125
114.4379763,-82.7392578125,59.5947265625,-76.9482421875
114.4713841,-83.5693359375,59.9853515625,-81.6357421875
114.4989249,-84.7900390625,62.4267578125,-76.5576171875
114.5268482,-85.3759765625,62.5732421875,-44.4287109375
114.5608595,-86.4501953125,63.0615234375,-12.3486328125
114.5868541,-86.9873046875,64.0380859375,8.0615234375
114.6185251,-88.1103515625,64.2333984375,15.4833984375
114.6498491,-88.8427734375,63.5498046875,14.3603515625
114.6768778,-89.6728515625,63.2568359375,8.1103515625
114.7056172,-87.0849609375,63.7939453125,-2.2412109375
114.7388064,-83.3251953125,63.4033203125,-14.9853515625
114.7778786,-81.0791015625,62.4755859375,-25.3857421875
114.8029346,-79.3701171875,62.4755859375,-30.0244140625
114.8309252,-78.8330078125,61.8896484375,-31.8798828125
114.8681943,-79.1748046875,61.6455078125,-34.1259765625
114.8911753,-79.3701171875,61.3037109375,-36.1279296875
114.9282553,-80.5419921875,60.2783203125,-39.9853515625
114.9547689,-80.7861328125,60.1806640625,-44.0869140625
114.982668,-81.3232421875,59.3017578125,-49.1650390625
115.0115278,-81.5673828125,58.9111328125,-54.1943359375
115.0510915,-81.2744140625,58.9599609375,-59.1748046875
115.0711525,-81.3232421875,58.0810546875,-63.5205078125
115.098865,-82.6904296875,58.2763671875,-68.5498046875
115.1345394,-83.2275390625,57.5927734375,-72.5048828125
115.162861,-83.7646484375,57.9345703125,-77.9736328125
115.1915324,-84.5947265625,59.2529296875,-84.0283203125
115.2300056,-85.3271484375,59.8388671875,-82.2216796875
115.2523145,-86.4990234375,59.9853515625,-51.0693359375
115.2857289,-87.6220703125,59.5458984375,-15.2783203125
115.3129454,-88.3056640625,59.7412109375,8.0615234375
115.3501195,-89.2333984375,60.2294921875,17.3876953125
115.3700018,-87.8662109375,58.5205078125,16.7529296875
115.4104693,-84.8876953125,57.7392578125,12.0654296875
115.4301782,-81.7138671875,57.8857421875,2.1533203125
115.4638608,-79.3701171875,57.2998046875,-10.2978515625
115.5141247,-78.9306640625,56.5673828125,-20.0146484375
115.5338802,-78.5888671875,55.6884765625,-26.2646484375
115.5568265,-78.1005859375,54.7119140625,-28.9990234375
115.5828792,-78.5888671875,54.5654296875,-29.9267578125
115.6178742,-79.5166015625,53.1982421875,-32.4169921875
115.6449038,-78.9306640625,53.0517578125,-35.9326171875
115.6845918,-79.1748046875,51.7333984375,-40.2294921875
115.7050227,-79.9072265625,51.1474609375,-45.4541015625
115.7454112,-79.8583984375,49.7314453125,-50.0927734375
115.7648405,-80.4443359375,49.6826171875,-54.9267578125
115.8022872,-81.4208984375,48.6083984375,-60.0048828125
115.8237966,-82.0068359375,48.6572265625,-64.1064453125
115.8624396,-82.7392578125,47.1923828125,-68.9892578125
115.8859958,-83.6181640625,48.2666015625,-74.7998046875
115.9242881,-84.8876953125,49.0478515625,-80.0732421875
115.9473684,-85.7666015625,50.3173828125,-72.5537109375
115.9872786,-86.9384765625,51.1962890625,-40.5712890625
116.0048249,-87.3779296875,51.3427734375,-9.2724609375
116.0532265,-88.1591796875,52.5146484375,7.3291015625
116.0715167,-90.0634765625,51.9287109375,12.4560546875
116.0961426,-89.4775390625,50.6591796875,9.6728515625
116.1368291,-86.0107421875,50.5126953125,2.2509765625
116.1585325,-82.6416015625,51.7333984375,-10.1025390625
116.1959621,-80.3955078125,50.9033203125,-23.3349609375
116.2184442,-79.0771484375,49.8291015625,-31.6845703125
116.2458886,-78.5888671875,50.0732421875,-35.0048828125
116.2857105,-78.8818359375,49.2431640625,-36.1279296875
116.3079409,-78.1982421875,48.6572265625,-36.4208984375
116.3470974,-79.1748046875,47.6806640625,-38.7646484375
116.3710866,-79.5166015625,47.6806640625,-42.6708984375
116.3991109,-79.0283203125,47.3876953125,-47.8955078125
116.4391654,-79.6142578125,46.8994140625,-52.9248046875
116.4608131,-79.5654296875,45.6298828125,-57.1728515625
116.4993984,-80.0537109375,45.1416015625,-62.1533203125
116.5163532,-81.3232421875,45.0927734375,-66.5478515625
116.5551922,-81.5185546875,44.7021484375,-70.4541015625
116.5774679,-82.2021484375,45.2392578125,-75.5322265625
116.6172406,-83.3740234375,47.4853515625,-81.2451171875
116.6423259,-84.2529296875,48.9013671875,-81.7333984375
116.6682551,-84.9853515625,49.7802734375,-55.4150390625
116.7112578,-86.0107421875,51.5869140625,-22.3583984375
116.728912,-87.3291015625,53.1982421875,-0.1904296875
116.7670303,-88.0126953125,53.1982421875,8.0126953125
116.7919511,-88.7451171875,52.8564453125,7.6708984375
116.819656,-88.9892578125,52.1240234375,1.0791015625
116.8586527,-85.2783203125,54.2724609375,-9.9560546875
116.8804365,-81.5185546875,54.6142578125,-23.8720703125
116.92106,-79.9560546875,54.1259765625,-33.7841796875
116.9388464,-79.4189453125,53.7353515625,-38.1787109375
116.9762413,-78.7353515625,54.6630859375,-38.8623046875
117.0024687,-79.1259765625,54.7607421875,-39.2529296875
117.0329767,-79.4189453125,55.1025390625,-41.6943359375
117.0611979,-80.6884765625,54.5654296875,-45.4541015625
117.1009818,-80.5908203125,54.5654296875,-49.9462890625
117.1252146,-80.1513671875,55.0048828125,-54.9267578125
117.1609922,-80.4931640625,54.4189453125,-60.4443359375
117.1860073,-80.8349609375,53.5400390625,-64.7412109375
117.2160443,-81.1767578125,53.6865234375,-69.5751953125
117.2443817,-83.0322265625,53.8818359375,-74.6044921875
117.2726404,-83.1787109375,54.5654296875,-79.6337890625
117.3131135,-83.8623046875,56.5185546875,-84.7607421875
117.3338013,-85.0830078125,58.7158203125,-82.3193359375
117.3661115,-85.6689453125,60.0341796875,-52.4853515625
117.3957403,-86.8896484375,61.4013671875,-19.6728515625
117.4210948,-87.9150390625,61.8408203125,0.6396484375
117.4644583,-88.0615234375,62.5732421875,7.6708984375
117.4846015,-89.4287109375,62.4267578125,7.0849609375
117.5261963,-90.0634765625,62.2802734375,0.7373046875
117.5452428,-87.8173828125,63.7939453125,-9.7119140625
117.5822094,-83.8623046875,63.3056640625,-23.9208984375
117.6040069,-81.4697265625,63.1103515625,-33.1982421875
117.6465183,-80.8837890625,62.4755859375,-38.1787109375
117.6644006,-79.9560546875,62.9638671875,-40.0830078125
117.7027544,-79.5166015625,63.4033203125,-40.8642578125
117.7244582,-79.8095703125,63.3056640625,-42.9638671875
117.762026,-80.9814453125,63.5009765625,-46.8701171875
117.7873793,-81.5185546875,63.1591796875,-51.0205078125
117.8165888,-80.9814453125,62.8173828125,-56.4892578125
117.845833,-81.0302734375,62.5244140625,-61.6162109375
117.8866162,-81.2255859375,62.7685546875,-66.5478515625
117.9063533,-81.3720703125,62.0849609375,-71.3818359375
117.931777,-82.0556640625,62.9150390625,-76.5087890625
117.9739399,-83.0322265625,63.8916015625,-82.0263671875
117.9952278,-83.6669921875,66.8212890625,-83.1494140625
118.0263841,-84.4482421875,68.1396484375,-57.7099609375
118.0632308,-86.5478515625,68.9208984375,-23.5791015625
118.0846326,-86.2548828125,70.8251953125,0.1513671875
118.1264991,-87.5732421875,71.1181640625,10.9423828125
118.1495858,-88.1591796875,70.8251953125,11.8701171875
118.1881098,-88.9892578125,70.2392578125,6.9873046875
118.2101447,-88.9892578125,71.3134765625,-3.1201171875
118.2486971,-87.3291015625,71.6552734375,-15.4736328125
118.2698197,-83.7646484375,70.8740234375,-26.7529296875
118.2994682,-80.9326171875,69.7021484375,-33.0029296875
118.3278112,-79.9560546875,69.6533203125,-35.2978515625
118.367743,-79.4677734375,68.7255859375,-36.5673828125
118.3884602,-79.4677734375,68.2373046875,-38.3251953125
118.4231493,-79.6142578125,66.4306640625,-42.1337890625
118.4519093,-79.9072265625,65.6005859375,-46.3330078125
118.4889991,-80.4931640625,64.6728515625,-51.0693359375
118.5063073,-80.8349609375,63.8916015625,-56.2451171875
118.5456199,-80.4931640625,63.1591796875,-61.3720703125
118.570261,-80.8349609375,61.5966796875,-66.3037109375
118.6019762,-81.1279296875,62.0849609375,-71.2841796875
118.6363651,-81.5185546875,63.5009765625,-76.6552734375
118.6606589,-82.5439453125,65.4052734375,-81.4892578125
118.6907999,-82.8369140625,65.6005859375,-72.7001953125
118.7190645,-84.3017578125,66.8212890625,-39.9853515625
118.7517722,-85.1318359375,67.3583984375,-8.8818359375
118.7838335,-85.8642578125,68.3349609375,9.3798828125
118.8120617,-86.8408203125,67.5537109375,14.2626953125
118.8397851,-87.6220703125,66.6748046875,12.4560546875
118.872068,-88.7451171875,66.7236328125,5.0341796875
118.900111,-87.4267578125,65.8447265625,-6.6357421875
118.9330728,-83.6181640625,65.8935546875,-18.9892578125
118.9610766,-80.8349609375,65.9423828125,-26.6064453125
118.9910582,-79.0283203125,64.4287109375,-30.2197265625
119.0228272,-78.3447265625,63.5498046875,-30.5615234375
119.0520201,-77.9052734375,63.6474609375,-31.9775390625
119.0800514,-77.9052734375,62.4755859375,-34.1259765625
119.114902,-78.2958984375,61.8408203125,-37.4951171875
119.140443,-79.2724609375,61.7431640625,-43.0615234375
119.1767204,-79.5166015625,60.1806640625,-47.1142578125
119.2061013,-79.3701171875,59.9365234375,-52.4365234375
119.2345833,-79.5166015625,58.7158203125,-56.3916015625
119.2656402,-79.7607421875,58.9111328125,-60.9326171875
119.2930135,-80.3955078125,60.3271484375,-66.0107421875
119.3225495,-81.0302734375,60.7177734375,-70.3076171875
119.3551166,-82.5439453125,61.7919921875,-57.7587890625
119.3851819,-83.1787109375,62.9150390625,-26.8994140625
119.4138478,-83.5205078125,63.9404296875,-0.0927734375
119.445603,-85.3271484375,63.6962890625,13.2861328125
119.4736101,-85.9130859375,62.7685546875,15.4833984375
119.5076573,-86.7919921875,61.5966796875,12.2119140625
119.5375907,-87.9638671875,61.9873046875,3.0810546875
119.5667151,-88.0615234375,62.4267578125,-10.4931640625
119.590325,-85.9619140625,61.0107421875,-21.5771484375
119.6256409,-82.5439453125,60.3271484375,-28.0712890625
119.654623,-80.1025390625,60.5224609375,-29.7314453125
119.6889548,-78.5400390625,60.0830078125,-29.8291015625
119.7175695,-78.1005859375,60.4248046875,-31.2939453125
119.74569,-78.0517578125,59.5458984375,-34.5654296875
119.7778912,-77.8564453125,59.7900390625,-38.6181640625
119.8075705,-78.5400390625,59.6923828125,-43.0615234375
119.8409156,-79.4189453125,59.5458984375,-47.4560546875
119.8682157,-79.0771484375,59.3017578125,-51.6064453125
119.8971756,-78.7841796875,58.9599609375,-56.4892578125
119.9241762,-79.7119140625,60.8154296875,-60.9814453125
119.9586819,-79.1259765625,62.9150390625,-65.8154296875
119.9964963,-80.2490234375,63.7939453125,-61.8115234375
120.0185157,-81.4208984375,64.8193359375,-35.7373046875
120.0512167,-82.4462890625,65.6982421875,-6.5380859375
