Timestamp,PPG_Forehead,PPG_Earlobe,PPG_Finger
0.00309289999999995,1.1865234375,0.185546875,-22.8271484375
0.0335993000000001,1.1865234375,0.185546875,0.185546875
0.0352838000000002,1.1865234375,0.185546875,0.185546875
0.0381714999999998,1.1865234375,0.185546875,0.185546875
0.0423800000000001,1.1865234375,0.185546875,0.185546875
0.0443272000000001,1.1865234375,0.185546875,0.185546875
0.0460455,1.1865234375,86.2158203125,0.185546875
0.0503548,1.1865234375,-35.7861328125,82.5537109375
0.0515477999999998,1.1865234375,-36.5185546875,-13.1591796875
0.0545955,1.1865234375,-37.4462890625,-15.8935546875
0.0575109,1.1865234375,-39.6923828125,-19.2626953125
0.0603766000000001,1.1865234375,-39.9853515625,-21.8994140625
0.0632682,1.1865234375,-41.4501953125,-24.3896484375
0.0662219999999998,1.1865234375,-43.1103515625,-27.4169921875
0.0703171,1.1865234375,-44.0380859375,-30.2490234375
0.0712837999999998,1.1865234375,-45.4541015625,-33.5693359375
0.0759935999999999,1.1865234375,-46.4306640625,-35.8642578125
0.0768534999999999,1.1865234375,-46.3330078125,-39.0380859375
0.0777898000000001,1.1865234375,-46.6748046875,-41.3330078125
0.0786243,1.1865234375,-44.5263671875,-36.3525390625
0.0836513999999999,1.1865234375,-42.5732421875,-26.1474609375
0.0847373,1.1865234375,-41.2060546875,-14.5263671875
0.0858048999999999,1.1865234375,-38.6181640625,-3.9306640625
0.0893107,1.1865234375,-35.9326171875,4.6142578125
0.0924518000000001,1.1865234375,-34.5166015625,11.9873046875
0.0952928000000002,1.1865234375,-33.3935546875,17.1142578125
0.0981448,1.1865234375,-32.9541015625,19.0185546875
0.1010356,1.1865234375,-32.2216796875,16.5283203125
0.1039917,1.1865234375,-31.8798828125,13.2568359375
0.1069256,1.1865234375,-31.8310546875,12.0361328125
0.1099213,1.1865234375,-32.9541015625,9.8388671875
0.1128736,1.1865234375,-33.1005859375,8.4228515625
0.115797,1.1865234375,-33.5888671875,5.3955078125
0.118796,1.1865234375,-33.4423828125,3.1494140625
0.1217807,1.1865234375,-34.0283203125,-0.8056640625
0.1247407,1.1865234375,-34.2724609375,-3.3447265625
0.127792,1.1865234375,-34.6142578125,-6.6162109375
0.130723,1.1865234375,-35.6884765625,-10.0341796875
0.1336767,1.1865234375,-36.9580078125,-12.9150390625
0.13653,1.1865234375,-36.9091796875,-15.9912109375
0.1396919,1.1865234375,-37.1533203125,-19.5068359375
0.14263,1.1865234375,-38.3740234375,-22.6806640625
0.1457237,1.1865234375,-38.9111328125,-25.1708984375
0.1486197,1.1865234375,-39.5458984375,-28.1005859375
0.1516288,1.1865234375,-40.0341796875,-31.4697265625
0.1546628,1.1865234375,-40.7666015625,-34.5458984375
0.1576101,1.1865234375,-41.3037109375,-37.6220703125
0.1606272,1.1865234375,-40.1318359375,-38.5009765625
0.163575,1.1865234375,-38.8134765625,-34.0576171875
0.1665967,1.1865234375,-37.0068359375,-23.2666015625
0.16966,1.1865234375,-35.8349609375,-11.2060546875
0.172558,1.1865234375,-34.2724609375,-1.1474609375
0.175568,1.1865234375,-32.7099609375,7.3486328125
0.1784715,1.1865234375,-32.4658203125,14.0869140625
0.1815075,1.1865234375,-31.5869140625,17.5537109375
0.1845007,1.1865234375,-30.6103515625,16.0888671875
0.1876162,1.1865234375,-30.4150390625,13.1103515625
0.190501,1.1865234375,-30.4638671875,10.6689453125
0.1934683,1.1865234375,-30.8056640625,7.2998046875
0.1962077,1.1865234375,-30.7080078125,5.7861328125
0.198539,99.7900390625,-31.1962890625,2.9541015625
0.1989969,-96.3134765625,-31.7822265625,-0.1220703125
0.1993228,-94.2138671875,-32.0751953125,-3.2958984375
0.1996431,-92.9443359375,-32.0263671875,-7.1044921875
0.1999681,-93.7744140625,-32.5634765625,-10.5712890625
0.2002879,-95.0927734375,-34.0283203125,-14.4775390625
0.2005788,-95.2880859375,-34.7607421875,-17.7001953125
0.2008719,-96.0205078125,-34.5166015625,-20.6787109375
0.2011939,-96.5576171875,-35.1513671875,-24.1455078125
0.2014864,-98.1201171875,-35.9326171875,-27.0751953125
0.2017782,-99.0966796875,-37.9345703125,-30.1025390625
0.2021289,-100.7080078125,-38.9111328125,-32.8369140625
0.2024558,-101.9287109375,-39.9853515625,-36.1572265625
0.2027491,-103.2958984375,-40.4736328125,-39.6728515625
0.2030484,-104.5654296875,-40.7666015625,-42.6025390625
0.203346,-105.2490234375,-40.7177734375,-44.6044921875
0.2036362,-106.1767578125,-39.4482421875,-43.0419921875
0.2039318,-107.3486328125,-37.5927734375,-32.6904296875
0.2042276,-108.2763671875,-34.5654296875,-20.2392578125
0.2045229,-108.4716796875,-33.3935546875,-7.5439453125
0.2048194,-109.5947265625,-31.6845703125,2.5146484375
0.2051092,-111.2060546875,-29.2919921875,11.1083984375
0.2054772,-112.6220703125,-27.5830078125,16.2353515625
0.2058005,-113.4521484375,-27.5830078125,18.7255859375
0.2060927,-114.5263671875,-26.9482421875,16.0400390625
0.2063843,-113.0126953125,-26.6064453125,11.6943359375
0.2066859,-107.4951171875,-26.0205078125,8.6669921875
0.2069757,-102.8076171875,-26.4599609375,5.8349609375
0.2072684,-99.8779296875,-27.1923828125,3.2958984375
0.2075659,-96.8505859375,-27.5341796875,-0.2685546875
0.2078583,-93.8720703125,-28.8525390625,-3.1982421875
0.2081499,-92.2119140625,-28.7060546875,-6.4697265625
0.2084392,-91.9677734375,-30.1708984375,-10.4248046875
0.2087958,-94.1650390625,-30.6103515625,-13.4521484375
0.2091001,-95.7275390625,-32.7099609375,-17.0654296875
0.2093901,-94.8486328125,-33.6865234375,-21.1181640625
0.2096803,-96.3623046875,-35.3466796875,-24.5361328125
0.2099902,-96.7529296875,-35.5908203125,-26.8310546875
0.2102775,-97.8271484375,-36.5673828125,-30.4443359375
0.2105956,-99.5849609375,-38.6181640625,-33.2275390625
0.2108949,-101.8798828125,-40.0830078125,-36.3037109375
0.2111854,-104.0771484375,-41.8408203125,-38.8427734375
0.2114741,-105.9814453125,-43.5498046875,-42.8466796875
0.2117718,-107.5439453125,-44.1357421875,-46.1181640625
0.2121456,-108.8623046875,-44.5751953125,-48.3154296875
0.2124373,-110.0341796875,-43.2568359375,-44.7021484375
0.2127276,-111.3037109375,-41.6455078125,-35.4248046875
0.2130213,-111.7919921875,-40.1318359375,-21.0205078125
0.2133147,-113.4521484375,-38.2275390625,-9.0576171875
0.2136059,-113.8916015625,-36.2744140625,1.4404296875
0.2138964,-115.6982421875,-35.1513671875,8.6669921875
0.2142976,-117.6025390625,-34.0771484375,14.1357421875
0.2146333,-118.5302734375,-33.2470703125,15.2587890625
0.2149229,-118.4814453125,-33.2958984375,12.8662109375
0.2152778,-113.8427734375,-33.1494140625,8.4716796875
0.2155691,-109.0576171875,-33.0029296875,4.6630859375
0.2158599,-105.2001953125,-34.1259765625,1.1962890625
0.2161514,-101.4404296875,-34.9560546875,-1.3427734375
0.2164573,-98.4130859375,-35.8349609375,-4.7607421875
0.2167527,-95.6787109375,-36.8115234375,-8.0322265625
0.2170509,-93.9208984375,-37.4462890625,-11.8408203125
0.2173712,-93.1396484375,-37.9833984375,-14.8193359375
0.2176612,-95.7275390625,-39.7900390625,-18.8720703125
0.2179544,-96.2646484375,-40.2294921875,-22.2412109375
0.2182562,-95.8740234375,-41.8896484375,-26.2451171875
0.2186364,-97.2412109375,-43.1591796875,-29.5166015625
0.2189272,-99.0478515625,-45.1611328125,-32.2509765625
0.2192213,-100.6103515625,-45.7470703125,-35.7177734375
0.219547,-103.0517578125,-47.2607421875,-37.9638671875
0.2198602,-103.7841796875,-48.6767578125,-41.1376953125
0.220155,-105.8837890625,-50.3857421875,-44.2138671875
0.2204459,-107.2509765625,-51.3134765625,-47.1435546875
0.2207419,-108.3740234375,-52.3388671875,-50.3173828125
0.2210327,-109.4970703125,-52.9736328125,-53.1494140625
0.2213224,-111.5478515625,-51.5576171875,-53.5888671875
0.2217956,-111.6943359375,-49.7998046875,-46.9482421875
0.2221982,-113.1591796875,-48.9697265625,-34.3017578125
0.2225435,-113.8916015625,-46.2353515625,-21.9970703125
0.2229163,-115.9912109375,-44.7216796875,-11.2060546875
0.2232648,-117.2119140625,-42.6708984375,-2.7099609375
0.223612,-118.0908203125,-41.6455078125,3.1494140625
0.2240254,-119.1650390625,-40.0830078125,7.1044921875
0.2244103,-118.9208984375,-39.7412109375,5.8837890625
0.2247889,-115.3564453125,-39.9365234375,0.9033203125
0.2251575,-111.1572265625,-39.3994140625,-2.5146484375
0.2255015,-106.7626953125,-39.5458984375,-5.0537109375
0.2258409,-103.8330078125,-39.9853515625,-7.7880859375
0.2262199,-100.1708984375,-39.7900390625,-8.5205078125
0.2265921,-97.6318359375,-40.0830078125,-13.2080078125
0.2269793,-95.6298828125,-40.9130859375,-16.5771484375
0.2273802,-94.6533203125,-41.4013671875,-19.4580078125
0.2277218,-96.4111328125,-42.2802734375,-23.1201171875
0.2280629,-97.1923828125,-43.3544921875,-26.4404296875
0.2284123,-97.2900390625,-43.2080078125,-30.0048828125
0.2287658,-98.9990234375,-44.5751953125,-33.1298828125
0.2291062,-100.1708984375,-46.2353515625,-35.3759765625
0.2294478,-101.0986328125,-46.6259765625,-39.0869140625
0.2298068,-103.5400390625,-47.6025390625,-41.5283203125
0.2301501,-104.6630859375,-48.7744140625,-44.2138671875
0.2305434,-106.1279296875,-49.5556640625,-47.1435546875
0.2309222,-107.5927734375,-50.4345703125,-50.5126953125
0.2312698,-108.6181640625,-51.7529296875,-53.2470703125
0.2316111,-110.4248046875,-51.9970703125,-56.1279296875
0.2319678,-111.7919921875,-51.5576171875,-57.8857421875
0.2323117,-112.3291015625,-49.9462890625,-52.8564453125
0.232651,-113.5009765625,-47.9931640625,-41.3818359375
0.233,-114.5263671875,-46.2353515625,-27.8564453125
0.2333451,-115.3564453125,-44.5263671875,-16.4794921875
0.2336427,-116.7724609375,-42.9638671875,-7.3486328125
0.2339327,-117.7490234375,-40.9130859375,-0.6591796875
0.2342257,-118.8720703125,-40.4248046875,2.7099609375
0.234516,-119.7509765625,-39.1552734375,3.2958984375
0.2348078,-118.8720703125,-39.4970703125,-0.8056640625
0.2351091,-114.8193359375,-38.6181640625,-4.2236328125
0.2354142,-109.5458984375,-37.9345703125,-6.7626953125
0.2357069,-106.2744140625,-38.2763671875,-9.3505859375
0.2359999,-103.2470703125,-38.7646484375,-11.5478515625
0.2363101,-99.3408203125,-39.4970703125,-14.7216796875
0.2366012,-97.2900390625,-39.8388671875,-17.6025390625
0.2368955,-95.2880859375,-41.4013671875,-20.7763671875
0.2371891,-96.1181640625,-41.2060546875,-24.6826171875
0.2374984,-97.4365234375,-42.0849609375,-28.1982421875
0.2377885,-97.4853515625,-43.4521484375,-31.4208984375
0.2380796,-98.7548828125,-44.1845703125,-34.8876953125
0.2383708,-99.2919921875,-45.6982421875,-38.5009765625
0.2386699,-101.0986328125,-46.8212890625,-41.6259765625
0.2389636,-102.4658203125,-47.3583984375,-44.3603515625
0.2392525,-104.2236328125,-48.9697265625,-46.4111328125
0.2396362,-105.3466796875,-49.9951171875,-48.7548828125
0.239933,-106.9580078125,-51.7529296875,-52.2216796875
0.2402287,-108.5693359375,-52.2412109375,-54.9560546875
0.240522,-108.9599609375,-53.9990234375,-58.1787109375
0.2408303,-110.9130859375,-52.6806640625,-60.7666015625
0.2411208,-112.1337890625,-51.8017578125,-58.9111328125
0.2414127,-113.5986328125,-49.0673828125,-48.3154296875
0.2417049,-114.6728515625,-46.6748046875,-35.6201171875
0.2420119,-115.7470703125,-45.3076171875,-22.6806640625
0.2423013,-117.4072265625,-42.2314453125,-11.7919921875
0.2425963,-118.0908203125,-40.7177734375,-4.3701171875
0.2428984,-119.8974609375,-38.1787109375,1.3916015625
0.2431893,-120.5810546875,-37.7392578125,3.6376953125
0.243504,-120.0439453125,-37.2021484375,1.5380859375
0.2438412,-117.6513671875,-37.1044921875,-1.8310546875
0.2441376,-112.7685546875,-36.8603515625,-5.5419921875
0.2444297,-109.1552734375,-37.3486328125,-7.7880859375
0.2447231,-105.6884765625,-38.1787109375,-10.0830078125
0.245015,-102.0263671875,-38.4716796875,-12.7197265625
0.2453378,-99.3408203125,-39.1552734375,-15.5517578125
0.24563,-97.4365234375,-40.3271484375,-18.6767578125
0.2459201,-96.1181640625,-41.0595703125,-22.7294921875
0.2462149,-98.4619140625,-41.8408203125,-25.4638671875
0.2465284,-98.9501953125,-42.8662109375,-28.8818359375
0.2468235,-99.3408203125,-44.8681640625,-31.8115234375
0.2471142,-100.8056640625,-44.8193359375,-35.0830078125
0.2474129,-101.5380859375,-46.2841796875,-38.1103515625
0.2477065,-103.3935546875,-47.9443359375,-41.1865234375
0.2480353,-104.3212890625,-48.0908203125,-43.1396484375
0.2483337,-106.6650390625,-50.0927734375,-46.3134765625
0.2486395,-108.2275390625,-51.6064453125,-48.3154296875
0.2489298,-108.9111328125,-52.6806640625,-51.6357421875
0.2492198,-110.3271484375,-54.3408203125,-54.2724609375
0.2495095,-111.2060546875,-54.7314453125,-57.2509765625
0.2498163,-113.1103515625,-53.4130859375,-59.1552734375
0.25011,-114.4287109375,-52.8271484375,-55.1025390625
0.2504,-115.0634765625,-50.8251953125,-43.0419921875
0.2506915,-116.4306640625,-47.8466796875,-28.5400390625
0.2509857,-117.8466796875,-46.3818359375,-17.1142578125
0.2512744,-118.9208984375,-44.7216796875,-8.1298828125
0.2515655,-119.7021484375,-43.3056640625,-1.4404296875
0.2518715,-120.5810546875,-41.6943359375,2.4169921875
0.2521597,-121.3134765625,-39.9365234375,2.8076171875
0.2524486,-120.2880859375,-40.2783203125,-0.6103515625
0.2527345,-115.8447265625,-39.4970703125,-5.1513671875
0.253037,-110.4736328125,-39.0576171875,-8.1787109375
0.2533232,-107.9833984375,-39.6923828125,-10.2294921875
0.2536139,-104.1748046875,-40.5712890625,-12.5244140625
0.2539044,-100.9033203125,-41.2548828125,-15.8447265625
0.2542145,-98.4619140625,-41.4501953125,-18.3349609375
0.2545059,-96.8017578125,-42.3779296875,-21.5087890625
0.2548363,-96.5087890625,-41.8896484375,-24.6337890625
0.2551466,-98.7548828125,-42.4267578125,-27.6611328125
0.2554686,-98.9501953125,-42.6708984375,-31.7138671875
0.2557757,-99.9267578125,-44.1357421875,-34.5947265625
0.2560685,-101.4404296875,-44.1845703125,-37.3291015625
0.256372,-102.8076171875,-45.2587890625,-39.9169921875
0.2566606,-104.8095703125,-46.1865234375,-43.2861328125
0.2569512,-106.1279296875,-47.4072265625,-45.6787109375
0.2572412,-107.3486328125,-47.7001953125,-48.9013671875
0.257546,-108.8134765625,-48.2373046875,-52.1728515625
0.2578364,-110.5224609375,-49.7998046875,-54.9072265625
0.2581269,-111.8408203125,-51.1669921875,-57.3974609375
0.2584154,-112.9150390625,-49.9951171875,-60.2783203125
0.2587233,-113.3544921875,-48.8232421875,-57.9833984375
0.2590361,-114.8681640625,-47.4072265625,-48.3642578125
0.259333,-115.9423828125,-45.0634765625,-34.5947265625
0.2596242,-117.1630859375,-43.2568359375,-22.8271484375
0.2599277,-117.6025390625,-41.4990234375,-13.1103515625
0.2602554,-118.9697265625,-40.2294921875,-6.7138671875
0.2605839,-119.9951171875,-38.9111328125,-2.5146484375
0.2609133,-121.0205078125,-37.6904296875,-1.0498046875
0.2612126,-121.6064453125,-37.9833984375,-4.3212890625
0.2615018,-120.5322265625,-37.5927734375,-8.1298828125
0.2617918,-116.1865234375,-36.9580078125,-11.8896484375
0.2620934,-111.8896484375,-37.1044921875,-13.9892578125
0.2623828,-108.9599609375,-37.7880859375,-15.5029296875
0.2626688,-105.2978515625,-38.3740234375,-18.2373046875
0.2629565,-102.8076171875,-38.8623046875,-21.3134765625
0.2632541,-100.2685546875,-39.0576171875,-24.5361328125
0.2635411,-98.3154296875,-40.5712890625,-27.6611328125
0.2638296,-99.7314453125,-40.8642578125,-31.4697265625
0.2641204,-100.7080078125,-41.3037109375,-34.3505859375
0.2644297,-100.5615234375,-41.7431640625,-37.8173828125
0.2647162,-101.2939453125,-43.0126953125,-40.5029296875
0.2650053,-102.6123046875,-44.0869140625,-43.1884765625
0.2653036,-103.8818359375,-45.6494140625,-46.0693359375
0.2656026,-104.9560546875,-46.6748046875,-48.1689453125
0.2658883,-106.1767578125,-47.3583984375,-51.0498046875
0.2661767,-107.8857421875,-48.9697265625,-54.0283203125
0.2664699,-109.0087890625,-49.1162109375,-56.2744140625
0.2667654,-110.1318359375,-49.5556640625,-59.2529296875
0.2670529,-111.6943359375,-48.5791015625,-61.0595703125
0.2673413,-112.6220703125,-46.9677734375,-58.1787109375
0.2676456,-114.0380859375,-45.6982421875,-46.5087890625
0.2679333,-114.8681640625,-43.4521484375,-32.7392578125
0.2682225,-116.1865234375,-41.8896484375,-20.0439453125
0.2685132,-116.6748046875,-40.1806640625,-10.6201171875
0.268808,-117.8466796875,-37.6904296875,-4.5166015625
0.2690944,-119.2626953125,-35.9814453125,0.2685546875
0.2693828,-120.5322265625,-35.4443359375,1.2939453125
0.2696689,-120.9228515625,-35.8837890625,-1.4404296875
0.269968,-121.1669921875,-35.3466796875,-5.1025390625
0.2702564,-117.4072265625,-34.4677734375,-7.7392578125
0.2705443,-113.1591796875,-34.6630859375,-10.1806640625
0.2708335,-109.6435546875,-35.4443359375,-12.9638671875
0.2711318,-106.9580078125,-35.8837890625,-14.5263671875
0.2714203,-104.3212890625,-36.1767578125,-18.4326171875
0.2717088,-101.6845703125,-36.9091796875,-21.1181640625
0.2719973,-99.6337890625,-37.3974609375,-22.4853515625
0.2723103,-99.9267578125,-37.8857421875,-24.3408203125
0.2725959,-101.3427734375,-39.7412109375,-26.3427734375
0.2728843,-102.2705078125,-40.2294921875,-28.3447265625
0.2731749,-102.6611328125,-41.6943359375,-29.5654296875
0.2734766,-103.1005859375,-43.1591796875,-31.9091796875
0.2737647,-105.0048828125,-43.5498046875,-33.1298828125
0.2740539,-105.4931640625,-45.0634765625,-36.6943359375
0.2743509,-107.3486328125,-46.6748046875,-38.1103515625
0.2746407,-108.2275390625,-48.1884765625,-39.8193359375
0.2749292,-109.5947265625,-49.7998046875,-42.3095703125
0.2752197,-111.1572265625,-50.6298828125,-45.5810546875
0.2755219,-112.1337890625,-50.7275390625,-47.1923828125
0.2758122,-113.3544921875,-49.5556640625,-44.6533203125
0.2761019,-114.2333984375,-47.5048828125,-34.4482421875
0.2763889,-115.1123046875,-46.2841796875,-19.0673828125
0.2768237,-117.1630859375,-43.4521484375,-5.7861328125
0.2771663,-117.5048828125,-41.7431640625,4.2236328125
0.2774572,-118.3837890625,-40.0341796875,11.4501953125
0.2777606,-119.7998046875,-38.6181640625,17.0166015625
0.2780508,-121.1181640625,-37.3486328125,19.5556640625
0.278338,-122.3876953125,-36.8603515625,16.5283203125
0.2786266,-121.4111328125,-37.1044921875,12.9150390625
0.2789212,-118.7744140625,-37.2021484375,10.0830078125
0.279208,-113.1591796875,-37.1533203125,7.6904296875
0.2794992,-110.4248046875,-38.1298828125,5.3466796875
0.2797894,-107.1533203125,-37.6416015625,3.3935546875
0.2800919,-103.8330078125,-38.1787109375,0.4150390625
0.2803799,-101.1474609375,-38.9599609375,-2.9541015625
0.2806831,-98.9990234375,-39.6923828125,-5.3955078125
0.2810002,-98.2666015625,-40.9130859375,-8.6181640625
0.2812887,-100.0732421875,-41.5478515625,-11.7431640625
0.2815746,-100.4150390625,-42.7197265625,-15.2587890625
0.2818639,-100.4150390625,-43.7451171875,-17.7001953125
0.2821604,-101.3916015625,-45.0146484375,-21.1669921875
0.2824459,-102.6611328125,-45.5517578125,-23.4619140625
0.2827327,-104.2236328125,-47.1630859375,-25.7080078125
0.2830198,-105.2001953125,-48.8232421875,-28.2470703125
0.2833308,-105.8837890625,-50.1904296875,-31.1767578125
0.2836169,-107.6416015625,-51.0205078125,-33.1298828125
0.2839021,-108.7646484375,-51.9482421875,-36.7919921875
0.2842219,-110.4248046875,-51.4599609375,-38.6474609375
0.2845331,-111.4990234375,-50.4345703125,-37.7685546875
0.284853,-112.7197265625,-49.0185546875,-27.8076171875
0.2851441,-113.8427734375,-47.0654296875,-14.3310546875
0.2854379,-114.9658203125,-44.3798828125,-0.8544921875
0.2857422,-115.6494140625,-42.0849609375,8.4228515625
0.2860329,-117.3095703125,-40.7177734375,15.1123046875
0.2863259,-118.2861328125,-39.8876953125,19.2626953125
0.2866268,-119.8486328125,-38.2275390625,21.0205078125
0.2869154,-121.1181640625,-38.2275390625,18.2861328125
0.2872017,-121.9970703125,-37.9345703125,14.2822265625
0.2874886,-120.1416015625,-37.3486328125,11.2548828125
0.2878178,-115.0146484375,-37.2509765625,9.4970703125
0.2881059,-111.4501953125,-37.9345703125,7.7880859375
0.2883945,-108.4716796875,-38.7646484375,4.3701171875
0.2886999,-104.9560546875,-39.7900390625,1.3427734375
0.2889872,-101.8798828125,-40.7177734375,-1.7333984375
0.2892739,-99.2919921875,-40.3271484375,-5.2001953125
0.289565,-98.2177734375,-40.8642578125,-8.6669921875
0.2898678,-98.9501953125,-42.4755859375,-11.9873046875
0.2901554,-100.6103515625,-43.5986328125,-14.9658203125
0.2904418,-100.6591796875,-44.2333984375,-17.4560546875
0.2907473,-101.3427734375,-44.9658203125,-21.0693359375
0.2910542,-102.4658203125,-46.0888671875,-23.9990234375
0.2913454,-103.4423828125,-46.4794921875,-25.8056640625
0.291635,-104.7119140625,-48.6279296875,-28.5888671875
0.291934,-106.1279296875,-49.7509765625,-31.3232421875
0.2922243,-106.9580078125,-50.3857421875,-34.3994140625
0.2925133,-108.8134765625,-51.1669921875,-37.0849609375
0.2928017,-110.1806640625,-51.3134765625,-39.9658203125
0.293117,-110.7177734375,-49.7509765625,-39.6728515625
0.2934233,-111.9384765625,-47.6025390625,-30.6884765625
0.2937524,-113.1591796875,-46.1376953125,-15.9423828125
0.2940621,-113.9404296875,-43.7451171875,-3.3447265625
0.2943533,-115.2099609375,-41.1083984375,7.8857421875
0.2946415,-116.4306640625,-39.5947265625,15.3564453125
0.2949313,-116.8701171875,-38.0322265625,20.1904296875
0.2952271,-118.5791015625,-36.9091796875,22.9736328125
0.2955146,-119.2138671875,-36.3232421875,20.8251953125
0.3345086,-120.5322265625,-35.5419921875,16.6259765625
0.3537395,-119.0673828125,-35.4931640625,13.6962890625
0.4036744,-114.7705078125,-34.9560546875,11.6455078125
0.4126722,-110.7666015625,-35.3466796875,9.3994140625
0.4504092,-107.2509765625,-35.2490234375,6.5185546875
0.476402,-104.5166015625,-36.5185546875,4.4677734375
0.5124659,-102.0263671875,-37.6416015625,0.9521484375
0.5359449,-99.2919921875,-37.8857421875,-1.9775390625
0.5754431,-98.2177734375,-37.8369140625,-5.4931640625
0.5962847,-98.9501953125,-39.8388671875,-8.8134765625
0.6267628,-100.1220703125,-40.0341796875,-11.5478515625
0.6659546,-100.4150390625,-41.6455078125,-14.9169921875
0.6855393,-101.9775390625,-42.3291015625,-17.6025390625
0.7296506,-102.6611328125,-43.7451171875,-20.1904296875
0.7459431,-104.1748046875,-44.6240234375,-23.6083984375
0.7867679,-105.7861328125,-46.2353515625,-26.7333984375
0.8076664,-107.1533203125,-47.5537109375,-28.5888671875
0.8377775,-108.3251953125,-49.2626953125,-31.4697265625
0.8649913,-109.7412109375,-49.0185546875,-34.1552734375
0.9022446,-110.2783203125,-51.3623046875,-37.5244140625
0.9272415,-111.9873046875,-50.4345703125,-39.2822265625
0.9643558,-112.8662109375,-49.4091796875,-37.2802734375
0.9874524,-114.1845703125,-47.9931640625,-27.1240234375
1.0276007,-114.8193359375,-45.6494140625,-13.1103515625
1.0463984,-115.2587890625,-43.1591796875,-0.0732421875
1.0829955,-116.1865234375,-41.0595703125,9.8876953125
1.1051151,-116.9677734375,-39.0087890625,17.4072265625
1.1423202,-117.9931640625,-38.7158203125,22.7294921875
1.1673771,-118.8720703125,-37.5439453125,24.0478515625
1.2025377,-119.7998046875,-36.3232421875,21.1669921875
1.2301001,-119.2626953125,-37.0556640625,17.0654296875
1.2685323,-115.4541015625,-37.0556640625,14.2822265625
1.2860346,-110.9130859375,-37.2998046875,11.2060546875
1.3251612,-107.0556640625,-37.5439453125,8.9111328125
1.3481291,-104.2724609375,-38.5205078125,5.9814453125
1.3870368,-100.6103515625,-39.0087890625,3.3447265625
1.4092026,-98.0712890625,-41.4013671875,0.2685546875
1.4473048,-95.6298828125,-40.6689453125,-3.6865234375
1.4702918,-94.7509765625,-42.2314453125,-6.8115234375
1.508678,-96.0205078125,-43.3544921875,-10.7666015625
1.5350899,-96.7529296875,-44.8193359375,-13.3056640625
1.5622833,-96.3623046875,-45.7470703125,-17.0654296875
1.5896885,-97.8271484375,-46.9189453125,-19.9951171875
1.6318244,-98.9990234375,-48.5791015625,-23.5107421875
1.6538795,-99.5361328125,-49.3603515625,-26.0986328125
1.6822118,-101.5869140625,-51.2646484375,-29.1259765625
1.7146669,-102.9541015625,-51.7529296875,-31.5673828125
1.7425814,-104.4189453125,-53.6572265625,-34.8388671875
1.78096,-105.9326171875,-55.0244140625,-37.9638671875
1.8034351,-106.6162109375,-55.6103515625,-40.8447265625
1.8303713,-107.9833984375,-55.5126953125,-44.1650390625
1.8824693,-109.1552734375,-54.4384765625,-42.7490234375
1.8945284,-110.6201171875,-52.5341796875,-34.4482421875
1.9224236,-111.4501953125,-50.8251953125,-23.2666015625
1.9612567,-111.8896484375,-48.7255859375,-12.2314453125
1.983796,-112.4755859375,-46.7724609375,-3.2958984375
2.0122375,-114.2822265625,-44.3798828125,3.1982421875
2.0453141,-114.8681640625,-43.2568359375,8.5693359375
2.073616,-115.8447265625,-42.3291015625,10.1318359375
2.1015126,-116.5283203125,-42.3291015625,7.3486328125
2.1336444,-116.1865234375,-42.0361328125,3.3447265625
2.1641444,-111.8896484375,-42.2314453125,0.4638671875
2.1975629,-106.4208984375,-41.6943359375,-2.1240234375
2.2262258,-102.6611328125,-41.9384765625,-4.7607421875
2.2538939,-99.3408203125,-42.3291015625,-8.1787109375
2.285388,-96.0693359375,-42.8662109375,-11.8408203125
2.3135267,-93.4326171875,-43.8916015625,-14.4287109375
2.3441464,-90.1611328125,-45.0634765625,-18.2373046875
2.3749478,-90.2587890625,-45.7958984375,-21.8994140625
2.4058368,-91.5771484375,-46.3330078125,-25.6103515625
2.4387969,-92.1142578125,-48.0419921875,-28.3447265625
2.4665495,-92.7001953125,-48.3349609375,-32.0556640625
2.494122,-93.5791015625,-50.2392578125,-35.2294921875
2.5230729,-95.0439453125,-50.9716796875,-38.4033203125
2.5561335,-96.2646484375,-52.1435546875,-42.3095703125
2.5851987,-97.7783203125,-52.9736328125,-44.9951171875
2.6198059,-99.4873046875,-54.7802734375,-47.8271484375
2.6459448,-100.6591796875,-55.4150390625,-51.1474609375
2.6744904,-102.3193359375,-57.1240234375,-54.4189453125
2.7092386,-103.3447265625,-56.5869140625,-57.6416015625
2.7366163,-104.3701171875,-55.7080078125,-60.3759765625
2.7680952,-105.9326171875,-54.5849609375,-58.1787109375
2.7990027,-107.2998046875,-52.3876953125,-49.6337890625
2.8266643,-108.5205078125,-50.5322265625,-40.4541015625
2.8605601,-109.6435546875,-48.2861328125,-32.3486328125
2.8859195,-111.1572265625,-46.6259765625,-24.9755859375
2.9181535,-111.9384765625,-44.6728515625,-19.3603515625
2.9501658,-112.7685546875,-43.1103515625,-15.9423828125
2.9776156,-114.5263671875,-42.5244140625,-15.5517578125
3.0055095,-115.2099609375,-42.6220703125,-17.3095703125
3.0403352,-115.5029296875,-42.6708984375,-20.2880859375
3.0703387,-111.4990234375,-41.5966796875,-22.3388671875
3.1002148,-106.0302734375,-42.7197265625,-25.1708984375
3.1291287,-101.9287109375,-42.8173828125,-26.3916015625
3.1603287,-98.3642578125,-43.8427734375,-29.4677734375
3.186923,-95.0439453125,-45.0146484375,-32.2021484375
3.2203223,-91.7724609375,-45.6005859375,-34.6923828125
3.2505103,-89.4287109375,-46.3330078125,-38.5009765625
3.2819692,-88.4521484375,-47.5537109375,-41.7724609375
3.3126717,-89.8193359375,-49.0185546875,-44.7021484375
3.3364963,-90.3564453125,-49.1162109375,-47.8759765625
3.371027,-90.6005859375,-51.1669921875,-51.3427734375
3.4012415,-91.6748046875,-51.9482421875,-54.3701171875
3.4323699,-92.7978515625,-53.2666015625,-57.8369140625
3.460942,-94.4091796875,-54.4873046875,-60.4736328125
3.4901345,-95.5810546875,-56.0986328125,-63.8916015625
3.5236869,-96.9970703125,-57.4169921875,-66.8212890625
3.5513051,-98.3642578125,-58.3447265625,-69.5556640625
3.5845378,-99.8291015625,-59.0771484375,-72.4853515625
3.6117999,-100.6591796875,-59.2236328125,-75.4150390625
3.6419695,-103.0029296875,-58.7353515625,-76.9287109375
3.6710346,-103.6376953125,-56.4892578125,-72.7783203125
3.7024042,-104.9560546875,-55.2685546875,-63.5498046875
3.7396978,-106.3232421875,-53.2177734375,-54.4189453125
3.7628299,-107.1533203125,-50.4833984375,-46.1669921875
3.7937025,-108.1787109375,-48.5302734375,-38.9892578125
3.8217473,-109.8876953125,-47.5537109375,-33.4716796875
3.855532,-110.8154296875,-46.3330078125,-28.6865234375
3.8832533,-111.6943359375,-45.6982421875,-28.0517578125
3.919834,-113.5986328125,-45.7958984375,-30.2490234375
3.9440515,-113.3056640625,-44.7705078125,-33.6669921875
3.9808071,-109.5458984375,-45.3564453125,-34.8876953125
4.0025928,-103.4423828125,-45.8935546875,-36.8896484375
4.0364133,-99.1455078125,-46.8212890625,-38.5009765625
4.0647126,-96.4111328125,-47.3095703125,-40.3076171875
4.1023181,-92.6025390625,-48.3837890625,-42.9931640625
4.1242618,-89.9169921875,-49.2626953125,-46.2646484375
4.1738269,-88.1103515625,-50.6787109375,-48.9013671875
4.1851577,-87.8173828125,-52.3388671875,-51.5869140625
4.2232709,-88.6962890625,-53.6572265625,-54.4677734375
4.2472944,-89.0380859375,-54.7802734375,-57.4951171875
4.2759722,-89.1357421875,-57.2216796875,-59.6435546875
4.3060512,-90.8447265625,-58.1982421875,-62.8662109375
4.3434385,-92.3583984375,-59.2236328125,-65.8447265625
4.3655021,-93.4814453125,-61.0791015625,-68.6279296875
4.4017829,-95.0439453125,-62.0556640625,-71.3623046875
4.428111,-96.3134765625,-63.9599609375,-73.6083984375
4.4552989,-98.0224609375,-64.8876953125,-76.6845703125
4.4916921,-99.3408203125,-66.1572265625,-79.2236328125
4.5181403,-100.8544921875,-67.2314453125,-82.2021484375
4.5478337,-102.2705078125,-66.1083984375,-84.2041015625
4.5843998,-103.5888671875,-64.4970703125,-80.2001953125
4.608249,-104.8095703125,-63.0322265625,-71.8017578125
4.6467803,-106.3720703125,-61.8115234375,-62.1826171875
4.664738,-107.1533203125,-59.7607421875,-54.0771484375
4.7026225,-108.0810546875,-57.1240234375,-47.7294921875
4.7254394,-109.5947265625,-55.7080078125,-42.0166015625
4.7655754,-111.1083984375,-55.5126953125,-37.3779296875
4.7885617,-111.9384765625,-54.3408203125,-37.1826171875
4.8283948,-112.8173828125,-54.0966796875,-39.1845703125
4.8474829,-112.1337890625,-55.0732421875,-41.3330078125
4.8796869,-107.5927734375,-54.4873046875,-42.7490234375
4.9161563,-102.4169921875,-55.1708984375,-44.5556640625
4.9411996,-98.3642578125,-55.7568359375,-46.2646484375
4.9673465,-94.6533203125,-56.9287109375,-48.9990234375
5.0082467,-91.2841796875,-57.8564453125,-50.8056640625
5.0303881,-87.7685546875,-58.5888671875,-54.3212890625
5.0576775,-85.3759765625,-59.0771484375,-57.0068359375
5.0980063,-84.2041015625,-60.0048828125,-59.9365234375
5.119052,-86.4013671875,-61.2744140625,-63.0126953125
5.1483659,-87.1337890625,-61.7626953125,-65.4541015625
5.1884324,-86.9384765625,-62.9833984375,-68.6767578125
5.210107,-88.7451171875,-63.9111328125,-70.8251953125
5.2511047,-90.2587890625,-65.2294921875,-74.4873046875
5.2716519,-91.8701171875,-67.0361328125,-77.2705078125
5.3087298,-93.3837890625,-67.4267578125,-79.5654296875
5.3320193,-95.9228515625,-69.4287109375,-82.3974609375
5.3624052,-97.7783203125,-69.9658203125,-85.2294921875
5.3910066,-99.7802734375,-70.6005859375,-87.9638671875
5.4240776,-101.7333984375,-71.7236328125,-91.2353515625
5.4523698,-103.4912109375,-70.4052734375,-92.7001953125
5.4869822,-104.6630859375,-68.5009765625,-89.4287109375
5.5129458,-106.0791015625,-67.7197265625,-82.0068359375
5.542097,-106.8115234375,-64.8876953125,-73.6572265625
5.5789068,-108.5693359375,-61.6650390625,-65.9423828125
5.6011088,-109.9365234375,-60.2490234375,-59.8388671875
5.638141,-111.5966796875,-59.0771484375,-53.5888671875
5.6673639,-112.1826171875,-57.7099609375,-49.8779296875
5.6937063,-113.4521484375,-57.5634765625,-49.0966796875
5.7316621,-113.9892578125,-56.6357421875,-51.6845703125
5.7535623,-114.6240234375,-56.6845703125,-53.1005859375
5.7835059,-110.8642578125,-55.8056640625,-53.8330078125
5.8201761,-104.9072265625,-57.1240234375,-55.2978515625
5.8440584,-100.2197265625,-56.8798828125,-57.1533203125
5.87414,-96.7041015625,-58.1494140625,-60.3271484375
5.9112046,-92.8955078125,-58.6865234375,-62.4267578125
5.9364813,-89.8193359375,-59.5654296875,-64.6728515625
5.9736726,-87.2802734375,-60.2490234375,-67.5537109375
5.9962801,-86.3037109375,-61.2255859375,-71.0693359375
6.0308076,-88.0126953125,-62.4951171875,-73.7548828125
6.0537522,-88.9404296875,-62.6416015625,-76.3916015625
6.0907249,-89.0380859375,-64.3017578125,-79.6142578125
6.1140574,-89.2822265625,-65.1806640625,-82.3974609375
6.1514545,-91.0400390625,-66.0595703125,-85.1806640625
6.1745569,-91.8212890625,-66.8408203125,-88.0615234375
6.2119257,-94.1650390625,-68.7939453125,-90.3564453125
6.2358406,-95.2880859375,-70.1123046875,-93.6279296875
6.2686509,-96.7529296875,-70.2099609375,-96.7041015625
6.2978168,-98.7060546875,-71.0400390625,-100.0732421875
6.3292451,-99.6337890625,-72.0166015625,-101.9775390625
6.3571046,-101.4892578125,-70.4541015625,-103.8330078125
6.3948179,-102.6123046875,-68.4521484375,-99.9755859375
6.4197406,-103.9794921875,-67.4267578125,-91.7236328125
6.4456196,-105.6396484375,-64.7412109375,-82.2509765625
6.4839112,-106.8115234375,-62.8369140625,-74.9267578125
6.5074171,-107.8369140625,-60.2490234375,-67.6513671875
6.5361258,-109.3017578125,-58.7841796875,-61.3525390625
6.5727433,-110.2294921875,-57.7099609375,-56.7626953125
6.5998218,-111.5966796875,-56.2939453125,-54.6142578125
6.6379858,-112.5244140625,-56.7333984375,-56.5185546875
6.6591774,-113.4521484375,-56.0986328125,-58.1298828125
6.6891376,-110.7177734375,-55.1220703125,-59.5458984375
6.7223904,-105.0537109375,-56.9287109375,-60.3759765625
6.7514479,-100.8056640625,-56.3427734375,-62.6708984375
6.7796072,-97.2412109375,-57.2216796875,-64.0869140625
6.8166573,-94.0185546875,-57.9052734375,-67.3095703125
6.839632,-90.5517578125,-58.7841796875,-69.5068359375
6.8684386,-88.0615234375,-60.1513671875,-71.6552734375
6.9028345,-87.4267578125,-61.4697265625,-74.2919921875
6.9292888,-88.8427734375,-62.4951171875,-77.0751953125
6.9603251,-89.5751953125,-64.1064453125,-80.1513671875
6.9976125,-90.0634765625,-64.0087890625,-83.3251953125
7.0208941,-90.6005859375,-66.3525390625,-85.7666015625
7.0556255,-91.7724609375,-67.6708984375,-88.7939453125
7.0825648,-94.1162109375,-69.3798828125,-91.7724609375
7.1123709,-95.8740234375,-70.7470703125,-93.3837890625
7.1423353,-97.5830078125,-72.5048828125,-96.6064453125
7.1725427,-98.8525390625,-72.9443359375,-99.0966796875
7.2061152,-100.3662109375,-74.7998046875,-100.8544921875
7.235627,-102.0263671875,-75.1416015625,-104.0283203125
7.2637537,-103.1005859375,-74.7509765625,-105.3466796875
7.289503,-104.4189453125,-73.6279296875,-102.6611328125
7.3272712,-106.0302734375,-71.8701171875,-93.6767578125
7.3512804,-107.6904296875,-69.5751953125,-83.1787109375
7.3864672,-108.9111328125,-67.3779296875,-73.2177734375
7.4146312,-109.8876953125,-65.2783203125,-64.4287109375
7.4418408,-111.1083984375,-64.2529296875,-56.7626953125
7.473921,-112.2802734375,-62.8369140625,-49.9755859375
7.5026911,-113.7451171875,-62.1044921875,-46.7529296875
7.5367705,-114.0869140625,-61.5673828125,-47.3876953125
7.562889,-115.1611328125,-61.8115234375,-49.5361328125
7.5938891,-112.9638671875,-61.8603515625,-49.9755859375
7.625381,-107.2021484375,-61.9580078125,-50.9521484375
7.6548466,-102.6611328125,-62.4462890625,-51.6357421875
7.6846389,-99.0478515625,-62.9345703125,-53.1982421875
7.717485,-94.7021484375,-63.5205078125,-55.6396484375
7.7446768,-91.6748046875,-64.4970703125,-57.7880859375
7.7753659,-88.3544921875,-64.8876953125,-61.1572265625
7.8080307,-86.8896484375,-66.8408203125,-62.7197265625
7.8353541,-87.6220703125,-67.8173828125,-66.7236328125
7.8641109,-88.4521484375,-67.7197265625,-68.4814453125
7.8969364,-88.7451171875,-69.4287109375,-71.2646484375
7.9246728,-89.4775390625,-71.2841796875,-73.7060546875
7.9571839,-90.6982421875,-71.7236328125,-76.1474609375
7.9885129,-92.5048828125,-72.4560546875,-78.0029296875
8.0165777,-93.8232421875,-73.4326171875,-81.1279296875
8.0475383,-95.9228515625,-75.6787109375,-83.1787109375
8.0785499,-97.7294921875,-75.2880859375,-86.2060546875
8.1088087,-99.4873046875,-76.7529296875,-88.5498046875
8.1377724,-101.4404296875,-76.6552734375,-90.6005859375
8.1670825,-102.9052734375,-76.2158203125,-92.5048828125
8.1967854,-104.5654296875,-73.9208984375,-88.3544921875
8.2283392,-106.3720703125,-71.3818359375,-79.2724609375
8.2574394,-107.9833984375,-68.8916015625,-68.6279296875
8.2892848,-109.0087890625,-67.3291015625,-58.2275390625
8.31722,-110.5224609375,-65.1318359375,-49.2919921875
8.3479043,-111.7431640625,-62.9833984375,-42.6513671875
8.3790067,-113.6474609375,-62.8369140625,-37.5244140625
8.4087451,-114.2333984375,-60.8349609375,-35.6689453125
8.4405507,-115.9423828125,-60.9814453125,-38.5498046875
8.4695488,-116.5283203125,-60.6884765625,-40.4541015625
8.4997043,-115.6494140625,-60.1025390625,-43.1396484375
8.5267561,-110.4248046875,-59.6630859375,-44.8486328125
8.5593616,-105.2978515625,-60.8837890625,-46.6552734375
8.5875447,-101.8310546875,-61.4208984375,-49.1943359375
8.6215913,-97.9248046875,-61.8115234375,-52.1728515625
8.6489587,-94.3603515625,-62.6416015625,-55.0537109375
8.6771018,-91.9189453125,-63.5693359375,-57.8369140625
8.7141357,-89.0869140625,-64.3017578125,-60.6201171875
8.7412473,-89.5263671875,-64.8388671875,-62.9150390625
8.7718753,-91.0888671875,-66.0107421875,-66.2353515625
8.8005765,-91.5771484375,-66.4013671875,-68.5302734375
8.8394631,-91.9677734375,-68.5009765625,-70.5810546875
8.8645843,-93.1884765625,-68.2080078125,-73.8525390625
8.8906674,-94.6533203125,-69.5263671875,-75.9033203125
8.9218338,-96.0205078125,-70.6005859375,-78.1982421875
8.9530214,-97.6806640625,-72.4560546875,-79.8095703125
8.9880421,-98.7060546875,-73.1396484375,-82.6416015625
9.0105278,-100.3173828125,-73.1884765625,-85.6689453125
9.0495998,-101.4404296875,-72.7490234375,-88.0615234375
9.0713185,-102.9541015625,-72.3583984375,-88.5498046875
9.1208164,-104.2236328125,-70.6982421875,-83.4228515625
9.1421424,-105.2978515625,-68.0126953125,-71.4599609375
9.1646102,-106.5673828125,-66.1083984375,-58.6181640625
9.1950165,-107.4462890625,-62.7392578125,-48.0712890625
9.2229152,-108.4716796875,-61.2255859375,-39.0380859375
9.2534559,-109.7412109375,-59.2236328125,-31.7138671875
9.2865375,-110.9130859375,-57.7587890625,-28.0517578125
9.3114124,-112.2314453125,-56.3427734375,-27.7099609375
9.3651039,-113.0615234375,-56.2939453125,-30.1025390625
9.3741138,-114.0869140625,-55.8056640625,-33.1298828125
9.4117835,-113.6474609375,-55.4638671875,-35.1806640625
9.433648,-108.6181640625,-56.4892578125,-38.3544921875
9.4645947,-103.4912109375,-56.1474609375,-39.6240234375
9.4937687,-100.2685546875,-56.9287109375,-42.3583984375
9.5254417,-96.7529296875,-57.2705078125,-45.4833984375
9.5670348,-93.1396484375,-57.6123046875,-48.6083984375
9.5839601,-90.9912109375,-57.9052734375,-51.5380859375
9.6161025,-88.6962890625,-59.1259765625,-54.7607421875
9.6455342,-88.9404296875,-60.5908203125,-57.6416015625
9.6776088,-90.1123046875,-60.9814453125,-60.6689453125
9.7067613,-90.5517578125,-61.4208984375,-63.5498046875
9.736562,-91.3330078125,-63.1298828125,-66.2353515625
9.7667802,-91.7236328125,-63.3740234375,-69.2626953125
9.8038932,-94.0185546875,-65.1806640625,-71.6064453125
9.8247101,-96.1181640625,-66.3037109375,-73.7060546875
9.8605313,-97.5830078125,-68.4033203125,-76.3427734375
9.8894476,-99.4384765625,-68.3544921875,-79.4189453125
9.9176288,-101.0009765625,-70.1123046875,-82.1044921875
9.9654198,-102.5634765625,-70.5029296875,-84.3505859375
9.9773573,-103.9306640625,-69.0869140625,-83.8623046875
10.0102663,-105.3955078125,-66.9384765625,-77.5634765625
10.0400248,-106.6162109375,-65.2783203125,-64.0869140625
10.068406,-107.8369140625,-63.2763671875,-51.2939453125
10.0993538,-108.9599609375,-60.8837890625,-39.2822265625
10.1278604,-109.4482421875,-59.0771484375,-30.3955078125
10.1671262,-110.9619140625,-57.7587890625,-23.1689453125
10.2050416,-112.6708984375,-56.6357421875,-19.1650390625
10.2199488,-113.4033203125,-56.6845703125,-18.8720703125
10.2506657,-115.0146484375,-56.0009765625,-23.1201171875
10.2787404,-115.2587890625,-55.3662109375,-26.1474609375
10.3077757,-114.2822265625,-56.0498046875,-28.1982421875
10.3437906,-109.1064453125,-56.4892578125,-29.8583984375
10.3694049,-104.1259765625,-56.1474609375,-32.8369140625
10.4055112,-99.7802734375,-57.7587890625,-35.4736328125
10.4310813,-95.8740234375,-58.5888671875,-38.3544921875
10.4688191,-92.7001953125,-58.4912109375,-41.4306640625
10.4877306,-89.9658203125,-59.4189453125,-44.4091796875
10.5238534,-87.5732421875,-60.7861328125,-47.6806640625
10.550982,-87.6220703125,-62.0068359375,-49.8291015625
10.584697,-88.7451171875,-63.0322265625,-52.8076171875
10.61335,-89.8681640625,-64.6435546875,-55.7373046875
10.6402711,-89.8681640625,-65.6201171875,-58.1787109375
10.6764114,-91.0400390625,-66.6455078125,-61.3037109375
10.7025495,-92.4560546875,-67.0361328125,-63.5009765625
10.7325972,-93.9208984375,-69.0869140625,-65.7958984375
10.7640079,-95.8740234375,-70.6982421875,-67.9931640625
10.7925929,-97.1923828125,-71.4306640625,-70.5322265625
10.8294882,-99.5361328125,-72.4560546875,-73.3154296875
10.8547916,-100.5126953125,-72.7001953125,-76.0986328125
10.8813973,-101.1962890625,-70.8935546875,-74.9267578125
10.919108,-103.1005859375,-68.8427734375,-65.3076171875
10.9443398,-104.4189453125,-67.1826171875,-52.1240234375
10.9719167,-105.7373046875,-65.1806640625,-39.4287109375
11.004271,-106.7626953125,-63.2763671875,-28.8818359375
11.0423998,-107.4462890625,-60.6396484375,-21.2158203125
11.0657411,-109.3994140625,-59.5166015625,-16.3818359375
11.0960596,-109.9853515625,-58.1494140625,-13.7451171875
11.1228751,-111.2060546875,-57.7099609375,-16.4306640625
11.1592328,-112.8173828125,-56.7333984375,-20.0927734375
11.1861648,-114.1845703125,-57.0263671875,-23.5107421875
11.2162623,-112.7685546875,-56.0498046875,-25.2685546875
11.2467047,-108.4716796875,-57.2216796875,-27.5146484375
11.2761773,-103.0517578125,-57.0263671875,-30.0537109375
11.3035856,-100.0244140625,-57.5146484375,-32.8857421875
11.3362242,-96.4111328125,-58.3935546875,-36.4501953125
11.3657315,-92.0654296875,-58.2470703125,-38.7451171875
11.3977692,-89.8681640625,-59.0771484375,-42.5048828125
11.4276771,-88.0615234375,-60.6396484375,-44.7509765625
11.454242,-87.5244140625,-60.5419921875,-48.3154296875
11.4907997,-89.1357421875,-61.7626953125,-50.9033203125
11.5165276,-88.9892578125,-63.2763671875,-53.3935546875
11.5460113,-89.9658203125,-63.9111328125,-56.4208984375
11.5822022,-90.5517578125,-64.5947265625,-58.7646484375
11.6073377,-92.3583984375,-66.6455078125,-61.4501953125
11.6373227,-93.7255859375,-66.8896484375,-63.7939453125
11.6696555,-95.2880859375,-68.1591796875,-66.3330078125
11.6977735,-97.1923828125,-68.9892578125,-69.3115234375
11.7260749,-98.8525390625,-69.1357421875,-72.0947265625
11.7594079,-99.5849609375,-68.3056640625,-72.5830078125
11.7880624,-101.5380859375,-65.3759765625,-66.7236328125
11.8181748,-102.9052734375,-63.8134765625,-53.3447265625
11.8488938,-104.1748046875,-61.4697265625,-40.3564453125
11.8779912,-105.6396484375,-59.1748046875,-29.5166015625
11.9105153,-106.6162109375,-56.7822265625,-21.6552734375
11.9382337,-107.8857421875,-54.7314453125,-16.3330078125
11.9751955,-108.6669921875,-53.7548828125,-12.7197265625
11.9993708,-109.4970703125,-52.1923828125,-14.2822265625
12.0283402,-111.3037109375,-52.7294921875,-17.6513671875
12.0593432,-111.7919921875,-51.7041015625,-21.0205078125
12.0907556,-112.7197265625,-52.1923828125,-24.3896484375
12.1182447,-112.7197265625,-52.6318359375,-25.9521484375
12.1541859,-107.4462890625,-52.2900390625,-28.3935546875
12.1791045,-102.2216796875,-52.3876953125,-32.0068359375
12.2093509,-99.1455078125,-53.6572265625,-34.7412109375
12.2459767,-95.0439453125,-53.6572265625,-37.6220703125
12.2715075,-92.4560546875,-55.0244140625,-40.6005859375
12.3026234,-89.0869140625,-55.4638671875,-44.1162109375
12.3311448,-86.5478515625,-55.8056640625,-47.2412109375
12.3594372,-87.2802734375,-57.1728515625,-50.2197265625
12.3890927,-88.5498046875,-58.1982421875,-52.2216796875
12.4226176,-88.8427734375,-59.6142578125,-55.8837890625
12.4517161,-88.9404296875,-60.3955078125,-59.0087890625
12.5014559,-90.0634765625,-61.7138671875,-60.3759765625
12.5238185,-91.5771484375,-63.0322265625,-63.2568359375
12.5420929,-93.0419921875,-64.2041015625,-65.5517578125
12.5730469,-94.5068359375,-64.4970703125,-68.8232421875
12.6044064,-96.4599609375,-65.2294921875,-71.7041015625
12.6339089,-97.3388671875,-65.3759765625,-73.1689453125
12.6626333,-99.4384765625,-63.2275390625,-70.7763671875
12.6934188,-100.9521484375,-60.3466796875,-59.3994140625
12.7259546,-101.0986328125,-58.9306640625,-44.6044921875
12.7801527,-103.0517578125,-56.1474609375,-31.8603515625
12.7809347,-104.5166015625,-54.6337890625,-21.4111328125
12.8150267,-105.0537109375,-52.6806640625,-14.6728515625
12.8448567,-107.2021484375,-51.6064453125,-9.3505859375
12.8713375,-108.1787109375,-50.3857421875,-7.5439453125
12.9049891,-109.7412109375,-50.1416015625,-10.4736328125
12.9342122,-110.3759765625,-49.8486328125,-14.8193359375
12.9861796,-111.4990234375,-49.8974609375,-17.9931640625
13.0051442,-111.8408203125,-50.5322265625,-20.7275390625
13.023806,-109.3505859375,-50.5322265625,-22.5341796875
13.055668,-103.3447265625,-52.1435546875,-25.1220703125
13.0854275,-99.8779296875,-52.8759765625,-28.2470703125
13.1150764,-95.9228515625,-53.3642578125,-30.3466796875
13.1630955,-92.0166015625,-55.0244140625,-34.3505859375
13.1840194,-89.6240234375,-55.6591796875,-36.6943359375
13.2086487,-86.8408203125,-56.5380859375,-39.1845703125
13.2366317,-84.9853515625,-57.8564453125,-42.9931640625
13.2829479,-86.8896484375,-58.6376953125,-44.9951171875
13.3029577,-87.7197265625,-60.7373046875,-48.6572265625
13.3259634,-88.3056640625,-61.1767578125,-51.2451171875
13.3570264,-88.9892578125,-62.8369140625,-54.1259765625
13.3891558,-90.0634765625,-63.5205078125,-56.3720703125
13.4170809,-91.4794921875,-65.8154296875,-58.5693359375
13.4440213,-93.7255859375,-67.0361328125,-61.4501953125
13.4948094,-95.1416015625,-68.1103515625,-64.2333984375
13.5152654,-96.2158203125,-68.2568359375,-66.6748046875
13.5396571,-97.8271484375,-67.8173828125,-69.1162109375
13.5665739,-99.4873046875,-66.9384765625,-65.3076171875
13.5989478,-100.6103515625,-64.9365234375,-53.3447265625
13.6317745,-102.0751953125,-61.9091796875,-38.7451171875
13.6576337,-103.0517578125,-60.4443359375,-25.8056640625
13.7064664,-104.6142578125,-58.0517578125,-15.7470703125
13.718983,-105.7861328125,-55.6591796875,-9.3017578125
13.7502487,-107.2021484375,-55.1708984375,-4.3701171875
13.7802503,-108.7158203125,-53.6572265625,-3.2958984375
13.8110786,-110.2783203125,-53.6083984375,-7.4951171875
13.8384958,-110.8154296875,-53.7548828125,-11.2060546875
13.8727608,-111.4990234375,-53.3154296875,-14.6728515625
13.8987639,-112.0849609375,-54.1455078125,-16.1376953125
13.9307645,-107.9345703125,-54.2919921875,-18.7744140625
13.9610811,-102.5634765625,-56.0498046875,-21.0693359375
14.0070668,-98.6083984375,-56.2451171875,-24.4873046875
14.0282346,-94.9462890625,-56.4892578125,-27.8564453125
14.0702849,-91.0888671875,-57.9541015625,-30.8349609375
14.0906008,-87.6220703125,-57.8564453125,-33.5205078125
14.1143153,-84.8876953125,-59.4677734375,-36.8408203125
14.1411264,-84.3017578125,-60.5908203125,-40.0146484375
14.169646,-86.0595703125,-61.6162109375,-42.0654296875
14.206087,-87.2802734375,-63.1298828125,-45.4833984375
14.2339788,-87.3291015625,-64.4970703125,-47.3388671875
14.2618203,-88.9404296875,-65.6689453125,-50.8544921875
14.2979551,-89.8193359375,-65.4248046875,-53.1494140625
14.3388597,-91.8212890625,-67.7685546875,-55.5908203125
14.3591573,-93.1396484375,-68.2080078125,-57.7880859375
14.3994478,-94.4580078125,-70.0634765625,-60.5712890625
14.4196912,-96.3134765625,-69.8193359375,-62.6708984375
14.4450047,-97.9736328125,-67.9638671875,-63.8427734375
14.4734945,-99.6337890625,-66.2060546875,-57.8857421875
14.5028614,-100.5615234375,-64.3505859375,-45.0927734375
14.5389139,-101.7333984375,-61.6162109375,-30.4931640625
14.5651676,-103.1005859375,-59.4189453125,-19.8486328125
14.5935094,-104.0283203125,-56.9287109375,-11.7431640625
14.6428133,-105.0537109375,-55.5126953125,-6.2255859375
14.6537685,-105.8837890625,-54.9755859375,-3.1982421875
14.6837675,-106.7138671875,-53.2666015625,-4.5654296875
14.7152248,-107.8857421875,-52.9736328125,-8.8623046875
14.7445853,-109.1064453125,-52.5830078125,-12.7197265625
14.7965387,-110.2783203125,-52.8759765625,-15.1611328125
14.8046216,-109.8876953125,-53.4130859375,-17.1142578125
14.8339122,-105.8349609375,-53.3642578125,-19.0185546875
14.8890163,-100.4638671875,-53.9990234375,-21.6552734375
14.8939715,-96.2158203125,-54.6337890625,-25.5615234375
14.945038,-92.3583984375,-56.0009765625,-28.4423828125
14.957237,-88.9404296875,-57.0263671875,-31.6162109375
14.9844847,-85.3759765625,-57.7587890625,-35.3271484375
15.0155145,-82.8857421875,-58.0517578125,-38.0126953125
15.0503415,-81.6162109375,-58.6376953125,-40.9912109375
15.0756157,-83.0810546875,-60.2490234375,-43.9697265625
15.1063793,-83.3251953125,-61.3232421875,-47.1923828125
15.1370203,-83.3740234375,-61.5673828125,-49.7314453125
15.1649914,-84.6923828125,-63.0810546875,-52.4658203125
15.1982057,-85.6201171875,-64.4970703125,-54.5654296875
15.2281362,-86.6455078125,-66.1572265625,-58.1787109375
15.2611854,-88.6474609375,-66.7431640625,-60.3759765625
15.2894556,-89.7216796875,-67.0361328125,-63.4033203125
15.3187311,-91.0400390625,-66.8408203125,-65.5517578125
15.3494182,-92.5537109375,-64.5458984375,-63.3056640625
15.3763148,-94.0185546875,-62.6904296875,-52.7099609375
15.4092968,-95.3857421875,-60.1025390625,-37.8173828125
15.4401757,-96.0205078125,-57.7587890625,-25.5126953125
15.4707359,-96.8505859375,-55.1220703125,-15.5517578125
15.4972804,-98.6572265625,-51.9482421875,-8.7158203125
15.5313651,-99.3408203125,-51.2158203125,-4.2236328125
15.5603509,-100.8056640625,-50.0439453125,-2.5634765625
15.5914783,-101.8798828125,-48.4326171875,-6.0791015625
15.6218975,-103.6865234375,-48.5791015625,-10.5224609375
15.649409,-104.1259765625,-48.2373046875,-13.7939453125
15.6832233,-105.8837890625,-47.9443359375,-16.4306640625
15.7099227,-105.1513671875,-48.4326171875,-19.8486328125
15.7387881,-100.8056640625,-49.0185546875,-22.2900390625
15.7768317,-95.9228515625,-49.7509765625,-26.4404296875
15.7995547,-91.8212890625,-50.8251953125,-29.7607421875
15.8282502,-88.7451171875,-50.8740234375,-33.5205078125
15.8643241,-85.6689453125,-51.8017578125,-36.7919921875
15.8906706,-82.7392578125,-52.4365234375,-40.4052734375
15.9240877,-80.6884765625,-53.6572265625,-44.1650390625
15.9519927,-80.9814453125,-55.7568359375,-47.9736328125
15.9800428,-82.4462890625,-56.3916015625,-51.3427734375
16.0142834,-82.7392578125,-57.0751953125,-55.1513671875
16.0435415,-83.7158203125,-58.3935546875,-58.1787109375
16.0686474,-84.3505859375,-60.5419921875,-61.6943359375
16.1048772,-85.7666015625,-62.0556640625,-65.4541015625
16.1313806,-87.4755859375,-63.6181640625,-68.7255859375
16.1651169,-89.6728515625,-64.8388671875,-72.5830078125
16.1942228,-91.1376953125,-64.3994140625,-75.9033203125
16.2218544,-92.8955078125,-64.4482421875,-78.7353515625
16.2551433,-94.7021484375,-62.0068359375,-75.3662109375
16.2834339,-96.5087890625,-60.1513671875,-66.8701171875
16.3132562,-97.4853515625,-57.8076171875,-56.1279296875
16.3458111,-98.7060546875,-55.6103515625,-46.6552734375
16.3753557,-99.6826171875,-53.2177734375,-38.7451171875
16.4034378,-101.3427734375,-50.9228515625,-32.1533203125
16.4354404,-102.0751953125,-49.9951171875,-27.8076171875
16.4639411,-103.0517578125,-48.1884765625,-26.8798828125
16.4962818,-104.4677734375,-48.9697265625,-29.1259765625
16.5248856,-105.7373046875,-48.2861328125,-33.1298828125
16.5531727,-107.1044921875,-48.7255859375,-36.3037109375
16.5876621,-107.4462890625,-48.6767578125,-39.0380859375
16.6159869,-105.7861328125,-49.3115234375,-42.5537109375
16.6438543,-100.2197265625,-49.5068359375,-45.8740234375
16.6771313,-95.1904296875,-51.7529296875,-49.0966796875
16.7052397,-92.1630859375,-51.4111328125,-53.1494140625
16.7354222,-87.8662109375,-52.7294921875,-57.4462890625
16.7668648,-84.1552734375,-53.9501953125,-61.4013671875
16.7948223,-81.6162109375,-56.1962890625,-65.8935546875
16.8280073,-79.2724609375,-57.1240234375,-69.7509765625
16.8592105,-80.1513671875,-58.0029296875,-73.7060546875
16.884818,-81.1767578125,-59.0283203125,-77.7587890625
16.9194762,-81.6162109375,-60.1025390625,-81.5673828125
16.9492248,-81.9580078125,-62.4462890625,-85.4736328125
16.9787602,-83.2763671875,-63.5693359375,-88.6962890625
17.0087463,-84.9365234375,-65.2294921875,-92.3095703125
17.0385489,-86.4990234375,-66.3037109375,-96.0205078125
17.0664962,-88.2080078125,-67.0849609375,-99.4384765625
17.1002874,-89.9169921875,-67.7685546875,-103.3935546875
17.1252375,-91.8212890625,-66.0107421875,-105.7861328125
17.1613301,-93.8232421875,-64.4970703125,-104.6142578125
17.1881454,-95.4345703125,-62.8369140625,-99.1455078125
17.2151775,-96.8017578125,-59.9072265625,-92.1142578125
17.2491589,-97.8759765625,-57.6611328125,-86.0107421875
17.2798935,-99.5849609375,-54.6337890625,-80.5908203125
17.3114311,-100.8056640625,-53.1689453125,-77.0263671875
17.3405503,-102.1240234375,-51.1669921875,-73.3154296875
17.3699813,-103.7353515625,-50.0439453125,-72.8271484375
17.3963607,-104.7119140625,-50.0439453125,-75.2197265625
17.431369,-105.9326171875,-49.6044921875,-77.8564453125
17.4567974,-106.9091796875,-48.8720703125,-79.8095703125
17.5101951,-107.5927734375,-49.4091796875,-81.3720703125
17.5314781,-105.1025390625,-50.0439453125,-83.5205078125
17.5496141,-99.6826171875,-50.6298828125,-86.1572265625
17.5994319,-94.7998046875,-51.8994140625,-89.4287109375
17.6193478,-90.6005859375,-52.0947265625,-91.5771484375
17.6557374,-87.2314453125,-52.7783203125,-94.8486328125
17.6788081,-83.4228515625,-53.6572265625,-98.3154296875
17.7013602,-80.7373046875,-55.2685546875,-101.2939453125
17.7320832,-79.0771484375,-56.0009765625,-104.5654296875
17.7788952,-79.3701171875,-56.6357421875,-107.6416015625
17.8003279,-80.5419921875,-57.2705078125,-110.8154296875
17.8364817,-80.8837890625,-59.1748046875,-114.3310546875
17.8589991,-82.0556640625,-61.3232421875,-117.3095703125
17.8805653,-83.5205078125,-61.5185546875,-119.8486328125
17.912689,-85.4248046875,-63.0322265625,-122.9736328125
17.9421184,-86.4501953125,-64.7412109375,-126.2451171875
17.9901755,-88.5986328125,-64.9853515625,-128.3935546875
18.010057,-89.9658203125,-65.9130859375,-131.4697265625
18.0339201,-91.3818359375,-65.2783203125,-134.2041015625
18.0791687,-92.9443359375,-63.0810546875,-134.9365234375
18.1015723,-94.3603515625,-61.0302734375,-130.8837890625
18.1231899,-95.1416015625,-58.6865234375,-125.2685546875
18.1706976,-96.6064453125,-56.1474609375,-119.7021484375
18.1922863,-97.9248046875,-53.2177734375,-115.8935546875
18.2294293,-98.5107421875,-51.0205078125,-111.3525390625
18.2551633,-99.4384765625,-49.0673828125,-107.8857421875
18.2932496,-100.8056640625,-47.7978515625,-106.5673828125
18.3136281,-102.4658203125,-47.1630859375,-106.8115234375
18.3330246,-103.2958984375,-46.5771484375,-108.4228515625
18.3631975,-103.9794921875,-46.1376953125,-110.0341796875
18.3975528,-104.9560546875,-46.2841796875,-111.0595703125
18.4385073,-103.2958984375,-46.3330078125,-113.0615234375
18.458434,-98.3154296875,-46.7236328125,-114.2333984375
18.4867036,-93.5302734375,-47.4072265625,-116.1376953125
18.5153679,-88.9404296875,-48.5302734375,-118.7255859375
18.5647036,-85.1806640625,-48.8232421875,-120.6298828125
18.574803,-81.4697265625,-50.7763671875,-123.1201171875
18.6032124,-78.1982421875,-51.5576171875,-125.2197265625
18.6624635,-76.4404296875,-52.1435546875,-128.0517578125
18.6929871,-76.3427734375,-53.2177734375,-130.8837890625
18.6938714,-78.0517578125,-53.9013671875,-132.7880859375
18.7416294,-78.3447265625,-55.8056640625,-134.9853515625
18.7638347,-78.4912109375,-56.8798828125,-137.0849609375
18.7858,-80.2490234375,-58.5400390625,-139.6728515625
18.8375152,-81.7138671875,-59.2236328125,-142.0654296875
18.8563819,-82.9345703125,-60.4443359375,-145.1904296875
18.8940509,-84.8876953125,-61.5185546875,-146.7041015625
18.9140024,-86.3037109375,-62.7392578125,-149.9267578125
18.9544133,-87.6708984375,-62.7392578125,-152.5146484375
18.9745601,-89.6240234375,-61.6162109375,-153.2470703125
18.9999548,-91.0888671875,-60.0537109375,-151.5380859375
19.0308288,-92.8466796875,-57.4658203125,-146.3134765625
19.0748315,-94.2626953125,-54.3896484375,-140.8935546875
19.095354,-95.5810546875,-53.1201171875,-135.6201171875
19.1186971,-96.8994140625,-50.9716796875,-130.2001953125
19.1513244,-98.6083984375,-49.4091796875,-126.0986328125
19.1797833,-99.8291015625,-48.3837890625,-121.9970703125
19.2133459,-101.1962890625,-47.6025390625,-120.3369140625
19.256096,-102.4169921875,-47.4560546875,-120.2880859375
19.2747795,-104.3212890625,-47.5048828125,-121.5576171875
19.3020027,-104.9560546875,-47.6025390625,-121.3134765625
19.329729,-105.0537109375,-48.7255859375,-122.1435546875
19.3767212,-100.5615234375,-48.2373046875,-122.0947265625
19.3968802,-95.0439453125,-50.2880859375,-122.5341796875
19.4341698,-90.8935546875,-50.7275390625,-124.2919921875
19.4562315,-87.0361328125,-52.1435546875,-125.1708984375
19.4992217,-83.3251953125,-52.7783203125,-126.6845703125
19.5212621,-79.7119140625,-53.9013671875,-129.2236328125
19.5594397,-76.7822265625,-55.4150390625,-130.1513671875
19.5715972,-75.3662109375,-57.5634765625,-132.1533203125
19.6007385,-76.3916015625,-58.8818359375,-133.1787109375
19.6327258,-77.6123046875,-60.3466796875,-135.6689453125
19.6803542,-77.1728515625,-62.0068359375,-137.9150390625
19.7012597,-78.4423828125,-63.3740234375,-139.3310546875
19.7371233,-79.7119140625,-64.7412109375,-141.4794921875
19.7581323,-81.1279296875,-66.4990234375,-142.7001953125
19.803274,-82.7392578125,-68.5498046875,-144.8974609375
19.814165,-84.7412109375,-69.7705078125,-146.6552734375
19.8607849,-85.6201171875,-69.8681640625,-148.5595703125
19.8808881,-87.7197265625,-69.5263671875,-151.0986328125
19.9198507,-89.4287109375,-68.6962890625,-150.4150390625
19.94076,-91.6748046875,-67.1337890625,-145.5322265625
19.9795291,-92.5537109375,-64.9853515625,-139.9658203125
19.9998325,-94.2138671875,-61.7626953125,-133.4716796875
20.0507487,-95.5810546875,-59.1748046875,-127.6123046875
20.0700527,-96.4111328125,-57.4658203125,-122.0947265625
20.0844836,-98.5107421875,-57.0751953125,-116.8701171875
20.117422,-98.9501953125,-56.1474609375,-113.4033203125
20.1460778,-99.7802734375,-55.7080078125,-112.0849609375
20.1794961,-101.6357421875,-55.5615234375,-112.3779296875
20.2226608,-102.7587890625,-54.3408203125,-113.0126953125
20.234521,-103.1005859375,-54.9755859375,-112.8173828125
20.2645436,-102.5146484375,-55.8056640625,-112.7685546875
20.314913,-97.6318359375,-57.0263671875,-114.3798828125
20.3269919,-92.5048828125,-57.6123046875,-115.5029296875
20.3570686,-87.9638671875,-57.8564453125,-116.7236328125
20.4027851,-84.3994140625,-59.2236328125,-117.7978515625
20.4152889,-80.3466796875,-59.5166015625,-119.4580078125
20.4500131,-77.4169921875,-60.1513671875,-120.7763671875
20.493348,-75.0244140625,-61.7138671875,-122.0947265625
20.5119687,-74.2919921875,-62.9345703125,-123.6572265625
20.5383642,-75.6591796875,-64.5458984375,-126.0986328125
20.568761,-76.5380859375,-64.8388671875,-127.4169921875
20.5989356,-76.4404296875,-66.1083984375,-129.3701171875
20.6301697,-77.8076171875,-67.4267578125,-130.5908203125
20.6563015,-79.7607421875,-68.6962890625,-133.1787109375
20.6905378,-81.3720703125,-69.8681640625,-134.5458984375
20.7167005,-83.2763671875,-71.4794921875,-136.3037109375
20.7686129,-85.3271484375,-71.8701171875,-138.5498046875
20.7798047,-86.6943359375,-70.4052734375,-140.0634765625
20.809049,-88.8427734375,-69.6728515625,-140.8447265625
20.8375864,-90.1123046875,-68.2568359375,-136.0595703125
20.8712052,-91.3818359375,-65.1806640625,-129.6142578125
20.9005418,-92.7978515625,-63.0810546875,-122.2412109375
20.931611,-94.6533203125,-60.6396484375,-115.0146484375
20.9620474,-95.5322265625,-58.3935546875,-109.5947265625
20.9887426,-96.5087890625,-57.2705078125,-104.2236328125
21.02075,-98.4619140625,-56.2939453125,-100.7080078125
21.0518814,-99.2919921875,-55.2197265625,-99.3896484375
21.0834795,-101.2451171875,-55.2685546875,-100.4150390625
21.1126911,-102.5146484375,-54.9755859375,-101.3916015625
21.1405295,-103.5400390625,-54.7802734375,-101.6357421875
21.1706553,-104.3701171875,-55.6103515625,-102.4169921875
21.2015082,-102.1728515625,-56.4892578125,-103.3935546875
21.2322759,-97.0947265625,-57.9052734375,-104.5654296875
21.2643843,-92.3583984375,-57.4169921875,-106.7138671875
21.2925657,-88.3056640625,-58.7841796875,-107.7392578125
21.3199934,-85.4248046875,-59.9560546875,-109.5947265625
21.3528925,-80.6396484375,-60.1513671875,-111.7431640625
21.3821034,-77.9541015625,-61.0791015625,-114.3798828125
21.4142097,-75.7080078125,-63.2763671875,-116.3818359375
21.4453644,-76.4892578125,-64.0087890625,-118.1884765625
21.4729936,-77.9541015625,-65.5712890625,-120.3369140625
21.5036692,-77.4658203125,-67.1337890625,-122.2412109375
21.535092,-78.1005859375,-68.4033203125,-123.5107421875
21.5630628,-79.3701171875,-68.8916015625,-126.5380859375
21.5963709,-80.2490234375,-71.4794921875,-128.7841796875
21.6248254,-81.7138671875,-72.2119140625,-131.0302734375
21.6520401,-83.5205078125,-73.2861328125,-132.9833984375
21.6861665,-84.7412109375,-72.5048828125,-135.0830078125
21.7143242,-86.3037109375,-70.1611328125,-135.0830078125
21.7460827,-87.7685546875,-68.2568359375,-129.8583984375
21.7749712,-88.8916015625,-66.5478515625,-123.1689453125
21.8051661,-91.0400390625,-63.7646484375,-114.8681640625
21.8379934,-92.0166015625,-61.1767578125,-107.8857421875
21.8649183,-93.3837890625,-58.7353515625,-101.3427734375
21.8933962,-95.4345703125,-58.0029296875,-96.9482421875
21.9278126,-96.0693359375,-56.7822265625,-92.4560546875
21.9568134,-97.2900390625,-56.4404296875,-92.1142578125
21.984519,-98.5595703125,-56.1962890625,-93.1396484375
22.017921,-100.1220703125,-55.1708984375,-94.8486328125
22.0460032,-101.9287109375,-55.9521484375,-95.3857421875
22.0773677,-102.8564453125,-56.6845703125,-95.7763671875
22.1068459,-102.7587890625,-57.9541015625,-97.9248046875
22.135096,-97.3388671875,-58.5400390625,-99.0478515625
22.1680993,-92.3583984375,-59.6630859375,-101.1474609375
22.1965492,-87.8173828125,-60.5908203125,-102.7099609375
22.2263195,-84.3994140625,-62.3486328125,-104.8095703125
22.259017,-81.7138671875,-63.6669921875,-106.5185546875
22.2849297,-77.7587890625,-64.2041015625,-108.6181640625
22.3384183,-76.0986328125,-67.2802734375,-110.4248046875
22.3497241,-75.8056640625,-67.8173828125,-112.8173828125
22.3772506,-76.7822265625,-69.7216796875,-114.6240234375
22.4275012,-77.9052734375,-71.9677734375,-117.3095703125
22.4489581,-77.9541015625,-73.0419921875,-119.0673828125
22.4660302,-78.5888671875,-74.7998046875,-121.6064453125
22.5011975,-81.1279296875,-76.2646484375,-123.1201171875
22.5281067,-81.6162109375,-77.5830078125,-124.9267578125
22.5578776,-84.3505859375,-78.7548828125,-127.3193359375
22.589564,-85.2294921875,-78.2177734375,-129.3701171875
22.618818,-86.8896484375,-76.4111328125,-128.8330078125
22.6509229,-89.0380859375,-74.9951171875,-123.1689453125
22.7141976,-89.9169921875,-73.0419921875,-113.9404296875
22.7150481,-92.2119140625,-70.2099609375,-106.7626953125
22.7430404,-93.7744140625,-68.7939453125,-98.3154296875
22.7896742,-94.6044921875,-66.6943359375,-91.5771484375
22.8107244,-95.8251953125,-65.9619140625,-86.0595703125
22.8471764,-97.0947265625,-65.0341796875,-83.3251953125
22.8672465,-98.5595703125,-64.4482421875,-82.5927734375
22.8903942,-99.8779296875,-63.5693359375,-84.2529296875
22.9231704,-100.9521484375,-63.5693359375,-85.4736328125
22.9659041,-102.3681640625,-64.3505859375,-87.1826171875
22.9873477,-102.8564453125,-65.4736328125,-87.2314453125
23.0293026,-102.5634765625,-65.5712890625,-88.9892578125
23.0501259,-97.7783203125,-66.4990234375,-90.7470703125
23.0876329,-92.5537109375,-67.4267578125,-93.0419921875
23.1078028,-88.7939453125,-67.7685546875,-94.7998046875
23.1424588,-84.8876953125,-69.5263671875,-97.3388671875
23.1636903,-80.6396484375,-70.2587890625,-100.1220703125
23.2090402,-76.8310546875,-70.8935546875,-101.8798828125
23.2280302,-74.4384765625,-71.8701171875,-104.7607421875
23.2708588,-74.2431640625,-73.1396484375,-107.0556640625
23.2919109,-75.5126953125,-74.2138671875,-109.2529296875
23.3321099,-75.6591796875,-76.0205078125,-111.3037109375
23.3548749,-76.3427734375,-76.8017578125,-113.2080078125
23.3740788,-77.5634765625,-77.6318359375,-115.5029296875
23.4052372,-79.1748046875,-78.8037109375,-118.1884765625
23.4513737,-81.1767578125,-78.8525390625,-120.6787109375
23.4715171,-82.8369140625,-78.8037109375,-122.6318359375
23.5087027,-85.1318359375,-77.3388671875,-123.3642578125
23.5291641,-87.2802734375,-75.2880859375,-120.0927734375
23.5727927,-88.7451171875,-72.7978515625,-112.0361328125
23.5857759,-90.9912109375,-70.8447265625,-103.2470703125
23.6322958,-93.0908203125,-68.5009765625,-95.1904296875
23.6525015,-94.5068359375,-66.5966796875,-89.6240234375
23.6899911,-95.9716796875,-65.5712890625,-83.3740234375
23.7121636,-97.0458984375,-64.0087890625,-80.3955078125
23.7549433,-99.2919921875,-62.7392578125,-78.3935546875
23.7751908,-100.2685546875,-63.0322265625,-80.0537109375
23.8108176,-100.8056640625,-62.1533203125,-81.3232421875
23.8323288,-103.2958984375,-62.1044921875,-82.0068359375
23.8744242,-104.4677734375,-62.3974609375,-82.2998046875
23.8935813,-105.0048828125,-63.6181640625,-83.8134765625
23.9161806,-105.0048828125,-63.5693359375,-85.6689453125
23.9435132,-101.4892578125,-64.2529296875,-87.0849609375
23.9933855,-96.3134765625,-65.2783203125,-90.0634765625
24.0144237,-92.3583984375,-64.9853515625,-91.8212890625
24.0512383,-88.4033203125,-67.3291015625,-94.0673828125
24.0724048,-85.0830078125,-67.5244140625,-96.4111328125
24.113369,-82.2021484375,-68.5498046875,-99.1455078125
24.1345259,-80.2001953125,-70.0146484375,-100.9521484375
24.1584084,-78.7841796875,-70.9423828125,-103.4912109375
24.1910372,-79.8583984375,-72.2119140625,-106.0791015625
24.2340982,-80.9326171875,-72.6513671875,-107.9833984375
24.2552356,-81.6650390625,-74.7998046875,-110.6689453125
24.2939649,-82.7880859375,-75.4833984375,-112.6708984375
24.3180015,-83.9111328125,-76.5087890625,-115.6494140625
24.3568474,-85.2783203125,-75.8251953125,-117.6513671875
24.3782387,-86.5966796875,-74.2626953125,-119.2138671875
24.4148993,-88.3056640625,-72.8955078125,-116.0888671875
24.4350842,-89.6728515625,-70.0146484375,-107.9345703125
24.4867095,-91.8212890625,-67.7685546875,-98.2177734375
24.4894433,-92.2119140625,-65.1318359375,-88.7939453125
24.5347251,-93.7744140625,-62.8369140625,-82.3974609375
24.5659517,-95.6787109375,-60.8837890625,-75.8056640625
24.5813923,-96.6552734375,-60.0048828125,-71.5087890625
24.6423585,-97.8271484375,-58.8330078125,-70.1416015625
24.6431842,-99.0478515625,-58.3447265625,-71.4111328125
24.6706189,-99.6826171875,-57.5634765625,-73.0712890625
24.7162439,-101.5869140625,-57.0751953125,-74.8779296875
24.7350935,-102.9052734375,-57.5634765625,-75.5615234375
24.7769582,-104.7607421875,-58.3447265625,-77.5634765625
24.7984279,-105.4931640625,-59.2236328125,-79.1748046875
24.8226786,-103.2470703125,-59.3701171875,-80.9326171875
24.8508381,-98.2666015625,-60.6884765625,-83.6669921875
24.8981596,-94.8486328125,-60.9814453125,-86.8896484375
24.9184498,-90.9423828125,-61.8115234375,-89.5263671875
24.9554647,-87.4267578125,-62.6416015625,-92.5048828125
24.9854124,-84.1064453125,-63.6181640625,-95.4345703125
25.0023212,-82.1533203125,-64.3994140625,-98.3642578125
25.0357228,-81.0791015625,-66.1572265625,-101.1474609375
25.0806437,-82.3974609375,-67.8173828125,-104.2724609375
25.0919627,-83.2275390625,-69.2333984375,-106.6162109375
25.1395972,-83.3740234375,-69.8681640625,-109.4970703125
25.1532022,-84.3994140625,-71.2841796875,-112.2314453125
25.1826545,-85.4736328125,-72.2607421875,-114.0869140625
25.2310389,-86.7919921875,-73.7744140625,-117.2607421875
25.2435928,-88.9892578125,-72.5537109375,-119.4580078125
25.2777091,-90.2099609375,-71.4306640625,-118.6279296875
25.3219409,-91.9677734375,-69.7705078125,-111.8408203125
25.3329328,-94.3115234375,-67.3291015625,-101.4404296875
25.3917582,-95.2392578125,-65.5224609375,-90.9423828125
25.3947408,-96.4599609375,-62.2998046875,-82.6416015625
25.4276879,-97.7783203125,-60.7373046875,-74.8291015625
25.4696987,-99.4873046875,-59.5654296875,-68.8232421875
25.4855804,-100.6591796875,-58.9794921875,-64.8193359375
25.5327007,-102.0263671875,-58.5400390625,-64.8681640625
25.5463885,-103.4912109375,-58.7353515625,-65.7958984375
25.5764059,-104.7607421875,-57.7099609375,-67.1630859375
25.6205641,-106.6162109375,-58.0517578125,-68.2373046875
25.6386061,-107.2509765625,-59.1259765625,-69.0185546875
25.6654164,-108.2763671875,-59.2724609375,-70.5322265625
25.7135154,-107.8857421875,-60.3466796875,-72.6806640625
25.7267495,-103.7353515625,-60.5419921875,-75.1708984375
25.7595037,-98.2177734375,-61.7138671875,-76.7822265625
25.7910044,-93.7744140625,-62.6904296875,-79.4189453125
25.8303702,-91.1376953125,-64.3505859375,-82.4951171875
25.8501078,-87.3779296875,-65.5224609375,-84.4970703125
25.8793121,-84.6923828125,-66.7431640625,-87.1826171875
25.9069126,-81.5185546875,-68.0126953125,-89.4287109375
25.9408126,-81.5673828125,-68.7939453125,-92.3583984375
25.9697686,-83.4716796875,-70.9423828125,-94.7021484375
25.9978495,-84.0087890625,-72.5537109375,-97.2412109375
26.0293551,-84.2041015625,-73.6279296875,-99.5849609375
26.0603136,-85.7666015625,-74.7509765625,-102.9052734375
26.0915978,-87.1337890625,-75.6787109375,-104.7119140625
26.1192311,-88.4033203125,-75.8740234375,-107.5927734375
26.1494571,-90.0146484375,-74.0185546875,-109.2041015625
26.1809409,-91.3818359375,-72.7978515625,-105.8349609375
26.2113024,-92.7978515625,-69.9169921875,-96.6552734375
26.240185,-94.2138671875,-67.5732421875,-86.3037109375
26.2723802,-95.5322265625,-65.6201171875,-76.5380859375
26.3000597,-96.6064453125,-62.6904296875,-68.6279296875
26.3313122,-97.8271484375,-61.6650390625,-62.6708984375
26.3628673,-98.7548828125,-60.4443359375,-57.6416015625
26.3899833,-100.5615234375,-59.1259765625,-55.5419921875
26.4234,-101.5869140625,-59.2236328125,-57.0556640625
26.4508468,-102.7587890625,-58.4912109375,-58.2763671875
26.4816731,-103.8818359375,-58.7353515625,-59.7900390625
26.51285,-105.4931640625,-58.8818359375,-60.0830078125
26.5430304,-106.9091796875,-58.6376953125,-62.2802734375
26.5701969,-108.0810546875,-59.8095703125,-64.1845703125
26.6042847,-105.8837890625,-60.1025390625,-66.4306640625
26.6343791,-101.1474609375,-60.9814453125,-69.2138671875
26.6645996,-96.8017578125,-61.0302734375,-71.8994140625
26.6917798,-93.6279296875,-62.3974609375,-73.9501953125
26.7206725,-89.4775390625,-62.7392578125,-77.1728515625
26.7559897,-86.6943359375,-64.3017578125,-79.9072265625
26.7850121,-83.6669921875,-65.0830078125,-82.5439453125
26.813091,-81.8115234375,-66.5478515625,-85.1806640625
26.8464895,-82.6416015625,-66.8408203125,-88.5009765625
26.8739447,-83.5205078125,-68.3056640625,-90.6494140625
26.9037074,-84.3505859375,-69.1845703125,-93.3837890625
26.9343987,-84.7412109375,-70.0634765625,-96.2646484375
26.9643418,-86.2548828125,-71.3818359375,-98.6572265625
26.9986271,-87.6708984375,-72.5537109375,-101.1962890625
27.0243436,-89.3310546875,-72.0166015625,-104.4189453125
27.0551873,-90.4541015625,-70.1123046875,-104.6142578125
27.0878885,-92.1630859375,-67.3779296875,-99.0966796875
27.1149295,-93.6767578125,-65.4248046875,-88.6474609375
27.1489801,-94.4580078125,-62.7392578125,-78.3447265625
27.1772048,-96.8017578125,-60.1025390625,-69.6533203125
27.2063372,-97.5341796875,-58.3935546875,-62.5732421875
27.2367524,-98.7548828125,-56.3427734375,-57.0068359375
27.2685709,-100.1708984375,-55.1708984375,-53.3447265625
27.2952567,-100.6591796875,-54.7802734375,-53.1005859375
27.3270385,-102.0263671875,-54.1455078125,-55.3955078125
27.3742201,-103.4912109375,-53.5595703125,-57.6416015625
27.3954337,-104.1748046875,-54.1943359375,-58.3251953125
27.432833,-105.6884765625,-54.6826171875,-59.7412109375
27.4533293,-106.0791015625,-54.6826171875,-61.9873046875
27.4950407,-106.4208984375,-55.4638671875,-64.0869140625
27.506973,-103.5888671875,-55.5615234375,-66.7236328125
27.5364633,-98.5107421875,-56.3916015625,-69.3115234375
27.5836401,-94.2626953125,-57.0263671875,-71.7041015625
27.6053607,-90.7470703125,-58.6376953125,-75.0732421875
27.6441536,-87.5244140625,-59.3212890625,-77.7587890625
27.6646492,-84.3017578125,-60.9326171875,-80.5419921875
27.6882671,-81.6162109375,-61.0302734375,-82.9833984375
27.717903,-81.3232421875,-63.5205078125,-86.4013671875
27.7501591,-82.2998046875,-64.5458984375,-88.9404296875
27.7966045,-83.4228515625,-65.9619140625,-91.7236328125
27.8187453,-83.3251953125,-67.3291015625,-93.9208984375
27.8547211,-84.5947265625,-68.5009765625,-96.2646484375
27.8769163,-85.2294921875,-69.1357421875,-99.5849609375
27.913848,-86.9384765625,-69.7216796875,-101.9775390625
27.9350213,-88.5009765625,-69.0380859375,-104.2724609375
27.975919,-89.7216796875,-67.6220703125,-103.4423828125
27.9960638,-91.3330078125,-65.7177734375,-97.5341796875
28.0332832,-92.8466796875,-62.9345703125,-86.1083984375
28.0554956,-94.3603515625,-61.0302734375,-76.5380859375
28.0936241,-95.6298828125,-58.1494140625,-67.1630859375
28.1125358,-96.5087890625,-56.0498046875,-60.1318359375
28.1381567,-97.9248046875,-55.1708984375,-53.8818359375
28.1717977,-99.0478515625,-53.7060546875,-51.0498046875
28.2190341,-99.9755859375,-53.0224609375,-49.6826171875
28.2402994,-100.7568359375,-53.0712890625,-52.4658203125
28.2776671,-102.4658203125,-52.2412109375,-53.6865234375
28.2978085,-103.7841796875,-52.8759765625,-55.3955078125
28.3347111,-105.1025390625,-53.9501953125,-55.9814453125
28.3558168,-105.4931640625,-54.8779296875,-58.5693359375
28.3985961,-105.2490234375,-55.1708984375,-60.4736328125
28.4191593,-101.5869140625,-56.6845703125,-63.0615234375
28.4584956,-96.6552734375,-57.7099609375,-65.3076171875
28.4798514,-92.6513671875,-59.0771484375,-68.3837890625
28.5184755,-89.6240234375,-60.3955078125,-71.3134765625
28.5394646,-85.7177734375,-61.7626953125,-73.5595703125
28.5754539,-82.9345703125,-62.3486328125,-76.5380859375
28.5969105,-80.5419921875,-63.7158203125,-78.3935546875
28.6360212,-80.3955078125,-65.5712890625,-81.5673828125
28.6560707,-82.2998046875,-67.3291015625,-83.5693359375
28.7005692,-82.7392578125,-68.0615234375,-85.8642578125
28.7207411,-83.2275390625,-69.9658203125,-88.3056640625
28.7588319,-84.4482421875,-72.0166015625,-90.5029296875
28.7790013,-85.4248046875,-72.4560546875,-93.3349609375
28.8157824,-87.0849609375,-72.7490234375,-96.1181640625
28.8374413,-88.8916015625,-72.7490234375,-98.0224609375
28.8793138,-90.2587890625,-72.0654296875,-98.4619140625
28.898373,-91.7724609375,-68.9892578125,-92.4560546875
28.9395611,-93.1396484375,-67.2802734375,-81.8115234375
28.959581,-95.0439453125,-65.1318359375,-70.8740234375
29.0006435,-96.0693359375,-63.1787109375,-61.2060546875
29.0208577,-97.0458984375,-60.9326171875,-53.4423828125
29.060187,-98.2177734375,-59.7607421875,-47.8271484375
29.0802441,-99.4384765625,-58.7841796875,-42.7490234375
29.1183689,-100.0732421875,-58.6376953125,-42.3583984375
29.1382772,-101.1962890625,-58.6865234375,-43.8232421875
29.1833911,-101.8798828125,-58.0029296875,-45.8740234375
29.2109541,-103.1494140625,-58.6376953125,-47.1435546875
29.2298888,-104.3212890625,-59.2724609375,-49.0966796875
29.2742622,-105.3466796875,-59.7607421875,-50.0732421875
29.3044885,-105.4931640625,-59.8095703125,-52.9052734375
29.3185226,-102.5146484375,-60.5908203125,-55.0048828125
29.3619543,-96.3134765625,-61.6650390625,-58.0322265625
29.3819065,-92.5048828125,-62.1044921875,-60.4736328125
29.4286757,-89.0380859375,-63.3740234375,-63.6474609375
29.4489587,-85.4248046875,-64.5947265625,-65.9912109375
29.4870639,-81.8603515625,-65.6201171875,-68.0419921875
29.4978921,-79.4189453125,-66.4501953125,-71.4111328125
29.5546609,-77.8076171875,-67.1826171875,-73.0712890625
29.5859849,-79.4677734375,-69.1357421875,-75.6591796875
29.5870167,-80.2001953125,-69.7216796875,-78.0029296875
29.632285,-80.0537109375,-71.4794921875,-80.5908203125
29.6530798,-81.1279296875,-71.8701171875,-83.0322265625
29.6905062,-83.1298828125,-72.8466796875,-85.7666015625
29.7127298,-84.2041015625,-73.2373046875,-87.8173828125
29.7550892,-86.0107421875,-72.1630859375,-90.4052734375
29.7764986,-87.5732421875,-70.1123046875,-89.6240234375
29.8143713,-88.8916015625,-67.8173828125,-82.0556640625
29.8358892,-90.3564453125,-65.2783203125,-71.5576171875
29.8729644,-92.3095703125,-63.5205078125,-60.8642578125
29.8933139,-93.8232421875,-60.7373046875,-52.4169921875
29.9362997,-94.3603515625,-59.1748046875,-45.8251953125
29.9566566,-96.4599609375,-58.8330078125,-40.2587890625
29.9932104,-97.6318359375,-56.7333984375,-37.3291015625
30.0130441,-98.9501953125,-56.2939453125,-38.6474609375
30.0674753,-100.0732421875,-56.6845703125,-41.4306640625
30.0877477,-100.8544921875,-56.0498046875,-43.2373046875
30.1052511,-102.3681640625,-55.6591796875,-45.0439453125
30.1421307,-103.0029296875,-56.7333984375,-46.8017578125
30.1620824,-103.3935546875,-57.1240234375,-48.3154296875
30.2063414,-104.3701171875,-57.6123046875,-50.2685546875
30.2269857,-101.8310546875,-58.5888671875,-53.5888671875
30.2640918,-96.6064453125,-59.3701171875,-55.9814453125
30.2839589,-91.9189453125,-59.8095703125,-58.6669921875
30.3279056,-88.2080078125,-60.6884765625,-61.6943359375
30.3420047,-84.5947265625,-62.0068359375,-64.9658203125
30.3861652,-81.4208984375,-62.7392578125,-67.8955078125
30.4063613,-78.2958984375,-64.3017578125,-70.4833984375
30.4424724,-76.6845703125,-65.1318359375,-73.2666015625
30.4669231,-78.3935546875,-66.8896484375,-76.5869140625
30.50953,-78.8818359375,-67.1826171875,-78.1982421875
30.5284367,-79.0283203125,-70.2587890625,-80.3955078125
30.5701421,-79.5166015625,-70.0634765625,-83.4716796875
30.5832719,-81.0302734375,-70.0634765625,-86.6943359375
30.6414286,-81.9580078125,-70.5517578125,-88.8916015625
30.6627204,-82.9345703125,-68.8916015625,-90.3564453125
30.6749259,-84.4970703125,-66.4990234375,-86.3037109375
30.717306,-85.2294921875,-63.3740234375,-77.4169921875
30.7383785,-86.4990234375,-61.4697265625,-66.0400390625
30.7790839,-87.7685546875,-58.6376953125,-55.8349609375
30.7994289,-88.4521484375,-55.6103515625,-47.4365234375
30.8442235,-90.0634765625,-55.2197265625,-40.6982421875
30.8583296,-91.0400390625,-52.6318359375,-35.3759765625
30.8964186,-91.3330078125,-51.1181640625,-32.9345703125
30.9178632,-92.7978515625,-51.3134765625,-34.6435546875
30.9674723,-94.2138671875,-51.6064453125,-37.1337890625
30.9763585,-95.2392578125,-50.7763671875,-38.2080078125
31.0320683,-96.2646484375,-51.8505859375,-40.6005859375
31.0381656,-97.8759765625,-52.0458984375,-42.8955078125
31.0755523,-98.8037109375,-52.4853515625,-44.4091796875
31.095779,-98.9990234375,-53.0712890625,-47.3876953125
31.1283178,-96.2646484375,-54.7314453125,-49.0478515625
31.1578993,-91.3818359375,-55.0732421875,-52.4169921875
31.1903448,-87.3779296875,-56.8310546875,-54.8583984375
31.2273093,-83.9111328125,-59.0283203125,-58.2275390625
31.2491754,-80.2490234375,-59.6630859375,-60.5712890625
31.2810196,-77.5146484375,-61.2744140625,-63.1103515625
31.3174089,-74.9267578125,-62.5439453125,-64.7705078125
31.3407138,-73.6083984375,-64.9853515625,-67.0166015625
31.370086,-75.3173828125,-66.4501953125,-68.9208984375
31.3996403,-75.4638671875,-67.6220703125,-71.8017578125
31.4307258,-76.2939453125,-69.6728515625,-73.4130859375
31.4601232,-77.0751953125,-70.6982421875,-75.6103515625
31.4907073,-78.0029296875,-72.3095703125,-78.2470703125
31.5209503,-80.1513671875,-71.8212890625,-80.9326171875
31.5498029,-81.9091796875,-69.8681640625,-81.5673828125
31.5783566,-82.6904296875,-68.8427734375,-76.0986328125
31.6131986,-83.9111328125,-66.5478515625,-65.8447265625
31.6401195,-84.9365234375,-63.8623046875,-55.2490234375
31.6750056,-86.7919921875,-61.6162109375,-45.3857421875
31.701713,-87.1826171875,-59.5654296875,-37.6708984375
31.740516,-88.5986328125,-58.2470703125,-31.2744140625
31.7626652,-90.4052734375,-57.4658203125,-26.1962890625
31.7921324,-90.5517578125,-56.4892578125,-25.8056640625
31.8217015,-91.5283203125,-55.9033203125,-27.4658203125
31.8541179,-92.3095703125,-56.0009765625,-29.6142578125
31.8826219,-93.6767578125,-56.8798828125,-31.0302734375
31.9165516,-94.7998046875,-57.3193359375,-33.5693359375
31.9449498,-95.8251953125,-57.3193359375,-34.8876953125
31.9741274,-96.8994140625,-58.4912109375,-37.8662109375
32.0066216,-96.5576171875,-59.4189453125,-40.3076171875
32.034961,-92.6513671875,-60.5908203125,-43.2861328125
32.0634906,-86.4501953125,-62.0068359375,-46.0693359375
32.096214,-82.9345703125,-62.7392578125,-48.4619140625
32.1242916,-78.2958984375,-64.2529296875,-51.4892578125
32.154102,-74.6337890625,-66.0595703125,-54.5654296875
32.2050378,-71.1181640625,-67.4755859375,-57.3974609375
32.2247063,-66.7724609375,-67.8662109375,-59.7900390625
32.2464282,-66.6748046875,-70.2587890625,-63.4033203125
32.2766436,-67.0654296875,-71.3330078125,-65.6982421875
32.3042763,-67.0166015625,-74.0185546875,-67.8955078125
32.333807,-67.5048828125,-74.0673828125,-70.6298828125
32.3875411,-68.2373046875,-75.4833984375,-74.1455078125
32.4172287,-69.4580078125,-75.7275390625,-76.6845703125
32.4286966,-70.9228515625,-75.6787109375,-79.0771484375
32.4571871,-72.8271484375,-73.6767578125,-79.7119140625
32.4850557,-74.4384765625,-70.4052734375,-74.3408203125
32.534042,-76.1474609375,-68.5498046875,-64.2333984375
32.554295,-77.1728515625,-66.2060546875,-54.6142578125
32.5937384,-79.0771484375,-63.5205078125,-46.8017578125
32.6076792,-81.1767578125,-62.0068359375,-40.0634765625
32.6364635,-82.7880859375,-60.5419921875,-34.8876953125
32.6693373,-84.2529296875,-59.1259765625,-31.2744140625
32.7282934,-85.4736328125,-59.1259765625,-31.5673828125
32.7300205,-86.9384765625,-58.1005859375,-34.1552734375
32.7581287,-88.5498046875,-58.6865234375,-36.6943359375
32.8067184,-89.5751953125,-58.8818359375,-38.3544921875
32.8279494,-91.6259765625,-58.8818359375,-40.3564453125
32.8691888,-92.6025390625,-59.5166015625,-41.4306640625
32.8893331,-93.7744140625,-59.8583984375,-44.3115234375
32.9280466,-93.7744140625,-60.8349609375,-47.7783203125
32.9468818,-89.1357421875,-62.3974609375,-50.1220703125
32.9827858,-83.4716796875,-63.4228515625,-52.7099609375
33.0025428,-78.7841796875,-63.6669921875,-55.9326171875
33.0443584,-74.8779296875,-65.3271484375,-58.9599609375
33.0644034,-71.5576171875,-66.4990234375,-61.8408203125
33.103321,-67.6025390625,-67.6220703125,-64.6728515625
33.1234252,-64.9169921875,-69.0869140625,-67.2607421875
33.1670667,-64.0380859375,-70.8935546875,-70.7275390625
33.1874176,-65.1611328125,-71.7236328125,-73.6083984375
33.2243538,-65.9423828125,-73.0419921875,-76.7822265625
33.2456075,-65.2587890625,-74.9951171875,-78.5400390625
33.2823346,-66.4794921875,-75.6298828125,-81.5185546875
33.3024492,-67.3095703125,-76.8017578125,-84.7900390625
33.3442422,-69.4091796875,-76.5576171875,-87.6220703125
33.3643352,-70.1904296875,-74.9951171875,-89.4775390625
33.4055845,-71.8505859375,-73.2373046875,-86.4013671875
33.4257441,-74.0478515625,-71.0888671875,-78.1494140625
33.4759427,-75.7568359375,-68.3544921875,-68.4814453125
33.4967478,-77.1728515625,-66.3525390625,-59.7412109375
33.5138201,-78.6865234375,-63.6669921875,-52.0751953125
33.553715,-80.2001953125,-61.2744140625,-46.4111328125
33.5739425,-81.5673828125,-61.4697265625,-41.7236328125
33.6113685,-82.5439453125,-59.6630859375,-39.1357421875
33.6349346,-83.8134765625,-58.7841796875,-40.8935546875
33.6714563,-85.5224609375,-58.6376953125,-43.4814453125
33.6915819,-87.3291015625,-58.9306640625,-44.9951171875
33.7325623,-88.5498046875,-59.5654296875,-46.5576171875
33.7542466,-89.6728515625,-59.9072265625,-48.8037109375
33.7929599,-90.3076171875,-60.3955078125,-51.0009765625
33.8130006,-90.5517578125,-62.0556640625,-53.7353515625
33.8556964,-86.2060546875,-63.1298828125,-56.1767578125
33.8764287,-80.6884765625,-64.0576171875,-59.0087890625
33.9182367,-76.0498046875,-65.2294921875,-62.5732421875
33.9392486,-72.5830078125,-66.0107421875,-65.3076171875
33.9769608,-68.4326171875,-67.5244140625,-68.6279296875
33.9973929,-65.0634765625,-69.7216796875,-70.2880859375
34.0362109,-62.8173828125,-70.9423828125,-74.1943359375
34.0573345,-62.1826171875,-72.0654296875,-76.7333984375
34.0951852,-63.7939453125,-73.4814453125,-80.3466796875
34.1152186,-63.9404296875,-74.5556640625,-82.5927734375
34.1521599,-63.5498046875,-76.1669921875,-85.2294921875
34.1741769,-64.6728515625,-77.6318359375,-87.7685546875
34.2155619,-66.2841796875,-79.6826171875,-90.8447265625
34.2378183,-67.4072265625,-80.6591796875,-93.1884765625
34.2752654,-69.4091796875,-80.8544921875,-95.8251953125
34.2993588,-71.0693359375,-80.1220703125,-97.7783203125
34.3362648,-72.8271484375,-77.4853515625,-96.0205078125
34.3553213,-74.5361328125,-76.2158203125,-89.0380859375
34.3982705,-76.5380859375,-73.6279296875,-78.7841796875
34.4189661,-77.6611328125,-72.0654296875,-70.3857421875
34.4568102,-79.3212890625,-68.6474609375,-61.7919921875
34.4779325,-80.7861328125,-67.2802734375,-54.5654296875
34.5211731,-82.6416015625,-65.9619140625,-48.8525390625
34.5410451,-84.2041015625,-65.1806640625,-45.1904296875
34.5817995,-85.5712890625,-64.9853515625,-45.5810546875
34.6008895,-87.0849609375,-64.8388671875,-47.1435546875
34.6387924,-88.1103515625,-64.4482421875,-48.5595703125
34.6595353,-89.9658203125,-65.6201171875,-49.7802734375
34.7083693,-91.7236328125,-66.4501953125,-50.3173828125
34.7379442,-91.6748046875,-66.5478515625,-52.8564453125
34.7481232,-90.7470703125,-68.1103515625,-54.6630859375
34.8012292,-84.8876953125,-68.5498046875,-57.1533203125
34.8211185,-79.4189453125,-70.1611328125,-59.5947265625
34.8385676,-75.3662109375,-70.9423828125,-62.6220703125
34.8718907,-71.9482421875,-72.4560546875,-64.8681640625
34.9145109,-68.2861328125,-73.5302734375,-67.1630859375
34.9348724,-64.6728515625,-74.5068359375,-69.9462890625
34.9765239,-62.6220703125,-76.5087890625,-72.3876953125
34.9957683,-63.0615234375,-78.9013671875,-74.4873046875
35.0312725,-64.1845703125,-79.7802734375,-77.6611328125
35.051784,-65.1123046875,-81.8798828125,-79.7119140625
35.09313,-65.8935546875,-82.8564453125,-82.0556640625
35.1136361,-66.6748046875,-84.1259765625,-84.3505859375
35.1584407,-69.0185546875,-85.9814453125,-86.3037109375
35.1789659,-70.8740234375,-86.7138671875,-88.5498046875
35.2192065,-72.2900390625,-88.7646484375,-90.7470703125
35.2328436,-74.0966796875,-88.8134765625,-92.3583984375
35.2728318,-76.3916015625,-86.9091796875,-93.6767578125
35.2951671,-77.8564453125,-84.7607421875,-90.1611328125
35.3321579,-79.2724609375,-82.5634765625,-82.1533203125
35.3535268,-81.2744140625,-79.7314453125,-71.9482421875
35.3961953,-82.5927734375,-77.6806640625,-61.9873046875
35.4174069,-83.8134765625,-75.5810546875,-54.6142578125
35.4525896,-85.5712890625,-74.3115234375,-47.5830078125
35.4747936,-86.2548828125,-72.5048828125,-42.5537109375
35.5144091,-87.5732421875,-72.0654296875,-39.7705078125
35.5351166,-89.8193359375,-70.8447265625,-41.2841796875
35.5782351,-90.5029296875,-70.9912109375,-42.7490234375
35.5936565,-92.0166015625,-70.7470703125,-44.3603515625
35.6307061,-93.5302734375,-71.0888671875,-45.2392578125
35.6548608,-94.4091796875,-71.6259765625,-47.1435546875
35.6917669,-94.5556640625,-72.9443359375,-49.5361328125
35.7139895,-89.9658203125,-72.7001953125,-52.4658203125
35.7588897,-84.7412109375,-73.2373046875,-55.6884765625
35.7769287,-79.9072265625,-74.3603515625,-58.4716796875
35.8202563,-76.4892578125,-75.1904296875,-61.3525390625
35.8359415,-72.2412109375,-76.6552734375,-65.1611328125
35.8788626,-68.5302734375,-77.1435546875,-67.9931640625
35.896088,-66.1376953125,-78.0712890625,-71.1669921875
35.9350618,-64.8193359375,-79.3408203125,-74.1455078125
35.9570819,-66.0888671875,-80.2685546875,-77.6123046875
35.9864156,-67.1142578125,-81.8798828125,-81.5673828125
36.022741,-67.3095703125,-83.1005859375,-84.3017578125
36.045919,-68.5302734375,-83.9794921875,-86.8408203125
36.0891232,-70.1904296875,-85.8837890625,-90.3564453125
36.1080785,-71.9970703125,-86.7626953125,-93.3349609375
36.1369355,-73.5595703125,-87.4951171875,-96.0205078125
36.1668928,-74.7802734375,-88.2763671875,-98.3642578125
36.2034738,-76.5380859375,-86.9580078125,-101.6357421875
36.2270433,-78.3447265625,-84.9560546875,-102.0263671875
36.2611226,-79.8095703125,-82.7099609375,-95.9716796875
36.2986518,-81.4208984375,-80.2197265625,-88.3544921875
36.316856,-83.2763671875,-78.2666015625,-80.3955078125
36.3473099,-84.0087890625,-76.0205078125,-73.1689453125
36.3943422,-85.0830078125,-73.7255859375,-67.3583984375
36.4094051,-85.8154296875,-73.0419921875,-62.8173828125
36.4474145,-87.5732421875,-71.3330078125,-59.7900390625
36.4687026,-88.2568359375,-70.9423828125,-60.1806640625
36.4993851,-89.5751953125,-70.4052734375,-61.9384765625
36.5364299,-91.0400390625,-70.7958984375,-64.2822265625
36.5586299,-91.7236328125,-71.2841796875,-65.6494140625
36.5933487,-93.3837890625,-71.3330078125,-66.9189453125
36.6209304,-94.2138671875,-72.0654296875,-68.5791015625
36.6497646,-93.6767578125,-72.3095703125,-71.6552734375
36.6865268,-88.5986328125,-72.5048828125,-74.0478515625
36.7109894,-83.2763671875,-74.4091796875,-76.4404296875
36.7390922,-78.4912109375,-75.3369140625,-78.9306640625
36.7721735,-74.8779296875,-75.7763671875,-82.2021484375
36.8014393,-70.1416015625,-77.0947265625,-85.1318359375
36.8302589,-67.1630859375,-78.5107421875,-88.8916015625
36.8765394,-64.4775390625,-79.1455078125,-91.3818359375
36.8905579,-63.1591796875,-80.8056640625,-94.7021484375
36.9206976,-64.3310546875,-82.3681640625,-97.6806640625
36.9578279,-64.4775390625,-82.9052734375,-100.5126953125
36.9807451,-64.2822265625,-84.8583984375,-103.6865234375
37.0134005,-65.0634765625,-86.1767578125,-106.0302734375
37.0432667,-66.2841796875,-87.5439453125,-109.2041015625
37.071469,-67.7978515625,-87.6416015625,-112.2314453125
37.1044505,-68.8720703125,-88.5205078125,-114.8681640625
37.132273,-70.9716796875,-87.8857421875,-117.8466796875
37.1628246,-72.4365234375,-86.3720703125,-117.7001953125
37.1944635,-73.6083984375,-83.4423828125,-112.8662109375
37.2236187,-75.9521484375,-82.5146484375,-106.0791015625
37.2522374,-76.9287109375,-80.1220703125,-98.1201171875
37.2834845,-78.5400390625,-78.0224609375,-91.5283203125
37.3127399,-80.2490234375,-75.7763671875,-86.0595703125
37.3466841,-81.9091796875,-75.0927734375,-80.9814453125
37.375053,-82.7880859375,-74.7021484375,-77.2216796875
37.404029,-84.7412109375,-73.5791015625,-76.8310546875
37.435757,-85.9130859375,-73.9697265625,-78.2958984375
37.4657822,-86.9384765625,-73.5791015625,-79.6142578125
37.4962459,-89.4287109375,-74.7998046875,-81.0791015625
37.5252453,-90.3564453125,-74.6044921875,-82.9833984375
37.5562663,-91.2841796875,-75.5322265625,-84.6923828125
37.5837404,-92.0654296875,-76.7041015625,-86.7919921875
37.6334978,-89.6728515625,-77.9736328125,-88.2568359375
37.6545006,-84.2041015625,-78.5595703125,-91.1865234375
37.689189,-79.1748046875,-79.8291015625,-93.7255859375
37.710491,-75.3662109375,-81.0009765625,-96.5576171875
37.7342906,-71.7529296875,-81.8798828125,-99.2919921875
37.7679717,-67.5048828125,-82.6611328125,-101.0986328125
37.8114625,-65.3076171875,-84.9560546875,-104.2236328125
37.8314198,-62.9150390625,-86.5185546875,-107.1044921875
37.872838,-63.4521484375,-87.7880859375,-109.3017578125
37.8952945,-65.2587890625,-89.1064453125,-112.3779296875
37.914433,-65.2099609375,-91.0107421875,-114.9658203125
37.9466318,-66.1865234375,-91.6943359375,-116.4306640625
37.9916967,-67.4560546875,-94.2333984375,-119.7021484375
38.011805,-69.0673828125,-94.8193359375,-122.0947265625
38.0370167,-71.2646484375,-95.8447265625,-124.0966796875
38.0687921,-73.3642578125,-95.3076171875,-126.4892578125
38.1138619,-75.1220703125,-93.1591796875,-127.5634765625
38.1338987,-77.5634765625,-92.7197265625,-124.6826171875
38.1712382,-78.4912109375,-90.8154296875,-117.8466796875
38.1924477,-80.3466796875,-87.4462890625,-110.2783203125
38.2305193,-81.5673828125,-86.0302734375,-103.1494140625
38.2515295,-83.2763671875,-84.6142578125,-95.9716796875
38.2925015,-84.6435546875,-83.1982421875,-91.2841796875
38.3140058,-86.2060546875,-80.6103515625,-86.3037109375
38.3521489,-87.5732421875,-80.8544921875,-85.3759765625
38.3710485,-88.9404296875,-80.3662109375,-85.2783203125
38.4146107,-89.9658203125,-79.7314453125,-87.0849609375
38.4337587,-92.0654296875,-79.9755859375,-87.9150390625
38.4738046,-92.9931640625,-79.7802734375,-88.7939453125
38.494761,-94.7509765625,-79.7314453125,-89.6728515625
38.5340407,-95.3369140625,-81.0498046875,-90.7470703125
38.5542506,-94.9462890625,-81.7822265625,-92.8466796875
38.5930185,-89.6728515625,-81.9775390625,-94.9462890625
38.6149342,-84.4970703125,-82.0263671875,-96.7529296875
38.6546738,-80.1025390625,-82.8564453125,-99.0966796875
38.6770542,-76.3916015625,-83.8818359375,-101.5869140625
38.7133396,-72.9736328125,-84.6630859375,-103.3935546875
38.7347743,-69.1650390625,-84.9072265625,-105.9326171875
38.7736253,-67.5048828125,-86.4697265625,-107.5927734375
38.7940341,-66.7724609375,-86.8603515625,-109.8876953125
38.842325,-68.4814453125,-88.0810546875,-112.1337890625
38.862708,-69.7509765625,-89.1064453125,-114.9169921875
38.8808501,-69.9462890625,-91.1083984375,-116.9189453125
38.9232273,-71.3134765625,-91.5478515625,-118.5791015625
38.9427375,-73.1689453125,-92.1826171875,-121.5576171875
38.983129,-74.8779296875,-91.7431640625,-123.8037109375
39.0043662,-76.1962890625,-91.6455078125,-125.2197265625
39.0449727,-78.3935546875,-88.9599609375,-125.2685546875
39.0660421,-80.2978515625,-87.4462890625,-119.5068359375
39.1029684,-81.3720703125,-85.1513671875,-111.8408203125
39.1231402,-83.1298828125,-82.7587890625,-103.5400390625
39.1614414,-84.8876953125,-80.1708984375,-96.3623046875
39.1847572,-86.3525390625,-78.0712890625,-90.6494140625
39.2208437,-87.4755859375,-77.3388671875,-85.8154296875
39.2467468,-88.3544921875,-75.7275390625,-82.7880859375
39.2839182,-90.2587890625,-76.0693359375,-82.6904296875
39.3039674,-91.4306640625,-74.4091796875,-83.9599609375
39.3584592,-92.5537109375,-74.4580078125,-84.5458984375
39.3895925,-94.2626953125,-75.2392578125,-85.5712890625
39.3954776,-95.3369140625,-75.5322265625,-86.4501953125
39.4312925,-97.0458984375,-74.9951171875,-88.3056640625
39.4524188,-97.3388671875,-75.9716796875,-89.5263671875
39.4958842,-97.8759765625,-76.8994140625,-91.2353515625
39.5179311,-95.7275390625,-77.2412109375,-93.4326171875
39.5541969,-89.6728515625,-78.7548828125,-95.4833984375
39.5762646,-85.8154296875,-79.3896484375,-97.8759765625
39.6209532,-81.9091796875,-80.6103515625,-100.1708984375
39.641104,-78.1494140625,-81.4892578125,-102.3681640625
39.6772055,-74.6826171875,-81.8310546875,-104.3212890625
39.6983953,-71.9482421875,-83.1982421875,-106.4697265625
39.7486063,-70.6787109375,-84.4189453125,-108.5205078125
39.7777293,-71.3134765625,-85.5419921875,-110.6689453125
39.7888039,-72.1435546875,-86.4697265625,-113.2080078125
39.8262563,-71.5087890625,-87.7880859375,-114.9169921875
39.847518,-72.2412109375,-88.7646484375,-117.3095703125
39.8913775,-74.0966796875,-87.7880859375,-120.1416015625
39.9108578,-74.8779296875,-88.0322265625,-121.7529296875
39.9485939,-75.9033203125,-85.2978515625,-122.7783203125
39.9688844,-77.8564453125,-83.3935546875,-116.9677734375
40.007215,-79.2236328125,-82.4658203125,-108.3740234375
40.0275489,-80.9814453125,-78.3154296875,-99.5361328125
40.0682777,-82.3486328125,-76.8994140625,-91.4306640625
40.0896821,-83.6181640625,-74.9462890625,-85.1318359375
40.1259783,-84.5458984375,-73.5302734375,-80.2978515625
40.1516423,-85.8154296875,-72.2607421875,-76.8310546875
40.1917079,-87.3779296875,-72.0654296875,-75.6103515625
40.2120056,-88.8427734375,-71.2353515625,-77.2705078125
40.2476863,-90.2099609375,-71.5283203125,-79.4677734375
40.2690722,-91.3330078125,-71.4306640625,-79.5654296875
40.3098687,-93.0419921875,-72.0166015625,-80.9326171875
40.3307176,-94.2626953125,-72.7001953125,-82.2021484375
40.3656389,-95.7763671875,-73.6279296875,-83.8623046875
40.3916744,-96.5576171875,-74.7021484375,-85.1318359375
40.4311036,-96.7529296875,-74.9951171875,-87.0361328125
40.4547435,-93.1884765625,-76.7529296875,-89.2822265625
40.4928524,-87.8173828125,-78.2177734375,-91.2353515625
40.5139592,-84.0576171875,-78.9990234375,-93.8720703125
40.5519336,-79.9560546875,-80.2685546875,-95.9228515625
40.5729523,-76.9287109375,-81.3916015625,-97.3876953125
40.6108289,-73.5595703125,-83.0517578125,-99.4873046875
40.6332394,-71.5576171875,-84.2724609375,-102.0263671875
40.670689,-70.8251953125,-85.6396484375,-103.2470703125
40.69103,-72.2412109375,-87.2509765625,-105.4931640625
40.7323375,-73.0224609375,-88.9599609375,-107.4462890625
40.7526173,-73.5595703125,-89.8388671875,-110.2294921875
40.7898175,-74.5849609375,-90.7177734375,-111.8408203125
40.8147596,-76.1474609375,-90.1806640625,-113.2568359375
40.8533157,-77.7099609375,-88.5693359375,-114.2333984375
40.8766269,-79.6142578125,-86.8603515625,-110.4248046875
40.9129684,-80.8349609375,-84.4677734375,-101.9775390625
40.934418,-82.6416015625,-82.1728515625,-92.5537109375
40.9710776,-84.2041015625,-79.7802734375,-83.7158203125
40.9940161,-85.3759765625,-76.8017578125,-77.2216796875
41.0301861,-86.8896484375,-76.8017578125,-71.6552734375
41.0556039,-87.6220703125,-74.7998046875,-66.9189453125
41.0946545,-89.0380859375,-74.3603515625,-64.9169921875
41.1169497,-90.2587890625,-73.9208984375,-66.5283203125
41.1534127,-91.8212890625,-72.9443359375,-68.3837890625
41.1744313,-92.6025390625,-73.9208984375,-68.7744140625
41.2152532,-93.4326171875,-74.4580078125,-69.5068359375
41.2363439,-95.2392578125,-75.2880859375,-70.5810546875
41.2890997,-96.3134765625,-75.0439453125,-72.6318359375
41.3081228,-97.0947265625,-74.9462890625,-74.3896484375
41.3280918,-97.4853515625,-76.1181640625,-76.2451171875
41.3676415,-95.0439453125,-77.2900390625,-78.2470703125
41.3885682,-89.2822265625,-78.1689453125,-80.8349609375
41.4252836,-84.9365234375,-77.5341796875,-83.0810546875
41.451383,-80.9814453125,-78.9501953125,-85.9130859375
41.4787347,-78.3447265625,-79.5849609375,-87.6220703125
41.5148195,-74.8779296875,-81.0986328125,-89.3798828125
41.5378626,-71.8994140625,-81.6357421875,-92.5048828125
41.5849662,-70.6787109375,-82.9541015625,-94.0185546875
41.593921,-71.0205078125,-83.9306640625,-96.5087890625
41.6298754,-72.1923828125,-84.2236328125,-98.3154296875
41.6702179,-73.0224609375,-84.9560546875,-101.2939453125
41.6916944,-73.9990234375,-86.0791015625,-102.6123046875
41.7208893,-75.7568359375,-84.9072265625,-105.3955078125
41.7473962,-76.9287109375,-82.9052734375,-105.8837890625
41.7859217,-79.0283203125,-80.6103515625,-101.8798828125
41.8110215,-81.1279296875,-78.3154296875,-92.8955078125
41.8485693,-82.4951171875,-75.6298828125,-83.4228515625
41.8721953,-84.7900390625,-72.9443359375,-75.8056640625
41.9003449,-86.2060546875,-71.2353515625,-69.7021484375
41.9283594,-87.4267578125,-69.6240234375,-64.4775390625
41.9651986,-88.4521484375,-68.3544921875,-60.9619140625
41.9896466,-89.5751953125,-67.8662109375,-60.4736328125
42.0239208,-91.0400390625,-67.4267578125,-62.3291015625
42.0515929,-92.2119140625,-66.7919921875,-63.4521484375
42.0810445,-92.9931640625,-66.4990234375,-64.1357421875
42.1130674,-93.6279296875,-66.4501953125,-65.2099609375
42.1417697,-94.8486328125,-67.6220703125,-67.0166015625
42.1728773,-96.0693359375,-68.6474609375,-68.4326171875
42.2033595,-97.1923828125,-68.8916015625,-71.5087890625
42.2294369,-97.5341796875,-69.5263671875,-72.8271484375
42.2689815,-97.4853515625,-70.0634765625,-75.6103515625
42.3117688,-93.3837890625,-71.4306640625,-78.1005859375
42.3320263,-88.0615234375,-72.2607421875,-80.4443359375
42.3690955,-84.1064453125,-72.9931640625,-82.7392578125
42.3884224,-80.6396484375,-73.8232421875,-84.7900390625
42.4112415,-77.0263671875,-74.7998046875,-87.9150390625
42.4450818,-73.7060546875,-76.2646484375,-89.4287109375
42.472789,-71.4599609375,-77.2412109375,-92.0166015625
42.5020289,-71.7041015625,-78.8525390625,-94.0185546875
42.5513807,-72.6806640625,-80.1708984375,-96.9482421875
42.5713228,-73.1201171875,-80.3173828125,-98.6083984375
42.6180155,-73.6572265625,-81.0986328125,-101.6845703125
42.6228094,-74.8291015625,-79.2431640625,-103.8330078125
42.6535561,-75.9033203125,-77.7783203125,-103.0029296875
42.6856971,-76.8310546875,-75.9716796875,-96.9482421875
42.7334946,-78.5400390625,-72.7490234375,-86.5966796875
42.7523676,-80.2978515625,-70.1123046875,-76.9775390625
42.7905176,-81.3232421875,-67.3779296875,-68.7255859375
42.81126,-82.6416015625,-65.0341796875,-62.7197265625
42.8323928,-83.7158203125,-63.2275390625,-56.1767578125
42.8674011,-84.9853515625,-62.1533203125,-52.7099609375
42.8933668,-86.2060546875,-61.4697265625,-52.8076171875
42.9424629,-87.3291015625,-61.0302734375,-54.8583984375
42.9567808,-88.7451171875,-60.8837890625,-57.0556640625
42.9994579,-89.2822265625,-59.9560546875,-58.2275390625
43.0195209,-90.5517578125,-61.1279296875,-59.3994140625
43.0615108,-91.9677734375,-61.2744140625,-61.5966796875
43.0818177,-93.0419921875,-62.6416015625,-64.0869140625
43.1238768,-94.3603515625,-63.1298828125,-66.2353515625
43.1440666,-95.0927734375,-63.8134765625,-68.3837890625
43.1659954,-95.0927734375,-64.8388671875,-71.4111328125
43.1991377,-90.5517578125,-66.4990234375,-73.5595703125
43.225967,-85.6201171875,-67.1826171875,-76.0009765625
43.2726576,-81.1767578125,-68.2568359375,-79.2724609375
43.2918961,-77.9541015625,-69.5751953125,-80.8349609375
43.3276791,-74.7802734375,-71.7724609375,-82.9345703125
43.3495299,-71.4111328125,-73.2373046875,-85.4736328125
43.4032293,-69.7021484375,-74.2626953125,-87.8662109375
43.4233328,-69.6533203125,-76.1181640625,-89.7216796875
43.4372888,-70.7275390625,-77.9736328125,-91.5283203125
43.4840693,-71.0205078125,-78.2177734375,-94.6533203125
43.503168,-71.6552734375,-80.2685546875,-96.5087890625
43.542948,-72.4365234375,-79.2919921875,-98.8037109375
43.565089,-73.9501953125,-77.2900390625,-99.0966796875
43.6026395,-74.8779296875,-75.5322265625,-94.3115234375
43.6239719,-76.6845703125,-73.3837890625,-84.6435546875
43.6602527,-78.2470703125,-69.7216796875,-73.8525390625
43.6813494,-79.8583984375,-67.6708984375,-64.3798828125
43.7220423,-81.0791015625,-65.2294921875,-56.1767578125
43.742135,-83.2275390625,-64.9365234375,-49.7802734375
43.777813,-84.4482421875,-63.9599609375,-44.8486328125
43.7988709,-85.2294921875,-62.8369140625,-43.1396484375
43.8435615,-86.7431640625,-62.4462890625,-44.3115234375
43.8636619,-87.9638671875,-62.3486328125,-46.8505859375
43.9028428,-88.9404296875,-62.4951171875,-48.2666015625
43.9231792,-90.4052734375,-63.0810546875,-48.7060546875
43.9601996,-91.6259765625,-63.5693359375,-50.5126953125
43.9824498,-91.6748046875,-64.5947265625,-52.4658203125
44.022178,-93.7744140625,-65.2294921875,-54.6630859375
44.0420379,-93.6767578125,-66.1083984375,-57.1044921875
44.0825977,-93.4326171875,-67.2314453125,-59.9365234375
44.1044889,-88.0615234375,-68.2568359375,-62.8173828125
44.1447368,-82.4951171875,-69.7705078125,-65.0634765625
44.1636172,-78.4423828125,-70.9423828125,-67.7001953125
44.1992044,-74.9267578125,-71.7236328125,-70.6787109375
44.2203117,-72.0947265625,-72.8955078125,-73.0712890625
44.2619113,-68.1884765625,-74.1650390625,-76.1474609375
44.283553,-65.5029296875,-76.5576171875,-78.0517578125
44.3205048,-64.5263671875,-77.2900390625,-80.3955078125
44.3416936,-65.9912109375,-78.9501953125,-83.0810546875
44.3901175,-66.2353515625,-79.6337890625,-85.7177734375
44.4114285,-65.5029296875,-81.0009765625,-87.6708984375
44.4532235,-66.6748046875,-81.0498046875,-89.8193359375
44.4730203,-67.8955078125,-78.9990234375,-91.7236328125
44.5081216,-70.2392578125,-76.8505859375,-90.4541015625
44.5283712,-70.9716796875,-74.3115234375,-82.5927734375
44.5641662,-72.7294921875,-72.0166015625,-72.4853515625
44.5842566,-74.0478515625,-69.5263671875,-61.8896484375
44.6220712,-75.4638671875,-67.3779296875,-54.5654296875
44.6470038,-77.2216796875,-64.5947265625,-47.1435546875
44.6851903,-79.2724609375,-62.8857421875,-41.6748046875
44.7042586,-80.5908203125,-63.2275390625,-39.0869140625
44.7430935,-82.4951171875,-62.1533203125,-39.8681640625
44.765151,-83.7158203125,-62.2998046875,-41.9189453125
44.8041558,-85.4248046875,-61.7626953125,-44.3115234375
44.8266417,-86.8896484375,-61.6162109375,-45.4833984375
44.8728467,-88.2568359375,-62.0068359375,-46.4599609375
44.8923169,-90.2099609375,-63.3251953125,-49.1943359375
44.9324935,-91.3330078125,-63.1787109375,-52.1240234375
44.952612,-92.6025390625,-63.4716796875,-53.9794921875
44.9926963,-92.7978515625,-64.5458984375,-56.8603515625
45.0129728,-89.7705078125,-65.6201171875,-59.6923828125
45.0524353,-84.3505859375,-66.3037109375,-62.5732421875
45.0722548,-79.9560546875,-68.4521484375,-65.1123046875
45.1098199,-75.8544921875,-69.1357421875,-68.0419921875
45.1313425,-72.3876953125,-69.8681640625,-70.5322265625
45.1699373,-68.7255859375,-72.0654296875,-72.6318359375
45.1901579,-65.6982421875,-72.4072265625,-75.3662109375
45.2340843,-63.3056640625,-73.8720703125,-77.9052734375
45.2650227,-65.3564453125,-75.2880859375,-80.6884765625
45.2779831,-66.3818359375,-76.8505859375,-82.8857421875
45.3173843,-66.4306640625,-78.0224609375,-86.2548828125
45.3367833,-66.9189453125,-78.9013671875,-88.1591796875
45.3803076,-67.8955078125,-78.1689453125,-91.0400390625
45.399833,-69.2626953125,-75.8251953125,-93.2861328125
45.4371103,-70.8740234375,-74.7021484375,-89.3798828125
45.4624874,-72.6318359375,-71.7236328125,-80.5419921875
45.4994776,-73.9013671875,-68.9892578125,-69.7509765625
45.5205701,-75.4150390625,-66.1083984375,-59.3994140625
45.5613684,-77.0263671875,-63.0322265625,-50.6591796875
45.5825166,-78.1005859375,-61.5185546875,-44.5556640625
45.6178951,-79.7119140625,-60.2001953125,-38.4033203125
45.6410347,-80.5419921875,-59.3212890625,-36.2548828125
45.6814861,-81.9580078125,-58.9306640625,-37.2802734375
45.7024368,-82.6904296875,-58.4912109375,-39.8681640625
45.7391924,-83.8623046875,-58.4423828125,-42.4072265625
45.7615183,-85.0341796875,-57.8564453125,-44.7021484375
45.8030856,-86.5966796875,-58.5400390625,-46.1181640625
45.8268027,-87.6708984375,-59.8583984375,-48.3642578125
45.8627611,-88.8916015625,-61.0791015625,-50.3662109375
45.8848229,-89.6728515625,-60.8349609375,-53.6865234375
45.9234018,-89.9169921875,-61.9091796875,-56.4208984375
45.9501463,-84.7900390625,-62.4462890625,-58.7158203125
45.9742366,-79.9560546875,-64.4970703125,-61.7431640625
46.0107916,-74.7802734375,-65.4248046875,-64.3798828125
46.0339685,-72.2412109375,-67.3291015625,-66.8701171875
46.0739869,-67.7978515625,-67.0361328125,-69.3115234375
46.0932462,-64.9169921875,-68.6474609375,-72.7783203125
46.1369577,-62.3779296875,-70.7958984375,-75.1708984375
46.1570888,-62.3779296875,-71.5771484375,-77.4169921875
46.1935314,-63.1103515625,-73.5791015625,-80.1025390625
46.2148221,-64.0380859375,-75.0927734375,-81.9091796875
46.2633351,-64.6728515625,-76.2646484375,-84.3505859375
46.2744934,-65.2587890625,-77.1923828125,-86.5966796875
46.3135315,-66.7236328125,-76.9970703125,-89.1357421875
46.3346762,-68.0419921875,-74.8974609375,-90.1123046875
46.3871703,-69.3603515625,-73.5302734375,-84.6923828125
46.4067697,-71.3623046875,-71.5771484375,-74.5849609375
46.4246863,-72.7783203125,-69.1357421875,-62.4755859375
46.4603816,-74.5849609375,-67.2314453125,-52.5146484375
46.4877703,-76.1474609375,-65.3759765625,-42.2119140625
46.5417839,-77.5146484375,-62.1533203125,-34.7412109375
46.545867,-79.0771484375,-62.0068359375,-29.3701171875
46.5835864,-80.7373046875,-61.7626953125,-26.3427734375
46.6064296,-82.3974609375,-61.5673828125,-28.3935546875
46.6437024,-83.4228515625,-61.3232421875,-31.6162109375
46.6636976,-84.9365234375,-61.5185546875,-32.5927734375
46.700529,-85.6689453125,-62.9833984375,-34.3994140625
46.7278823,-86.7431640625,-63.5205078125,-36.6455078125
46.774754,-88.1103515625,-64.3505859375,-38.9404296875
46.7887035,-89.5263671875,-65.1318359375,-41.1865234375
46.8272904,-90.5029296875,-66.2060546875,-43.5791015625
46.8475931,-89.3310546875,-66.8896484375,-46.9970703125
46.8834138,-84.4482421875,-68.5498046875,-49.8291015625
46.9060525,-78.8818359375,-70.0146484375,-52.1240234375
46.941032,-74.6337890625,-71.3818359375,-54.2724609375
46.9693939,-71.3623046875,-72.3583984375,-56.8603515625
46.998586,-67.1630859375,-74.4091796875,-59.3017578125
47.0355989,-63.5986328125,-74.9951171875,-60.8642578125
47.0589609,-61.3525390625,-76.5576171875,-63.5986328125
47.0883608,-60.8642578125,-78.6083984375,-65.3076171875
47.1221097,-61.8896484375,-80.4638671875,-67.4560546875
47.149921,-62.3779296875,-81.4892578125,-69.4091796875
47.1791882,-62.6220703125,-83.0517578125,-71.1181640625
47.2114003,-64.3798828125,-83.7353515625,-73.5107421875
47.2429762,-65.6982421875,-82.7099609375,-75.6103515625
47.2717988,-67.4072265625,-80.0732421875,-75.2197265625
47.3022937,-68.7744140625,-79.2431640625,-67.7001953125
47.3293956,-70.5322265625,-76.6064453125,-56.4697265625
47.3809375,-72.0458984375,-74.7509765625,-43.6767578125
47.4021696,-74.0966796875,-72.9931640625,-33.0810546875
47.4460726,-75.5126953125,-70.5029296875,-26.4892578125
47.4523349,-76.8798828125,-69.0380859375,-20.5322265625
47.4795406,-78.3935546875,-68.5009765625,-16.9677734375
47.5115134,-78.8818359375,-68.0615234375,-17.2119140625
47.560342,-80.2978515625,-67.9150390625,-20.5810546875
47.5802849,-82.3486328125,-67.6708984375,-23.0712890625
47.6049464,-83.4716796875,-67.8662109375,-24.3896484375
47.6332933,-84.8876953125,-68.5986328125,-26.8798828125
47.6649095,-86.5478515625,-68.9404296875,-28.9306640625
47.6952443,-87.4755859375,-69.9658203125,-32.3974609375
47.7386812,-88.8427734375,-70.2587890625,-34.8876953125
47.7590542,-89.3798828125,-71.3330078125,-37.9638671875
47.8030849,-88.9404296875,-71.6748046875,-40.5517578125
47.822163,-84.7412109375,-72.7490234375,-43.8720703125
47.8583497,-78.9794921875,-73.1396484375,-46.7041015625
47.8795161,-74.8291015625,-75.3369140625,-49.2431640625
47.9054204,-71.4111328125,-76.5576171875,-51.9775390625
47.9356386,-67.6025390625,-77.4365234375,-54.6142578125
47.9808039,-64.9658203125,-79.1455078125,-57.4462890625
48.0018715,-62.5244140625,-79.8779296875,-59.6435546875
48.0531064,-61.3037109375,-80.8544921875,-62.3291015625
48.0734582,-63.1103515625,-82.6123046875,-65.7470703125
48.088603,-64.0380859375,-83.5400390625,-67.4072265625
48.1318945,-64.2333984375,-83.1982421875,-70.4833984375
48.1522134,-65.7958984375,-82.2216796875,-72.1923828125
48.1893376,-66.5771484375,-80.4638671875,-72.1435546875
48.2095138,-68.1884765625,-79.1943359375,-65.6494140625
48.24474,-70.0927734375,-76.4599609375,-53.8818359375
48.2690146,-71.8017578125,-73.9697265625,-42.5537109375
48.3136008,-73.8525390625,-71.0400390625,-32.0556640625
48.3357823,-74.9755859375,-68.9404296875,-24.7314453125
48.3730217,-76.9775390625,-68.0615234375,-18.6767578125
48.3940533,-78.2470703125,-67.0361328125,-15.2587890625
48.4302792,-79.3212890625,-65.9619140625,-14.7216796875
48.4514531,-80.8837890625,-66.1572265625,-18.2373046875
48.4876465,-81.9580078125,-65.7177734375,-21.7529296875
48.5086715,-83.1787109375,-65.1318359375,-23.6083984375
48.5503893,-84.1552734375,-66.0595703125,-25.3173828125
48.5704534,-85.5712890625,-65.7666015625,-28.2958984375
48.6077583,-86.9384765625,-66.2060546875,-30.6884765625
48.6277641,-88.2080078125,-67.2314453125,-33.7646484375
48.6744107,-89.1357421875,-67.7197265625,-36.9873046875
48.6941062,-90.0634765625,-69.0869140625,-40.1123046875
48.730638,-88.5986328125,-69.6240234375,-43.3837890625
48.7529774,-83.8623046875,-70.1611328125,-46.1669921875
48.7910765,-78.9306640625,-71.1376953125,-49.0966796875
48.8101266,-74.4873046875,-72.7490234375,-51.6845703125
48.8494996,-70.8251953125,-74.0185546875,-54.6630859375
48.8695127,-67.5537109375,-74.9951171875,-56.7138671875
48.915523,-64.4287109375,-76.6064453125,-59.1064453125
48.9346297,-62.1337890625,-77.8271484375,-61.4013671875
48.9739502,-63.2568359375,-78.1689453125,-63.8916015625
48.9963065,-64.5751953125,-79.2919921875,-66.1865234375
49.0344179,-63.9404296875,-79.6337890625,-69.7998046875
49.0554058,-64.4287109375,-78.2666015625,-71.2158203125
49.0914753,-65.6494140625,-76.8994140625,-70.5810546875
49.1150639,-67.0654296875,-74.1650390625,-61.4501953125
49.1525599,-68.6279296875,-71.5771484375,-49.5361328125
49.172734,-69.8486328125,-69.9169921875,-37.0849609375
49.2115773,-71.5576171875,-68.2080078125,-26.7333984375
49.2318281,-72.8271484375,-66.0595703125,-18.0419921875
49.2691794,-74.1943359375,-65.3759765625,-12.3291015625
49.2894475,-75.7568359375,-63.4228515625,-9.1064453125
49.3283418,-77.7099609375,-63.9111328125,-9.7900390625
49.3503874,-79.4189453125,-63.9111328125,-12.5732421875
49.3885777,-80.3466796875,-63.9111328125,-15.5029296875
49.4151407,-81.2744140625,-64.4482421875,-17.3583984375
49.4610881,-83.1787109375,-65.6201171875,-18.6767578125
49.4906285,-84.4482421875,-67.3291015625,-21.1181640625
49.5035949,-85.9619140625,-67.4267578125,-23.4619140625
49.539338,-87.1826171875,-67.7685546875,-25.7568359375
49.5648326,-88.5498046875,-68.8427734375,-28.4912109375
49.6181538,-89.3798828125,-69.8193359375,-30.8349609375
49.638288,-89.0380859375,-70.6982421875,-34.1552734375
49.6562932,-84.2041015625,-72.9443359375,-36.6943359375
49.6950598,-79.4189453125,-73.4814453125,-39.7705078125
49.715392,-74.7314453125,-75.0439453125,-41.4794921875
49.7548882,-71.0693359375,-76.3134765625,-43.7255859375
49.7762372,-67.7978515625,-78.1201171875,-47.2900390625
49.8135795,-64.2822265625,-79.1455078125,-49.2919921875
49.8359005,-61.3037109375,-81.7822265625,-51.5869140625
49.8737885,-60.8154296875,-82.2705078125,-53.9306640625
49.8971692,-62.0849609375,-83.4912109375,-56.7626953125
49.936057,-62.1337890625,-84.3701171875,-58.7158203125
49.9550375,-62.7685546875,-82.4658203125,-60.8154296875
49.9939953,-63.5986328125,-80.6591796875,-60.0341796875
50.0162772,-64.7216796875,-79.1943359375,-50.5126953125
50.0589056,-66.3818359375,-77.0947265625,-37.0361328125
50.0776987,-67.7490234375,-74.6533203125,-24.9267578125
50.1137497,-69.1650390625,-72.0166015625,-15.4541015625
50.1348169,-70.9716796875,-70.4052734375,-7.4462890625
50.1749849,-72.8271484375,-69.3798828125,-2.1240234375
50.1956089,-74.3408203125,-68.6962890625,0.7568359375
50.232588,-76.0009765625,-68.5986328125,-0.7080078125
50.2572588,-77.2705078125,-67.5732421875,-3.8330078125
50.297052,-78.5400390625,-67.8662109375,-7.5927734375
50.3181353,-79.5654296875,-68.4521484375,-9.3994140625
50.3565596,-81.1279296875,-68.7939453125,-11.4990234375
50.3803844,-82.3974609375,-70.4052734375,-14.1845703125
50.4190172,-83.9111328125,-70.3076171875,-16.4306640625
50.4386211,-84.9853515625,-71.1865234375,-19.6533203125
50.4740944,-86.7431640625,-71.8701171875,-21.8017578125
50.5002521,-87.3779296875,-72.8466796875,-24.4384765625
50.5370294,-87.0849609375,-73.6767578125,-27.3193359375
50.5604144,-82.6416015625,-74.4091796875,-30.1513671875
50.5995653,-77.7099609375,-75.7763671875,-32.4462890625
50.6196434,-72.2412109375,-76.9482421875,-34.9853515625
50.6582578,-69.1162109375,-78.7548828125,-37.3291015625
50.6804525,-65.8935546875,-79.0966796875,-40.1611328125
50.7191376,-62.6708984375,-80.8056640625,-42.2607421875
50.7385957,-59.6923828125,-81.5869140625,-45.0927734375
50.7913777,-59.3994140625,-82.4169921875,-47.9736328125
50.8225909,-61.7919921875,-83.5888671875,-50.2685546875
50.8308932,-62.3291015625,-81.7333984375,-53.2958984375
50.8676158,-63.0126953125,-79.8779296875,-53.5400390625
50.8919333,-64.0380859375,-77.8759765625,-47.0458984375
50.930762,-65.9912109375,-75.0439453125,-34.7412109375
50.9531669,-68.1396484375,-72.7978515625,-21.6552734375
50.993372,-70.2392578125,-70.6494140625,-11.7431640625
51.0116597,-71.9482421875,-69.0869140625,-4.5654296875
51.0487368,-73.7548828125,-67.8173828125,-0.1708984375
51.0723241,-76.0498046875,-66.5966796875,3.3935546875
51.1129237,-77.5634765625,-66.2548828125,2.5634765625
51.1331689,-78.8330078125,-65.6201171875,-1.4892578125
51.1699024,-80.3466796875,-65.7666015625,-5.9814453125
51.1916776,-82.0068359375,-65.6689453125,-7.7880859375
51.2299774,-83.7646484375,-66.1572265625,-9.4970703125
51.2511423,-84.6435546875,-66.7431640625,-11.8408203125
51.2892921,-85.9619140625,-67.1826171875,-15.0146484375
51.3130628,-87.4755859375,-68.0126953125,-18.0908203125
51.351744,-89.0380859375,-69.8193359375,-20.3857421875
51.3722798,-90.4541015625,-70.0634765625,-23.6572265625
51.4102136,-90.8447265625,-71.2353515625,-26.7822265625
51.4336221,-91.6259765625,-72.5537109375,-29.4189453125
51.4703419,-87.0849609375,-72.7978515625,-31.2744140625
51.494063,-81.8603515625,-74.6044921875,-34.6923828125
51.5319239,-77.3681640625,-76.1181640625,-37.1337890625
51.5564475,-73.6572265625,-77.0458984375,-39.4775390625
51.5958757,-70.7275390625,-77.5830078125,-41.3818359375
51.6170524,-66.8701171875,-79.5849609375,-43.8720703125
51.6552477,-64.5263671875,-80.1220703125,-46.3623046875
51.6744387,-63.8916015625,-81.0009765625,-48.7060546875
51.7120279,-65.3564453125,-79.7314453125,-51.3427734375
51.7342462,-66.0400390625,-78.4130859375,-52.1728515625
51.7723653,-66.2353515625,-75.9228515625,-46.6064453125
51.7976382,-67.5537109375,-74.4091796875,-34.0087890625
51.8275096,-68.5302734375,-71.3818359375,-19.4580078125
51.856531,-70.1904296875,-68.7451171875,-8.2763671875
51.8927963,-71.4111328125,-66.4501953125,0.2197265625
51.9173402,-73.1201171875,-65.7177734375,6.7626953125
51.9479231,-75.3173828125,-64.6435546875,10.6201171875
51.9936721,-76.1962890625,-63.6669921875,11.3037109375
52.0072035,-77.9052734375,-62.7880859375,7.7880859375
52.0408948,-79.1748046875,-62.0556640625,4.1259765625
52.0688781,-80.5419921875,-62.1533203125,1.4404296875
52.0959749,-81.1279296875,-63.0810546875,-1.0498046875
52.1484408,-81.6650390625,-64.0576171875,-2.5634765625
52.1575979,-83.2763671875,-64.5458984375,-6.6162109375
52.1936913,-84.2041015625,-66.1572265625,-8.9111328125
52.2201512,-86.0595703125,-67.1337890625,-11.8896484375
52.2467699,-86.8896484375,-67.6220703125,-15.1123046875
52.2864051,-88.4033203125,-69.8193359375,-18.3837890625
52.3096398,-88.4521484375,-71.3818359375,-20.4345703125
52.3393826,-87.0361328125,-71.9189453125,-23.1201171875
52.3700739,-81.7138671875,-73.5791015625,-25.8056640625
52.4007555,-77.0751953125,-75.5322265625,-27.9052734375
52.4283805,-73.5107421875,-76.4111328125,-30.9326171875
52.4772055,-70.5322265625,-78.3154296875,-33.2275390625
52.4892933,-66.7236328125,-80.1220703125,-35.1318359375
52.5388234,-65.3076171875,-81.2939453125,-37.5244140625
52.553043,-63.5498046875,-82.8076171875,-39.8681640625
52.5804855,-64.6728515625,-83.1494140625,-42.4560546875
52.6299528,-65.8447265625,-81.4892578125,-44.7509765625
52.6422638,-66.3330078125,-79.7314453125,-43.6767578125
52.6702082,-66.9189453125,-77.5341796875,-34.0087890625
52.702392,-68.6767578125,-75.6298828125,-19.1162109375
52.7309649,-70.6787109375,-73.0908203125,-5.3955078125
52.7612428,-71.7041015625,-70.5517578125,5.3955078125
52.7912905,-73.7548828125,-68.4033203125,13.7451171875
52.8207964,-75.9521484375,-67.1826171875,19.0185546875
52.8674213,-77.1728515625,-66.4501953125,21.8994140625
52.8873919,-78.4912109375,-66.7431640625,20.4345703125
52.9283472,-79.7119140625,-66.3525390625,16.0400390625
52.9457513,-81.8115234375,-66.1572265625,12.4267578125
52.9895695,-82.8369140625,-66.0107421875,10.5712890625
53.0100239,-84.3017578125,-67.6220703125,9.2041015625
53.0471321,-84.6923828125,-67.4267578125,6.3232421875
53.069002,-86.4501953125,-68.8916015625,3.6376953125
53.0905642,-87.5244140625,-70.1611328125,0.7568359375
53.1390231,-88.6474609375,-70.8447265625,-2.0751953125
53.1611938,-89.9169921875,-71.9189453125,-5.2978515625
53.1991455,-90.5517578125,-72.8466796875,-8.3251953125
53.2202049,-90.4541015625,-74.3603515625,-11.3037109375
53.2556864,-85.4248046875,-75.2880859375,-13.9892578125
53.2767445,-79.9560546875,-76.4111328125,-16.5283203125
53.3186163,-75.9033203125,-78.2177734375,-19.6044921875
53.3382551,-71.8994140625,-80.1220703125,-22.2412109375
53.3752132,-68.7255859375,-81.0009765625,-24.5361328125
53.3973299,-65.0634765625,-82.2216796875,-26.4892578125
53.4405798,-62.9150390625,-83.6865234375,-29.3212890625
53.4567766,-62.7197265625,-85.2001953125,-32.0068359375
53.4978372,-63.7939453125,-83.1005859375,-34.1064453125
53.5179496,-64.3798828125,-81.8310546875,-36.5966796875
53.5600548,-64.7705078125,-79.8291015625,-31.0791015625
53.5820038,-65.6005859375,-77.1923828125,-19.0673828125
53.6299256,-67.0166015625,-74.4091796875,-4.4677734375
53.6500569,-68.9208984375,-72.6025390625,6.6650390625
53.6685358,-70.8251953125,-69.9658203125,14.7216796875
53.7052848,-71.8994140625,-67.9638671875,20.5322265625
53.7397011,-73.8525390625,-66.9873046875,24.2431640625
53.7606862,-75.9521484375,-66.3525390625,24.5849609375
53.799603,-77.4658203125,-65.6201171875,20.1904296875
53.8196243,-78.8330078125,-65.0830078125,15.9912109375
53.8640456,-79.9560546875,-65.3759765625,13.1591796875
53.894024,-81.7138671875,-65.2783203125,11.2548828125
53.9050178,-82.5439453125,-66.3037109375,8.3251953125
53.9481174,-84.0087890625,-65.9619140625,5.2490234375
53.9682513,-85.1806640625,-66.6943359375,3.0029296875
54.0039733,-86.5478515625,-68.5498046875,-0.9033203125
54.0290985,-88.1591796875,-68.7939453125,-3.7841796875
54.0675447,-89.1845703125,-69.6728515625,-7.5439453125
54.0976562,-90.4052734375,-71.3330078125,-10.0830078125
54.1371624,-88.7451171875,-71.7724609375,-13.5986328125
54.1491794,-83.9111328125,-73.0419921875,-16.7236328125
54.1868203,-78.6376953125,-73.6767578125,-19.8486328125
54.2100563,-75.2685546875,-74.7021484375,-22.6806640625
54.2473746,-70.5810546875,-76.7041015625,-25.2685546875
54.2724802,-67.8955078125,-77.8759765625,-28.3935546875
54.3147122,-64.6728515625,-78.8525390625,-30.8837890625
54.3358917,-62.8173828125,-78.9501953125,-34.0576171875
54.3728186,-62.8173828125,-78.8037109375,-36.6455078125
54.3937315,-64.8681640625,-76.9970703125,-38.3056640625
54.4320165,-64.7705078125,-74.9951171875,-36.0595703125
54.4541415,-65.4052734375,-72.1630859375,-24.5361328125
54.492537,-66.2841796875,-69.9169921875,-10.8154296875
54.5160321,-68.1884765625,-67.2314453125,1.7333984375
54.5526851,-69.4091796875,-63.2275390625,10.4248046875
54.5741533,-70.6298828125,-62.2509765625,17.1142578125
54.61211,-72.4853515625,-61.2744140625,21.1181640625
54.6329511,-73.7060546875,-59.5654296875,21.6552734375
54.670202,-74.8291015625,-59.8095703125,18.1884765625
54.6905998,-75.8056640625,-58.4912109375,14.1845703125
54.7282772,-77.4658203125,-59.2724609375,10.9619140625
54.753902,-78.5400390625,-59.1748046875,7.7392578125
54.790177,-79.5166015625,-59.0771484375,5.5419921875
54.8116086,-80.5908203125,-60.2001953125,2.4169921875
54.857973,-81.8603515625,-60.1513671875,-0.6591796875
54.8780882,-83.1298828125,-61.3232421875,-3.7353515625
54.9152432,-84.1064453125,-62.0556640625,-7.2509765625
54.9363039,-85.1806640625,-62.7880859375,-11.0107421875
54.9715494,-85.9130859375,-64.4970703125,-15.0146484375
54.9948442,-86.3525390625,-65.4248046875,-17.4560546875
55.0311764,-84.1064453125,-66.9873046875,-20.6787109375
55.0524384,-77.7587890625,-66.8896484375,-24.2919921875
55.0883899,-73.5107421875,-68.5498046875,-27.4658203125
55.1148625,-70.1416015625,-70.3564453125,-30.3466796875
55.1562506,-67.0166015625,-72.4560546875,-32.0068359375
55.1777052,-63.7939453125,-73.3349609375,-35.2294921875
55.2144048,-61.9873046875,-75.5322265625,-37.9150390625
55.2364333,-60.7177734375,-74.9951171875,-40.6494140625
55.2760909,-61.6455078125,-74.8486328125,-43.0419921875
55.2948617,-63.3056640625,-71.6748046875,-40.3564453125
55.3319527,-63.7451171875,-69.2333984375,-30.9326171875
55.355467,-64.1845703125,-67.6220703125,-16.0888671875
55.3925604,-66.2841796875,-65.4736328125,-2.8564453125
55.4190422,-67.3583984375,-62.2021484375,6.3720703125
55.4584784,-68.9697265625,-60.4443359375,13.7939453125
55.4786636,-71.0693359375,-60.2001953125,18.6767578125
55.5163098,-72.0947265625,-59.5166015625,20.4833984375
55.53651,-74.0966796875,-58.7841796875,17.7001953125
55.5751698,-75.2685546875,-59.5654296875,13.1591796875
55.5981721,-77.0263671875,-59.4677734375,9.6435546875
55.6353827,-77.6611328125,-60.5419921875,7.2998046875
55.6640466,-79.1259765625,-60.8349609375,5.0537109375
55.7025783,-80.7861328125,-61.5673828125,2.0263671875
55.7165551,-81.4208984375,-63.4716796875,-0.8056640625
55.7544487,-82.4951171875,-64.3994140625,-4.8583984375
55.7764743,-83.9599609375,-65.7177734375,-7.7392578125
55.8150818,-85.2294921875,-66.5966796875,-11.0107421875
55.8385589,-85.7666015625,-67.5244140625,-13.9892578125
55.8748631,-87.1826171875,-70.1123046875,-17.5537109375
55.8991639,-85.7177734375,-70.8935546875,-20.7763671875
55.9363788,-80.3955078125,-72.7978515625,-23.4130859375
55.9586485,-74.8779296875,-74.3603515625,-26.5380859375
55.9940947,-70.6787109375,-75.4833984375,-29.5654296875
56.0199383,-67.2119140625,-77.4365234375,-30.7861328125
56.0705305,-63.6474609375,-78.7548828125,-33.7158203125
56.0918723,-60.3271484375,-79.9755859375,-36.7919921875
56.1092407,-57.7880859375,-80.3662109375,-40.0634765625
56.1483738,-58.0322265625,-79.9267578125,-42.5537109375
56.1704646,-58.8134765625,-77.6806640625,-42.6025390625
56.2109026,-59.0087890625,-75.5810546875,-36.4501953125
56.2310154,-60.1318359375,-74.0673828125,-23.8525390625
56.2691841,-61.1083984375,-69.9658203125,-11.7919921875
56.2892744,-61.6943359375,-66.7431640625,-2.0263671875
56.3242986,-64.4287109375,-65.9619140625,5.7373046875
56.3508167,-66.0888671875,-64.7412109375,10.4736328125
56.3872196,-67.0654296875,-63.8134765625,13.1591796875
56.413684,-69.2138671875,-63.6669921875,11.3525390625
56.4510789,-70.1904296875,-62.9345703125,7.5927734375
56.4729992,-72.3388671875,-62.7392578125,4.1748046875
56.508932,-73.2177734375,-62.9345703125,1.6845703125
56.5317006,-74.1455078125,-63.3251953125,-0.3173828125
56.5681318,-76.0009765625,-63.7646484375,-3.0029296875
56.5924396,-77.3681640625,-64.8876953125,-6.2255859375
56.6309299,-77.8076171875,-65.1318359375,-9.4482421875
56.6558841,-79.9072265625,-65.7666015625,-12.4755859375
56.6847583,-81.4697265625,-67.7197265625,-16.3330078125
56.723781,-82.7880859375,-68.3544921875,-18.9697265625
56.744089,-84.6923828125,-69.0869140625,-22.0458984375
56.7746365,-84.7900390625,-70.4052734375,-26.0986328125
56.8074997,-80.2490234375,-70.9912109375,-29.4189453125
56.832394,-74.6826171875,-72.5537109375,-32.2509765625
56.8699281,-71.3623046875,-73.7255859375,-35.2783203125
56.8953209,-66.9189453125,-75.3369140625,-37.5732421875
56.9329415,-63.5986328125,-76.6064453125,-41.0400390625
56.9530933,-60.5712890625,-77.2412109375,-43.3349609375
56.9899981,-58.0322265625,-78.0712890625,-46.6064453125
57.0161832,-57.1044921875,-75.6298828125,-48.9501953125
57.048971,-58.7158203125,-73.7744140625,-49.6826171875
57.0770879,-59.7412109375,-71.2841796875,-43.1884765625
57.1062353,-59.9365234375,-68.5498046875,-30.9814453125
57.1373203,-61.2060546875,-66.0107421875,-19.5068359375
57.1684876,-62.0849609375,-63.7158203125,-10.0341796875
57.1986244,-64.3798828125,-61.4208984375,-2.2216796875
57.2267846,-65.8447265625,-59.9072265625,2.9541015625
57.2570654,-67.6025390625,-58.8818359375,5.3955078125
57.2899155,-68.9697265625,-58.3935546875,4.3701171875
57.3182644,-70.7275390625,-57.6123046875,0.3662109375
57.3477672,-72.4853515625,-58.5888671875,-3.6376953125
57.3805416,-74.0966796875,-58.7353515625,-6.2255859375
57.4092315,-75.3662109375,-59.7607421875,-7.9833984375
57.4383223,-76.1474609375,-60.0048828125,-10.7177734375
57.4694656,-78.0029296875,-61.4697265625,-13.8427734375
57.4973218,-78.8330078125,-61.9580078125,-17.0654296875
57.5469752,-80.1025390625,-62.6904296875,-20.2880859375
57.5580547,-81.8603515625,-63.6181640625,-24.2919921875
57.6071488,-83.3251953125,-66.5478515625,-27.3193359375
57.6254901,-84.2529296875,-66.9873046875,-29.9560546875
57.6524603,-84.7900390625,-68.6962890625,-32.6904296875
57.6798551,-83.0810546875,-68.9892578125,-36.2548828125
57.7099825,-76.9775390625,-71.3818359375,-39.0380859375
57.7593118,-71.9970703125,-72.8466796875,-42.1142578125
57.7684179,-67.8955078125,-74.6044921875,-44.8486328125
57.8020632,-64.8193359375,-76.4111328125,-47.9736328125
57.8492505,-61.7431640625,-76.7529296875,-51.0986328125
57.8624033,-58.8134765625,-78.2177734375,-54.4677734375
57.9062643,-56.9580078125,-77.3388671875,-56.8115234375
57.9198083,-57.8857421875,-75.9716796875,-58.7158203125
57.9674782,-58.6669921875,-73.8720703125,-55.2001953125
57.9808247,-59.0576171875,-71.7724609375,-45.5322265625
58.0251623,-59.4970703125,-69.4775390625,-32.5927734375
58.045264,-61.3037109375,-67.8173828125,-22.0947265625
58.0692007,-62.5732421875,-66.3525390625,-12.7685546875
58.117472,-63.7451171875,-64.6435546875,-6.5673828125
58.1374521,-65.4541015625,-64.3505859375,-1.8798828125
58.1756046,-66.9677734375,-64.5458984375,-0.4638671875
58.1942859,-68.5791015625,-63.4716796875,-3.1982421875
58.2348163,-70.7275390625,-64.2041015625,-6.0302734375
58.2568388,-71.4599609375,-64.3994140625,-8.8134765625
58.2959459,-73.2666015625,-65.7177734375,-11.6455078125
58.3157653,-74.4873046875,-67.2314453125,-14.3310546875
58.3588511,-75.9033203125,-68.0126953125,-17.0166015625
58.3799152,-77.3193359375,-68.6474609375,-20.2392578125
58.4152096,-78.7353515625,-70.4541015625,-23.3642578125
58.4374077,-80.2001953125,-72.2607421875,-26.2939453125
58.4747584,-81.3720703125,-73.7255859375,-29.8583984375
58.4948578,-82.4462890625,-74.6533203125,-33.2275390625
58.5404165,-83.5205078125,-76.2158203125,-36.0595703125
58.5553879,-82.2021484375,-78.4130859375,-38.6474609375
58.5971635,-76.9287109375,-79.7802734375,-41.6748046875
58.6178011,-71.3623046875,-82.1240234375,-44.5556640625
58.6539059,-67.1630859375,-83.9794921875,-47.6806640625
58.674623,-63.9404296875,-85.1513671875,-49.9267578125
58.716787,-60.2294921875,-86.9580078125,-52.6611328125
58.738733,-57.0068359375,-88.6181640625,-55.2490234375
58.7858158,-55.1513671875,-89.6435546875,-57.2509765625
58.8173631,-54.9072265625,-89.6435546875,-59.9853515625
58.8234444,-56.1767578125,-88.8134765625,-62.1337890625
58.8687842,-55.8837890625,-86.9580078125,-61.6943359375
58.8888978,-56.8603515625,-85.1513671875,-52.9541015625
58.9268407,-58.0810546875,-82.9541015625,-40.5517578125
58.9470448,-59.2529296875,-80.2685546875,-28.0029296875
58.9899104,-61.1572265625,-79.1455078125,-17.9931640625
59.0204689,-61.8896484375,-77.4365234375,-11.5966796875
59.0373095,-64.4287109375,-76.5576171875,-6.0791015625
59.0838354,-66.0888671875,-75.9228515625,-3.3447265625
59.1031534,-68.3349609375,-75.8740234375,-4.3212890625
59.1469343,-69.5068359375,-75.5322265625,-8.6181640625
59.1674439,-70.7763671875,-75.5810546875,-11.8896484375
59.204908,-72.1923828125,-76.9970703125,-13.5498046875
59.217353,-74.0966796875,-76.6552734375,-16.3330078125
59.2566906,-75.3173828125,-77.8759765625,-18.2861328125
59.2786677,-76.5869140625,-78.3642578125,-20.9716796875
59.3196992,-77.7587890625,-79.3896484375,-24.2919921875
59.3408393,-79.6142578125,-79.8291015625,-26.9287109375
59.3820772,-81.0302734375,-80.5126953125,-29.8583984375
59.4022259,-82.2998046875,-82.5146484375,-32.6904296875
59.4369163,-82.1533203125,-83.4423828125,-35.9619140625
59.4610041,-78.6376953125,-84.1748046875,-38.4033203125
59.5005328,-73.0224609375,-86.2744140625,-40.8935546875
59.5216084,-68.1396484375,-87.5439453125,-43.6279296875
59.559753,-64.6728515625,-88.5205078125,-46.3623046875
59.58166,-61.2060546875,-89.7900390625,-48.9501953125
59.618557,-58.2275390625,-91.4501953125,-51.5380859375
59.6402094,-55.4931640625,-92.5244140625,-54.0283203125
59.6789764,-54.2724609375,-92.4755859375,-56.6162109375
59.6992268,-56.1279296875,-93.2080078125,-59.3017578125
59.739439,-57.5927734375,-91.2060546875,-61.4013671875
59.7619788,-58.5205078125,-89.0087890625,-59.4970703125
59.7988081,-60.0830078125,-88.3740234375,-50.7080078125
59.8237022,-61.3037109375,-85.2001953125,-38.6474609375
59.8591305,-63.2080078125,-83.0029296875,-27.0263671875
59.8801435,-65.2587890625,-81.1474609375,-18.9208984375
59.9159239,-67.6025390625,-79.8779296875,-12.4755859375
59.9444415,-69.4091796875,-78.5107421875,-7.3486328125
59.9827644,-71.5087890625,-77.6806640625,-5.5419921875
60.0019958,-72.6806640625,-77.4853515625,-7.3974609375
60.040783,-74.2919921875,-76.6552734375,-11.4013671875
60.0607337,-75.4638671875,-76.4111328125,-14.5263671875
60.098335,-76.9775390625,-77.0947265625,-16.3818359375
60.1235946,-78.3447265625,-78.0224609375,-18.3837890625
60.1611204,-79.7119140625,-78.9990234375,-20.9716796875
60.184242,-81.0791015625,-78.9990234375,-23.9990234375
60.2203321,-82.8369140625,-80.0732421875,-27.1240234375
60.2445159,-84.3017578125,-80.7080078125,-30.1513671875
60.2815957,-84.9853515625,-81.4892578125,-32.5439453125
60.3023805,-86.4990234375,-82.4658203125,-36.1083984375
60.3401364,-86.9384765625,-83.5400390625,-38.4033203125
60.3635371,-85.8154296875,-85.2490234375,-41.3818359375
60.4009965,-80.7861328125,-85.9326171875,-43.3837890625
60.4253605,-76.0986328125,-87.3486328125,-46.3134765625
60.4636712,-71.8505859375,-88.7158203125,-49.1455078125
60.4842013,-67.8955078125,-89.7412109375,-50.9033203125
60.5203999,-64.6728515625,-91.2548828125,-53.2958984375
60.5444573,-61.3525390625,-91.4501953125,-55.4443359375
60.5811046,-59.3017578125,-92.6220703125,-58.1298828125
60.6056026,-59.2041015625,-91.8408203125,-60.9130859375
60.6411163,-60.4736328125,-90.7177734375,-63.4033203125
60.6704369,-60.7666015625,-88.5693359375,-61.0595703125
60.7131353,-60.9619140625,-85.8837890625,-51.9287109375
60.7299704,-61.8896484375,-84.2724609375,-38.5986328125
60.7672109,-62.9638671875,-80.7568359375,-26.3427734375
60.787216,-65.2099609375,-78.6083984375,-16.8212890625
60.8234935,-66.5771484375,-76.1669921875,-8.7158203125
60.8467514,-67.7978515625,-75.3369140625,-3.4423828125
60.8864904,-69.6044921875,-74.4091796875,-0.5615234375
60.9087161,-70.8251953125,-74.4091796875,-1.5869140625
60.9468115,-72.1923828125,-74.6533203125,-4.9560546875
60.9668393,-73.5107421875,-74.1162109375,-7.8857421875
61.0033782,-75.1708984375,-74.7998046875,-9.6923828125
61.0291047,-76.2939453125,-76.1669921875,-12.1826171875
61.0657411,-77.5634765625,-76.1669921875,-14.9658203125
61.0878357,-78.6376953125,-77.1435546875,-18.0908203125
61.1252044,-79.9072265625,-77.7783203125,-20.7275390625
61.1461377,-81.3232421875,-77.8271484375,-23.5595703125
61.1830065,-82.6416015625,-79.7314453125,-26.6357421875
61.2082513,-84.6923828125,-81.5380859375,-29.5166015625
61.2478197,-84.9365234375,-83.1005859375,-32.5439453125
61.2681758,-84.6923828125,-83.9306640625,-35.2294921875
61.3040184,-80.2978515625,-85.0048828125,-37.7685546875
61.3302556,-75.3173828125,-86.5673828125,-40.3076171875
61.3664909,-71.6552734375,-87.2998046875,-42.6513671875
61.3927291,-68.1396484375,-89.3017578125,-44.7509765625
61.4314326,-65.0146484375,-90.4248046875,-46.8994140625
61.4503866,-62.6708984375,-91.6943359375,-49.2919921875
61.4965213,-60.7666015625,-92.2802734375,-51.7333984375
61.5179441,-61.2060546875,-91.3525390625,-54.2724609375
61.5421009,-63.1591796875,-89.8876953125,-56.1767578125
61.58061,-63.1591796875,-87.8857421875,-52.1728515625
61.6027705,-63.3056640625,-85.5419921875,-40.4541015625
61.6414094,-65.0146484375,-83.2958984375,-27.7587890625
61.66249,-66.0400390625,-80.8056640625,-15.2587890625
61.6999537,-67.9443359375,-78.3154296875,-5.9326171875
61.7253179,-69.3603515625,-76.7529296875,1.1474609375
61.7538251,-70.9228515625,-75.0439453125,5.6884765625
61.7911658,-72.4853515625,-74.1162109375,7.3486328125
61.8134486,-74.2919921875,-74.7998046875,5.1513671875
61.8432925,-75.5126953125,-73.6279296875,1.1962890625
61.8807253,-76.2939453125,-74.2626953125,-1.9775390625
61.9028712,-78.1494140625,-74.4091796875,-2.9541015625
61.9351426,-79.1259765625,-74.5556640625,-5.1025390625
61.965175,-80.3466796875,-75.8740234375,-7.9345703125
61.9940453,-81.4208984375,-75.8740234375,-11.6943359375
62.0306447,-82.3486328125,-76.6064453125,-13.5986328125
62.0537704,-83.1298828125,-77.3388671875,-16.2353515625
62.0838089,-84.4482421875,-78.5595703125,-18.7255859375
62.1213162,-85.6201171875,-78.9501953125,-22.0458984375
62.1472269,-86.5966796875,-79.3408203125,-24.6337890625
62.1741676,-85.8642578125,-80.6591796875,-27.5146484375
62.2030364,-82.0556640625,-81.2451171875,-29.6630859375
62.2408993,-76.5869140625,-82.5146484375,-31.9580078125
62.2644209,-72.4365234375,-83.2958984375,-33.5693359375
62.296636,-68.1884765625,-84.5654296875,-35.9130859375
62.3271184,-64.7705078125,-84.6142578125,-38.7451171875
62.3559669,-61.9873046875,-86.0302734375,-40.6005859375
62.3896894,-59.9853515625,-84.6142578125,-42.5048828125
62.4334439,-58.8623046875,-82.5146484375,-45.0439453125
62.4486067,-60.2783203125,-80.3662109375,-41.6259765625
62.4770029,-60.4248046875,-77.2900390625,-31.6162109375
62.5057321,-61.5966796875,-75.1904296875,-18.1396484375
62.5360557,-63.0126953125,-73.1396484375,-6.9091796875
62.5681481,-63.8916015625,-69.5751953125,1.1962890625
62.5979989,-65.0634765625,-68.8427734375,7.9833984375
62.6310199,-66.8701171875,-67.5244140625,10.7177734375
62.6559504,-68.9697265625,-66.4990234375,10.9619140625
62.686888,-71.2646484375,-66.0107421875,7.9345703125
62.7195881,-72.1923828125,-65.9619140625,4.2724609375
62.7475031,-74.1455078125,-64.6435546875,1.6357421875
62.7817332,-76.0498046875,-65.3759765625,0.5126953125
62.809266,-77.0263671875,-66.2060546875,-1.5869140625
62.8387164,-78.7353515625,-66.4013671875,-4.9560546875
62.8689341,-80.2978515625,-66.4013671875,-6.9580078125
62.9146041,-80.9326171875,-68.5009765625,-10.3271484375
62.9297888,-81.9580078125,-69.0869140625,-13.0126953125
62.9624514,-83.4716796875,-69.6240234375,-15.8935546875
62.9893456,-84.8876953125,-69.9169921875,-19.0673828125
63.0172557,-86.1572265625,-71.2353515625,-21.4111328125
63.0515595,-87.1337890625,-72.4560546875,-24.3408203125
63.0959398,-87.1826171875,-73.3837890625,-27.0263671875
63.1091725,-82.6904296875,-74.7998046875,-29.2724609375
63.1400387,-77.1240234375,-75.6298828125,-31.6162109375
63.1878888,-73.2666015625,-76.8505859375,-34.3017578125
63.2025976,-69.4091796875,-78.3154296875,-37.1337890625
63.2489673,-65.8447265625,-78.2666015625,-39.9658203125
63.2611976,-62.5732421875,-77.0947265625,-42.4560546875
63.3061798,-60.6201171875,-74.6044921875,-44.4580078125
63.3225462,-59.9853515625,-73.0419921875,-40.2099609375
63.3497614,-61.3525390625,-69.6240234375,-28.8330078125
63.3954726,-61.5966796875,-66.8896484375,-14.3310546875
63.4094496,-61.9873046875,-63.5693359375,-3.0029296875
63.456206,-63.0126953125,-60.9814453125,5.8349609375
63.4731471,-64.3798828125,-59.0283203125,12.7197265625
63.5259031,-65.6982421875,-57.1240234375,16.6259765625
63.5462234,-66.8212890625,-56.9287109375,17.2119140625
63.5638752,-68.4326171875,-56.0009765625,14.0869140625
63.6070248,-70.1904296875,-55.3173828125,9.1552734375
63.6270509,-71.5087890625,-55.5615234375,6.6162109375
63.6821102,-72.4365234375,-55.8544921875,4.6630859375
63.6850758,-73.8037109375,-56.4892578125,2.4169921875
63.7292385,-74.9267578125,-57.0263671875,-1.0986328125
63.7412019,-75.7080078125,-57.9052734375,-4.3212890625
63.7860423,-77.2705078125,-57.9541015625,-7.5927734375
63.8050734,-78.0029296875,-58.7841796875,-10.5712890625
63.8471879,-79.1259765625,-59.9560546875,-13.1591796875
63.8694844,-80.3466796875,-61.7626953125,-16.5771484375
63.9078221,-81.0791015625,-62.3974609375,-20.1904296875
63.9278475,-82.7392578125,-64.7412109375,-22.9248046875
63.965479,-81.9580078125,-66.1083984375,-25.4638671875
63.9863832,-78.0517578125,-67.6708984375,-28.8330078125
64.0260096,-73.4619140625,-69.9658203125,-31.2744140625
64.0573159,-69.0673828125,-71.1865234375,-33.7158203125
64.0758586,-65.4052734375,-72.4560546875,-36.7431640625
64.1132336,-62.9638671875,-74.1162109375,-39.1845703125
64.1376847,-59.6435546875,-74.3115234375,-41.2841796875
64.1748607,-57.6904296875,-73.8232421875,-44.1650390625
64.1982746,-57.7392578125,-71.5771484375,-43.6279296875
64.2352655,-58.4228515625,-69.1845703125,-36.1572265625
64.255519,-59.7412109375,-67.3779296875,-22.3876953125
64.2977127,-60.1806640625,-64.2529296875,-8.3740234375
64.3199081,-61.1083984375,-61.7138671875,3.9306640625
64.3492067,-62.9638671875,-59.9072265625,12.0361328125
64.3865864,-64.5263671875,-58.3447265625,18.8232421875
64.4068606,-66.2841796875,-56.9287109375,22.8759765625
64.4421996,-67.5048828125,-56.9287109375,21.6552734375
64.4686419,-68.7255859375,-56.3427734375,17.1142578125
64.5051377,-70.9228515625,-56.4892578125,13.8916015625
64.5306638,-71.5576171875,-56.9775390625,11.4501953125
64.5690879,-73.3154296875,-58.1005859375,9.2529296875
64.5926483,-74.9755859375,-59.0283203125,6.3232421875
64.6312561,-75.2685546875,-60.1513671875,3.6865234375
64.6483502,-77.2216796875,-60.4443359375,1.4404296875
64.6877242,-77.6611328125,-61.4208984375,-2.2705078125
64.7073761,-78.9794921875,-63.6669921875,-5.2001953125
64.7484023,-80.5908203125,-64.9853515625,-8.3251953125
64.7705296,-81.8603515625,-65.7177734375,-11.2548828125
64.8098552,-82.5439453125,-66.9873046875,-13.5009765625
64.8299524,-83.1298828125,-69.2333984375,-16.2353515625
64.8673699,-79.1259765625,-70.7470703125,-19.2626953125
64.8894728,-74.6337890625,-72.4072265625,-22.2900390625
64.9275694,-70.1416015625,-73.7744140625,-24.6826171875
64.9506525,-66.4306640625,-75.5810546875,-26.3916015625
64.991109,-62.4267578125,-76.8017578125,-28.7353515625
65.0101522,-59.3994140625,-78.6083984375,-31.5673828125
65.0463846,-56.0791015625,-78.5595703125,-34.7900390625
65.0761411,-54.3701171875,-78.0712890625,-36.8896484375
65.1151305,-55.4443359375,-75.1904296875,-37.3779296875
65.1309105,-55.8837890625,-74.2626953125,-30.5419921875
65.1792454,-56.5673828125,-71.2841796875,-17.9443359375
65.2094968,-56.6650390625,-68.9892578125,-3.9306640625
65.2213284,-57.5439453125,-66.6455078125,7.2509765625
65.2578885,-59.2041015625,-63.8623046875,14.4287109375
65.2834328,-60.4736328125,-62.6904296875,21.2158203125
65.3197533,-62.4755859375,-62.2509765625,24.1455078125
65.34274,-63.7939453125,-61.6650390625,23.3642578125
65.3852114,-66.0888671875,-61.1767578125,18.7255859375
65.4022245,-67.3583984375,-60.8837890625,15.2099609375
65.4375527,-68.6279296875,-61.3232421875,13.2080078125
65.4616412,-70.3857421875,-61.9580078125,10.7177734375
65.5008827,-72.4853515625,-62.9345703125,8.4228515625
65.5242019,-73.6572265625,-63.8623046875,5.5419921875
65.5602336,-74.7314453125,-64.6435546875,2.4169921875
65.5882379,-76.1474609375,-65.1318359375,0.1220703125
65.6245374,-77.7587890625,-66.3525390625,-2.9541015625
65.6449487,-79.7119140625,-68.0126953125,-5.7373046875
65.6931734,-80.8349609375,-69.0380859375,-8.6669921875
65.7250862,-82.0068359375,-70.2099609375,-10.9130859375
65.7318415,-82.3486328125,-71.2841796875,-13.6962890625
65.7701221,-77.4658203125,-72.9931640625,-16.3818359375
65.7967366,-72.6318359375,-74.1650390625,-19.3603515625
65.8363241,-67.6025390625,-75.5322265625,-21.6552734375
65.8546293,-63.6962890625,-77.5341796875,-23.6572265625
65.8986767,-60.5712890625,-77.9736328125,-26.7333984375
65.9281037,-56.4208984375,-79.7314453125,-29.6142578125
65.9463477,-53.4912109375,-80.0244140625,-31.7138671875
65.986564,-51.7822265625,-78.6572265625,-34.7900390625
66.006361,-53.5400390625,-77.3876953125,-35.4736328125
66.054072,-53.7841796875,-75.0927734375,-27.9052734375
66.0747108,-54.4189453125,-72.4560546875,-14.3310546875
66.0990551,-55.2001953125,-70.1611328125,-0.5615234375
66.1391395,-55.6396484375,-67.6220703125,11.4990234375
66.1607285,-57.5927734375,-65.4736328125,19.1162109375
66.1988387,-59.3505859375,-64.3994140625,24.9755859375
66.2190089,-60.8642578125,-63.9599609375,28.6865234375
66.2554078,-62.5732421875,-63.5693359375,28.4912109375
66.2763371,-64.0869140625,-63.4716796875,24.4384765625
66.3144523,-66.3330078125,-63.4228515625,19.6533203125
66.3375597,-68.4814453125,-63.4716796875,17.3583984375
66.3737039,-69.5556640625,-64.7412109375,15.0146484375
66.3976042,-70.1904296875,-65.3271484375,12.4755859375
66.4347636,-71.8017578125,-66.8408203125,9.9853515625
66.4578043,-73.3642578125,-67.2314453125,7.0556640625
66.4951891,-74.9755859375,-68.5009765625,3.7353515625
66.5182748,-75.9521484375,-69.7705078125,0.3173828125
66.559807,-77.2216796875,-70.2099609375,-1.9775390625
66.5806924,-78.2470703125,-71.3330078125,-4.9560546875
66.6194465,-79.5166015625,-72.9931640625,-7.7880859375
66.643266,-79.3212890625,-74.7021484375,-11.4013671875
66.669221,-76.0009765625,-75.8251953125,-13.4033203125
66.7093775,-69.6044921875,-77.1435546875,-16.0888671875
66.7299996,-64.4775390625,-78.6572265625,-19.6044921875
66.7675755,-60.8642578125,-79.9267578125,-21.7041015625
66.7924311,-57.6904296875,-83.1005859375,-23.8037109375
66.8219657,-53.5888671875,-82.6123046875,-26.6845703125
66.865812,-50.2685546875,-84.0283203125,-29.6630859375
66.8807367,-48.9501953125,-84.6142578125,-32.1044921875
66.9137913,-49.8291015625,-83.1005859375,-35.0341796875
66.9431996,-50.5615234375,-81.0986328125,-31.9091796875
66.9809211,-51.0986328125,-78.8525390625,-20.4345703125
67.0030895,-51.2451171875,-76.5576171875,-4.5654296875
67.0397367,-53.2470703125,-74.5556640625,8.6181640625
67.0626212,-54.3212890625,-72.6025390625,18.7744140625
67.0942438,-56.6650390625,-71.0888671875,25.9521484375
67.1221185,-58.9111328125,-70.7958984375,31.0791015625
67.1547934,-60.3271484375,-70.3564453125,33.6181640625
67.1822595,-61.4990234375,-70.7958984375,30.6884765625
67.2197167,-64.1357421875,-70.7470703125,26.5380859375
67.2449644,-65.3564453125,-71.4794921875,22.4365234375
67.2734242,-66.7724609375,-72.5537109375,20.2880859375
67.3062458,-68.4814453125,-73.0419921875,17.9443359375
67.3343137,-70.1904296875,-73.9697265625,15.5517578125
67.3638105,-71.8994140625,-74.8486328125,12.2314453125
67.3983286,-72.9736328125,-75.2880859375,9.8876953125
67.4269633,-74.0478515625,-76.9970703125,6.4697265625
67.4529201,-75.9521484375,-78.7548828125,2.8076171875
67.4895957,-76.9775390625,-80.1708984375,-0.0244140625
67.5146768,-78.1005859375,-81.0986328125,-3.6865234375
67.5474697,-78.8818359375,-82.9541015625,-5.9326171875
67.5765744,-76.5380859375,-84.7607421875,-9.1064453125
67.6077804,-70.7275390625,-86.6650390625,-11.3525390625
67.6344763,-65.6494140625,-87.6904296875,-14.4775390625
67.6673432,-61.6943359375,-89.2529296875,-16.9189453125
67.6978221,-58.5693359375,-91.2060546875,-19.2626953125
67.7285852,-54.0771484375,-93.0126953125,-21.5576171875
67.7582575,-50.5126953125,-94.5263671875,-23.9990234375
67.7846519,-48.9013671875,-94.5263671875,-27.3681640625
67.8191435,-49.1455078125,-94.5751953125,-29.0283203125
67.8464034,-50.2197265625,-92.3291015625,-30.4443359375
67.8801993,-50.9521484375,-90.9619140625,-25.5615234375
67.9073484,-51.0498046875,-88.6669921875,-11.0595703125
67.936307,-52.8564453125,-86.7138671875,3.9306640625
67.9847304,-54.4189453125,-84.2724609375,16.1376953125
67.9988581,-55.5908203125,-83.1005859375,24.3896484375
68.0262597,-57.7392578125,-81.0009765625,31.0302734375
68.060433,-59.0087890625,-80.4150390625,34.6923828125
68.0879336,-60.9619140625,-80.0244140625,34.1552734375
68.1183812,-62.6708984375,-79.5361328125,30.1025390625
68.1638923,-64.1357421875,-79.2431640625,25.9521484375
68.179211,-65.8935546875,-79.6826171875,23.0712890625
68.2126878,-67.0654296875,-80.1220703125,21.3134765625
68.2395768,-68.4814453125,-81.0498046875,18.9208984375
68.2664492,-69.9462890625,-81.4404296875,15.3076171875
68.3138508,-71.0693359375,-82.3193359375,12.4755859375
68.3298134,-72.2900390625,-83.3935546875,9.3505859375
68.3608744,-73.6572265625,-84.4189453125,6.3232421875
68.4049081,-75.4150390625,-84.5654296875,3.0029296875
68.4212735,-76.9775390625,-85.4931640625,0.0732421875
68.4632357,-77.6123046875,-87.1044921875,-3.1494140625
68.4824995,-77.7587890625,-88.4228515625,-5.3466796875
68.5111672,-74.4384765625,-89.3017578125,-8.6669921875
68.5446004,-68.1884765625,-90.6689453125,-11.2548828125
68.5801171,-63.6474609375,-91.7919921875,-13.1591796875
68.6021738,-60.4736328125,-92.6708984375,-16.3818359375
68.6429915,-55.8837890625,-94.1357421875,-18.7255859375
68.6632727,-53.1982421875,-95.4541015625,-20.9228515625
68.6892431,-50.0244140625,-96.0400390625,-23.7060546875
68.7350201,-48.3642578125,-95.2099609375,-26.9775390625
68.7534822,-49.8291015625,-93.4521484375,-28.4423828125
68.7838913,-51.0498046875,-92.2314453125,-24.9755859375
68.8200241,-52.2216796875,-89.9365234375,-13.7451171875
68.842208,-52.8564453125,-87.0556640625,1.3916015625
68.8763769,-54.4677734375,-85.0048828125,15.5517578125
68.9141647,-57.0068359375,-83.1494140625,23.1689453125
68.9342651,-58.4716796875,-81.2939453125,29.7607421875
68.9723646,-60.3271484375,-80.8544921875,34.3017578125
68.9925499,-61.6455078125,-80.8544921875,35.4736328125
69.0436904,-64.1845703125,-80.7080078125,30.5908203125
69.0557539,-65.6494140625,-79.7314453125,25.9033203125
69.0915901,-67.1630859375,-80.2685546875,23.3642578125
69.1158298,-68.2373046875,-80.6103515625,20.4833984375
69.1552105,-70.5322265625,-81.5380859375,18.6767578125
69.1757917,-71.7529296875,-82.2705078125,15.3564453125
69.2133313,-73.3154296875,-82.6123046875,12.4267578125
69.2335416,-74.7314453125,-83.2470703125,9.3505859375
69.2722049,-76.2451171875,-84.7119140625,5.5419921875
69.2956604,-77.4169921875,-84.6630859375,1.7822265625
69.3340455,-79.0771484375,-86.5185546875,-0.6591796875
69.3563568,-80.6396484375,-87.6416015625,-4.2724609375
69.3962203,-80.9326171875,-89.2041015625,-7.0556640625
69.418311,-81.1767578125,-89.3505859375,-9.8876953125
69.4481498,-76.2451171875,-91.3037109375,-12.7685546875
69.4855989,-70.2880859375,-92.2802734375,-15.9912109375
69.505674,-66.3330078125,-93.3544921875,-19.0185546875
69.5436101,-62.6708984375,-95.7470703125,-21.6064453125
69.5646615,-58.8623046875,-96.3330078125,-24.4873046875
69.6014291,-54.8583984375,-96.8701171875,-27.3193359375
69.6289059,-52.8564453125,-97.4072265625,-30.2490234375
69.668041,-51.3916015625,-96.6259765625,-33.0322265625
69.6879738,-52.6611328125,-94.6728515625,-33.7158203125
69.7278806,-52.8564453125,-93.0126953125,-24.7802734375
69.7466418,-52.8564453125,-90.8154296875,-9.9853515625
69.7838259,-53.9794921875,-88.6669921875,5.8837890625
69.8087203,-55.2001953125,-86.3232421875,17.4560546875
69.8491183,-56.6162109375,-84.7607421875,25.8544921875
69.8677617,-59.0087890625,-83.6376953125,31.9580078125
69.908262,-60.0341796875,-82.6123046875,35.9130859375
69.9283094,-61.4013671875,-82.4169921875,34.7900390625
69.9662606,-63.6474609375,-81.8798828125,30.8837890625
69.9863126,-65.3076171875,-82.3681640625,26.5869140625
70.0225229,-67.0654296875,-82.5146484375,23.8037109375
70.0508892,-68.2861328125,-83.6376953125,22.7783203125
70.0998498,-70.5322265625,-84.1748046875,19.2138671875
70.1215114,-72.4853515625,-85.7373046875,17.0166015625
70.1426769,-74.2431640625,-85.6884765625,13.6474609375
70.1942499,-75.1708984375,-86.8115234375,9.9853515625
70.2003864,-77.5634765625,-88.2275390625,7.1044921875
70.2417492,-78.5888671875,-89.3017578125,3.1005859375
70.2597592,-80.8837890625,-90.2294921875,0.7568359375
70.2972058,-81.4208984375,-92.2802734375,-2.7099609375
70.3182215,-82.5927734375,-92.3779296875,-5.9814453125
70.3547035,-79.7607421875,-94.3310546875,-8.4228515625
70.3798037,-74.5849609375,-96.2353515625,-11.6455078125
70.4160004,-70.1904296875,-96.1376953125,-13.9404296875
70.4429808,-66.4306640625,-99.2138671875,-16.9677734375
70.4710592,-62.8662109375,-99.8486328125,-18.9697265625
70.5083782,-59.3994140625,-101.0693359375,-22.0458984375
70.5366462,-57.4951171875,-101.5087890625,-24.6826171875
70.5750479,-55.6884765625,-101.6552734375,-27.8076171875
70.5948798,-57.2998046875,-99.5556640625,-30.0048828125
70.6229275,-58.4716796875,-97.6025390625,-27.6611328125
70.6592557,-58.3740234375,-95.6005859375,-15.3076171875
70.682432,-59.3017578125,-92.7685546875,0.3662109375
70.7270206,-60.5224609375,-90.9130859375,13.6474609375
70.7462863,-62.2802734375,-87.8369140625,23.1689453125
70.7900782,-63.6962890625,-87.1044921875,29.0283203125
70.8048343,-65.2587890625,-85.0537109375,33.7158203125
70.8430862,-67.3583984375,-84.5654296875,34.3017578125
70.8632649,-69.1650390625,-84.2724609375,30.9326171875
70.9018287,-70.2880859375,-83.3935546875,25.7080078125
70.9271732,-71.6552734375,-83.1494140625,22.4365234375
70.9634523,-73.1201171875,-82.8564453125,20.5322265625
70.983448,-74.6337890625,-83.3447265625,17.9443359375
71.019862,-75.7080078125,-84.1748046875,14.7705078125
71.0423931,-77.1240234375,-84.0771484375,11.7431640625
71.0797302,-78.8330078125,-84.4677734375,8.2275390625
71.1069598,-79.4189453125,-85.2001953125,5.1025390625
71.1451508,-81.4697265625,-85.4931640625,1.1474609375
71.1677553,-82.3486328125,-86.4697265625,-1.9775390625
71.2069346,-84.2529296875,-87.9833984375,-5.6396484375
71.2270229,-85.0830078125,-88.6669921875,-8.8623046875
71.2769777,-84.3505859375,-89.0087890625,-11.4990234375
71.3076749,-81.2744140625,-90.6689453125,-15.6005859375
71.3169634,-76.5380859375,-91.4013671875,-18.8232421875
71.3518345,-71.4599609375,-92.6708984375,-20.8740234375
71.3769873,-67.8466796875,-93.6962890625,-23.7548828125
71.4134613,-64.5263671875,-94.1845703125,-26.3427734375
71.439058,-60.9619140625,-94.7705078125,-29.3212890625
71.4651379,-58.1787109375,-93.4033203125,-33.0322265625
71.5058873,-56.9580078125,-91.0595703125,-34.9853515625
71.5269842,-58.9111328125,-89.5458984375,-31.6650390625
71.5641706,-59.1064453125,-86.3720703125,-19.7509765625
71.5896124,-59.4482421875,-84.2724609375,-4.8095703125
71.6352706,-61.0595703125,-82.1728515625,8.7646484375
71.648315,-62.9638671875,-79.2431640625,18.8720703125
71.6797832,-63.8916015625,-77.8271484375,25.0244140625
71.7084719,-65.6982421875,-76.1181640625,28.9306640625
71.7453562,-67.2119140625,-75.5810546875,30.4931640625
71.7763924,-69.1650390625,-74.5068359375,26.7333984375
71.797607,-70.4345703125,-74.0185546875,21.0693359375
71.8352176,-71.4599609375,-73.2861328125,17.9931640625
71.8604035,-72.6806640625,-73.9697265625,15.4541015625
71.9018134,-73.6572265625,-73.9208984375,13.5498046875
71.9230043,-75.0732421875,-74.0673828125,10.6201171875
71.9508563,-76.5380859375,-74.9951171875,6.6162109375
71.979328,-77.5146484375,-74.2626953125,3.6376953125
72.0169618,-78.5888671875,-76.1669921875,-0.1220703125
72.0396305,-79.7119140625,-76.5087890625,-3.7353515625
72.0868751,-80.9326171875,-78.0712890625,-6.5185546875
72.1033321,-81.8603515625,-79.3408203125,-9.7412109375
72.1301652,-83.6181640625,-80.0244140625,-12.2314453125
72.1781428,-84.3505859375,-79.9267578125,-15.3076171875
72.1925048,-83.6181640625,-81.9287109375,-17.9443359375
72.2266762,-78.9306640625,-83.0029296875,-21.6552734375
72.2552228,-73.7548828125,-83.3447265625,-23.9990234375
72.2813361,-69.7509765625,-85.3955078125,-26.9287109375
72.3163635,-65.7958984375,-85.0048828125,-29.4677734375
72.348362,-62.0361328125,-86.8115234375,-32.9833984375
72.3703017,-59.3505859375,-86.8115234375,-35.9619140625
72.4041608,-56.6650390625,-85.2001953125,-38.5986328125
72.4343917,-55.8837890625,-82.9541015625,-38.5498046875
72.4638947,-57.1533203125,-80.0732421875,-28.8818359375
72.4950601,-57.2509765625,-77.6806640625,-13.9892578125
72.5246544,-57.2021484375,-74.1162109375,1.7822265625
72.5542609,-57.9833984375,-71.7724609375,13.3544921875
72.5851905,-58.8623046875,-69.8193359375,21.3623046875
72.6128642,-60.9619140625,-68.4033203125,26.8310546875
72.6477178,-62.1826171875,-66.4013671875,29.5654296875
72.6748176,-63.6474609375,-66.2548828125,28.6865234375
72.7040559,-65.5517578125,-65.0341796875,23.9013671875
72.7379989,-67.2607421875,-65.4248046875,19.8974609375
72.7628677,-68.4814453125,-65.8642578125,18.1396484375
72.7989922,-70.4345703125,-66.0595703125,14.9658203125
72.8261502,-71.3623046875,-66.0107421875,12.6220703125
72.8564062,-72.7294921875,-67.7197265625,9.8388671875
72.8847498,-73.9501953125,-69.1357421875,6.9580078125
72.9161251,-74.9267578125,-69.3310546875,3.4912109375
72.9471329,-76.0009765625,-71.5283203125,-0.1220703125
72.9770532,-78.0029296875,-72.0166015625,-3.5888671875
73.0061252,-78.4423828125,-72.9931640625,-6.8115234375
73.0381321,-79.9560546875,-75.2392578125,-10.6689453125
73.0659038,-80.2978515625,-76.6064453125,-13.7939453125
73.0990059,-80.2001953125,-76.9482421875,-17.0166015625
73.1294978,-75.3173828125,-79.2431640625,-19.1650390625
73.1583288,-71.0693359375,-80.7568359375,-21.7041015625
73.1879587,-67.0654296875,-81.2451171875,-24.8291015625
73.2174135,-63.6474609375,-83.2958984375,-26.6845703125
73.2491488,-59.9853515625,-85.0537109375,-29.5654296875
73.2764239,-57.2021484375,-85.5419921875,-32.4462890625
73.3079006,-55.1025390625,-85.4443359375,-35.3271484375
73.3392077,-54.9560546875,-84.0771484375,-36.9384765625
73.3686888,-56.3720703125,-82.8076171875,-35.7666015625
73.4017965,-56.5673828125,-80.5615234375,-25.7080078125
73.4392881,-57.1044921875,-78.2666015625,-10.4736328125
73.4631078,-57.8369140625,-74.8974609375,5.5419921875
73.490828,-59.2529296875,-71.4794921875,15.9423828125
73.5197101,-60.1318359375,-70.2587890625,23.7060546875
73.5625156,-61.7919921875,-68.9892578125,29.0283203125
73.5800686,-63.6962890625,-68.7939453125,31.9091796875
73.6102523,-64.7216796875,-68.4033203125,29.8095703125
73.6527129,-66.1865234375,-68.8427734375,25.0244140625
73.6696555,-67.7490234375,-68.1103515625,21.8505859375
73.7016128,-69.3115234375,-68.4033203125,18.6279296875
73.7310754,-70.0927734375,-68.7939453125,16.6259765625
73.7598888,-71.5087890625,-70.3564453125,14.1845703125
73.8172389,-72.6806640625,-70.4541015625,11.6943359375
73.8226188,-73.6083984375,-71.6748046875,9.2041015625
73.8646283,-75.4150390625,-72.4560546875,5.8349609375
73.8837963,-76.1474609375,-73.6767578125,2.4169921875
73.9262981,-77.1240234375,-75.1416015625,-1.0986328125
73.9404634,-79.2236328125,-75.0439453125,-3.9306640625
73.9833226,-79.2236328125,-76.8994140625,-6.5185546875
74.0011443,-79.4189453125,-77.7783203125,-9.8388671875
74.0339779,-77.2705078125,-79.3408203125,-12.8662109375
74.0809766,-71.8505859375,-81.0009765625,-15.5029296875
74.0919793,-66.8212890625,-81.7333984375,-17.8466796875
74.1338963,-62.7197265625,-83.2958984375,-21.1669921875
74.1557616,-58.8623046875,-83.8818359375,-23.8037109375
74.1936894,-55.2001953125,-85.0537109375,-25.6591796875
74.2142077,-51.6845703125,-86.2744140625,-29.1259765625
74.2538142,-48.8037109375,-85.2978515625,-32.0556640625
74.2708804,-49.8779296875,-83.7841796875,-34.2041015625
74.3122746,-50.6591796875,-81.8310546875,-31.6650390625
74.3325634,-51.4892578125,-78.8525390625,-21.0693359375
74.3734564,-51.7333984375,-76.9482421875,-6.3720703125
74.3946231,-53.3935546875,-74.8486328125,6.4208984375
74.4322849,-55.4443359375,-72.7490234375,15.4541015625
74.4576618,-57.1533203125,-70.8935546875,20.5322265625
74.4870604,-59.0087890625,-70.2099609375,24.9267578125
74.5240815,-61.1572265625,-68.7451171875,26.1474609375
74.5483292,-62.6708984375,-68.4033203125,22.1923828125
74.5847465,-65.1123046875,-67.9150390625,17.1142578125
74.6046611,-66.3818359375,-67.9150390625,13.6962890625
74.6432165,-67.9931640625,-68.9404296875,11.4013671875
74.6631581,-69.4580078125,-69.8681640625,9.1064453125
74.6991687,-71.0205078125,-70.5517578125,6.0791015625
74.7253651,-71.9970703125,-71.1865234375,1.9287109375
74.7637993,-73.5107421875,-71.5283203125,-1.5380859375
74.7870574,-74.5361328125,-72.8955078125,-5.0048828125
74.8231778,-75.4638671875,-74.7021484375,-8.1787109375
74.8490161,-76.8798828125,-75.2392578125,-11.3525390625
74.8959738,-78.1005859375,-76.3623046875,-15.1123046875
74.9255992,-78.9306640625,-77.9248046875,-17.9931640625
74.9394153,-79.2236328125,-78.8525390625,-20.9228515625
74.9766946,-77.4169921875,-79.8291015625,-23.7548828125
74.9959223,-71.8505859375,-81.4404296875,-27.3681640625
75.0338671,-66.7724609375,-81.9775390625,-30.2490234375
75.0584712,-62.7685546875,-84.2724609375,-32.9833984375
75.0946291,-59.1552734375,-84.6142578125,-36.1572265625
75.1185928,-54.9072265625,-85.1513671875,-38.3056640625
75.1549958,-51.1962890625,-84.8583984375,-41.1376953125
75.1760405,-48.6083984375,-84.0283203125,-44.0673828125
75.2149247,-48.7548828125,-81.6845703125,-44.2138671875
75.2372134,-49.4384765625,-79.5361328125,-35.3271484375
75.2745927,-48.8525390625,-76.9482421875,-21.3134765625
75.3002211,-49.6337890625,-74.4091796875,-8.2763671875
75.3387464,-50.0244140625,-71.6748046875,1.6357421875
75.3624307,-50.8544921875,-70.1123046875,8.6181640625
75.4005079,-52.5146484375,-68.6474609375,12.8173828125
75.4194463,-53.5888671875,-68.0615234375,15.9912109375
75.4562435,-55.6884765625,-67.5732421875,14.2822265625
75.4799309,-56.9091796875,-66.9873046875,9.3994140625
75.5221114,-58.0810546875,-66.9384765625,5.4931640625
75.544313,-59.1552734375,-66.8896484375,2.6123046875
75.5731246,-60.8642578125,-67.6708984375,0.4150390625
75.6176202,-62.1337890625,-68.7939453125,-2.9052734375
75.6315058,-63.4521484375,-70.1123046875,-6.7626953125
75.6677843,-65.0634765625,-70.1123046875,-10.4736328125
75.6934184,-66.4306640625,-71.2841796875,-14.3310546875
75.7301279,-67.2607421875,-72.6513671875,-17.9443359375
75.7538731,-67.7978515625,-73.8720703125,-20.2880859375
75.7934552,-70.1904296875,-74.8974609375,-24.2919921875
75.8130663,-70.9716796875,-76.7041015625,-27.9541015625
75.8490648,-71.9482421875,-78.0224609375,-30.7861328125
75.8724372,-72.7783203125,-79.9755859375,-34.1064453125
75.9093704,-70.0927734375,-80.4150390625,-37.6708984375
75.9345277,-65.0634765625,-82.7099609375,-40.0634765625
75.9649413,-59.7900390625,-84.9560546875,-43.1884765625
76.0018635,-56.4208984375,-86.4697265625,-44.7021484375
76.0274011,-52.7587890625,-87.2998046875,-48.3642578125
76.0660098,-50.0244140625,-88.7158203125,-50.3662109375
76.0850844,-46.7529296875,-88.3251953125,-53.3935546875
76.1288412,-44.7021484375,-87.8369140625,-55.1513671875
76.1432892,-45.5322265625,-86.0791015625,-52.9052734375
76.1905482,-46.1181640625,-82.8564453125,-42.5048828125
76.2124953,-46.4599609375,-81.7822265625,-28.8818359375
76.2343164,-47.5341796875,-79.0966796875,-17.4560546875
76.2723054,-48.0712890625,-76.8994140625,-7.2998046875
76.2947073,-48.8525390625,-75.0927734375,-0.2197265625
76.3325597,-50.4638671875,-74.5556640625,3.4912109375
76.3567569,-52.5634765625,-73.7744140625,5.6396484375
76.3939981,-54.0771484375,-74.3115234375,1.7333984375
76.4183223,-55.2978515625,-73.4814453125,-3.0517578125
76.4465392,-57.2509765625,-74.3603515625,-6.5185546875
76.4847956,-58.0810546875,-74.9951171875,-9.7900390625
76.5085314,-59.6923828125,-75.4345703125,-12.5732421875
76.5380993,-60.9619140625,-76.8994140625,-16.0400390625
76.5750921,-62.7197265625,-77.6318359375,-19.0673828125
76.598555,-64.2822265625,-78.7060546875,-23.0224609375
76.6365304,-65.6005859375,-80.7568359375,-26.5380859375
76.6606223,-66.3818359375,-81.4892578125,-30.5908203125
76.6972311,-68.3837890625,-82.6611328125,-33.9599609375
76.7161594,-69.7998046875,-84.2724609375,-37.0361328125
76.7540801,-71.3134765625,-84.7119140625,-39.9169921875
76.7762293,-72.1435546875,-86.9580078125,-43.6767578125
76.8070252,-72.4853515625,-87.4462890625,-47.2412109375
76.847556,-67.8955078125,-89.8388671875,-49.8779296875
76.8676341,-62.0361328125,-91.2060546875,-53.8330078125
76.9054859,-57.4462890625,-93.0126953125,-56.2255859375
76.9315729,-53.4423828125,-93.9404296875,-59.2529296875
76.959948,-49.7802734375,-94.9658203125,-62.2802734375
76.9914807,-45.6298828125,-96.0888671875,-65.5029296875
77.0219657,-43.0908203125,-94.9658203125,-69.1162109375
77.0484055,-40.8935546875,-93.1103515625,-70.3369140625
77.0888796,-42.3583984375,-91.4990234375,-66.2353515625
77.1102061,-42.7001953125,-89.0576171875,-57.0068359375
77.1430606,-43.1396484375,-87.1044921875,-43.9208984375
77.1709303,-43.6767578125,-83.6865234375,-32.9345703125
77.2011517,-45.3369140625,-81.6845703125,-24.1455078125
77.2277623,-47.9736328125,-80.2197265625,-17.4072265625
77.2680099,-48.7060546875,-79.3896484375,-13.4033203125
77.2911556,-51.0009765625,-79.6826171875,-13.2080078125
77.3226277,-53.1982421875,-78.9013671875,-16.4306640625
77.353579,-54.5654296875,-79.5849609375,-20.5322265625
77.3814156,-56.5185546875,-78.7060546875,-23.8037109375
77.4124527,-58.3740234375,-78.3642578125,-26.0986328125
77.4431732,-59.6435546875,-80.0732421875,-28.9306640625
77.4765889,-60.9619140625,-80.8544921875,-31.9580078125
77.5021792,-63.2568359375,-80.8056640625,-36.2060546875
77.5315689,-65.0634765625,-82.7587890625,-39.0380859375
77.5610751,-66.7236328125,-82.9541015625,-42.1630859375
77.5949523,-67.5537109375,-84.2724609375,-46.4111328125
77.6229381,-69.7021484375,-85.1025390625,-49.3896484375
77.6550349,-71.5576171875,-86.6650390625,-52.2705078125
77.6833432,-72.9248046875,-86.9091796875,-55.0048828125
77.7122667,-73.5107421875,-88.7646484375,-59.2041015625
77.7444311,-73.5107421875,-89.6435546875,-62.0849609375
77.7738087,-68.2373046875,-91.3037109375,-64.9658203125
77.8029973,-62.4267578125,-92.4267578125,-67.6513671875
77.834416,-58.4716796875,-95.1611328125,-71.1669921875
77.8648576,-54.8583984375,-95.5517578125,-73.5107421875
77.8963422,-51.1474609375,-96.7724609375,-77.8564453125
77.9258653,-47.1923828125,-95.8447265625,-80.6396484375
77.9536777,-45.0927734375,-93.6962890625,-83.6669921875
77.9878537,-43.9697265625,-91.9873046875,-84.4970703125
78.0164715,-45.2880859375,-90.0341796875,-79.8095703125
78.0443411,-45.6298828125,-88.0810546875,-70.5322265625
78.077443,-45.2880859375,-84.7607421875,-60.6201171875
78.1058607,-46.8994140625,-82.3681640625,-50.9521484375
78.1349573,-47.7783203125,-79.9267578125,-43.4814453125
78.166709,-49.7314453125,-79.0478515625,-37.6708984375
78.196577,-50.6103515625,-77.8759765625,-33.2763671875
78.2257202,-52.8564453125,-77.2412109375,-32.9833984375
78.2556068,-54.6142578125,-77.3388671875,-35.5224609375
78.2867735,-56.5185546875,-77.1923828125,-37.9150390625
78.3180243,-57.8857421875,-77.1435546875,-40.6494140625
78.3459568,-59.4482421875,-77.3876953125,-42.4560546875
78.3794631,-61.1083984375,-78.4130859375,-44.6533203125
78.4079921,-62.6220703125,-78.9501953125,-48.2177734375
78.4349787,-64.1845703125,-80.0732421875,-50.3173828125
78.4651539,-65.0146484375,-81.1474609375,-53.9794921875
78.4983828,-67.0654296875,-81.8798828125,-57.6416015625
78.5263384,-67.7001953125,-83.1005859375,-60.6689453125
78.5593916,-69.2138671875,-84.0771484375,-63.6962890625
78.5877499,-71.1181640625,-85.3955078125,-66.9677734375
78.6419866,-71.4599609375,-86.1767578125,-70.2392578125
78.6489447,-72.7783203125,-87.1533203125,-73.0224609375
78.6797805,-71.5087890625,-88.4716796875,-76.3916015625
78.7142171,-66.1865234375,-90.1806640625,-79.6142578125
78.7428256,-60.6689453125,-91.7431640625,-81.8603515625
78.7700029,-56.5185546875,-93.1103515625,-84.7900390625
78.801019,-52.7099609375,-92.9150390625,-87.3779296875
78.838296,-49.2431640625,-94.3310546875,-90.9912109375
78.8595053,-45.2880859375,-94.8681640625,-93.4326171875
78.8926201,-43.1396484375,-92.9150390625,-96.4111328125
78.9218759,-42.7490234375,-91.8896484375,-97.8271484375
78.9494368,-43.1884765625,-88.9111328125,-92.4560546875
78.9999387,-43.6767578125,-86.6650390625,-83.5205078125
79.0110748,-43.8720703125,-84.0283203125,-73.2666015625
79.061547,-45.0927734375,-81.7822265625,-64.8193359375
79.0811254,-46.7041015625,-80.1708984375,-56.9580078125
79.1016357,-48.2666015625,-78.8525390625,-51.0498046875
79.1385329,-50.4150390625,-78.3642578125,-46.2158203125
79.1621226,-52.2216796875,-77.8271484375,-44.8486328125
79.198582,-53.9306640625,-77.8271484375,-46.8017578125
79.22336,-55.9814453125,-77.6806640625,-49.8291015625
79.2540985,-57.5927734375,-78.0224609375,-51.0009765625
79.2826936,-58.4716796875,-78.4619140625,-52.8076171875
79.3212163,-60.9130859375,-79.2919921875,-54.9560546875
79.3431572,-61.9384765625,-81.1474609375,-56.8115234375
79.3746635,-63.8916015625,-81.7333984375,-59.0576171875
79.4123419,-65.5029296875,-82.3681640625,-61.5966796875
79.4335874,-67.3095703125,-84.2236328125,-64.2822265625
79.4800587,-68.4326171875,-85.5419921875,-67.7001953125
79.4937963,-69.7998046875,-87.2509765625,-70.3369140625
79.5306688,-71.2646484375,-88.8623046875,-73.2666015625
79.554644,-72.2412109375,-89.4970703125,-76.5869140625
79.5839845,-72.4365234375,-91.3037109375,-78.5400390625
79.6215978,-71.3623046875,-92.2802734375,-81.4208984375
79.6459335,-64.8681640625,-93.7939453125,-84.4970703125
79.6737225,-60.5224609375,-95.3076171875,-86.7431640625
79.7100539,-56.8115234375,-97.0166015625,-89.8193359375
79.7362363,-52.5146484375,-98.3349609375,-92.4072265625
79.7666304,-48.2177734375,-99.7998046875,-95.0927734375
79.8069075,-45.2392578125,-100.2880859375,-97.3388671875
79.8258646,-42.1142578125,-99.7998046875,-100.0244140625
79.8519993,-42.1630859375,-97.9443359375,-101.4892578125
79.8906967,-43.3837890625,-96.7724609375,-101.2451171875
79.9158896,-43.7255859375,-94.2822265625,-92.8955078125
79.9525663,-44.6044921875,-91.0595703125,-82.9833984375
79.976149,-44.6044921875,-88.4716796875,-73.4619140625
80.0124293,-46.7041015625,-87.0068359375,-65.4052734375
80.0383082,-48.2666015625,-84.7607421875,-58.6669921875
80.0867055,-49.8291015625,-83.3447265625,-54.1748046875
80.0990547,-51.7333984375,-83.0029296875,-51.3916015625
80.1370901,-53.3935546875,-82.4658203125,-51.5380859375
80.1560289,-54.9072265625,-81.9287109375,-53.3935546875
80.1932946,-56.6162109375,-81.4892578125,-54.7607421875
80.220531,-58.1787109375,-82.4169921875,-56.1767578125
80.2455952,-59.4970703125,-82.6123046875,-57.6416015625
80.2813255,-61.9873046875,-83.6376953125,-59.5947265625
80.3096899,-63.3056640625,-83.4912109375,-61.9384765625
80.3372801,-65.7958984375,-84.2236328125,-64.5751953125
80.3745925,-67.0654296875,-84.9072265625,-67.2119140625
80.3992496,-68.3349609375,-86.8603515625,-69.7021484375
80.4301188,-69.8974609375,-86.7626953125,-72.9248046875
80.4692293,-72.0458984375,-87.4462890625,-74.7314453125
80.4863464,-72.9736328125,-88.9599609375,-77.6123046875
80.5257031,-74.1455078125,-90.7177734375,-81.0302734375
80.5506152,-73.3154296875,-91.1083984375,-83.4716796875
80.5800724,-67.6513671875,-92.6220703125,-86.9873046875
80.6174361,-62.3291015625,-94.2822265625,-89.5751953125
80.6395366,-57.7880859375,-94.7216796875,-91.8701171875
80.6795208,-54.4189453125,-96.5771484375,-94.2626953125
80.7017416,-50.0244140625,-97.5048828125,-96.4111328125
80.7295813,-46.1669921875,-98.3349609375,-98.8525390625
80.7704843,-43.2861328125,-97.2119140625,-101.6357421875
80.7917358,-42.6513671875,-96.3818359375,-103.9306640625
80.8290327,-44.2138671875,-93.5498046875,-103.0029296875
80.8522825,-44.9951171875,-91.4501953125,-97.4853515625
80.8955546,-45.9228515625,-88.7646484375,-88.2568359375
80.910347,-47.8759765625,-86.1279296875,-78.9306640625
80.9473017,-49.7314453125,-83.3935546875,-70.8740234375
80.9747537,-52.0751953125,-82.3193359375,-63.0615234375
81.0038104,-53.8330078125,-80.2685546875,-57.9833984375
81.0407587,-55.4931640625,-79.6826171875,-55.2978515625
81.0616455,-58.0322265625,-78.9013671875,-55.2978515625
81.0991385,-59.7412109375,-78.5107421875,-57.3974609375
81.1251756,-61.4501953125,-78.2177734375,-59.3505859375
81.1529414,-63.0615234375,-78.5595703125,-61.1572265625
81.1902866,-64.1357421875,-78.5595703125,-63.2080078125
81.2142228,-66.0400390625,-79.2431640625,-64.4775390625
81.2425386,-66.6748046875,-80.5126953125,-66.9189453125
81.2810195,-68.2861328125,-81.1474609375,-69.2626953125
81.3022888,-69.8486328125,-82.8564453125,-72.4365234375
81.3398679,-71.4599609375,-83.2470703125,-74.2431640625
81.3667089,-72.6318359375,-83.8330078125,-77.6123046875
81.3953648,-74.2919921875,-84.7119140625,-80.2001953125
81.4246848,-75.6591796875,-86.7626953125,-82.8857421875
81.4550719,-76.0009765625,-87.4951171875,-85.2294921875
81.4894907,-77.4658203125,-89.1064453125,-88.5009765625
81.5180064,-75.0244140625,-89.9365234375,-90.9423828125
81.5461677,-70.0927734375,-91.5966796875,-93.6279296875
81.5829186,-64.5751953125,-91.8408203125,-96.3623046875
81.6080223,-59.9853515625,-94.3310546875,-98.1689453125
81.6355136,-56.1279296875,-95.4052734375,-100.8056640625
81.6713738,-51.8798828125,-96.6748046875,-103.3935546875
81.6962173,-48.2666015625,-95.7958984375,-106.5185546875
81.7247309,-45.5322265625,-94.6728515625,-108.0322265625
81.7629863,-45.4833984375,-92.2802734375,-109.0576171875
81.787595,-46.0205078125,-90.1806640625,-103.2958984375
81.8195919,-46.2646484375,-88.3251953125,-93.4814453125
81.8493807,-46.3623046875,-85.5908203125,-83.1298828125
81.878805,-47.5830078125,-83.2470703125,-73.9501953125
81.9072901,-49.0478515625,-81.6845703125,-66.6259765625
81.9382266,-50.5615234375,-81.4404296875,-59.6923828125
81.9741921,-52.1728515625,-80.7568359375,-55.4931640625
81.999362,-54.2236328125,-80.9521484375,-53.8818359375
82.0280492,-55.7861328125,-80.3173828125,-56.0791015625
82.0565592,-56.9580078125,-81.0009765625,-57.7392578125
82.0962971,-59.5458984375,-80.9521484375,-59.3017578125
82.1192901,-60.9619140625,-81.9775390625,-60.3759765625
82.1524976,-62.1826171875,-83.0029296875,-62.2314453125
82.1815051,-63.6962890625,-83.4423828125,-64.3798828125
82.2089252,-65.5029296875,-84.3701171875,-65.8935546875
82.2549195,-67.4072265625,-85.3955078125,-68.3837890625
82.2702346,-68.9697265625,-87.2509765625,-71.1669921875
82.2985573,-70.0927734375,-88.9111328125,-73.1689453125
82.332959,-72.2900390625,-89.7900390625,-76.0986328125
82.3628721,-73.3154296875,-90.4736328125,-78.8330078125
82.3899568,-75.0244140625,-92.5732421875,-81.1767578125
82.4230938,-76.2939453125,-93.5498046875,-83.8134765625
82.4515297,-76.1474609375,-95.2099609375,-86.9873046875
82.4791097,-71.5087890625,-97.2119140625,-89.1357421875
82.5137084,-66.4306640625,-98.1396484375,-91.9189453125
82.5402342,-62.2314453125,-99.3603515625,-93.8720703125
82.5743897,-59.3017578125,-101.4111328125,-97.0947265625
82.6030153,-55.0537109375,-101.8017578125,-99.1943359375
82.6327479,-52.1728515625,-101.5576171875,-102.0263671875
82.6629728,-49.3408203125,-99.4580078125,-103.9306640625
82.6916951,-48.5107421875,-98.9697265625,-103.9306640625
82.7259224,-49.3408203125,-96.8701171875,-97.6318359375
82.7716899,-49.1943359375,-94.6728515625,-87.4755859375
82.7928391,-49.7314453125,-92.0361328125,-76.4892578125
82.8098888,-51.0009765625,-89.6435546875,-67.8466796875
82.8446947,-51.8310546875,-88.7646484375,-59.8876953125
82.8739926,-53.6376953125,-87.2509765625,-54.2236328125
82.9043652,-55.1025390625,-87.3486328125,-49.9755859375
82.934587,-56.6162109375,-87.2509765625,-48.9501953125
82.9639832,-58.2275390625,-86.3720703125,-51.0498046875
82.9946811,-60.5224609375,-86.3232421875,-52.2216796875
83.024626,-61.0595703125,-87.6416015625,-54.3701171875
83.0572962,-63.5009765625,-87.5439453125,-54.8583984375
83.0848967,-64.4775390625,-88.2763671875,-56.1279296875
83.1125054,-65.5029296875,-88.8623046875,-58.6181640625
83.1436466,-67.8955078125,-89.8876953125,-61.0595703125
83.1746059,-68.9697265625,-90.4248046875,-63.1591796875
83.2027234,-70.3857421875,-91.8408203125,-66.4794921875
83.2379817,-71.5576171875,-91.8408203125,-68.4326171875
83.2656585,-72.7294921875,-93.5498046875,-71.1181640625
83.2956353,-74.7314453125,-94.5263671875,-73.9013671875
83.3287334,-75.0732421875,-95.4052734375,-76.8798828125
83.3596999,-76.8310546875,-96.0888671875,-79.4189453125
83.3900049,-76.5380859375,-97.6513671875,-82.7392578125
83.433755,-73.1689453125,-98.4814453125,-85.0341796875
83.4542137,-67.8466796875,-100.2880859375,-87.9150390625
83.4786112,-63.5009765625,-99.5068359375,-90.6005859375
83.5067941,-59.7412109375,-100.8740234375,-93.0419921875
83.5351,-56.2744140625,-100.4833984375,-96.0693359375
83.5685608,-52.2216796875,-99.7509765625,-98.7548828125
83.5974368,-49.2431640625,-96.5283203125,-99.1455078125
83.6246029,-47.3388671875,-95.3076171875,-93.9697265625
83.6600764,-48.6572265625,-92.6708984375,-84.0087890625
83.6866417,-49.8291015625,-90.6201171875,-72.4853515625
83.7199429,-50.7568359375,-88.3251953125,-62.6708984375
83.7498517,-51.2451171875,-86.6650390625,-54.4189453125
83.7775651,-53.1005859375,-86.2255859375,-48.4130859375
83.8111102,-55.1025390625,-84.5654296875,-44.5068359375
83.8395273,-56.7626953125,-84.6630859375,-43.2373046875
83.8655813,-58.9111328125,-84.6142578125,-45.7275390625
83.9008977,-60.4248046875,-83.9794921875,-47.6806640625
83.929373,-62.5244140625,-84.3212890625,-49.7314453125
83.9602582,-63.9404296875,-84.4677734375,-51.4892578125
83.9915644,-65.2099609375,-85.8837890625,-53.5400390625
84.0179916,-67.1630859375,-86.8115234375,-56.0791015625
84.0512707,-67.8955078125,-87.2509765625,-58.1298828125
84.0806613,-69.2138671875,-88.0810546875,-60.7177734375
84.1105161,-70.9716796875,-88.1298828125,-63.2080078125
84.1411118,-72.5341796875,-89.4482421875,-65.4541015625
84.1696173,-72.7294921875,-90.7177734375,-68.2373046875
84.1999027,-75.0732421875,-91.0595703125,-70.6787109375
84.2372927,-76.0009765625,-92.3779296875,-73.3154296875
84.2593106,-77.5634765625,-93.5498046875,-75.8544921875
84.2960191,-78.4423828125,-95.3564453125,-78.1494140625
84.3211939,-78.8330078125,-95.9423828125,-80.3466796875
84.3520887,-75.1220703125,-96.9677734375,-82.8857421875
84.3840066,-69.8974609375,-97.4560546875,-84.8388671875
84.4137897,-65.2099609375,-98.4326171875,-87.7197265625
84.4459414,-62.0361328125,-98.8720703125,-89.1845703125
84.4747068,-58.0810546875,-96.1376953125,-92.2119140625
84.501644,-55.0537109375,-94.5263671875,-91.1376953125
84.5301177,-51.8310546875,-92.4267578125,-84.2529296875
84.5672549,-50.5126953125,-89.4482421875,-72.7294921875
84.5921643,-51.0498046875,-87.0556640625,-59.2529296875
84.6251017,-52.0263671875,-84.8095703125,-49.4384765625
84.6533252,-51.7333984375,-83.1005859375,-40.7958984375
84.681569,-52.2705078125,-82.3193359375,-33.8134765625
84.7192306,-53.7841796875,-80.9033203125,-30.6396484375
84.7431556,-55.0537109375,-81.1962890625,-30.0537109375
84.7764981,-56.4208984375,-80.8544921875,-33.1787109375
84.8050697,-58.0810546875,-80.7080078125,-37.0849609375
84.8331896,-59.4482421875,-82.1728515625,-38.5986328125
84.8863398,-61.2060546875,-82.0751953125,-40.9423828125
84.8945225,-62.0361328125,-82.9541015625,-43.4814453125
84.9241151,-64.4775390625,-84.0283203125,-45.3857421875
84.9553579,-65.8447265625,-84.0283203125,-47.8759765625
84.9834657,-67.1142578125,-85.5908203125,-51.1474609375
85.0138024,-68.2861328125,-86.5673828125,-53.7353515625
85.0519314,-69.9951171875,-88.1787109375,-56.6650390625
85.0772221,-70.5810546875,-89.5947265625,-59.3017578125
85.1025943,-71.9970703125,-90.0830078125,-61.7919921875
85.1394342,-73.3642578125,-92.4267578125,-63.7939453125
85.1635469,-74.9755859375,-93.2568359375,-65.9423828125
85.2024179,-76.2451171875,-95.1123046875,-68.5302734375
85.225868,-76.3427734375,-96.5771484375,-70.4345703125
85.2555404,-75.4150390625,-97.8466796875,-72.6806640625
85.2936506,-70.3857421875,-99.0673828125,-75.3662109375
85.3159682,-65.3076171875,-100.2880859375,-77.2705078125
85.3507131,-61.8408203125,-99.3603515625,-79.8583984375
85.3795444,-59.0576171875,-97.1142578125,-82.1533203125
85.4091659,-55.9326171875,-96.1376953125,-81.3720703125
85.4359994,-52.5146484375,-93.8916015625,-73.2666015625
85.4736284,-50.8544921875,-92.0849609375,-60.9130859375
85.4965609,-51.8798828125,-89.3994140625,-47.5830078125
85.5321324,-52.6611328125,-86.8115234375,-36.6943359375
85.5594614,-52.8076171875,-85.4443359375,-28.5888671875
85.5881193,-53.7353515625,-84.3212890625,-22.5341796875
85.6212846,-54.8095703125,-83.4912109375,-18.9208984375
85.6488794,-56.9091796875,-83.4912109375,-19.6533203125
85.6833317,-58.2763671875,-83.8330078125,-23.6083984375
85.7102779,-60.0341796875,-82.9541015625,-26.5380859375
85.7402574,-61.7431640625,-83.5400390625,-29.0771484375
85.7684279,-63.5009765625,-84.7119140625,-30.6884765625
85.8015968,-64.9169921875,-84.9072265625,-32.3974609375
85.8286642,-66.4794921875,-85.2001953125,-35.0830078125
85.8726683,-67.4072265625,-86.0791015625,-38.5986328125
85.888566,-69.4580078125,-87.4951171875,-40.7470703125
85.9187297,-70.8251953125,-88.2275390625,-43.4814453125
85.9526541,-72.0947265625,-89.7900390625,-46.3623046875
85.9815039,-72.9248046875,-90.4248046875,-49.6826171875
86.0143855,-75.0732421875,-91.9384765625,-52.2705078125
86.0414657,-76.0498046875,-92.1337890625,-55.1513671875
86.0713834,-77.8564453125,-93.8916015625,-57.3974609375
86.1051674,-79.3701171875,-95.3564453125,-59.5947265625
86.131587,-79.7119140625,-96.4794921875,-62.4755859375
86.1613881,-77.6123046875,-97.7978515625,-65.4052734375
86.1950893,-71.7529296875,-98.1396484375,-67.5537109375
86.2221843,-67.8466796875,-99.0185546875,-70.3369140625
86.2500884,-64.0380859375,-97.6025390625,-73.2666015625
86.2881559,-59.9365234375,-96.0888671875,-75.6103515625
86.3122779,-56.6162109375,-94.7216796875,-74.8291015625
86.3444863,-53.5888671875,-91.8408203125,-66.8701171875
86.3737667,-51.0498046875,-88.8134765625,-54.6142578125
86.4042422,-51.8310546875,-86.4208984375,-40.8935546875
86.4360316,-52.9052734375,-84.3701171875,-31.8603515625
86.4651623,-53.1494140625,-82.5634765625,-24.1455078125
86.4930671,-54.3212890625,-81.0986328125,-18.6767578125
86.5254605,-55.1513671875,-81.0498046875,-16.2353515625
86.5531352,-57.1044921875,-80.5615234375,-17.3583984375
86.5866772,-58.6669921875,-79.5361328125,-21.4599609375
86.6144308,-60.0341796875,-80.0244140625,-24.2431640625
86.6453262,-61.7431640625,-79.9755859375,-26.9287109375
86.6780861,-63.9404296875,-80.5126953125,-29.3212890625
86.705204,-65.8935546875,-81.0498046875,-30.9814453125
86.733695,-67.0166015625,-81.7333984375,-33.5205078125
86.7658381,-68.5791015625,-81.9775390625,-36.1572265625
86.7970714,-70.2880859375,-83.1005859375,-39.2822265625
86.823033,-71.3623046875,-83.4912109375,-42.0166015625
86.8566754,-72.0458984375,-84.2724609375,-44.3115234375
86.8847067,-74.0478515625,-85.3466796875,-48.1201171875
86.9189583,-75.5615234375,-86.2744140625,-50.8056640625
86.9461197,-76.2451171875,-88.0322265625,-52.6611328125
86.9747988,-78.3935546875,-88.2763671875,-56.0302734375
87.0049804,-79.2236328125,-89.5458984375,-57.3974609375
87.0424307,-80.2001953125,-90.2294921875,-60.0341796875
87.0870001,-78.4423828125,-92.5732421875,-62.1337890625
87.0992961,-73.4130859375,-93.3056640625,-64.2822265625
87.1275679,-68.2373046875,-93.1103515625,-67.1630859375
87.156729,-63.8916015625,-92.3291015625,-69.8486328125
87.1888713,-60.6201171875,-90.0341796875,-72.2900390625
87.2171134,-56.9091796875,-87.5439453125,-69.3115234375
87.2500669,-53.6376953125,-84.8583984375,-59.4482421875
87.2793106,-50.4638671875,-82.6123046875,-44.1162109375
87.3070757,-50.1220703125,-79.8291015625,-32.2509765625
87.3398593,-51.0009765625,-76.7529296875,-21.8505859375
87.3693356,-51.2451171875,-75.3857421875,-13.9404296875
87.4021612,-51.9287109375,-74.4580078125,-8.5693359375
87.4309452,-52.7099609375,-73.3837890625,-6.5673828125
87.4581151,-53.4912109375,-72.7978515625,-9.1552734375
87.4873724,-55.7861328125,-72.0166015625,-13.6474609375
87.520571,-56.8115234375,-72.8466796875,-16.6259765625
87.5538785,-58.4228515625,-72.7001953125,-18.5791015625
87.5988999,-60.2783203125,-73.3349609375,-21.4599609375
87.6221044,-61.9873046875,-73.8720703125,-24.0478515625
87.64008,-62.9638671875,-74.5068359375,-27.2705078125
87.6730175,-64.7216796875,-74.5068359375,-29.9560546875
87.7012227,-65.6005859375,-76.0205078125,-33.8623046875
87.7303476,-67.6513671875,-77.0947265625,-36.4501953125
87.7777156,-69.0185546875,-78.1689453125,-39.7705078125
87.7990914,-70.2392578125,-79.1943359375,-42.5048828125
87.8240994,-70.9228515625,-79.9267578125,-45.3857421875
87.853588,-73.0712890625,-80.7080078125,-48.4130859375
87.8799843,-73.8525390625,-82.3681640625,-51.2451171875
87.9143782,-74.4873046875,-84.0283203125,-54.6630859375
87.9402412,-75.3173828125,-86.0302734375,-57.1044921875
87.9711131,-74.9755859375,-87.9345703125,-59.5458984375
88.0019373,-71.0205078125,-88.6181640625,-62.4755859375
88.0328113,-65.2587890625,-89.3994140625,-64.9658203125
88.0626378,-61.6943359375,-88.7646484375,-67.2607421875
88.0921234,-58.0810546875,-87.4462890625,-69.1650390625
88.1244072,-54.9072265625,-85.5908203125,-68.0908203125
88.1712524,-51.7333984375,-83.1005859375,-58.8623046875
88.1832419,-49.3896484375,-80.2197265625,-44.8486328125
88.2118871,-49.1455078125,-78.0712890625,-30.3955078125
88.2440569,-50.5615234375,-75.6787109375,-19.3603515625
88.2751078,-50.5615234375,-74.5556640625,-10.4736328125
88.3062247,-50.6591796875,-73.0419921875,-3.9794921875
88.3502755,-51.3427734375,-72.3583984375,-0.4638671875
88.3704794,-52.7099609375,-72.4560546875,-0.5615234375
88.3934229,-54.4677734375,-72.3583984375,-5.5908203125
88.4265415,-56.2744140625,-72.1630859375,-8.9111328125
88.4537439,-57.8857421875,-71.9189453125,-11.3525390625
88.4876778,-59.9365234375,-73.7255859375,-13.4033203125
88.5163925,-61.4501953125,-73.8720703125,-16.4306640625
88.5459441,-63.1103515625,-74.5556640625,-19.8486328125
88.5760737,-64.8193359375,-75.9228515625,-22.1435546875
88.6075305,-65.8935546875,-76.9482421875,-25.7568359375
88.6399777,-67.3095703125,-77.9736328125,-28.7841796875
88.6860564,-68.7744140625,-79.6826171875,-32.4951171875
88.7069678,-70.0439453125,-81.3916015625,-35.7666015625
88.7229118,-70.7763671875,-82.3193359375,-38.6962890625
88.7560724,-71.6064453125,-83.9794921875,-41.3818359375
88.7878314,-73.0712890625,-85.0048828125,-44.0673828125
88.8179751,-74.6826171875,-86.9091796875,-46.8505859375
88.8635571,-75.0244140625,-88.1298828125,-48.9990234375
88.8850124,-73.9013671875,-90.3271484375,-51.8310546875
88.9226968,-69.1162109375,-89.7412109375,-54.0283203125
88.9428613,-64.4287109375,-92.7197265625,-56.6162109375
88.9698008,-59.7412109375,-92.5732421875,-59.5458984375
89.0144532,-56.3720703125,-91.2060546875,-60.7177734375
89.0345075,-52.8564453125,-89.3505859375,-62.6220703125
89.0611005,-49.1943359375,-86.8603515625,-58.6181640625
89.1077891,-46.6064453125,-84.2724609375,-46.6552734375
89.1282748,-45.5810546875,-82.2216796875,-32.6416015625
89.1691193,-46.8505859375,-79.4384765625,-21.0693359375
89.1891312,-46.4111328125,-77.2412109375,-10.7666015625
89.2417493,-46.7529296875,-76.4111328125,-3.8818359375
89.2425989,-47.7783203125,-75.5322265625,0.4638671875
89.2684737,-48.9013671875,-74.7998046875,1.5869140625
89.3009129,-50.6591796875,-75.0927734375,-1.9287109375
89.3307832,-52.6123046875,-73.8232421875,-5.2001953125
89.3597158,-53.9794921875,-74.7998046875,-8.3251953125
89.4074844,-54.6630859375,-74.6044921875,-10.2783203125
89.4203845,-56.8115234375,-76.1669921875,-12.7685546875
89.4505938,-57.8369140625,-76.4111328125,-15.4052734375
89.4834518,-59.1552734375,-77.4365234375,-19.0673828125
89.5095504,-60.8154296875,-79.1455078125,-22.4365234375
89.5615027,-61.6943359375,-79.5849609375,-24.8779296875
89.5718998,-63.5986328125,-80.6591796875,-28.0517578125
89.5999924,-64.7216796875,-81.5869140625,-31.3720703125
89.635051,-66.2353515625,-82.8076171875,-34.2529296875
89.6918977,-67.5048828125,-83.8818359375,-36.6943359375
89.6927233,-69.4580078125,-85.4443359375,-39.7705078125
89.7252076,-70.7763671875,-87.0068359375,-42.2607421875
89.7696541,-71.8017578125,-87.5927734375,-45.4345703125
89.7887813,-71.4599609375,-89.0087890625,-47.8759765625
89.8139993,-68.1884765625,-91.0595703125,-50.7568359375
89.8442444,-62.7685546875,-91.6943359375,-52.8076171875
89.8752923,-58.5693359375,-92.4755859375,-55.9326171875
89.9160621,-54.6630859375,-91.0595703125,-59.0087890625
89.9362216,-51.3916015625,-89.8876953125,-61.0595703125
89.9661933,-47.8271484375,-87.4462890625,-58.7646484375
89.9935669,-44.9462890625,-85.2490234375,-48.8037109375
90.0261529,-42.7978515625,-81.4404296875,-36.3037109375
90.054205,-43.8232421875,-80.4638671875,-24.1943359375
90.1013997,-44.7998046875,-78.5107421875,-14.7216796875
90.1128524,-44.5556640625,-77.4853515625,-8.3251953125
90.1444035,-45.6298828125,-76.2158203125,-3.6865234375
90.1729466,-47.0458984375,-75.7763671875,-0.9033203125
90.2230404,-48.3154296875,-76.1669921875,-4.1259765625
90.2368143,-48.9990234375,-74.9951171875,-9.0576171875
90.263164,-51.5869140625,-75.6787109375,-11.7431640625
90.2977895,-53.2958984375,-75.9228515625,-13.9404296875
90.3258208,-54.6142578125,-76.5576171875,-16.6259765625
90.3531289,-55.8349609375,-77.0947265625,-19.3603515625
90.4016782,-57.5439453125,-79.0478515625,-22.5830078125
90.415701,-58.8134765625,-79.5361328125,-24.7314453125
90.4489775,-60.1318359375,-80.2197265625,-28.1982421875
90.4786418,-61.7431640625,-81.2939453125,-31.2255859375
90.5079419,-63.1103515625,-82.7587890625,-33.9599609375
90.53902,-64.3798828125,-84.8095703125,-38.0126953125
90.5673779,-65.2587890625,-85.6396484375,-39.9169921875
90.5968384,-66.7236328125,-87.1533203125,-42.2119140625
90.6295968,-68.3837890625,-88.9111328125,-45.6298828125
90.6591498,-69.5068359375,-89.6435546875,-49.1943359375
90.6850908,-70.2392578125,-90.6201171875,-51.0986328125
90.720975,-69.8974609375,-93.0126953125,-54.8583984375
90.7478693,-65.7958984375,-94.0380859375,-57.1533203125
90.7798999,-59.7900390625,-95.3564453125,-59.5947265625
90.8078014,-55.6396484375,-95.1123046875,-62.1826171875
90.8392572,-51.8798828125,-93.1103515625,-65.0634765625
90.8696778,-47.9248046875,-91.7919921875,-66.1865234375
90.9004916,-44.4091796875,-89.8388671875,-61.4013671875
90.9509085,-41.3818359375,-87.9345703125,-50.0732421875
90.9599805,-40.7470703125,-85.3466796875,-36.4501953125
90.9881487,-41.0400390625,-84.1748046875,-25.4638671875
91.0173485,-41.4306640625,-82.3681640625,-16.7724609375
91.0504926,-41.3330078125,-80.9521484375,-10.7177734375
91.0803771,-41.8701171875,-79.8779296875,-6.2744140625
91.1126297,-43.7255859375,-80.4638671875,-5.7861328125
91.1418053,-45.0439453125,-80.0732421875,-9.1064453125
91.1685463,-47.7783203125,-80.6103515625,-13.0126953125
91.2040775,-49.1455078125,-82.0263671875,-15.7958984375
91.232009,-50.5615234375,-82.7587890625,-18.5791015625
91.2632025,-52.0263671875,-83.8818359375,-20.6298828125
91.2913723,-53.9306640625,-84.1748046875,-22.9248046875
91.3232979,-55.5908203125,-85.9814453125,-25.7568359375
91.3508948,-56.9091796875,-86.2255859375,-29.0771484375
91.3836341,-59.3505859375,-88.2275390625,-31.7138671875
91.4098886,-60.3759765625,-90.0341796875,-35.0341796875
91.4427495,-62.2314453125,-90.6689453125,-38.1591796875
91.4740029,-63.1103515625,-92.0849609375,-41.7236328125
91.5011102,-65.0146484375,-93.7939453125,-44.9462890625
91.5329175,-66.1376953125,-94.8681640625,-47.2900390625
91.5612681,-67.5537109375,-96.6748046875,-50.2685546875
91.59497,-68.8232421875,-98.6279296875,-53.0517578125
91.6245324,-69.3115234375,-100.1416015625,-56.0302734375
91.6540294,-65.9912109375,-101.8017578125,-58.3740234375
91.6858022,-60.7177734375,-102.5830078125,-61.1572265625
91.7145851,-55.8349609375,-104.3408203125,-64.0380859375
91.7422524,-52.2705078125,-105.0244140625,-66.4794921875
91.776425,-48.7060546875,-103.9501953125,-69.7021484375
91.8042844,-45.1904296875,-102.4365234375,-71.3623046875
91.8320287,-42.0166015625,-100.3857421875,-68.0419921875
91.8662166,-39.2333984375,-98.1396484375,-58.2275390625
91.8931668,-40.2587890625,-96.3818359375,-45.4833984375
91.9237346,-40.7470703125,-94.1845703125,-33.4228515625
91.9574415,-41.6748046875,-92.0361328125,-24.0966796875
91.9840686,-41.5283203125,-91.2060546875,-17.0166015625
92.019449,-43.5791015625,-90.2783203125,-11.9384765625
92.0461989,-44.5556640625,-89.5947265625,-10.2783203125
92.0742441,-46.0693359375,-89.9853515625,-12.7685546875
92.1076159,-48.4130859375,-89.6435546875,-16.4794921875
92.1345296,-50.3662109375,-89.6435546875,-18.9697265625
92.1684768,-51.8310546875,-91.0107421875,-20.7763671875
92.2149937,-54.0283203125,-90.7177734375,-23.5107421875
92.237326,-55.4931640625,-91.8896484375,-26.4892578125
92.2557869,-57.7880859375,-93.0126953125,-28.1494140625
92.2865201,-60.1806640625,-92.8173828125,-30.7861328125
92.3151286,-61.2548828125,-93.6474609375,-34.4482421875
92.3481516,-62.6708984375,-95.7958984375,-38.0615234375
92.3765119,-64.7705078125,-96.2841796875,-40.4541015625
92.4065178,-65.7958984375,-97.1142578125,-43.9208984375
92.439138,-67.5537109375,-99.0185546875,-46.5576171875
92.4695257,-69.2626953125,-99.5556640625,-49.5849609375
92.501133,-71.1181640625,-100.5810546875,-52.5146484375
92.5283462,-72.3876953125,-101.0205078125,-55.2490234375
92.5567272,-72.4365234375,-102.7294921875,-57.9833984375
92.5855849,-68.5791015625,-103.8525390625,-60.8642578125
92.618639,-62.8173828125,-105.0732421875,-63.6474609375
92.6494956,-57.9833984375,-106.0986328125,-65.6005859375
92.6802086,-54.5166015625,-105.3662109375,-68.7744140625
92.726686,-50.7080078125,-104.6826171875,-71.3134765625
92.7468173,-46.6064453125,-102.5830078125,-73.4619140625
92.7866277,-42.8466796875,-100.6298828125,-68.2861328125
92.8080359,-41.2353515625,-97.7490234375,-57.7880859375
92.8503649,-42.0654296875,-95.2587890625,-45.0439453125
92.8592611,-43.2373046875,-93.8916015625,-35.2783203125
92.8886946,-43.6767578125,-92.3291015625,-26.7822265625
92.9222275,-44.7998046875,-90.5224609375,-20.1904296875
92.9678873,-46.1669921875,-89.8388671875,-16.8701171875
92.9889243,-47.9248046875,-89.3505859375,-15.7470703125
93.0294595,-50.2197265625,-89.0087890625,-19.8486328125
93.0487427,-52.9541015625,-89.1064453125,-23.3154296875
93.0866175,-53.9794921875,-89.6923828125,-26.1962890625
93.1074601,-55.8349609375,-89.3505859375,-27.8564453125
93.1438236,-58.1787109375,-90.5224609375,-30.0537109375
93.1660232,-59.6435546875,-91.7919921875,-32.9345703125
93.2119678,-61.6943359375,-92.4267578125,-35.4736328125
93.2318859,-62.6708984375,-92.8662109375,-38.5009765625
93.2687455,-64.4775390625,-93.9892578125,-42.0166015625
93.2816464,-65.9912109375,-95.0634765625,-44.7021484375
93.3273775,-66.7724609375,-95.7470703125,-47.8271484375
93.3487252,-68.5791015625,-97.0654296875,-50.0244140625
93.3887279,-70.2392578125,-97.8955078125,-53.3935546875
93.4090315,-71.3134765625,-99.7021484375,-56.2744140625
93.4510874,-72.9736328125,-101.4111328125,-59.3017578125
93.4713671,-74.0478515625,-101.9482421875,-61.5966796875
93.5220054,-74.2919921875,-102.9248046875,-64.6728515625
93.5529474,-72.5341796875,-104.6337890625,-67.9931640625
93.5538491,-66.6259765625,-105.1220703125,-70.0927734375
93.599803,-61.4990234375,-106.0498046875,-72.5830078125
93.6294836,-57.5927734375,-105.2685546875,-75.1220703125
93.644379,-53.5400390625,-103.6083984375,-76.6357421875
93.6899924,-49.5849609375,-101.6064453125,-74.7802734375
93.7099382,-46.4599609375,-99.7021484375,-65.0634765625
93.7536195,-43.5302734375,-98.5791015625,-52.2216796875
93.7659709,-43.3837890625,-95.7958984375,-40.3076171875
93.7935278,-44.8974609375,-93.6474609375,-31.1767578125
93.8245022,-44.4580078125,-92.6708984375,-23.6083984375
93.8555877,-45.0927734375,-91.7919921875,-18.0908203125
93.8877296,-45.3857421875,-91.2060546875,-15.6005859375
93.9328609,-47.1435546875,-91.0595703125,-17.3095703125
93.9531696,-49.5849609375,-92.3779296875,-20.7275390625
93.9904415,-51.1962890625,-92.4755859375,-23.5107421875
94.0095779,-52.2705078125,-92.8173828125,-24.9755859375
94.0376886,-54.2724609375,-93.5009765625,-26.3427734375
94.0703336,-56.3232421875,-94.6728515625,-28.5888671875
94.097462,-57.7880859375,-95.0634765625,-31.7138671875
94.1270671,-59.4970703125,-96.4794921875,-34.4482421875
94.1749112,-61.2548828125,-97.4072265625,-36.4013671875
94.1868219,-62.8173828125,-98.3349609375,-39.3310546875
94.2154994,-64.3310546875,-99.1162109375,-42.4560546875
94.2486584,-66.0400390625,-100.6787109375,-44.5068359375
94.2778467,-67.8466796875,-102.4365234375,-47.8759765625
94.3055121,-68.4326171875,-103.3154296875,-50.6103515625
94.3542095,-70.1904296875,-104.7802734375,-53.4423828125
94.3738955,-71.6552734375,-105.7080078125,-55.9814453125
94.415517,-72.9736328125,-107.8076171875,-58.8134765625
94.4370943,-74.0478515625,-109.0771484375,-60.9130859375
94.4765138,-71.3623046875,-109.4189453125,-63.3056640625
94.4964437,-66.4794921875,-110.5908203125,-65.4052734375
94.5198481,-61.5478515625,-109.0771484375,-67.9931640625
94.549026,-58.2275390625,-106.9287109375,-69.9462890625
94.5938419,-54.3212890625,-105.4638671875,-68.6767578125
94.6161052,-51.1474609375,-103.4130859375,-58.6669921875
94.6572663,-47.6806640625,-100.5322265625,-46.8994140625
94.677335,-46.6552734375,-99.1650390625,-34.6435546875
94.7150018,-46.6064453125,-96.0400390625,-26.3916015625
94.7373875,-46.7529296875,-94.8193359375,-18.9697265625
94.7731035,-46.8505859375,-93.9892578125,-13.2080078125
94.7932596,-47.0458984375,-93.5986328125,-11.7919921875
94.8377715,-47.8759765625,-92.3779296875,-13.5498046875
94.8497104,-49.2919921875,-91.9384765625,-17.2119140625
94.8789561,-51.4892578125,-92.5244140625,-19.8486328125
94.9298213,-53.2470703125,-93.1591796875,-22.4365234375
94.9417668,-55.0048828125,-92.8662109375,-24.0966796875
95.003406,-57.2998046875,-93.7939453125,-26.3916015625
95.0050889,-59.4970703125,-93.8916015625,-29.1259765625
95.0348883,-61.1083984375,-94.2333984375,-31.9580078125
95.0777985,-62.7197265625,-94.9169921875,-34.8876953125
95.0994438,-63.4521484375,-95.4052734375,-38.8427734375
95.1338052,-66.0400390625,-96.4306640625,-41.2353515625
95.1540693,-67.2607421875,-97.2119140625,-44.0673828125
95.1967528,-68.1884765625,-97.6025390625,-46.7041015625
95.2201257,-69.8486328125,-99.2138671875,-49.7314453125
95.2576275,-70.7275390625,-100.6787109375,-52.6611328125
95.2798612,-72.8759765625,-100.9228515625,-55.0048828125
95.3223505,-73.9013671875,-102.4853515625,-57.8857421875
95.3334425,-75.1220703125,-102.3388671875,-60.5224609375
95.3618562,-74.6826171875,-103.6083984375,-63.0126953125
95.4235474,-70.6298828125,-102.4365234375,-66.1865234375
95.4243348,-64.7216796875,-101.5087890625,-68.9697265625
95.4715937,-60.9619140625,-98.8720703125,-70.4833984375
95.4919833,-57.7392578125,-96.0888671875,-64.9658203125
95.5366396,-53.9306640625,-94.1845703125,-54.3701171875
95.5428045,-50.9033203125,-91.4501953125,-42.0654296875
95.5977399,-48.4130859375,-88.7158203125,-32.0068359375
95.6037964,-47.3876953125,-86.6650390625,-24.9267578125
95.6393345,-48.8037109375,-85.8837890625,-19.7998046875
95.6670262,-49.7314453125,-84.9072265625,-17.1142578125
95.7091779,-50.6103515625,-83.9794921875,-17.7978515625
95.7262033,-51.5869140625,-84.1748046875,-21.1669921875
95.7697299,-53.5888671875,-83.5888671875,-25.0732421875
95.7866628,-55.2490234375,-83.5888671875,-27.3193359375
95.8168298,-56.6650390625,-84.3701171875,-29.7607421875
95.845921,-58.4228515625,-84.7607421875,-32.6416015625
95.8803621,-59.8388671875,-85.2490234375,-35.2294921875
95.9072132,-62.0849609375,-85.5908203125,-37.9150390625
95.9341885,-63.4033203125,-86.5185546875,-41.1376953125
95.9690166,-64.9169921875,-86.6650390625,-44.0185546875
95.9986659,-66.8701171875,-87.6904296875,-47.8759765625
96.0307295,-67.7490234375,-89.5947265625,-50.9033203125
96.0596508,-68.5302734375,-90.0341796875,-54.1259765625
96.0893279,-70.6298828125,-90.7666015625,-56.9091796875
96.115639,-71.3134765625,-92.7197265625,-59.6923828125
96.1507202,-72.4365234375,-93.7939453125,-62.5732421875
96.1767553,-74.4873046875,-94.6728515625,-64.6728515625
96.2093006,-75.1220703125,-95.4541015625,-67.6025390625
96.2409421,-76.2451171875,-96.6748046875,-71.3134765625
96.2684446,-76.8310546875,-95.9912109375,-73.8525390625
96.3019158,-73.4130859375,-94.4775390625,-75.8544921875
96.3302412,-67.7490234375,-92.0361328125,-77.2216796875
96.3621749,-63.5498046875,-90.3759765625,-73.4619140625
96.3910307,-60.3271484375,-87.4951171875,-62.3291015625
96.4218165,-56.8115234375,-84.7607421875,-49.5361328125
96.4470688,-53.0517578125,-81.9287109375,-38.5498046875
96.4819432,-50.4638671875,-79.7802734375,-29.9072265625
96.5083328,-48.8525390625,-79.2431640625,-23.5595703125
96.5424262,-50.5126953125,-77.1435546875,-19.0185546875
96.5717649,-49.9267578125,-77.5830078125,-17.9931640625
96.6005431,-49.9755859375,-77.4853515625,-20.2392578125
96.6338173,-51.2451171875,-77.0947265625,-24.0478515625
96.6611139,-51.3427734375,-77.7783203125,-26.9775390625
96.69367,-53.1494140625,-78.5107421875,-29.3212890625
96.7241432,-53.6865234375,-79.3408203125,-31.9091796875
96.7511377,-55.4931640625,-80.3173828125,-33.6669921875
96.7845162,-56.9580078125,-80.5126953125,-37.3291015625
96.8137001,-58.6181640625,-82.7099609375,-40.4541015625
96.8434086,-60.2783203125,-83.6865234375,-43.5791015625
96.8747942,-61.4501953125,-85.6396484375,-46.6064453125
96.9050169,-62.4755859375,-86.2744140625,-49.3896484375
96.9308586,-63.5498046875,-87.8369140625,-52.2216796875
96.9637432,-64.8193359375,-90.0341796875,-55.0048828125
96.9935172,-66.2353515625,-90.6201171875,-57.5927734375
97.0267156,-66.4794921875,-92.5732421875,-59.6435546875
97.0541649,-68.3837890625,-93.2568359375,-62.7685546875
97.0840089,-70.1416015625,-95.4052734375,-65.4541015625
97.1165514,-71.4599609375,-95.9912109375,-67.6513671875
97.1458181,-72.0458984375,-97.0654296875,-70.7763671875
97.1728015,-71.7041015625,-96.5283203125,-73.5107421875
97.2053223,-66.9189453125,-95.5029296875,-74.9755859375
97.2348765,-62.4755859375,-93.7451171875,-75.9521484375
97.2674504,-58.1298828125,-91.8896484375,-71.1181640625
97.3144522,-54.9560546875,-89.3994140625,-59.4482421875
97.3367278,-51.3916015625,-85.6396484375,-46.5087890625
97.3563092,-48.3154296875,-83.7353515625,-35.6201171875
97.3850082,-45.5810546875,-82.4658203125,-27.3681640625
97.416091,-45.4345703125,-82.3681640625,-21.1181640625
97.4466299,-46.6552734375,-80.8544921875,-17.3583984375
97.4757265,-46.7529296875,-80.1708984375,-16.6259765625
97.5046304,-47.3388671875,-80.3662109375,-19.8974609375
97.5533909,-48.8037109375,-80.6103515625,-24.1943359375
97.5740285,-50.6103515625,-81.8310546875,-26.0498046875
97.5995612,-52.3681640625,-81.1474609375,-28.1494140625
97.644823,-54.1259765625,-81.8310546875,-30.5419921875
97.665834,-55.9814453125,-82.5146484375,-34.3994140625
97.7029363,-57.6904296875,-84.2724609375,-36.6943359375
97.7229273,-58.5205078125,-84.4189453125,-39.7216796875
97.7657548,-60.1318359375,-85.4931640625,-42.7490234375
97.7805071,-61.7919921875,-85.7861328125,-45.6787109375
97.8068638,-63.1591796875,-87.5439453125,-48.8037109375
97.8370073,-64.7216796875,-88.7646484375,-51.6845703125
97.8865999,-66.2353515625,-90.1806640625,-55.1025390625
97.9051284,-66.5771484375,-91.3037109375,-57.1044921875
97.9396213,-68.3837890625,-92.4267578125,-60.5224609375
97.9608065,-69.7021484375,-94.3798828125,-63.5498046875
97.987921,-71.0693359375,-95.1123046875,-65.5517578125
98.022749,-72.0458984375,-96.7236328125,-68.1884765625
98.0648449,-71.8017578125,-97.1630859375,-70.6787109375
98.0858199,-68.7255859375,-96.1865234375,-73.7548828125
98.1227629,-63.1103515625,-94.4775390625,-76.4892578125
98.1449759,-57.8369140625,-92.2802734375,-76.4404296875
98.1698893,-54.4677734375,-89.5947265625,-69.3603515625
98.200752,-50.8544921875,-87.6904296875,-58.0810546875
98.2457989,-46.6552734375,-84.7607421875,-45.8740234375
98.2755408,-43.6767578125,-82.4169921875,-37.0361328125
98.289509,-42.0654296875,-81.4404296875,-29.8095703125
98.3338578,-42.7978515625,-80.0732421875,-24.0966796875
98.3553921,-43.9697265625,-79.0966796875,-21.1181640625
98.3912891,-44.1650390625,-78.8525390625,-22.7294921875
98.4112802,-45.1904296875,-78.6083984375,-26.3427734375
98.4553902,-46.5087890625,-79.0478515625,-30.3955078125
98.4761974,-48.7060546875,-79.0478515625,-32.9345703125
98.5127543,-50.3662109375,-79.6826171875,-35.2294921875
98.5328211,-52.7099609375,-80.3662109375,-37.6220703125
98.5747093,-54.5654296875,-80.8056640625,-41.0400390625
98.5958029,-56.5185546875,-82.3193359375,-43.9697265625
98.6358529,-58.0322265625,-83.3935546875,-47.5341796875
98.6569408,-60.2783203125,-84.9560546875,-50.7568359375
98.6991065,-61.7919921875,-85.2978515625,-54.3212890625
98.7131808,-63.8427734375,-86.6650390625,-57.0556640625
98.7548533,-64.8193359375,-87.9345703125,-59.6923828125
98.7770086,-66.3818359375,-89.3017578125,-62.7197265625
98.8190986,-66.9677734375,-90.7666015625,-65.3076171875
98.8384606,-69.0185546875,-91.9873046875,-67.7490234375
98.8811638,-70.1904296875,-93.3056640625,-70.2880859375
98.9012946,-71.1669921875,-95.1123046875,-73.1689453125
98.9372613,-72.4365234375,-96.2353515625,-75.1708984375
98.9574452,-72.2900390625,-96.5771484375,-78.1982421875
98.994688,-69.1162109375,-95.6005859375,-81.6650390625
99.0238366,-63.6474609375,-93.7939453125,-83.3740234375
99.0594111,-58.3740234375,-92.7197265625,-84.5947265625
99.081392,-55.5908203125,-90.3271484375,-79.7607421875
99.121379,-51.5869140625,-88.3251953125,-69.5068359375
99.1415914,-47.5830078125,-84.7607421875,-56.0791015625
99.1782992,-44.4580078125,-82.1240234375,-47.3388671875
99.1993308,-42.8955078125,-80.7568359375,-38.0615234375
99.2374018,-44.0185546875,-80.1708984375,-31.7138671875
99.2575648,-44.6533203125,-78.7548828125,-28.2958984375
99.3021652,-44.8486328125,-78.0712890625,-26.9775390625
99.3222652,-45.3857421875,-78.6572265625,-29.8583984375
99.361129,-45.8740234375,-78.6572265625,-33.8134765625
99.3813885,-47.6806640625,-79.6826171875,-35.8642578125
99.4033831,-48.8525390625,-80.5615234375,-37.6220703125
99.4508151,-50.3662109375,-81.5380859375,-40.2099609375
99.4709811,-52.1728515625,-82.7587890625,-42.6513671875
99.5085757,-53.6376953125,-83.7841796875,-44.6044921875
99.5285826,-55.0048828125,-85.0537109375,-47.0947265625
99.5708371,-56.8115234375,-86.2255859375,-49.8291015625
99.590047,-57.8369140625,-87.7392578125,-51.7822265625
99.6334773,-59.5947265625,-89.1064453125,-54.4677734375
99.6524516,-60.0341796875,-91.3037109375,-56.9580078125
99.6954661,-61.9873046875,-92.2314453125,-59.4482421875
99.7167172,-63.6474609375,-93.8427734375,-61.3525390625
99.7540409,-64.2333984375,-95.2587890625,-64.4775390625
99.7742243,-66.3330078125,-97.1630859375,-66.2353515625
99.8109572,-67.9931640625,-99.3603515625,-68.8720703125
99.8322614,-68.8720703125,-100.3369140625,-70.8251953125
99.8734039,-69.3115234375,-102.1435546875,-73.6572265625
99.8943221,-66.0400390625,-101.5576171875,-75.3662109375
99.9373961,-60.6689453125,-100.7763671875,-77.8564453125
99.9506339,-55.9326171875,-99.2626953125,-79.4677734375
99.9938616,-52.3193359375,-96.3818359375,-77.1240234375
100.0154626,-49.1943359375,-94.0869140625,-67.3095703125
100.0534343,-45.6298828125,-91.9384765625,-54.7119140625
100.074316,-42.7001953125,-90.1318359375,-44.0673828125
100.1153611,-41.7724609375,-88.0322265625,-34.6923828125
100.1354541,-42.9931640625,-86.2744140625,-26.7822265625
100.1746991,-43.2861328125,-86.3232421875,-21.7529296875
100.1956368,-43.0419921875,-85.3955078125,-19.5556640625
100.2346337,-43.4814453125,-85.5908203125,-21.7041015625
100.2536416,-45.5322265625,-85.6884765625,-25.5126953125
100.2932917,-46.9482421875,-85.8837890625,-28.1005859375
100.3132523,-48.1689453125,-86.2744140625,-29.5654296875
100.3608791,-50.0244140625,-87.8369140625,-31.6650390625
100.3701832,-51.5380859375,-89.0087890625,-34.8876953125
100.4135553,-53.3447265625,-88.9599609375,-37.2314453125
100.4359746,-54.9072265625,-90.6201171875,-40.2099609375
100.4732838,-57.0556640625,-91.4990234375,-43.0908203125
100.4931709,-58.6669921875,-92.5732421875,-45.8251953125
100.5391084,-59.9853515625,-92.8173828125,-47.8271484375
100.5531284,-61.6455078125,-94.7705078125,-50.8544921875
100.6001788,-62.7685546875,-96.0400390625,-53.4912109375
100.6126628,-64.1357421875,-98.0419921875,-56.6162109375
100.6710824,-65.5029296875,-98.3349609375,-57.8857421875
100.6719401,-67.1630859375,-99.7509765625,-60.8642578125
100.7182124,-68.4326171875,-101.2646484375,-63.4521484375
100.7350491,-68.8720703125,-102.2900390625,-65.6005859375
100.7653915,-69.5068359375,-102.5830078125,-68.3837890625
100.8097174,-68.0908203125,-102.1435546875,-71.3623046875
100.8247761,-62.1826171875,-101.9970703125,-73.6572265625
100.8551474,-57.1044921875,-99.0185546875,-75.4638671875
100.8869125,-53.1005859375,-97.2119140625,-73.3154296875
100.9302176,-49.3408203125,-94.3310546875,-63.8916015625
100.9463398,-45.3369140625,-92.6220703125,-52.0263671875
100.9787858,-41.9189453125,-89.4482421875,-41.5771484375
101.0053055,-39.2333984375,-88.4716796875,-33.6669921875
101.0334475,-39.1845703125,-87.2998046875,-26.5380859375
101.0887241,-39.9169921875,-85.9326171875,-22.0458984375
101.0946068,-40.6494140625,-85.7373046875,-20.1904296875
101.1245501,-40.9912109375,-85.2978515625,-22.2900390625
101.1646437,-42.7001953125,-85.2978515625,-26.2451171875
101.1867003,-44.7509765625,-85.7861328125,-29.1259765625
101.2175074,-46.2158203125,-86.7626953125,-31.2255859375
101.2455048,-48.2666015625,-87.5927734375,-33.4228515625
101.2779851,-50.1708984375,-88.3740234375,-36.0595703125
101.309998,-52.1240234375,-89.1064453125,-38.8916015625
101.3384781,-54.2236328125,-89.6435546875,-41.7236328125
101.365379,-56.2255859375,-90.6689453125,-45.0439453125
101.3996248,-57.9345703125,-91.7919921875,-48.4619140625
101.4286257,-59.5458984375,-92.1826171875,-51.0986328125
101.4609466,-60.5712890625,-93.8916015625,-54.6142578125
101.4973007,-62.8662109375,-96.2353515625,-56.7138671875
101.5196826,-63.5498046875,-96.3818359375,-59.9853515625
101.5520333,-65.1123046875,-97.5537109375,-62.6708984375
101.5796326,-66.1865234375,-99.1650390625,-66.0400390625
101.6100659,-67.8466796875,-100.8251953125,-68.4326171875
101.6423717,-68.9208984375,-101.6552734375,-71.0693359375
101.6689172,-70.0439453125,-102.5830078125,-73.2666015625
101.6998539,-69.7998046875,-103.4619140625,-75.7080078125
101.7317145,-66.0400390625,-101.2158203125,-78.4423828125
101.7596755,-59.5947265625,-99.0185546875,-80.9814453125
101.7920848,-55.0048828125,-97.7978515625,-78.0029296875
101.8202173,-51.2451171875,-95.5029296875,-68.4326171875
101.8494871,-47.4853515625,-92.2802734375,-55.8349609375
101.8820208,-43.4326171875,-89.8876953125,-44.7021484375
101.9120526,-40.0146484375,-87.9833984375,-35.3271484375
101.9442623,-38.7451171875,-86.1767578125,-28.0517578125
101.9727828,-39.1845703125,-85.4931640625,-22.6806640625
102.0000576,-39.2822265625,-85.7861328125,-20.3369140625
102.0301335,-39.8681640625,-84.8583984375,-22.6806640625
102.0616371,-40.9912109375,-85.2978515625,-27.0751953125
102.0929972,-41.4794921875,-85.3466796875,-30.6396484375
102.1234532,-43.3349609375,-85.6396484375,-32.3974609375
102.1505365,-44.2138671875,-86.6162109375,-36.1083984375
102.1805987,-46.2646484375,-87.7392578125,-39.4775390625
102.2154389,-47.6318359375,-87.9833984375,-42.2607421875
102.2408747,-49.5361328125,-89.6923828125,-45.7763671875
102.277867,-50.5615234375,-90.9619140625,-49.1455078125
102.3040071,-52.3681640625,-91.8896484375,-52.5146484375
102.3325223,-54.1259765625,-93.5498046875,-55.2978515625
102.3609204,-55.8837890625,-95.1123046875,-57.8857421875
102.3961412,-57.4462890625,-96.8212890625,-58.4716796875
102.4233377,-58.3740234375,-97.2119140625,-58.5205078125
102.4548608,-59.9853515625,-99.6044921875,-59.8388671875
102.4850184,-61.5966796875,-101.3623046875,-60.1806640625
102.5136796,-63.2568359375,-103.0712890625,-61.9384765625
102.5456642,-64.3798828125,-105.2685546875,-63.1591796875
102.5765427,-65.7958984375,-106.2451171875,-64.6240234375
102.6077574,-65.8447265625,-107.7099609375,-66.4794921875
102.6543432,-63.2080078125,-107.1728515625,-67.8466796875
102.6779474,-57.4462890625,-105.6103515625,-69.9462890625
102.6982248,-53.3447265625,-104.2431640625,-69.0185546875
102.745365,-48.7060546875,-101.8994140625,-62.6220703125
102.7657193,-46.3623046875,-99.5068359375,-49.6826171875
102.7869659,-42.6513671875,-96.6748046875,-35.6689453125
102.8160427,-39.6728515625,-95.7958984375,-23.7060546875
102.8445664,-38.5986328125,-93.9892578125,-14.5263671875
102.8958318,-39.0869140625,-92.8662109375,-6.9580078125
102.9156691,-40.3076171875,-92.3779296875,-2.5634765625
102.9556328,-40.8935546875,-91.8896484375,-1.2939453125
102.9759025,-40.9912109375,-91.9384765625,-3.9306640625
103.0127876,-42.5048828125,-92.4267578125,-7.2509765625
103.0383659,-44.2138671875,-91.8408203125,-9.8388671875
103.0577871,-46.1181640625,-92.9150390625,-11.4990234375
103.0866342,-47.3388671875,-93.9404296875,-13.9404296875
103.1331623,-49.2431640625,-94.5263671875,-16.1376953125
103.1531747,-50.5615234375,-95.5029296875,-19.4091796875
103.1926233,-51.9287109375,-96.3818359375,-22.4365234375
103.2139487,-53.8818359375,-98.1396484375,-24.7802734375
103.2504901,-55.3955078125,-98.9208984375,-28.4912109375
103.2707242,-56.9580078125,-100.1904296875,-30.5419921875
103.3142942,-58.5693359375,-101.0693359375,-33.8623046875
103.3345205,-60.8154296875,-102.6806640625,-36.0595703125
103.3725235,-61.8896484375,-103.7060546875,-38.4033203125
103.3933535,-62.9638671875,-104.8291015625,-41.1865234375
103.4441172,-64.5751953125,-105.5126953125,-43.5791015625
103.4656599,-66.1376953125,-107.1728515625,-45.8251953125
103.479792,-66.9677734375,-108.1005859375,-48.2666015625
103.5231057,-68.2861328125,-108.8818359375,-51.0498046875
103.5446281,-65.2099609375,-109.5654296875,-52.5146484375
103.5875585,-59.6923828125,-107.9052734375,-56.2255859375
103.6077959,-54.9072265625,-105.5615234375,-57.2021484375
103.6478324,-51.2451171875,-103.6083984375,-55.1513671875
103.6680669,-47.0947265625,-101.8505859375,-45.2392578125
103.7041545,-44.0185546875,-98.7255859375,-32.4951171875
103.7265369,-40.5029296875,-97.0654296875,-20.8251953125
103.7639714,-37.4755859375,-94.4775390625,-11.5478515625
103.7863142,-38.2568359375,-93.9404296875,-4.8583984375
103.8238103,-38.8427734375,-92.9150390625,-0.7080078125
103.8457604,-39.1845703125,-92.0849609375,1.0986328125
103.886663,-39.6728515625,-91.2060546875,-2.3193359375
103.9066929,-40.8935546875,-90.9130859375,-5.4931640625
103.9414672,-42.8466796875,-91.2060546875,-8.1787109375
103.9637578,-44.8974609375,-91.6455078125,-10.6201171875
104.001754,-46.8017578125,-93.0126953125,-12.5732421875
104.0249893,-48.5595703125,-93.4033203125,-15.1611328125
104.0640665,-51.1474609375,-93.7451171875,-18.2861328125
104.0831801,-52.6123046875,-94.7705078125,-20.6787109375
104.1303879,-54.7607421875,-95.7470703125,-23.9013671875
104.1504089,-56.2744140625,-96.3330078125,-27.1240234375
104.1848159,-58.7646484375,-97.6025390625,-29.9560546875
104.2060199,-61.0595703125,-98.2861328125,-31.9091796875
104.2501413,-62.2802734375,-99.4580078125,-34.4970703125
104.2723098,-64.8681640625,-100.7763671875,-37.4267578125
104.3095645,-66.7236328125,-101.8017578125,-40.1123046875
104.3300659,-67.4560546875,-103.8037109375,-42.8466796875
104.3653462,-69.8974609375,-104.6826171875,-45.7275390625
104.3856198,-70.6298828125,-105.4150390625,-47.8759765625
104.4354407,-71.8994140625,-106.1474609375,-49.4384765625
104.4462821,-71.8505859375,-106.5869140625,-52.9541015625
104.4898946,-68.8232421875,-104.9755859375,-55.5908203125
104.5088718,-62.5732421875,-103.5107421875,-57.2509765625
104.5471166,-57.9833984375,-101.5576171875,-55.9326171875
104.56617,-53.9794921875,-99.2626953125,-46.4599609375
104.6104344,-50.5615234375,-96.4306640625,-32.8857421875
104.6304432,-46.6064453125,-94.0869140625,-19.4580078125
104.6543868,-43.1396484375,-91.6455078125,-9.2529296875
104.6884848,-41.5771484375,-90.6689453125,-2.1728515625
104.7159591,-41.8212890625,-89.3017578125,3.3447265625
104.7578126,-42.7001953125,-88.7158203125,5.6884765625
104.777879,-43.1884765625,-88.1298828125,3.9794921875
104.8187926,-43.8232421875,-87.9345703125,0.4638671875
104.8404542,-45.2880859375,-87.8857421875,-3.1005859375
104.8820122,-46.8505859375,-88.4228515625,-6.2744140625
104.9013217,-48.0712890625,-88.6669921875,-7.6904296875
104.9455548,-50.1708984375,-88.5693359375,-9.6435546875
104.9663861,-51.4892578125,-89.7412109375,-13.3056640625
104.9874023,-52.4658203125,-90.5224609375,-15.6005859375
105.0194358,-54.4677734375,-91.1083984375,-18.6767578125
105.0571503,-55.8837890625,-93.0126953125,-21.3623046875
105.0794567,-57.3486328125,-93.0126953125,-24.5849609375
105.1192083,-59.0087890625,-94.6728515625,-28.2470703125
105.1412398,-60.5224609375,-95.4541015625,-30.5908203125
105.1911497,-61.4013671875,-96.3818359375,-33.0322265625
105.2126622,-63.2568359375,-97.7001953125,-36.0107421875
105.2334769,-64.1845703125,-99.3115234375,-39.0380859375
105.2719938,-65.7470703125,-100.8740234375,-40.9912109375
105.2921078,-66.5771484375,-102.2900390625,-43.4814453125
105.3338419,-68.3837890625,-102.6318359375,-46.1181640625
105.3558666,-69.8974609375,-104.3408203125,-48.6572265625
105.3942492,-68.8232421875,-103.4619140625,-51.0009765625
105.4268117,-63.5009765625,-102.7294921875,-53.2470703125
105.4419465,-59.0087890625,-101.0205078125,-53.9306640625
105.4788777,-54.8583984375,-98.4326171875,-48.9990234375
105.5013077,-51.8798828125,-96.1865234375,-35.0341796875
105.5447032,-48.6572265625,-93.5498046875,-20.6298828125
105.5647254,-45.6787109375,-91.2548828125,-8.6181640625
105.6062808,-43.7744140625,-89.4970703125,1.0009765625
105.6195185,-43.3349609375,-88.4228515625,8.4716796875
105.6793564,-45.0439453125,-86.1279296875,12.3779296875
105.698547,-45.1904296875,-86.6162109375,12.9638671875
105.7104912,-45.7763671875,-86.5673828125,10.7177734375
105.7548165,-46.9482421875,-86.2255859375,6.9091796875
105.7754486,-48.4130859375,-86.7138671875,3.9306640625
105.8119524,-50.2197265625,-86.9580078125,2.3681640625
105.8324926,-51.8310546875,-87.8857421875,0.5615234375
105.8773089,-53.3935546875,-87.8369140625,-2.5634765625
105.8933522,-55.8837890625,-89.0576171875,-6.0791015625
105.9375926,-57.1044921875,-89.6923828125,-8.6669921875
105.9535608,-58.9599609375,-90.5224609375,-11.3525390625
106.0092886,-61.0107421875,-92.0361328125,-14.1845703125
106.0124379,-61.7431640625,-92.6708984375,-16.8701171875
106.0569547,-63.6962890625,-93.9892578125,-19.3603515625
106.0760152,-65.0146484375,-94.9658203125,-22.3876953125
106.1062805,-66.4306640625,-96.1865234375,-24.1455078125
106.143512,-67.6025390625,-97.6025390625,-26.6845703125
106.1637434,-68.6279296875,-98.9208984375,-29.7119140625
106.1953713,-70.1416015625,-100.8740234375,-31.5673828125
106.2341649,-71.3623046875,-101.1181640625,-33.8134765625
106.2543004,-71.8994140625,-101.5087890625,-36.0107421875
106.2968175,-72.0458984375,-100.8251953125,-38.7939453125
106.3159437,-68.8720703125,-99.5556640625,-40.1123046875
106.3459315,-64.0380859375,-97.3583984375,-41.3818359375
106.3758939,-58.6669921875,-94.4287109375,-34.7412109375
106.4070574,-55.3466796875,-91.5966796875,-22.0947265625
106.4374147,-51.7333984375,-89.7412109375,-7.8857421875
106.4756678,-48.9013671875,-86.8603515625,2.3193359375
106.4988294,-45.3857421875,-85.6396484375,10.9130859375
106.5388852,-43.8720703125,-84.0283203125,16.6748046875
106.5612411,-44.9951171875,-83.3935546875,19.8974609375
106.5993485,-46.2646484375,-82.8076171875,19.2626953125
106.6194826,-45.4833984375,-82.2705078125,15.3076171875
106.6562041,-46.5576171875,-81.9775390625,11.3525390625
106.6792375,-47.5341796875,-81.9775390625,9.0087890625
106.7085996,-49.0478515625,-81.9775390625,7.3974609375
106.7399023,-50.6103515625,-82.6611328125,5.3466796875
106.7686249,-52.0751953125,-82.7099609375,2.4169921875
106.8203329,-53.6376953125,-83.6376953125,-0.8056640625
106.8306942,-55.1513671875,-84.0771484375,-3.5400390625
106.858847,-56.4208984375,-84.6142578125,-6.0791015625
106.8901041,-57.2021484375,-85.5908203125,-9.2529296875
106.9187922,-58.8623046875,-86.2255859375,-12.6220703125
106.9526055,-60.3759765625,-87.0556640625,-14.6728515625
106.9813403,-61.5966796875,-89.0087890625,-17.6025390625
107.0098302,-62.9150390625,-89.5947265625,-19.7021484375
107.0406053,-64.2333984375,-90.5712890625,-23.0224609375
107.0715382,-66.0400390625,-92.0849609375,-24.9267578125
107.1011039,-67.2119140625,-92.5732421875,-27.4658203125
107.1521847,-68.8232421875,-93.5498046875,-30.2490234375
107.1709882,-70.6787109375,-92.6220703125,-32.6904296875
107.1889202,-71.8017578125,-90.6689453125,-35.2783203125
107.2221021,-71.0693359375,-88.3740234375,-36.4013671875
107.2506438,-66.6259765625,-86.5185546875,-31.2744140625
107.2792762,-62.4267578125,-83.2470703125,-19.5556640625
107.3123576,-58.0322265625,-80.4638671875,-4.7607421875
107.3408949,-54.8095703125,-77.8759765625,6.1279296875
107.3981313,-50.8544921875,-76.1669921875,14.6728515625
107.4013057,-48.0712890625,-74.7021484375,20.6787109375
107.4305797,-45.4833984375,-72.8955078125,24.6826171875
107.4627797,-44.5068359375,-73.1884765625,25.1220703125
107.4932895,-45.3857421875,-72.2607421875,20.9716796875
107.525176,-46.2646484375,-72.2119140625,16.8212890625
107.555419,-46.6552734375,-72.3095703125,14.3310546875
107.582398,-47.2900390625,-72.9443359375,11.3525390625
107.6139147,-48.3642578125,-73.1396484375,9.3994140625
107.6604991,-50.0732421875,-74.2138671875,6.7138671875
107.6814879,-51.4404296875,-74.4091796875,3.5400390625
107.7191215,-52.8564453125,-75.2880859375,0.6591796875
107.7394479,-54.4189453125,-76.6064453125,-2.8564453125
107.7608525,-56.3232421875,-77.6318359375,-5.2001953125
107.7970841,-57.4951171875,-79.1455078125,-8.4716796875
107.8239506,-58.7646484375,-80.0732421875,-11.4990234375
107.8574763,-59.4970703125,-80.6591796875,-13.9892578125
107.8998922,-60.2294921875,-81.4892578125,-16.3330078125
107.9200938,-62.2802734375,-83.9794921875,-18.6767578125
107.9609592,-62.3779296875,-85.2978515625,-21.3134765625
107.9833416,-64.1357421875,-86.7138671875,-23.8037109375
108.0218695,-64.7216796875,-87.5927734375,-26.3427734375
108.040786,-66.3330078125,-87.5927734375,-28.4912109375
108.0836443,-68.0419921875,-87.4462890625,-31.2255859375
108.1039623,-68.1884765625,-85.3466796875,-34.6435546875
108.1407116,-67.7978515625,-82.7099609375,-34.3017578125
108.1617983,-63.4521484375,-80.5615234375,-26.4404296875
108.2002213,-58.1787109375,-77.6806640625,-12.6220703125
108.2217998,-53.9306640625,-74.9462890625,2.0751953125
108.269466,-50.6591796875,-72.2119140625,12.4755859375
108.2908661,-46.4111328125,-70.6494140625,20.9228515625
108.3095987,-43.6279296875,-69.7705078125,26.2451171875
108.3347536,-40.4052734375,-69.4287109375,30.0537109375
108.3830028,-39.8681640625,-69.5751953125,29.4677734375
108.4033233,-40.9912109375,-69.2822265625,25.3662109375
108.4403602,-41.1376953125,-69.5751953125,21.2158203125
108.4611366,-40.9423828125,-70.3076171875,18.5791015625
108.5020676,-41.2841796875,-70.7958984375,16.4794921875
108.520837,-41.9189453125,-71.8701171875,13.5498046875
108.5597145,-44.0185546875,-72.8466796875,10.6201171875
108.5807697,-44.9951171875,-73.5302734375,8.3251953125
108.6185142,-46.1669921875,-74.9462890625,5.1513671875
108.6397986,-48.1689453125,-76.8994140625,2.1240234375
108.6871519,-49.8779296875,-78.2177734375,-1.2451171875
108.7083069,-51.0498046875,-79.6337890625,-3.6865234375
108.7460909,-52.5634765625,-80.0244140625,-6.5185546875
108.7676156,-53.7353515625,-82.5146484375,-9.0576171875
108.8085257,-55.8349609375,-84.0771484375,-11.2060546875
108.8291071,-56.5185546875,-85.3955078125,-14.1845703125
108.8770038,-58.1298828125,-87.1533203125,-15.7470703125
108.8970502,-59.3505859375,-88.9599609375,-18.2373046875
108.9080236,-60.6689453125,-90.6689453125,-20.1904296875
108.9538769,-62.3779296875,-91.6455078125,-23.0224609375
108.974823,-63.6474609375,-91.4013671875,-24.9267578125
109.0117483,-63.8916015625,-90.7177734375,-26.9287109375
109.0330272,-60.9130859375,-88.0810546875,-28.3935546875
109.070374,-56.0791015625,-87.0068359375,-24.9267578125
109.0944159,-51.4404296875,-85.0048828125,-11.7431640625
109.1328499,-47.6806640625,-81.3916015625,3.0517578125
109.1534258,-44.2626953125,-79.6826171875,15.5517578125
109.1902324,-41.3818359375,-78.2666015625,24.8291015625
109.2133579,-38.0126953125,-77.1923828125,31.3232421875
109.2524987,-35.6689453125,-76.4111328125,35.3759765625
109.282661,-37.2314453125,-76.3134765625,36.3525390625
109.305211,-37.8662109375,-76.8017578125,32.7392578125
109.3408495,-37.7685546875,-75.8740234375,28.4423828125
109.3619254,-38.8916015625,-77.6318359375,25.9033203125
109.4043829,-39.8681640625,-77.5830078125,23.7060546875
109.4400783,-41.1865234375,-78.8037109375,21.6552734375
109.4549691,-42.6513671875,-79.9267578125,17.8466796875
109.4961438,-44.3115234375,-79.6337890625,15.7470703125
109.5163016,-45.6787109375,-80.7568359375,13.1103515625
109.56271,-47.4853515625,-82.4169921875,10.1318359375
109.5842774,-49.2919921875,-83.8818359375,6.6162109375
109.6217073,-50.9033203125,-84.9072265625,4.5166015625
109.6419682,-52.2216796875,-86.2255859375,1.1474609375
109.6787535,-54.1259765625,-86.9580078125,-1.3916015625
109.698976,-55.5419921875,-89.0576171875,-4.4677734375
109.751189,-57.3486328125,-90.9619140625,-6.9580078125
109.7712088,-58.4716796875,-91.3525390625,-9.7900390625
109.7875292,-60.1318359375,-92.4755859375,-11.8896484375
109.8293938,-61.0107421875,-94.2333984375,-13.2568359375
109.8495167,-62.2314453125,-94.9658203125,-16.2841796875
109.8876273,-63.4521484375,-96.0400390625,-18.5302734375
109.9076544,-63.5986328125,-95.2587890625,-21.5087890625
109.945671,-59.9853515625,-93.1591796875,-23.8037109375
109.964608,-54.0283203125,-90.7177734375,-24.5849609375
110.0078516,-49.0478515625,-88.2275390625,-16.2841796875
110.0280735,-45.2880859375,-85.8837890625,-1.3427734375
110.0653242,-41.3818359375,-83.2958984375,12.0361328125
110.0889647,-37.3291015625,-81.9287109375,21.8994140625
110.1280104,-34.2041015625,-80.5126953125,28.5888671875
110.1490467,-32.2021484375,-79.1943359375,32.7392578125
110.1864896,-32.6416015625,-78.2177734375,35.9619140625
110.2065128,-33.4228515625,-78.5107421875,32.8369140625
110.2458438,-34.5458984375,-78.2666015625,27.6611328125
110.2707458,-35.3271484375,-78.5595703125,24.2431640625
110.3073309,-36.7919921875,-78.9013671875,21.2158203125
110.3304462,-38.2080078125,-80.5615234375,19.2138671875
110.3682921,-40.4052734375,-80.7568359375,15.9423828125
110.3887352,-41.9189453125,-81.0009765625,12.2802734375
110.4303406,-43.7744140625,-82.2216796875,10.1318359375
110.4493797,-45.7763671875,-83.2958984375,6.2744140625
110.490653,-47.3876953125,-84.3701171875,3.5400390625
110.5124424,-49.3408203125,-85.4443359375,0.9033203125
110.5497339,-51.3916015625,-86.6162109375,-2.4658203125
110.5710345,-53.5400390625,-88.5693359375,-5.0537109375
110.6103063,-55.2978515625,-89.4970703125,-7.6904296875
110.6306665,-56.9580078125,-90.1806640625,-10.3759765625
110.6882877,-58.2763671875,-91.9873046875,-13.1591796875
110.7075962,-59.6923828125,-93.4521484375,-16.0400390625
110.720974,-61.6455078125,-94.6728515625,-19.6044921875
110.7627724,-62.3779296875,-96.5283203125,-21.9970703125
110.7841289,-63.9892578125,-97.3583984375,-24.2919921875
110.8204146,-64.7705078125,-98.2373046875,-27.0751953125
110.8438136,-63.0615234375,-96.4794921875,-30.3466796875
110.8797789,-58.7158203125,-95.1123046875,-31.8115234375
110.9003586,-52.5146484375,-93.9892578125,-30.9326171875
110.9439116,-48.3154296875,-91.2548828125,-21.5087890625
110.9638383,-44.4580078125,-88.5205078125,-6.4697265625
111.0067721,-40.5517578125,-85.8837890625,7.6904296875
111.0225143,-36.7919921875,-84.6142578125,19.0185546875
111.0623423,-34.1552734375,-83.0517578125,26.3427734375
111.0828698,-33.1298828125,-81.9775390625,31.4208984375
111.1199,-33.8623046875,-81.9287109375,33.4716796875
111.147359,-34.2041015625,-80.4150390625,33.0322265625
111.1845934,-34.0576171875,-80.6591796875,28.2958984375
111.2038536,-35.0830078125,-81.0986328125,23.6572265625
111.2354394,-36.4990234375,-81.9775390625,20.7763671875
111.2803396,-38.5498046875,-81.8310546875,18.5791015625
111.2935059,-39.0380859375,-83.7353515625,15.3564453125
111.3375733,-41.0888671875,-83.9306640625,12.6220703125
111.3547954,-42.7001953125,-85.5419921875,9.1064453125
111.4031458,-44.2626953125,-86.5673828125,5.0048828125
111.4233931,-45.5810546875,-87.6416015625,2.1240234375
111.4455476,-47.4365234375,-88.8134765625,-1.2939453125
111.4843848,-48.4130859375,-90.5224609375,-4.2724609375
111.5055845,-50.1220703125,-91.9384765625,-7.1533203125
111.5439712,-51.7822265625,-92.8173828125,-10.5224609375
111.5660642,-53.5400390625,-95.3564453125,-13.1591796875
111.6032188,-55.1513671875,-97.6025390625,-15.4052734375
111.6249571,-56.4208984375,-98.2373046875,-19.1650390625
111.6598113,-58.4716796875,-99.9951171875,-21.1669921875
111.6860123,-59.9853515625,-102.8271484375,-23.0712890625
111.7149655,-61.1083984375,-103.4619140625,-23.8525390625
111.7497771,-62.4267578125,-105.1220703125,-26.8310546875
111.776058,-60.5712890625,-105.1220703125,-28.9306640625
111.8129976,-55.8349609375,-104.2431640625,-30.9326171875
111.837262,-51.1474609375,-102.2412109375,-32.2998046875
111.8767087,-47.3388671875,-100.6787109375,-26.9775390625
111.8983976,-43.8232421875,-98.8720703125,-12.7685546875
111.9472171,-40.1123046875,-95.9423828125,3.4423828125
111.9550783,-37.1337890625,-93.5498046875,17.2607421875
111.9882773,-35.4736328125,-91.9384765625,26.2451171875
112.0273163,-35.9130859375,-91.4013671875,33.1787109375
112.050481,-36.7431640625,-91.0107421875,37.6220703125
112.0791619,-37.3779296875,-90.1318359375,38.8916015625
112.1106284,-37.8662109375,-90.5712890625,36.3525390625
112.1413237,-39.0380859375,-91.0107421875,31.5673828125
112.1673797,-41.2353515625,-91.4501953125,28.2470703125
112.2003914,-42.5048828125,-92.1826171875,25.4150390625
112.2307533,-44.2626953125,-92.7685546875,23.6083984375
112.2594506,-45.7763671875,-94.3798828125,20.3857421875
112.2893062,-47.5341796875,-95.3076171875,18.4814453125
112.3220795,-49.7314453125,-97.1630859375,15.8935546875
112.3500675,-51.0986328125,-96.7236328125,12.7685546875
112.3823151,-51.9775390625,-98.3837890625,9.6435546875
112.4290117,-53.9306640625,-99.4580078125,6.5185546875
112.4500062,-55.2490234375,-100.8740234375,4.5166015625
112.4892113,-56.6650390625,-101.9970703125,0.8056640625
112.5020544,-57.9833984375,-103.6572265625,-1.4404296875
112.5359318,-59.4970703125,-104.8291015625,-4.2236328125
112.5863945,-60.5712890625,-106.6845703125,-6.6162109375
112.6065161,-62.3291015625,-108.0517578125,-9.6435546875
112.6206907,-63.2080078125,-108.6865234375,-11.3037109375
112.6689317,-64.6240234375,-110.7861328125,-13.4521484375
112.6902354,-65.2099609375,-110.9814453125,-15.7958984375
112.7286588,-63.2568359375,-110.3955078125,-18.1396484375
112.7488487,-58.1298828125,-108.7841796875,-20.6787109375
112.7708262,-52.8076171875,-106.6357421875,-21.7529296875
112.8059383,-49.2919921875,-103.7548828125,-15.4052734375
112.8341381,-45.3857421875,-102.4365234375,-2.1728515625
112.8662659,-41.4794921875,-100.6298828125,12.7685546875
112.9086347,-38.0126953125,-97.9443359375,23.6572265625
112.9299251,-35.7666015625,-96.8701171875,30.1025390625
112.9658335,-35.4248046875,-95.3564453125,34.5947265625
112.9862023,-36.4990234375,-95.0146484375,37.2802734375
113.0139358,-36.5478515625,-95.2587890625,35.6689453125
113.0473019,-37.4755859375,-94.1845703125,30.4931640625
113.0755317,-38.6962890625,-94.0869140625,25.6591796875
113.1028724,-40.0146484375,-94.5263671875,23.1201171875
113.1356334,-42.0654296875,-95.4541015625,20.9716796875
113.1817738,-43.4814453125,-95.7470703125,18.1396484375
113.2007788,-44.6533203125,-96.7724609375,14.9169921875
113.2377939,-46.3134765625,-97.2119140625,12.2802734375
113.2587395,-48.1201171875,-97.2119140625,8.6181640625
113.2995102,-49.7314453125,-98.6279296875,6.0302734375
113.3199257,-51.7333984375,-99.0673828125,2.7587890625
113.3675641,-53.0029296875,-100.3369140625,0.3662109375
113.3880742,-54.6142578125,-101.6064453125,-2.8564453125
113.4053265,-56.2255859375,-102.1435546875,-6.1767578125
113.4347837,-58.2275390625,-103.3154296875,-8.8623046875
113.4806502,-60.6201171875,-105.3173828125,-12.0361328125
113.5022375,-61.9384765625,-105.0244140625,-14.1357421875
113.5400043,-63.5498046875,-106.5869140625,-16.3330078125
113.5617658,-65.8935546875,-108.1005859375,-19.0673828125
113.598442,-66.5771484375,-108.5400390625,-21.3623046875
113.6186016,-68.4326171875,-108.4912109375,-23.6572265625
113.6623759,-69.4580078125,-106.9775390625,-26.0498046875
113.6855795,-66.0400390625,-104.5361328125,-26.8798828125
113.7227494,-61.0595703125,-102.1923828125,-20.0439453125
113.7439587,-56.5673828125,-99.7509765625,-6.8115234375
113.7799511,-52.5146484375,-96.8701171875,8.0810546875
113.8017356,-48.7548828125,-94.1845703125,19.8974609375
113.8493645,-44.7509765625,-93.5498046875,28.2958984375
113.8695251,-41.3818359375,-91.9873046875,33.1787109375
113.9083119,-39.5751953125,-90.6689453125,36.8408203125
113.9296655,-39.9169921875,-91.0107421875,36.7919921875
113.9760798,-40.6005859375,-89.6435546875,32.3974609375
113.9789777,-41.2353515625,-89.9365234375,28.2470703125
114.0205195,-41.4794921875,-90.3271484375,24.9755859375
114.041468,-42.7490234375,-89.7412109375,22.6318359375
114.079632,-44.6044921875,-90.8642578125,20.2392578125
114.101757,-45.8251953125,-91.2060546875,17.1630859375
114.1388859,-47.7783203125,-91.4013671875,13.9404296875
114.1602711,-48.7548828125,-92.4755859375,10.3271484375
114.1965176,-50.9521484375,-94.0869140625,7.8857421875
114.2230843,-52.2216796875,-93.9404296875,4.4189453125
114.2606333,-54.0283203125,-95.0146484375,0.6103515625
114.2809034,-55.2978515625,-96.5283203125,-1.8310546875
114.3171285,-56.6162109375,-97.7001953125,-4.5654296875
114.342035,-57.9833984375,-97.9443359375,-7.9345703125
114.3779215,-59.3505859375,-99.7021484375,-10.6689453125
114.4016861,-60.8154296875,-99.8486328125,-13.5986328125
114.43741,-62.0849609375,-101.6064453125,-16.0400390625
114.4624435,-63.2080078125,-102.1923828125,-18.4814453125
114.5025401,-64.5751953125,-103.5107421875,-21.4599609375
114.5226416,-65.4052734375,-103.2177734375,-24.2919921875
114.5729494,-66.2353515625,-102.3388671875,-27.1728515625
114.5917066,-66.7724609375,-100.0927734375,-28.9794921875
114.6291063,-63.6962890625,-97.8955078125,-25.5615234375
114.6504959,-58.6669921875,-96.4306640625,-13.5986328125
114.688821,-54.5166015625,-93.5498046875,1.0498046875
114.7092412,-51.1474609375,-90.7177734375,14.1357421875
114.7464237,-47.8271484375,-88.8134765625,23.0224609375
114.7674428,-44.8974609375,-88.6181640625,29.8583984375
114.8092407,-41.9189453125,-87.5927734375,34.0087890625
114.8284312,-40.6005859375,-87.2998046875,36.4501953125
114.870675,-41.2841796875,-86.7138671875,33.0810546875
114.8909523,-42.3583984375,-86.6650390625,28.0517578125
114.9290487,-41.9677734375,-87.6904296875,25.2197265625
114.9502329,-42.9931640625,-88.0810546875,23.6083984375
114.98857,-44.4091796875,-87.9345703125,21.2646484375
115.0087495,-45.1904296875,-89.4970703125,19.4091796875
115.0463213,-47.2900390625,-90.2294921875,15.7958984375
115.0672919,-48.5107421875,-90.8154296875,13.3544921875
115.1035077,-50.7568359375,-91.8896484375,9.8388671875
115.1256634,-52.5634765625,-93.0126953125,7.0068359375
115.1670561,-53.9306640625,-94.7705078125,3.9306640625
115.1854819,-55.2978515625,-95.2587890625,1.1962890625
115.2238123,-57.0556640625,-96.2353515625,-1.3916015625
115.2440583,-58.2763671875,-97.3095703125,-3.8330078125
115.2864263,-60.0830078125,-98.4814453125,-7.1533203125
115.3067429,-61.4013671875,-100.0927734375,-9.5947265625
115.3436868,-62.4755859375,-101.6064453125,-12.5732421875
115.3676029,-63.7451171875,-101.7041015625,-14.8193359375
115.4023999,-65.0634765625,-103.4130859375,-16.8701171875
115.4275816,-66.7236328125,-103.8525390625,-19.9951171875
115.4637662,-68.0908203125,-102.0947265625,-22.9248046875
115.4903499,-68.5791015625,-100.1904296875,-25.1708984375
115.5282883,-65.9423828125,-98.3837890625,-24.9267578125
115.5498175,-61.2548828125,-96.5283203125,-15.5517578125
115.5882319,-56.9580078125,-94.3310546875,-0.4150390625
115.6085263,-52.5146484375,-91.4990234375,12.2802734375
115.6470389,-49.2919921875,-89.4482421875,22.1435546875
115.6700511,-45.6787109375,-88.0810546875,29.0771484375
115.7179297,-42.8955078125,-87.2998046875,33.4228515625
115.7383593,-40.7958984375,-86.8115234375,35.6201171875
115.7605039,-40.8935546875,-87.0068359375,33.1787109375
115.7980482,-41.7236328125,-85.3466796875,28.8818359375
115.822034,-41.2841796875,-85.6396484375,24.8291015625
115.8590476,-42.4072265625,-86.3232421875,23.2177734375
115.8799348,-42.7978515625,-86.8603515625,20.2392578125
115.9169675,-44.3603515625,-86.7626953125,17.7001953125
115.9409028,-45.7275390625,-87.6904296875,14.7705078125
115.9805955,-47.1923828125,-87.5927734375,12.2802734375
116.0017921,-48.9501953125,-88.5205078125,9.8388671875
116.0378995,-51.1474609375,-89.5947265625,6.9091796875
116.0587755,-52.4658203125,-90.4736328125,4.0771484375
116.1009463,-54.1748046875,-91.0107421875,0.2685546875
116.1217955,-55.6884765625,-92.0361328125,-1.8798828125
116.1601454,-57.0068359375,-93.5986328125,-4.4189453125
116.1808297,-59.1064453125,-94.7705078125,-7.0556640625
116.2158309,-59.8876953125,-95.7470703125,-9.5947265625
116.242832,-61.0595703125,-96.4794921875,-12.2314453125
116.2822585,-62.2314453125,-97.1630859375,-14.8681640625
116.3021767,-63.1591796875,-98.3837890625,-17.8955078125
116.3411411,-64.4287109375,-98.1884765625,-20.2392578125
116.3621239,-65.5029296875,-96.2841796875,-22.8759765625
116.3978598,-66.0400390625,-94.0869140625,-25.1220703125
116.4237848,-65.9423828125,-91.4990234375,-21.3134765625
116.4507768,-61.4013671875,-89.3017578125,-10.4248046875
116.4937713,-56.2744140625,-86.1279296875,3.6865234375
116.5155243,-51.8310546875,-83.8818359375,15.3076171875
116.5526922,-49.1455078125,-82.8564453125,22.8271484375
116.5764026,-45.9228515625,-81.0009765625,28.2958984375
116.6266665,-41.5283203125,-80.3662109375,31.6650390625
116.6326135,-39.8681640625,-79.4384765625,31.6162109375
116.6685964,-39.2822265625,-79.9755859375,27.2705078125
116.6971359,-40.3564453125,-78.8037109375,22.9736328125
116.7351295,-40.5029296875,-79.1943359375,19.6533203125
116.7554376,-41.3818359375,-80.1220703125,17.6025390625
116.783759,-41.9677734375,-81.3427734375,15.6494140625
116.8156556,-43.7255859375,-81.6845703125,12.3779296875
116.8470965,-46.2646484375,-83.1494140625,9.3994140625
116.8766657,-46.8994140625,-83.2470703125,6.0302734375
116.9075348,-48.5595703125,-84.9072265625,2.1728515625
116.9370398,-50.5126953125,-85.1025390625,-0.4638671875
116.9664405,-51.3427734375,-86.1279296875,-4.8095703125
117.0135843,-52.8076171875,-87.8857421875,-7.4462890625
117.0245131,-54.1748046875,-89.2529296875,-11.2060546875
117.0606598,-55.4443359375,-89.5947265625,-13.7939453125
117.087057,-56.4697265625,-90.6689453125,-17.0654296875
117.123614,-57.6904296875,-93.3544921875,-19.3115234375
117.1497638,-58.6181640625,-93.6474609375,-23.0712890625
117.1772465,-59.9853515625,-94.5263671875,-25.5126953125
117.2151147,-60.7177734375,-95.2587890625,-28.5888671875
117.2569968,-62.1337890625,-94.1845703125,-30.8349609375
117.2767364,-63.3056640625,-92.8662109375,-33.4716796875
117.2959913,-63.9892578125,-90.4736328125,-33.2275390625
117.3293675,-65.2099609375,-88.3740234375,-24.4873046875
117.3587851,-63.0126953125,-85.8837890625,-10.0830078125
117.3929909,-57.2509765625,-83.4423828125,3.3935546875
117.4199021,-52.8076171875,-80.5615234375,14.2822265625
117.4486987,-49.0966796875,-79.8779296875,20.6298828125
117.5008286,-45.4833984375,-79.2919921875,25.6103515625
117.509384,-41.8701171875,-79.0478515625,27.4169921875
117.5400222,-39.4775390625,-78.7060546875,25.7080078125
117.5706064,-37.4755859375,-78.7548828125,21.7041015625
117.6013728,-37.8173828125,-79.2431640625,18.1396484375
117.6279592,-39.1357421875,-79.8291015625,15.1611328125
117.6766801,-38.7451171875,-80.7568359375,12.5732421875
117.6975371,-39.5751953125,-82.1728515625,11.1572265625
117.7357478,-40.5517578125,-83.1005859375,8.5693359375
117.757033,-42.3095703125,-84.0771484375,4.7607421875
117.778845,-43.7744140625,-85.4443359375,2.1728515625
117.8136193,-45.4833984375,-86.1279296875,-1.2939453125
117.8601257,-46.3623046875,-87.7392578125,-4.1259765625
117.8795778,-48.7060546875,-88.8623046875,-7.3974609375
117.9167891,-49.6337890625,-90.7177734375,-9.5458984375
117.9376931,-51.1474609375,-92.0361328125,-12.8662109375
117.9789427,-52.8564453125,-93.2568359375,-15.7958984375
117.9924883,-54.1748046875,-95.0634765625,-19.1162109375
118.0387337,-54.9560546875,-96.8212890625,-21.5576171875
118.0607858,-56.8115234375,-97.8466796875,-24.5361328125
118.1002608,-58.3251953125,-99.1162109375,-26.8798828125
118.1208792,-59.0576171875,-99.5556640625,-30.0048828125
118.1580422,-60.5224609375,-98.9697265625,-32.5439453125
118.1793713,-62.4267578125,-97.4560546875,-34.9365234375
118.2208957,-63.5986328125,-95.8935546875,-33.9599609375
118.2495326,-64.0869140625,-93.3544921875,-24.1455078125
118.2626693,-61.2060546875,-91.1083984375,-10.5224609375
118.312202,-55.5419921875,-88.4228515625,1.5869140625
118.3243136,-51.5869140625,-86.8603515625,9.3505859375
118.3677524,-48.0224609375,-86.2255859375,16.0888671875
118.3878123,-44.6533203125,-84.6630859375,20.9716796875
118.4301487,-41.9189453125,-84.9072265625,22.5830078125
118.4511352,-38.9892578125,-85.2001953125,20.2392578125
118.4905947,-37.6708984375,-85.0048828125,15.4541015625
118.5118161,-38.9892578125,-85.1025390625,11.8408203125
118.5481115,-40.0146484375,-86.0791015625,9.2041015625
118.5803698,-39.9169921875,-87.2998046875,6.7626953125
118.5944483,-40.4052734375,-86.9580078125,2.9541015625
118.641769,-41.0888671875,-88.3740234375,0.1220703125
118.6607564,-43.0908203125,-89.4482421875,-2.6123046875
118.6974546,-44.8486328125,-89.7900390625,-6.0791015625
118.7189135,-46.8017578125,-91.1572265625,-8.4228515625
118.7550921,-47.8759765625,-92.1337890625,-12.1337890625
118.7804736,-49.9755859375,-92.7685546875,-15.9912109375
118.8184954,-52.0263671875,-94.2822265625,-18.6767578125
118.8392538,-53.8330078125,-95.6005859375,-21.9970703125
118.8772045,-54.7607421875,-96.2353515625,-25.8056640625
118.8981887,-56.4697265625,-97.3583984375,-28.3447265625
118.9393578,-58.0322265625,-99.2626953125,-31.3232421875
118.9590417,-59.5947265625,-100.4345703125,-34.1552734375
118.9929791,-61.0107421875,-101.5576171875,-37.5732421875
119.0166914,-62.5244140625,-100.9716796875,-41.5283203125
119.0574305,-64.0380859375,-99.9951171875,-44.6044921875
119.0775704,-65.6494140625,-98.0419921875,-46.6064453125
119.126488,-66.5283203125,-95.9423828125,-44.7998046875
119.1462694,-66.1376953125,-93.5986328125,-35.1806640625
119.1825563,-60.5224609375,-91.7431640625,-22.7783203125
119.2026192,-56.2255859375,-89.4970703125,-12.4755859375
119.2392075,-52.1240234375,-88.3740234375,-3.5888671875
119.2583143,-48.2177734375,-87.2021484375,2.8076171875
119.2990895,-44.5068359375,-86.1279296875,6.7138671875
119.3182122,-41.6259765625,-85.8349609375,7.8369140625
119.354333,-38.9404296875,-85.2978515625,5.3466796875
119.3808074,-38.2080078125,-84.8095703125,0.6591796875
119.4241192,-39.3798828125,-85.4443359375,-2.5634765625
119.4455715,-39.6728515625,-85.9814453125,-5.1513671875
119.4829027,-39.9169921875,-86.2744140625,-7.9345703125
119.5029725,-41.0888671875,-87.5439453125,-11.0107421875
119.5405975,-42.7490234375,-88.1787109375,-14.6728515625
119.5610756,-43.6767578125,-89.0087890625,-18.3349609375
119.5982338,-45.7763671875,-89.8876953125,-21.5087890625
119.6223278,-47.9248046875,-91.5478515625,-25.0732421875
119.6629934,-49.0478515625,-92.2802734375,-28.4912109375
119.6843117,-50.4638671875,-93.3056640625,-32.0556640625
119.7244779,-52.5634765625,-93.7451171875,-35.5224609375
119.7460883,-53.6865234375,-95.1611328125,-38.0615234375
119.7841646,-54.8095703125,-96.6748046875,-41.7236328125
119.8055587,-56.6162109375,-98.2373046875,-44.6533203125
119.8447485,-57.8369140625,-99.7998046875,-47.6318359375
119.8645707,-58.9599609375,-100.4833984375,-51.2451171875
119.9028596,-60.5224609375,-101.4599609375,-54.1259765625
119.924025,-60.9130859375,-100.8740234375,-57.3974609375
119.9707861,-62.2314453125,-99.5068359375,-60.5712890625
119.9925096,-62.9150390625,-97.0654296875,-63.6474609375
120.0291125,-63.9892578125,-95.2099609375,-60.8642578125
120.0508129,-62.8662109375,-92.6220703125,-51.3916015625
