Timestamp,PPG_Forehead,PPG_Earlobe,PPG_Finger
0.00706300000000004,0.185546875,0.185546875,0.185546875
0.010821,0.185546875,0.185546875,0.185546875
0.015047,0.185546875,0.185546875,0.185546875
0.0185623000000001,0.185546875,0.185546875,0.185546875
0.0220172000000001,0.185546875,0.185546875,0.185546875
0.0272777999999998,0.185546875,0.185546875,0.185546875
0.0292208999999999,92.7099609375,85.9716796875,81.6259765625
0.0318532,-88.3837890625,-82.2021484375,63.5205078125
0.0334118999999999,-90.0439453125,-82.5439453125,74.5556640625
0.0344370999999999,-89.7998046875,-81.9091796875,82.8564453125
0.0354709,-90.7275390625,-81.6650390625,90.0341796875
0.0366529,-91.8505859375,-82.1533203125,93.7939453125
0.0378571000000001,-92.2412109375,-82.4951171875,93.9892578125
0.0393271999999998,-91.5576171875,-83.3740234375,92.6220703125
0.0403061,-88.8232421875,-82.6904296875,86.9580078125
0.0420935999999998,-86.1376953125,-84.0087890625,84.9072265625
0.0431313000000002,-83.8427734375,-83.4228515625,83.0029296875
0.0444722,-81.3525390625,-83.7646484375,79.4384765625
0.0457466000000002,-79.5947265625,-84.2041015625,77.6318359375
0.0483524000000002,-78.6181640625,-84.1552734375,74.6044921875
0.0496194000000001,-77.1533203125,-84.7900390625,71.1865234375
0.0510454999999999,-77.4462890625,-85.6689453125,68.5986328125
0.0524401000000001,-77.8857421875,-86.7431640625,64.9853515625
0.0537703,-78.0810546875,-87.1337890625,61.3720703125
0.0552334000000001,-78.8623046875,-87.7685546875,58.1005859375
0.0562075000000002,-79.4482421875,-89.1845703125,55.4150390625
0.0578120000000002,-80.8154296875,-89.3310546875,55.1708984375
0.05884,-81.7431640625,-87.8662109375,62.9833984375
0.0603004,-82.7685546875,-86.8408203125,75.5322265625
0.0615549999999998,-85.0146484375,-86.5478515625,87.7392578125
0.0627472,-85.3564453125,-85.9619140625,99.4580078125
0.0649302999999999,-87.4560546875,-85.4736328125,107.7587890625
0.0661662000000001,-89.7021484375,-85.2783203125,113.4228515625
0.0676834999999998,-91.1181640625,-84.7900390625,115.4248046875
0.0688081,-92.1923828125,-86.5478515625,113.6181640625
0.0699633,-89.6044921875,-87.5244140625,110.9326171875
0.0715661000000001,-87.0166015625,-86.4013671875,107.4169921875
0.0725479,-82.7197265625,-86.3037109375,105.1220703125
0.0747884999999999,-79.3994140625,-86.9873046875,102.3876953125
0.0758325000000002,-76.9580078125,-87.2314453125,99.2138671875
0.0774746999999998,-74.9072265625,-87.1337890625,96.5283203125
0.0784460999999999,-73.9306640625,-88.3056640625,93.1103515625
0.0799196000000002,-74.3212890625,-88.8427734375,88.9599609375
0.0812027,-74.6142578125,-89.5751953125,84.7607421875
0.0822343999999999,-74.8583984375,-89.7705078125,80.8544921875
0.0832803000000002,-75.8349609375,-90.6494140625,76.8994140625
0.0842969,-76.8115234375,-90.8935546875,72.6513671875
0.0858248000000001,-78.4228515625,-91.4794921875,68.1591796875
0.0870269000000001,-80.4736328125,-92.5537109375,68.3544921875
0.0882923,-81.8408203125,-90.5029296875,73.7744140625
0.0898175999999999,-83.0126953125,-89.9169921875,85.0537109375
0.0908004,-84.4775390625,-88.7939453125,97.8955078125
0.0924178000000002,-85.4052734375,-87.4755859375,108.4423828125
0.093429,-87.1142578125,-87.5732421875,116.5966796875
0.0945863999999998,-88.5302734375,-87.8662109375,120.0146484375
0.0955864000000002,-90.8740234375,-86.1572265625,123.6279296875
0.0965278999999999,-91.4599609375,-86.9873046875,122.2607421875
0.0974594999999998,-91.0205078125,-87.9150390625,118.4033203125
0.0984430000000001,-87.8466796875,-87.6220703125,114.8388671875
0.0993802000000001,-84.6728515625,-87.9638671875,110.7373046875
0.1003077,-81.3037109375,-88.4521484375,106.5869140625
0.1012492,-78.8134765625,-88.5009765625,103.9990234375
0.1022965,-76.3720703125,-88.7451171875,100.8740234375
0.1032442,-75.4443359375,-89.7216796875,96.2841796875
0.1041675,-74.7119140625,-89.5263671875,92.7197265625
0.1051034,-75.1025390625,-91.3818359375,88.8134765625
0.1060343,-75.5908203125,-91.7236328125,84.7607421875
0.1069565,-75.6884765625,-93.3837890625,81.0498046875
0.1078822,-77.1044921875,-94.0185546875,77.0947265625
0.1088466,-78.6181640625,-95.3369140625,71.7724609375
0.1097708,-80.9619140625,-96.9482421875,68.5986328125
0.1107012,-82.2802734375,-95.8251953125,69.6728515625
0.1116262,-83.8916015625,-94.1162109375,78.5107421875
0.1125647,-84.4287109375,-93.0908203125,92.4267578125
0.1135227,-85.6005859375,-92.8955078125,102.7783203125
0.1144531,-87.2607421875,-91.9189453125,111.5673828125
0.1154266,-88.3349609375,-91.9189453125,118.0126953125
0.1163695,-90.1416015625,-90.6494140625,121.7724609375
0.1173109,-91.6064453125,-90.3076171875,120.8935546875
0.1182336,-91.9482421875,-90.6982421875,117.9150390625
0.1193301,-90.3369140625,-91.4306640625,114.3017578125
0.1204631,-87.2119140625,-91.2841796875,110.4931640625
0.1215953,-83.5009765625,-90.5517578125,107.4658203125
0.1226124,-81.4013671875,-91.8212890625,104.3896484375
0.1235359,-79.8876953125,-92.8466796875,100.1904296875
0.1244586,-78.9599609375,-92.8466796875,96.5771484375
0.1253932,-77.4462890625,-93.6279296875,92.4267578125
0.1263248,-77.3974609375,-95.0927734375,87.6904296875
0.1272583,-77.4951171875,-95.6787109375,83.8330078125
0.1282447,-77.8369140625,-97.1435546875,78.4619140625
0.1291876,-78.4716796875,-98.4619140625,74.7509765625
0.1301222,-80.0830078125,-99.8291015625,70.5029296875
0.1310614,-80.2294921875,-99.6826171875,66.7919921875
0.1319957,-81.8896484375,-101.0986328125,65.7177734375
0.1329741,-83.7939453125,-99.5849609375,72.4072265625
0.1339268,-85.0634765625,-98.6572265625,86.8603515625
0.1348463,-86.7236328125,-97.2900390625,100.9716796875
0.1357752,-88.7255859375,-96.8017578125,112.9833984375
0.1367007,-89.7021484375,-96.2158203125,121.8701171875
0.1376174,-92.4365234375,-95.9716796875,129.4384765625
0.1385431,-93.7548828125,-96.2158203125,131.5869140625
0.1394748,-94.4384765625,-95.9716796875,129.7314453125
0.1403979,-93.9013671875,-96.4599609375,124.6533203125
0.141329,-91.0693359375,-95.8740234375,119.4287109375
0.1422521,-88.1884765625,-95.6298828125,114.6435546875
0.1432209,-85.8935546875,-95.8251953125,110.7861328125
0.1441805,-83.7939453125,-95.5322265625,107.3681640625
0.1451031,-81.4013671875,-95.8251953125,101.8017578125
0.1460246,-80.6201171875,-96.7529296875,97.1630859375
0.1469708,-80.2294921875,-97.4853515625,92.3291015625
0.1479145,-81.7431640625,-97.6806640625,87.9345703125
0.1488355,-82.0849609375,-98.6083984375,83.2958984375
0.1498441,-82.9638671875,-99.8291015625,78.4619140625
0.1507685,-83.6962890625,-99.5849609375,73.3837890625
0.1516894,-85.4052734375,-100.7568359375,68.9892578125
0.152612,-86.5283203125,-101.2451171875,65.7177734375
0.1535429,-87.2607421875,-101.4892578125,68.8916015625
0.1544649,-89.0673828125,-100.3173828125,80.1220703125
0.1553942,-90.5322265625,-99.2431640625,96.3330078125
0.1563152,-92.3876953125,-97.2900390625,111.3720703125
0.1573183,-93.3642578125,-97.0947265625,123.9208984375
0.1582591,-95.6103515625,-94.8974609375,132.5146484375
0.159182,-96.7822265625,-89.0380859375,137.4462890625
0.1601163,-98.3935546875,-87.2802734375,136.6162109375
0.1610423,-99.6142578125,-88.4033203125,133.1005859375
0.161988,-98.0029296875,-91.5283203125,127.1435546875
0.1629228,-94.7802734375,-87.9638671875,120.6982421875
0.1638647,-92.0947265625,-91.1376953125,113.8134765625
0.1647859,-89.8486328125,-96.6552734375,108.1982421875
0.1657121,-92.7783203125,-94.2138671875,102.8271484375
0.1666256,-87.3583984375,-93.1396484375,98.5302734375
0.1675519,-81.9873046875,-93.0908203125,94.3798828125
0.1684807,-76.4697265625,-92.7001953125,89.4970703125
0.1694136,-68.9990234375,-92.6513671875,85.6884765625
0.1704929,-71.9775390625,-91.9677734375,81.2939453125
0.171438,-82.7685546875,-90.4052734375,76.9970703125
0.1723552,-91.3134765625,-90.7470703125,70.6005859375
0.173323,-91.5576171875,-91.0888671875,65.6201171875
0.1743475,-87.5048828125,-92.5537109375,60.3955078125
0.1752677,-85.8935546875,-93.4814453125,62.9833984375
0.17619,-86.5771484375,-92.6513671875,75.0927734375
0.1773377,-88.6767578125,-90.6494140625,91.4501953125
0.1782755,-89.7509765625,-89.6240234375,106.1474609375
0.1791965,-91.0693359375,-89.8681640625,117.3291015625
0.1801573,-92.6806640625,-89.6728515625,124.6044921875
0.1813356,-93.8037109375,-88.3544921875,129.1455078125
0.1824629,-94.3408203125,-88.5986328125,132.4169921875
0.1836323,-93.8525390625,-88.4033203125,129.1943359375
0.1845877,-91.6064453125,-89.1357421875,125.0439453125
0.1855079,-88.4814453125,-89.2822265625,120.5517578125
0.1864339,-90.7275390625,-91.8212890625,118.5009765625
0.1874879,-92.7783203125,-92.3095703125,116.1083984375
0.1884386,-93.6083984375,-93.4814453125,111.8603515625
0.1893525,-90.7275390625,-94.1650390625,108.3447265625
0.1902843,-86.5771484375,-94.7021484375,103.9990234375
0.1915169,-84.4775390625,-96.0693359375,99.2138671875
0.1927037,-84.0380859375,-96.9482421875,94.0380859375
0.1936621,-84.9658203125,-97.2412109375,89.6923828125
0.1945942,-85.1123046875,-97.9248046875,85.8837890625
0.1955148,-87.2607421875,-98.3642578125,80.1220703125
0.1964507,-88.2861328125,-99.2431640625,75.2880859375
0.1973812,-90.9716796875,-100.9521484375,72.2119140625
0.1982963,-92.4365234375,-100.2197265625,74.0185546875
0.1992069,-94.0966796875,-97.5830078125,86.2744140625
0.2001901,-96.6845703125,-95.9716796875,102.9248046875
0.2011179,-98.4423828125,-95.5810546875,116.9873046875
0.2020501,-101.5185546875,-95.1416015625,128.3642578125
0.2030326,-102.5439453125,-94.7998046875,134.8095703125
0.2039491,-103.0810546875,-94.7021484375,138.8623046875
0.2048626,-103.2275390625,-94.0185546875,137.7880859375
0.2058001,-103.0810546875,-94.9462890625,131.2451171875
0.2067526,-101.7626953125,-95.2880859375,125.7275390625
0.2076893,-99.7119140625,-94.9462890625,120.5029296875
0.2086224,-97.6611328125,-94.4580078125,115.6201171875
0.2095438,-95.0732421875,-95.5810546875,112.2021484375
0.2104704,-93.3642578125,-96.0205078125,107.8564453125
0.2113986,-92.4365234375,-97.2900390625,101.3134765625
0.2123194,-91.6552734375,-97.5341796875,96.2353515625
0.2132438,-91.3134765625,-97.2412109375,91.3525390625
0.2141721,-92.1923828125,-96.7041015625,84.9560546875
0.2150906,-92.4853515625,-96.8994140625,79.7314453125
0.2160139,-92.4853515625,-97.0947265625,75.4345703125
0.2169542,-92.1435546875,-98.0224609375,69.8193359375
0.2178728,-92.9248046875,-98.1689453125,64.2529296875
0.2188242,-93.5595703125,-99.1455078125,63.8134765625
0.2197519,-94.5849609375,-97.3388671875,72.2607421875
0.2206756,-95.9033203125,-96.6064453125,89.1552734375
0.2216163,-97.9052734375,-95.1416015625,104.2919921875
0.222722,-98.5888671875,-94.4091796875,116.3037109375
0.2237133,-99.5654296875,-94.0185546875,124.7509765625
0.2246519,-101.6650390625,-93.6767578125,129.6826171875
0.2255747,-103.3251953125,-92.8955078125,130.4638671875
0.2265041,-104.4970703125,-93.6767578125,125.5322265625
0.2274351,-105.8642578125,-94.0185546875,119.7216796875
0.2283508,-102.2509765625,-94.6044921875,114.7900390625
0.2292701,-100.0537109375,-94.2138671875,110.2490234375
0.2302099,-96.5869140625,-95.4833984375,106.2939453125
0.2311313,-93.7548828125,-95.9228515625,101.4599609375
0.2320528,-92.4853515625,-97.4853515625,97.6025390625
0.2330092,-90.4345703125,-97.4365234375,93.4521484375
0.2339326,-89.4091796875,-98.5595703125,90.0830078125
0.2348675,-89.7998046875,-99.2431640625,87.0556640625
0.235794,-89.5556640625,-99.8779296875,83.1982421875
0.2368089,-90.0927734375,-99.4873046875,79.6337890625
0.2377293,-91.6552734375,-101.1474609375,75.7763671875
0.2386526,-91.7529296875,-101.7333984375,71.2353515625
0.2395794,-93.1689453125,-102.7587890625,69.4287109375
0.2405007,-94.0478515625,-102.4658203125,75.1416015625
0.2414275,-94.8779296875,-100.6591796875,88.7158203125
0.2423554,-95.9033203125,-99.6826171875,105.7080078125
0.2432807,-96.5869140625,-98.1689453125,119.5263671875
0.244206,-97.9052734375,-98.6083984375,130.2685546875
0.2451348,-99.7607421875,-98.7548828125,137.1533203125
0.2460727,-101.1279296875,-98.5595703125,140.2783203125
0.2470047,-101.6650390625,-97.6806640625,139.1552734375
0.2479444,-102.5439453125,-98.8037109375,134.4189453125
0.2488735,-101.5185546875,-99.4873046875,127.6318359375
0.2498087,-99.1259765625,-100.5126953125,122.5048828125
0.250729,-96.2939453125,-101.5869140625,118.5986328125
0.2516694,-93.4130859375,-101.6845703125,114.9853515625
0.2525943,-90.9716796875,-103.6376953125,109.9072265625
0.2535347,-87.6513671875,-103.7841796875,105.3662109375
0.2544639,-84.6728515625,-105.2490234375,101.1181640625
0.255401,-82.6220703125,-105.9326171875,96.3818359375
0.2563269,-82.3291015625,-107.1044921875,92.4267578125
0.2572568,-82.5732421875,-106.9091796875,87.8857421875
0.2581717,-83.4521484375,-109.0576171875,83.6376953125
0.2591046,-84.3310546875,-108.7646484375,79.2431640625
0.2600477,-85.4052734375,-110.1806640625,75.0927734375
0.2609752,-86.0400390625,-110.9130859375,75.6787109375
0.2619062,-86.9677734375,-110.3759765625,84.2236328125
0.2629394,-88.7255859375,-109.0087890625,101.1181640625
0.2639142,-90.0439453125,-107.4951171875,116.9384765625
0.2651427,-91.1669921875,-106.8603515625,131.4404296875
0.2661289,-92.3876953125,-106.2255859375,141.2548828125
0.2670762,-94.2431640625,-106.4697265625,147.8466796875
0.2680147,-95.8056640625,-106.1767578125,150.0927734375
0.2689589,-96.6845703125,-106.7626953125,146.2841796875
0.2698862,-97.3681640625,-107.2021484375,139.9853515625
0.2708179,-96.8310546875,-108.2275390625,135.1025390625
0.2717468,-94.1455078125,-108.6669921875,131.6357421875
0.2726725,-90.6298828125,-108.8134765625,126.6552734375
0.2736097,-88.1884765625,-108.5693359375,122.1142578125
0.274547,-84.9658203125,-108.9111328125,116.5478515625
0.2754948,-82.7197265625,-110.1318359375,111.6650390625
0.2764457,-80.9130859375,-110.0830078125,107.8564453125
0.2774139,-79.7412109375,-111.0107421875,104.2919921875
0.2784086,-80.1806640625,-111.2548828125,99.2626953125
0.279403,-80.1318359375,-111.5966796875,95.7958984375
0.2808404,-80.7666015625,-112.8662109375,91.7919921875
0.2961958,-82.1826171875,-112.8173828125,86.7138671875
0.3322036,-83.1591796875,-113.2568359375,84.1259765625
0.355681,-84.5751953125,-114.0380859375,83.4912109375
0.3907637,-85.4541015625,-112.8662109375,90.9619140625
0.4157684,-86.5771484375,-110.9130859375,106.9287109375
0.4554274,-88.2373046875,-110.4248046875,121.2353515625
0.4796145,-89.4091796875,-109.9853515625,133.1005859375
0.5094843,-90.8740234375,-108.8623046875,141.8408203125
0.559033,-93.1201171875,-107.9833984375,146.1865234375
0.5911604,-94.4384765625,-107.3974609375,147.0654296875
0.597159,-95.3662109375,-107.9833984375,142.9638671875
0.6350654,-96.3427734375,-109.2041015625,136.8115234375
0.6591183,-94.4873046875,-109.8876953125,130.7568359375
0.6996321,-92.2412109375,-109.6923828125,125.8740234375
0.7198016,-88.7744140625,-110.0830078125,121.9677734375
0.7568362,-86.7236328125,-109.0576171875,117.6708984375
0.7762309,-83.4033203125,-110.1806640625,113.2763671875
0.8240634,-81.4990234375,-110.0830078125,107.8564453125
0.8430737,-78.4228515625,-111.0595703125,104.2431640625
0.8801486,-78.0810546875,-110.1806640625,99.6533203125
0.9000166,-77.6904296875,-110.1318359375,96.3818359375
0.9364173,-79.0576171875,-111.1083984375,92.6220703125
0.9624776,-80.9619140625,-111.4013671875,88.1787109375
1.0004826,-81.4501953125,-112.3779296875,84.4189453125
1.0204279,-81.6943359375,-112.6220703125,81.9287109375
1.0554333,-82.7685546875,-112.9638671875,84.2236328125
1.0814896,-82.8662109375,-111.0595703125,95.6982421875
1.1176296,-84.7216796875,-110.6689453125,111.0302734375
1.1426586,-85.6982421875,-109.4482421875,124.2626953125
1.1793194,-87.5048828125,-108.4228515625,134.2236328125
1.198246,-89.4580078125,-107.7880859375,141.8896484375
1.2342686,-90.7763671875,-108.1298828125,145.3564453125
1.2637309,-91.8505859375,-107.9345703125,145.4052734375
1.3012289,-92.8759765625,-107.9345703125,139.6435546875
1.323197,-93.7548828125,-108.3251953125,133.0029296875
1.3608414,-90.9716796875,-108.2275390625,128.3642578125
1.3811539,-88.9208984375,-108.0322265625,123.5302734375
1.417134,-85.8935546875,-108.6669921875,119.6728515625
1.4427447,-82.4755859375,-108.3740234375,117.3291015625
1.4837187,-79.5458984375,-108.9599609375,113.2275390625
1.5033452,-76.8603515625,-109.6435546875,108.9306640625
1.5406499,-75.2978515625,-109.8876953125,105.2197265625
1.5648578,-74.9072265625,-110.0830078125,101.4111328125
1.6011515,-76.0302734375,-111.3525390625,98.3837890625
1.6257075,-76.9580078125,-111.2060546875,94.5263671875
1.6623283,-77.8369140625,-111.6455078125,90.7177734375
1.6839653,-78.7158203125,-112.1337890625,87.3486328125
1.7187548,-79.7412109375,-112.3291015625,83.5400390625
1.7441305,-81.3525390625,-112.4267578125,83.9306640625
1.7796509,-82.7685546875,-111.7919921875,95.4052734375
1.805459,-84.7216796875,-109.3505859375,112.5927734375
1.8408929,-86.5771484375,-108.0810546875,126.1181640625
1.8644506,-86.8701171875,-108.1787109375,137.2021484375
1.9009714,-88.3349609375,-107.1533203125,145.9423828125
1.9229081,-90.5322265625,-106.6162109375,150.5322265625
1.9646696,-92.0947265625,-106.8115234375,151.8505859375
1.986112,-93.0224609375,-106.5185546875,147.8466796875
2.0241361,-94.8779296875,-107.2021484375,141.8896484375
2.0461072,-93.2177734375,-108.0322265625,136.8115234375
2.0852941,-89.5068359375,-107.9833984375,132.9541015625
2.1060133,-86.4306640625,-107.9345703125,129.6337890625
2.1428924,-82.7685546875,-107.7392578125,125.5810546875
2.1679937,-80.1318359375,-108.5205078125,121.3330078125
2.2037199,-78.2275390625,-108.7158203125,117.0361328125
2.2343827,-75.7861328125,-108.3251953125,112.5927734375
2.2563935,-73.8330078125,-108.5693359375,109.7119140625
2.2893931,-74.7119140625,-109.0576171875,106.1474609375
2.3321562,-75.7373046875,-109.3505859375,101.8017578125
2.3637523,-76.2255859375,-109.7412109375,98.2861328125
2.3795791,-78.5205078125,-109.9365234375,94.0380859375
2.4187919,-78.6181640625,-109.7412109375,90.6201171875
2.4381633,-80.1318359375,-109.7900390625,89.3505859375
2.4761553,-81.9873046875,-108.8134765625,95.1123046875
2.4984809,-83.5986328125,-108.2763671875,109.3212890625
2.5323945,-85.0146484375,-105.8837890625,123.1884765625
2.561005,-86.4794921875,-105.1513671875,135.4931640625
2.5950838,-87.9931640625,-104.1748046875,143.9404296875
2.6220361,-89.7509765625,-104.7607421875,149.6533203125
2.6580844,-92.0458984375,-103.4423828125,152.6318359375
2.6795764,-93.0224609375,-103.5888671875,150.8251953125
2.7170257,-93.7060546875,-103.7353515625,145.8447265625
2.7389999,-94.0478515625,-103.9794921875,139.0576171875
2.7740241,-91.0693359375,-104.5166015625,135.4443359375
2.8000239,-88.8232421875,-104.8583984375,132.5634765625
2.8375559,-85.2099609375,-104.6630859375,129.5849609375
2.862254,-82.2314453125,-105.2490234375,126.4599609375
2.8918477,-79.1552734375,-106.2744140625,122.8955078125
2.9198845,-77.1533203125,-106.1279296875,117.6220703125
2.9545368,-75.5908203125,-106.1279296875,114.1552734375
2.9830288,-74.4677734375,-107.4951171875,109.1748046875
3.0197943,-76.0791015625,-107.3974609375,105.7568359375
3.0457849,-76.8603515625,-107.6416015625,101.7529296875
3.0705686,-78.2275390625,-107.7880859375,97.2119140625
3.1167053,-79.1552734375,-107.5439453125,93.0126953125
3.1377535,-80.6201171875,-107.9345703125,88.4716796875
3.1619046,-82.7685546875,-107.5439453125,86.1767578125
3.2116232,-83.4521484375,-107.2998046875,91.7431640625
3.2215367,-85.6982421875,-105.0048828125,104.8291015625
3.2577201,-87.7490234375,-104.3212890625,118.8916015625
3.2885511,-89.0185546875,-104.0771484375,129.4384765625
3.3138456,-90.6787109375,-103.0517578125,136.2255859375
3.3451618,-92.4365234375,-101.7822265625,140.9619140625
3.3761509,-94.2431640625,-101.1474609375,143.2080078125
3.4043174,-96.0986328125,-101.5869140625,141.0595703125
3.432289,-96.8310546875,-101.3916015625,136.6162109375
3.4678108,-97.3193359375,-102.8076171875,132.5634765625
3.4937333,-94.5849609375,-103.2470703125,129.7314453125
3.5269201,-90.6298828125,-102.2705078125,126.6552734375
3.5545805,-88.3837890625,-103.4423828125,124.0185546875
3.5831755,-85.7958984375,-104.3701171875,119.1357421875
3.6160256,-83.7451171875,-104.4189453125,115.4736328125
3.6444058,-80.9619140625,-104.7119140625,111.3720703125
3.6774562,-78.6181640625,-104.4189453125,107.7587890625
3.7067079,-77.5439453125,-104.6142578125,103.6083984375
3.7354697,-78.9111328125,-104.2236328125,99.8974609375
3.76337,-79.6435546875,-105.2978515625,96.1376953125
3.7967578,-81.2060546875,-105.4443359375,92.4755859375
3.8260199,-82.4267578125,-105.5419921875,87.6904296875
3.8577397,-83.8427734375,-105.5419921875,83.1494140625
3.886991,-84.7705078125,-105.5419921875,84.4677734375
3.9162526,-85.5517578125,-103.3447265625,95.0146484375
3.9482526,-87.6025390625,-102.2705078125,108.5400390625
3.9777318,-89.1162109375,-101.2451171875,119.1845703125
4.0106691,-91.0693359375,-101.3427734375,127.5830078125
4.0381569,-92.3388671875,-101.0009765625,133.8330078125
4.0658568,-93.9013671875,-101.1962890625,135.7861328125
4.0973175,-95.9033203125,-100.1220703125,135.4931640625
4.1275465,-96.8310546875,-101.9287109375,131.3427734375
4.1578746,-97.6611328125,-102.3193359375,127.7294921875
4.1911416,-97.4658203125,-101.9287109375,123.5791015625
4.2183214,-93.2177734375,-102.3681640625,121.2353515625
4.2480485,-90.9716796875,-102.7587890625,119.0869140625
4.2790526,-87.6025390625,-103.5400390625,116.4013671875
4.3095606,-83.7451171875,-103.6376953125,113.4228515625
4.3414845,-81.9873046875,-104.3212890625,109.5166015625
4.3717103,-79.9365234375,-103.7353515625,106.1962890625
4.3992928,-78.9111328125,-104.6630859375,102.9248046875
4.4326029,-79.3994140625,-105.0048828125,99.5556640625
4.4605879,-80.6201171875,-105.8349609375,96.0888671875
4.4892705,-81.7919921875,-106.7138671875,92.3779296875
4.5225049,-82.4755859375,-106.9091796875,89.1064453125
4.5620235,-83.2080078125,-107.7880859375,85.6884765625
4.5795836,-85.2099609375,-107.7392578125,85.9326171875
4.6114323,-86.3818359375,-105.6884765625,94.8193359375
4.6474732,-88.0419921875,-105.4443359375,106.3427734375
4.6731319,-89.1650390625,-104.2236328125,117.8173828125
4.7222492,-90.9228515625,-103.6376953125,127.7294921875
4.7440469,-92.3388671875,-103.2958984375,134.5654296875
4.7633398,-94.2919921875,-103.3935546875,138.8134765625
4.8004839,-95.7080078125,-101.9775390625,139.8876953125
4.8223534,-97.8076171875,-102.5146484375,137.7392578125
4.855059,-98.7841796875,-104.3701171875,133.5400390625
4.8924035,-99.9072265625,-104.0771484375,129.8779296875
4.9112965,-97.2216796875,-104.2724609375,126.3134765625
4.9443701,-92.9248046875,-104.4677734375,123.1396484375
4.9803056,-89.6044921875,-105.0048828125,120.4052734375
5.0068161,-85.2099609375,-105.2001953125,116.6943359375
5.0343463,-82.2802734375,-106.1767578125,112.8857421875
5.0684383,-78.8134765625,-107.1533203125,108.7353515625
5.0949331,-76.7626953125,-107.4462890625,105.9521484375
5.1289285,-75.8837890625,-108.1298828125,102.3876953125
5.153268,-76.9580078125,-108.1787109375,98.8232421875
5.1892722,-77.6416015625,-109.0087890625,95.0146484375
5.2148286,-79.4970703125,-110.2783203125,92.8173828125
5.2588852,-80.6201171875,-110.3759765625,89.2041015625
5.280719,-81.1083984375,-110.2294921875,86.8115234375
5.3026824,-82.8662109375,-110.3759765625,90.6689453125
5.3406428,-84.4287109375,-108.3740234375,101.4599609375
5.3641464,-85.6982421875,-107.5927734375,113.4228515625
5.4031387,-87.5537109375,-107.1044921875,123.0419921875
5.4271404,-87.6513671875,-106.5673828125,129.8779296875
5.4548062,-90.2880859375,-106.6162109375,134.9072265625
5.4908317,-91.5576171875,-106.0791015625,138.9111328125
5.5162102,-93.5107421875,-106.4208984375,137.5927734375
5.5522457,-96.1962890625,-107.3974609375,133.9306640625
5.5781839,-96.5380859375,-107.6904296875,129.6337890625
5.6152792,-96.1962890625,-107.6904296875,126.4111328125
5.6350154,-92.6806640625,-108.4228515625,123.9697265625
5.6698545,-88.5791015625,-108.5693359375,121.1376953125
5.695053,-85.8447265625,-108.8623046875,117.8173828125
5.7300039,-81.5478515625,-109.8876953125,113.5205078125
5.7571632,-78.8134765625,-109.3994140625,109.8095703125
5.7916445,-76.3720703125,-110.6689453125,106.3916015625
5.8166201,-75.3466796875,-111.1572265625,102.8271484375
5.8545935,-75.4931640625,-111.2548828125,99.4091796875
5.8748831,-76.5185546875,-112.4267578125,96.3330078125
5.9119289,-77.5439453125,-112.2802734375,93.1591796875
5.9375906,-78.2275390625,-112.6220703125,88.1298828125
5.9706072,-79.2529296875,-113.6962890625,85.5908203125
5.9996387,-81.2060546875,-112.9150390625,87.0556640625
6.0361278,-82.6220703125,-111.5966796875,96.3330078125
6.0615705,-84.0869140625,-109.6435546875,107.7099609375
6.0989957,-85.1611328125,-110.1318359375,117.2314453125
6.1184852,-87.2119140625,-109.3505859375,124.1162109375
6.1582212,-88.4326171875,-108.9111328125,129.5849609375
6.1802739,-89.7021484375,-108.0810546875,131.5869140625
6.2193068,-91.7529296875,-108.0322265625,131.3427734375
6.2401967,-93.0712890625,-109.2041015625,127.3388671875
6.2785979,-94.1943359375,-109.1552734375,123.7255859375
6.3043776,-94.2919921875,-109.6923828125,121.3330078125
6.3388744,-92.2900390625,-108.1298828125,117.7685546875
6.3618954,-87.8466796875,-109.6923828125,115.2294921875
6.3938689,-85.4541015625,-110.2783203125,112.7392578125
6.4319367,-82.6220703125,-110.0830078125,109.8095703125
6.4524444,-80.4736328125,-109.9365234375,106.6357421875
6.4909581,-77.8857421875,-110.3759765625,103.4619140625
6.5123474,-76.8115234375,-111.0595703125,100.4345703125
6.5559308,-77.2021484375,-111.7919921875,96.5771484375
6.5763293,-77.9345703125,-111.6943359375,93.4521484375
6.6138779,-78.3251953125,-111.9384765625,89.9365234375
6.6304615,-79.6435546875,-113.0615234375,85.0537109375
6.666845,-80.6201171875,-112.5732421875,82.9541015625
6.6929198,-82.0361328125,-111.6455078125,86.8115234375
6.7272832,-84.1357421875,-110.1318359375,95.1123046875
6.7538882,-85.7470703125,-109.2041015625,105.8056640625
6.7932618,-87.4560546875,-108.3251953125,116.9873046875
6.8172643,-89.6533203125,-107.2998046875,124.4580078125
6.8564818,-90.8740234375,-107.3486328125,130.4150390625
6.8725981,-92.5830078125,-105.9326171875,134.1748046875
6.9186009,-94.5361328125,-105.9814453125,134.0283203125
6.9394405,-96.2451171875,-106.8115234375,130.6591796875
6.9619323,-97.2705078125,-106.7626953125,127.1923828125
6.9988255,-97.8076171875,-106.8115234375,125.0927734375
7.0267144,-94.2919921875,-107.0068359375,122.1630859375
7.0625234,-91.2646484375,-107.1533203125,120.0634765625
7.0903258,-88.1884765625,-108.3740234375,117.0361328125
7.1133428,-84.4775390625,-108.1787109375,113.4716796875
7.1540578,-81.0107421875,-108.1787109375,109.3212890625
7.1865149,-78.5693359375,-109.1064453125,106.6357421875
7.2035082,-76.1279296875,-108.9111328125,103.6572265625
7.2488153,-76.2744140625,-109.4970703125,99.6533203125
7.2807121,-77.3486328125,-109.8388671875,95.5029296875
7.2941721,-78.6181640625,-110.1806640625,92.3291015625
7.3304476,-79.3505859375,-110.9619140625,89.0087890625
7.3589234,-80.6201171875,-111.6455078125,86.8603515625
7.3956324,-82.0849609375,-110.7177734375,89.1552734375
7.4180269,-83.7451171875,-108.2275390625,99.4091796875
7.4569961,-85.5029296875,-107.5439453125,111.1767578125
7.4771875,-87.3583984375,-107.0068359375,121.7236328125
7.5113156,-89.0673828125,-105.0048828125,131.2939453125
7.5363269,-90.8740234375,-105.1025390625,138.7646484375
7.5808356,-92.3876953125,-103.7841796875,141.7431640625
7.6018599,-94.3896484375,-103.0029296875,142.5732421875
7.6293556,-96.6845703125,-103.7841796875,139.3994140625
7.6653517,-97.3193359375,-103.4912109375,135.9326171875
7.6858351,-98.2470703125,-103.9306640625,132.9541015625
7.7223439,-94.7802734375,-103.9306640625,130.6103515625
7.7489621,-91.4599609375,-103.4423828125,127.8271484375
7.7869466,-88.4814453125,-103.8330078125,124.2626953125
7.8091833,-84.8681640625,-103.7841796875,119.7216796875
7.8458078,-81.6943359375,-102.9541015625,115.9619140625
7.8656935,-78.8623046875,-103.6865234375,111.8603515625
7.9008211,-76.2255859375,-103.6865234375,108.2958984375
7.9288586,-76.6650390625,-103.3935546875,104.1455078125
7.964292,-77.1044921875,-103.6376953125,100.4345703125
7.9908278,-78.2275390625,-103.0029296875,96.6259765625
8.0315486,-79.5947265625,-103.5400390625,93.4521484375
8.0519793,-80.9130859375,-103.3447265625,89.6435546875
8.0798203,-83.1103515625,-102.3193359375,92.5732421875
8.1172471,-84.0869140625,-100.4150390625,102.0458984375
8.1403642,-86.2841796875,-98.6572265625,113.4228515625
8.1754104,-87.5537109375,-98.9990234375,122.0654296875
8.1997287,-89.7021484375,-96.7529296875,130.1220703125
8.2368693,-91.8017578125,-96.5087890625,136.2744140625
8.2598739,-92.9736328125,-95.3857421875,140.8642578125
8.2924967,-94.2431640625,-94.3603515625,141.3525390625
8.3210868,-96.1474609375,-95.5322265625,137.8857421875
8.3566945,-96.2451171875,-95.2392578125,134.1748046875
8.3840043,-97.4658203125,-94.7021484375,131.0009765625
8.4129253,-95.7080078125,-94.3115234375,128.8525390625
8.4444725,-91.1669921875,-93.6279296875,125.6787109375
8.4727369,-87.2119140625,-94.5556640625,121.6748046875
8.502446,-83.9892578125,-93.9208984375,118.5986328125
8.5297672,-79.8388671875,-93.9208984375,115.6689453125
8.5638137,-77.4951171875,-93.4814453125,111.6162109375
8.5919548,-75.2001953125,-94.0673828125,109.1259765625
8.6276366,-73.4423828125,-93.6767578125,104.4873046875
8.6530447,-74.9560546875,-93.8232421875,100.9716796875
8.6871239,-75.9814453125,-94.3115234375,96.9677734375
8.715433,-76.2744140625,-94.2138671875,93.3056640625
8.7440699,-78.3251953125,-94.3603515625,91.4990234375
8.77668,-79.6923828125,-92.9931640625,96.1865234375
8.8059311,-80.6201171875,-90.4052734375,106.0986328125
8.8331271,-83.3544921875,-89.6240234375,115.6201171875
8.8636811,-83.9892578125,-87.4267578125,122.7978515625
8.8971296,-86.1865234375,-86.5478515625,129.1943359375
8.9248961,-87.8466796875,-85.5712890625,134.0771484375
8.956276,-88.8720703125,-84.9853515625,136.4697265625
8.9863056,-90.7763671875,-85.2783203125,134.1748046875
9.0133189,-92.8271484375,-85.2783203125,130.4150390625
9.0472176,-94.1943359375,-84.7412109375,127.9248046875
9.0753425,-95.3662109375,-84.7412109375,124.3603515625
9.1093115,-92.5830078125,-84.6435546875,120.8935546875
9.1373663,-88.0908203125,-84.2529296875,117.1337890625
9.1648462,-85.0634765625,-85.1806640625,114.2529296875
9.1997594,-81.4990234375,-85.0341796875,110.2978515625
9.2272179,-78.3251953125,-85.4248046875,106.4892578125
9.2573264,-74.9560546875,-85.7177734375,102.6806640625
9.2898375,-72.9052734375,-86.4013671875,99.7509765625
9.31789,-72.1728515625,-85.8642578125,95.9423828125
9.3475697,-72.9052734375,-85.9619140625,92.1337890625
9.3788728,-74.0771484375,-86.5478515625,88.4716796875
9.4078911,-74.8095703125,-86.6455078125,84.7119140625
9.43983,-76.5185546875,-86.9384765625,83.8330078125
9.4679637,-77.6416015625,-84.6435546875,91.6455078125
9.5058718,-78.5205078125,-84.0087890625,100.9228515625
9.5298712,-79.8876953125,-82.9833984375,110.7373046875
9.5579888,-81.5478515625,-82.1533203125,118.8916015625
9.5878757,-82.7197265625,-81.0302734375,125.8740234375
9.6218837,-83.0615234375,-79.4189453125,130.8544921875
9.6498889,-84.9658203125,-79.4677734375,132.6123046875
9.6778769,-86.5283203125,-79.5654296875,130.6591796875
9.7098735,-87.6513671875,-80.8349609375,126.3623046875
9.749838,-89.0673828125,-81.5673828125,123.4326171875
9.7717343,-89.2138671875,-81.2255859375,120.1123046875
9.7997655,-85.0634765625,-81.6650390625,117.5244140625
9.8307887,-80.8154296875,-81.3232421875,113.8134765625
9.8653752,-77.0068359375,-81.9091796875,110.5419921875
9.8899565,-73.0029296875,-81.3720703125,107.7099609375
9.929722,-69.1455078125,-82.2509765625,104.1455078125
9.9518986,-66.6552734375,-82.9345703125,100.7763671875
9.9796872,-63.7744140625,-83.2763671875,96.8212890625
10.0215656,-62.9443359375,-83.3740234375,93.3056640625
10.042565,-63.4814453125,-83.9111328125,89.5947265625
10.0789543,-64.6044921875,-84.3017578125,86.3720703125
10.1018672,-66.6064453125,-84.9853515625,82.4658203125
10.1318959,-68.6083984375,-85.0830078125,82.7099609375
10.1608665,-70.9033203125,-82.5439453125,89.7900390625
10.1989134,-72.8564453125,-81.8115234375,100.2392578125
10.220356,-74.7607421875,-80.9326171875,109.7607421875
10.2604273,-76.0791015625,-79.9560546875,118.1103515625
10.2832597,-78.2275390625,-79.7607421875,123.9208984375
10.3173652,-80.8642578125,-78.6865234375,127.8271484375
10.3465272,-82.0361328125,-78.7353515625,128.9990234375
10.3830456,-84.0869140625,-78.2470703125,126.3623046875
10.4025565,-86.1865234375,-79.0283203125,122.6025390625
10.4422498,-87.1630859375,-79.2236328125,118.6474609375
10.4642485,-88.2373046875,-79.0771484375,116.0107421875
10.4994177,-84.2822265625,-79.5654296875,113.4228515625
10.5244413,-81.1572265625,-79.7119140625,109.3701171875
10.5612499,-77.8857421875,-80.5908203125,105.9521484375
10.5822598,-74.4677734375,-80.2001953125,101.9970703125
10.6196301,-70.5126953125,-81.0791015625,97.9931640625
10.6436124,-67.4365234375,-80.8837890625,95.1123046875
10.6776419,-65.3857421875,-81.6162109375,90.9619140625
10.7058236,-65.0439453125,-82.8857421875,88.0810546875
10.7438209,-66.3623046875,-82.9345703125,83.0517578125
10.7658141,-68.4130859375,-83.9111328125,79.7314453125
10.8006736,-69.7314453125,-84.2041015625,78.4130859375
10.8279383,-71.1962890625,-82.9345703125,83.1494140625
10.8624495,-71.8310546875,-80.5419921875,90.7666015625
10.8861772,-73.8330078125,-80.3466796875,99.9951171875
10.9236757,-75.4443359375,-79.2724609375,108.6865234375
10.9488421,-77.6904296875,-79.1259765625,114.1064453125
10.9842809,-79.7412109375,-77.3681640625,117.3779296875
11.008253,-80.6689453125,-77.8564453125,118.3056640625
11.0443009,-82.4755859375,-77.7099609375,116.0107421875
11.0653058,-84.1357421875,-79.1259765625,112.1044921875
11.1009924,-85.7470703125,-78.5400390625,109.3701171875
11.1286905,-87.4072265625,-79.2236328125,106.0009765625
11.1695483,-86.5771484375,-78.9306640625,102.9736328125
11.1895449,-82.2314453125,-80.2001953125,100.0439453125
11.2258058,-79.3505859375,-81.4208984375,96.5283203125
11.2456098,-75.6396484375,-81.9091796875,92.8662109375
11.2839599,-72.3193359375,-82.4951171875,88.5693359375
11.3082168,-68.6572265625,-82.6904296875,83.8330078125
11.3414717,-66.4599609375,-82.6904296875,80.8544921875
11.3695431,-65.8740234375,-83.5205078125,77.3388671875
11.4045975,-67.7294921875,-83.9111328125,71.6748046875
11.4311912,-69.0478515625,-84.3017578125,68.2568359375
11.4680558,-70.4150390625,-85.4736328125,66.6455078125
11.4925164,-72.0751953125,-84.1064453125,68.7451171875
11.5282691,-73.5400390625,-81.9091796875,76.5087890625
11.5493701,-75.5908203125,-81.3232421875,85.5419921875
11.5846088,-77.1533203125,-80.0048828125,93.6962890625
11.6096404,-79.4482421875,-79.4677734375,100.2880859375
11.6455671,-80.8642578125,-79.1259765625,106.1474609375
11.6719192,-82.6708984375,-78.1494140625,109.6630859375
11.7063479,-84.6240234375,-77.7099609375,109.6630859375
11.7272275,-85.9423828125,-78.6865234375,106.6845703125
11.7650113,-87.5537109375,-79.5166015625,103.9501953125
11.7891081,-88.0419921875,-79.1259765625,100.4833984375
11.8248867,-88.0908203125,-79.9560546875,97.8466796875
11.8529806,-84.5751953125,-79.7119140625,95.4541015625
11.8900666,-81.1572265625,-80.6884765625,92.7197265625
11.9146932,-76.4697265625,-81.3232421875,88.9599609375
11.95117,-73.4912109375,-81.5673828125,85.9326171875
11.9713007,-69.0478515625,-82.0068359375,83.2958984375
12.0092555,-65.5322265625,-83.3740234375,79.5849609375
12.0322172,-64.5556640625,-83.1298828125,76.4599609375
12.0696926,-64.5068359375,-83.8623046875,72.2607421875
12.0948518,-66.6552734375,-84.3994140625,68.7451171875
12.1318565,-68.5107421875,-84.9365234375,65.9130859375
12.1560127,-69.2919921875,-84.7412109375,66.3037109375
12.1919891,-70.9033203125,-84.5458984375,72.9443359375
12.2143586,-72.2216796875,-83.6669921875,82.3681640625
12.252702,-73.3935546875,-82.4951171875,91.6943359375
12.2753426,-76.1767578125,-82.5439453125,99.2626953125
12.3044022,-78.5205078125,-81.3720703125,105.0732421875
12.3394966,-79.6923828125,-80.8837890625,108.3447265625
12.3633637,-81.8408203125,-80.4931640625,109.6630859375
12.3985888,-83.3056640625,-80.3955078125,108.0517578125
12.4255492,-84.9658203125,-82.1533203125,104.7802734375
12.4650339,-86.3818359375,-82.6904296875,102.7783203125
12.484873,-88.1396484375,-82.8857421875,100.4345703125
12.524733,-87.4072265625,-83.6181640625,97.8466796875
12.5428043,-83.7451171875,-83.5205078125,95.1611328125
12.578173,-79.3017578125,-84.0087890625,92.1826171875
12.6056983,-75.4931640625,-84.0576171875,88.6669921875
12.640451,-71.2939453125,-85.2783203125,85.8349609375
12.6679602,-67.9736328125,-85.4736328125,82.2705078125
12.6967079,-65.9228515625,-86.3525390625,78.4619140625
12.7339996,-64.9462890625,-87.2314453125,74.5556640625
12.7569961,-67.0947265625,-87.4267578125,70.6494140625
12.7930787,-68.8037109375,-88.4033203125,67.2314453125
12.8186232,-70.0732421875,-88.5009765625,65.6689453125
12.8531687,-72.3681640625,-87.6220703125,71.1376953125
12.8741907,-74.6142578125,-86.2548828125,80.0244140625
12.9227887,-77.0556640625,-85.1318359375,89.2041015625
12.9427021,-79.4970703125,-84.6923828125,95.9423828125
12.9671397,-82.2314453125,-84.5947265625,102.2412109375
13.0035122,-83.7939453125,-82.7392578125,105.5615234375
13.0263889,-85.9423828125,-82.3974609375,107.7587890625
13.0606674,-88.7744140625,-82.7880859375,106.4404296875
13.0895849,-90.5322265625,-83.5693359375,103.5595703125
13.1253182,-92.5341796875,-82.5927734375,101.0693359375
13.1510554,-94.1455078125,-82.9833984375,98.2861328125
13.1792139,-94.5361328125,-83.3740234375,96.1865234375
13.2136405,-90.4833984375,-84.0576171875,92.7685546875
13.2415282,-88.2373046875,-84.5947265625,90.1318359375
13.2691786,-84.7705078125,-84.9365234375,86.6162109375
13.3039486,-81.4501953125,-85.8154296875,83.2470703125
13.330991,-79.4970703125,-85.5712890625,80.0732421875
13.3657458,-77.6416015625,-86.3037109375,76.9482421875
13.3931709,-77.4462890625,-86.4501953125,73.3349609375
13.4202043,-78.2763671875,-87.1337890625,69.8193359375
13.4498957,-80.2294921875,-86.7431640625,66.6943359375
13.4858808,-81.5966796875,-87.4267578125,67.2802734375
13.5112241,-83.1103515625,-85.5712890625,72.7001953125
13.5479819,-84.3798828125,-84.3017578125,83.4912109375
13.5711841,-86.2353515625,-83.0810546875,92.5732421875
13.6016799,-88.4814453125,-82.2509765625,99.9951171875
13.6309507,-89.8974609375,-80.9326171875,105.2197265625
13.6641805,-91.6064453125,-80.4443359375,108.9794921875
13.6892416,-93.5595703125,-79.8095703125,110.8349609375
13.7329168,-94.9755859375,-80.0048828125,108.4912109375
13.7523909,-96.7822265625,-80.5908203125,105.3173828125
13.7815625,-99.1748046875,-81.3232421875,103.2666015625
13.8178227,-99.7119140625,-82.4462890625,100.2392578125
13.8424137,-99.3212890625,-82.5927734375,97.4560546875
13.8762106,-96.7333984375,-83.1787109375,94.5751953125
13.904589,-92.8759765625,-84.2041015625,91.6943359375
13.9332877,-89.1162109375,-85.1806640625,88.0322265625
13.9658844,-86.0888671875,-85.2783203125,84.5166015625
13.9944143,-82.4755859375,-85.6201171875,81.0498046875
14.0241143,-79.7412109375,-86.7919921875,76.9970703125
14.0549583,-78.0810546875,-86.7919921875,74.1650390625
14.0832562,-77.9833984375,-87.2802734375,70.1611328125
14.1135802,-79.6435546875,-88.8427734375,67.0849609375
14.1457838,-81.0107421875,-88.1103515625,71.4306640625
14.1755541,-82.1826171875,-86.6455078125,80.5126953125
14.2060636,-84.0869140625,-85.2294921875,89.2529296875
14.2369585,-85.3076171875,-84.5458984375,98.8232421875
14.2646613,-87.7490234375,-83.5205078125,104.7314453125
14.2974206,-89.4580078125,-81.7626953125,108.3447265625
14.3248566,-90.8251953125,-81.1279296875,110.6396484375
14.355264,-93.3642578125,-82.2021484375,109.7119140625
14.3882036,-95.3173828125,-82.2998046875,107.2216796875
14.4166116,-96.6357421875,-82.7392578125,103.7548828125
14.4440826,-98.4912109375,-83.9111328125,100.1416015625
14.476902,-99.4189453125,-85.5224609375,96.7724609375
14.5061354,-97.6123046875,-84.7900390625,93.6474609375
14.5385235,-93.9990234375,-85.6201171875,89.9853515625
14.5729519,-89.4091796875,-86.4501953125,87.5439453125
14.5944744,-85.9912109375,-86.0107421875,83.4912109375
14.6286847,-81.4501953125,-87.4267578125,80.4150390625
14.6577576,-78.0322265625,-87.8662109375,75.8251953125
14.6878148,-75.2978515625,-88.7451171875,72.6513671875
14.7194176,-73.8330078125,-88.9892578125,68.3544921875
14.7478942,-75.8349609375,-90.1123046875,65.0341796875
14.7869384,-76.8603515625,-90.3564453125,62.7880859375
14.8095376,-78.3740234375,-91.2841796875,66.0107421875
14.8376648,-80.7177734375,-88.7451171875,74.8486328125
14.8695084,-81.8408203125,-88.2080078125,83.1982421875
14.9075075,-84.5263671875,-87.3779296875,92.0849609375
14.9255697,-86.3818359375,-87.0361328125,96.9677734375
14.9706161,-88.7255859375,-85.9130859375,100.7763671875
14.9886125,-89.7998046875,-85.6201171875,103.0712890625
15.0177545,-91.8505859375,-86.2548828125,101.6064453125
15.0516265,-92.8271484375,-87.5732421875,98.9208984375
15.0795992,-94.0478515625,-88.5498046875,95.8935546875
15.1115985,-95.6591796875,-88.2080078125,92.7685546875
15.1455354,-96.0498046875,-88.5986328125,90.6689453125
15.1690238,-95.1220703125,-89.4775390625,87.9345703125
15.2030133,-91.0205078125,-90.7470703125,85.7861328125
15.2399681,-87.2607421875,-90.6982421875,82.2705078125
15.2609655,-82.6220703125,-91.5771484375,78.6083984375
15.2920162,-78.9111328125,-92.3583984375,74.4091796875
15.3271314,-76.5185546875,-93.1884765625,70.9423828125
15.3491426,-74.5166015625,-94.1650390625,67.1826171875
15.3919242,-72.9052734375,-94.4580078125,64.0576171875
15.411081,-74.1748046875,-94.3603515625,59.4677734375
15.4463529,-76.2744140625,-94.9951171875,58.2958984375
15.4722913,-77.5439453125,-93.3349609375,59.9560546875
15.5093205,-79.1064453125,-92.6025390625,67.2802734375
15.5351984,-81.4501953125,-92.1630859375,75.4345703125
15.5624186,-83.5986328125,-92.1630859375,81.9287109375
15.5986298,-85.6005859375,-91.3818359375,88.0810546875
15.62263,-87.3583984375,-91.4794921875,92.2802734375
15.6570937,-89.9951171875,-90.2587890625,94.4775390625
15.6808653,-92.2900390625,-91.1865234375,94.3310546875
15.719626,-93.7060546875,-91.8701171875,91.8896484375
15.7434587,-95.6103515625,-92.0166015625,89.3994140625
15.7786529,-97.4169921875,-92.6513671875,86.9091796875
15.8036518,-97.9052734375,-91.6259765625,84.1259765625
15.8326558,-97.6123046875,-93.3837890625,81.7822265625
15.870538,-92.8759765625,-92.0166015625,79.0966796875
15.8922489,-88.8232421875,-93.3349609375,76.4599609375
15.9308513,-85.1611328125,-93.1396484375,72.8466796875
15.9554787,-82.2314453125,-93.7744140625,70.2587890625
15.9919639,-80.0830078125,-94.0673828125,66.7431640625
16.012035,-78.5693359375,-94.8974609375,62.8857421875
16.0487249,-78.8623046875,-94.9462890625,59.6142578125
16.0746688,-81.4990234375,-95.8740234375,55.7080078125
16.112362,-82.3779296875,-95.4833984375,54.2431640625
16.1355407,-84.2333984375,-94.4091796875,58.5888671875
16.1735301,-86.0400390625,-93.3349609375,66.3037109375
16.1965107,-86.9189453125,-92.7978515625,74.0673828125
16.2301772,-88.1396484375,-92.7490234375,80.6103515625
16.2605136,-90.0439453125,-91.7236328125,86.4208984375
16.2890143,-92.1923828125,-91.8212890625,91.0107421875
16.3254934,-93.5595703125,-91.6259765625,93.4033203125
16.3490816,-94.6337890625,-92.7490234375,91.9873046875
16.3867147,-96.6357421875,-93.2373046875,89.9853515625
16.4062306,-97.9541015625,-94.3115234375,88.2275390625
16.4437097,-99.6142578125,-94.7509765625,85.5419921875
16.4690408,-101.0302734375,-94.3603515625,81.7822265625
16.5079358,-98.1494140625,-94.9462890625,79.8291015625
16.5279435,-94.0966796875,-96.0205078125,76.6064453125
16.5669936,-90.1416015625,-95.9716796875,73.6279296875
16.5919521,-86.2353515625,-96.0693359375,70.0634765625
16.6190203,-83.3544921875,-97.6318359375,66.4990234375
16.6560421,-80.3271484375,-97.9248046875,63.3251953125
16.6821889,-77.5439453125,-98.0712890625,59.9072265625
16.7316261,-76.9580078125,-99.0966796875,55.9521484375
16.737398,-79.1552734375,-100.1708984375,53.0712890625
16.7771363,-80.4248046875,-100.4150390625,54.1455078125
16.7995934,-81.5966796875,-98.0712890625,60.9326171875
16.8285628,-82.7685546875,-96.8017578125,70.2099609375
16.8630391,-85.2099609375,-96.5576171875,78.9501953125
16.8915079,-86.6259765625,-95.4345703125,87.2021484375
16.9258137,-89.0185546875,-95.0439453125,93.0126953125
16.9515978,-91.3623046875,-94.7021484375,97.2607421875
16.988279,-92.5830078125,-93.8232421875,99.1162109375
17.0135591,-95.0732421875,-95.0439453125,98.6767578125
17.0479718,-97.5634765625,-96.1181640625,96.0400390625
17.0703251,-100.4443359375,-96.3134765625,94.1357421875
17.111197,-101.6650390625,-96.7041015625,92.8173828125
17.1296303,-102.6416015625,-97.0458984375,90.2294921875
17.1653884,-100.9326171875,-98.7060546875,86.4208984375
17.1917988,-97.1240234375,-98.5107421875,83.3935546875
17.2277679,-92.6318359375,-100.1708984375,79.0478515625
17.249712,-88.1396484375,-98.9501953125,74.9462890625
17.2838293,-84.9169921875,-100.0244140625,72.1630859375
17.3119492,-81.0595703125,-100.1220703125,69.0380859375
17.3466139,-77.7880859375,-100.8544921875,64.5458984375
17.3720087,-77.6416015625,-101.8310546875,60.1025390625
17.4249384,-77.6904296875,-102.1240234375,56.3427734375
17.4332038,-78.4228515625,-102.5146484375,54.5849609375
17.4718401,-79.8388671875,-102.1240234375,59.5166015625
17.4962009,-81.3525390625,-99.9267578125,69.1845703125
17.5319103,-83.3544921875,-98.9990234375,77.4853515625
17.5539257,-86.0400390625,-97.7294921875,85.6884765625
17.588979,-88.4326171875,-98.8037109375,91.7431640625
17.6140921,-90.5322265625,-96.9482421875,97.2119140625
17.650529,-92.1435546875,-96.8505859375,99.5068359375
17.6765537,-94.6337890625,-97.2412109375,97.9931640625
17.7148636,-95.9521484375,-98.3642578125,95.1123046875
17.7344273,-98.0517578125,-98.7548828125,91.5478515625
17.7733013,-100.5908203125,-99.2919921875,89.2529296875
17.7963145,-100.8837890625,-99.8779296875,86.5185546875
17.8326537,-100.8349609375,-100.1220703125,83.4423828125
17.8557842,-96.7822265625,-100.5126953125,80.2197265625
17.8921879,-92.3876953125,-101.4892578125,77.0458984375
17.912316,-89.2626953125,-102.1240234375,74.2138671875
17.9480137,-85.2587890625,-102.3193359375,69.8193359375
17.9780615,-81.5966796875,-103.4423828125,66.5478515625
18.0170436,-78.6181640625,-103.7353515625,61.9091796875
18.0363324,-77.5439453125,-104.8583984375,57.2216796875
18.0644252,-77.0556640625,-105.4443359375,54.9267578125
18.1037039,-77.9345703125,-106.1279296875,52.0458984375
18.1267082,-79.6435546875,-106.0791015625,52.5341796875
18.159709,-80.4248046875,-104.3701171875,59.9560546875
18.1878366,-82.4755859375,-103.0517578125,70.8447265625
18.2227094,-84.7705078125,-103.0517578125,79.5361328125
18.2487054,-87.0166015625,-103.3935546875,86.7626953125
18.2857007,-88.4326171875,-101.3916015625,92.1826171875
18.3077031,-90.1416015625,-101.1962890625,96.4306640625
18.3447148,-92.7783203125,-101.7822265625,95.9912109375
18.368335,-94.2431640625,-101.6845703125,93.6962890625
18.3961797,-95.0732421875,-101.8798828125,91.2060546875
18.4331837,-98.4423828125,-101.1962890625,89.4482421875
18.4581033,-99.4677734375,-100.2685546875,87.3974609375
18.4911535,-100.7861328125,-100.1220703125,85.8837890625
18.5208459,-99.2236328125,-100.8544921875,82.7099609375
18.5473526,-93.9501953125,-101.9775390625,79.8291015625
18.585844,-92.3876953125,-101.6845703125,76.9970703125
18.6108439,-89.3115234375,-101.7822265625,72.6513671875
18.6363028,-85.9423828125,-103.0029296875,68.5498046875
18.6717496,-83.8427734375,-103.9306640625,63.3251953125
18.6997664,-82.9638671875,-103.6865234375,59.9072265625
18.7284982,-82.7197265625,-104.2236328125,55.6591796875
18.76242,-83.4521484375,-105.1025390625,53.2177734375
18.7909531,-84.2333984375,-104.6630859375,54.9267578125
18.8233731,-84.6728515625,-102.7099609375,64.0087890625
18.8523865,-85.9912109375,-101.8310546875,74.7021484375
18.8802731,-87.3095703125,-99.8291015625,82.9052734375
18.9129123,-88.8232421875,-99.5849609375,90.5712890625
18.9414122,-91.3134765625,-98.3154296875,97.4072265625
18.9705074,-92.6806640625,-97.2900390625,101.0693359375
19.0035003,-94.6337890625,-95.8251953125,100.8740234375
19.0314283,-96.7333984375,-97.4853515625,99.6044921875
19.0655134,-99.2236328125,-96.8017578125,96.1865234375
19.094412,-101.7138671875,-96.3134765625,93.6474609375
19.120387,-103.4228515625,-95.9228515625,91.3037109375
19.1543955,-104.3505859375,-96.2646484375,89.5458984375
19.1845646,-103.1787109375,-96.6064453125,85.5908203125
19.2099859,-99.6630859375,-96.0693359375,82.5146484375
19.2438248,-95.9521484375,-96.0693359375,78.3642578125
19.2749266,-93.7060546875,-96.4599609375,74.8486328125
19.3035493,-90.6298828125,-96.9482421875,71.9189453125
19.3359304,-88.4326171875,-97.1923828125,67.7685546875
19.3639388,-86.6259765625,-97.4853515625,64.4482421875
19.3939496,-86.0888671875,-97.4853515625,60.6884765625
19.4258642,-86.8701171875,-97.1435546875,58.0517578125
19.4526779,-88.8720703125,-96.7041015625,59.3212890625
19.4872602,-89.8974609375,-94.2138671875,67.8662109375
19.5146396,-91.1669921875,-92.1142578125,78.4130859375
19.5455841,-91.8017578125,-91.8212890625,87.1533203125
19.57658,-94.0478515625,-89.0869140625,95.7958984375
19.6044636,-95.9521484375,-88.1591796875,102.1923828125
19.6323915,-98.3447265625,-86.7919921875,107.5634765625
19.6671046,-100.2490234375,-86.3037109375,107.2705078125
19.6960381,-101.5185546875,-87.0849609375,104.3408203125
19.7285185,-103.8623046875,-87.0849609375,101.6064453125
19.7575215,-106.4501953125,-86.7431640625,98.4326171875
19.7850153,-107.3779296875,-85.9619140625,94.9169921875
19.8186329,-109.2333984375,-86.3037109375,91.9384765625
19.8460832,-108.7939453125,-87.4267578125,87.9345703125
19.878576,-103.3251953125,-86.9384765625,84.1748046875
19.9146312,-100.1513671875,-87.5244140625,80.0732421875
19.9375913,-96.5869140625,-87.2802734375,75.9716796875
19.9654916,-91.9970703125,-87.7197265625,72.8955078125
20.0065766,-88.2373046875,-88.6962890625,68.3056640625
20.0280553,-86.1865234375,-86.8896484375,64.1064453125
20.0758214,-84.1357421875,-88.4033203125,59.3212890625
20.0878085,-84.2822265625,-88.5498046875,56.4404296875
20.1267996,-85.1123046875,-89.5751953125,55.4150390625
20.148875,-86.0400390625,-88.3056640625,62.0068359375
20.1778599,-87.2119140625,-86.1083984375,71.7724609375
20.2129095,-89.0185546875,-85.9130859375,80.9521484375
20.2399236,-90.6787109375,-84.5458984375,88.2275390625
20.279457,-93.0712890625,-84.3994140625,93.8427734375
20.2954757,-94.9755859375,-83.2763671875,97.3095703125
20.3289619,-96.7822265625,-82.2509765625,97.9931640625
20.363965,-98.8330078125,-82.9833984375,95.6982421875
20.3910255,-100.4443359375,-81.9580078125,91.4013671875
20.4281957,-102.9345703125,-81.9580078125,87.7880859375
20.4481891,-104.4970703125,-80.7861328125,84.8583984375
20.4877525,-105.9619140625,-80.6396484375,81.7822265625
20.5092066,-106.6943359375,-80.2490234375,78.1689453125
20.5456274,-104.1552734375,-80.2490234375,74.9951171875
20.5714405,-99.3701171875,-79.5166015625,70.7958984375
20.6064188,-97.3681640625,-80.3466796875,66.9873046875
20.6303445,-94.2431640625,-80.1025390625,62.4951171875
20.665103,-91.7529296875,-80.3955078125,57.6611328125
20.6945516,-89.7998046875,-80.6396484375,52.8759765625
20.7310159,-88.9697265625,-80.5908203125,48.8720703125
20.7530396,-89.7509765625,-80.5908203125,45.2587890625
20.7902065,-93.0224609375,-79.6630859375,46.5283203125
20.8139113,-94.3408203125,-77.4658203125,52.7294921875
20.8491509,-96.7333984375,-76.4892578125,62.1533203125
20.8751546,-99.1748046875,-75.5615234375,69.6728515625
20.9022109,-101.9580078125,-73.3642578125,78.2666015625
20.949913,-104.5458984375,-72.0947265625,83.5888671875
20.9684604,-107.2802734375,-70.2880859375,86.6162109375
20.9933836,-110.0634765625,-70.3857421875,86.9091796875
21.0292276,-112.4560546875,-71.3134765625,84.4677734375
21.0588942,-115.1416015625,-70.8251953125,81.4404296875
21.0833593,-117.2412109375,-70.2392578125,78.0712890625
21.1179291,-120.1220703125,-70.1416015625,76.2158203125
21.1443556,-122.4169921875,-70.5810546875,72.7978515625
21.1806721,-123.1005859375,-70.9716796875,69.8193359375
21.2063111,-120.6103515625,-70.7763671875,65.8642578125
21.2431019,-117.2412109375,-71.2158203125,62.5439453125
21.2632196,-114.8974609375,-71.4599609375,57.7099609375
21.2982166,-111.8212890625,-71.6064453125,54.0966796875
21.3249737,-109.8193359375,-72.6806640625,50.3369140625
21.3613669,-108.5009765625,-73.0712890625,46.3818359375
21.386818,-107.1337890625,-73.1201171875,43.8916015625
21.4216951,-108.4521484375,-73.0712890625,44.8681640625
21.4428472,-109.4287109375,-72.6806640625,50.4833984375
21.4785919,-110.1611328125,-70.5810546875,59.7119140625
21.5057671,-111.1376953125,-70.4833984375,67.9638671875
21.5433124,-112.3583984375,-69.4580078125,74.5556640625
21.5643735,-113.4814453125,-68.7255859375,80.1220703125
21.5999466,-114.7021484375,-69.3115234375,84.0771484375
21.6279108,-116.2646484375,-68.8720703125,85.2001953125
21.6645533,-117.4365234375,-69.5556640625,82.6123046875
21.6889241,-118.9990234375,-70.2880859375,79.2431640625
21.7242559,-119.7802734375,-70.4833984375,76.1669921875
21.7478325,-121.7333984375,-70.5810546875,74.4091796875
21.7845113,-123.2958984375,-71.5576171875,70.8935546875
21.8088308,-123.3447265625,-71.6552734375,67.5732421875
21.844681,-120.1708984375,-72.8271484375,65.6201171875
21.8704604,-115.9228515625,-73.2666015625,62.0556640625
21.9066096,-112.1630859375,-74.4384765625,58.5400390625
21.9266909,-107.9638671875,-73.8525390625,54.6826171875
21.9635951,-105.2294921875,-74.8779296875,51.7529296875
21.9878388,-102.2998046875,-75.4150390625,48.3349609375
22.0241771,-100.5419921875,-75.7568359375,44.6240234375
22.0507459,-100.0048828125,-76.0009765625,42.5244140625
22.0864138,-101.3720703125,-75.8544921875,47.3583984375
22.1124806,-102.0068359375,-74.4873046875,56.3427734375
22.1485202,-103.6181640625,-74.6337890625,64.9365234375
22.1700862,-104.8388671875,-73.3642578125,71.5771484375
22.2068237,-106.4501953125,-73.5107421875,78.2666015625
22.2297265,-107.6708984375,-72.6318359375,83.2470703125
22.2665321,-108.7939453125,-73.5107421875,85.9326171875
22.2901658,-111.0400390625,-73.7548828125,86.0791015625
22.3249767,-112.0654296875,-75.4150390625,82.9052734375
22.3519828,-113.2861328125,-76.1962890625,80.3173828125
22.3894071,-115.1416015625,-77.1240234375,78.7060546875
22.4104,-115.8251953125,-77.4658203125,76.1181640625
22.4461249,-117.1435546875,-77.9541015625,74.5556640625
22.4717867,-116.9482421875,-79.3701171875,71.1376953125
22.5088101,-112.3583984375,-79.7607421875,68.1103515625
22.5368033,-107.6220703125,-80.9814453125,64.8388671875
22.5623263,-104.1552734375,-81.6650390625,61.8603515625
22.5995142,-99.8095703125,-81.6650390625,58.2470703125
22.6223507,-95.5126953125,-83.0810546875,55.5126953125
22.6567951,-93.1201171875,-84.3505859375,51.8017578125
22.683623,-90.8251953125,-85.4736328125,48.8232421875
22.7194939,-90.9228515625,-86.8896484375,47.3095703125
22.7399998,-91.7041015625,-85.2783203125,52.3876953125
22.7756502,-91.8505859375,-84.8388671875,60.9326171875
22.8034257,-92.9736328125,-84.8876953125,68.1591796875
22.8425477,-93.7060546875,-84.3017578125,75.3857421875
22.8639936,-95.4638671875,-84.6435546875,80.8056640625
22.9019956,-96.5869140625,-85.1318359375,84.7119140625
22.9231374,-98.4423828125,-84.8388671875,87.2998046875
22.959479,-99.6142578125,-86.1572265625,85.8837890625
22.9829268,-101.3720703125,-87.3779296875,83.5888671875
23.0203768,-102.8857421875,-88.1103515625,81.6845703125
23.0459397,-103.7646484375,-88.4033203125,77.8759765625
23.0801841,-105.8154296875,-89.2333984375,76.9482421875
23.1061799,-107.3779296875,-89.9169921875,74.1162109375
23.1436694,-106.4013671875,-90.1123046875,71.2841796875
23.1645698,-102.9833984375,-91.9677734375,68.6474609375
23.2006125,-97.9052734375,-92.3095703125,64.8876953125
23.2238455,-93.8037109375,-93.1396484375,61.6650390625
23.2612767,-90.4345703125,-94.0673828125,58.8818359375
23.286769,-86.6259765625,-94.8486328125,55.6103515625
23.3231778,-83.8427734375,-95.2392578125,51.8017578125
23.3467655,-83.1103515625,-96.5087890625,48.8232421875
23.3767448,-83.9892578125,-97.0458984375,46.8212890625
23.411744,-85.4541015625,-95.3369140625,50.5322265625
23.4378788,-86.7236328125,-94.4091796875,57.4658203125
23.4658576,-88.3837890625,-93.7744140625,64.9365234375
23.5007887,-90.6298828125,-93.4326171875,71.0400390625
23.5291673,-93.4130859375,-92.7490234375,76.8505859375
23.5561169,-95.2685546875,-92.6513671875,80.1708984375
23.593545,-97.6611328125,-92.2607421875,82.6611328125
23.6174772,-100.3466796875,-93.2373046875,81.1962890625
23.6530203,-102.1044921875,-94.3603515625,79.4873046875
23.6805157,-104.1552734375,-94.1162109375,78.2666015625
23.710491,-106.6943359375,-94.4091796875,77.0947265625
23.7370304,-108.4033203125,-95.2880859375,74.6044921875
23.7691251,-110.0146484375,-95.8740234375,72.4072265625
23.8030486,-111.3818359375,-96.8505859375,70.5029296875
23.8270329,-108.0126953125,-97.5341796875,67.1337890625
23.8613225,-103.9599609375,-98.7060546875,64.7900390625
23.8891519,-99.9560546875,-98.3154296875,61.1767578125
23.922041,-96.7822265625,-100.0732421875,59.1748046875
23.9521065,-93.9013671875,-100.5126953125,55.3173828125
23.9791086,-91.0205078125,-101.7822265625,52.5341796875
24.0132219,-89.2626953125,-102.4658203125,49.9951171875
24.0390575,-89.6044921875,-103.0517578125,50.4833984375
24.0731296,-90.1416015625,-102.0751953125,56.7333984375
24.102054,-90.7763671875,-100.7568359375,64.1064453125
24.1300801,-91.4111328125,-100.0732421875,72.0166015625
24.1580883,-92.1435546875,-99.1943359375,77.9736328125
24.1932463,-93.9501953125,-99.6337890625,83.1982421875
24.2192707,-94.8779296875,-98.3154296875,86.9091796875
24.2593813,-97.2705078125,-99.0966796875,87.7880859375
24.2796586,-98.9306640625,-98.6572265625,86.2744140625
24.309331,-100.8837890625,-99.9755859375,84.4189453125
24.3630099,-102.7880859375,-99.5849609375,82.6611328125
24.381945,-105.3759765625,-100.3662109375,81.0986328125
24.4049611,-107.5244140625,-99.8779296875,79.0966796875
24.4339504,-109.6240234375,-101.0986328125,76.2646484375
24.4598443,-109.1845703125,-101.2451171875,74.3603515625
24.4908252,-105.8154296875,-101.6357421875,71.7236328125
24.5238143,-102.7392578125,-101.8310546875,67.2802734375
24.5528261,-100.1513671875,-103.2958984375,64.9853515625
24.5868261,-97.6123046875,-104.0283203125,60.4443359375
24.6139353,-95.7568359375,-104.7119140625,57.3681640625
24.6418956,-94.7314453125,-105.3466796875,53.8525390625
24.6738809,-93.6083984375,-105.3466796875,51.5576171875
24.7028021,-93.9501953125,-105.0048828125,53.8525390625
24.7358491,-95.1220703125,-103.6865234375,61.4697265625
24.7637768,-96.5380859375,-102.9541015625,69.0380859375
24.7941799,-97.1728515625,-101.6845703125,75.7763671875
24.8263523,-97.6123046875,-101.1474609375,81.8310546875
24.8623069,-99.8095703125,-100.2685546875,87.0556640625
24.8873153,-101.1767578125,-99.6826171875,90.4248046875
24.9243002,-103.3740234375,-99.6337890625,92.1337890625
24.9444507,-104.9853515625,-99.6826171875,89.3017578125
24.975909,-106.2060546875,-100.3662109375,87.0556640625
25.0074577,-108.6962890625,-100.7080078125,84.2236328125
25.0358185,-110.9423828125,-100.4150390625,82.1728515625
25.0719016,-113.2861328125,-101.0986328125,79.9755859375
25.0971893,-115.2392578125,-101.5380859375,77.7783203125
25.1347333,-113.2861328125,-102.2216796875,74.1162109375
25.1590794,-109.7705078125,-102.1728515625,70.6494140625
25.1957032,-106.3525390625,-102.1728515625,66.9873046875
25.2166934,-103.6181640625,-103.1982421875,64.4482421875
25.2502104,-100.3466796875,-103.3447265625,61.0302734375
25.2851401,-97.2705078125,-103.6376953125,56.9775390625
25.3051388,-95.3662109375,-104.2236328125,53.2666015625
25.3422883,-93.7060546875,-104.7119140625,50.4345703125
25.3659807,-94.4384765625,-104.6630859375,50.9716796875
25.4061006,-95.0732421875,-103.0029296875,57.2216796875
25.4290182,-95.9521484375,-101.3916015625,65.0341796875
25.4666583,-96.5869140625,-100.8544921875,72.6025390625
25.4890369,-96.9775390625,-99.7802734375,78.5595703125
25.5243523,-98.6376953125,-98.8037109375,83.6865234375
25.5454713,-99.8095703125,-97.8759765625,87.3486328125
25.5864749,-101.5673828125,-97.4853515625,87.4951171875
25.6080597,-102.9833984375,-96.4599609375,85.1513671875
25.6425235,-104.9365234375,-96.7529296875,81.9287109375
25.6774664,-106.8408203125,-95.7275390625,78.9013671875
25.6986091,-108.7939453125,-95.9716796875,77.4365234375
25.7347761,-110.5517578125,-94.8974609375,74.7998046875
25.7626562,-112.6513671875,-94.8974609375,71.7236328125
25.798042,-112.8466796875,-94.9462890625,68.1103515625
25.8210392,-108.7451171875,-94.4091796875,65.0830078125
25.8584186,-105.9130859375,-94.2626953125,61.9580078125
25.8789175,-102.6416015625,-94.2626953125,57.8564453125
25.9199748,-98.9306640625,-94.1162109375,53.5595703125
25.9415589,-97.1240234375,-93.9697265625,50.4833984375
25.9775739,-95.1708984375,-94.4091796875,46.2353515625
26.0013836,-93.6083984375,-93.6279296875,42.5732421875
26.0388142,-94.4873046875,-94.4091796875,42.1826171875
26.0618324,-96.2451171875,-92.7978515625,46.8212890625
26.0993485,-97.6611328125,-91.1376953125,54.5361328125
26.1186994,-98.1982421875,-89.9658203125,63.1787109375
26.1674835,-100.9326171875,-87.9638671875,70.6005859375
26.1881481,-102.3974609375,-86.5966796875,75.5322265625
26.2145617,-104.4970703125,-84.3017578125,79.7802734375
26.251535,-106.8896484375,-84.0087890625,81.1474609375
26.2727198,-108.3056640625,-84.5947265625,79.0966796875
26.3083398,-110.9912109375,-84.1064453125,75.7763671875
26.3343859,-112.4072265625,-83.2763671875,72.8955078125
26.3613418,-114.0673828125,-82.9833984375,70.5029296875
26.3962606,-116.5087890625,-82.3974609375,67.9638671875
26.423362,-118.6083984375,-82.5927734375,65.6201171875
26.4603634,-119.2919921875,-82.9833984375,61.9091796875
26.4863195,-116.4111328125,-82.4951171875,58.8818359375
26.53033,-112.3583984375,-82.2509765625,56.4404296875
26.5430846,-108.4521484375,-82.5927734375,52.9736328125
26.5793614,-104.8876953125,-81.9580078125,49.4580078125
26.6024228,-101.2255859375,-83.4228515625,45.1123046875
26.6413198,-98.9794921875,-83.6669921875,42.3291015625
26.666075,-96.9287109375,-83.6669921875,39.0576171875
26.7006352,-97.1240234375,-83.9599609375,39.5458984375
26.7262129,-98.1494140625,-81.9091796875,45.8935546875
26.7641143,-99.0771484375,-79.6630859375,55.8544921875
26.7830433,-99.9560546875,-78.2958984375,64.7412109375
26.8162592,-101.6162109375,-77.1240234375,72.6513671875
26.845224,-103.2275390625,-75.1220703125,77.5830078125
26.8797522,-104.3994140625,-74.1455078125,81.8310546875
26.9073372,-106.6455078125,-73.0712890625,83.2958984375
26.9438441,-108.4521484375,-73.0712890625,79.4873046875
26.9689737,-110.8935546875,-72.6318359375,76.4599609375
27.0078019,-112.6513671875,-71.8017578125,72.9443359375
27.0260738,-114.7509765625,-72.1435546875,70.2587890625
27.060065,-116.1181640625,-72.6806640625,67.1826171875
27.0865648,-118.4130859375,-72.5341796875,64.2529296875
27.1209459,-119.2431640625,-72.2412109375,60.3466796875
27.1499556,-117.0458984375,-72.5830078125,56.6845703125
27.1879451,-113.2373046875,-73.1689453125,53.4619140625
27.2114612,-109.4775390625,-72.7783203125,50.0927734375
27.2378347,-106.1572265625,-73.7060546875,46.4306640625
27.27282,-103.9599609375,-74.1455078125,42.4267578125
27.3001301,-100.8837890625,-74.8779296875,39.1064453125
27.3364065,-99.3212890625,-74.7802734375,35.4931640625
27.3584208,-98.1494140625,-74.0966796875,35.4931640625
27.3964071,-99.8095703125,-73.3154296875,43.0126953125
27.4204211,-100.0537109375,-71.2646484375,51.6552734375
27.4483838,-100.8837890625,-70.2392578125,60.3466796875
27.4843898,-102.0556640625,-69.1162109375,67.4267578125
27.507796,-102.9833984375,-68.5302734375,72.9931640625
27.5448444,-104.6435546875,-67.4072265625,76.8994140625
27.5698664,-105.9619140625,-67.5048828125,78.9990234375
27.6059144,-107.5244140625,-67.1142578125,76.4111328125
27.631495,-108.5986328125,-67.7001953125,73.1396484375
27.6679191,-110.4052734375,-67.6025390625,69.2822265625
27.6900847,-112.2607421875,-66.5771484375,65.5712890625
27.7269993,-113.9697265625,-67.1142578125,62.2509765625
27.7494666,-115.2880859375,-67.7001953125,58.2958984375
27.7852934,-116.8017578125,-67.9443359375,54.3896484375
27.8107014,-114.6044921875,-67.4560546875,50.1416015625
27.8475017,-110.4541015625,-69.3603515625,46.0888671875
27.8739312,-106.3525390625,-69.3603515625,42.1337890625
27.9086396,-103.5693359375,-70.8740234375,37.5439453125
27.9306995,-99.7119140625,-70.9228515625,33.9306640625
27.9660517,-97.3193359375,-71.1669921875,30.3662109375
27.9931241,-94.7802734375,-71.2158203125,26.2646484375
28.0272117,-94.4384765625,-72.8759765625,24.3603515625
28.0553789,-95.7568359375,-71.1669921875,28.9501953125
28.0837712,-96.8310546875,-71.1181640625,38.6181640625
28.1197099,-97.6123046875,-68.8232421875,48.0419921875
28.1436214,-99.4189453125,-69.8486328125,55.9033203125
28.1766526,-101.1767578125,-69.1650390625,62.6416015625
28.2257778,-102.2021484375,-68.7255859375,67.0361328125
28.2316996,-104.0087890625,-68.9208984375,68.6474609375
28.2694511,-104.9853515625,-69.4091796875,66.5966796875
28.2954061,-107.0361328125,-70.4833984375,62.2509765625
28.3233959,-108.4521484375,-70.2392578125,58.1494140625
28.3663001,-109.7216796875,-70.7275390625,55.6103515625
28.3872953,-111.5283203125,-70.2392578125,52.8759765625
28.4134292,-114.0673828125,-71.2158203125,49.5556640625
28.4493343,-115.9716796875,-71.0205078125,46.7724609375
28.4784802,-115.6787109375,-72.0947265625,43.3544921875
28.5035768,-111.4794921875,-71.6552734375,39.2041015625
28.5380106,-107.6708984375,-73.2177734375,35.4931640625
28.5660674,-103.7158203125,-73.6572265625,31.6845703125
28.5944605,-100.4443359375,-75.1708984375,28.2666015625
28.6270796,-98.1982421875,-75.0732421875,25.2880859375
28.6560761,-95.8056640625,-76.0986328125,21.7724609375
28.6880662,-94.0478515625,-76.5380859375,20.6005859375
28.7236379,-94.7802734375,-75.1220703125,26.0205078125
28.7461461,-96.0009765625,-74.1455078125,35.1025390625
28.7821416,-97.1728515625,-73.2177734375,43.6962890625
28.8076864,-98.3935546875,-72.5341796875,49.9462890625
28.8361307,-99.7119140625,-72.4365234375,55.4150390625
28.8670625,-101.3720703125,-71.8994140625,59.5654296875
28.8992027,-102.9345703125,-72.1923828125,60.8349609375
28.9265956,-105.3759765625,-72.3388671875,57.3193359375
28.959587,-107.0361328125,-73.1689453125,53.6572265625
28.9865974,-109.4775390625,-73.3642578125,49.7998046875
29.0215911,-110.8447265625,-73.4130859375,46.7724609375
29.0477459,-113.5302734375,-73.4619140625,43.9892578125
29.0772255,-116.2646484375,-74.4384765625,41.4501953125
29.112756,-117.7783203125,-74.3896484375,37.9345703125
29.1401935,-118.5595703125,-75.1708984375,33.6376953125
29.1673521,-114.7998046875,-76.3916015625,30.2197265625
29.1991966,-111.5771484375,-77.2216796875,26.6064453125
29.2301692,-109.1357421875,-77.8076171875,22.7978515625
29.26109,-106.3037109375,-77.5634765625,18.9404296875
29.2902118,-103.4228515625,-78.3935546875,15.4248046875
29.3192491,-101.1767578125,-79.6142578125,14.3994140625
29.3511907,-100.2978515625,-79.4189453125,15.5224609375
29.381204,-100.6884765625,-78.7353515625,23.2373046875
29.4093386,-101.6162109375,-77.5634765625,31.4892578125
29.4418415,-102.2021484375,-76.8310546875,39.6923828125
29.4705753,-102.9833984375,-77.6123046875,45.6005859375
29.5000457,-103.9599609375,-76.6357421875,51.2646484375
29.5310655,-105.5712890625,-76.6357421875,54.0478515625
29.5625958,-106.5966796875,-76.3427734375,54.0478515625
29.5930532,-108.2080078125,-76.7822265625,51.2158203125
29.6220563,-109.0869140625,-77.2705078125,47.7978515625
29.6525586,-111.1376953125,-78.7841796875,44.8681640625
29.6830696,-111.5771484375,-78.3935546875,42.2314453125
29.7126002,-114.1650390625,-79.6630859375,38.4228515625
29.7410136,-116.0205078125,-80.2001953125,35.2490234375
29.7728012,-116.6552734375,-81.0791015625,31.6845703125
29.8017351,-115.0439453125,-82.1533203125,28.3154296875
29.8347356,-110.6005859375,-82.2509765625,24.3603515625
29.8647668,-106.5478515625,-84.0576171875,21.4306640625
29.8927685,-102.9833984375,-84.1064453125,17.4755859375
29.9197627,-99.5654296875,-85.1318359375,15.0830078125
29.9557756,-96.0009765625,-84.6435546875,11.5185546875
29.9817335,-93.4619140625,-86.6455078125,9.1259765625
30.0147217,-91.7529296875,-85.5224609375,13.9599609375
30.0448122,-92.0458984375,-84.6435546875,22.4072265625
30.0823448,-93.2177734375,-83.9111328125,31.8310546875
30.104807,-93.9990234375,-83.5205078125,40.2294921875
30.1320445,-93.9013671875,-82.7880859375,46.2841796875
30.1689432,-95.1708984375,-82.3974609375,50.8251953125
30.1968987,-96.0986328125,-82.6904296875,54.1455078125
30.2248623,-97.7099609375,-83.0810546875,53.5107421875
30.256899,-99.5654296875,-84.3994140625,50.5810546875
30.2938865,-101.5185546875,-85.2294921875,48.0419921875
30.3137596,-103.0322265625,-85.4248046875,46.0400390625
30.3467961,-104.5947265625,-86.3037109375,42.2802734375
30.3784888,-106.7431640625,-86.2548828125,39.2041015625
30.413853,-108.7451171875,-86.7431640625,36.6650390625
30.4374598,-108.7451171875,-88.2568359375,33.2958984375
30.4665442,-107.7197265625,-87.6708984375,30.9033203125
30.4976113,-103.7158203125,-88.5009765625,27.5341796875
30.5317389,-99.8095703125,-89.4287109375,24.5068359375
30.5550592,-95.8544921875,-90.3076171875,20.9912109375
30.5890913,-92.1923828125,-91.3330078125,18.6474609375
30.6164237,-89.6044921875,-90.8447265625,16.0595703125
30.6524981,-87.3583984375,-91.3818359375,13.7158203125
30.678879,-87.0654296875,-90.9423828125,18.2568359375
30.7129739,-87.7490234375,-89.7705078125,26.4111328125
30.7390077,-88.5302734375,-87.3779296875,34.8095703125
30.7744139,-89.7021484375,-88.5009765625,42.8173828125
30.7966217,-91.0693359375,-87.8173828125,48.4814453125
30.8338683,-92.7783203125,-87.5244140625,53.5595703125
30.8600758,-94.2431640625,-87.9638671875,55.3662109375
30.8963859,-96.5380859375,-88.1103515625,54.9755859375
30.9195526,-99.0771484375,-88.7939453125,53.1201171875
30.9505989,-100.4931640625,-89.2822265625,49.4091796875
30.9858499,-103.2275390625,-89.6240234375,48.7255859375
31.0082598,-104.6923828125,-89.7216796875,47.2119140625
31.0523144,-107.5732421875,-90.6005859375,45.2099609375
31.0718389,-109.8193359375,-91.3330078125,43.0126953125
31.1141752,-111.0400390625,-91.8701171875,40.4248046875
31.128234,-110.0634765625,-91.7724609375,37.9345703125
31.1644534,-106.2548828125,-92.1142578125,35.2001953125
31.189743,-102.0068359375,-92.9931640625,32.6123046875
31.2389496,-97.7099609375,-93.8232421875,28.9990234375
31.2590225,-94.8779296875,-94.6533203125,25.4345703125
31.2810396,-91.0205078125,-94.4580078125,23.3837890625
31.3315216,-89.0673828125,-94.4580078125,24.5556640625
31.3525286,-87.5048828125,-93.1884765625,31.6845703125
31.3714439,-89.2138671875,-91.7724609375,40.4736328125
31.4110196,-89.8486328125,-90.9912109375,48.6767578125
31.4300506,-91.3134765625,-90.3564453125,55.7080078125
31.4643751,-92.9736328125,-90.1611328125,59.7607421875
31.4923874,-94.1455078125,-89.3798828125,62.7880859375
31.5265189,-96.3916015625,-89.3310546875,64.0576171875
31.5523173,-97.5634765625,-89.9169921875,61.1279296875
31.5888531,-100.0537109375,-90.8447265625,58.2470703125
31.6113549,-101.6162109375,-91.1376953125,56.5869140625
31.6464103,-102.9833984375,-92.2607421875,54.4873046875
31.6739168,-105.4736328125,-92.0166015625,52.3876953125
31.7097258,-108.0126953125,-92.7001953125,49.1650390625
31.7302599,-108.9892578125,-93.4814453125,46.2841796875
31.7653473,-109.4287109375,-93.3837890625,43.5009765625
31.7927822,-105.9619140625,-94.7021484375,40.4736328125
31.8289423,-102.2509765625,-94.1650390625,37.7880859375
31.8545694,-99.0283203125,-94.8486328125,35.0537109375
31.8913678,-95.8544921875,-94.7998046875,31.6845703125
31.9146416,-92.6806640625,-95.8251953125,29.0478515625
31.9551796,-90.2392578125,-95.6298828125,30.0732421875
31.9778399,-88.0908203125,-94.7021484375,35.6396484375
32.005356,-87.8955078125,-92.5537109375,45.2587890625
32.0405445,-88.9208984375,-92.0654296875,53.7548828125
32.0659865,-89.6533203125,-91.2353515625,60.8349609375
32.1011736,-90.6787109375,-90.1123046875,66.2548828125
32.1217575,-92.0947265625,-88.3544921875,70.4541015625
32.1555159,-93.7548828125,-89.0869140625,71.9677734375
32.185686,-96.4892578125,-88.9404296875,70.5517578125
32.2219474,-98.0517578125,-88.9404296875,66.4501953125
32.2465663,-99.2724609375,-89.6728515625,64.1552734375
32.2820311,-101.7626953125,-88.3544921875,61.4208984375
32.308901,-103.9111328125,-89.3798828125,59.7119140625
32.3445826,-105.7177734375,-89.3310546875,57.6611328125
32.364571,-107.3291015625,-89.7705078125,55.0732421875
32.4014261,-108.4521484375,-90.0634765625,52.1923828125
32.428285,-106.7431640625,-91.1376953125,48.8720703125
32.4632988,-102.5927734375,-91.1376953125,45.3076171875
32.4888218,-98.2470703125,-91.3818359375,42.1826171875
32.5361896,-94.6826171875,-90.7470703125,38.7158203125
32.557804,-91.1181640625,-91.7724609375,35.7373046875
32.5768698,-87.2119140625,-92.3583984375,33.7841796875
32.6124909,-84.8193359375,-91.2353515625,37.8369140625
32.6402604,-82.9638671875,-90.1123046875,46.6748046875
32.6772014,-83.6474609375,-88.7939453125,55.8544921875
32.6996907,-83.1591796875,-87.9638671875,62.5439453125
32.7305247,-84.1357421875,-86.5966796875,67.6220703125
32.7681097,-84.7705078125,-86.0107421875,71.8701171875
32.7871009,-86.3818359375,-84.9853515625,74.5556640625
32.824157,-87.3583984375,-84.2529296875,73.6767578125
32.8512711,-89.4580078125,-84.8388671875,70.5517578125
32.8884884,-90.6298828125,-84.7412109375,67.8662109375
32.9112317,-92.4365234375,-84.7412109375,65.8154296875
32.9468141,-93.2666015625,-84.4482421875,62.2998046875
32.9712148,-94.9267578125,-84.1064453125,59.6142578125
33.0079937,-97.0751953125,-84.3994140625,57.6123046875
33.03041,-97.8564453125,-84.1064453125,54.1943359375
33.0706463,-97.7587890625,-85.0830078125,50.8251953125
33.0906319,-95.2685546875,-84.7412109375,47.7490234375
33.1252469,-90.7763671875,-85.9619140625,44.1845703125
33.1513759,-87.1142578125,-85.2294921875,40.3759765625
33.1867782,-84.2333984375,-85.3271484375,37.1044921875
33.2143018,-80.8154296875,-85.3271484375,33.9306640625
33.2437841,-77.8369140625,-86.2060546875,33.6865234375
33.27023,-76.0791015625,-84.2529296875,37.9833984375
33.3082863,-76.1767578125,-83.8134765625,47.2607421875
33.332937,-77.1533203125,-81.6650390625,54.6337890625
33.3685996,-78.2275390625,-81.2744140625,61.9580078125
33.3936051,-79.7900390625,-79.3701171875,66.0595703125
33.4300825,-81.5966796875,-78.5400390625,71.1376953125
33.4520886,-83.3056640625,-77.3681640625,72.4560546875
33.4876455,-85.6005859375,-77.7099609375,70.8447265625
33.5141411,-88.1396484375,-76.9775390625,68.8916015625
33.5496545,-90.3369140625,-77.1240234375,65.5224609375
33.5737078,-92.2412109375,-76.8310546875,62.4462890625
33.6032073,-94.1943359375,-76.8310546875,60.9326171875
33.6383576,-96.1962890625,-76.6357421875,58.1982421875
33.6633756,-98.4423828125,-76.4892578125,54.4384765625
33.6973188,-99.9072265625,-76.9287109375,52.2412109375
33.7264711,-99.6630859375,-76.2451171875,48.9697265625
33.7550534,-96.3916015625,-76.0986328125,46.0400390625
33.7834545,-92.9736328125,-77.2216796875,42.1826171875
33.8184687,-89.7021484375,-76.7822265625,39.2529296875
33.8444691,-86.0400390625,-77.5634765625,35.7861328125
33.8805313,-83.2568359375,-77.6123046875,33.7353515625
33.9054729,-81.6943359375,-76.6357421875,36.6650390625
33.9384022,-80.9619140625,-74.3408203125,43.4521484375
33.9668971,-81.7919921875,-74.0478515625,51.5576171875
33.9969104,-83.0615234375,-72.4853515625,59.7607421875
34.0284096,-84.1845703125,-71.4599609375,66.3525390625
34.0583633,-85.9423828125,-70.1416015625,71.5283203125
34.0867403,-87.3095703125,-68.9208984375,75.3857421875
34.1156936,-88.4814453125,-68.2373046875,76.5576171875
34.1477249,-90.3369140625,-69.1650390625,74.0185546875
34.1756618,-91.8017578125,-68.6279296875,71.1376953125
34.2088184,-93.7060546875,-69.1162109375,69.4287109375
34.237328,-95.7080078125,-68.3349609375,66.8408203125
34.2656296,-96.8798828125,-68.9697265625,64.3505859375
34.299783,-99.1748046875,-68.6767578125,62.5927734375
34.3286818,-100.7861328125,-69.6044921875,60.2490234375
34.3616649,-101.2255859375,-69.2626953125,56.7822265625
34.3877191,-99.9560546875,-69.7021484375,53.9501953125
34.4187026,-95.8056640625,-69.7998046875,50.8251953125
34.4468456,-92.1435546875,-70.9716796875,47.3583984375
34.4809042,-88.6767578125,-70.9716796875,43.4033203125
34.5127204,-85.1123046875,-71.0693359375,41.4990234375
34.5412439,-83.3544921875,-71.6552734375,40.9130859375
34.5711086,-81.0107421875,-70.6298828125,46.1376953125
34.5980211,-80.0830078125,-68.8232421875,54.6337890625
34.6320378,-81.5966796875,-67.2607421875,62.6904296875
34.6601859,-83.2568359375,-66.2841796875,70.6494140625
34.7100843,-84.5751953125,-65.3564453125,77.5341796875
34.7303275,-85.6494140625,-63.7939453125,81.0986328125
34.7483351,-86.3818359375,-63.8916015625,83.4912109375
34.7823232,-87.9931640625,-63.8427734375,82.1240234375
34.8113035,-89.9951171875,-64.2822265625,80.2197265625
34.8442926,-91.8505859375,-65.1611328125,77.3876953125
34.87223,-93.7548828125,-65.0146484375,74.9951171875
34.9023126,-94.4384765625,-64.9658203125,72.7001953125
34.9303073,-96.3427734375,-65.1123046875,69.2822265625
34.9628087,-98.3447265625,-65.3076171875,67.0849609375
34.9887306,-100.1025390625,-66.7724609375,63.9111328125
35.0237016,-99.9072265625,-67.6025390625,60.5419921875
35.0499693,-96.8310546875,-68.0419921875,57.6123046875
35.0810487,-92.9736328125,-67.7490234375,54.4384765625
35.1151355,-88.1396484375,-69.6533203125,51.1181640625
35.1439221,-85.5517578125,-70.2392578125,47.1630859375
35.1730038,-80.7666015625,-70.5810546875,44.5751953125
35.2061163,-78.6669921875,-71.0205078125,45.1611328125
35.2337133,-76.3232421875,-69.2138671875,51.2158203125
35.2620608,-75.2490234375,-67.8955078125,58.5888671875
35.2931008,-77.4951171875,-66.6748046875,64.9365234375
35.3364712,-77.8369140625,-65.8935546875,71.3818359375
35.357235,-79.3505859375,-64.9658203125,76.8505859375
35.3938554,-81.2548828125,-65.0634765625,80.4150390625
35.4112193,-83.2080078125,-64.4287109375,82.4658203125
35.4472488,-85.3564453125,-64.8193359375,80.1220703125
35.4747062,-87.4560546875,-65.4052734375,77.6318359375
35.5065973,-89.9462890625,-66.5283203125,73.6767578125
35.5425771,-92.3876953125,-66.1865234375,71.3818359375
35.5625941,-94.1455078125,-67.5537109375,68.9892578125
35.5946092,-97.0263671875,-67.7001953125,66.1083984375
35.6265768,-99.0283203125,-68.7255859375,62.6904296875
35.6695936,-100.6884765625,-69.1650390625,59.1748046875
35.7035862,-101.2255859375,-69.7998046875,55.4638671875
35.7238672,-97.6123046875,-70.6298828125,52.8271484375
35.7438744,-93.4130859375,-71.3623046875,49.7998046875
35.7798712,-90.2392578125,-71.9482421875,45.9423828125
35.8076734,-85.1123046875,-72.8271484375,42.3779296875
35.8456075,-81.9873046875,-74.0966796875,39.5947265625
35.8690249,-78.9599609375,-74.3896484375,40.7666015625
35.8957009,-77.0068359375,-72.9736328125,46.3330078125
35.9301465,-77.5927734375,-72.2900390625,54.0478515625
35.9587401,-80.2294921875,-71.6064453125,60.5419921875
35.9956824,-80.4248046875,-70.7763671875,67.0361328125
36.0206321,-82.6220703125,-69.3603515625,70.9912109375
36.0471554,-84.2822265625,-70.0927734375,75.1904296875
36.0831828,-86.0888671875,-68.6279296875,76.1181640625
36.1092288,-88.3837890625,-69.9462890625,73.7255859375
36.1460468,-91.3623046875,-69.9462890625,70.1611328125
36.1711802,-94.4873046875,-69.6044921875,68.5986328125
36.2003048,-96.7822265625,-70.0927734375,66.1083984375
36.2292931,-98.9306640625,-70.5322265625,63.7158203125
36.2678442,-101.3232421875,-71.8017578125,61.1279296875
36.2903382,-104.5458984375,-72.0458984375,58.4423828125
36.3278211,-105.8642578125,-72.6318359375,54.7802734375
36.3520767,-106.4501953125,-73.6572265625,51.6552734375
36.3839786,-103.4228515625,-73.8037109375,48.1884765625
36.4079238,-99.3212890625,-74.8291015625,44.3310546875
36.4436353,-96.3916015625,-76.0498046875,40.2294921875
36.4698982,-93.4619140625,-76.4404296875,36.7626953125
36.5059396,-91.1669921875,-77.2705078125,34.6630859375
36.5309512,-88.7255859375,-76.6845703125,37.2021484375
36.5679357,-87.2607421875,-76.3916015625,44.3798828125
36.5939191,-87.2119140625,-75.7568359375,52.3388671875
36.6288997,-88.4326171875,-74.6337890625,58.0029296875
36.6497762,-88.7744140625,-74.7802734375,63.3251953125
36.6854882,-88.9208984375,-73.9013671875,67.5732421875
36.7126186,-89.7509765625,-73.2666015625,69.7216796875
36.7452158,-91.0205078125,-72.7294921875,69.0869140625
36.7726367,-93.3154296875,-74.0478515625,66.7919921875
36.8096172,-94.9267578125,-74.1943359375,64.3017578125
36.8356487,-96.9287109375,-75.5126953125,62.2509765625
36.8626025,-99.1259765625,-75.5126953125,59.5654296875
36.8994649,-101.1767578125,-75.6103515625,56.0498046875
36.9235801,-103.5205078125,-75.9033203125,52.8759765625
36.9531466,-105.4248046875,-77.4169921875,49.7021484375
36.9920471,-107.7197265625,-78.0029296875,46.6748046875
37.0136088,-106.6455078125,-78.6376953125,43.4033203125
37.0486001,-102.4462890625,-78.8330078125,39.5458984375
37.0707022,-99.7607421875,-79.7607421875,36.1767578125
37.1082441,-97.1728515625,-80.5419921875,32.2216796875
37.1310982,-93.3154296875,-81.0302734375,28.7060546875
37.1711492,-90.1416015625,-81.2255859375,25.8740234375
37.1945377,-88.2373046875,-81.6650390625,29.1455078125
37.2276077,-86.2353515625,-79.5654296875,35.0048828125
37.2566823,-87.4072265625,-79.3212890625,41.5966796875
37.2857145,-87.7490234375,-78.7353515625,46.9677734375
37.3147608,-88.3837890625,-78.4912109375,52.0947265625
37.3528292,-89.8486328125,-77.9541015625,55.9521484375
37.3741643,-90.6787109375,-78.0517578125,58.2470703125
37.4113436,-91.3134765625,-78.5400390625,57.1240234375
37.4373003,-92.6318359375,-80.0537109375,55.0732421875
37.4739131,-94.7314453125,-79.8583984375,52.7783203125
37.4982962,-96.6357421875,-80.3955078125,50.8740234375
37.5262895,-98.9794921875,-80.9326171875,48.2373046875
37.5612882,-99.9072265625,-82.7880859375,46.2841796875
37.5867091,-101.7138671875,-82.0068359375,42.3291015625
37.6217165,-103.9599609375,-84.0087890625,37.8857421875
37.6442149,-104.2529296875,-84.2529296875,36.0791015625
37.6842223,-104.2529296875,-85.3759765625,31.9775390625
37.7061755,-100.3955078125,-86.5478515625,29.1943359375
37.7452683,-95.9521484375,-87.4267578125,25.0439453125
37.7671767,-91.3623046875,-87.7685546875,22.0166015625
37.800304,-87.6513671875,-88.7939453125,18.4521484375
37.8293905,-83.6474609375,-89.2822265625,15.6201171875
37.8654478,-80.8642578125,-90.7958984375,15.5712890625
37.8856173,-77.9833984375,-89.2333984375,21.5771484375
37.9231874,-77.6416015625,-87.8662109375,28.7548828125
37.9469978,-77.8857421875,-87.9638671875,35.6396484375
37.9858071,-79.2041015625,-87.9150390625,41.0107421875
38.0107655,-79.4482421875,-87.5732421875,46.0400390625
38.0389138,-80.5224609375,-86.9384765625,49.3603515625
38.07779,-82.5732421875,-87.2802734375,51.2646484375
38.1007522,-84.6728515625,-88.0126953125,49.5068359375
38.1347764,-86.8701171875,-89.5751953125,46.8212890625
38.1627841,-89.0185546875,-90.0634765625,45.0146484375
38.1871192,-91.0205078125,-90.6005859375,42.8173828125
38.2213597,-92.3388671875,-91.2353515625,40.8154296875
38.2504298,-94.5361328125,-92.1142578125,38.6181640625
38.2847321,-96.6845703125,-92.8955078125,35.8837890625
38.3142087,-99.2236328125,-93.8720703125,33.2958984375
38.3407101,-99.9072265625,-94.7998046875,30.2685546875
38.3762479,-97.9052734375,-94.7021484375,26.5576171875
38.4028107,-93.8525390625,-96.1669921875,23.5302734375
38.4378893,-90.5322265625,-96.7041015625,19.9169921875
38.462754,-86.8212890625,-97.1923828125,16.0107421875
38.5024274,-83.1103515625,-98.1689453125,13.5693359375
38.522392,-79.2041015625,-97.9248046875,13.7158203125
38.5519575,-76.2255859375,-97.1435546875,19.8681640625
38.5839231,-75.4931640625,-96.0205078125,26.5087890625
38.6109385,-76.2744140625,-95.2392578125,33.0517578125
38.6472049,-77.3486328125,-94.8486328125,38.6669921875
38.6731105,-77.8857421875,-93.7744140625,44.3310546875
38.7110856,-79.3994140625,-93.2861328125,47.9443359375
38.7350523,-81.3037109375,-92.4072265625,49.4091796875
38.7630641,-83.5009765625,-92.9443359375,48.1396484375
38.7930011,-85.9912109375,-93.8232421875,46.0888671875
38.8241016,-89.1162109375,-93.2373046875,43.5986328125
38.8520967,-91.3134765625,-93.6767578125,41.4990234375
38.8904425,-93.5595703125,-93.2861328125,39.5458984375
38.9122315,-95.7568359375,-94.3115234375,36.4208984375
38.9492934,-98.5400390625,-94.2626953125,33.2958984375
38.9719365,-101.4208984375,-94.5068359375,29.1943359375
39.0056887,-103.6181640625,-95.2392578125,26.5087890625
39.0324808,-103.7158203125,-95.2880859375,23.2373046875
39.0760572,-99.5166015625,-96.1181640625,19.2822265625
39.0942282,-96.2451171875,-96.6064453125,16.3037109375
39.1220897,-93.4619140625,-96.5576171875,12.9833984375
39.1560896,-91.3623046875,-97.1435546875,10.6396484375
39.1844483,-88.9208984375,-96.1181640625,13.1298828125
39.2185365,-86.8212890625,-94.3115234375,20.0634765625
39.2467789,-85.6982421875,-93.7744140625,28.5595703125
39.2751231,-85.6494140625,-91.8701171875,36.6162109375
39.3094917,-86.3330078125,-92.1142578125,43.9892578125
39.336522,-87.4560546875,-90.8447265625,49.2138671875
39.3637171,-87.8955078125,-90.5029296875,53.1201171875
39.3992818,-88.4814453125,-90.4052734375,53.8525390625
39.425932,-89.7998046875,-91.4306640625,52.0947265625
39.4606098,-91.6552734375,-91.0400390625,50.1904296875
39.4898494,-93.8037109375,-91.0400390625,48.6279296875
39.5154197,-94.9267578125,-90.7470703125,45.7958984375
39.5503188,-97.6123046875,-90.0634765625,43.6474609375
39.5768618,-99.2724609375,-90.3076171875,41.6455078125
39.6050179,-101.5673828125,-91.4306640625,38.6181640625
39.6391259,-103.5693359375,-91.2841796875,36.1279296875
39.6668593,-104.3994140625,-92.1142578125,32.6611328125
39.6964534,-102.1044921875,-92.3583984375,29.9755859375
39.7595893,-98.2470703125,-92.2607421875,26.4111328125
39.7615202,-95.0244140625,-93.4326171875,23.7255859375
39.7905677,-92.5341796875,-94.0185546875,21.2353515625
39.8188273,-89.2138671875,-94.1162109375,21.1376953125
39.8481164,-87.3583984375,-92.2607421875,26.0693359375
39.8810162,-85.6494140625,-91.3818359375,35.2001953125
39.9096421,-85.0146484375,-89.5751953125,42.6220703125
39.9399482,-85.1123046875,-88.6474609375,48.9208984375
39.9704993,-85.7958984375,-86.8408203125,54.7802734375
40.0008256,-86.4306640625,-86.6455078125,58.8330078125
40.0279166,-87.1142578125,-86.0107421875,61.3720703125
40.0599514,-87.8466796875,-85.8642578125,60.4443359375
40.0905561,-88.2861328125,-86.5478515625,57.7587890625
40.1223528,-89.6044921875,-86.4013671875,54.4873046875
40.1509322,-91.1181640625,-86.0107421875,52.1923828125
40.1790934,-92.5341796875,-85.6689453125,50.1416015625
40.2117124,-94.0478515625,-86.2548828125,47.2607421875
40.2405738,-96.0009765625,-85.6201171875,43.5986328125
40.2700984,-98.2470703125,-86.5966796875,40.0341796875
40.3020528,-99.6142578125,-86.4013671875,36.3720703125
40.3305825,-99.7607421875,-87.2314453125,32.7099609375
40.3638044,-96.1962890625,-87.2802734375,28.5595703125
40.3926236,-92.3388671875,-87.4267578125,25.1416015625
40.4217299,-88.4814453125,-87.8173828125,21.4306640625
40.4591614,-85.1611328125,-88.2080078125,18.4521484375
40.494019,-81.9384765625,-87.8173828125,19.4287109375
40.5151639,-79.9365234375,-85.8154296875,25.5322265625
40.5430932,-77.9833984375,-84.3994140625,32.8076171875
40.5734732,-77.4951171875,-83.4716796875,39.4482421875
40.618291,-78.0810546875,-82.2021484375,45.6494140625
40.6378211,-79.9853515625,-80.3466796875,50.1416015625
40.6628413,-80.9619140625,-78.6865234375,53.2177734375
40.6971151,-82.4755859375,-77.4169921875,53.5595703125
40.7254387,-83.6962890625,-77.8076171875,50.8740234375
40.7552576,-86.4306640625,-77.0263671875,48.7255859375
40.790396,-87.6513671875,-76.1474609375,46.8212890625
40.8158286,-90.4833984375,-76.0009765625,44.6240234375
40.8518245,-93.2177734375,-76.0498046875,43.0126953125
40.8757381,-94.9755859375,-76.7333984375,40.0341796875
40.9037364,-97.2216796875,-76.2939453125,37.3974609375
40.9417643,-100.1513671875,-76.0986328125,34.2724609375
40.9657403,-103.1787109375,-75.2197265625,31.7333984375
40.9937992,-102.5439453125,-76.1962890625,29.0478515625
41.0348848,-99.1748046875,-75.8544921875,25.3369140625
41.0552859,-95.9033203125,-75.6103515625,21.9677734375
41.0916761,-92.8271484375,-76.6845703125,19.2333984375
41.1177967,-90.9228515625,-76.3427734375,19.3310546875
41.1517405,-88.7744140625,-73.9013671875,25.2880859375
41.1724592,-86.5771484375,-72.1923828125,33.1982421875
41.2144518,-85.9423828125,-70.5810546875,39.1552734375
41.2358604,-85.3564453125,-69.7509765625,45.2587890625
41.274458,-87.3095703125,-68.4814453125,50.1904296875
41.3003089,-88.0419921875,-66.6259765625,54.2919921875
41.3268285,-89.1162109375,-66.1376953125,55.3662109375
41.3626142,-90.8251953125,-66.3818359375,54.8779296875
41.3865504,-92.4365234375,-66.1376953125,53.3642578125
41.421118,-94.3408203125,-65.5029296875,53.4619140625
41.450314,-96.7333984375,-64.8193359375,51.9482421875
41.4854266,-98.1982421875,-65.4052734375,50.4833984375
41.5048536,-100.1513671875,-65.4541015625,48.4814453125
41.5430065,-102.1044921875,-64.9658203125,45.5517578125
41.5680388,-104.2041015625,-64.8193359375,42.4755859375
41.6036604,-107.4755859375,-66.0400390625,39.8876953125
41.628694,-108.7451171875,-66.0400390625,37.0068359375
41.6677158,-105.7177734375,-65.9912109375,33.3935546875
41.6902206,-102.5927734375,-66.4306640625,30.2197265625
41.727222,-99.7607421875,-67.2119140625,27.8271484375
41.7476986,-96.3427734375,-66.6748046875,28.6083984375
41.7847302,-93.1689453125,-65.3564453125,34.1748046875
41.8097905,-91.3134765625,-63.3056640625,42.2802734375
41.8459767,-89.0185546875,-62.4755859375,49.9951171875
41.8710262,-88.8232421875,-60.5712890625,55.5126953125
41.9157783,-90.3857421875,-59.8388671875,61.4208984375
41.9361478,-90.8740234375,-58.4228515625,65.8154296875
41.9621594,-93.3642578125,-59.2041015625,67.7685546875
41.9891708,-94.7802734375,-59.4482421875,66.4990234375
42.0265442,-95.9521484375,-59.4482421875,64.3505859375
42.0510132,-98.0517578125,-58.9111328125,61.9580078125
42.0850681,-99.5166015625,-59.4482421875,60.3466796875
42.1118009,-101.6162109375,-59.8876953125,58.6865234375
42.150275,-103.7646484375,-59.3017578125,56.3427734375
42.1737643,-105.7666015625,-60.0341796875,53.7060546875
42.2077917,-108.5986328125,-60.9130859375,51.2646484375
42.2331946,-110.0146484375,-62.1826171875,48.8232421875
42.2715938,-110.9912109375,-62.0361328125,46.6259765625
42.2939827,-108.6474609375,-62.9150390625,43.0126953125
42.3290358,-104.2041015625,-63.2080078125,39.7900390625
42.3534656,-100.2001953125,-63.6962890625,37.3486328125
42.3904216,-97.1728515625,-64.3798828125,37.7392578125
42.4108861,-94.0966796875,-62.6220703125,43.0126953125
42.4479811,-90.9716796875,-61.4501953125,52.1435546875
42.4745444,-88.5302734375,-60.3759765625,60.7373046875
42.5108374,-88.1396484375,-60.0341796875,68.5498046875
42.5348141,-88.9697265625,-59.2529296875,74.5556640625
42.5694279,-89.3603515625,-57.8857421875,78.5595703125
42.5963663,-90.8251953125,-56.6650390625,81.7333984375
42.63253,-91.9970703125,-56.9580078125,80.5126953125
42.654464,-93.0712890625,-56.7626953125,79.0478515625
42.7017687,-95.1708984375,-57.9833984375,76.5087890625
42.7221022,-96.8798828125,-58.0810546875,73.2861328125
42.7471905,-98.8818359375,-58.8623046875,71.5283203125
42.7768053,-101.5185546875,-57.5439453125,69.5751953125
42.8120992,-102.6416015625,-59.4482421875,67.1826171875
42.8381229,-104.8876953125,-59.5458984375,64.4482421875
42.8721544,-107.5244140625,-60.5712890625,61.8603515625
42.894046,-108.8427734375,-61.1572265625,58.2958984375
42.9389577,-107.0361328125,-61.3037109375,54.7802734375
42.958045,-102.4951171875,-62.5732421875,50.8740234375
42.9839841,-99.8095703125,-62.9150390625,47.7490234375
43.034596,-95.2685546875,-63.3056640625,46.7236328125
43.0560016,-92.6318359375,-62.2802734375,50.0927734375
43.0804852,-89.6044921875,-60.6689453125,57.5634765625
43.1089808,-87.5537109375,-60.0830078125,66.1572265625
43.1429496,-85.3076171875,-59.8388671875,73.9208984375
43.1699782,-85.6982421875,-58.9111328125,79.5849609375
43.2095277,-86.0888671875,-57.7880859375,85.0537109375
43.2275278,-85.6005859375,-57.5927734375,87.3486328125
43.2620328,-87.7490234375,-57.1533203125,87.8369140625
43.2893999,-89.7021484375,-57.8369140625,85.5419921875
43.3277093,-90.4833984375,-57.7392578125,82.5634765625
43.3497138,-93.4619140625,-58.5205078125,81.2451171875
43.3827052,-95.7080078125,-58.0810546875,78.7548828125
43.4102837,-97.2216796875,-59.2529296875,75.8740234375
43.4481419,-99.1748046875,-58.8134765625,73.0908203125
43.4682564,-101.1767578125,-59.2041015625,69.8681640625
43.5057745,-103.4716796875,-59.3505859375,67.8662109375
43.5305039,-104.8388671875,-60.1806640625,64.7412109375
43.5610601,-104.4970703125,-61.6455078125,61.0791015625
43.5955431,-100.5419921875,-61.3037109375,57.3193359375
43.6213887,-96.5869140625,-61.9873046875,55.4150390625
43.6588724,-93.6083984375,-61.9384765625,53.5595703125
43.6829079,-89.4091796875,-60.7666015625,56.0498046875
43.708879,-86.2353515625,-60.3759765625,63.7646484375
43.7480945,-83.5498046875,-59.8388671875,72.8955078125
43.7711095,-81.5966796875,-58.2763671875,79.8291015625
43.8057353,-81.3037109375,-57.6416015625,85.2490234375
43.8337311,-83.2568359375,-57.3486328125,90.4248046875
43.8597436,-83.5986328125,-56.7138671875,92.5244140625
43.8963362,-84.8193359375,-57.1044921875,91.4990234375
43.9244552,-85.6494140625,-57.7392578125,88.7158203125
43.9514164,-87.9443359375,-57.2998046875,86.2255859375
43.9854757,-89.5556640625,-57.5439453125,84.1259765625
44.0134124,-92.2412109375,-57.5439453125,81.8798828125
44.0423717,-94.3408203125,-58.8134765625,78.8525390625
44.0750321,-96.7333984375,-58.2275390625,76.8505859375
44.1032967,-98.5400390625,-58.8623046875,74.1162109375
44.1323435,-100.4443359375,-59.4482421875,71.6259765625
44.1659104,-101.7138671875,-60.1806640625,67.5244140625
44.1944911,-102.2509765625,-60.8642578125,64.3505859375
44.225503,-98.9794921875,-61.0595703125,60.9814453125
44.2555093,-94.1455078125,-63.0126953125,57.1240234375
44.2825243,-90.5322265625,-62.7197265625,55.5126953125
44.3183621,-86.5283203125,-62.2802734375,60.1025390625
44.3443372,-82.8662109375,-60.7177734375,69.2822265625
44.3763561,-79.7412109375,-60.2294921875,77.9248046875
44.4083297,-77.8857421875,-58.7646484375,84.5654296875
44.4363465,-77.2509765625,-58.7158203125,91.2548828125
44.4643654,-78.1298828125,-57.4951171875,95.8935546875
44.4987789,-78.7158203125,-56.7138671875,98.6279296875
44.5257628,-79.3505859375,-57.5439453125,97.4072265625
44.5567697,-80.0341796875,-58.3251953125,94.8681640625
44.5877691,-82.5244140625,-57.7880859375,91.0595703125
44.6163732,-84.1845703125,-58.6181640625,89.3017578125
44.6477617,-86.7236328125,-58.5693359375,86.3232421875
44.6787752,-89.5068359375,-58.6669921875,83.1005859375
44.7097964,-91.4599609375,-59.8876953125,79.9267578125
44.7383953,-94.0478515625,-59.7900390625,77.0947265625
44.7677931,-96.6845703125,-60.4248046875,73.2861328125
44.7953566,-98.4912109375,-61.9384765625,69.3310546875
44.8278756,-98.5888671875,-62.5732421875,65.6689453125
44.858014,-96.6357421875,-62.4267578125,62.2021484375
44.8895596,-92.6318359375,-63.5009765625,58.3447265625
44.9169473,-89.9462890625,-63.9892578125,58.1982421875
44.9479103,-86.1376953125,-63.0126953125,63.6181640625
44.9795695,-83.1591796875,-62.1826171875,72.7490234375
45.0093065,-80.1318359375,-61.4013671875,82.0751953125
45.0411214,-78.5693359375,-61.9384765625,88.8623046875
45.0706381,-77.8857421875,-60.3271484375,95.1611328125
45.1086796,-78.7646484375,-60.3271484375,98.4814453125
45.1268103,-79.2529296875,-59.1552734375,99.9951171875
45.1597956,-80.6689453125,-59.6923828125,98.1396484375
45.189883,-82.6220703125,-60.8642578125,94.5263671875
45.2216861,-84.6240234375,-59.9853515625,90.9619140625
45.2517702,-86.4306640625,-60.3759765625,87.8857421875
45.2945182,-88.3837890625,-61.5478515625,85.1513671875
45.311087,-90.6298828125,-61.7919921875,81.7333984375
45.3413599,-92.9248046875,-61.8896484375,78.9990234375
45.377868,-94.4873046875,-63.0126953125,74.5556640625
45.4022193,-97.5146484375,-63.5009765625,70.2099609375
45.448443,-99.2236328125,-63.7939453125,67.0361328125
45.4626293,-99.0771484375,-63.7939453125,63.3251953125
45.4899625,-96.5380859375,-64.9169921875,59.3701171875
45.5207753,-92.4853515625,-64.9169921875,55.6591796875
45.5534203,-89.7998046875,-65.6982421875,55.3662109375
45.581033,-85.9423828125,-64.4775390625,60.4443359375
45.6113286,-81.9384765625,-63.9404296875,67.5244140625
45.6492685,-79.4482421875,-63.8916015625,75.1904296875
45.6696493,-77.6904296875,-63.5498046875,80.2685546875
45.7009393,-77.1533203125,-63.3056640625,85.6396484375
45.7419833,-78.0810546875,-62.6708984375,88.8134765625
45.7620842,-79.4482421875,-63.2080078125,90.0341796875
45.7987533,-80.9619140625,-62.9638671875,88.2763671875
45.8243082,-83.4033203125,-63.5009765625,83.7841796875
45.8721138,-84.8193359375,-63.0615234375,79.6826171875
45.8823728,-86.4306640625,-63.2568359375,77.7783203125
45.9216772,-88.8720703125,-63.8916015625,74.2626953125
45.9431383,-91.0205078125,-63.7939453125,70.1611328125
45.9797144,-93.1689453125,-64.3798828125,66.6455078125
46.0047273,-95.4638671875,-64.7216796875,63.4716796875
46.0415196,-97.3193359375,-64.9658203125,59.2724609375
46.0650549,-99.2236328125,-65.3564453125,55.9033203125
46.1000633,-100.1513671875,-66.2841796875,52.7294921875
46.1261922,-96.9775390625,-67.2607421875,48.3837890625
46.1557177,-93.1689453125,-67.7978515625,44.8193359375
46.1830952,-89.6044921875,-67.6513671875,44.1357421875
46.2172382,-86.5283203125,-66.6259765625,47.1630859375
46.2436081,-83.3056640625,-65.5517578125,54.8779296875
46.2912925,-81.5478515625,-65.8447265625,60.2978515625
46.3107805,-80.8642578125,-65.0146484375,65.5224609375
46.3360578,-81.1572265625,-64.5263671875,69.6728515625
46.3729128,-83.1103515625,-63.6962890625,72.5537109375
46.3958746,-84.7705078125,-63.3544921875,72.7978515625
46.4322496,-86.2841796875,-64.4775390625,70.7958984375
46.4582279,-88.2861328125,-64.9169921875,67.4267578125
46.4952763,-89.6044921875,-64.6240234375,65.7666015625
46.5134196,-91.9482421875,-64.9658203125,63.6669921875
46.5505996,-94.3408203125,-65.7958984375,61.7626953125
46.5762543,-96.5869140625,-66.2353515625,58.9306640625
46.6137041,-98.3935546875,-66.4306640625,55.9521484375
46.6374353,-100.5419921875,-67.0166015625,52.5830078125
46.6653894,-102.2509765625,-68.0908203125,49.1162109375
46.7011268,-104.5458984375,-68.2373046875,46.4794921875
46.7273045,-106.0107421875,-68.5302734375,42.4267578125
46.763573,-103.6669921875,-70.1904296875,39.0576171875
46.789376,-99.6142578125,-71.0693359375,36.7626953125
46.827032,-96.1962890625,-70.5322265625,37.3974609375
46.8480577,-92.9248046875,-69.8486328125,41.8408203125
46.8829497,-90.0927734375,-68.5791015625,48.4326171875
46.9094057,-87.7978515625,-68.1396484375,54.9755859375
46.9477487,-85.3564453125,-67.7490234375,58.6376953125
46.9687362,-85.6005859375,-66.5283203125,63.7646484375
47.0027869,-86.7724609375,-66.0888671875,65.9619140625
47.0305312,-87.5048828125,-66.2841796875,65.8642578125
47.0660855,-88.0419921875,-66.8701171875,63.9111328125
47.0885788,-89.4091796875,-67.3095703125,61.5185546875
47.1231357,-91.7041015625,-67.7978515625,58.9306640625
47.1481135,-93.6572265625,-67.7490234375,57.9052734375
47.1832824,-96.7333984375,-67.8466796875,55.1708984375
47.2100245,-98.8818359375,-68.4326171875,52.8271484375
47.2484012,-100.1513671875,-68.9208984375,50.4833984375
47.2739821,-102.1533203125,-69.8486328125,47.3583984375
47.3028646,-105.4248046875,-71.1181640625,44.4775390625
47.3408702,-106.5966796875,-72.4365234375,41.8896484375
47.3630521,-107.1826171875,-72.8759765625,38.4716796875
47.4027506,-104.7412109375,-73.3642578125,35.7861328125
47.422118,-100.5419921875,-74.6826171875,34.1748046875
47.4578179,-97.4169921875,-74.3408203125,35.4443359375
47.4823408,-95.0732421875,-73.4619140625,41.5478515625
47.5217742,-91.7041015625,-72.5341796875,47.3095703125
47.5438137,-88.6279296875,-71.8017578125,52.4365234375
47.581437,-86.7724609375,-71.1181640625,57.2705078125
47.5993978,-86.7236328125,-70.8251953125,61.0791015625
47.6413417,-88.3349609375,-70.8740234375,63.7158203125
47.6727598,-89.2138671875,-70.9228515625,63.5693359375
47.6938428,-89.9462890625,-72.8271484375,62.3974609375
47.735664,-90.8251953125,-72.4853515625,59.5654296875
47.7526781,-93.4130859375,-73.9013671875,57.2216796875
47.7906805,-95.2197265625,-73.9501953125,55.9033203125
47.8146583,-97.7099609375,-74.9267578125,54.7314453125
47.8485546,-99.1259765625,-75.3662109375,51.9970703125
47.8726799,-101.2744140625,-76.7333984375,49.7998046875
47.9074099,-103.2275390625,-77.0751953125,47.0654296875
47.9320062,-104.9853515625,-78.4912109375,44.4287109375
47.9670429,-107.3291015625,-79.8095703125,41.3037109375
47.993426,-106.4501953125,-80.7373046875,37.9833984375
48.0292883,-104.1064453125,-80.4443359375,35.4931640625
48.0543516,-99.5654296875,-82.1044921875,33.0517578125
48.0901222,-94.5361328125,-81.6650390625,33.6865234375
48.1178952,-90.6298828125,-80.2978515625,39.3017578125
48.1469987,-86.1376953125,-79.6142578125,44.8681640625
48.1870828,-83.3544921875,-79.2724609375,51.0205078125
48.2063115,-81.4013671875,-78.2958984375,55.4150390625
48.2463634,-80.1806640625,-78.4912109375,59.1748046875
48.2943337,-81.8408203125,-77.9052734375,62.1044921875
48.3132694,-83.5009765625,-78.4912109375,61.6162109375
48.3269126,-84.8193359375,-79.4677734375,59.2236328125
48.3639163,-85.7958984375,-80.4443359375,56.9287109375
48.3860514,-88.6767578125,-80.6396484375,55.4638671875
48.4252935,-91.1669921875,-80.6396484375,54.2431640625
48.4497366,-92.9736328125,-81.0791015625,52.4365234375
48.4861237,-95.8544921875,-82.4951171875,49.9951171875
48.5092685,-97.8076171875,-82.0556640625,47.9931640625
48.5387449,-100.0537109375,-82.9833984375,45.0146484375
48.5731318,-102.5927734375,-84.3017578125,42.7197265625
48.6001562,-104.0087890625,-85.1806640625,39.8876953125
48.6302444,-105.2294921875,-85.5224609375,36.7626953125
48.657511,-102.0556640625,-86.1083984375,33.3447265625
48.6939951,-98.7353515625,-87.1337890625,31.2451171875
48.7166094,-93.9501953125,-87.4755859375,32.4658203125
48.7554707,-90.1904296875,-86.3037109375,37.8369140625
48.7787525,-86.7724609375,-85.8642578125,44.6240234375
48.8157342,-84.4775390625,-85.4736328125,50.9228515625
48.8422233,-83.2080078125,-84.3017578125,56.6357421875
48.8780184,-83.1591796875,-83.2763671875,60.3466796875
48.8992076,-85.0634765625,-83.4716796875,63.5205078125
48.935226,-85.7470703125,-83.3251953125,63.9599609375
48.9622834,-86.8701171875,-84.5458984375,62.2998046875
48.9883852,-88.1396484375,-84.3017578125,60.6396484375
49.0238607,-90.2880859375,-85.4248046875,59.0771484375
49.0511561,-92.8759765625,-84.7900390625,56.4404296875
49.0938849,-95.1220703125,-85.8154296875,53.9013671875
49.140777,-97.5146484375,-86.7431640625,51.3134765625
49.1419841,-100.1025390625,-87.4267578125,49.1650390625
49.1735603,-101.7138671875,-88.3056640625,46.9189453125
49.2025645,-103.9111328125,-88.6474609375,44.3798828125
49.23851,-106.4501953125,-90.2587890625,40.8642578125
49.2635307,-109.1357421875,-90.5029296875,37.5439453125
49.2911908,-107.2314453125,-90.5517578125,34.0283203125
49.3261222,-102.7392578125,-91.6259765625,32.5634765625
49.3537771,-99.4189453125,-91.1376953125,33.6376953125
49.3822473,-96.0009765625,-89.2822265625,39.0576171875
49.4176113,-92.9248046875,-89.7705078125,47.6513671875
49.4439896,-90.4833984375,-88.0615234375,53.9013671875
49.4736012,-88.1396484375,-88.0615234375,60.0537109375
49.5065027,-87.4560546875,-87.1337890625,64.2529296875
49.5341454,-88.0908203125,-85.6201171875,68.3544921875
49.5680476,-89.0185546875,-86.1572265625,69.7705078125
49.5952354,-89.6533203125,-85.9619140625,67.5244140625
49.6243802,-90.2392578125,-86.0595703125,66.1572265625
49.652476,-92.3876953125,-86.5478515625,66.4013671875
49.6868451,-95.3173828125,-87.3779296875,63.2275390625
49.7152955,-97.8564453125,-87.7685546875,61.2744140625
49.7469989,-99.7119140625,-88.3544921875,58.9794921875
49.7818329,-102.1533203125,-88.3544921875,56.2451171875
49.8024423,-104.9365234375,-88.6962890625,53.3154296875
49.8357237,-107.6220703125,-89.2822265625,51.0205078125
49.8658307,-110.5029296875,-89.6728515625,48.2373046875
49.8994833,-112.6025390625,-90.9423828125,44.1357421875
49.9260522,-110.6005859375,-91.3330078125,40.7666015625
49.9555973,-106.0107421875,-92.0654296875,39.2529296875
49.9838725,-103.3251953125,-90.6005859375,41.2060546875
50.0165618,-100.3466796875,-88.6962890625,47.9931640625
50.0435265,-96.4892578125,-89.0380859375,56.2451171875
50.0776615,-93.0712890625,-87.9638671875,63.4716796875
50.1076473,-90.2392578125,-88.0126953125,69.9658203125
50.1341641,-89.2626953125,-86.2548828125,74.8486328125
50.1685955,-90.1904296875,-86.6943359375,77.9248046875
50.1988002,-90.8740234375,-87.1337890625,78.0712890625
50.2356189,-91.5576171875,-87.4755859375,76.1669921875
50.2600682,-92.0458984375,-88.7451171875,73.6279296875
50.2873023,-93.6083984375,-87.7685546875,70.4052734375
50.3164288,-96.1962890625,-87.9150390625,67.2802734375
50.3494873,-98.1005859375,-88.3056640625,65.3271484375
50.3766205,-99.8583984375,-89.6240234375,62.0556640625
50.4093553,-101.2744140625,-89.3798828125,59.6630859375
50.4379675,-102.4951171875,-90.4541015625,55.5615234375
50.468737,-104.7412109375,-90.0146484375,51.7041015625
50.5002918,-106.0595703125,-90.4052734375,48.0419921875
50.5271278,-107.3291015625,-90.4541015625,44.9169921875
50.560554,-105.6201171875,-91.4794921875,40.6201171875
50.5961772,-100.9814453125,-92.3095703125,38.0322265625
50.6201044,-97.7099609375,-91.5771484375,39.1552734375
50.6518799,-93.8525390625,-89.6728515625,46.6748046875
50.6788244,-90.2880859375,-88.7939453125,54.8779296875
50.7093934,-86.9677734375,-88.1103515625,62.8369140625
50.7432874,-84.3310546875,-87.1337890625,69.3310546875
50.7692751,-83.3544921875,-86.3525390625,73.5302734375
50.8077541,-83.6474609375,-85.5224609375,76.7041015625
50.8316351,-85.5517578125,-85.6201171875,75.1416015625
50.8658803,-86.9677734375,-86.7431640625,72.5048828125
50.8949803,-88.4326171875,-86.0595703125,70.0146484375
50.9208531,-91.4111328125,-86.4990234375,66.9873046875
50.9591019,-93.2666015625,-86.5966796875,64.5947265625
51.0009608,-94.9755859375,-87.0361328125,62.5439453125
51.0228885,-97.3193359375,-86.6943359375,58.8330078125
51.0448816,-99.8583984375,-88.0126953125,55.3173828125
51.0798946,-101.6650390625,-87.2314453125,51.3134765625
51.1008045,-104.3017578125,-88.1591796875,48.2373046875
51.1398366,-106.2060546875,-88.6474609375,44.7705078125
51.16391,-108.5009765625,-88.0126953125,40.0830078125
51.2010459,-108.2080078125,-89.1845703125,37.0556640625
51.2240246,-103.9111328125,-89.4287109375,34.3212890625
51.2601577,-101.3232421875,-89.0380859375,35.1513671875
51.2828616,-97.4169921875,-87.9150390625,41.7919921875
51.3185611,-95.1708984375,-86.4990234375,49.6044921875
51.3417391,-92.0947265625,-86.2548828125,56.4404296875
51.3805435,-90.0927734375,-84.6923828125,62.8369140625
51.4055151,-88.6279296875,-83.8134765625,65.9130859375
51.4334992,-89.1162109375,-83.5205078125,68.6962890625
51.4686385,-89.7509765625,-83.2763671875,68.8427734375
51.4948496,-90.4833984375,-83.8134765625,65.9130859375
51.5343869,-91.8017578125,-84.3505859375,63.9111328125
51.557855,-93.5107421875,-84.7412109375,61.0302734375
51.5943263,-94.9267578125,-84.3017578125,58.3935546875
51.6143528,-97.5146484375,-84.6435546875,55.9521484375
51.6498661,-100.4443359375,-85.1806640625,52.3388671875
51.6758068,-101.9580078125,-85.8642578125,48.9208984375
51.7105887,-103.7158203125,-86.2060546875,46.1865234375
51.7347182,-105.2783203125,-86.7919921875,42.3291015625
51.77275,-107.9638671875,-86.7431640625,39.2529296875
51.7975474,-109.8681640625,-87.6220703125,35.4443359375
51.8369648,-110.5517578125,-87.4267578125,32.7587890625
51.8548561,-106.2548828125,-88.4521484375,29.1943359375
51.8912536,-102.8857421875,-88.0615234375,29.9267578125
51.9155551,-99.3212890625,-86.4013671875,37.5927734375
51.9495846,-96.8310546875,-85.6689453125,45.4052734375
51.9777273,-93.7060546875,-84.1552734375,52.6318359375
52.0129849,-90.2880859375,-82.6904296875,59.0283203125
52.0347234,-89.2138671875,-81.9580078125,64.1064453125
52.0689627,-88.9697265625,-81.0302734375,66.8408203125
52.0959069,-90.1416015625,-81.2744140625,66.7431640625
52.1328861,-90.5810546875,-82.0556640625,64.5947265625
52.1603769,-92.2900390625,-81.8603515625,61.7626953125
52.1936687,-93.5107421875,-81.8115234375,58.9794921875
52.2193307,-95.5126953125,-81.8115234375,56.3916015625
52.2558579,-98.1982421875,-82.3486328125,53.9013671875
52.2811403,-99.9560546875,-82.7392578125,50.7763671875
52.30911,-101.4208984375,-83.4716796875,49.0673828125
52.3442812,-104.3505859375,-83.5205078125,45.6494140625
52.3667074,-105.4736328125,-84.3994140625,42.4267578125
52.4041067,-108.7451171875,-84.5458984375,39.4970703125
52.4282496,-109.8681640625,-84.7412109375,34.7607421875
52.4644007,-110.8447265625,-85.5712890625,31.0986328125
52.4889088,-107.6708984375,-86.8896484375,27.9736328125
52.5298169,-103.4228515625,-85.8642578125,27.2900390625
52.5518355,-100.2490234375,-84.5458984375,33.9794921875
52.5808289,-96.2939453125,-83.0810546875,42.7197265625
52.6147945,-92.9736328125,-82.6416015625,50.7763671875
52.6416937,-90.0439453125,-81.6162109375,56.7822265625
52.6757732,-87.8955078125,-82.2021484375,61.1279296875
52.7007194,-86.9189453125,-81.2255859375,62.9345703125
52.7382486,-87.9443359375,-81.3232421875,62.5927734375
52.7616371,-88.1396484375,-81.4208984375,59.3212890625
52.7985687,-89.4580078125,-83.0810546875,54.2919921875
52.822354,-91.0205078125,-82.6904296875,50.4345703125
52.8588397,-92.0947265625,-82.6416015625,46.5283203125
52.8840163,-94.3408203125,-83.2763671875,42.1826171875
52.9219115,-96.9287109375,-83.9599609375,39.1552734375
52.9458218,-99.1748046875,-84.0576171875,34.3701171875
52.9748475,-100.9814453125,-84.7900390625,30.4150390625
53.0038496,-102.6416015625,-84.7412109375,26.9970703125
53.0418235,-105.1806640625,-85.7666015625,23.3837890625
53.0638062,-107.6708984375,-86.2548828125,18.5498046875
53.1000939,-108.3544921875,-87.1337890625,13.8134765625
53.126636,-106.5478515625,-87.7197265625,10.2490234375
53.161043,-101.7626953125,-88.0126953125,9.0283203125
53.1875368,-97.8564453125,-87.3291015625,13.1298828125
53.2230649,-93.6572265625,-86.0107421875,20.7470703125
53.2440519,-89.7509765625,-85.8642578125,28.1689453125
53.2791782,-86.5771484375,-85.3271484375,33.8330078125
53.3042179,-84.0380859375,-85.1806640625,38.4228515625
53.3410038,-83.4033203125,-84.3505859375,42.2802734375
53.3670018,-84.1357421875,-85.3759765625,44.6240234375
53.4011834,-85.6982421875,-84.7412109375,42.6220703125
53.4219846,-86.8212890625,-85.2783203125,39.7900390625
53.4569483,-88.7255859375,-85.6201171875,36.5185546875
53.4859193,-90.7275390625,-86.1572265625,33.8818359375
53.5221221,-92.2900390625,-86.9384765625,31.8310546875
53.5451137,-94.9755859375,-87.2314453125,29.2919921875
53.5830496,-96.0986328125,-87.7685546875,26.8994140625
53.6093017,-98.3447265625,-88.1591796875,23.9697265625
53.6446372,-101.5673828125,-88.9404296875,21.4306640625
53.6662624,-104.3017578125,-89.3798828125,18.4033203125
53.7028644,-106.7919921875,-90.4541015625,15.2294921875
53.7264989,-108.7451171875,-90.3076171875,11.8603515625
53.7629168,-109.1845703125,-91.5283203125,9.8583984375
53.7878394,-103.7646484375,-91.0888671875,8.3447265625
53.8263709,-99.4189453125,-89.9658203125,12.6904296875
53.8468882,-95.1220703125,-88.1103515625,20.2099609375
53.8808107,-91.8017578125,-88.2568359375,27.9248046875
53.9081789,-88.7255859375,-87.1826171875,35.5908203125
53.9400784,-86.5771484375,-87.9150390625,40.4248046875
53.9686947,-84.8681640625,-87.0361328125,44.5751953125
54.0056349,-85.7958984375,-87.5732421875,47.0166015625
54.0284949,-86.8701171875,-87.7197265625,46.2353515625
54.0630129,-87.9443359375,-88.8427734375,44.2333984375
54.0886295,-89.1650390625,-89.3310546875,41.9384765625
54.1254525,-90.3369140625,-88.9892578125,40.3759765625
54.1505777,-91.9970703125,-90.0634765625,37.4462890625
54.1855987,-92.9248046875,-90.8447265625,35.2978515625
54.2105279,-95.6591796875,-91.9677734375,32.8564453125
54.2395218,-96.8310546875,-91.5283203125,30.1708984375
54.2745181,-98.4912109375,-92.4560546875,27.9248046875
54.299381,-101.0302734375,-92.9443359375,24.7998046875
54.3304291,-102.7392578125,-93.8720703125,20.8935546875
54.3673083,-105.6201171875,-93.5791015625,17.4267578125
54.3918098,-105.5712890625,-94.5556640625,14.5458984375
54.4298522,-100.9814453125,-94.5556640625,14.7900390625
54.4518403,-96.9775390625,-92.8955078125,18.7939453125
54.4808408,-93.2666015625,-91.5771484375,27.1435546875
54.5128273,-89.9462890625,-90.6494140625,35.4931640625
54.5438811,-87.3583984375,-91.2353515625,43.0615234375
54.5693569,-85.1611328125,-90.7470703125,49.0673828125
54.6046302,-83.7939453125,-89.9658203125,53.7548828125
54.6317101,-84.1357421875,-89.9169921875,56.0498046875
54.6642772,-85.5029296875,-90.9912109375,56.1474609375
54.6948149,-85.5029296875,-91.3818359375,52.9248046875
54.7245696,-86.3818359375,-92.4560546875,50.5322265625
54.7520368,-88.0419921875,-92.5048828125,47.5048828125
54.7830699,-90.3857421875,-93.9208984375,46.0400390625
54.8125752,-91.8994140625,-94.0185546875,43.0615234375
54.8453305,-93.9990234375,-95.8251953125,41.4501953125
54.8736498,-96.1962890625,-95.5810546875,38.8623046875
54.9031983,-97.5146484375,-96.5576171875,36.8603515625
54.9349777,-99.2236328125,-96.6552734375,33.2470703125
54.9647441,-100.5908203125,-98.2666015625,29.8291015625
54.9927054,-101.8603515625,-99.6337890625,26.8017578125
55.0260265,-101.4208984375,-100.1708984375,22.9443359375
55.0552111,-97.5634765625,-100.5126953125,23.4326171875
55.0877333,-93.2666015625,-99.0966796875,29.4384765625
55.1228673,-89.0673828125,-97.8271484375,38.4716796875
55.1446541,-85.0634765625,-96.6552734375,46.3818359375
55.1772336,-81.0595703125,-96.9482421875,54.0966796875
55.2059731,-77.8857421875,-96.0693359375,59.9560546875
55.2345111,-75.0048828125,-95.2392578125,63.6669921875
55.2658654,-74.1748046875,-95.6298828125,65.4248046875
55.2960511,-74.1748046875,-97.0458984375,62.5927734375
55.3251918,-74.6142578125,-97.9248046875,60.2490234375
55.3561312,-76.0791015625,-99.1943359375,58.1982421875
55.3858979,-77.3486328125,-98.9990234375,55.6103515625
55.4179816,-79.1552734375,-98.7060546875,52.4365234375
55.4467273,-80.9130859375,-99.6337890625,48.0908203125
55.4769794,-82.0849609375,-100.0732421875,43.6474609375
55.5069532,-85.2099609375,-101.0009765625,40.5712890625
55.5369735,-87.3095703125,-101.3916015625,36.6650390625
55.5691468,-89.3603515625,-102.2705078125,33.0517578125
55.5983503,-92.1923828125,-103.1982421875,29.6337890625
55.6272989,-94.3896484375,-102.7587890625,26.0693359375
55.6583841,-94.0478515625,-104.1748046875,22.7978515625
55.6892715,-90.5810546875,-103.9306640625,23.3349609375
55.7252013,-87.3095703125,-101.5869140625,29.2431640625
55.7503028,-83.7939453125,-100.7568359375,37.6416015625
55.7953073,-80.9130859375,-100.4150390625,45.1123046875
55.8080273,-77.2021484375,-99.8779296875,52.4853515625
55.8408119,-74.8583984375,-99.0966796875,58.0029296875
55.867996,-73.6865234375,-98.5107421875,62.4462890625
55.9082212,-73.7353515625,-98.9990234375,62.6416015625
55.9481139,-75.8837890625,-98.7060546875,61.5673828125
55.9692782,-77.4951171875,-99.6337890625,57.8564453125
55.9876954,-79.1064453125,-99.0478515625,56.0986328125
56.0213914,-81.8896484375,-98.9013671875,54.0966796875
56.0593119,-84.1357421875,-99.2431640625,51.5576171875
56.082962,-85.8447265625,-99.6826171875,48.2861328125
56.1123944,-88.3837890625,-99.2431640625,44.3798828125
56.1474302,-91.0205078125,-99.5849609375,40.8154296875
56.1720162,-94.0478515625,-99.9755859375,37.0068359375
56.209141,-96.5380859375,-100.1220703125,34.7119140625
56.2301773,-100.3466796875,-100.4638671875,30.0244140625
56.2679138,-102.7392578125,-101.1962890625,25.8251953125
56.289953,-104.2529296875,-101.2939453125,24.1650390625
56.3306315,-101.0791015625,-100.8056640625,26.0693359375
56.3522927,-97.4658203125,-98.5107421875,32.7099609375
56.3882442,-94.6337890625,-97.8271484375,39.9365234375
56.4123028,-91.5087890625,-96.6064453125,47.0654296875
56.4419293,-89.1162109375,-96.4599609375,53.1201171875
56.4825432,-87.0166015625,-95.5322265625,57.8564453125
56.5026972,-86.6748046875,-95.1416015625,61.8603515625
56.5451837,-86.7724609375,-95.1416015625,61.4697265625
56.5655838,-89.2138671875,-95.4345703125,60.1513671875
56.5946026,-90.8251953125,-95.4833984375,57.8564453125
56.6244784,-92.9248046875,-95.8251953125,55.4638671875
56.6705334,-94.5849609375,-96.0205078125,54.5849609375
56.683008,-95.9521484375,-95.8740234375,52.2900390625
56.732335,-97.5146484375,-96.8505859375,50.2880859375
56.752879,-98.3447265625,-97.6806640625,46.9189453125
56.7747663,-100.7861328125,-97.6318359375,44.7216796875
56.8136511,-101.9091796875,-97.5830078125,42.0361328125
56.835084,-102.9833984375,-98.1201171875,39.3505859375
56.8706327,-104.3994140625,-98.7060546875,35.4443359375
56.8925042,-106.4013671875,-99.6337890625,32.5634765625
56.9269589,-105.1318359375,-98.8037109375,33.6376953125
56.9544609,-101.1279296875,-97.2412109375,39.6435546875
56.9928051,-96.6845703125,-96.5087890625,45.7958984375
57.016321,-91.9970703125,-94.9951171875,52.3876953125
57.0508222,-88.4326171875,-94.2138671875,57.3193359375
57.076888,-86.1376953125,-93.5302734375,61.0302734375
57.1149277,-82.9638671875,-92.3583984375,64.0087890625
57.1369659,-81.3525390625,-93.0419921875,64.2041015625
57.1711089,-81.5478515625,-93.2861328125,62.4462890625
57.1970805,-82.0849609375,-94.6533203125,59.2236328125
57.2311863,-83.2080078125,-94.1650390625,56.3916015625
57.2587683,-83.4033203125,-94.0673828125,54.2431640625
57.2948102,-84.2822265625,-94.1162109375,52.5830078125
57.319824,-85.3564453125,-94.2138671875,50.4345703125
57.3543536,-86.5771484375,-94.8486328125,47.6513671875
57.3753346,-87.8466796875,-95.7763671875,44.2333984375
57.4098176,-89.6533203125,-96.0693359375,41.0107421875
57.436821,-91.0205078125,-96.8505859375,37.7392578125
57.4711579,-92.9248046875,-96.9970703125,34.0283203125
57.4993997,-94.5849609375,-96.6552734375,31.1474609375
57.5356742,-94.9267578125,-97.0947265625,29.0478515625
57.5596585,-91.4111328125,-96.6552734375,31.0009765625
57.5962242,-86.9677734375,-94.9462890625,37.1533203125
57.617308,-82.0849609375,-93.2861328125,43.4521484375
57.6524985,-78.2763671875,-92.0654296875,49.0185546875
57.678471,-74.8583984375,-91.7724609375,54.8291015625
57.7154436,-71.5869140625,-91.2353515625,58.4912109375
57.741286,-69.5849609375,-89.7216796875,60.5908203125
57.7785034,-68.3642578125,-90.2099609375,60.6396484375
57.8005026,-70.3173828125,-90.9912109375,58.6376953125
57.8385261,-71.4892578125,-91.5771484375,56.2939453125
57.8612393,-72.5146484375,-91.4306640625,54.7314453125
57.9050545,-73.5400390625,-92.4072265625,51.8505859375
57.9352874,-75.5908203125,-92.1630859375,50.2880859375
57.9492611,-76.8115234375,-94.1162109375,48.3837890625
57.9903297,-79.0576171875,-93.8720703125,44.5263671875
58.0122943,-81.0595703125,-94.2626953125,41.2060546875
58.0432885,-83.0615234375,-95.5810546875,39.1552734375
58.0822297,-84.7705078125,-95.5810546875,35.6396484375
58.1007032,-86.5771484375,-96.2646484375,32.9052734375
58.1430507,-88.5791015625,-96.8505859375,29.3896484375
58.162076,-88.9208984375,-97.8759765625,27.3876953125
58.2000984,-84.8681640625,-96.1181640625,30.1708984375
58.223768,-80.3759765625,-95.5322265625,36.4208984375
58.2584616,-75.9326171875,-93.9208984375,42.1826171875
58.2799288,-70.9033203125,-94.5068359375,48.1884765625
58.3168086,-67.3388671875,-92.4072265625,52.5830078125
58.3420469,-64.3603515625,-91.8701171875,56.7333984375
58.3781168,-61.4794921875,-90.9423828125,57.0751953125
58.4051005,-61.2353515625,-91.4794921875,57.0751953125
58.4390047,-62.6513671875,-92.5048828125,54.2431640625
58.4598904,-63.6279296875,-92.7490234375,52.6318359375
58.5008074,-65.3857421875,-92.7001953125,50.6787109375
58.5279861,-67.6806640625,-92.6025390625,49.6533203125
58.5547386,-69.5849609375,-93.6279296875,46.9677734375
58.5917485,-72.3193359375,-94.2626953125,45.2587890625
58.6127558,-75.0537109375,-93.7744140625,42.8662109375
58.6513098,-76.6650390625,-93.3837890625,39.9853515625
58.6744997,-79.8388671875,-94.4091796875,36.6650390625
58.7120003,-82.1337890625,-94.6533203125,33.4423828125
58.7390242,-85.1123046875,-95.2880859375,30.8056640625
58.7661137,-87.9931640625,-95.0439453125,29.0478515625
58.7971268,-88.1396484375,-94.7998046875,28.4130859375
58.8271439,-84.1357421875,-92.6025390625,32.8076171875
58.8631813,-80.2294921875,-91.5771484375,39.6923828125
58.8859418,-77.0556640625,-91.1865234375,45.9912109375
58.9228564,-73.5400390625,-91.4306640625,51.8017578125
58.9659201,-70.8544921875,-89.7216796875,55.5126953125
58.986595,-68.5595703125,-89.0380859375,59.4677734375
59.0065041,-66.5576171875,-88.5498046875,60.1513671875
59.0421246,-67.4853515625,-90.2099609375,59.0283203125
59.0674968,-69.2919921875,-89.9658203125,57.2705078125
59.1051192,-70.5126953125,-90.6494140625,56.0009765625
59.1465075,-72.8564453125,-90.4541015625,53.9990234375
59.1669769,-74.8095703125,-91.0400390625,52.2412109375
59.1855203,-77.9833984375,-91.5283203125,50.5322265625
59.2309146,-80.0341796875,-92.2607421875,48.1884765625
59.2620709,-81.7919921875,-92.4560546875,46.0400390625
59.2991853,-84.7216796875,-93.0908203125,43.8916015625
59.3191566,-87.8466796875,-93.6279296875,40.3759765625
59.3366326,-89.8486328125,-93.5791015625,37.1044921875
59.366609,-93.2666015625,-93.7744140625,34.3212890625
59.4007322,-96.0009765625,-94.2138671875,33.6376953125
59.4289381,-94.4384765625,-93.3837890625,37.9833984375
59.4642579,-90.0927734375,-91.7724609375,43.8916015625
59.4907821,-86.9677734375,-90.7958984375,50.7275390625
59.5177002,-83.4033203125,-88.5986328125,57.0263671875
59.555547,-80.3759765625,-88.3544921875,62.5439453125
59.5806561,-77.9833984375,-86.8408203125,67.1337890625
59.6131031,-76.1767578125,-86.8896484375,69.9169921875
59.6421733,-75.7373046875,-87.5732421875,68.8427734375
59.67147,-77.4951171875,-88.4033203125,66.5478515625
59.7026774,-79.5947265625,-88.7939453125,64.9365234375
59.7304681,-80.4736328125,-88.8916015625,62.8857421875
59.762558,-83.0126953125,-89.2822265625,61.6650390625
59.7926062,-84.6240234375,-89.3798828125,58.4912109375
59.82033,-87.5537109375,-89.6728515625,56.4892578125
59.854377,-89.8974609375,-90.6494140625,53.5107421875
59.8838064,-93.0224609375,-90.8935546875,49.5068359375
59.9128128,-96.0009765625,-91.7236328125,46.1376953125
59.9436508,-99.0771484375,-92.6025390625,42.5732421875
59.9716476,-101.9580078125,-93.6279296875,40.5712890625
60.0017454,-104.4970703125,-94.4580078125,37.1533203125
60.0337027,-106.3037109375,-94.2138671875,36.7138671875
60.0629866,-101.4697265625,-92.4560546875,43.4033203125
60.096857,-98.1005859375,-91.3818359375,50.9228515625
60.1268566,-94.4384765625,-90.4541015625,57.5146484375
60.1506287,-91.7041015625,-90.4052734375,63.0322265625
60.1816437,-87.8955078125,-90.0634765625,67.6220703125
60.215576,-84.5751953125,-89.8681640625,70.4052734375
60.2435441,-82.4755859375,-89.4775390625,70.5029296875
60.2747002,-81.4501953125,-90.5517578125,68.7939453125
60.3056854,-81.8896484375,-91.8212890625,65.4248046875
60.333815,-81.7919921875,-91.8701171875,62.5927734375
60.3662004,-82.7197265625,-92.7490234375,60.4931640625
60.3946051,-83.8916015625,-92.8466796875,58.0517578125
60.4286959,-84.3798828125,-92.8955078125,55.6103515625
60.4628182,-86.4306640625,-94.8974609375,52.0458984375
60.4847013,-88.0419921875,-95.7763671875,48.3837890625
60.5136758,-90.1904296875,-95.8251953125,43.6962890625
60.5468927,-91.4599609375,-96.9970703125,40.7177734375
60.5748254,-94.5361328125,-96.7529296875,36.9580078125
60.6078088,-96.9775390625,-97.6806640625,32.3193359375
60.6368808,-99.4677734375,-99.2919921875,29.6337890625
60.6664285,-98.7353515625,-99.5849609375,30.1220703125
60.697349,-95.0244140625,-97.3876953125,36.2744140625
60.7269562,-91.3134765625,-96.9482421875,42.6708984375
60.7599596,-87.7978515625,-96.2158203125,49.1162109375
60.7884254,-84.1357421875,-96.0205078125,55.0732421875
60.817313,-80.0341796875,-94.9951171875,60.3466796875
60.8536753,-77.4951171875,-94.4091796875,62.6904296875
60.8784962,-74.0771484375,-93.7744140625,62.6416015625
60.9141788,-73.6865234375,-95.9716796875,60.9326171875
60.9391001,-74.9072265625,-96.6552734375,58.9794921875
60.9681376,-75.0537109375,-95.9228515625,56.5869140625
60.995936,-76.1767578125,-96.6064453125,54.7802734375
61.0288136,-78.6181640625,-96.7041015625,51.2646484375
61.0592524,-79.6435546875,-97.5830078125,48.7744140625
61.090934,-82.5244140625,-97.9736328125,45.4052734375
61.1329465,-85.4541015625,-98.5595703125,41.5478515625
61.1475895,-88.3349609375,-99.1943359375,38.6669921875
61.2121285,-90.6298828125,-99.7802734375,34.6142578125
61.2133527,-92.7294921875,-100.9521484375,33.7841796875
61.2390752,-95.0732421875,-102.3193359375,27.9736328125
61.2736497,-97.3193359375,-102.7099609375,24.5068359375
61.300039,-97.3681640625,-102.8564453125,24.5556640625
61.3330166,-92.2900390625,-101.5380859375,28.5107421875
61.3680336,-88.5302734375,-101.8798828125,34.4189453125
61.3897288,-84.6240234375,-100.6103515625,40.8642578125
61.4311651,-80.9130859375,-100.1220703125,44.9169921875
61.4510788,-77.8369140625,-99.7314453125,49.3603515625
61.479128,-74.4189453125,-100.4638671875,51.5576171875
61.5192289,-71.4892578125,-99.9755859375,51.3623046875
61.5424063,-71.3427734375,-100.5615234375,49.2626953125
61.587447,-71.4404296875,-100.7568359375,46.0888671875
61.6024274,-72.2705078125,-101.1474609375,41.7919921875
61.6501185,-72.9052734375,-101.0498046875,39.8876953125
61.664085,-72.9541015625,-101.9287109375,36.9580078125
61.701242,-74.5654296875,-102.2216796875,34.1259765625
61.7221208,-75.8349609375,-102.4169921875,31.9775390625
61.7571865,-76.7626953125,-102.8564453125,28.5595703125
61.7824879,-78.3740234375,-103.8330078125,24.5556640625
61.8235115,-79.3505859375,-104.2724609375,21.1865234375
61.8451545,-81.7431640625,-104.5654296875,18.4521484375
61.872201,-83.5498046875,-105.2490234375,14.6435546875
61.9065333,-85.2587890625,-106.0302734375,14.5947265625
61.9337953,-85.1123046875,-104.3701171875,17.5244140625
61.9609535,-80.3271484375,-102.5146484375,24.4091796875
61.9981666,-76.1767578125,-101.9775390625,29.3896484375
62.0248668,-72.7587890625,-101.2451171875,35.8837890625
62.0745405,-69.9755859375,-100.4638671875,39.8876953125
62.0851348,-67.5341796875,-99.5361328125,43.2568359375
62.1204673,-65.6298828125,-99.8779296875,44.9658203125
62.142126,-63.8232421875,-99.0478515625,43.6962890625
62.1830453,-65.7763671875,-99.3896484375,42.4755859375
62.2034312,-68.6083984375,-100.2685546875,40.1318359375
62.2388761,-69.9267578125,-100.4638671875,38.2763671875
62.2649835,-71.7333984375,-100.6591796875,36.5673828125
62.3051751,-73.8330078125,-100.7080078125,35.5908203125
62.3275868,-75.4931640625,-100.5126953125,33.2470703125
62.3633098,-77.9833984375,-100.8056640625,33.3447265625
62.384861,-79.9365234375,-101.5869140625,30.9033203125
62.4332692,-82.6708984375,-101.5869140625,28.4619140625
62.4534848,-84.6728515625,-101.8310546875,26.3623046875
62.4736893,-86.4794921875,-101.8310546875,22.6513671875
62.5088746,-88.9697265625,-102.1240234375,20.6982421875
62.5357637,-89.8974609375,-102.4169921875,19.9658203125
62.5721313,-87.9931640625,-100.4638671875,23.9697265625
62.5973632,-83.4033203125,-99.3896484375,30.3173828125
62.6336862,-79.0576171875,-98.8037109375,35.4931640625
62.6671427,-76.0791015625,-98.7060546875,38.6669921875
62.6869401,-72.8564453125,-98.1689453125,42.4755859375
62.7214861,-69.6826171875,-98.2666015625,44.6240234375
62.7493394,-68.1689453125,-97.6318359375,45.8935546875
62.7870345,-67.9248046875,-97.8271484375,44.6728515625
62.8068993,-69.4384765625,-99.0478515625,41.4501953125
62.8411625,-71.0986328125,-99.3896484375,38.9111328125
62.8669444,-72.0751953125,-99.5361328125,36.6162109375
62.902852,-73.9794921875,-99.3408203125,34.9072265625
62.930323,-75.0537109375,-100.2197265625,34.0283203125
62.9575658,-77.3486328125,-100.6103515625,30.8056640625
62.9926546,-78.4716796875,-100.8544921875,27.8271484375
63.0211152,-80.1806640625,-101.3427734375,24.9951171875
63.0581396,-82.4755859375,-101.0986328125,23.5791015625
63.0818359,-83.7451171875,-100.7568359375,19.4287109375
63.1229524,-85.7958984375,-101.0498046875,16.6455078125
63.1375002,-87.2119140625,-101.0986328125,13.7646484375
63.1726255,-88.2373046875,-100.4638671875,15.8154296875
63.1985852,-84.9658203125,-98.3642578125,20.0634765625
63.2350073,-80.6689453125,-97.3388671875,25.6787109375
63.260389,-75.5419921875,-96.5576171875,29.6337890625
63.2970761,-72.6123046875,-95.3857421875,33.9794921875
63.3214913,-68.3642578125,-94.1162109375,37.1044921875
63.3693576,-65.1904296875,-92.7490234375,40.2783203125
63.38076,-63.5302734375,-92.5048828125,41.0107421875
63.4164085,-63.5302734375,-92.6025390625,39.3994140625
63.4412237,-65.2880859375,-92.2607421875,38.9599609375
63.4756685,-67.2412109375,-91.6259765625,37.6416015625
63.5011982,-69.0966796875,-90.3076171875,35.3955078125
63.5376306,-71.9775390625,-91.1865234375,34.9072265625
63.5630711,-74.4677734375,-90.8447265625,31.8798828125
63.5976083,-78.3251953125,-90.9423828125,28.9990234375
63.6217419,-81.1083984375,-90.2587890625,25.9716796875
63.6649337,-84.2333984375,-89.7705078125,24.4580078125
63.6863082,-87.4072265625,-88.9404296875,21.8701171875
63.7220707,-90.0927734375,-89.7705078125,19.7216796875
63.7445809,-93.0224609375,-88.5009765625,16.9873046875
63.7797061,-95.3173828125,-89.4287109375,15.9619140625
63.8068407,-96.9287109375,-88.5986328125,18.7451171875
63.8341328,-93.4619140625,-86.4501953125,24.4580078125
63.8716313,-89.3603515625,-85.8154296875,29.3408203125
63.8960892,-86.6259765625,-84.8876953125,35.1025390625
63.9233048,-84.2822265625,-83.7158203125,39.7900390625
63.9608465,-81.4013671875,-81.5185546875,44.3310546875
63.9855825,-79.4970703125,-81.1279296875,47.0654296875
64.0224657,-78.1298828125,-80.7373046875,46.2841796875
64.0440135,-78.2275390625,-80.6884765625,45.6005859375
64.0783207,-79.7412109375,-80.6884765625,43.8916015625
64.1033333,-80.9619140625,-80.5419921875,41.8408203125
64.148498,-82.7197265625,-79.1748046875,41.6943359375
64.1688339,-84.7705078125,-78.9306640625,39.2041015625
64.1941122,-85.7470703125,-78.9306640625,37.5927734375
64.2296637,-87.9931640625,-78.1494140625,36.1767578125
64.2545902,-89.7021484375,-78.0029296875,34.2236328125
64.2899411,-91.8505859375,-77.9541015625,32.1240234375
64.3171103,-93.7548828125,-77.6123046875,29.6826171875
64.3547904,-95.0732421875,-78.5400390625,27.4365234375
64.3782288,-96.6845703125,-77.8564453125,25.8251953125
64.4134413,-98.5400390625,-77.5146484375,28.0224609375
64.4357545,-98.7841796875,-75.8544921875,32.7099609375
64.4695332,-94.6337890625,-74.4384765625,37.6416015625
64.4965902,-90.6298828125,-73.1201171875,42.5732421875
64.5325614,-87.6025390625,-71.9482421875,48.2373046875
64.5585462,-84.0380859375,-71.2158203125,52.6806640625
64.5879011,-81.3525390625,-70.6787109375,56.0009765625
64.6234429,-79.2529296875,-70.3369140625,56.0009765625
64.6498115,-77.5927734375,-71.2158203125,54.7802734375
64.6783737,-78.3251953125,-71.3134765625,52.8759765625
64.7104791,-80.0830078125,-71.5087890625,51.6552734375
64.7391981,-81.1572265625,-71.0205078125,51.2158203125
64.7760929,-83.0615234375,-72.0947265625,49.3603515625
64.8007033,-84.1357421875,-72.5830078125,47.9931640625
64.8360636,-85.7470703125,-72.3876953125,45.9423828125
64.857326,-87.2607421875,-73.1689453125,43.6474609375
64.893979,-88.4814453125,-72.7783203125,40.8154296875
64.9186597,-89.7998046875,-73.7548828125,38.2275390625
64.9488217,-90.6787109375,-74.1943359375,35.4443359375
64.9814717,-91.9482421875,-75.1220703125,33.1005859375
65.0095491,-92.9248046875,-75.6591796875,32.5146484375
65.0468152,-93.8037109375,-74.6826171875,35.0048828125
65.0705953,-91.8017578125,-73.0712890625,41.2060546875
65.0991239,-85.7958984375,-72.2412109375,47.4560546875
65.1372703,-82.3291015625,-71.7041015625,53.9501953125
65.1632049,-78.1787109375,-71.6064453125,58.1005859375
65.1908036,-73.0517578125,-71.2158203125,61.3720703125
65.2231268,-68.9501953125,-70.4345703125,62.7880859375
65.2546278,-65.9228515625,-70.5810546875,63.4228515625
65.2833865,-65.0439453125,-72.6806640625,62.1533203125
65.3135455,-66.2158203125,-72.9248046875,59.9072265625
65.3427384,-67.3876953125,-72.3876953125,58.2470703125
65.3749742,-68.4130859375,-73.2177734375,56.8310546875
65.4036518,-70.6103515625,-73.6083984375,56.0009765625
65.4326245,-72.9052734375,-74.8291015625,54.0966796875
65.4648808,-74.9072265625,-74.7314453125,51.9970703125
65.4937477,-77.7392578125,-75.2685546875,49.5556640625
65.522981,-80.0341796875,-75.9033203125,47.1142578125
65.5549683,-82.2802734375,-77.1240234375,44.6728515625
65.5839536,-85.2099609375,-76.8310546875,41.8896484375
65.6156961,-87.7978515625,-78.1494140625,39.2529296875
65.6441693,-88.8720703125,-77.8076171875,39.3017578125
65.6745926,-89.6044921875,-76.6357421875,42.1337890625
65.7028223,-86.8701171875,-74.9267578125,48.9697265625
65.7352921,-82.6708984375,-74.6826171875,55.6103515625
65.7692788,-78.8623046875,-73.1201171875,61.0791015625
65.7965425,-76.3232421875,-72.4853515625,64.6435546875
65.82547,-72.7587890625,-71.5087890625,68.0126953125
65.853192,-69.7802734375,-71.6064453125,68.8916015625
65.8850572,-68.6572265625,-72.8271484375,67.4267578125
65.9153707,-69.5849609375,-73.8037109375,64.8388671875
65.9479121,-71.7822265625,-74.3896484375,63.7646484375
65.9768944,-73.1982421875,-73.6083984375,61.3720703125
66.0028702,-75.8349609375,-74.4873046875,59.5166015625
66.0386074,-78.2763671875,-75.9033203125,57.5146484375
66.0655909,-81.0107421875,-75.3173828125,55.0732421875
66.0949173,-84.5751953125,-76.7333984375,51.9482421875
66.1280153,-87.9931640625,-76.6845703125,48.9697265625
66.1590554,-90.7763671875,-77.1728515625,45.9912109375
66.1953757,-94.4384765625,-77.6123046875,43.4521484375
66.2174294,-98.1494140625,-78.8330078125,40.3759765625
66.2475999,-101.0791015625,-79.6630859375,37.7880859375
66.2874353,-103.7646484375,-79.6630859375,39.5947265625
66.3096222,-105.8642578125,-78.1982421875,45.6982421875
66.3373829,-102.1533203125,-77.3193359375,52.5830078125
66.3765807,-97.9541015625,-77.7099609375,58.1982421875
66.3969162,-95.3662109375,-76.9775390625,62.4951171875
66.4312223,-92.2412109375,-76.2939453125,65.4248046875
66.4599066,-89.0185546875,-76.3427734375,66.4990234375
66.4877672,-87.0166015625,-77.6611328125,65.9130859375
66.5227296,-85.2587890625,-78.0029296875,64.4970703125
66.5500509,-85.6982421875,-79.5654296875,61.7626953125
66.5858751,-86.5283203125,-79.0283203125,59.6630859375
66.6099714,-87.8466796875,-79.2724609375,58.7841796875
66.6455812,-88.8720703125,-79.9560546875,56.7822265625
66.6670939,-91.0693359375,-81.2744140625,54.1455078125
66.7044001,-91.7529296875,-81.8115234375,51.7529296875
66.7310169,-93.3642578125,-81.7138671875,48.6767578125
66.7631326,-96.2451171875,-83.3740234375,45.7958984375
66.7902804,-98.3447265625,-83.2763671875,43.5498046875
66.8299565,-100.5419921875,-84.8388671875,40.2294921875
66.8479389,-102.6904296875,-85.9130859375,38.6669921875
66.8856653,-105.0341796875,-85.1318359375,40.9619140625
66.9095944,-106.7919921875,-84.6435546875,46.3818359375
66.9490496,-104.8388671875,-82.6416015625,52.3876953125
66.9730648,-100.2001953125,-82.6416015625,57.8076171875
67.000698,-96.6845703125,-82.7392578125,63.9111328125
67.0349923,-93.5595703125,-81.8115234375,68.2568359375
67.060027,-90.7275390625,-81.8603515625,70.1611328125
67.0969923,-87.6513671875,-82.2998046875,70.8935546875
67.1229887,-86.1865234375,-84.1064453125,69.9658203125
67.1500383,-85.2099609375,-84.2041015625,67.7685546875
67.1861018,-85.4541015625,-84.9853515625,66.6455078125
67.2135569,-86.6259765625,-84.9853515625,66.5966796875
67.2499823,-88.0419921875,-85.5712890625,64.9365234375
67.3034062,-89.8486328125,-86.4501953125,62.2998046875
67.3046735,-91.6552734375,-87.7197265625,57.9541015625
67.3320096,-93.7548828125,-88.5009765625,57.0263671875
67.3686283,-95.6103515625,-89.7216796875,54.4873046875
67.3937661,-97.9052734375,-90.7958984375,52.4853515625
67.4287394,-99.7607421875,-91.1865234375,49.4091796875
67.4536069,-101.5673828125,-92.1142578125,47.2119140625
67.4908637,-103.9111328125,-92.6513671875,47.7978515625
67.5135933,-105.7177734375,-91.2353515625,52.2412109375
67.5496476,-105.4736328125,-90.5029296875,58.2958984375
67.5780099,-101.8603515625,-89.3798828125,63.7158203125
67.6077082,-97.9052734375,-89.0869140625,69.4287109375
67.6345929,-93.7060546875,-89.0380859375,72.7978515625
67.6701027,-89.5556640625,-89.2822265625,76.4599609375
67.6962709,-85.7958984375,-88.6962890625,78.7548828125
67.7361461,-83.4033203125,-91.3330078125,78.9990234375
67.7587084,-80.5712890625,-91.7724609375,75.8740234375
67.7860503,-79.9365234375,-93.1396484375,73.0419921875
67.8236676,-80.2783203125,-92.6513671875,71.2353515625
67.8491284,-80.7666015625,-93.1396484375,69.5263671875
67.8771363,-82.1337890625,-93.5302734375,68.4521484375
67.9091384,-82.5244140625,-94.7509765625,64.2529296875
67.9391299,-84.8681640625,-95.0927734375,62.1044921875
67.9681433,-85.9912109375,-96.0693359375,59.7119140625
68.0042116,-87.4072265625,-97.1435546875,56.8310546875
68.028148,-89.6533203125,-97.8271484375,53.5595703125
68.0636573,-92.3876953125,-97.1923828125,50.9716796875
68.0907019,-94.0478515625,-98.8525390625,47.1142578125
68.1172841,-96.1962890625,-98.9990234375,45.6005859375
68.1531504,-97.9541015625,-97.4365234375,49.0673828125
68.179191,-96.2939453125,-96.4599609375,54.1455078125
68.2151861,-92.8271484375,-96.0693359375,59.8583984375
68.2418653,-87.9931640625,-95.4833984375,63.8134765625
68.2697552,-83.9404296875,-95.6787109375,68.6474609375
68.2998705,-79.3017578125,-94.8974609375,70.9912109375
68.3349495,-77.1044921875,-95.6298828125,71.8701171875
68.3622827,-74.4677734375,-97.1435546875,70.7958984375
68.3902781,-72.5634765625,-96.8994140625,69.0869140625
68.4257964,-74.3701171875,-97.2900390625,67.5732421875
68.4514636,-74.8583984375,-96.6064453125,66.0595703125
68.4783197,-75.5908203125,-96.8994140625,64.4970703125
68.5158078,-77.8857421875,-98.0224609375,63.4716796875
68.5423203,-79.3017578125,-98.9013671875,61.3720703125
68.5790015,-81.9873046875,-98.7060546875,59.3212890625
68.6015217,-83.6962890625,-99.1455078125,56.1962890625
68.6369327,-85.1611328125,-98.6083984375,53.2177734375
68.6634026,-87.8955078125,-99.0966796875,50.0927734375
68.6983541,-91.2646484375,-99.7314453125,47.9931640625
68.7182336,-93.0712890625,-99.4384765625,44.6728515625
68.7543217,-96.2451171875,-98.5595703125,45.1123046875
68.7821661,-99.1259765625,-96.3623046875,49.2626953125
68.8101054,-96.9287109375,-95.0439453125,56.2451171875
68.848152,-91.8505859375,-94.7998046875,61.5185546875
68.8700271,-89.3603515625,-93.6767578125,66.7919921875
68.9094217,-85.6982421875,-92.5537109375,70.4052734375
68.9354769,-82.5732421875,-92.1142578125,72.4072265625
68.9629503,-81.1083984375,-91.9189453125,72.6513671875
68.9978305,-79.1064453125,-93.3837890625,70.4052734375
69.0226396,-78.5205078125,-93.0908203125,68.5009765625
69.0604526,-80.5224609375,-93.2373046875,67.1826171875
69.0860043,-82.4267578125,-91.8212890625,65.4736328125
69.1144982,-84.9169921875,-92.3095703125,64.0576171875
69.1484573,-86.3330078125,-92.4072265625,61.7626953125
69.1759051,-89.1162109375,-92.8466796875,59.1748046875
69.2035011,-91.1181640625,-92.4560546875,57.7099609375
69.238987,-94.5849609375,-92.7001953125,55.9033203125
69.2663782,-97.2705078125,-94.0673828125,52.2900390625
69.30384,-99.8095703125,-93.4326171875,50.5810546875
69.326377,-101.6650390625,-93.3349609375,48.1884765625
69.355336,-105.3759765625,-94.0673828125,46.7236328125
69.3822593,-107.0849609375,-92.2607421875,50.6787109375
69.4174418,-108.9404296875,-90.4541015625,57.9541015625
69.4440267,-105.4248046875,-89.4287109375,66.2548828125
69.4924941,-100.9814453125,-87.8173828125,71.9189453125
69.5064964,-97.9541015625,-86.4013671875,77.4365234375
69.543476,-95.1220703125,-84.0576171875,82.1240234375
69.5854721,-92.5341796875,-83.4716796875,85.0537109375
69.6063983,-89.2138671875,-83.5205078125,85.3955078125
69.6244855,-86.3818359375,-84.3994140625,83.8330078125
69.6593589,-85.2587890625,-83.8623046875,81.2939453125
69.6873874,-85.7958984375,-83.1298828125,79.2919921875
69.715398,-86.3330078125,-82.1533203125,76.8505859375
69.7513641,-88.0908203125,-82.3486328125,75.1904296875
69.7772464,-88.7744140625,-82.7880859375,72.2119140625
69.823623,-90.8251953125,-82.7880859375,71.0888671875
69.8434688,-92.8759765625,-83.3251953125,68.0615234375
69.8674985,-94.2431640625,-83.4716796875,65.7666015625
69.9178096,-97.5634765625,-83.1298828125,62.7880859375
69.9390812,-99.5166015625,-84.1064453125,58.1982421875
69.9550703,-101.5673828125,-83.9599609375,55.4150390625
69.9935834,-104.7412109375,-83.8623046875,54.7802734375
70.0180796,-106.8896484375,-82.3486328125,59.0283203125
70.0490699,-106.4990234375,-79.9072265625,66.4501953125
70.0812396,-102.4951171875,-78.4423828125,73.5302734375
70.10731,-98.0517578125,-77.2216796875,80.1220703125
70.1413032,-94.4384765625,-76.1962890625,83.6376953125
70.1712777,-90.6298828125,-73.9501953125,86.0302734375
70.1993206,-86.2353515625,-73.6083984375,86.9580078125
70.2303356,-82.0849609375,-74.2431640625,85.9814453125
70.2607021,-79.1552734375,-73.4619140625,83.0029296875
70.2897276,-77.9833984375,-73.6083984375,81.0986328125
70.3227255,-78.2763671875,-73.6083984375,78.7060546875
70.3507245,-78.6181640625,-72.8271484375,76.4111328125
70.3805416,-79.2529296875,-72.5341796875,74.3603515625
70.4120979,-79.8876953125,-72.8759765625,69.8681640625
70.4404143,-81.9873046875,-72.4365234375,66.9384765625
70.4733903,-83.9892578125,-73.4130859375,64.0087890625
70.5014121,-86.2841796875,-71.9482421875,60.2001953125
70.5298033,-88.6767578125,-72.6318359375,55.7568359375
70.5858233,-91.4111328125,-72.6806640625,51.8505859375
70.6149386,-94.6337890625,-72.8759765625,49.4580078125
70.624907,-97.5146484375,-71.8505859375,51.2158203125
70.6510985,-99.5166015625,-68.5791015625,55.8056640625
70.6826234,-99.1259765625,-67.2119140625,62.6904296875
70.7131542,-95.4150390625,-65.2587890625,69.3310546875
70.7425459,-92.4853515625,-63.8916015625,74.1162109375
70.7736361,-89.0673828125,-62.0361328125,77.8271484375
70.8066293,-86.2841796875,-60.7666015625,81.0498046875
70.8332386,-84.1357421875,-60.2783203125,80.2197265625
70.8621006,-81.4990234375,-60.1806640625,76.3134765625
70.8953428,-81.7431640625,-60.5224609375,74.3603515625
70.9225875,-83.7939453125,-59.4970703125,73.6279296875
70.9572952,-85.9912109375,-58.7646484375,72.2119140625
70.9854595,-87.7978515625,-58.8134765625,70.1611328125
71.0130609,-89.9462890625,-58.9111328125,66.3037109375
71.041828,-91.8994140625,-59.5947265625,63.5693359375
71.0751579,-94.9267578125,-59.4970703125,62.1044921875
71.104718,-97.3681640625,-59.0087890625,59.8583984375
71.1373308,-99.7119140625,-59.2529296875,56.9775390625
71.1680631,-103.5205078125,-59.4970703125,53.1689453125
71.1954727,-106.2060546875,-59.6923828125,50.7275390625
71.2271972,-109.2333984375,-60.0830078125,50.1416015625
71.2542971,-112.2119140625,-58.0810546875,52.3876953125
71.288662,-114.5556640625,-55.6884765625,59.7119140625
71.3157803,-114.4091796875,-54.4677734375,67.2802734375
71.3521991,-110.5517578125,-52.9052734375,73.5302734375
71.376768,-107.8662109375,-51.8310546875,76.1669921875
71.4064526,-104.3994140625,-50.9521484375,79.6826171875
71.4426894,-101.6162109375,-49.8779296875,81.0498046875
71.467315,-98.9794921875,-50.3662109375,78.2177734375
71.5039514,-98.0029296875,-49.9755859375,74.9462890625
71.5255732,-98.2958984375,-50.4150390625,73.1396484375
71.5724303,-101.1279296875,-50.1708984375,69.3310546875
71.5924484,-102.8369140625,-50.0244140625,66.9384765625
71.6185162,-104.1064453125,-51.0498046875,63.9111328125
71.6492693,-106.4013671875,-51.4404296875,60.5908203125
71.6956637,-109.9169921875,-51.6845703125,58.9794921875
71.7098812,-111.3330078125,-52.5146484375,56.3427734375
71.7477738,-113.0908203125,-53.8818359375,52.5341796875
71.7667119,-115.1416015625,-54.1259765625,48.8232421875
71.8024148,-119.0478515625,-55.0048828125,45.3076171875
71.8296148,-120.6591796875,-56.1767578125,42.8173828125
71.8674275,-123.0517578125,-56.4697265625,44.8681640625
71.8898932,-125.2490234375,-53.6865234375,50.7763671875
71.9191514,-125.3466796875,-52.6123046875,57.7587890625
71.9526833,-122.6123046875,-51.5869140625,63.8134765625
71.9801868,-118.9013671875,-51.8310546875,68.6474609375
72.0142302,-115.5810546875,-51.4404296875,72.7978515625
72.0413648,-111.0400390625,-51.3916015625,74.2626953125
72.0874589,-109.1357421875,-51.0986328125,74.5068359375
72.0991569,-106.6455078125,-51.0986328125,72.6025390625
72.1346674,-104.9365234375,-53.8330078125,69.6240234375
72.1607936,-103.6181640625,-53.2958984375,67.1826171875
72.1966821,-105.4248046875,-54.3212890625,64.1552734375
72.2212914,-104.6435546875,-53.2958984375,62.8369140625
72.2513053,-106.0107421875,-54.8095703125,59.1259765625
72.2839648,-106.8896484375,-55.4443359375,56.3427734375
72.3197507,-107.8173828125,-56.6162109375,53.2666015625
72.3401466,-109.3310546875,-57.4462890625,50.8740234375
72.3747429,-111.1865234375,-59.0087890625,46.4306640625
72.4018396,-113.3349609375,-59.1552734375,42.1826171875
72.4380096,-114.8974609375,-60.2294921875,41.2548828125
72.4624165,-116.8017578125,-61.4501953125,39.1064453125
72.4984742,-118.5107421875,-60.8154296875,42.2314453125
72.5213328,-120.0244140625,-59.3994140625,49.0673828125
72.5560889,-118.9013671875,-58.7646484375,55.5615234375
72.5812502,-113.9697265625,-59.0576171875,60.7373046875
72.619402,-110.0146484375,-58.6181640625,64.9365234375
72.6446791,-105.4736328125,-57.7392578125,67.6708984375
72.6804075,-100.8837890625,-58.0322265625,67.9638671875
72.7061556,-97.6123046875,-58.1787109375,67.8662109375
72.741359,-93.2666015625,-60.1318359375,65.8154296875
72.7668665,-90.8251953125,-60.6689453125,63.5205078125
72.7949922,-91.1181640625,-61.2548828125,60.7861328125
72.8323682,-90.9716796875,-62.3779296875,57.9052734375
72.8540375,-90.5810546875,-62.6220703125,55.2197265625
72.901208,-91.5576171875,-64.4775390625,52.1923828125
72.9218129,-91.6064453125,-64.9169921875,49.8974609375
72.9475522,-93.1201171875,-65.9423828125,45.9423828125
72.9941228,-94.6337890625,-67.1142578125,42.8173828125
73.0147336,-97.4658203125,-67.3095703125,39.7900390625
73.0372455,-98.6865234375,-69.1162109375,36.7626953125
73.0723227,-100.5419921875,-70.3857421875,34.1748046875
73.099796,-102.8369140625,-71.4599609375,30.3173828125
73.1269817,-104.8388671875,-71.6064453125,31.0009765625
73.1621188,-106.1572265625,-71.1669921875,35.6396484375
73.1845928,-104.2529296875,-69.7509765625,43.1591796875
73.2218755,-98.9306640625,-69.5556640625,48.7744140625
73.2454023,-95.8056640625,-68.8720703125,52.6318359375
73.2822287,-91.4111328125,-69.6533203125,56.5380859375
73.3078369,-86.9189453125,-68.7744140625,59.0283203125
73.3419324,-82.2314453125,-70.3369140625,60.1513671875
73.3703795,-77.8857421875,-70.9716796875,58.3935546875
73.3964719,-75.4443359375,-72.0458984375,56.5380859375
73.4360623,-74.3212890625,-72.5341796875,53.1689453125
73.4577309,-74.3212890625,-73.2177734375,51.0205078125
73.4917155,-75.0048828125,-74.1455078125,50.1416015625
73.5148498,-76.0302734375,-75.0732421875,48.4326171875
73.5518754,-76.7138671875,-75.9033203125,46.6748046875
73.5766899,-79.1064453125,-76.6357421875,43.1591796875
73.6123331,-80.5224609375,-76.3916015625,39.8388671875
73.6378913,-82.2802734375,-78.0029296875,36.5185546875
73.6842008,-84.3310546875,-78.2470703125,33.3447265625
73.7032189,-87.5537109375,-79.2236328125,29.7314453125
73.7272252,-89.3115234375,-80.2001953125,25.7763671875
73.764481,-92.2900390625,-81.1767578125,24.2138671875
73.7901477,-94.2431640625,-79.7119140625,27.5830078125
73.8252275,-95.0244140625,-78.2958984375,35.0048828125
73.8525072,-92.3876953125,-79.1259765625,41.2060546875
73.8886685,-88.1884765625,-78.8818359375,47.3095703125
73.9100918,-84.7216796875,-78.5888671875,51.7041015625
73.9473637,-79.9853515625,-76.9775390625,55.6103515625
73.9704764,-75.1025390625,-76.9287109375,56.6845703125
74.0111111,-71.0009765625,-77.3193359375,55.0732421875
74.0330525,-68.9013671875,-78.8330078125,51.9482421875
74.0692049,-67.5830078125,-78.4912109375,50.1904296875
74.0893783,-69.0966796875,-78.2470703125,48.0908203125
74.1374187,-70.8544921875,-78.7353515625,46.1865234375
74.1578752,-73.1494140625,-79.5654296875,43.6962890625
74.1838773,-75.8837890625,-80.6396484375,40.7177734375
74.2119646,-77.2509765625,-80.8349609375,39.1552734375
74.2644684,-81.5478515625,-81.7138671875,35.8837890625
74.2744395,-84.4287109375,-82.5439453125,33.2470703125
74.3108389,-87.0654296875,-83.6669921875,30.4150390625
74.3339545,-90.6298828125,-83.3740234375,25.3857421875
74.3718618,-93.2177734375,-85.1318359375,21.5283203125
74.3919943,-96.5380859375,-85.0341796875,19.3310546875
74.4270073,-100.5908203125,-85.2294921875,21.8212890625
74.4535222,-103.1298828125,-83.8134765625,26.3623046875
74.4884845,-104.2041015625,-83.0810546875,32.4169921875
74.5154368,-99.9072265625,-83.3740234375,38.2275390625
74.5509692,-96.7822265625,-83.0322265625,43.6474609375
74.5717699,-93.9990234375,-83.3740234375,47.4560546875
74.6087033,-90.9716796875,-82.7880859375,49.3115234375
74.6340552,-89.4580078125,-83.7646484375,49.3115234375
74.6722876,-87.8955078125,-84.6923828125,46.6259765625
74.695964,-87.3583984375,-84.9853515625,44.4287109375
74.7447478,-88.5791015625,-86.4013671875,42.5244140625
74.7645348,-89.9951171875,-87.3291015625,39.1064453125
74.7843798,-91.7041015625,-87.0849609375,38.1298828125
74.8187853,-93.4130859375,-88.5498046875,35.6884765625
74.8467142,-95.0244140625,-89.3310546875,33.4912109375
74.8761285,-96.5380859375,-89.7216796875,30.8544921875
74.9083175,-99.2236328125,-91.1865234375,27.8271484375
74.938255,-101.4208984375,-91.7724609375,24.8486328125
74.9665341,-103.0322265625,-93.0908203125,20.9912109375
74.9938652,-106.0595703125,-93.1884765625,17.3779296875
75.0275653,-107.3779296875,-93.9208984375,15.9619140625
75.0570442,-109.4775390625,-93.4326171875,16.6455078125
75.0886405,-112.1630859375,-91.5771484375,21.9189453125
75.1182304,-112.0166015625,-91.1376953125,27.9736328125
75.1453817,-108.7451171875,-91.2353515625,34.2236328125
75.1806917,-104.3505859375,-90.5029296875,38.6669921875
75.2062625,-101.3232421875,-89.7705078125,42.5244140625
75.2354072,-96.9775390625,-88.7939453125,45.1611328125
75.2685676,-93.2177734375,-89.5263671875,45.6494140625
75.2984198,-90.1416015625,-90.4052734375,44.3310546875
75.3301216,-87.9443359375,-91.5283203125,42.1337890625
75.3567783,-86.9677734375,-91.5771484375,39.8876953125
75.3867819,-87.7001953125,-92.4072265625,37.9345703125
75.4288448,-88.8720703125,-92.1630859375,37.1044921875
75.4488805,-89.7509765625,-93.0419921875,34.7119140625
75.4769207,-90.1416015625,-93.5302734375,31.7333984375
75.5128339,-91.5087890625,-93.3837890625,28.6083984375
75.5393928,-93.4619140625,-94.5068359375,25.0439453125
75.5683938,-96.0498046875,-95.3857421875,21.9189453125
75.6015194,-97.7587890625,-95.7275390625,18.8427734375
75.629722,-100.1513671875,-95.9716796875,15.9619140625
75.661897,-103.1298828125,-96.6552734375,14.0087890625
75.6908537,-105.8154296875,-97.0458984375,13.0810546875
75.7198412,-108.1591796875,-96.1669921875,16.0107421875
75.7695818,-109.8193359375,-94.3115234375,21.2353515625
75.7906851,-107.2802734375,-93.4326171875,27.1435546875
75.8089567,-103.1787109375,-92.2119140625,32.2216796875
75.8423356,-99.1259765625,-91.9677734375,37.5439453125
75.870891,-95.3173828125,-91.2841796875,40.2783203125
75.9037786,-91.8994140625,-91.1376953125,41.5478515625
75.9324863,-87.9443359375,-90.8935546875,39.7412109375
75.9625677,-85.2099609375,-92.0654296875,35.1513671875
75.9930224,-83.6474609375,-92.1142578125,31.6357421875
76.0264295,-83.3056640625,-92.1630859375,29.4384765625
76.0505947,-83.4033203125,-91.3818359375,27.8759765625
76.0845122,-83.9892578125,-92.2607421875,26.4111328125
76.1347938,-85.2099609375,-92.4560546875,23.7255859375
76.1396011,-86.9189453125,-92.3583984375,22.6513671875
76.1763334,-89.6044921875,-92.7001953125,19.9658203125
76.20344,-91.5576171875,-92.8955078125,15.9130859375
76.235552,-93.9013671875,-92.8955078125,12.4951171875
76.2636294,-96.2451171875,-93.6279296875,9.6630859375
76.2919496,-99.5166015625,-93.0419921875,6.3427734375
76.3254856,-101.8115234375,-93.6279296875,4.9755859375
76.3535023,-104.3017578125,-92.3095703125,6.0986328125
76.3917179,-107.0849609375,-90.0634765625,9.9072265625
76.4155797,-108.1103515625,-89.1845703125,16.0595703125
76.4451099,-103.7646484375,-87.5732421875,21.9677734375
76.4805474,-100.2978515625,-86.7919921875,27.0458984375
76.5049469,-96.5869140625,-84.8388671875,30.9521484375
76.5345777,-92.9248046875,-83.4228515625,33.5888671875
76.5619991,-90.5322265625,-83.3740234375,35.2490234375
76.5952315,-87.5537109375,-83.2275390625,35.0537109375
76.6234654,-84.8193359375,-83.0322265625,33.1005859375
76.6631077,-83.6474609375,-82.2509765625,31.1474609375
76.6853164,-83.8916015625,-80.6396484375,28.4130859375
76.7156293,-84.9658203125,-80.4931640625,26.5576171875
76.7545416,-85.9423828125,-80.2490234375,24.0185546875
76.7748063,-87.2119140625,-80.6396484375,22.4072265625
76.8156336,-89.7509765625,-80.1513671875,19.7705078125
76.8385884,-92.7783203125,-80.2490234375,15.8642578125
76.8651092,-95.3173828125,-80.4443359375,14.3505859375
76.9160997,-99.1259765625,-79.3212890625,11.9580078125
76.9380069,-101.5185546875,-79.6630859375,7.6123046875
76.9560435,-104.1552734375,-80.1025390625,5.0732421875
76.9930464,-107.1826171875,-80.3466796875,3.5595703125
77.0155254,-109.6240234375,-79.4189453125,6.3427734375
77.0510392,-112.4560546875,-77.5634765625,12.3974609375
77.0782076,-113.2373046875,-76.0986328125,19.2333984375
77.1144093,-109.8193359375,-75.0244140625,23.7255859375
77.1421924,-105.8642578125,-72.9248046875,28.3642578125
77.1791965,-102.2509765625,-71.6064453125,33.2470703125
77.1992297,-99.0771484375,-70.1416015625,36.3232421875
77.2372003,-96.6845703125,-69.2626953125,36.6162109375
77.2605287,-94.5361328125,-69.5068359375,34.0771484375
77.2980271,-92.8759765625,-67.9931640625,33.1005859375
77.3210212,-93.1201171875,-67.7978515625,30.4150390625
77.3550745,-95.0244140625,-67.4072265625,27.9736328125
77.3760102,-96.1474609375,-66.2353515625,26.5576171875
77.4140073,-97.1240234375,-65.9423828125,23.9208984375
77.438895,-96.9287109375,-65.3564453125,21.6259765625
77.4788079,-99.0771484375,-65.9423828125,18.7451171875
77.5008111,-100.3466796875,-66.0888671875,16.1572265625
77.536623,-102.3486328125,-66.0888671875,14.0576171875
77.5615278,-104.2041015625,-65.6494140625,11.4208984375
77.6005165,-105.3759765625,-65.9912109375,8.9794921875
77.6235241,-106.7919921875,-65.9423828125,5.0732421875
77.6535505,-108.9892578125,-65.9423828125,5.5126953125
77.6805533,-111.3330078125,-64.4287109375,9.1259765625
77.7155329,-111.9677734375,-62.2314453125,15.9130859375
77.7415695,-110.5029296875,-61.2548828125,23.8232421875
77.7766254,-105.7666015625,-59.9365234375,29.6337890625
77.8044264,-103.2763671875,-57.8369140625,35.0537109375
77.8314297,-99.5166015625,-56.5673828125,38.7158203125
77.8664845,-96.4892578125,-54.6630859375,38.5205078125
77.8935378,-94.2919921875,-55.2978515625,37.3974609375
77.9346394,-91.8505859375,-55.7861328125,33.5888671875
77.951136,-91.1181640625,-54.2724609375,31.3427734375
77.9876687,-93.2177734375,-54.0771484375,30.0244140625
78.011173,-93.5595703125,-54.6142578125,27.1435546875
78.0480335,-94.6337890625,-54.0771484375,25.0439453125
78.0731961,-95.7080078125,-55.4443359375,22.5537109375
78.1085157,-97.2705078125,-55.6884765625,19.8681640625
78.1364443,-99.3212890625,-56.0791015625,16.2548828125
78.1723006,-101.0302734375,-56.3232421875,13.0810546875
78.1988966,-102.2509765625,-56.7138671875,10.1513671875
78.2262097,-104.2041015625,-57.2998046875,6.9287109375
78.2623202,-105.6201171875,-58.3740234375,5.3173828125
78.2843557,-107.6708984375,-58.5693359375,3.0712890625
78.3201988,-110.6005859375,-58.1298828125,4.3896484375
78.3450145,-111.3330078125,-56.2744140625,8.8330078125
78.3759536,-111.8701171875,-55.9326171875,16.6455078125
78.415332,-108.0615234375,-54.1259765625,22.8466796875
78.4337041,-103.4228515625,-53.1005859375,30.5615234375
78.4719431,-99.3701171875,-51.8798828125,34.4189453125
78.4968444,-94.6337890625,-50.8056640625,36.5673828125
78.5327089,-91.3623046875,-51.0009765625,39.1552734375
78.5566576,-87.7978515625,-50.5126953125,37.0556640625
78.5898155,-84.5751953125,-50.8544921875,35.0048828125
78.6192064,-82.8662109375,-50.4638671875,32.6611328125
78.6473232,-83.1103515625,-51.0986328125,30.7080078125
78.6840845,-82.5732421875,-50.4150390625,28.7060546875
78.7091907,-82.7685546875,-51.5869140625,24.8974609375
78.7430532,-82.5244140625,-51.3916015625,21.2841796875
78.7673381,-83.3544921875,-52.0751953125,18.6474609375
78.8002702,-85.3564453125,-51.5380859375,15.0830078125
78.8267124,-86.5283203125,-53.0517578125,12.2021484375
78.8647229,-88.3349609375,-53.3447265625,9.3212890625
78.8891414,-90.1416015625,-54.3212890625,5.0244140625
78.9187857,-91.4599609375,-54.1748046875,-0.2978515625
78.9555111,-93.3642578125,-55.8349609375,-4.7900390625
78.9793449,-96.0498046875,-55.1513671875,-5.1806640625
79.0154853,-98.2958984375,-53.4912109375,-0.6884765625
79.0405362,-98.3447265625,-53.4912109375,5.3173828125
79.0747648,-94.0478515625,-52.5634765625,10.0537109375
79.0961718,-90.7275390625,-52.1728515625,15.1806640625
79.1308189,-86.0400390625,-50.8056640625,18.7451171875
79.159075,-82.3779296875,-49.6826171875,22.3583984375
79.1964233,-79.3017578125,-49.2919921875,23.6767578125
79.219978,-76.8115234375,-50.0244140625,22.7490234375
79.2563124,-74.8095703125,-50.0732421875,20.8935546875
79.2834181,-75.2001953125,-49.9267578125,18.4033203125
79.3173301,-76.5185546875,-49.2431640625,16.5478515625
79.3403458,-77.2998046875,-50.1220703125,15.0341796875
79.3779628,-77.7392578125,-51.1474609375,13.4716796875
79.3993698,-79.2041015625,-51.5380859375,11.9091796875
79.4388404,-82.0361328125,-51.0986328125,9.1748046875
79.4615501,-83.8916015625,-51.0986328125,6.4404296875
79.4980438,-86.3330078125,-52.3193359375,3.2177734375
79.5188294,-88.9208984375,-52.3193359375,-0.7861328125
79.5548878,-92.1435546875,-54.1259765625,-4.3994140625
79.5828048,-93.9013671875,-53.5888671875,-5.3271484375
79.6180555,-96.0498046875,-55.7373046875,-8.6962890625
79.6420376,-99.1748046875,-55.6884765625,-8.1591796875
79.6850608,-101.5673828125,-54.6142578125,-4.5458984375
79.7040637,-103.1787109375,-54.3212890625,0.5322265625
79.7320278,-101.2255859375,-53.1982421875,6.2451171875
79.7670618,-96.5380859375,-52.5634765625,10.2490234375
79.7930737,-93.3154296875,-52.2705078125,14.0087890625
79.8310854,-90.4833984375,-52.1240234375,17.6220703125
79.8550629,-87.4560546875,-51.5380859375,18.8427734375
79.8840499,-84.5263671875,-53.2958984375,17.4755859375
79.9120772,-82.6220703125,-53.8330078125,17.3291015625
79.9571504,-82.4267578125,-53.9306640625,16.8408203125
79.978037,-82.9638671875,-55.0537109375,15.9619140625
80.0060846,-84.2333984375,-54.9560546875,13.1787109375
80.0361182,-85.4541015625,-56.4697265625,10.2978515625
80.0690403,-86.0400390625,-57.5439453125,7.0751953125
80.0920423,-87.9443359375,-57.8857421875,4.2919921875
80.1260484,-89.7509765625,-58.2763671875,2.7294921875
80.154058,-91.7529296875,-60.1318359375,0.7275390625
80.190095,-93.9013671875,-60.3271484375,-1.5673828125
80.2170654,-96.0009765625,-61.6455078125,-4.2041015625
80.2460789,-97.7099609375,-62.5732421875,-6.5478515625
80.2760538,-100.0537109375,-62.8662109375,-8.2080078125
80.3121044,-101.4208984375,-64.3310546875,-8.4033203125
80.3350712,-103.4228515625,-63.8916015625,-4.8876953125
80.3700739,-105.0830078125,-62.4755859375,1.4599609375
80.3960735,-103.0322265625,-62.2802734375,7.1728515625
80.4300649,-98.8818359375,-62.5244140625,11.5673828125
80.4570766,-94.8779296875,-61.3037109375,16.0107421875
80.4860721,-90.9716796875,-61.4013671875,19.1845703125
80.5341126,-87.3095703125,-62.1826171875,21.3330078125
80.5490914,-83.6474609375,-63.2568359375,21.6259765625
80.5733603,-80.5712890625,-64.1845703125,19.5751953125
80.6131148,-78.6669921875,-64.4775390625,19.8193359375
80.638092,-79.1552734375,-64.5751953125,16.9873046875
80.6681512,-79.7900390625,-66.6748046875,14.8388671875
80.6981142,-80.6689453125,-67.0654296875,12.7880859375
80.7290757,-81.6943359375,-67.8955078125,11.6650390625
80.7569744,-82.6708984375,-68.9208984375,9.6142578125
80.7919966,-84.1357421875,-69.1650390625,7.0263671875
80.8201213,-85.3076171875,-70.0439453125,4.9267578125
80.8500355,-87.0654296875,-71.6064453125,2.3388671875
80.8790849,-88.5791015625,-72.7294921875,-0.2001953125
80.907029,-90.6787109375,-73.9990234375,-2.9345703125
80.9401157,-91.9970703125,-75.4638671875,-4.3994140625
80.9700641,-93.6572265625,-75.4638671875,-3.2763671875
80.9990948,-96.2451171875,-74.7314453125,-0.4931640625
81.0320763,-96.5380859375,-74.6337890625,2.8759765625
81.0601332,-95.3173828125,-74.4384765625,8.5888671875
81.0943251,-91.0205078125,-74.9755859375,13.1298828125
81.1219335,-86.0400390625,-75.3173828125,17.6708984375
81.160143,-83.0126953125,-75.1220703125,20.0634765625
81.1812743,-78.1298828125,-75.2685546875,21.1376953125
81.2112641,-73.8330078125,-76.7822265625,21.1376953125
81.2441309,-69.5849609375,-77.5146484375,19.7705078125
81.2720723,-67.4365234375,-78.9306640625,18.3056640625
81.2999899,-65.8251953125,-78.2958984375,17.5732421875
81.3300506,-66.3623046875,-80.4931640625,16.8408203125
81.362063,-66.2646484375,-80.4443359375,15.2783203125
81.3927013,-66.9970703125,-80.5419921875,11.7138671875
81.4237178,-67.2900390625,-81.9091796875,12.6904296875
81.4516709,-68.5595703125,-82.3486328125,11.0302734375
81.48273,-69.1455078125,-82.6416015625,8.9794921875
81.5206113,-71.3427734375,-84.1552734375,5.5615234375
81.5424985,-72.4169921875,-84.6435546875,3.0224609375
81.5865024,-74.6142578125,-85.1806640625,1.5087890625
81.6054106,-76.2744140625,-85.8154296875,-1.2255859375
81.6336266,-78.3251953125,-86.8408203125,-2.8369140625
81.6722747,-80.9130859375,-85.7177734375,-0.5908203125
81.6936401,-82.3779296875,-84.7900390625,4.0478515625
81.7336362,-82.6220703125,-84.2529296875,9.0771484375
81.756258,-78.4228515625,-85.8642578125,12.6904296875
81.7930722,-74.8583984375,-85.6201171875,16.6455078125
81.8120482,-70.5126953125,-85.7666015625,19.9169921875
81.8450161,-66.8017578125,-86.5478515625,22.0654296875
81.8794921,-62.7490234375,-86.9384765625,22.4072265625
81.9035774,-59.2822265625,-87.9150390625,23.6767578125
81.9381233,-57.2314453125,-87.9638671875,23.6279296875
81.963621,-57.5244140625,-88.5986328125,21.7724609375
81.9926078,-59.8681640625,-89.5751953125,19.1357421875
82.033672,-61.9189453125,-90.0634765625,18.2568359375
82.0550954,-63.8720703125,-91.0888671875,16.7919921875
82.089104,-67.3876953125,-91.5283203125,15.5712890625
82.1284438,-69.4384765625,-92.1630859375,13.9599609375
82.1443797,-72.6611328125,-92.8955078125,10.9814453125
82.1917057,-75.5419921875,-93.9697265625,8.8818359375
82.2129933,-78.1787109375,-94.0185546875,6.3427734375
82.2370056,-81.1572265625,-95.7275390625,3.7060546875
82.2740032,-83.7939453125,-96.2158203125,0.7763671875
82.2978859,-86.2353515625,-96.6552734375,0.5322265625
82.3349775,-88.6767578125,-94.4580078125,4.6826171875
82.3578708,-91.6552734375,-94.9951171875,10.2978515625
82.3924506,-93.5595703125,-93.6767578125,14.7900390625
82.4184549,-90.8740234375,-94.4580078125,19.4775390625
82.4483834,-85.1611328125,-93.5791015625,23.7255859375
82.4854355,-81.3037109375,-93.7744140625,27.6318359375
82.5103547,-78.4228515625,-94.0673828125,29.4873046875
82.5455026,-75.4443359375,-94.4091796875,28.5107421875
82.5664745,-71.4404296875,-95.0927734375,28.1689453125
82.6045176,-69.2431640625,-95.1904296875,27.2900390625
82.627697,-69.3896484375,-96.1181640625,27.0458984375
82.6647211,-70.8056640625,-96.0693359375,25.5810546875
82.6901214,-72.0751953125,-96.5087890625,25.2880859375
82.7305882,-73.4912109375,-98.0712890625,23.8232421875
82.7611474,-74.9560546875,-98.3154296875,20.8935546875
82.7797612,-76.6162109375,-99.4873046875,19.3310546875
82.8157911,-79.5458984375,-99.4384765625,17.7197265625
82.8421299,-82.2314453125,-100.6591796875,15.5712890625
82.8711697,-84.8681640625,-100.5126953125,13.1298828125
82.9111629,-86.9677734375,-101.5869140625,10.1513671875
82.9322211,-89.0673828125,-102.6123046875,7.6611328125
82.9676336,-91.3134765625,-102.9052734375,8.9306640625
82.9926489,-94.3896484375,-100.9033203125,13.2763671875
83.031682,-97.1240234375,-100.5615234375,19.5263671875
83.0561381,-98.2470703125,-98.9990234375,25.8740234375
83.0815961,-95.2685546875,-99.0478515625,30.7568359375
83.1177476,-90.1416015625,-98.3642578125,35.9326171875
83.1417714,-87.5048828125,-97.3388671875,40.0830078125
83.1767026,-83.4521484375,-97.5830078125,43.4521484375
83.2016822,-80.5712890625,-98.1689453125,43.6474609375
83.2503428,-77.9833984375,-98.0224609375,41.3525390625
83.2704115,-75.0537109375,-98.8037109375,39.4970703125
83.2913734,-74.9072265625,-98.8525390625,38.3251953125
83.327521,-76.1767578125,-99.4873046875,36.1767578125
83.3524374,-76.4697265625,-98.9013671875,34.1259765625
83.390109,-78.1298828125,-99.7314453125,32.7587890625
83.417021,-79.3017578125,-100.0732421875,30.1708984375
83.4429822,-79.8388671875,-100.4150390625,27.6806640625
83.4789647,-82.3291015625,-100.7568359375,25.7763671875
83.5056583,-83.7451171875,-101.6357421875,23.1396484375
83.5425657,-85.4052734375,-101.9287109375,19.3310546875
83.566078,-87.5048828125,-102.0751953125,16.2060546875
83.6025358,-89.1650390625,-102.7099609375,14.4970703125
83.6265293,-91.1181640625,-102.7587890625,15.1318359375
83.6605653,-93.6083984375,-101.2939453125,19.0869140625
83.6841106,-94.5361328125,-99.2919921875,25.4345703125
83.7205337,-94.6826171875,-98.0712890625,29.8779296875
83.743953,-91.3623046875,-96.8505859375,34.2724609375
83.7813731,-87.0654296875,-95.7275390625,38.4716796875
83.8057858,-82.7685546875,-94.4580078125,42.1826171875
83.8410985,-78.8623046875,-94.5556640625,43.7939453125
83.8651842,-74.2236328125,-94.6044921875,42.4267578125
83.9017691,-70.1708984375,-93.7255859375,39.5947265625
83.9268887,-66.6552734375,-94.4580078125,37.2021484375
83.9640414,-64.5068359375,-94.1650390625,35.4931640625
83.9878936,-63.8232421875,-93.9208984375,31.9775390625
84.023402,-64.4091796875,-94.1162109375,29.4873046875
84.0479211,-64.6044921875,-93.6279296875,26.8505859375
84.0823453,-64.2626953125,-93.2373046875,24.4091796875
84.1059535,-65.7763671875,-93.7255859375,20.4052734375
84.1417534,-66.9970703125,-94.3603515625,16.3525390625
84.1672013,-69.6826171875,-93.6279296875,13.2763671875
84.2037067,-71.0986328125,-92.8955078125,9.5166015625
84.2284606,-73.6865234375,-92.6025390625,5.3662109375
84.2651088,-75.2490234375,-93.6767578125,2.6806640625
84.2860359,-77.5927734375,-93.6767578125,3.3154296875
84.3230672,-80.1318359375,-91.0888671875,7.8564453125
84.3507554,-82.0849609375,-89.5751953125,14.0087890625
84.3865794,-84.0380859375,-88.1591796875,18.8916015625
84.4107373,-81.9873046875,-86.2548828125,23.0908203125
84.4477321,-77.1533203125,-84.9853515625,28.0224609375
84.4716054,-73.5888671875,-83.4228515625,31.8310546875
84.4996185,-69.9755859375,-82.9833984375,32.0751953125
84.5360216,-66.2158203125,-82.8857421875,28.9501953125
84.561272,-62.9443359375,-82.2509765625,25.0927734375
84.5922518,-59.6728515625,-81.3720703125,22.9443359375
84.6405723,-58.0126953125,-80.4443359375,20.1123046875
84.6737464,-59.1357421875,-79.7119140625,17.0849609375
84.6792373,-59.5263671875,-80.2978515625,13.6181640625
84.7144111,-60.8935546875,-80.0048828125,11.0791015625
84.7402195,-63.2861328125,-80.5419921875,7.3681640625
84.7742542,-65.3369140625,-80.1025390625,3.9013671875
84.8043256,-68.1689453125,-79.0283203125,0.1904296875
84.830311,-70.7080078125,-79.4677734375,-4.3505859375
84.866275,-73.4912109375,-80.2978515625,-7.2802734375
84.8942058,-76.2744140625,-80.2001953125,-10.4052734375
84.9273427,-79.7900390625,-79.8583984375,-11.3330078125
84.951426,-82.1337890625,-78.5400390625,-8.3544921875
84.9879572,-85.4052734375,-76.3427734375,-2.3974609375
85.011718,-88.5791015625,-75.6591796875,3.4619140625
85.0437269,-90.4345703125,-74.4384765625,8.6376953125
85.0727367,-87.6513671875,-72.3388671875,14.1064453125
85.1096934,-83.2080078125,-71.8994140625,16.0595703125
85.134075,-80.3271484375,-70.0927734375,18.2080078125
85.1690596,-78.1787109375,-71.0205078125,16.8408203125
85.193132,-74.3701171875,-71.6064453125,15.0830078125
85.2251273,-73.4912109375,-71.4599609375,11.0302734375
85.2531145,-71.0986328125,-71.8994140625,7.7099609375
85.2885173,-71.0009765625,-71.9482421875,5.3173828125
85.3159745,-72.6611328125,-72.2412109375,2.6806640625
85.351473,-74.1748046875,-72.8271484375,0.0927734375
85.3719781,-75.5419921875,-72.5341796875,-2.6416015625
85.4059723,-77.3486328125,-73.8037109375,-6.0595703125
85.4369844,-79.5458984375,-73.3642578125,-10.2587890625
85.4652304,-82.5244140625,-74.6337890625,-14.0185546875
85.4952971,-84.3310546875,-75.3662109375,-17.6806640625
85.5238455,-87.4560546875,-75.7568359375,-21.0009765625
85.5573366,-89.4580078125,-76.1474609375,-20.9033203125
85.5841923,-92.2900390625,-75.3662109375,-17.2900390625
85.6187341,-94.5849609375,-73.9990234375,-12.5537109375
85.6461297,-96.3916015625,-72.8271484375,-5.7666015625
85.6761474,-99.5654296875,-71.8017578125,0.3857421875
85.7078178,-98.7353515625,-71.3134765625,4.7802734375
85.7363206,-93.5107421875,-69.9951171875,8.3935546875
85.7641956,-89.9462890625,-69.4580078125,10.6396484375
85.8015817,-86.4794921875,-68.9208984375,9.8095703125
85.8283281,-82.5732421875,-70.2392578125,7.0751953125
85.8603266,-79.1064453125,-70.5810546875,4.3896484375
85.8878188,-76.0791015625,-70.6298828125,1.4111328125
85.9172506,-72.7099609375,-70.6787109375,-0.1025390625
85.9493377,-72.4169921875,-71.6552734375,-4.0087890625
85.97821,-73.1982421875,-71.3134765625,-8.1591796875
86.0053621,-72.6611328125,-72.6806640625,-10.0146484375
86.0398863,-73.3447265625,-73.3154296875,-11.7236328125
86.0673567,-74.1259765625,-73.8037109375,-14.1650390625
86.1023826,-75.4443359375,-74.4384765625,-15.7275390625
86.1293737,-77.2998046875,-75.4150390625,-19.1943359375
86.1594318,-78.3251953125,-76.4892578125,-22.7099609375
86.1883975,-80.2294921875,-76.4404296875,-26.2255859375
86.2199092,-82.0849609375,-76.8310546875,-24.9072265625
86.2489178,-83.4521484375,-75.0244140625,-20.1220703125
86.2813705,-85.9912109375,-74.5849609375,-14.0185546875
86.3093812,-87.9931640625,-73.3642578125,-6.8896484375
86.3405835,-88.0419921875,-72.5830078125,-2.6416015625
86.3728815,-84.1357421875,-71.8994140625,2.3876953125
86.3993916,-80.2783203125,-71.1181640625,6.0986328125
86.4274563,-76.6650390625,-70.8251953125,5.6591796875
86.4594644,-72.4658203125,-71.6064453125,4.7314453125
86.4914565,-68.1201171875,-71.3134765625,1.8505859375
86.5226174,-64.7021484375,-71.0693359375,-0.0048828125
86.5519596,-61.4794921875,-72.0458984375,-2.2021484375
86.5794738,-60.0634765625,-72.2900390625,-5.7666015625
86.6140091,-60.5029296875,-72.6806640625,-9.4287109375
86.6509783,-60.4541015625,-73.9990234375,-12.0654296875
86.6694616,-61.7236328125,-73.8525390625,-14.3115234375
86.7104381,-63.1884765625,-75.1708984375,-16.9482421875
86.731365,-64.6533203125,-74.8291015625,-20.3173828125
86.7614749,-67.3876953125,-75.3173828125,-22.9541015625
86.7929752,-69.5849609375,-74.9755859375,-25.0537109375
86.8225987,-72.2705078125,-75.8056640625,-29.3505859375
86.8551573,-75.5419921875,-76.9287109375,-32.5732421875
86.8837124,-77.5927734375,-76.5380859375,-29.8388671875
86.9116263,-80.9619140625,-74.9755859375,-23.5400390625
86.9450058,-83.5498046875,-74.3896484375,-16.2646484375
86.98059,-84.9658203125,-74.7314453125,-9.4287109375
87.0129174,-84.5751953125,-74.7802734375,-3.9599609375
87.0349578,-79.3505859375,-73.2666015625,0.3369140625
87.062966,-75.7861328125,-73.3154296875,3.1689453125
87.0987406,-71.9775390625,-72.5830078125,4.2919921875
87.122886,-68.0224609375,-73.1201171875,2.7783203125
87.1544388,-64.6044921875,-74.3408203125,-1.1767578125
87.1940946,-61.2353515625,-74.0478515625,-2.2509765625
87.2160187,-59.4287109375,-74.2431640625,-4.5947265625
87.2517566,-59.5263671875,-74.6337890625,-7.0849609375
87.2763826,-61.4306640625,-74.9755859375,-9.9658203125
87.3137847,-60.7958984375,-75.9521484375,-12.2607421875
87.3383661,-62.5048828125,-75.2685546875,-15.8740234375
87.3658156,-64.7509765625,-76.0009765625,-17.8759765625
87.4016171,-67.0458984375,-76.7333984375,-20.5126953125
87.4221892,-70.0732421875,-77.0263671875,-22.6123046875
87.4638056,-73.8818359375,-78.1494140625,-26.4697265625
87.483827,-76.8115234375,-78.1494140625,-31.0595703125
87.5201043,-80.4248046875,-78.1494140625,-30.9130859375
87.546672,-84.0380859375,-76.7333984375,-25.7861328125
87.58111,-86.3330078125,-76.2939453125,-17.8759765625
87.6084075,-89.4580078125,-75.9521484375,-10.3076171875
87.6424553,-91.0205078125,-75.7080078125,-3.5693359375
87.6654836,-90.4345703125,-75.1220703125,2.6806640625
87.7015118,-85.1611328125,-74.3408203125,7.0263671875
87.7267675,-82.3291015625,-74.0966796875,10.1025390625
87.7609945,-79.6435546875,-75.1220703125,9.9072265625
87.7888298,-76.3232421875,-75.9521484375,9.2236328125
87.8246965,-74.5654296875,-76.1474609375,7.2705078125
87.8548855,-72.1240234375,-75.6591796875,4.8779296875
87.878961,-71.2451171875,-76.6357421875,2.6318359375
87.9187206,-72.3193359375,-77.2216796875,0.7275390625
87.9379198,-73.9306640625,-77.3681640625,-1.7138671875
87.9757953,-74.6630859375,-78.2470703125,-4.0087890625
88.0001888,-76.5673828125,-78.3935546875,-6.6943359375
88.0438005,-78.7158203125,-79.0771484375,-9.6728515625
88.0638207,-80.1806640625,-79.6630859375,-12.5537109375
88.0922956,-83.0126953125,-80.1025390625,-15.2880859375
88.1373935,-85.6494140625,-81.1279296875,-17.8271484375
88.1581339,-88.4814453125,-81.6162109375,-19.7314453125
88.1802343,-90.2880859375,-81.8603515625,-16.5087890625
88.229515,-92.8271484375,-80.5908203125,-9.2822265625
88.2381631,-95.7080078125,-79.5166015625,-1.3720703125
88.2777618,-97.5634765625,-78.4912109375,7.1728515625
88.3006978,-98.6865234375,-78.1494140625,15.7666015625
88.3341379,-94.5849609375,-78.2958984375,21.2841796875
88.3612305,-91.0205078125,-77.9541015625,24.8974609375
88.3971462,-87.9443359375,-77.9541015625,24.7998046875
88.4229066,-84.2333984375,-79.3701171875,22.7001953125
88.4655415,-81.0107421875,-80.0048828125,20.0146484375
88.4859238,-78.7158203125,-79.8095703125,18.2080078125
88.5121564,-76.0302734375,-80.9326171875,15.3759765625
88.5494588,-75.1025390625,-80.6884765625,12.6904296875
88.5756671,-75.0048828125,-81.9580078125,10.3466796875
88.6123025,-76.3720703125,-82.2021484375,6.4892578125
88.6312144,-78.0322265625,-82.9833984375,3.3154296875
88.6699758,-78.9111328125,-84.2529296875,1.4111328125
88.6937353,-79.8388671875,-84.7900390625,-1.4208984375
88.7295071,-82.5244140625,-85.6201171875,-4.2041015625
88.7534586,-84.4287109375,-85.5712890625,-8.1103515625
88.7887374,-85.9912109375,-87.0361328125,-9.9658203125
88.8108969,-88.2861328125,-87.2314453125,-10.3564453125
88.8473801,-90.2392578125,-85.4736328125,-5.9619140625
88.873441,-92.1435546875,-84.8388671875,1.4111328125
88.9093452,-94.8291015625,-83.7646484375,9.5166015625
88.9359005,-95.5615234375,-83.3251953125,18.2080078125
88.9732491,-94.5849609375,-82.8857421875,25.2880859375
88.9965314,-89.9462890625,-81.9580078125,29.5849609375
89.0335354,-86.0888671875,-82.2509765625,30.5615234375
89.0537153,-82.0361328125,-82.7392578125,28.6572265625
89.0878696,-77.3974609375,-83.4716796875,25.5322265625
89.1148103,-74.2724609375,-84.5458984375,24.1650390625
89.1507093,-70.4150390625,-83.5693359375,21.4306640625
89.1747081,-66.7529296875,-83.5693359375,17.9638671875
89.2112399,-65.4833984375,-83.6669921875,14.6923828125
89.2349704,-65.4345703125,-85.5224609375,11.4208984375
89.2693149,-66.3134765625,-84.8876953125,7.7099609375
89.2933411,-67.6318359375,-85.9619140625,3.2666015625
89.3291674,-69.0966796875,-86.2548828125,1.2158203125
89.3554759,-70.3662109375,-85.5712890625,-1.2744140625
89.3925482,-73.0517578125,-85.5224609375,-5.8642578125
89.4165872,-75.4931640625,-84.5458984375,-10.6494140625
89.4534818,-77.8857421875,-83.5693359375,-12.2119140625
89.4889008,-80.3759765625,-82.9345703125,-8.2080078125
89.5079066,-83.4033203125,-80.3955078125,-0.1025390625
89.5453728,-85.6494140625,-79.0771484375,9.0771484375
89.5704346,-88.7255859375,-78.5400390625,16.1083984375
89.598374,-90.5810546875,-77.8564453125,22.7001953125
89.634266,-89.4580078125,-76.5869140625,27.6806640625
89.6628982,-84.6728515625,-76.1474609375,33.1982421875
89.6992998,-81.5966796875,-76.0498046875,34.9072265625
89.7217408,-77.1044921875,-75.3662109375,31.2939453125
89.7577508,-74.8583984375,-75.6103515625,25.7275390625
89.77673,-71.9775390625,-74.3408203125,21.6748046875
89.8128525,-70.1220703125,-75.4150390625,18.4521484375
89.8386304,-69.7314453125,-75.2197265625,14.4482421875
89.883541,-71.5380859375,-75.6591796875,10.5419921875
89.9041675,-73.3935546875,-76.6357421875,7.1240234375
89.9301546,-75.8349609375,-77.1728515625,4.0966796875
89.9655715,-78.2275390625,-76.7333984375,2.8271484375
89.9903379,-80.5712890625,-77.9052734375,-0.3955078125
90.0267692,-83.5009765625,-77.9052734375,-5.9130859375
90.0575128,-86.6259765625,-78.6376953125,-9.9658203125
90.0822546,-90.1904296875,-80.2001953125,-13.7255859375
90.1180982,-93.6572265625,-79.0771484375,-11.8212890625
90.1425652,-97.5634765625,-77.1728515625,-2.8369140625
90.1725433,-100.3955078125,-76.2451171875,6.3916015625
90.2161797,-103.3740234375,-75.8544921875,14.5947265625
90.2330889,-106.8896484375,-75.1220703125,20.5029296875
90.2699438,-107.2802734375,-74.7802734375,24.8974609375
90.2924518,-103.2763671875,-73.4619140625,26.1181640625
90.3283456,-99.6630859375,-73.7060546875,25.0439453125
90.3513367,-97.3681640625,-74.6826171875,21.3330078125
90.3898132,-93.5107421875,-74.8291015625,18.4033203125
90.4162548,-92.0458984375,-75.2197265625,17.0361328125
90.4417381,-91.1669921875,-73.9990234375,14.0576171875
90.479258,-90.0927734375,-75.6103515625,8.5888671875
90.5046174,-91.6552734375,-75.5615234375,3.5107421875
90.5336151,-93.3642578125,-76.4892578125,-0.0537109375
90.5680098,-94.2431640625,-75.9033203125,-1.5185546875
90.5929939,-94.3408203125,-77.9052734375,-4.3505859375
90.6211151,-95.0244140625,-77.8564453125,-8.4033203125
90.6545983,-96.2939453125,-78.2958984375,-13.0419921875
90.691996,-98.0029296875,-78.6865234375,-17.6318359375
90.7122707,-98.8818359375,-79.2724609375,-19.4873046875
90.7467178,-100.3955078125,-78.4423828125,-15.9228515625
90.7737954,-102.1533203125,-77.1240234375,-8.7939453125
90.8067417,-103.7646484375,-76.4404296875,0.5810546875
90.8351341,-105.9130859375,-75.4638671875,8.6376953125
90.8695515,-108.1103515625,-74.5849609375,15.7177734375
90.8980098,-107.4267578125,-74.1455078125,22.2119140625
90.9245443,-103.5693359375,-73.0224609375,24.9462890625
90.9591844,-98.4423828125,-74.0478515625,24.3603515625
90.9865516,-96.0986328125,-74.6826171875,21.8701171875
91.0153218,-91.8994140625,-75.0244140625,19.2822265625
91.0436561,-89.0673828125,-75.1708984375,16.6943359375
91.0770668,-86.4794921875,-75.2197265625,14.7412109375
91.1061048,-83.7939453125,-76.3427734375,11.0302734375
91.1381043,-82.5732421875,-76.4892578125,7.1728515625
91.1669461,-83.9892578125,-76.5380859375,4.1943359375
91.1971081,-84.1845703125,-77.3193359375,-0.3955078125
91.228137,-83.3544921875,-77.9052734375,-2.2998046875
91.2550709,-85.1123046875,-78.3935546875,-5.7666015625
91.2855801,-85.7958984375,-79.6630859375,-9.0380859375
91.3187588,-86.5771484375,-79.7119140625,-12.5048828125
91.3458611,-88.3349609375,-80.0048828125,-15.0439453125
91.3797767,-90.9716796875,-80.5908203125,-16.4599609375
91.4087403,-91.7529296875,-79.0283203125,-12.8955078125
91.4369846,-94.1455078125,-78.0517578125,-4.0087890625
91.4702242,-96.2451171875,-77.0751953125,5.4638671875
91.4980596,-97.7099609375,-76.2939453125,14.6923828125
91.5280963,-98.8818359375,-75.2197265625,22.1142578125
91.5590891,-95.2685546875,-74.5849609375,28.1201171875
91.589659,-90.7275390625,-75.2685546875,30.6591796875
91.6219336,-87.0654296875,-74.0966796875,30.5615234375
91.6509617,-82.1337890625,-75.0732421875,27.1923828125
91.6796808,-78.1298828125,-75.5126953125,22.1630859375
91.7127287,-73.8818359375,-74.9755859375,18.0126953125
91.7494233,-70.8056640625,-75.2685546875,15.2294921875
91.7696754,-68.1689453125,-76.1474609375,12.5927734375
91.80214,-68.3154296875,-75.9521484375,9.7607421875
91.8280986,-68.8037109375,-76.1474609375,5.8056640625
91.8589201,-68.7548828125,-76.1474609375,1.6064453125
91.8918071,-69.8779296875,-75.5615234375,-1.5673828125
91.9273146,-71.4404296875,-77.0751953125,-4.4970703125
91.9538596,-73.0517578125,-76.6357421875,-8.6962890625
91.9898919,-74.5166015625,-76.8798828125,-13.3349609375
92.0103124,-76.9580078125,-76.5869140625,-17.4365234375
92.0449295,-79.1064453125,-77.4169921875,-19.4384765625
92.0727993,-81.5966796875,-75.8056640625,-16.2646484375
92.1090236,-84.8681640625,-75.3173828125,-7.8662109375
92.1320487,-87.1142578125,-73.2666015625,1.3134765625
92.1634082,-90.5810546875,-73.3154296875,9.3212890625
92.2018531,-91.5087890625,-72.3388671875,16.0595703125
92.2228183,-88.3837890625,-71.7529296875,21.7724609375
92.2521343,-83.8427734375,-71.0205078125,25.7763671875
92.291169,-81.0107421875,-70.7275390625,25.6787109375
92.3139714,-76.3720703125,-71.6064453125,22.4560546875
92.352734,-72.6123046875,-71.8017578125,18.8427734375
92.373306,-68.9501953125,-71.5576171875,15.7177734375
92.405126,-65.8251953125,-71.3134765625,13.2275390625
92.4393681,-64.6533203125,-72.0947265625,10.1513671875
92.4655717,-65.3369140625,-71.4599609375,6.1474609375
92.5062911,-65.6298828125,-72.6318359375,4.3408203125
92.5262951,-67.0458984375,-71.9482421875,2.2900390625
92.5619516,-67.7294921875,-72.7783203125,-2.2021484375
92.5828192,-69.4384765625,-73.3642578125,-6.7431640625
92.6174207,-72.2705078125,-74.2431640625,-11.4306640625
92.6548778,-74.8583984375,-73.8525390625,-14.3115234375
92.6741817,-77.6904296875,-73.9013671875,-17.5341796875
92.7261722,-80.5712890625,-74.4873046875,-21.0986328125
92.7456784,-84.0380859375,-74.0966796875,-18.8525390625
92.7682692,-87.0654296875,-72.2900390625,-11.0888671875
92.8036938,-89.8486328125,-70.4833984375,-2.0068359375
92.824216,-93.3154296875,-69.6044921875,5.1708984375
92.8611374,-94.1455078125,-69.9951171875,10.3466796875
92.8861065,-93.6572265625,-68.9208984375,15.4736328125
92.9302137,-88.5791015625,-68.0419921875,19.4287109375
92.950118,-85.2099609375,-68.7255859375,19.5751953125
92.9782548,-81.3037109375,-69.5556640625,16.4501953125
93.0176777,-77.9345703125,-70.0927734375,14.5458984375
93.0391852,-74.4677734375,-70.8251953125,12.7392578125
93.0757406,-72.6611328125,-70.1904296875,9.2236328125
93.0967613,-71.0498046875,-70.9716796875,5.8056640625
93.1341673,-72.0263671875,-71.5576171875,2.0947265625
93.1581769,-74.0283203125,-71.8505859375,-0.4443359375
93.1955053,-74.7607421875,-72.7294921875,-2.2998046875
93.2164967,-76.7626953125,-72.8271484375,-5.2783203125
93.2528674,-76.7138671875,-73.7060546875,-9.8681640625
93.2808363,-79.4970703125,-73.7548828125,-12.9931640625
93.3156511,-81.9384765625,-73.9990234375,-15.5322265625
93.3356503,-84.2333984375,-74.8291015625,-17.8759765625
93.3722361,-86.3330078125,-75.4150390625,-20.2197265625
93.3997385,-88.8720703125,-74.8291015625,-19.3896484375
93.438657,-91.1669921875,-73.9501953125,-13.2861328125
93.4611727,-93.2666015625,-73.0712890625,-4.4970703125
93.4883296,-95.7568359375,-72.7783203125,4.7314453125
93.5258208,-98.1005859375,-72.4853515625,11.8115234375
93.5513886,-96.9287109375,-71.1669921875,18.7939453125
93.5853912,-91.4599609375,-71.0205078125,22.9443359375
93.6115303,-87.6513671875,-70.7275390625,24.5068359375
93.6470952,-84.8193359375,-71.8994140625,22.7490234375
93.6673189,-81.5478515625,-72.2900390625,20.5517578125
93.7045898,-77.8857421875,-73.0224609375,18.3544921875
93.7310703,-75.2490234375,-72.9248046875,15.8154296875
93.7678464,-74.4677734375,-73.5107421875,13.6669921875
93.7906023,-74.7607421875,-73.9501953125,10.9326171875
93.8283044,-74.9072265625,-75.2197265625,7.9052734375
93.8513049,-75.1513671875,-75.6591796875,4.7802734375
93.8907485,-76.8603515625,-76.0009765625,1.1181640625
93.9097188,-77.7880859375,-77.1728515625,-1.7138671875
93.948757,-80.2294921875,-77.1240234375,-5.1318359375
93.9705925,-81.7431640625,-78.2470703125,-10.7470703125
94.0086348,-84.4287109375,-78.2958984375,-14.1162109375
94.0330757,-86.6259765625,-79.0771484375,-15.9228515625
94.0789446,-87.5048828125,-79.6142578125,-17.2900390625
94.0972881,-89.2626953125,-78.6376953125,-14.4091796875
94.1233108,-90.9716796875,-77.4169921875,-7.8662109375
94.1613204,-92.9736328125,-76.9287109375,1.0205078125
94.1851883,-94.5849609375,-76.7333984375,7.4169921875
94.2213589,-94.2431640625,-75.7080078125,14.7900390625
94.2415029,-90.0439453125,-75.5126953125,20.7470703125
94.2763738,-85.8447265625,-75.3662109375,25.9716796875
94.3041804,-81.5966796875,-75.5126953125,26.7529296875
94.3393723,-77.1044921875,-77.1240234375,24.1650390625
94.3655731,-73.9794921875,-76.5869140625,21.6748046875
94.3986259,-70.6591796875,-76.9775390625,20.8447265625
94.4251946,-66.7041015625,-76.6357421875,17.8662109375
94.4602052,-65.9716796875,-76.8798828125,14.3505859375
94.4838088,-66.2646484375,-77.9541015625,11.9580078125
94.5206894,-66.8017578125,-78.4423828125,7.5634765625
94.5447586,-66.8505859375,-79.4677734375,4.6826171875
94.5798339,-67.7294921875,-79.8095703125,1.8017578125
94.6082592,-69.3896484375,-79.8095703125,-1.1767578125
94.6463935,-71.1474609375,-80.5419921875,-4.5458984375
94.6634474,-73.3935546875,-80.1025390625,-8.2568359375
94.6998011,-76.3720703125,-81.2744140625,-10.6005859375
94.7259897,-78.1298828125,-81.4208984375,-14.4091796875
94.76143,-80.5224609375,-82.3486328125,-18.0224609375
94.7854187,-83.1591796875,-82.0068359375,-17.8759765625
94.823451,-85.6005859375,-79.7607421875,-11.4306640625
94.8494013,-88.2373046875,-79.2236328125,-3.2275390625
94.8945175,-90.3857421875,-78.8330078125,5.2685546875
94.9071177,-90.4833984375,-77.6123046875,12.1533203125
94.9445846,-86.0888671875,-76.0986328125,17.7197265625
94.9656028,-81.3525390625,-76.7333984375,22.5537109375
95.0040247,-77.8857421875,-76.4404296875,24.1650390625
95.029887,-73.8818359375,-76.4404296875,23.1884765625
95.0809554,-69.8779296875,-76.5380859375,21.6748046875
95.0922968,-66.0205078125,-76.1962890625,21.1376953125
95.1195637,-63.8720703125,-74.8779296875,19.2333984375
95.1537299,-62.3095703125,-75.9521484375,16.4990234375
95.1797273,-62.9931640625,-77.0263671875,14.6435546875
95.2220407,-63.6767578125,-75.9033203125,11.4697265625
95.2420218,-64.6044921875,-76.1962890625,8.4423828125
95.2833757,-65.9716796875,-77.0751953125,6.6357421875
95.2986652,-68.7548828125,-78.2470703125,3.0712890625
95.3325824,-70.0732421875,-77.4169921875,-0.8837890625
95.3607191,-72.5634765625,-78.4423828125,-3.4228515625
95.3946518,-76.5673828125,-78.1982421875,-6.8896484375
95.4232286,-79.7900390625,-79.5166015625,-10.1611328125
95.4502522,-82.4755859375,-79.3212890625,-11.4794921875
95.4785397,-86.0400390625,-79.0771484375,-8.3544921875
95.5163984,-89.7509765625,-77.9541015625,0.2392578125
95.5398356,-92.2412109375,-78.2470703125,9.0283203125
95.5742762,-94.8779296875,-77.1240234375,16.5478515625
95.6033861,-96.8310546875,-76.4892578125,23.5302734375
95.6314311,-94.4384765625,-75.8056640625,27.7783203125
95.6648897,-89.6044921875,-75.3662109375,31.6357421875
95.6935458,-86.4306640625,-75.6591796875,31.8310546875
95.7210201,-84.0869140625,-76.7333984375,32.6123046875
95.7521529,-80.9130859375,-76.9287109375,30.7080078125
95.7982068,-79.0576171875,-77.1240234375,28.6083984375
95.8130012,-78.1787109375,-77.4169921875,26.5087890625
95.8443987,-77.0068359375,-77.3681640625,23.3349609375
95.8726533,-78.9111328125,-78.1982421875,21.4306640625
95.9044551,-79.7412109375,-79.2236328125,18.6962890625
95.9349374,-80.5224609375,-79.0771484375,16.1572265625
95.9619093,-81.4013671875,-80.1025390625,13.0810546875
95.9976037,-82.1337890625,-81.3720703125,10.2978515625
96.0242378,-83.4521484375,-81.4208984375,7.2705078125
96.060134,-85.2099609375,-82.3486328125,2.6806640625
96.08569,-86.5771484375,-82.0556640625,-0.7373046875
96.1143344,-88.1396484375,-83.0322265625,-1.7626953125
96.1438456,-89.1650390625,-82.7392578125,0.0439453125
96.1749052,-91.4111328125,-81.0791015625,6.0986328125
96.2049415,-92.2412109375,-80.9814453125,13.1787109375
96.2379294,-93.6083984375,-80.3466796875,21.2841796875
96.2662872,-94.8779296875,-79.7119140625,30.0732421875
96.2948327,-95.2197265625,-78.0517578125,35.8837890625
96.3311656,-90.9716796875,-77.9541015625,40.3759765625
96.3554944,-86.0400390625,-77.9541015625,42.2314453125
96.3880694,-82.1826171875,-78.1982421875,39.1552734375
96.4166155,-79.9365234375,-77.0263671875,37.0556640625
96.4461435,-77.0556640625,-78.1005859375,35.0537109375
96.4748963,-75.1025390625,-78.1494140625,32.2216796875
96.5072471,-72.2216796875,-78.6376953125,29.0478515625
96.5363209,-71.2451171875,-78.4912109375,28.1689453125
96.5685213,-71.5380859375,-79.0283203125,25.7275390625
96.5971341,-72.3193359375,-78.2470703125,20.8447265625
96.6258172,-72.4169921875,-78.7353515625,16.3525390625
96.6587958,-72.3681640625,-79.4189453125,11.8115234375
96.6877427,-73.0029296875,-79.8583984375,8.0517578125
96.7217378,-74.7607421875,-80.5419921875,6.3427734375
96.7488337,-76.4208984375,-80.7861328125,3.7060546875
96.7778248,-77.9345703125,-81.1279296875,-0.0048828125
96.8095506,-79.0576171875,-81.6162109375,-3.2275390625
96.8419127,-80.9130859375,-81.0791015625,-0.4443359375
96.8675972,-83.1591796875,-79.5654296875,8.3447265625
96.901765,-84.7216796875,-78.6865234375,16.0595703125
96.9507111,-86.9189453125,-77.9541015625,24.0185546875
96.9612442,-88.6279296875,-77.3681640625,31.8310546875
96.9905647,-86.0400390625,-75.8544921875,38.4716796875
97.0189811,-81.7919921875,-75.2685546875,42.2802734375
97.0532504,-77.8857421875,-75.2685546875,42.7685546875
97.0792625,-74.7607421875,-75.0244140625,39.2041015625
97.1097098,-72.5146484375,-75.7080078125,36.4697265625
97.1412804,-69.2431640625,-75.5615234375,34.7119140625
97.170696,-68.0712890625,-75.7080078125,32.5634765625
97.2103163,-66.0693359375,-75.3662109375,28.9501953125
97.2328333,-65.5322265625,-75.3173828125,23.9697265625
97.2609207,-65.5810546875,-75.1220703125,18.9892578125
97.3022974,-66.1669921875,-75.4638671875,14.3017578125
97.3219502,-66.6552734375,-74.6826171875,11.1279296875
97.3638205,-66.3623046875,-75.4150390625,8.1005859375
97.382626,-67.5830078125,-75.5615234375,5.4150390625
97.4187944,-69.7802734375,-76.0009765625,0.3857421875
97.4389052,-71.1474609375,-76.4892578125,-5.9130859375
97.4820223,-72.9052734375,-75.9521484375,-11.2841796875
97.502752,-73.7841796875,-76.0498046875,-14.5556640625
97.5306688,-75.6396484375,-75.7568359375,-11.3330078125
97.5736352,-77.2021484375,-73.7548828125,-4.2041015625
97.5937522,-79.2041015625,-73.2666015625,5.2685546875
97.630651,-81.1083984375,-72.7783203125,12.9833984375
97.6545054,-82.5732421875,-71.8505859375,18.7939453125
97.6894069,-80.0830078125,-70.2392578125,22.2607421875
97.7138531,-75.4443359375,-69.6533203125,24.4580078125
97.74913,-71.6357421875,-68.7255859375,22.8466796875
97.7768409,-67.5341796875,-69.8486328125,19.3310546875
97.80676,-63.8232421875,-69.3603515625,17.0361328125
97.8434708,-61.4794921875,-68.6767578125,15.1318359375
97.8626399,-58.2080078125,-68.7255859375,12.3974609375
97.9026924,-55.7666015625,-67.9443359375,9.2724609375
97.922575,-55.2294921875,-68.8720703125,4.7802734375
97.9668304,-55.1806640625,-68.0419921875,1.8505859375
97.9860831,-56.2548828125,-68.3837890625,-2.6904296875
98.0218086,-57.5244140625,-68.4814453125,-8.5009765625
98.0467937,-58.1591796875,-69.3115234375,-12.9931640625
98.0813055,-60.1611328125,-68.1396484375,-16.8017578125
98.1049426,-62.3095703125,-68.4814453125,-21.3916015625
98.1388463,-64.7021484375,-68.8720703125,-24.8095703125
98.1656613,-66.1181640625,-69.1162109375,-28.3740234375
98.201255,-68.7548828125,-68.9697265625,-27.4951171875
98.2268386,-70.5615234375,-66.6259765625,-23.0517578125
98.2652213,-72.9541015625,-65.8935546875,-16.8017578125
98.2891273,-75.2001953125,-65.5029296875,-8.1591796875
98.3289953,-77.2021484375,-64.7705078125,-2.6904296875
98.3478714,-79.0576171875,-63.3056640625,0.3369140625
98.3906626,-77.9833984375,-62.8173828125,4.2431640625
98.4121785,-74.2724609375,-62.6708984375,6.3916015625
98.4399988,-71.2451171875,-62.5732421875,4.3896484375
98.4767796,-67.9736328125,-62.6220703125,0.7275390625
98.4980455,-65.4833984375,-62.3291015625,-3.6181640625
98.5323678,-62.5048828125,-62.4755859375,-6.1083984375
98.5596619,-61.1865234375,-61.8896484375,-9.5263671875
98.6074786,-60.3076171875,-62.5732421875,-13.1884765625
98.6183376,-60.4541015625,-62.4267578125,-17.7294921875
98.655703,-60.7958984375,-63.0615234375,-22.0263671875
98.678822,-61.3330078125,-62.6220703125,-24.7119140625
98.713192,-62.2119140625,-63.3544921875,-28.1787109375
98.7399302,-63.3349609375,-63.3544921875,-33.3544921875
98.7751974,-64.0673828125,-63.6474609375,-37.2119140625
98.8022285,-66.4111328125,-64.3798828125,-39.1162109375
98.8367069,-68.3154296875,-64.9658203125,-42.4365234375
98.8634176,-70.0732421875,-65.0634765625,-44.3408203125
98.8903867,-72.7099609375,-64.1357421875,-40.4833984375
98.9244972,-73.7353515625,-62.5244140625,-34.5263671875
98.9503923,-75.7373046875,-62.3779296875,-26.6162109375
98.9879605,-77.9345703125,-60.4248046875,-19.1943359375
99.0127451,-79.4970703125,-60.4248046875,-14.4091796875
99.0475523,-79.7900390625,-59.3017578125,-7.8173828125
99.0726145,-75.6396484375,-59.6435546875,-4.9853515625
99.1096206,-72.9541015625,-58.9599609375,-4.0576171875
99.1314881,-69.1943359375,-59.6435546875,-6.5966796875
99.1655564,-65.2880859375,-60.2294921875,-9.2333984375
99.192605,-63.1396484375,-60.0341796875,-11.6259765625
99.2281722,-59.7216796875,-59.4970703125,-14.4091796875
99.2495893,-57.3779296875,-59.8876953125,-17.1923828125
99.2861089,-55.8642578125,-59.5458984375,-20.2685546875
99.3112954,-56.3037109375,-60.8154296875,-22.3193359375
99.3506171,-56.5966796875,-61.3525390625,-25.2001953125
99.373314,-56.3037109375,-62.1337890625,-27.4951171875
99.4084802,-57.4267578125,-61.6455078125,-31.4501953125
99.4372425,-57.8173828125,-62.3291015625,-35.6982421875
99.4658537,-58.9892578125,-62.9150390625,-39.8974609375
99.4992913,-60.4541015625,-63.8427734375,-43.0712890625
99.5270665,-61.0888671875,-64.7216796875,-45.3173828125
99.552052,-63.1884765625,-65.4052734375,-44.9267578125
99.5881301,-64.1650390625,-63.5498046875,-39.9951171875
99.6157521,-65.7763671875,-62.6708984375,-32.4267578125
99.6521811,-67.6318359375,-60.8642578125,-25.0048828125
99.6731756,-68.8037109375,-61.3037109375,-16.1181640625
99.707592,-71.4404296875,-60.4248046875,-9.1357421875
99.7349977,-70.0732421875,-59.2529296875,-4.2041015625
99.7705132,-64.6533203125,-58.0810546875,-0.9814453125
99.7956471,-61.1376953125,-58.3740234375,-0.5419921875
99.8341406,-57.4755859375,-59.4970703125,-3.7158203125
99.856564,-53.5693359375,-59.6923828125,-6.2060546875
99.8845542,-48.5400390625,-58.7158203125,-8.0126953125
99.9346369,-45.5615234375,-59.1064453125,-9.4775390625
99.9563106,-42.4853515625,-59.4482421875,-12.7490234375
99.9747579,-41.5087890625,-59.6923828125,-15.8251953125
100.0126997,-41.7041015625,-59.4970703125,-18.1689453125
100.0381718,-43.0224609375,-59.2529296875,-21.1474609375
100.0765139,-44.2919921875,-59.3505859375,-26.4697265625
100.0935056,-45.8544921875,-59.8388671875,-30.6689453125
100.1418179,-46.9287109375,-60.1318359375,-33.7451171875
100.1612328,-49.4677734375,-60.1318359375,-36.5283203125
100.1892729,-51.4208984375,-60.5224609375,-39.4091796875
100.224859,-53.0810546875,-60.9619140625,-41.8505859375
100.2463088,-56.0107421875,-59.3505859375,-41.5087890625
100.2811765,-58.7939453125,-57.4462890625,-35.1123046875
100.3062322,-58.8427734375,-56.3720703125,-25.4931640625
100.3448835,-61.2353515625,-55.6396484375,-16.1181640625
100.3695448,-63.9697265625,-54.8583984375,-9.4775390625
100.406369,-66.3134765625,-52.5634765625,-3.6181640625
100.4302653,-65.7275390625,-51.1962890625,0.0927734375
100.4572644,-62.1630859375,-51.4892578125,2.2412109375
100.5018915,-58.9892578125,-51.2451171875,1.7041015625
100.5349739,-54.6923828125,-51.4404296875,-1.0302734375
100.5484653,-51.1279296875,-51.8798828125,-3.2275390625
100.5839958,-47.7587890625,-50.5126953125,-4.9365234375
100.6125303,-44.7802734375,-51.4892578125,-8.2080078125
100.6409365,-42.7783203125,-52.0263671875,-10.7958984375
100.6729318,-42.1435546875,-52.8564453125,-14.5068359375
100.7014758,-44.5849609375,-51.5869140625,-18.3642578125
100.737953,-47.1240234375,-52.5146484375,-21.0498046875
100.7618386,-48.2958984375,-52.3681640625,-23.0029296875
100.7908183,-51.2744140625,-52.4169921875,-26.9091796875
100.8345675,-53.8134765625,-52.9541015625,-31.6943359375
100.8688142,-56.4501953125,-53.3935546875,-35.8447265625
100.8912769,-59.6728515625,-53.9306640625,-37.8955078125
100.9095472,-63.6767578125,-53.3447265625,-34.7216796875
100.9416031,-66.7529296875,-51.5869140625,-26.0302734375
100.9767118,-70.5126953125,-50.9033203125,-16.7529296875
101.0047829,-74.1748046875,-49.9267578125,-9.0380859375
101.0325751,-78.2763671875,-49.4873046875,-1.9091796875
101.0691632,-81.3525390625,-48.1201171875,5.4638671875
101.0946595,-83.7939453125,-47.7783203125,10.0048828125
101.1218145,-82.8173828125,-48.0224609375,10.7373046875
101.1559885,-78.3740234375,-48.1689453125,7.9052734375
101.1867878,-75.5908203125,-49.1943359375,4.7802734375
101.2139207,-72.8076171875,-48.8037109375,3.2666015625
101.2460839,-70.6103515625,-49.4873046875,1.6552734375
101.274402,-68.1201171875,-50.0244140625,-1.0791015625
101.3038968,-65.2392578125,-51.0009765625,-3.8623046875
101.3357526,-64.6533203125,-50.6591796875,-7.7685546875
101.3637215,-65.3369140625,-51.2939453125,-11.0400390625
101.3976706,-65.8251953125,-51.8798828125,-13.8720703125
101.4262758,-66.8994140625,-52.4658203125,-15.8251953125
101.4546405,-68.2666015625,-53.6376953125,-17.9248046875
101.4819858,-69.2431640625,-52.9541015625,-22.1240234375
101.5156962,-70.5615234375,-53.9306640625,-27.6904296875
101.5452745,-72.3681640625,-54.2236328125,-28.0322265625
101.5759112,-74.3212890625,-53.3935546875,-21.0986328125
101.6070123,-76.2744140625,-52.6123046875,-11.1865234375
101.6350254,-78.2275390625,-52.2216796875,-2.6416015625
101.6680142,-79.7412109375,-51.5380859375,4.7314453125
101.6948722,-82.1826171875,-50.7568359375,12.0556640625
101.7248788,-84.4287109375,-50.4150390625,18.6474609375
101.7577323,-85.5517578125,-49.8291015625,21.7724609375
101.7868357,-81.9384765625,-50.1220703125,20.6005859375
101.8196135,-78.0322265625,-51.6357421875,17.0849609375
101.8479179,-75.9326171875,-51.6357421875,15.4736328125
101.8762248,-73.0029296875,-51.6845703125,13.6669921875
101.9094682,-69.0478515625,-52.8564453125,9.7607421875
101.940561,-67.0947265625,-53.2958984375,6.9775390625
101.9652372,-63.7255859375,-53.9794921875,3.1689453125
101.9979546,-62.4072265625,-54.9072265625,-1.3232421875
102.0266225,-62.7978515625,-54.7607421875,-3.7646484375
102.0567918,-63.4326171875,-55.1025390625,-6.5966796875
102.088649,-64.4091796875,-56.3720703125,-10.3564453125
102.1158183,-64.7998046875,-57.2021484375,-12.8466796875
102.1492887,-65.6787109375,-57.9833984375,-15.6787109375
102.177306,-67.2900390625,-58.6669921875,-18.9013671875
102.2072091,-68.5107421875,-58.7158203125,-17.3876953125
102.2475572,-70.5615234375,-57.8369140625,-10.4052734375
102.2685626,-71.8310546875,-56.8603515625,-1.8603515625
102.298449,-73.0517578125,-55.5419921875,7.1240234375
102.3308537,-75.4931640625,-55.0537109375,14.5947265625
102.365031,-76.7626953125,-54.2236328125,19.1357421875
102.3911296,-77.6904296875,-54.1748046875,22.6025390625
102.4362927,-76.9091796875,-54.2724609375,25.4833984375
102.4676645,-72.7587890625,-54.6630859375,25.5810546875
102.4824307,-68.9990234375,-55.2978515625,21.7724609375
102.5107986,-65.2880859375,-55.9326171875,18.9892578125
102.5622439,-60.4052734375,-56.0791015625,15.2783203125
102.5711445,-55.4736328125,-56.3232421875,12.3974609375
102.602166,-51.3720703125,-56.6162109375,9.2724609375
102.6379717,-47.8564453125,-57.0556640625,5.3173828125
102.6613755,-45.4150390625,-57.1533203125,3.4619140625
102.6999845,-45.3173828125,-57.6416015625,-0.6884765625
102.7204945,-44.4873046875,-58.6181640625,-4.9853515625
102.7608389,-45.0244140625,-58.7646484375,-9.6728515625
102.7816077,-46.9287109375,-60.1318359375,-12.9931640625
102.8185053,-47.5634765625,-60.2294921875,-15.5810546875
102.8412829,-49.1748046875,-61.2060546875,-18.0712890625
102.8780296,-49.9072265625,-60.8642578125,-14.9462890625
102.9030634,-52.2021484375,-58.4716796875,-6.7919921875
102.9380956,-54.3505859375,-57.3486328125,1.0205078125
102.9643375,-56.7919921875,-57.0556640625,6.9287109375
102.9978309,-57.8173828125,-55.4931640625,13.9111328125
103.0210542,-60.3076171875,-54.6630859375,19.7705078125
103.0606348,-60.6494140625,-54.4189453125,24.9462890625
103.0854885,-60.7958984375,-54.5166015625,24.1162109375
103.1204857,-57.0849609375,-54.9072265625,21.4306640625
103.1475236,-53.4228515625,-54.9560546875,18.6474609375
103.1843997,-49.0771484375,-53.4912109375,16.8408203125
103.207291,-44.4873046875,-54.3701171875,14.1552734375
103.243729,-40.4833984375,-54.3212890625,11.6162109375
103.2657755,-36.6259765625,-54.3701171875,8.8818359375
103.3131605,-33.1103515625,-55.1513671875,5.9033203125
103.3317141,-32.7685546875,-56.7626953125,3.2666015625
103.3534174,-34.9658203125,-56.3720703125,-0.0537109375
103.3879878,-36.7724609375,-57.4462890625,-3.3251953125
103.4150106,-38.3837890625,-58.6669921875,-6.7919921875
103.451343,-39.8486328125,-58.4228515625,-8.8427734375
103.4763246,-42.5341796875,-59.7412109375,-13.5791015625
103.5105177,-44.6337890625,-59.3505859375,-12.1630859375
103.5352993,-48.1005859375,-58.9111328125,-4.3505859375
103.5770214,-51.5185546875,-58.2275390625,4.0966796875
103.5970395,-53.5693359375,-57.8369140625,11.2744140625
103.6322406,-56.8896484375,-57.2021484375,18.0615234375
103.6565586,-60.3076171875,-56.8603515625,25.2880859375
103.6908668,-63.0908203125,-56.4697265625,30.2197265625
103.7194774,-66.5087890625,-56.3232421875,32.7099609375
103.7548442,-65.2392578125,-57.1533203125,32.3193359375
103.7799193,-61.4794921875,-57.4951171875,28.8037109375
103.8149269,-58.6474609375,-57.6416015625,24.3115234375
103.8360059,-54.5458984375,-57.3486328125,21.7236328125
103.8727906,-50.2978515625,-58.5205078125,19.2822265625
103.8998279,-47.2216796875,-59.7900390625,16.8408203125
103.9341033,-44.7802734375,-59.6435546875,13.6181640625
103.9596174,-42.0947265625,-60.7177734375,11.3232421875
103.9957668,-41.9482421875,-61.2548828125,6.7822265625
104.0193893,-42.5830078125,-62.4755859375,3.8037109375
104.0591648,-41.7529296875,-63.5009765625,1.6064453125
104.0781585,-42.2412109375,-64.1357421875,-1.9091796875
104.113884,-43.2177734375,-64.0869140625,-5.7177734375
104.1399205,-44.0478515625,-65.1611328125,-5.1806640625
104.1769196,-46.1962890625,-63.6962890625,-0.5908203125
104.2035177,-47.6611328125,-64.0380859375,5.9521484375
104.2389246,-49.2236328125,-62.0361328125,16.3525390625
104.2592363,-51.8115234375,-61.8896484375,23.5791015625
104.296122,-54.0576171875,-61.6943359375,29.2919921875
104.3227183,-56.5478515625,-61.2060546875,33.4423828125
104.3616944,-58.7939453125,-60.8642578125,37.6904296875
104.3833129,-60.0634765625,-61.4990234375,37.9345703125
104.4174814,-57.5732421875,-63.3544921875,35.4443359375
104.4432556,-53.1787109375,-64.2333984375,30.6591796875
104.4815033,-50.1025390625,-64.4775390625,26.2158203125
104.5006629,-45.9521484375,-64.9658203125,21.8701171875
104.5565019,-41.6064453125,-65.9423828125,18.9404296875
104.5620649,-38.9208984375,-66.7724609375,15.7177734375
104.5955729,-35.2099609375,-67.1142578125,10.8837890625
104.6236345,-34.4287109375,-67.7490234375,6.9775390625
104.6588345,-34.9169921875,-67.9443359375,3.2177734375
104.6793135,-35.9912109375,-69.9951171875,-0.1025390625
104.7289776,-36.7724609375,-69.3115234375,-4.2041015625
104.7485547,-38.1884765625,-70.7763671875,-7.5244140625
104.7745539,-39.6533203125,-71.1669921875,-10.7470703125
104.811651,-42.5830078125,-71.3623046875,-9.1845703125
104.8311962,-44.4873046875,-69.9462890625,-1.5185546875
104.8677078,-46.8310546875,-68.7255859375,8.7841796875
104.8948292,-48.8330078125,-67.5537109375,18.9404296875
104.933153,-51.4697265625,-67.0166015625,25.9228515625
104.9572496,-53.5205078125,-66.9677734375,31.5869140625
104.992583,-55.4736328125,-66.3818359375,32.5634765625
105.0164862,-57.0361328125,-66.4794921875,32.7587890625
105.0544298,-54.6923828125,-67.0166015625,31.1962890625
105.073705,-50.6884765625,-67.6513671875,28.0224609375
105.1079594,-46.4404296875,-67.7490234375,23.9208984375
105.137357,-41.1181640625,-68.1396484375,18.9892578125
105.1736185,-36.5771484375,-69.0185546875,13.4716796875
105.1969873,-32.8173828125,-70.0927734375,9.5654296875
105.2330347,-28.1787109375,-70.2880859375,8.0029296875
105.2590273,-26.7626953125,-70.8740234375,5.9033203125
105.3057515,-26.3720703125,-71.5087890625,1.5087890625
105.3278998,-28.5693359375,-71.8505859375,-2.4462890625
105.342803,-30.4248046875,-72.0458984375,-7.4755859375
105.3808862,-32.2314453125,-73.1689453125,-12.2119140625
105.4151582,-35.1123046875,-72.6318359375,-16.4599609375
105.4395576,-38.0419921875,-74.2431640625,-15.9228515625
105.4674663,-41.2158203125,-72.2412109375,-11.8212890625
105.5030426,-44.4873046875,-70.9716796875,-4.3994140625
105.5303527,-47.7099609375,-70.3857421875,2.1435546875
105.5707033,-51.2744140625,-68.7744140625,11.3720703125
105.5867766,-52.9345703125,-68.8232421875,18.7939453125
105.6200749,-55.8642578125,-67.7001953125,22.8955078125
105.65508,-58.1103515625,-66.6259765625,26.0205078125
105.6795061,-59.0380859375,-67.8466796875,25.5810546875
105.7088905,-56.4013671875,-68.2861328125,22.2119140625
105.744965,-52.0556640625,-67.4560546875,18.1103515625
105.7700743,-48.3935546875,-67.9443359375,16.3037109375
105.80459,-43.3642578125,-66.9677734375,12.7880859375
105.8289442,-38.9208984375,-68.2861328125,9.8095703125
105.8691319,-35.0634765625,-68.1884765625,6.5380859375
105.8892755,-32.3291015625,-68.0908203125,4.3896484375
105.9254424,-29.5458984375,-67.8955078125,0.6298828125
105.9520949,-31.5478515625,-68.5302734375,-3.2763671875
105.9801439,-33.2080078125,-69.1650390625,-7.1826171875
106.0154785,-34.5751953125,-69.3115234375,-11.3330078125
106.0426764,-37.2607421875,-69.5068359375,-13.9208984375
106.06987,-39.6533203125,-69.6044921875,-14.7021484375
106.1040944,-43.5595703125,-67.8466796875,-11.2841796875
106.1329831,-47.3681640625,-67.1630859375,-4.8876953125
106.1624563,-50.0537109375,-66.0888671875,2.1435546875
106.1973327,-53.7158203125,-65.1123046875,8.8818359375
106.2219154,-56.6455078125,-64.8681640625,15.3759765625
106.2545012,-59.8681640625,-63.5986328125,22.5048828125
106.2819491,-63.0419921875,-63.3544921875,27.2900390625
106.3117048,-66.0205078125,-63.4521484375,25.7763671875
106.3400619,-66.8505859375,-64.1845703125,20.4052734375
106.3732176,-63.4326171875,-64.7705078125,15.1318359375
106.4007976,-61.5771484375,-63.8916015625,12.8369140625
106.43497,-57.9150390625,-64.1845703125,10.0537109375
106.4631141,-55.4248046875,-64.6240234375,7.5634765625
106.4916325,-52.8857421875,-64.9658203125,6.0986328125
106.5232344,-51.1767578125,-65.6005859375,3.9501953125
106.5520312,-50.5908203125,-65.5517578125,1.0205078125
106.5806309,-50.2978515625,-66.2841796875,-2.9833984375
106.6157268,-52.4462890625,-67.2607421875,-7.1826171875
106.6428373,-53.9111328125,-67.8955078125,-10.7958984375
106.6752429,-56.1083984375,-68.1884765625,-14.6044921875
106.7035571,-58.2080078125,-68.7744140625,-16.1181640625
106.7329114,-61.1376953125,-68.0419921875,-13.4814453125
106.7661382,-63.9697265625,-66.5283203125,-6.2548828125
106.7936488,-66.3134765625,-65.3564453125,2.8759765625
106.8262641,-69.9267578125,-64.8681640625,10.8349609375
106.8542868,-72.4658203125,-64.1357421875,17.3779296875
106.8853185,-75.6884765625,-63.2568359375,20.4052734375
106.9148284,-77.9345703125,-63.6474609375,23.0908203125
106.947314,-80.7177734375,-63.4033203125,24.2138671875
106.9742995,-82.0849609375,-64.0380859375,22.9931640625
107.014278,-78.8134765625,-63.7939453125,21.0400390625
107.0373207,-74.9072265625,-64.3798828125,18.6474609375
107.0653208,-71.3916015625,-64.1357421875,14.3017578125
107.0982853,-68.7548828125,-65.2099609375,12.1044921875
107.1253474,-65.2880859375,-65.8447265625,10.2978515625
107.1583352,-62.9443359375,-65.5029296875,7.9052734375
107.1882798,-59.7705078125,-65.9423828125,4.0478515625
107.2153541,-59.4287109375,-66.9677734375,-0.2001953125
107.2493489,-60.5029296875,-67.6025390625,-5.5224609375
107.2773159,-60.6005859375,-67.7490234375,-10.2099609375
107.3062758,-60.7958984375,-68.4814453125,-13.7255859375
107.3395118,-62.1630859375,-68.8232421875,-15.2392578125
107.3767952,-63.1396484375,-69.2626953125,-17.0947265625
107.4028953,-64.7998046875,-68.0908203125,-14.1650390625
107.440381,-66.5087890625,-67.2607421875,-7.4267578125
107.4598743,-68.8525390625,-65.7470703125,1.3623046875
107.4898578,-70.8544921875,-66.2353515625,9.9560546875
107.5188711,-72.8076171875,-65.7958984375,16.5966796875
107.5478734,-75.6884765625,-65.5517578125,20.2587890625
107.5908706,-78.2275390625,-65.2099609375,21.8212890625
107.6098519,-79.9853515625,-65.8447265625,20.7958984375
107.6558676,-77.8369140625,-66.2841796875,18.4033203125
107.6878361,-72.6611328125,-67.0166015625,14.5947265625
107.6987103,-69.1943359375,-67.1630859375,12.8857421875
107.7425675,-65.5322265625,-67.4560546875,11.0791015625
107.7605907,-62.3095703125,-67.5048828125,6.6845703125
107.7889807,-58.2080078125,-67.7978515625,2.4365234375
107.8270815,-54.9365234375,-68.2373046875,-1.2744140625
107.8525657,-52.2998046875,-69.2626953125,-3.1787109375
107.8892323,-52.5927734375,-69.3115234375,-7.4267578125
107.9121141,-52.6904296875,-69.7021484375,-10.5517578125
107.9491401,-52.4951171875,-69.9462890625,-14.6533203125
107.9705516,-53.9599609375,-70.4345703125,-18.0712890625
108.0086616,-54.9853515625,-70.4833984375,-20.4150390625
108.032091,-56.5478515625,-70.3369140625,-22.8564453125
108.0697241,-59.0380859375,-69.4091796875,-20.2197265625
108.0935996,-61.2353515625,-67.7001953125,-12.6025390625
108.1317282,-63.3837890625,-67.2119140625,-5.9619140625
108.1557517,-66.0205078125,-67.0166015625,2.9736328125
108.1902792,-68.2666015625,-66.8212890625,8.8330078125
108.2117022,-71.7333984375,-65.5517578125,10.9326171875
108.2502479,-73.7353515625,-65.6494140625,13.4228515625
108.2732325,-74.7119140625,-65.9423828125,13.1298828125
108.3092897,-72.0263671875,-65.3076171875,8.1005859375
108.3335951,-66.3623046875,-66.7236328125,5.5615234375
108.3707989,-61.4794921875,-65.6982421875,2.7783203125
108.3968394,-56.9384765625,-65.9423828125,-1.4208984375
108.425773,-52.7880859375,-66.2841796875,-4.4482421875
108.4636838,-48.4912109375,-67.0654296875,-7.0361328125
108.4877359,-44.8779296875,-67.1630859375,-10.8935546875
108.5242204,-42.3388671875,-67.2119140625,-15.8251953125
108.5426871,-43.6083984375,-67.8955078125,-18.6083984375
108.5795713,-44.4384765625,-67.3583984375,-22.5146484375
108.6035464,-44.8291015625,-68.5791015625,-25.4443359375
108.6432298,-46.7333984375,-69.1162109375,-27.3486328125
108.665291,-48.8330078125,-68.6279296875,-31.5966796875
108.703751,-51.6162109375,-68.4326171875,-31.8408203125
108.7272501,-54.8876953125,-67.0166015625,-27.1044921875
108.7641009,-58.2080078125,-66.3330078125,-17.9736328125
108.7880206,-62.1142578125,-65.6982421875,-9.3798828125
108.8241893,-64.4091796875,-64.3798828125,-3.3740234375
108.8480091,-67.4853515625,-64.3798828125,3.6572265625
108.8842032,-70.5126953125,-63.9404296875,8.8818359375
108.9086009,-73.1005859375,-63.1591796875,7.5634765625
108.9470383,-74.7607421875,-64.6728515625,3.4619140625
108.9643057,-72.3193359375,-64.1845703125,-0.2001953125
109.0051475,-67.7294921875,-65.4541015625,-2.0556640625
109.0260113,-62.7490234375,-64.7705078125,-5.0341796875
109.0621562,-58.8427734375,-66.0888671875,-8.8916015625
109.0870702,-57.1337890625,-66.7724609375,-10.5517578125
109.1256046,-54.5458984375,-66.5771484375,-13.4326171875
109.1487636,-51.2744140625,-67.6025390625,-17.3388671875
109.186105,-50.8349609375,-68.4814453125,-22.0263671875
109.2120113,-52.2021484375,-70.2392578125,-25.6884765625
109.2485191,-52.9345703125,-70.7763671875,-28.3740234375
109.2674604,-53.4716796875,-71.1181640625,-30.9619140625
109.3059677,-55.1318359375,-71.4111328125,-34.7216796875
109.3307476,-56.9384765625,-72.5341796875,-34.8193359375
109.3792407,-58.6962890625,-71.4599609375,-30.2294921875
109.4001238,-61.5771484375,-70.5322265625,-21.6357421875
109.4191597,-64.5068359375,-69.6044921875,-13.8232421875
109.4551413,-66.6552734375,-69.7998046875,-6.1083984375
109.4796191,-68.2177734375,-69.2626953125,1.7529296875
109.5175107,-70.5615234375,-68.9697265625,7.5146484375
109.5374294,-73.2470703125,-68.8232421875,9.7607421875
109.5747111,-75.1513671875,-69.2138671875,8.9794921875
109.6007475,-76.2744140625,-70.8251953125,5.3173828125
109.6380921,-72.6123046875,-70.9228515625,2.6806640625
109.6601309,-66.8505859375,-71.7041015625,1.5576171875
109.7111766,-64.1162109375,-72.0947265625,-0.7861328125
109.7315659,-60.5029296875,-72.2412109375,-4.5458984375
109.751022,-57.5244140625,-73.9013671875,-6.8408203125
109.7870776,-54.2041015625,-74.0966796875,-11.3818359375
109.8135978,-51.5185546875,-74.6337890625,-16.6552734375
109.8525201,-50.0048828125,-74.4384765625,-20.6103515625
109.8748717,-50.2001953125,-75.6103515625,-24.5166015625
109.9104066,-50.4931640625,-76.4404296875,-28.2763671875
109.9324468,-50.3955078125,-77.5146484375,-32.9638671875
109.9674233,-51.3720703125,-77.6611328125,-36.4794921875
109.992033,-52.7880859375,-78.0517578125,-34.7705078125
110.0265755,-53.7158203125,-76.6845703125,-24.8583984375
110.0552384,-54.9853515625,-75.9521484375,-14.8974609375
110.0905506,-56.3525390625,-75.0732421875,-3.9599609375
110.1117156,-57.4267578125,-73.9990234375,2.3876953125
110.1481601,-59.1357421875,-72.5341796875,5.9521484375
110.1724604,-59.9169921875,-72.8271484375,8.1005859375
110.2202091,-61.8212890625,-72.5830078125,8.0029296875
110.2402928,-62.3583984375,-73.1689453125,5.0732421875
110.2662621,-61.5771484375,-74.0966796875,0.1416015625
110.2982418,-56.1083984375,-73.4619140625,-2.7392578125
110.3261841,-52.1044921875,-73.2177734375,-4.9365234375
110.3641591,-46.9775390625,-72.7783203125,-8.1103515625
110.3882424,-41.8994140625,-72.9736328125,-12.5048828125
110.4257167,-37.3095703125,-73.4130859375,-17.4853515625
110.4467085,-34.1357421875,-72.8759765625,-21.6357421875
110.485773,-31.4501953125,-73.0712890625,-23.8330078125
110.5076592,-31.2548828125,-72.6806640625,-27.2021484375
110.533566,-32.4755859375,-73.5595703125,-32.2314453125
110.5690736,-33.0615234375,-73.8525390625,-37.3583984375
110.600115,-35.4052734375,-73.7548828125,-41.2158203125
110.6306956,-37.3095703125,-73.4619140625,-41.4599609375
110.6572029,-39.1650390625,-72.2412109375,-34.6728515625
110.693844,-40.9716796875,-69.6533203125,-24.5166015625
110.7182549,-44.0478515625,-69.8974609375,-16.8017578125
110.7537018,-46.3427734375,-68.9208984375,-9.5751953125
110.7792864,-48.7841796875,-68.0419921875,-2.2998046875
110.8086674,-51.2255859375,-66.4306640625,2.4365234375
110.8460706,-54.7412109375,-66.1376953125,4.3896484375
110.8685632,-56.9384765625,-66.0400390625,1.9482421875
110.9054741,-59.0869140625,-66.0400390625,-2.0068359375
110.9266208,-56.1572265625,-66.2841796875,-5.1806640625
110.9615622,-53.3251953125,-65.9423828125,-6.6455078125
110.9875486,-50.2490234375,-65.6494140625,-9.6728515625
111.0232376,-48.2470703125,-66.4306640625,-12.9931640625
111.0492338,-45.5126953125,-65.9912109375,-15.4833984375
111.0785803,-43.2177734375,-66.0888671875,-16.9970703125
111.1111654,-40.3369140625,-65.7470703125,-20.8056640625
111.139595,-40.3857421875,-67.4560546875,-24.1748046875
111.1674661,-43.0712890625,-66.8212890625,-28.4716796875
111.203179,-44.6337890625,-67.6025390625,-33.6962890625
111.2304748,-46.4892578125,-67.4072265625,-35.3564453125
111.2645319,-49.0771484375,-67.4560546875,-35.3076171875
111.2926664,-51.3232421875,-66.3818359375,-27.6904296875
111.3213703,-54.7900390625,-65.4052734375,-18.5595703125
111.3493897,-57.6220703125,-63.6474609375,-11.6748046875
111.3820375,-60.2587890625,-64.1357421875,-3.4228515625
111.411086,-64.3603515625,-63.0126953125,4.3896484375
111.442675,-67.2900390625,-63.9404296875,8.5400390625
111.4720476,-70.3662109375,-62.7197265625,8.2958984375
111.5011989,-73.4423828125,-63.1591796875,6.6845703125
111.5339682,-75.6884765625,-64.0869140625,4.0966796875
111.562211,-77.2021484375,-65.9423828125,2.3388671875
111.5912165,-73.1494140625,-65.3564453125,1.0205078125
111.6256851,-69.0966796875,-65.8935546875,-2.0068359375
111.6516633,-66.7041015625,-66.7236328125,-5.4248046875
111.6855949,-63.5791015625,-66.5771484375,-8.6474609375
111.7116176,-61.2841796875,-67.7978515625,-12.4072265625
111.7413591,-59.5751953125,-68.1884765625,-14.3115234375
111.7750485,-58.7939453125,-68.8232421875,-16.9970703125
111.8019588,-59.3798828125,-69.7998046875,-21.6357421875
111.836645,-60.8447265625,-69.9951171875,-26.3232421875
111.8651051,-60.9423828125,-70.8740234375,-27.1044921875
111.8934982,-62.1630859375,-69.5556640625,-22.5634765625
111.923518,-63.1884765625,-68.6279296875,-12.9931640625
111.9558204,-65.1904296875,-67.7490234375,-5.0830078125
111.9834452,-67.7783203125,-66.6748046875,-0.0048828125
112.0145442,-69.2431640625,-65.9912109375,6.3916015625
112.0535467,-70.4638671875,-66.1865234375,12.3486328125
112.0740915,-72.4658203125,-65.1611328125,17.7197265625
112.1064951,-74.3212890625,-65.6005859375,19.0869140625
112.1357104,-77.2021484375,-66.0400390625,14.7900390625
112.1649457,-77.9345703125,-67.0654296875,9.6142578125
112.1972165,-77.3974609375,-67.7978515625,5.6103515625
112.224495,-73.0517578125,-67.4072265625,4.2919921875
112.2582612,-69.0478515625,-68.1396484375,2.4853515625
112.2867586,-65.4345703125,-68.3349609375,-1.7626953125
112.3247884,-60.4052734375,-68.8720703125,-4.9365234375
112.3486297,-57.6708984375,-69.6533203125,-8.0126953125
112.3774849,-54.5458984375,-70.7275390625,-12.6513671875
112.416697,-51.5673828125,-71.4599609375,-17.2412109375
112.4388138,-51.5673828125,-71.1669921875,-21.2939453125
112.4683144,-51.7138671875,-71.8505859375,-24.2236328125
112.5043592,-51.7626953125,-72.0947265625,-25.2490234375
112.5275718,-53.0322265625,-71.6064453125,-23.2958984375
112.5573381,-53.6669921875,-69.8974609375,-13.9697265625
112.5961674,-54.6435546875,-68.4814453125,-3.5693359375
112.6186241,-55.3759765625,-67.9443359375,4.2919921875
112.6476199,-58.0126953125,-66.8701171875,9.6630859375
112.6830601,-59.7216796875,-67.7001953125,12.0556640625
112.7089403,-62.3095703125,-66.5771484375,13.4228515625
112.7518113,-65.2392578125,-66.6259765625,14.7412109375
112.7724079,-67.3876953125,-67.7978515625,13.5205078125
112.8083503,-67.5830078125,-67.8466796875,10.1513671875
112.830359,-66.2158203125,-68.5791015625,7.0263671875
112.8646871,-62.1142578125,-68.8720703125,2.4853515625
112.888817,-58.3544921875,-69.2138671875,-0.2978515625
112.9216861,-54.1064453125,-69.3115234375,-3.6181640625
112.9587011,-49.4189453125,-69.9462890625,-6.2060546875
112.9801999,-45.6591796875,-70.5322265625,-9.4775390625
113.0186846,-40.9228515625,-70.9228515625,-14.4091796875
113.0412882,-39.1650390625,-70.8251953125,-17.3388671875
113.0785371,-39.1650390625,-71.1669921875,-20.1708984375
113.1029385,-38.6279296875,-70.7763671875,-24.1748046875
113.1408003,-38.7255859375,-71.3623046875,-26.1279296875
113.1590422,-40.1416015625,-70.9228515625,-23.9794921875
113.2000319,-41.2646484375,-69.4091796875,-16.2158203125
113.2189342,-42.2412109375,-68.0419921875,-7.7197265625
113.2546424,-43.5595703125,-67.5048828125,0.3857421875
113.2833383,-45.3662109375,-66.5283203125,6.1962890625
113.3207489,-47.8076171875,-66.3330078125,9.3212890625
113.3423776,-49.4677734375,-65.4052734375,11.4697265625
113.3786823,-51.9091796875,-64.4775390625,15.0341796875
113.4020707,-54.8876953125,-65.8935546875,11.6650390625
113.4371296,-55.3759765625,-65.0634765625,8.4912109375
113.4624056,-53.6669921875,-64.8193359375,6.0498046875
113.4981322,-49.7119140625,-64.4775390625,3.8037109375
113.5251132,-45.4638671875,-65.2587890625,0.7763671875
113.5635258,-40.3369140625,-65.4541015625,-3.2763671875
113.5835428,-35.7470703125,-66.0888671875,-6.8896484375
113.6195941,-31.0595703125,-65.4541015625,-8.3056640625
113.6452734,-27.5927734375,-65.7958984375,-10.5029296875
113.6796783,-25.3466796875,-65.5029296875,-15.0927734375
113.7046733,-26.2255859375,-67.2607421875,-19.3408203125
113.7376447,-27.1533203125,-66.1865234375,-21.6357421875
113.7739528,-28.0810546875,-66.7236328125,-25.2978515625
113.7926007,-30.2783203125,-65.7470703125,-24.1748046875
113.8289632,-32.2314453125,-64.0380859375,-15.5322265625
113.853982,-34.7705078125,-62.7197265625,-5.0830078125
113.8903702,-38.0908203125,-62.1337890625,2.1923828125
113.9149205,-41.0205078125,-61.9384765625,6.6357421875
113.9509794,-44.3408203125,-60.8642578125,11.2255859375
113.9715161,-47.3681640625,-60.1318359375,15.5224609375
114.0083565,-51.1279296875,-60.1318359375,16.7919921875
114.0347726,-54.0576171875,-60.4248046875,14.6923828125
114.0709148,-56.0107421875,-61.1083984375,10.5419921875
114.0958171,-56.3525390625,-60.6689453125,6.3427734375
114.1319601,-52.6416015625,-61.4990234375,3.7548828125
114.1592075,-48.0029296875,-61.3525390625,0.7763671875
114.2065965,-43.9990234375,-62.5732421875,-1.3232421875
114.2154364,-39.8486328125,-62.9638671875,-3.1787109375
114.2536134,-35.5517578125,-62.9150390625,-7.5244140625
114.2770831,-32.3779296875,-62.7685546875,-11.3818359375
114.3125473,-30.6689453125,-63.3056640625,-16.2646484375
114.3404167,-31.0595703125,-64.6240234375,-19.3896484375
114.368303,-32.2314453125,-63.8916015625,-21.6845703125
114.4123812,-33.9892578125,-65.1123046875,-22.6611328125
114.4293137,-35.1123046875,-64.0869140625,-21.6845703125
114.4643444,-37.2607421875,-63.5986328125,-15.1416015625
114.4933461,-39.8486328125,-62.2802734375,-7.8662109375
114.5183875,-41.9482421875,-61.4990234375,-1.2255859375
114.5579936,-44.6337890625,-60.9619140625,7.3193359375
114.5808975,-48.1982421875,-60.4736328125,14.2041015625
114.6161472,-50.4931640625,-59.9853515625,18.7451171875
114.6401263,-52.3974609375,-59.9853515625,20.3564453125
114.679209,-54.4970703125,-60.5712890625,17.0849609375
114.6993631,-56.8408203125,-61.4990234375,13.0810546875
114.7377922,-57.7685546875,-61.8896484375,8.6376953125
114.7579982,-54.0087890625,-62.6708984375,6.4892578125
114.7944462,-49.1748046875,-62.2802734375,5.4638671875
114.8219006,-45.9033203125,-63.5986328125,1.0693359375
114.8563403,-41.1669921875,-63.8916015625,-4.6435546875
114.8822306,-36.4306640625,-64.8681640625,-11.1376953125
114.9200176,-33.1591796875,-64.5263671875,-15.9228515625
114.941105,-30.5712890625,-64.9658203125,-19.0966796875
114.9820251,-30.1806640625,-65.9912109375,-20.2197265625
115.0022748,-30.9130859375,-65.8935546875,-23.6376953125
115.0399854,-31.8408203125,-67.0166015625,-28.9111328125
115.0628185,-32.8662109375,-66.4306640625,-32.5732421875
115.0990463,-34.5263671875,-66.8701171875,-32.5732421875
115.1203277,-37.2607421875,-65.6982421875,-25.7373046875
115.156366,-39.6533203125,-63.9892578125,-15.4833984375
115.1823906,-42.0458984375,-63.9404296875,-5.5224609375
115.2146611,-44.1455078125,-63.0615234375,2.5341796875
115.2441709,-45.8056640625,-62.5732421875,7.2216796875
115.2807458,-47.7587890625,-62.1826171875,10.0048828125
115.3052581,-49.9560546875,-63.2080078125,9.4677734375
115.3563706,-51.7626953125,-63.1591796875,8.7841796875
115.3770232,-53.0322265625,-64.7216796875,6.1474609375
115.3962765,-50.3955078125,-64.8681640625,2.2412109375
115.4354003,-46.0986328125,-64.8193359375,-3.2763671875
115.4573933,-40.8251953125,-65.6982421875,-8.2568359375
115.496771,-35.7470703125,-66.3330078125,-12.6513671875
115.5148113,-30.1318359375,-67.4560546875,-15.2880859375
115.5590667,-27.0068359375,-67.0166015625,-19.2431640625
115.5796479,-24.1748046875,-67.7490234375,-24.7607421875
115.6027055,-21.6845703125,-68.4814453125,-30.3271484375
115.6509863,-22.5634765625,-68.9208984375,-33.8916015625
115.6713481,-23.3447265625,-68.8232421875,-37.2607421875
115.692964,-24.5654296875,-69.2626953125,-41.6552734375
115.7296164,-27.1044921875,-70.0439453125,-44.3896484375
115.7538136,-29.9853515625,-70.9716796875,-44.9267578125
115.7943309,-32.7197265625,-68.6767578125,-41.0693359375
115.8173532,-35.5029296875,-68.2861328125,-34.2822265625
115.8522133,-38.2373046875,-68.1884765625,-26.6162109375
115.8787325,-41.8017578125,-66.7236328125,-18.5107421875
115.9074886,-44.7802734375,-65.7958984375,-9.7216796875
115.9359145,-47.3193359375,-64.2822265625,-3.4716796875
115.968614,-49.8095703125,-64.2822265625,-2.0068359375
115.9971376,-52.2998046875,-65.5517578125,-5.0830078125
116.029358,-53.4228515625,-64.9658203125,-10.0634765625
116.0644447,-49.8095703125,-66.0888671875,-12.6513671875
116.0859199,-46.0009765625,-65.8447265625,-14.5068359375
116.1234924,-40.5810546875,-66.5771484375,-18.0224609375
116.1477882,-35.9912109375,-66.7724609375,-21.7822265625
116.184786,-31.6943359375,-67.4560546875,-25.9814453125
116.209225,-27.2509765625,-67.5048828125,-29.4482421875
116.2381625,-22.7587890625,-68.2373046875,-32.5732421875
116.2719573,-21.4892578125,-67.9931640625,-35.1123046875
116.299179,-22.0751953125,-69.2138671875,-37.2607421875
116.3285523,-23.5888671875,-69.2138671875,-42.5830078125
116.3565123,-25.2490234375,-69.7998046875,-47.9541015625
116.3923332,-26.8603515625,-70.3857421875,-52.6416015625
116.4191974,-28.2275390625,-70.5322265625,-49.8095703125
116.4609097,-31.0107421875,-68.8720703125,-46.1962890625
116.4807986,-34.5263671875,-67.6513671875,-37.6025390625
116.5089671,-38.0419921875,-66.4794921875,-27.4462890625
116.5432936,-40.9716796875,-65.9912109375,-19.5849609375
116.5714754,-44.2431640625,-64.9169921875,-13.3837890625
116.6031961,-47.3193359375,-64.2333984375,-8.2568359375
116.6313602,-51.5185546875,-64.8193359375,-3.1787109375
116.6608256,-53.8623046875,-65.1123046875,-2.8857421875
116.688747,-56.7431640625,-66.2353515625,-4.2529296875
116.7281724,-57.6708984375,-66.1376953125,-8.4033203125
116.7508699,-54.1064453125,-66.9189453125,-13.8720703125
116.7830434,-50.3466796875,-66.5771484375,-18.3154296875
116.8132201,-46.1962890625,-67.9931640625,-21.7822265625
116.8411814,-42.8759765625,-68.2373046875,-25.0048828125
116.8737695,-39.3603515625,-68.0908203125,-28.8134765625
116.9016852,-36.2841796875,-68.5302734375,-32.2314453125
116.9295935,-33.7451171875,-69.8486328125,-35.8935546875
116.9657017,-32.3291015625,-70.5322265625,-39.5556640625
116.9924212,-33.0126953125,-70.5322265625,-44.4873046875
117.0254432,-33.5986328125,-70.9716796875,-48.2958984375
117.0535559,-35.2587890625,-71.8994140625,-51.3720703125
117.0825672,-37.3583984375,-72.0458984375,-53.4228515625
117.1155716,-39.6044921875,-71.4111328125,-50.3466796875
117.1445531,-41.5087890625,-70.3857421875,-42.5830078125
117.1735731,-44.2431640625,-69.4091796875,-33.2568359375
117.2055318,-46.1962890625,-69.5068359375,-22.9052734375
117.2335559,-48.7353515625,-69.1650390625,-15.2880859375
117.2636885,-50.8349609375,-68.5791015625,-10.1123046875
117.2945646,-53.7158203125,-68.5791015625,-9.4287109375
117.3255845,-55.8642578125,-68.4814453125,-9.8193359375
117.3560655,-57.0361328125,-69.6044921875,-11.4794921875
117.3845626,-58.4033203125,-70.4833984375,-14.7998046875
117.4167234,-55.3759765625,-69.9951171875,-16.8994140625
117.4546307,-51.6162109375,-70.4833984375,-19.4384765625
117.4746375,-48.5888671875,-71.3623046875,-23.4423828125
117.5051252,-44.1455078125,-71.1669921875,-27.5927734375
117.5362032,-39.8486328125,-72.1435546875,-30.2783203125
117.5646415,-36.1865234375,-72.5830078125,-31.7919921875
117.5976526,-34.0869140625,-73.4619140625,-36.1865234375
117.6271075,-33.5498046875,-73.8525390625,-42.3388671875
117.6576063,-35.0634765625,-74.8291015625,-48.6376953125
117.6931567,-36.5283203125,-75.7568359375,-52.7880859375
117.719064,-38.4814453125,-76.4892578125,-57.4755859375
117.7451224,-39.4580078125,-76.6357421875,-61.2353515625
117.7780881,-41.2158203125,-77.0263671875,-58.5498046875
117.8126074,-43.2666015625,-75.2197265625,-49.4677734375
117.8366229,-46.0986328125,-74.8779296875,-40.5810546875
117.8696572,-48.6376953125,-73.9501953125,-31.2548828125
117.9064781,-50.9814453125,-73.9990234375,-23.0029296875
117.9299446,-54.0576171875,-73.7060546875,-16.1181640625
117.9654612,-56.2548828125,-73.1689453125,-13.6767578125
117.9885054,-57.9638671875,-73.3154296875,-13.2861328125
118.0195005,-60.7958984375,-75.2685546875,-16.4111328125
118.0555477,-62.0166015625,-75.5126953125,-21.1474609375
118.081136,-60.0146484375,-76.0498046875,-22.8076171875
118.1170754,-55.3759765625,-75.7568359375,-24.0283203125
118.1394398,-51.1767578125,-76.3427734375,-29.8876953125
118.1792128,-46.9775390625,-77.2216796875,-33.6474609375
118.20118,-42.8759765625,-77.6123046875,-36.7236328125
118.2372223,-39.0673828125,-77.8564453125,-41.8017578125
118.2622163,-35.5029296875,-78.4423828125,-46.8798828125
118.2966993,-33.8427734375,-79.3701171875,-51.4208984375
118.3203301,-34.2333984375,-79.3212890625,-54.4970703125
118.3580696,-35.1611328125,-79.7607421875,-58.7451171875
118.3801158,-36.4306640625,-80.1513671875,-63.7744140625
118.4178706,-37.2119140625,-80.4443359375,-65.2880859375
118.4427567,-38.2373046875,-80.2001953125,-63.1396484375
118.4727459,-40.5810546875,-78.0517578125,-55.4736328125
118.5092102,-42.3388671875,-77.1240234375,-46.6357421875
118.5316848,-45.6103515625,-76.2939453125,-37.5537109375
118.5702737,-47.7099609375,-75.3662109375,-31.4990234375
118.5917654,-49.4677734375,-73.5595703125,-24.3701171875
118.62829,-50.7861328125,-73.8525390625,-18.1689453125
118.6488307,-52.5439453125,-72.5830078125,-15.1416015625
118.6858258,-54.2529296875,-74.0478515625,-15.4833984375
118.7120473,-55.9619140625,-74.0966796875,-20.4150390625
118.7484134,-55.0830078125,-73.2666015625,-25.2490234375
118.7720904,-49.6630859375,-73.5107421875,-27.2998046875
118.810668,-46.4892578125,-74.1943359375,-27.4951171875
118.8358252,-41.6552734375,-74.5361328125,-29.6923828125
118.8721529,-37.5537109375,-74.6826171875,-32.3779296875
118.8919444,-33.3544921875,-73.8037109375,-35.9912109375
118.9377644,-30.6201171875,-74.1455078125,-41.0205078125
118.956925,-29.1064453125,-74.4873046875,-44.1943359375
118.9907987,-29.6435546875,-75.5126953125,-47.8564453125
119.0162276,-31.2060546875,-75.7080078125,-51.9580078125
119.0514554,-32.1826171875,-75.3173828125,-55.9619140625
119.0728514,-34.0380859375,-76.0009765625,-57.9150390625
119.1242645,-36.1376953125,-74.8291015625,-54.1552734375
119.1427342,-38.2861328125,-73.0712890625,-43.9501953125
119.1660332,-41.2158203125,-71.8505859375,-34.6728515625
119.2013844,-44.3408203125,-71.2646484375,-25.5908203125
119.2218239,-48.1494140625,-69.6044921875,-18.6572265625
119.2574842,-51.3232421875,-68.7255859375,-13.7255859375
119.2846102,-55.1806640625,-68.1396484375,-10.9423828125
119.3208766,-57.9150390625,-67.7001953125,-11.8701171875
119.3471295,-60.8935546875,-67.7978515625,-16.2158203125
119.3910389,-63.7255859375,-67.9443359375,-20.1708984375
119.4071897,-63.5791015625,-67.3095703125,-22.7587890625
119.4429997,-60.9912109375,-66.7724609375,-25.1025390625
119.4671776,-56.9384765625,-67.0654296875,-27.3974609375
119.5046731,-53.3251953125,-67.9931640625,-30.4736328125
119.5254227,-50.0537109375,-68.4326171875,-33.5498046875
119.5612193,-46.9287109375,-67.3095703125,-35.7958984375
119.5889943,-43.9990234375,-67.6025390625,-41.6552734375
119.6245434,-41.9482421875,-67.6025390625,-46.9775390625
119.6462907,-42.5341796875,-67.7978515625,-51.5673828125
119.6797259,-43.3154296875,-67.7978515625,-56.0595703125
119.7090183,-44.3408203125,-67.3583984375,-59.1357421875
119.7496516,-45.4150390625,-67.1630859375,-54.9365234375
119.7676079,-46.3916015625,-65.1123046875,-44.4873046875
119.8121866,-49.3212890625,-63.3056640625,-36.2841796875
119.8315688,-51.3232421875,-63.2080078125,-28.8623046875
119.8681601,-53.2275390625,-61.0107421875,-21.5380859375
119.8913719,-55.6201171875,-60.5224609375,-15.2880859375
119.922637,-56.8896484375,-58.6181640625,-12.0166015625
119.9496773,-59.4775390625,-58.5205078125,-9.5263671875
119.9838807,-61.5771484375,-59.2041015625,-10.7958984375
120.0094517,-63.7255859375,-59.0576171875,-12.4560546875
120.0600042,-65.6298828125,-58.7646484375,-16.6552734375
