Timestamp,PPG_Forehead,PPG_Earlobe,PPG_Finger
0.00246749999999984,0.185546875,0.185546875,0.185546875
0.00337729999999992,0.185546875,0.185546875,0.185546875
0.00424040000000003,0.185546875,0.185546875,0.185546875
0.00504749999999987,0.185546875,0.185546875,0.185546875
0.00585740000000001,0.185546875,0.185546875,0.185546875
0.00662209999999996,0.185546875,0.185546875,0.185546875
0.00706100000000021,91.8310546875,86.1181640625,82.8466796875
0.00741449999999988,29.9365234375,56.6259765625,48.3935546875
0.00775950000000014,30.4736328125,55.6982421875,47.1728515625
0.008108,29.9365234375,55.2099609375,45.7080078125
0.00845299999999982,30.0341796875,54.8193359375,44.7802734375
0.00879709999999978,29.3505859375,53.9404296875,43.9990234375
0.00915510000000008,29.1552734375,53.5498046875,42.4365234375
0.00949739999999988,28.7646484375,52.6708984375,40.5322265625
0.00984160000000012,28.1298828125,51.3037109375,37.9443359375
0.0101881000000001,27.6904296875,51.2060546875,36.3818359375
0.010535,27.6904296875,51.0595703125,35.9912109375
0.0108768000000001,27.1533203125,51.8408203125,51.7138671875
0.0112223999999999,28.8623046875,53.8427734375,63.1396484375
0.0115653999999998,31.6943359375,55.0146484375,65.0439453125
0.0119121999999998,31.8896484375,55.8935546875,63.6279296875
0.0122580000000001,32.7685546875,56.8212890625,61.6259765625
0.0126029000000001,32.3291015625,57.4072265625,60.5029296875
0.0129473,33.4033203125,58.0419921875,59.8193359375
0.0132891000000002,33.7939453125,58.0419921875,58.4033203125
0.0136338,33.5498046875,57.6025390625,57.9150390625
0.0140370000000001,33.1591796875,57.8466796875,57.7685546875
0.0144408,33.5986328125,58.3349609375,58.2080078125
0.0148345999999999,33.6474609375,58.1884765625,58.2568359375
0.0151792999999998,33.5498046875,58.0419921875,57.6708984375
0.0154812,33.1591796875,57.8466796875,55.3759765625
0.0157740999999998,32.8173828125,57.8466796875,53.3740234375
0.0160670999999999,31.8896484375,56.5771484375,51.2744140625
0.0163695000000001,31.5478515625,56.9189453125,49.4677734375
0.0166637000000001,31.3525390625,56.3330078125,46.9287109375
0.0169554999999999,30.1318359375,55.5517578125,44.9755859375
0.0172473000000002,30.1318359375,54.1357421875,43.8525390625
0.0175379000000002,29.1552734375,54.0869140625,42.3876953125
0.0178307000000002,28.1787109375,53.7939453125,41.2646484375
0.0181217999999999,28.4716796875,53.0126953125,39.6044921875
0.0184129,27.9833984375,51.7431640625,37.4072265625
0.0187080000000002,27.2509765625,50.9619140625,35.6005859375
0.0190025999999999,27.2021484375,50.6689453125,35.9423828125
0.0193007000000001,27.2509765625,51.7919921875,52.5439453125
0.0195940000000001,28.2763671875,53.9404296875,64.5556640625
0.0198874,31.3525390625,55.9912109375,68.3154296875
0.0201810999999998,32.7685546875,56.8701171875,67.8759765625
0.0204753000000002,33.6474609375,57.4560546875,66.3623046875
0.0207657000000001,34.6240234375,59.5556640625,65.3857421875
0.0210602999999998,35.0634765625,61.0205078125,66.6552734375
0.0213530999999998,35.5029296875,60.9228515625,67.0458984375
0.0216457000000001,36.3818359375,60.9228515625,65.8740234375
0.0219388999999999,35.7470703125,60.7763671875,64.2626953125
0.0222340999999999,35.2099609375,61.6064453125,63.9697265625
0.0225276000000001,35.2587890625,61.7529296875,64.7021484375
0.0228275999999998,35.8447265625,61.9970703125,64.8974609375
0.0231276,35.1611328125,61.2158203125,63.1396484375
0.0234204999999998,34.3310546875,60.7275390625,62.1630859375
0.0237132,34.0380859375,61.1669921875,60.5517578125
0.0240070000000001,33.2568359375,60.7763671875,58.5498046875
0.0243009000000001,32.6708984375,60.7763671875,56.0107421875
0.0245994,32.4755859375,59.8486328125,54.8876953125
0.0249011000000001,32.3779296875,59.6533203125,53.2763671875
0.0251947000000001,31.3037109375,59.2626953125,51.7138671875
0.0325346,30.4736328125,58.3349609375,50.1025390625
0.0329006000000001,30.2294921875,57.6025390625,48.9306640625
0.0332672999999999,30.3271484375,56.7724609375,47.6611328125
0.0336078,29.5947265625,57.0166015625,46.2939453125
0.0339043000000001,29.2529296875,55.7958984375,44.3408203125
0.0342056999999998,29.2529296875,54.8193359375,41.7529296875
0.0345038,29.5458984375,55.3564453125,52.1533203125
0.0347985999999998,28.9599609375,57.7978515625,68.0712890625
0.0350918999999998,32.1337890625,59.4580078125,74.1748046875
0.0354318,34.3798828125,61.0205078125,74.2724609375
0.0357316999999999,35.1611328125,62.4365234375,73.0517578125
0.0360303000000002,36.4794921875,63.6572265625,71.9775390625
0.0363299000000001,36.9189453125,64.2431640625,73.0517578125
0.0366333000000001,37.6513671875,65.3662109375,73.8818359375
0.0369272999999999,38.1884765625,65.9033203125,72.6611328125
0.0372252,37.2119140625,65.5126953125,70.8056640625
0.0375258000000001,37.2607421875,65.4638671875,70.5615234375
0.0378192999999998,37.0654296875,66.5380859375,70.2685546875
0.0381192000000001,37.1142578125,66.3427734375,70.1220703125
0.0384229999999999,36.3330078125,66.2939453125,69.5849609375
0.0387502999999998,35.4541015625,66.3916015625,68.4619140625
0.0390481999999999,35.2099609375,65.5126953125,66.6064453125
0.0393468000000001,33.6962890625,65.6591796875,64.7998046875
0.0396453000000001,33.0615234375,65.0732421875,62.9443359375
0.0399406999999998,32.8662109375,64.1943359375,61.7236328125
0.0402391,32.3779296875,64.0966796875,59.7216796875
0.0405373,32.0361328125,63.7548828125,58.5986328125
0.0408344,31.3525390625,62.5341796875,57.0361328125
0.0411299000000001,30.7177734375,62.1923828125,55.6689453125
0.0414275000000002,30.6201171875,61.7529296875,54.7412109375
0.0417798,30.4248046875,61.1669921875,52.6904296875
0.0420771000000002,30.7177734375,60.1416015625,50.4931640625
0.0423754000000001,29.9853515625,59.5556640625,47.7587890625
0.0426687000000001,29.3505859375,59.1162109375,46.2451171875
0.0429764000000001,28.4228515625,58.9697265625,54.2041015625
0.043269,28.6669921875,61.0693359375,70.3662109375
0.0435596,30.4248046875,63.5595703125,75.6396484375
0.0438564000000001,33.1103515625,64.8291015625,76.0302734375
0.0441498999999999,34.1845703125,65.5126953125,74.3212890625
0.0444418,34.9658203125,66.7822265625,72.5146484375
0.0447369000000002,35.4541015625,67.7099609375,73.1494140625
0.0450713999999999,36.0400390625,68.0029296875,72.8564453125
0.0453636999999998,35.6982421875,68.3935546875,71.2939453125
0.0456553,35.6494140625,68.1982421875,69.8779296875
0.0459508999999998,35.2099609375,68.0517578125,70.2197265625
0.0462536999999998,35.2099609375,68.9794921875,70.2197265625
0.0465458999999999,34.5263671875,68.9306640625,69.4384765625
0.0468384999999998,33.5986328125,68.4423828125,69.6826171875
0.0471363999999999,33.7451171875,68.2470703125,67.2412109375
0.047463,32.4267578125,68.2958984375,65.8251953125
0.0477558999999999,31.6455078125,67.8076171875,64.1162109375
0.0480741999999998,31.0107421875,67.6123046875,62.4072265625
0.0483831000000001,30.5712890625,67.1728515625,61.0888671875
0.0486811,30.2783203125,66.3427734375,59.4775390625
0.0489766,30.1318359375,65.6103515625,58.4033203125
0.0492783000000001,30.0341796875,65.3173828125,57.3291015625
0.0495811000000002,29.1064453125,64.7314453125,56.2060546875
0.0498723999999999,28.4716796875,64.4873046875,54.1552734375
0.0501738,28.3740234375,62.7783203125,52.3974609375
0.0504690000000001,27.4462890625,63.0224609375,50.2490234375
0.0524543999999998,27.1044921875,62.8759765625,56.0107421875
0.0928439999999999,27.0556640625,64.8291015625,69.2919921875
0.1158793,28.1298828125,65.9521484375,74.6142578125
0.1581264,30.6201171875,67.0751953125,74.8095703125
0.1790499,32.1337890625,67.5634765625,72.9541015625
0.220922,32.4267578125,68.8330078125,71.0009765625
0.2339035,32.7685546875,69.3701171875,70.0732421875
0.272974,33.1591796875,69.6630859375,70.1708984375
0.2971206,32.8173828125,69.0771484375,68.0712890625
0.3421599,32.7197265625,69.3701171875,67.3388671875
0.3623669,31.8408203125,70.0537109375,68.2177734375
0.4017554,31.9384765625,69.9072265625,67.7783203125
0.4159161,32.2314453125,70.1513671875,67.4853515625
0.4576632,32.1337890625,69.9072265625,66.6064453125
0.4789647,31.5478515625,69.1259765625,65.0927734375
0.5184043,32.2802734375,68.4423828125,63.5302734375
0.5384517,30.8642578125,67.5146484375,61.1376953125
0.5817707,30.2783203125,67.0751953125,59.6240234375
0.5940171,29.4482421875,67.1240234375,58.6962890625
0.6380847,29.3017578125,65.6591796875,57.5244140625
0.6582939,27.6904296875,64.9267578125,56.4501953125
0.6956713,28.3251953125,64.5361328125,54.5458984375
0.7187379,27.6416015625,64.0478515625,53.1298828125
0.7553293,27.9833984375,63.8037109375,51.3720703125
0.7803756,27.4462890625,63.1201171875,50.7373046875
0.817438,27.8369140625,63.2666015625,52.4951171875
0.8374893,27.3486328125,65.0244140625,66.8017578125
0.8887986,28.4228515625,67.7587890625,74.0771484375
0.8995797,30.2294921875,68.3447265625,75.4443359375
0.937688,32.0361328125,69.5166015625,73.7353515625
0.9589676,31.9873046875,70.5908203125,72.9541015625
0.9991525,32.7685546875,72.0556640625,72.9541015625
1.0283711,33.9892578125,72.1044921875,74.4677734375
1.0493374,34.7216796875,72.7880859375,73.4912109375
1.0856596,35.8447265625,72.5927734375,72.5146484375
1.1118295,35.7958984375,73.5205078125,71.7333984375
1.1475038,34.9169921875,73.9111328125,71.4892578125
1.167723,34.4287109375,74.4970703125,71.9775390625
1.2030914,34.2822265625,73.7646484375,70.9033203125
1.2400146,34.9658203125,73.7646484375,69.9755859375
1.2578556,33.5498046875,73.4228515625,68.3642578125
1.300237,33.2568359375,73.0322265625,66.9970703125
1.3192347,32.4267578125,72.1044921875,65.2880859375
1.3547877,31.5966796875,72.3486328125,64.2138671875
1.3832079,31.6943359375,72.6416015625,63.2861328125
1.4335835,32.0361328125,71.4697265625,62.4072265625
1.4424207,31.5966796875,70.6396484375,60.7470703125
1.4718243,30.5224609375,70.2490234375,59.7705078125
1.50737,29.9853515625,69.7607421875,58.1103515625
1.5339703,29.3505859375,69.2236328125,57.4267578125
1.5615207,29.3505859375,69.8583984375,65.4833984375
1.6076333,29.3017578125,72.5927734375,76.9580078125
1.6291657,30.8642578125,73.8134765625,81.3037109375
1.6540933,33.0615234375,74.5458984375,81.2060546875
1.6859744,34.5751953125,75.9619140625,80.5224609375
1.7132474,35.4052734375,78.0615234375,80.4248046875
1.743781,36.2841796875,78.7451171875,82.3779296875
1.7749811,37.1142578125,78.6962890625,82.4267578125
1.8051103,37.6025390625,79.2822265625,81.2060546875
1.834262,37.5048828125,78.8427734375,79.3505859375
1.8647668,36.6748046875,79.5751953125,79.9365234375
1.8954783,36.4306640625,79.7216796875,80.2294921875
1.9259252,35.9912109375,79.8681640625,79.5458984375
1.9555043,35.8447265625,79.7705078125,79.3994140625
1.9854496,34.8193359375,79.2333984375,77.7880859375
2.0170495,34.8681640625,79.0869140625,76.9580078125
2.0446102,32.9638671875,78.4033203125,74.7607421875
2.0739241,33.5498046875,78.0126953125,73.1494140625
2.1083171,32.7197265625,76.9384765625,72.4658203125
2.1355065,32.2314453125,76.5478515625,70.8056640625
2.1848362,32.0849609375,75.7177734375,69.3408203125
2.1981195,31.3525390625,75.8642578125,68.9501953125
2.2249873,30.4736328125,74.5947265625,66.7529296875
2.2535538,30.4736328125,73.8623046875,69.3408203125
2.3046737,29.9853515625,75.3271484375,80.0341796875
2.3248007,30.7177734375,78.0126953125,87.2119140625
2.3645616,32.4267578125,78.5986328125,88.9208984375
2.3846025,34.0869140625,79.7705078125,88.6767578125
2.4051672,35.4052734375,81.4306640625,87.7978515625
2.4548241,36.3330078125,82.8466796875,88.2373046875
2.475264,37.1630859375,82.9443359375,89.4580078125
2.4959603,37.4560546875,82.6025390625,87.9931640625
2.5435454,37.0166015625,83.2861328125,86.6748046875
2.5657134,36.7724609375,83.4814453125,85.6982421875
2.6025521,36.2353515625,83.1396484375,86.6259765625
2.6221267,36.4794921875,83.4326171875,86.0888671875
2.649692,35.7958984375,82.9443359375,85.6494140625
2.6794106,35.7470703125,82.7490234375,83.7451171875
2.7233899,35.1123046875,82.3095703125,82.1337890625
2.7446429,33.9404296875,82.1630859375,80.8642578125
2.785891,33.3056640625,81.2841796875,79.2041015625
2.8058858,32.7197265625,80.9423828125,77.3974609375
2.8418494,32.0361328125,79.9658203125,76.9580078125
2.8609376,31.9873046875,78.9892578125,75.5908203125
2.9049955,31.3525390625,78.3056640625,73.8330078125
2.9322677,30.5712890625,77.6220703125,71.8310546875
2.9507611,29.6435546875,76.2060546875,69.9755859375
2.9803375,29.4482421875,76.5478515625,68.6572265625
3.0261076,28.9599609375,76.9873046875,76.9091796875
3.0456689,28.6669921875,78.7939453125,85.9423828125
3.0904837,29.0087890625,80.3564453125,90.7275390625
3.1105998,32.7685546875,80.3564453125,89.9462890625
3.1315997,33.7939453125,82.1630859375,88.7255859375
3.1606398,34.6240234375,83.1396484375,88.5302734375
3.2070147,34.7216796875,84.2626953125,88.8232421875
3.2292706,35.5517578125,84.1162109375,88.6767578125
3.2798879,35.5029296875,83.7255859375,86.1376953125
3.3011591,35.5517578125,84.2138671875,85.6982421875
3.3107641,34.4775390625,84.6533203125,86.4794921875
3.3530422,34.1845703125,84.0673828125,85.2587890625
3.3731601,34.5751953125,83.9208984375,84.5263671875
3.4178758,33.5498046875,83.7255859375,83.2080078125
3.4378284,33.0126953125,82.8466796875,81.0595703125
3.4756355,32.5244140625,82.4072265625,78.9111328125
3.4976964,31.1572265625,82.2119140625,77.5927734375
3.5374694,29.9365234375,81.8701171875,75.9814453125
3.5575318,29.9853515625,80.8447265625,74.5654296875
3.5940373,29.3994140625,80.0634765625,73.1982421875
3.6140803,28.9599609375,79.1357421875,71.0986328125
3.6565914,28.3740234375,78.7451171875,70.1708984375
3.6783562,27.5439453125,77.8173828125,67.6806640625
3.7148859,27.5439453125,77.2314453125,65.3857421875
3.7453208,27.5927734375,76.2060546875,63.7255859375
3.7614945,26.6162109375,75.5224609375,64.2138671875
3.8073361,25.7373046875,76.4013671875,74.6630859375
3.8286012,25.4443359375,78.2080078125,82.6708984375
3.8653978,26.9580078125,79.6728515625,84.2333984375
3.8854364,29.4482421875,80.4541015625,81.7431640625
3.9228255,30.0830078125,80.1611328125,80.6689453125
3.9457689,30.4736328125,81.4306640625,80.0830078125
3.9832892,30.8154296875,81.5771484375,79.3994140625
4.0046206,31.2548828125,81.2353515625,77.4462890625
4.0434904,31.1572265625,81.3818359375,76.2255859375
4.064158,29.8876953125,81.0888671875,76.3232421875
4.1061278,29.8876953125,80.4541015625,76.8603515625
4.1268115,29.5947265625,80.5517578125,75.8837890625
4.1690061,30.0341796875,79.9658203125,74.5166015625
4.1885125,29.7412109375,79.4775390625,71.8798828125
4.2289704,29.4482421875,78.6474609375,70.6103515625
4.2490005,28.5693359375,77.7685546875,69.0478515625
4.2852939,27.5927734375,77.8173828125,67.7783203125
4.3053236,26.9580078125,77.4755859375,66.7041015625
4.3479129,26.1767578125,75.8642578125,64.8486328125
4.3685477,26.3232421875,75.2783203125,63.3837890625
4.4078412,25.9326171875,74.1552734375,61.5283203125
4.4279304,25.6396484375,73.1787109375,60.0634765625
4.4711558,25.3466796875,72.3486328125,57.6708984375
4.4911895,24.7607421875,72.0556640625,56.4501953125
4.5312962,24.6142578125,71.6162109375,55.4248046875
4.5515017,24.5166015625,72.2998046875,65.2392578125
4.5879253,23.5400390625,73.9111328125,75.2978515625
4.6079435,24.4677734375,75.1806640625,78.1298828125
4.6506632,27.0556640625,76.6455078125,77.2021484375
4.6726184,28.8623046875,76.7431640625,76.4697265625
4.7106724,29.5458984375,77.6220703125,75.4443359375
4.7324832,30.3271484375,78.7451171875,76.6650390625
4.7678631,30.8154296875,77.8662109375,76.2255859375
4.7879867,31.1572265625,78.5498046875,74.2236328125
4.8293953,31.4501953125,78.2568359375,74.1259765625
4.8492941,31.0595703125,78.7939453125,74.6142578125
4.8919091,31.0595703125,78.1591796875,74.2724609375
4.9122223,30.9130859375,78.1103515625,73.7353515625
4.9612562,30.3759765625,77.9150390625,71.0498046875
4.9831189,30.4736328125,76.7431640625,69.8291015625
4.9988165,29.3017578125,76.5966796875,67.4853515625
5.0418438,29.0576171875,76.3525390625,66.3134765625
5.063028,28.3251953125,75.2294921875,64.3603515625
5.0986615,27.8857421875,75.0341796875,62.4072265625
5.1225227,27.1533203125,74.1552734375,61.0400390625
5.1638043,27.1533203125,73.1298828125,59.2822265625
5.1833532,26.8115234375,72.5927734375,57.7197265625
5.2233288,26.5673828125,71.3720703125,55.9130859375
5.2443231,25.6396484375,71.2255859375,53.9111328125
5.2840841,25.4931640625,69.7119140625,51.6650390625
5.3049171,24.2724609375,68.6376953125,49.7607421875
5.3504927,23.9794921875,67.9541015625,49.2724609375
5.370638,23.2470703125,69.6630859375,63.7255859375
5.4097769,23.0029296875,71.5673828125,72.5634765625
5.4310661,23.8330078125,73.0322265625,76.4697265625
5.4773397,26.6650390625,73.7158203125,76.3720703125
5.480519,28.6181640625,75.3271484375,75.3466796875
5.5265059,29.5947265625,76.6943359375,76.1279296875
5.5533526,30.5224609375,77.3779296875,77.0068359375
5.5900652,31.1572265625,78.0126953125,77.3974609375
5.6032155,31.8408203125,77.5244140625,75.7373046875
5.6485208,31.8896484375,78.1103515625,75.1513671875
5.6672931,31.5478515625,77.7197265625,74.2724609375
5.7050411,31.8408203125,78.6962890625,74.8583984375
5.7256731,31.1083984375,77.8662109375,74.2724609375
5.7688334,30.8154296875,78.0126953125,72.4658203125
5.7877331,30.4736328125,76.9384765625,69.8779296875
5.8245143,30.1318359375,76.9873046875,67.8271484375
5.8464908,29.1552734375,76.4990234375,66.2158203125
5.8884981,28.2763671875,75.5224609375,63.6767578125
5.9037459,27.2998046875,74.3017578125,62.3583984375
5.9394852,26.7626953125,74.3017578125,60.0634765625
5.9809013,26.8115234375,73.3740234375,58.4521484375
5.999842,26.7138671875,72.9345703125,56.7919921875
6.0422767,24.9560546875,72.0556640625,54.6435546875
6.0553806,25.1025390625,70.3466796875,52.6904296875
6.0944149,24.5166015625,69.5166015625,50.5419921875
6.1167605,24.6630859375,68.9306640625,47.9541015625
6.1453391,23.4423828125,67.5146484375,45.8544921875
6.1881978,23.2470703125,66.5380859375,43.3154296875
6.2085219,22.6611328125,65.9521484375,40.9228515625
6.2490676,22.7099609375,65.0244140625,40.0439453125
6.2706159,22.0751953125,65.5126953125,55.7177734375
6.3094176,21.9287109375,67.6611328125,67.3876953125
6.326478,21.9775390625,69.2236328125,70.8056640625
6.3593091,23.5888671875,69.7607421875,69.9755859375
6.4019542,26.8603515625,70.8349609375,68.1689453125
6.4198536,27.2998046875,71.6650390625,67.8759765625
6.4495905,27.4951171875,72.5439453125,68.9013671875
6.4886725,29.0087890625,73.0810546875,68.2177734375
6.5098602,29.7412109375,72.4462890625,66.1669921875
6.54064,30.0830078125,72.6904296875,64.2626953125
6.5809479,29.5458984375,73.1298828125,64.3603515625
6.6010194,29.5458984375,72.3974609375,64.2626953125
6.6296112,29.3994140625,72.3486328125,63.1396484375
6.6733342,28.8623046875,71.9091796875,61.1865234375
6.6934752,28.7646484375,71.3232421875,58.9404296875
6.7302565,27.8857421875,71.0791015625,56.1572265625
6.7478745,26.9091796875,70.2001953125,54.5947265625
6.7819186,26.0302734375,69.5166015625,52.0556640625
6.8101413,25.0048828125,68.7841796875,49.8583984375
6.8439272,25.4931640625,67.7587890625,47.9541015625
6.8804859,24.3212890625,67.5146484375,46.4892578125
6.8998277,23.7353515625,66.1474609375,43.9013671875
6.9296621,23.6376953125,64.4384765625,41.9482421875
6.9621186,22.8076171875,64.4873046875,39.2626953125
6.9891601,22.3193359375,62.3876953125,36.6748046875
7.0228306,21.4404296875,61.1669921875,35.2099609375
7.0506506,21.4404296875,60.5322265625,33.8916015625
7.0786442,20.1708984375,59.2626953125,30.4248046875
7.1122905,20.3173828125,58.0419921875,28.1787109375
7.1424516,19.7314453125,57.2607421875,25.4443359375
7.17414,19.1943359375,57.0166015625,29.7900390625
7.2034668,18.5107421875,58.5791015625,47.8564453125
7.2318403,18.1689453125,60.5810546875,56.4013671875
7.2605017,18.4130859375,61.5576171875,57.1337890625
7.2923758,20.7568359375,62.5341796875,55.1806640625
7.3239704,23.4912109375,63.9013671875,53.1298828125
7.3539467,24.6142578125,64.3408203125,51.6162109375
7.3842476,24.5654296875,64.4384765625,51.9091796875
7.4207211,24.9560546875,64.7802734375,49.2236328125
7.4440742,25.0048828125,64.7314453125,48.6376953125
7.4719589,25.5419921875,64.1943359375,47.2216796875
7.5014895,25.2001953125,64.5361328125,47.6611328125
7.5351097,24.6630859375,64.4873046875,47.1240234375
7.565397,24.7607421875,64.7314453125,45.5615234375
7.5965784,24.1748046875,64.2919921875,43.3154296875
7.6259192,24.1259765625,63.3154296875,41.2646484375
7.6528903,23.1494140625,63.7060546875,38.6279296875
7.6855973,22.6611328125,62.7294921875,36.2841796875
7.7137598,21.6845703125,62.4853515625,34.3310546875
7.7444526,20.8056640625,61.8017578125,32.4267578125
7.7771581,20.9033203125,60.5810546875,31.1083984375
7.8056508,20.7080078125,60.1416015625,28.6669921875
7.8315089,20.2197265625,59.8486328125,27.7392578125
7.8840077,19.3408203125,58.4814453125,25.6884765625
7.9042659,19.1943359375,58.4814453125,24.0283203125
7.9431635,18.2177734375,57.0654296875,21.7333984375
7.9563053,18.3642578125,55.6982421875,19.2919921875
7.985316,18.1201171875,55.4541015625,17.3876953125
8.017844,16.7041015625,56.7236328125,28.0322265625
8.064117,16.1669921875,58.0419921875,42.4853515625
8.0842078,15.9716796875,59.3603515625,47.8564453125
8.1235816,17.0458984375,60.4833984375,47.2216796875
8.1434726,20.5126953125,60.2880859375,44.5361328125
8.1663581,21.5869140625,61.0205078125,43.0224609375
8.1995435,21.5869140625,61.8994140625,42.1435546875
8.2433681,22.1728515625,61.1669921875,38.9697265625
8.2647017,23.0029296875,61.4111328125,37.6025390625
8.3034298,23.0517578125,61.2646484375,38.2373046875
8.3247799,23.2470703125,61.6552734375,39.0673828125
8.3444458,23.0517578125,61.6064453125,39.2138671875
8.3809269,22.7587890625,61.3134765625,37.6513671875
8.4068051,23.3935546875,60.6298828125,35.4052734375
8.442467,23.4423828125,60.0439453125,33.8427734375
8.5013695,23.3447265625,59.4091796875,31.7431640625
8.5020685,22.3681640625,59.0673828125,28.8623046875
8.5310847,22.0263671875,58.3837890625,26.6162109375
8.5773004,21.3427734375,58.3349609375,24.8583984375
8.598666,20.8544921875,57.2119140625,23.3447265625
8.6354403,21.0498046875,56.4306640625,22.1728515625
8.6556942,21.1962890625,55.7958984375,20.2197265625
8.6934485,20.2685546875,54.8193359375,18.6083984375
8.7133541,20.1220703125,54.1845703125,16.5576171875
8.7547269,20.0244140625,52.8662109375,14.8974609375
8.7752105,19.8291015625,52.8173828125,13.6767578125
8.814186,19.1943359375,54.0869140625,28.6181640625
8.8338215,19.1455078125,55.7958984375,42.1435546875
8.8761309,18.1201171875,57.3095703125,45.9521484375
8.8961927,19.2919921875,58.6767578125,45.7568359375
8.933672,22.4169921875,59.4580078125,43.8525390625
8.9547289,24.3701171875,60.7763671875,43.5107421875
8.9957855,24.6142578125,61.6552734375,44.5849609375
9.0159137,25.3466796875,61.7529296875,44.3408203125
9.0533439,26.2255859375,62.0458984375,42.0458984375
9.0758501,27.1533203125,61.9482421875,41.0205078125
9.1122945,26.7626953125,61.8505859375,41.2646484375
9.1323904,27.2021484375,61.2646484375,41.8505859375
9.1766558,26.2255859375,61.7041015625,40.0439453125
9.1974537,25.6396484375,61.8505859375,39.0185546875
9.2377168,25.9326171875,61.3134765625,37.3095703125
9.2599165,26.1767578125,61.9482421875,34.6240234375
9.295285,25.2490234375,61.1181640625,32.8662109375
9.3174734,24.5654296875,60.6787109375,30.7177734375
9.3536629,23.8330078125,60.1904296875,29.6435546875
9.3762396,24.0283203125,59.4580078125,27.2998046875
9.4142674,23.9306640625,58.6767578125,25.2978515625
9.4343511,23.8330078125,58.4326171875,24.6630859375
9.4777112,23.2470703125,57.3095703125,22.7099609375
9.497995,22.7099609375,57.2119140625,21.3427734375
9.5473606,22.1240234375,56.0888671875,19.2919921875
9.5664698,22.4169921875,55.2587890625,16.7529296875
9.6033353,21.4892578125,54.5263671875,14.2138671875
9.6154807,21.0986328125,55.5029296875,22.4658203125
9.6618163,20.7080078125,57.3583984375,41.1181640625
9.6832685,20.3173828125,59.5556640625,48.5400390625
9.719249,20.0244140625,60.7763671875,49.1259765625
9.7395316,22.4169921875,61.8994140625,47.8076171875
9.7821478,25.1513671875,62.8271484375,46.8310546875
9.8017017,26.1279296875,64.2919921875,47.2216796875
9.839874,26.4208984375,65.7568359375,48.4423828125
9.8608486,27.7392578125,65.5126953125,47.3681640625
9.9026668,27.4951171875,65.0732421875,45.7080078125
9.9232422,28.2275390625,65.3662109375,45.0732421875
9.9687217,28.8134765625,65.9521484375,45.1220703125
9.9892193,28.2763671875,65.9033203125,45.0732421875
10.0057141,27.8857421875,65.3173828125,44.0478515625
10.053533,27.9833984375,65.5126953125,42.1923828125
10.0756575,27.8857421875,65.1708984375,40.2880859375
10.1138499,27.5927734375,64.6337890625,38.2861328125
10.1342408,26.5673828125,64.0966796875,35.8447265625
10.1691297,25.7373046875,64.0966796875,34.7216796875
10.1895545,25.2978515625,63.7060546875,32.0361328125
10.2345627,25.2001953125,62.9248046875,30.5224609375
10.2548979,24.0771484375,62.0947265625,28.7646484375
10.2962065,24.4189453125,61.6552734375,27.7392578125
10.3177064,23.8330078125,60.6298828125,25.3466796875
10.3552987,22.7587890625,60.0927734375,23.3447265625
10.3753037,22.1728515625,59.1650390625,21.4404296875
10.4133305,22.2216796875,58.4326171875,18.7060546875
10.4349723,21.8798828125,57.4560546875,16.1181640625
10.4756417,21.1474609375,57.2119140625,15.8740234375
10.4974898,20.0244140625,59.1162109375,32.4755859375
10.5342314,20.3662109375,60.7763671875,46.0009765625
10.5566191,19.9755859375,63.4130859375,49.7607421875
10.5954007,20.5615234375,63.6083984375,48.4912109375
10.6167106,22.7587890625,64.6826171875,47.5146484375
10.6608073,24.7119140625,66.1474609375,46.2451171875
10.6808573,25.7861328125,67.2705078125,46.8310546875
10.7171017,25.6884765625,67.2216796875,45.8544921875
10.7362499,25.9814453125,67.6123046875,43.4619140625
10.7717831,26.6162109375,67.0263671875,42.7294921875
10.7919949,27.3486328125,67.4169921875,43.1201171875
10.8332032,26.7138671875,67.7587890625,42.9248046875
10.8533286,26.1767578125,67.5634765625,41.8017578125
10.893624,26.6650390625,67.0751953125,40.7763671875
10.9150128,26.1279296875,67.3681640625,38.0419921875
10.9423009,25.9326171875,66.9287109375,35.7958984375
10.9883641,25.2001953125,66.4404296875,32.7197265625
10.999555,24.0283203125,66.0009765625,31.1572265625
11.0641774,23.7841796875,65.5615234375,29.7900390625
11.0651124,22.9541015625,65.0244140625,27.5927734375
11.1119735,22.7587890625,64.7802734375,26.1279296875
11.13211,22.5146484375,63.8525390625,24.5654296875
11.1510178,22.1728515625,63.2177734375,22.2705078125
11.1937913,21.6845703125,62.5341796875,20.3173828125
11.2138605,20.8056640625,61.4599609375,17.6318359375
11.2568259,20.0732421875,60.6298828125,15.5322265625
11.2781546,20.1220703125,60.4833984375,13.7255859375
11.318565,19.4873046875,60.6787109375,15.6298828125
11.3320779,19.3408203125,61.8505859375,34.2333984375
11.364083,18.3154296875,63.6572265625,43.6572265625
11.4046256,17.6318359375,64.8291015625,45.9033203125
11.4246097,18.6572265625,65.4638671875,43.0712890625
11.4709679,21.2939453125,65.6103515625,40.8251953125
11.4820772,21.8310546875,66.4892578125,39.9951171875
11.5334915,22.6123046875,67.2216796875,38.2373046875
11.5532616,22.5634765625,66.7822265625,35.2587890625
11.5875958,23.7841796875,66.7333984375,35.6494140625
11.6060096,23.5888671875,66.3427734375,35.6005859375
11.6358542,23.9794921875,66.9775390625,36.7724609375
11.6766763,23.9794921875,66.8798828125,35.9912109375
11.6990311,23.5888671875,66.5869140625,35.1123046875
11.7270492,24.0771484375,66.4404296875,32.2802734375
11.7545556,24.0283203125,65.6103515625,30.1318359375
11.7885034,23.0029296875,64.9755859375,27.8857421875
11.8144952,22.9052734375,65.2685546875,25.2978515625
11.8493659,22.4169921875,63.7548828125,23.9306640625
11.8783211,21.9775390625,63.6572265625,22.5146484375
11.9050524,21.1962890625,63.1201171875,21.0498046875
11.9393562,21.7333984375,62.8271484375,19.6337890625
11.9689076,21.1962890625,61.5576171875,18.3154296875
12.0090643,21.1474609375,60.7275390625,15.9228515625
12.0300022,20.4638671875,60.1416015625,13.6279296875
12.0564934,20.6103515625,60.4833984375,12.5048828125
12.0853617,20.3173828125,60.9716796875,24.8583984375
12.1196435,19.9267578125,63.0712890625,39.3115234375
12.1482813,19.7314453125,63.9990234375,44.6826171875
12.1810733,18.9990234375,65.4150390625,44.7802734375
12.2100467,21.1474609375,66.2939453125,42.9736328125
12.2363925,23.0029296875,67.8564453125,42.1923828125
12.2711244,24.2724609375,67.8564453125,42.4365234375
12.2979341,24.6630859375,69.1259765625,41.7041015625
12.3266167,25.3955078125,68.4912109375,39.1162109375
12.3593938,26.5673828125,68.3447265625,39.6533203125
12.3903248,26.8115234375,69.0283203125,39.0185546875
12.4182174,27.1044921875,69.4189453125,39.6533203125
12.4502077,26.5673828125,68.5888671875,39.2138671875
12.480341,26.2744140625,68.6865234375,37.6025390625
12.5131114,27.0068359375,67.7587890625,35.3076171875
12.5412048,26.2255859375,67.8564453125,32.8173828125
12.5703811,26.2744140625,67.6611328125,30.8154296875
12.6000929,25.4443359375,67.2705078125,28.4716796875
12.631226,24.4677734375,66.4404296875,27.4951171875
12.6593404,24.0283203125,66.3427734375,25.6884765625
12.6924743,23.8818359375,65.3173828125,24.1259765625
12.7220894,24.1259765625,64.9755859375,22.3681640625
12.7506871,23.3935546875,63.8037109375,21.1962890625
12.7830611,22.9052734375,63.1201171875,18.8037109375
12.811899,22.5634765625,62.9736328125,16.3134765625
12.842737,21.7822265625,61.3623046875,14.3603515625
12.8723456,22.5146484375,62.0947265625,18.3642578125
12.9010574,21.7333984375,64.2919921875,36.6259765625
12.9299961,20.7568359375,66.8798828125,47.2216796875
12.9638879,21.0009765625,68.0517578125,49.3212890625
12.9909419,21.7822265625,69.0771484375,47.9052734375
13.0387618,23.7841796875,70.2001953125,47.7587890625
13.0601247,26.1767578125,71.6162109375,48.0517578125
13.0824892,27.0556640625,72.3974609375,49.8583984375
13.1138285,27.4462890625,72.3974609375,49.0771484375
13.142375,28.6669921875,73.8134765625,46.8310546875
13.1753423,29.2529296875,72.9833984375,46.6357421875
13.2217274,29.6435546875,73.0810546875,45.9033203125
13.2438437,28.6669921875,73.6669921875,46.2939453125
13.2610418,29.2041015625,74.3505859375,44.8291015625
13.2937578,28.2763671875,73.5205078125,44.1455078125
13.3222057,28.9599609375,73.0810546875,41.3134765625
13.3722057,28.8623046875,72.9345703125,38.9697265625
13.3921992,27.9833984375,72.7880859375,38.1396484375
13.4117873,27.1044921875,72.2998046875,35.5029296875
13.4454703,26.3232421875,72.1044921875,34.3310546875
13.4741321,26.1279296875,71.3232421875,31.7919921875
13.5022643,25.7861328125,70.2978515625,29.9365234375
13.5527267,25.1025390625,69.9560546875,28.7158203125
13.5723411,25.0537109375,69.5166015625,27.0556640625
13.5924817,24.6142578125,69.3701171875,25.2490234375
13.643018,24.2236328125,68.1982421875,22.8564453125
13.6631274,23.9794921875,67.0263671875,20.9033203125
13.7046081,23.4423828125,66.6357421875,18.0224609375
13.7254259,22.8564453125,66.4892578125,17.4853515625
13.7622634,22.3681640625,67.5146484375,33.1103515625
13.7824626,21.9775390625,70.1025390625,47.3681640625
13.8066034,21.4892578125,71.7626953125,52.5439453125
13.8345646,21.9287109375,72.6416015625,52.1044921875
13.8853609,22.0263671875,74.3017578125,50.9326171875
13.9053814,25.1025390625,74.8876953125,50.4443359375
13.9405218,26.8115234375,76.4013671875,50.7373046875
13.9615653,27.3486328125,76.6943359375,51.8115234375
13.9864466,28.4228515625,76.6943359375,50.1513671875
14.0164252,28.8623046875,76.7919921875,48.0029296875
14.0615766,30.1806640625,77.5732421875,48.2958984375
14.0839092,29.6923828125,77.8662109375,48.2470703125
14.1251158,29.6435546875,77.7197265625,47.6123046875
14.1550536,29.3505859375,77.0361328125,45.5126953125
14.1670331,29.1552734375,77.1337890625,43.7060546875
14.2160083,28.9111328125,76.8896484375,42.0947265625
14.2362213,28.7646484375,76.8408203125,40.0439453125
14.2806403,27.4462890625,75.8154296875,38.1884765625
14.2888918,27.1044921875,75.7177734375,36.5771484375
14.3323159,25.7373046875,75.3759765625,34.6728515625
14.3533212,24.9560546875,74.9853515625,33.5009765625
14.3931785,25.4443359375,73.7158203125,31.8896484375
14.4141425,24.7607421875,73.2763671875,29.8388671875
14.4686855,23.8330078125,72.4462890625,28.2275390625
14.4979654,23.4912109375,71.7138671875,26.2744140625
14.498989,23.2958984375,70.8837890625,24.0771484375
14.5465515,22.6123046875,69.9560546875,22.2705078125
14.5688137,22.4169921875,69.0283203125,18.9501953125
14.6056685,21.4892578125,69.4189453125,20.2197265625
14.6267091,21.0986328125,70.9814453125,37.1142578125
14.6494259,20.3173828125,72.8369140625,48.6865234375
14.677874,20.3662109375,74.2041015625,51.4697265625
14.7133569,19.7802734375,74.9365234375,50.0048828125
14.740513,21.4892578125,76.0107421875,47.7587890625
14.7847855,24.0283203125,77.2314453125,47.2705078125
14.8047043,24.9072265625,77.1826171875,48.3447265625
14.829841,25.2001953125,77.8173828125,46.2939453125
14.863867,25.1025390625,76.9384765625,44.1943359375
14.909798,26.0791015625,77.9150390625,43.9990234375
14.9311222,26.5185546875,77.4267578125,44.6826171875
14.9698645,26.6650390625,78.2568359375,44.9267578125
15.0018877,25.4931640625,77.1337890625,44.2431640625
15.0101542,26.0791015625,76.7919921875,41.9970703125
15.0427461,25.8837890625,76.7919921875,40.0927734375
15.0727603,26.1279296875,76.2548828125,37.9443359375
15.1197224,25.0537109375,76.1572265625,36.3818359375
15.1399458,24.5166015625,75.9619140625,34.7216796875
15.1780688,23.3935546875,74.7900390625,33.0615234375
15.1982031,22.5634765625,74.2041015625,31.4501953125
15.2516267,22.1240234375,73.8134765625,30.6689453125
15.2529514,22.4658203125,72.7880859375,30.2783203125
15.2833699,21.8798828125,71.8603515625,28.1787109375
15.314162,21.4892578125,71.0791015625,26.7626953125
15.3433133,21.1474609375,70.7373046875,24.9560546875
15.3742957,20.9521484375,70.0048828125,22.1240234375
15.4079833,20.1708984375,70.6396484375,27.7880859375
15.4508758,20.1708984375,72.4951171875,43.8525390625
15.471798,19.9267578125,74.2041015625,51.2255859375
15.495775,18.9013671875,74.8388671875,52.2998046875
15.5268757,19.1943359375,75.4736328125,50.9326171875
15.5721792,20.9521484375,76.3525390625,49.2236328125
15.5928457,23.6376953125,77.3291015625,49.1259765625
15.6328046,25.2490234375,77.4267578125,48.3447265625
15.6533689,25.5419921875,77.6220703125,46.9775390625
15.6941799,25.6884765625,77.0361328125,46.7333984375
15.7071461,26.0302734375,77.5244140625,46.6357421875
15.7365185,26.7626953125,77.3291015625,47.6611328125
15.7622474,26.9091796875,76.8896484375,47.3681640625
15.7964894,25.9326171875,77.0361328125,45.4150390625
15.8257011,26.3720703125,76.8896484375,44.0966796875
15.8593617,26.4697265625,76.3525390625,42.4365234375
15.9056164,26.1279296875,75.9619140625,39.4580078125
15.9264111,25.5419921875,75.7177734375,39.6533203125
15.9657511,25.2490234375,74.7412109375,37.7001953125
15.9845918,24.2236328125,73.7158203125,36.2841796875
16.0103511,23.3935546875,72.3974609375,35.0634765625
16.0389618,23.1494140625,72.4462890625,33.7451171875
16.0670209,23.1005859375,71.4208984375,32.4755859375
16.1117145,22.5634765625,70.2490234375,31.4501953125
16.1328211,22.3681640625,69.9560546875,28.5205078125
16.1559404,21.8310546875,70.0537109375,27.6904296875
16.1898307,21.4404296875,69.0283203125,27.5927734375
16.2348696,22.1728515625,71.1767578125,42.2412109375
16.256655,21.3427734375,73.0322265625,53.6181640625
16.2807285,21.0986328125,74.8876953125,58.7451171875
16.3082368,20.9521484375,75.8642578125,58.4521484375
16.3434007,21.5380859375,76.8896484375,57.5244140625
16.3691282,24.1259765625,78.9404296875,57.8173828125
16.4001114,26.4208984375,79.1357421875,59.4287109375
16.4339624,26.5185546875,79.4775390625,60.0634765625
16.4800649,27.8369140625,79.4287109375,58.6474609375
16.4897815,28.5205078125,80.7470703125,57.2314453125
16.5222237,29.1552734375,80.6494140625,57.5732421875
16.5777549,29.7900390625,80.0146484375,57.9638671875
16.57875,29.4482421875,80.1611328125,57.9638671875
16.6142478,29.0087890625,80.2587890625,57.5244140625
16.6565669,28.8623046875,79.8681640625,55.7177734375
16.6674611,28.6181640625,79.4775390625,54.6435546875
16.7035486,28.5205078125,79.2333984375,52.4462890625
16.7314043,27.2998046875,78.6474609375,50.9814453125
16.7663679,27.0068359375,77.5732421875,50.0048828125
16.8101687,26.2744140625,77.7197265625,49.0771484375
16.8211865,26.0302734375,77.5244140625,46.8310546875
16.8561118,25.7373046875,75.7666015625,45.8056640625
16.8825509,25.1513671875,75.2783203125,44.0966796875
16.9107726,25.0048828125,74.8388671875,42.2412109375
16.9451842,24.8583984375,73.7158203125,40.9228515625
16.9730151,24.0771484375,73.3740234375,39.2626953125
17.0031996,23.2470703125,71.5673828125,36.7724609375
17.0350418,23.2958984375,71.3232421875,34.5751953125
17.065083,22.1728515625,71.8115234375,34.6240234375
17.0928086,21.8798828125,72.3486328125,50.6396484375
17.1246297,21.6357421875,74.8388671875,63.2861328125
17.1538301,20.8544921875,76.5966796875,68.3154296875
17.1866539,21.0986328125,76.8896484375,67.8271484375
17.2161505,21.7822265625,79.1357421875,67.2412109375
17.2436414,23.6376953125,79.7705078125,67.5830078125
17.274508,25.9814453125,80.8935546875,69.3408203125
17.3051741,27.2998046875,80.7958984375,70.1708984375
17.3377919,27.7392578125,81.0400390625,68.7548828125
17.3666442,28.7646484375,80.9423828125,67.3876953125
17.3944549,29.1552734375,81.6259765625,67.4853515625
17.4280681,29.5947265625,81.8212890625,68.1689453125
17.456956,29.4482421875,81.4306640625,67.3876953125
17.4848192,29.5947265625,81.7236328125,65.6787109375
17.5150793,28.7158203125,80.5517578125,64.7509765625
17.5484649,28.8134765625,80.8447265625,62.6025390625
17.5759963,28.1787109375,80.0146484375,60.6494140625
17.6070524,27.6904296875,79.7216796875,59.6240234375
17.6355228,27.2509765625,78.9892578125,57.8173828125
17.6664085,26.0302734375,78.4521484375,56.5478515625
17.6967577,25.2978515625,77.8173828125,54.6923828125
17.7274807,25.0537109375,77.0361328125,53.2275390625
17.7615383,24.9560546875,76.0595703125,51.5185546875
17.7874458,24.4677734375,75.5712890625,49.2236328125
17.8171373,23.4912109375,74.6923828125,46.5869140625
17.850069,23.1982421875,73.9111328125,45.2197265625
17.8791723,22.7587890625,72.7392578125,43.0712890625
17.9059294,22.1728515625,72.3974609375,40.7763671875
17.9405913,21.7822265625,71.1767578125,38.6279296875
17.9682754,21.0498046875,70.4443359375,36.7724609375
17.9973988,20.7080078125,71.2255859375,45.9521484375
18.0286166,20.4150390625,73.0322265625,63.2373046875
18.0585642,19.2919921875,74.8388671875,70.1220703125
18.0873223,18.9501953125,75.6201171875,70.1708984375
18.1208627,18.9501953125,76.4990234375,68.5595703125
18.1483956,19.7802734375,77.6708984375,67.3876953125
18.1814676,22.7099609375,78.2568359375,67.9736328125
18.2088352,24.4189453125,79.0380859375,68.2177734375
18.2397488,25.1513671875,78.7939453125,66.8017578125
18.2705715,25.5908203125,79.1845703125,65.8740234375
18.299021,26.2255859375,78.7939453125,65.4833984375
18.3282673,26.2255859375,78.6962890625,65.0439453125
18.3626612,26.2255859375,78.6474609375,64.8974609375
18.3962869,25.7861328125,78.5009765625,63.2373046875
18.4177387,25.9326171875,78.0126953125,61.8701171875
18.4514917,26.1279296875,77.5244140625,59.6728515625
18.4813411,24.7607421875,76.9873046875,57.6220703125
18.5081501,24.8095703125,76.7919921875,55.6201171875
18.5407655,23.7841796875,76.1572265625,53.4716796875
18.5693144,22.4658203125,75.4248046875,51.5673828125
18.6212035,22.5634765625,74.4482421875,50.7373046875
18.6401509,21.5869140625,74.1064453125,48.9794921875
18.6601529,21.0986328125,73.4228515625,47.4658203125
18.6935623,20.8056640625,72.9833984375,46.1474609375
18.720735,21.0498046875,71.6650390625,43.9990234375
18.7546406,20.0732421875,70.1513671875,41.8505859375
18.7838671,19.2919921875,69.3701171875,38.6767578125
18.8118749,19.1943359375,69.2236328125,36.6259765625
18.8399876,19.0966796875,70.1025390625,44.7314453125
18.872842,18.3642578125,71.7626953125,61.7236328125
18.9043653,18.1689453125,72.6416015625,67.8271484375
18.9504823,18.0224609375,73.1787109375,68.4130859375
18.9705895,16.7529296875,73.9599609375,66.1669921875
18.9915919,17.9736328125,74.3017578125,64.4580078125
19.0269331,20.5615234375,74.9365234375,64.5556640625
19.0522376,22.1240234375,74.4482421875,62.4560546875
19.0838696,22.2216796875,74.3505859375,60.9912109375
19.1139953,22.6611328125,74.3505859375,60.4541015625
19.1435868,23.3935546875,74.7412109375,61.7236328125
19.1768987,23.1494140625,74.3505859375,61.9189453125
19.2051314,23.5888671875,74.1064453125,60.8935546875
19.2327376,22.6611328125,74.0576171875,59.1845703125
19.2627454,22.3193359375,73.7158203125,56.4990234375
19.2971978,22.8564453125,72.7392578125,54.1552734375
19.323761,23.1982421875,72.1044921875,52.2998046875
19.3560587,22.8076171875,72.3486328125,50.4443359375
19.3876181,21.7333984375,71.4208984375,49.0283203125
19.4149484,21.1474609375,70.4443359375,47.1240234375
19.469345,20.0732421875,69.0771484375,45.5126953125
19.4908047,19.9755859375,68.5888671875,44.3896484375
19.5048544,20.1708984375,67.7587890625,43.2666015625
19.5373921,19.6826171875,66.8310546875,40.3857421875
19.5650834,19.3408203125,65.8544921875,38.1396484375
19.5978214,18.5595703125,66.3916015625,37.7978515625
19.6258025,18.5107421875,67.6123046875,51.8603515625
19.656811,18.4619140625,69.5654296875,64.6044921875
19.7044257,18.2666015625,71.2255859375,69.8291015625
19.7258238,17.9736328125,72.4951171875,69.6826171875
19.7511594,17.5830078125,73.3251953125,68.0712890625
19.7797344,18.9501953125,74.0087890625,67.2900390625
19.8086853,21.4404296875,75.6201171875,67.8271484375
19.8338654,22.9541015625,75.7666015625,68.7060546875
19.8826678,24.4189453125,75.0830078125,67.1435546875
19.9042512,25.2978515625,75.4736328125,65.9716796875
19.9470348,26.0791015625,75.2783203125,66.6064453125
19.967802,26.3232421875,76.1572265625,66.9482421875
19.9880385,26.8115234375,74.9365234375,65.6787109375
20.0206983,26.1767578125,75.5712890625,64.7021484375
20.0479661,25.8837890625,75.1318359375,62.0166015625
20.0786933,25.9814453125,74.5947265625,59.8681640625
20.111769,25.3955078125,74.5947265625,58.4521484375
20.1394578,25.7373046875,74.2529296875,56.8896484375
20.1872108,25.0048828125,73.5693359375,54.9365234375
20.1991785,23.6865234375,73.0810546875,52.6904296875
20.2296613,23.4912109375,72.5439453125,52.2509765625
20.2586197,22.5146484375,72.1044921875,50.3466796875
20.2897246,22.5146484375,70.4931640625,48.3447265625
20.316886,22.0751953125,69.2236328125,46.3916015625
20.3692231,21.6357421875,69.3701171875,43.9990234375
20.3884529,20.9521484375,68.1494140625,41.6064453125
20.4084187,20.9033203125,67.8564453125,41.0693359375
20.4402186,20.3173828125,69.5654296875,53.9111328125
20.4718918,20.2685546875,72.4951171875,68.8037109375
20.4987593,19.5361328125,73.8623046875,73.5888671875
20.5333677,19.2431640625,74.9853515625,73.4912109375
20.5615117,18.7060546875,76.1572265625,72.8564453125
20.5951675,19.3896484375,77.4755859375,72.7587890625
20.6230739,22.1240234375,78.4033203125,74.0283203125
20.6517721,24.5166015625,78.8427734375,74.7119140625
20.6801745,24.8095703125,79.1845703125,73.1982421875
20.7120091,25.7373046875,79.1845703125,72.5634765625
20.7408116,26.4208984375,79.4775390625,72.5146484375
20.7738019,27.2509765625,80.0634765625,72.8564453125
20.8037131,27.5927734375,79.9658203125,71.9287109375
20.8294238,27.4951171875,79.8193359375,71.5869140625
20.8650865,26.5185546875,79.6728515625,68.9013671875
20.891865,26.7626953125,78.8427734375,67.5830078125
20.9214847,26.2255859375,78.7939453125,66.2646484375
20.9538988,25.9814453125,78.5009765625,64.0673828125
20.982295,25.8837890625,77.8662109375,62.8955078125
21.0165023,25.0048828125,76.9873046875,61.2841796875
21.046073,24.2236328125,76.7919921875,59.2822265625
21.0740212,23.3447265625,75.9619140625,58.2568359375
21.1063202,23.4423828125,75.3271484375,55.9619140625
21.1340761,23.0029296875,74.4970703125,54.4482421875
21.162904,22.7587890625,74.0576171875,53.3251953125
21.1969479,22.2705078125,73.4716796875,50.5419921875
21.2258154,21.3427734375,72.0556640625,48.3935546875
21.2528568,21.0498046875,71.4697265625,45.8056640625
21.2902914,21.2939453125,72.8369140625,50.7861328125
21.3158065,19.8291015625,74.2529296875,67.0458984375
21.3425494,19.6337890625,75.6689453125,75.7861328125
21.3769629,19.5361328125,76.7431640625,78.9599609375
21.4047454,18.7060546875,78.1103515625,77.0556640625
21.4427878,18.9013671875,79.7216796875,76.6650390625
21.4659609,20.0732421875,80.5029296875,77.4462890625
21.4937775,22.5146484375,80.7958984375,77.7880859375
21.5263721,23.8818359375,80.9912109375,75.8349609375
21.5570662,25.0537109375,81.0400390625,74.8095703125
21.5882672,25.1025390625,81.4306640625,74.2236328125
21.6175616,25.8349609375,81.6259765625,73.9306640625
21.6475935,26.7138671875,81.1865234375,73.7353515625
21.6794707,26.1767578125,81.5283203125,72.9541015625
21.7095662,26.0791015625,81.0400390625,70.9033203125
21.7367514,26.1279296875,80.2587890625,68.8037109375
21.7755306,26.0791015625,80.3564453125,66.4599609375
21.7967847,25.6884765625,80.2587890625,65.5322265625
21.8289071,24.9560546875,79.0380859375,62.7001953125
21.8591202,24.4677734375,78.7451171875,62.2607421875
21.8883458,23.3447265625,78.0126953125,59.8681640625
21.9250556,22.2705078125,77.4267578125,59.0869140625
21.9511025,22.5634765625,77.0849609375,56.4501953125
21.9784196,22.2705078125,75.9130859375,55.4736328125
22.0098629,21.6845703125,75.2783203125,53.4716796875
22.0391368,21.4892578125,73.7646484375,51.3720703125
22.0687899,20.6103515625,72.7880859375,48.3935546875
22.1076182,20.2685546875,72.2021484375,46.0009765625
22.1286978,19.8291015625,72.3974609375,46.4404296875
22.1578347,19.3896484375,74.5458984375,63.2861328125
22.1936504,19.1455078125,76.1572265625,73.5400390625
22.2208671,18.0712890625,76.6455078125,76.1279296875
22.2558343,18.2666015625,77.8662109375,73.9306640625
22.2806102,17.2900390625,78.5009765625,71.7333984375
22.3095452,18.2177734375,79.1357421875,70.8056640625
22.3475177,20.5615234375,79.3310546875,70.8056640625
22.3723457,22.1240234375,79.2822265625,68.6083984375
22.3996751,22.2216796875,78.9404296875,67.9736328125
22.432324,22.9052734375,79.5263671875,67.6806640625
22.4635284,22.8564453125,79.1845703125,68.4130859375
22.490164,23.4912109375,78.6962890625,68.0224609375
22.522516,23.6865234375,78.6962890625,66.4599609375
22.5525721,22.6611328125,78.1103515625,64.2138671875
22.580506,23.1005859375,77.8662109375,62.4072265625
22.6126066,23.1494140625,76.8896484375,60.5517578125
22.6423388,22.9541015625,76.5478515625,58.6474609375
22.6741668,23.0029296875,76.0595703125,57.3779296875
22.701894,21.8798828125,75.1318359375,55.2294921875
22.7334375,20.9521484375,74.6923828125,54.6435546875
22.7614753,20.6591796875,73.9111328125,52.9833984375
22.7968036,20.3173828125,72.9833984375,51.5185546875
22.8214315,19.7314453125,72.3486328125,49.2724609375
22.8716625,19.9755859375,71.4208984375,47.7587890625
22.8830864,19.4384765625,70.7861328125,45.2197265625
22.9138247,18.7060546875,70.8837890625,46.3916015625
22.9464676,18.3642578125,72.8857421875,60.7958984375
22.9739777,18.4619140625,74.4482421875,71.2451171875
23.0014087,17.8759765625,74.7412109375,74.3212890625
23.0391539,16.9482421875,76.1083984375,72.9052734375
23.0642774,16.8017578125,76.7919921875,70.8544921875
23.0975169,17.9248046875,77.6220703125,71.0498046875
23.1263234,20.3662109375,77.7685546875,71.0009765625
23.1542064,22.3193359375,78.2568359375,70.6591796875
23.1864943,23.0029296875,78.2080078125,68.1689453125
23.2148781,23.1494140625,77.6708984375,69.2919921875
23.2526082,24.1259765625,78.1591796875,69.3408203125
23.2780087,24.8583984375,77.9638671875,69.1943359375
23.3262728,24.8095703125,77.8173828125,67.9736328125
23.3323946,24.9560546875,77.3779296875,65.4833984375
23.3675468,24.1748046875,77.0849609375,64.6533203125
23.3954788,24.0771484375,76.9384765625,62.2607421875
23.4332773,24.4189453125,76.0595703125,61.2841796875
23.4563756,24.3212890625,75.1318359375,58.8427734375
23.4874465,23.7841796875,75.2783203125,56.6455078125
23.519547,23.1982421875,74.7900390625,55.3759765625
23.5464656,22.5146484375,73.3740234375,54.0087890625
23.58508,21.9287109375,73.0810546875,53.2275390625
23.6101926,21.2451171875,72.2021484375,50.7373046875
23.6366504,20.6103515625,71.0791015625,48.4423828125
23.6748446,20.8056640625,70.7861328125,46.4404296875
23.6977538,20.8056640625,70.4443359375,44.5849609375
23.7291079,19.7802734375,72.4462890625,54.9853515625
23.7551414,19.5361328125,73.6181640625,70.0732421875
23.7926133,19.4873046875,75.2294921875,76.2255859375
23.8184097,18.8037109375,76.2060546875,76.7138671875
23.854079,18.6572265625,77.7685546875,76.0791015625
23.878797,18.9501953125,78.9404296875,75.5908203125
23.9157701,20.5126953125,79.7216796875,77.4462890625
23.9393967,22.4169921875,80.4541015625,78.1298828125
23.9692766,23.5400390625,80.5029296875,77.5439453125
23.9989338,24.6142578125,80.4541015625,75.0537109375
24.0339433,25.5419921875,80.8447265625,75.0537109375
24.0607966,25.5419921875,80.6494140625,75.0537109375
24.0922035,26.3232421875,81.2841796875,74.8095703125
24.1213762,26.6162109375,80.8447265625,73.5888671875
24.1493079,26.8603515625,80.4541015625,72.9052734375
24.1851456,26.2255859375,80.1123046875,70.0244140625
24.2130765,25.9326171875,79.4775390625,68.2177734375
24.23994,26.1767578125,79.1357421875,67.1923828125
24.2775754,25.6884765625,78.9892578125,65.5810546875
24.3006629,25.1025390625,77.8662109375,63.2861328125
24.3383401,24.0771484375,77.5244140625,62.6513671875
24.3629164,23.3935546875,76.4501953125,61.0400390625
24.39189,23.3447265625,76.1572265625,58.8916015625
24.419044,22.6123046875,75.1318359375,57.5244140625
24.4655908,22.4658203125,74.7900390625,55.0830078125
24.4810309,22.0263671875,73.9111328125,53.1787109375
24.5164402,21.3916015625,72.8369140625,51.0302734375
24.5418057,21.4404296875,72.3486328125,48.5400390625
24.5700907,20.4638671875,74.2529296875,57.2314453125
24.6083328,19.8779296875,75.3759765625,72.4658203125
24.6327385,19.2431640625,77.0361328125,79.5947265625
24.6623888,18.9013671875,78.0126953125,80.7177734375
24.6933794,17.9736328125,79.6728515625,79.5947265625
24.7233777,18.8037109375,80.4541015625,79.3505859375
24.7570372,19.0478515625,81.4794921875,80.6201171875
24.7850912,21.4892578125,82.0166015625,81.3037109375
24.8123086,23.8330078125,81.8701171875,80.3759765625
24.8416141,24.2236328125,81.5283203125,78.9111328125
24.8746721,25.4443359375,82.4560546875,77.9833984375
24.9037321,25.8349609375,82.4072265625,77.8857421875
24.9348686,26.1767578125,81.9677734375,77.6904296875
24.9635017,26.4208984375,81.9677734375,75.6884765625
24.9947896,26.5673828125,81.9677734375,74.1748046875
25.0255036,26.0791015625,81.0888671875,71.5380859375
25.054024,26.2255859375,80.6005859375,70.0244140625
25.082331,26.2744140625,79.7216796875,68.2666015625
25.1156712,25.2001953125,80.4052734375,66.0205078125
25.1444633,24.3212890625,79.1845703125,64.1162109375
25.1767346,23.6376953125,78.4521484375,61.9189453125
25.2077432,22.3681640625,77.9638671875,60.9423828125
25.2355327,21.9287109375,76.6455078125,58.4033203125
25.2690498,21.2939453125,75.9619140625,57.1337890625
25.2977795,20.5615234375,75.3271484375,55.1806640625
25.3243049,21.0498046875,74.5947265625,52.7880859375
25.3592325,20.2197265625,73.3740234375,49.8583984375
25.3857567,19.5849609375,72.9345703125,47.6123046875
25.4155644,18.9990234375,72.7392578125,46.6845703125
25.4487116,18.4619140625,74.0576171875,60.0634765625
25.4766731,18.1689453125,76.0595703125,72.7099609375
25.5063755,17.5341796875,76.0107421875,76.1279296875
25.5390401,16.7529296875,77.5732421875,75.3955078125
25.5678641,15.9716796875,78.6962890625,74.2236328125
25.598876,16.2646484375,78.9892578125,73.4912109375
25.6301987,17.8759765625,79.5751953125,73.9794921875
25.6578739,20.3662109375,79.9169921875,72.1728515625
25.6889011,21.2451171875,78.9892578125,70.4638671875
25.7189242,21.8798828125,80.0146484375,69.3896484375
25.7458977,22.4658203125,80.1123046875,69.5849609375
25.7801307,22.7099609375,79.8681640625,69.6826171875
25.8064231,23.0029296875,79.4287109375,68.5107421875
25.8413054,23.1005859375,78.6474609375,66.8017578125
25.8717854,22.6123046875,78.5986328125,64.4091796875
25.8996953,22.7099609375,78.5009765625,62.0654296875
25.9265492,22.7587890625,77.5732421875,59.8193359375
25.9605689,23.0029296875,77.0361328125,58.2080078125
25.9889502,22.4169921875,76.1083984375,56.7919921875
26.0228872,21.4404296875,76.1083984375,54.3994140625
26.0493179,21.0986328125,75.5712890625,53.4228515625
26.0777345,20.5615234375,74.1064453125,51.6162109375
26.109974,19.6337890625,73.7646484375,50.1513671875
26.1404427,19.3408203125,72.5927734375,49.0771484375
26.1686958,19.1943359375,71.9091796875,46.0498046875
26.2018417,18.4619140625,71.5673828125,44.0966796875
26.2293053,18.6572265625,72.4951171875,51.1279296875
26.2620738,17.7783203125,74.0087890625,66.2646484375
26.2996357,17.7783203125,74.8876953125,72.1728515625
26.3195728,17.0458984375,75.8154296875,72.1728515625
26.3525352,16.1669921875,76.5478515625,70.0732421875
26.3901458,15.4345703125,77.6708984375,68.8525390625
26.4109576,16.4111328125,77.3779296875,70.1708984375
26.4512236,18.1689453125,77.5732421875,69.1943359375
26.4709275,20.4638671875,77.1826171875,67.3876953125
26.5084472,21.6357421875,78.1103515625,66.1181640625
26.5325527,22.0263671875,78.0615234375,66.6064453125
26.5623236,22.8076171875,77.9150390625,67.1923828125
26.5981172,23.1005859375,77.4755859375,65.4833984375
26.6219353,23.5400390625,76.4990234375,64.3115234375
26.6500084,22.8564453125,76.3037109375,61.9189453125
26.684186,22.4169921875,75.7177734375,60.1611328125
26.713492,22.6123046875,75.2294921875,58.0126953125
26.7441732,23.1494140625,75.4736328125,55.7177734375
26.7817843,22.5634765625,74.4482421875,54.3994140625
26.8017958,22.2705078125,73.0322265625,51.5673828125
26.8398937,20.8544921875,72.4951171875,50.4931640625
26.8726901,20.8056640625,71.8603515625,49.2236328125
26.8929339,19.6337890625,70.9814453125,46.3427734375
26.9310091,19.9755859375,70.6396484375,44.3896484375
26.953722,19.3896484375,69.1748046875,42.3876953125
26.990406,18.7548828125,69.6142578125,40.9228515625
27.0156993,18.5107421875,70.4931640625,52.3974609375
27.0655496,18.6083984375,72.6416015625,66.6064453125
27.0714544,18.0712890625,73.6181640625,72.2216796875
27.1098612,17.9736328125,74.9853515625,72.6123046875
27.1327462,17.0947265625,76.4501953125,72.3681640625
27.1749373,16.8994140625,78.0615234375,73.2958984375
27.1974746,17.4365234375,77.8662109375,74.1748046875
27.2318867,19.3896484375,78.4521484375,74.6630859375
27.2593898,22.0263671875,78.8916015625,72.6611328125
27.2883084,22.6123046875,79.0869140625,71.5869140625
27.3172251,23.8330078125,78.9404296875,71.3916015625
27.3553732,23.9794921875,79.0869140625,71.6357421875
27.3783251,25.1513671875,79.2822265625,70.6103515625
27.4060196,25.3466796875,78.5009765625,69.5849609375
27.4453477,24.9560546875,78.3544921875,67.4365234375
27.4679882,24.7607421875,77.9638671875,65.7763671875
27.4945839,24.0771484375,77.8662109375,63.1396484375
27.5357381,24.2724609375,76.7919921875,60.7958984375
27.5587144,23.8330078125,76.7431640625,59.0380859375
27.5858254,23.5400390625,75.9619140625,57.1826171875
27.6261697,22.8076171875,74.8876953125,54.9853515625
27.6460551,21.8310546875,74.3505859375,53.0810546875
27.6853338,21.5869140625,73.9111328125,51.3232421875
27.70925,21.0986328125,72.9345703125,48.6865234375
27.7364414,20.9521484375,71.9091796875,47.0751953125
27.7749767,20.3173828125,71.2255859375,44.2431640625
27.7977749,19.1943359375,70.1513671875,41.5576171875
27.8357847,19.1943359375,69.4189453125,39.6044921875
27.8608756,19.1455078125,71.1767578125,46.3427734375
27.8880523,18.4130859375,73.0322265625,64.7021484375
27.9284126,17.7783203125,73.8623046875,72.2705078125
27.9504753,16.8994140625,75.9130859375,73.6865234375
27.9794205,16.8505859375,76.2060546875,72.6123046875
28.0200649,16.7041015625,77.5732421875,72.1240234375
28.0400472,16.5576171875,79.2822265625,72.7099609375
28.0752209,17.4365234375,79.2822265625,73.2470703125
28.1014771,20.4150390625,79.6728515625,72.0263671875
28.1311129,22.0751953125,79.3310546875,69.4384765625
28.167666,21.7822265625,79.0380859375,68.6083984375
28.1897939,23.5888671875,79.4775390625,68.6572265625
28.2275038,23.9794921875,79.3798828125,68.2177734375
28.2545349,24.7119140625,79.1357421875,67.0458984375
28.2815254,24.6142578125,79.0869140625,64.8486328125
28.3174947,24.6630859375,78.5498046875,63.0908203125
28.339721,24.0771484375,77.4267578125,60.3564453125
28.3770204,23.8330078125,77.5244140625,58.2080078125
28.4016172,23.5400390625,77.1826171875,55.2783203125
28.433063,23.5888671875,76.6943359375,53.2763671875
28.462997,22.8564453125,75.8154296875,51.6650390625
28.500335,21.3427734375,75.3759765625,50.0048828125
28.5232258,20.9521484375,74.9853515625,47.7587890625
28.5544379,20.2197265625,74.0087890625,45.4638671875
28.5807078,19.4384765625,72.3486328125,43.3154296875
28.6194246,19.4873046875,72.1533203125,40.5322265625
28.6413627,18.9501953125,70.6396484375,37.7001953125
28.6770227,18.6572265625,69.4677734375,35.2099609375
28.7046628,18.1201171875,69.6142578125,32.7685546875
28.7437382,17.6806640625,70.2978515625,39.5556640625
28.7655818,17.3388671875,72.2021484375,58.1591796875
28.8020719,16.8505859375,73.4228515625,66.5576171875
28.822595,15.9716796875,73.7646484375,66.6064453125
28.8595414,15.9228515625,75.5224609375,64.8486328125
28.8852586,15.3857421875,76.4990234375,63.0419921875
28.9252833,15.0439453125,77.0849609375,63.1884765625
28.9452306,15.6787109375,76.8408203125,63.8720703125
28.9820532,18.4130859375,77.1826171875,61.9677734375
29.0083591,19.5361328125,76.3037109375,59.6728515625
29.0355885,20.1220703125,77.1337890625,59.1845703125
29.0733911,21.0009765625,77.4755859375,59.9169921875
29.0982268,21.0986328125,77.2314453125,58.6474609375
29.1390752,22.3193359375,76.3037109375,57.0361328125
29.158123,22.8076171875,76.7431640625,55.0830078125
29.1863143,22.5634765625,76.1572265625,52.7880859375
29.2214879,21.6845703125,75.4248046875,50.2490234375
29.245447,22.1240234375,74.5458984375,47.5146484375
29.2920843,21.2939453125,73.9111328125,45.3173828125
29.3076099,20.6591796875,73.8134765625,43.7060546875
29.3362189,20.1220703125,72.7880859375,42.0947265625
29.367827,18.8037109375,71.9091796875,40.5322265625
29.4046984,18.2177734375,71.7138671875,39.1650390625
29.4304835,17.8271484375,70.7861328125,37.2607421875
29.4565487,17.1435546875,69.5166015625,34.9658203125
29.4943501,16.8994140625,68.6376953125,32.6220703125
29.5146861,16.9482421875,68.3935546875,29.1064453125
29.5506552,16.9482421875,69.2724609375,35.4052734375
29.5810009,16.1181640625,70.4931640625,52.6416015625
29.6092868,15.7763671875,71.7138671875,60.1611328125
29.6478049,15.2392578125,72.7880859375,60.5517578125
29.669114,14.8974609375,73.8134765625,58.4033203125
29.7074833,14.1650390625,73.8623046875,56.0595703125
29.7291281,13.4326171875,74.1552734375,55.2294921875
29.7602058,15.0439453125,73.8134765625,54.1552734375
29.7907318,17.2412109375,73.5205078125,51.6162109375
29.8206548,18.5595703125,74.1064453125,51.1279296875
29.8502115,18.9990234375,73.9111328125,51.8115234375
29.8807992,19.1943359375,73.6181640625,52.0068359375
29.9092032,20.0244140625,72.9833984375,51.7138671875
29.9442241,20.2685546875,72.8857421875,49.9072265625
29.9677814,20.4150390625,72.0068359375,47.6123046875
30.0127465,19.7314453125,72.1533203125,45.1708984375
30.0302107,19.8291015625,71.3720703125,43.0224609375
30.0586411,20.0732421875,70.6396484375,41.1181640625
30.0968978,19.9267578125,70.4931640625,38.9208984375
30.1224483,19.8291015625,69.7119140625,37.8955078125
30.1520275,19.3408203125,68.7353515625,36.1865234375
30.1820115,18.5595703125,67.6611328125,34.8681640625
30.2098721,17.6806640625,67.6611328125,33.5986328125
30.2411502,17.5830078125,66.5380859375,30.9619140625
30.2694565,17.6806640625,66.7333984375,28.6669921875
30.3016952,17.0458984375,66.9287109375,32.1337890625
30.3340377,16.9970703125,68.5888671875,49.3212890625
30.3621313,16.5576171875,70.2978515625,58.6962890625
30.3926454,16.5087890625,70.9326171875,61.5283203125
30.4229439,16.7041015625,71.9091796875,60.0146484375
30.4532079,16.0693359375,73.4716796875,59.3798828125
30.4826813,15.9716796875,74.4482421875,59.0869140625
30.5148165,15.9716796875,74.8388671875,59.6240234375
30.5443633,17.7783203125,75.0341796875,59.0869140625
30.5730542,19.8779296875,74.5947265625,57.1337890625
30.6067574,21.1962890625,74.8388671875,57.4267578125
30.6364615,21.2451171875,75.1806640625,57.7685546875
30.6630208,22.4169921875,74.5947265625,57.4755859375
30.6964477,22.7099609375,75.2783203125,56.7919921875
30.7247935,23.4912109375,74.6435546875,54.9853515625
30.7561941,23.4912109375,74.4970703125,52.6416015625
30.784559,22.7587890625,74.1064453125,50.8349609375
30.8143721,23.1005859375,73.0810546875,48.4912109375
30.8427362,23.5400390625,73.0810546875,46.6845703125
30.8772582,22.8076171875,71.7626953125,45.3662109375
30.9041266,22.6123046875,72.0068359375,43.8037109375
30.9368479,21.1962890625,70.6884765625,41.6552734375
30.9644662,20.1220703125,70.4931640625,40.1416015625
30.9942907,20.6591796875,69.7119140625,37.8466796875
31.0282923,20.0244140625,68.9794921875,35.9423828125
31.0567186,19.5361328125,68.6376953125,34.3310546875
31.0862541,19.7802734375,69.2724609375,35.7958984375
31.1157492,18.8525390625,71.2744140625,52.3974609375
31.145529,18.6572265625,72.9833984375,63.1884765625
31.189252,18.1689453125,73.8623046875,67.1435546875
31.2061223,18.1201171875,75.2783203125,66.5576171875
31.2367874,17.0947265625,76.5966796875,65.7275390625
31.2681496,16.5576171875,77.8173828125,66.7529296875
31.2996323,17.0458984375,78.5009765625,67.1435546875
31.3276928,17.7783203125,78.4033203125,67.6318359375
31.3596095,20.9521484375,78.9404296875,65.1416015625
31.3865005,22.0263671875,79.1357421875,64.5556640625
31.4157463,22.2705078125,79.6240234375,64.9951171875
31.4502141,23.9306640625,79.8681640625,65.1904296875
31.4797563,25.2001953125,79.5751953125,64.2626953125
31.5184678,24.8583984375,79.3798828125,62.3583984375
31.5384825,25.4931640625,78.8427734375,61.2841796875
31.5671602,24.8583984375,78.8916015625,59.0869140625
31.5995711,24.5166015625,77.8662109375,57.0849609375
31.6358371,24.5166015625,77.2802734375,55.3271484375
31.6578543,23.8330078125,77.7197265625,53.6181640625
31.7018079,23.6865234375,76.3525390625,52.3486328125
31.7197593,22.8564453125,76.0107421875,50.5419921875
31.7526333,22.6123046875,74.6923828125,49.7607421875
31.7902542,21.9287109375,74.5947265625,47.1240234375
31.8099324,21.1962890625,74.2529296875,45.6103515625
31.850443,21.0986328125,73.4716796875,42.0947265625
31.8705029,20.7080078125,73.7646484375,41.6064453125
31.9113753,20.2197265625,75.2294921875,53.1298828125
31.9328348,19.6826171875,77.1337890625,66.2158203125
31.9710493,19.8291015625,78.4521484375,71.3916015625
31.9892209,18.4130859375,79.7216796875,71.0009765625
32.031804,18.4619140625,80.3564453125,69.8779296875
32.0518753,17.5341796875,81.7236328125,69.2919921875
32.0895155,18.1201171875,81.9677734375,70.6591796875
32.1127046,18.2177734375,82.4560546875,71.0009765625
32.151386,20.8544921875,82.7490234375,68.4619140625
32.174135,22.7099609375,82.7490234375,67.3388671875
32.2132378,23.1005859375,83.0419921875,67.7294921875
32.2302944,23.3935546875,82.9443359375,68.0712890625
32.2712673,24.3212890625,82.8955078125,67.9736328125
32.2912539,24.7119140625,82.7001953125,65.0927734375
32.3275363,25.1025390625,82.6025390625,63.5791015625
32.353277,24.7119140625,82.2119140625,61.8212890625
32.3922854,24.0771484375,81.3330078125,59.8193359375
32.4119126,23.7353515625,81.7724609375,57.4267578125
32.4505323,23.6376953125,80.9423828125,56.6943359375
32.4717827,23.3935546875,80.3076171875,55.4248046875
32.5095743,22.9541015625,79.2333984375,54.2041015625
32.5349303,22.2705078125,78.7451171875,52.4951171875
32.5820484,21.0986328125,78.0615234375,50.7373046875
32.6126194,20.8544921875,77.5244140625,48.9306640625
32.6262495,20.4150390625,76.4501953125,46.8798828125
32.6608233,20.1220703125,75.7177734375,45.0732421875
32.6794799,19.2919921875,77.0849609375,49.4189453125
32.7219572,19.0478515625,78.6474609375,63.9697265625
32.742241,18.5107421875,80.6494140625,69.6826171875
32.7790191,18.3154296875,80.5029296875,70.1708984375
32.8055596,17.6806640625,81.9189453125,68.1201171875
32.8414209,16.9970703125,81.9189453125,66.5576171875
32.8662898,16.8994140625,82.3095703125,66.5087890625
32.9039838,16.7529296875,82.4560546875,65.8251953125
32.9255185,17.8759765625,82.7001953125,63.5302734375
32.9697993,21.0986328125,82.3583984375,63.1884765625
32.9901184,21.3427734375,82.2119140625,63.5791015625
33.0267206,21.4404296875,82.1142578125,63.4814453125
33.0464259,22.5146484375,82.6513671875,62.5048828125
33.0829931,23.1494140625,82.2119140625,61.2353515625
33.1064767,22.5634765625,81.4306640625,58.5986328125
33.1582754,22.2216796875,81.1865234375,56.7919921875
33.1682888,21.7822265625,80.4541015625,54.9365234375
33.2064866,22.0263671875,79.5751953125,54.1552734375
33.227842,22.1240234375,78.8916015625,52.3974609375
33.2620817,21.8798828125,78.1591796875,51.6162109375
33.2887303,21.3427734375,77.8662109375,50.4931640625
33.3267282,20.7080078125,77.1337890625,48.8818359375
33.3492217,19.6337890625,76.4501953125,47.2216796875
33.386235,19.5849609375,76.1572265625,45.3662109375
33.4065918,19.0478515625,75.9130859375,44.7802734375
33.4500097,19.0966796875,77.6708984375,55.4736328125
33.4693131,18.6572265625,79.2333984375,65.2880859375
33.5112851,18.3154296875,79.4775390625,68.3642578125
33.5434504,17.7783203125,80.7958984375,67.3876953125
33.5593225,17.7783203125,82.3583984375,66.6552734375
33.5950622,18.1201171875,82.8466796875,65.9716796875
33.6196172,17.5341796875,83.0419921875,66.4111328125
33.6568472,17.5341796875,83.1884765625,64.9462890625
33.6785642,19.6826171875,82.8955078125,63.8232421875
33.709123,21.6357421875,83.4814453125,63.8232421875
33.7470125,22.7587890625,83.7255859375,64.2138671875
33.7720645,24.0283203125,83.0419921875,63.7255859375
33.8099238,24.6630859375,82.5537109375,62.8466796875
33.833173,25.2490234375,82.4560546875,61.3330078125
33.8689867,25.6884765625,82.0166015625,59.9658203125
33.88919,24.9560546875,81.1865234375,58.3544921875
33.9271527,24.7119140625,80.6982421875,56.5478515625
33.9521191,24.3212890625,80.6982421875,55.8154296875
33.9906893,24.4677734375,79.3798828125,53.9111328125
34.0139851,23.8818359375,79.2822265625,52.8369140625
34.0519923,23.3447265625,78.0615234375,52.4951171875
34.0708035,22.6123046875,77.6708984375,50.5419921875
34.1075608,22.0751953125,76.6455078125,48.9794921875
34.1290557,21.6357421875,76.2548828125,46.9775390625
34.1680722,21.0986328125,76.2548828125,45.6591796875
34.1922861,21.5869140625,77.6708984375,52.8369140625
34.229916,20.7568359375,80.4541015625,64.1650390625
34.2528396,20.5126953125,81.2353515625,68.2666015625
34.294436,19.9267578125,82.6513671875,68.7060546875
34.3114587,19.6337890625,83.7744140625,68.2177734375
34.3613947,19.2431640625,85.0927734375,68.9990234375
34.3805891,19.2919921875,86.1669921875,70.2685546875
34.4007085,19.7802734375,86.7529296875,70.5615234375
34.4389768,21.0009765625,86.4599609375,68.9990234375
34.4695653,23.6376953125,87.6806640625,68.5107421875
34.4928621,24.5166015625,86.9970703125,68.4130859375
34.5294347,25.7861328125,87.4853515625,68.8037109375
34.5532711,25.8837890625,87.2412109375,67.9248046875
34.5902212,26.9091796875,87.2412109375,67.6806640625
34.6158862,27.6416015625,86.8505859375,66.3134765625
34.6513865,28.1787109375,85.8251953125,64.9462890625
34.6762832,27.2998046875,85.4345703125,63.4814453125
34.717792,27.2021484375,85.4833984375,62.6513671875
34.7346729,27.0068359375,84.9951171875,61.7236328125
34.7717151,27.2021484375,84.4580078125,60.8447265625
34.7958615,25.9326171875,83.4814453125,59.8193359375
34.8329033,25.2001953125,82.6513671875,58.6962890625
34.8561826,24.4677734375,81.6259765625,57.2802734375
34.893455,24.2236328125,81.4306640625,55.7177734375
34.9137122,23.9794921875,81.1865234375,54.4970703125
34.9513986,23.6865234375,80.2587890625,52.9345703125
34.9748785,22.7587890625,80.7470703125,52.7880859375
35.0132864,22.3681640625,82.9443359375,63.0908203125
35.035649,21.6845703125,84.4580078125,70.0732421875
35.0764779,21.3427734375,85.6787109375,72.4658203125
35.096691,21.5869140625,87.1923828125,71.5869140625
35.1392753,20.6103515625,88.3642578125,72.6123046875
35.1549937,19.9755859375,89.5361328125,73.5888671875
35.1918991,20.2197265625,90.2685546875,74.1748046875
35.2159776,20.3662109375,90.8544921875,74.6142578125
35.2514882,22.3681640625,90.5126953125,72.7099609375
35.2780381,24.7607421875,90.6591796875,72.6611328125
35.3159815,25.3466796875,90.7080078125,73.7353515625
35.3395851,26.3232421875,91.2939453125,73.2958984375
35.3701837,27.1044921875,91.1962890625,73.4912109375
35.3970859,27.9833984375,90.3662109375,71.9775390625
35.4353146,29.0576171875,90.1708984375,70.8544921875
35.4576244,28.8134765625,89.3896484375,69.6826171875
35.4991515,27.9345703125,88.9013671875,68.5107421875
35.5211687,27.6904296875,88.2666015625,67.8759765625
35.5498766,27.5927734375,88.0712890625,66.9970703125
35.5782397,27.1533203125,87.1923828125,65.6787109375
35.612568,26.3720703125,86.5576171875,65.1904296875
35.6398811,25.9326171875,85.9716796875,63.0908203125
35.6687453,24.7119140625,84.7998046875,62.6025390625
35.7001902,24.8095703125,84.1162109375,61.4794921875
35.7289803,23.9306640625,83.2373046875,59.5751953125
35.7638194,23.5888671875,82.5537109375,58.4033203125
35.7903437,23.1982421875,81.5771484375,55.5224609375
35.8200087,22.4169921875,81.8212890625,56.0595703125
35.8463811,21.8798828125,83.3349609375,64.0185546875
35.8836764,21.2451171875,84.3115234375,70.6591796875
35.9116356,21.0498046875,85.6298828125,72.7587890625
35.9421049,20.6103515625,86.5576171875,72.3193359375
35.9706771,20.3662109375,87.7294921875,71.8798828125
35.9975475,19.3896484375,88.2666015625,71.8798828125
36.0339111,18.7548828125,88.4619140625,73.2470703125
36.0603528,19.0966796875,88.7548828125,72.1240234375
36.0881838,20.4150390625,88.0224609375,71.0986328125
36.1259785,22.8076171875,88.9013671875,71.8310546875
36.1507919,23.6376953125,89.0478515625,72.1240234375
36.1855803,24.2236328125,88.3154296875,72.1728515625
36.2119943,25.5908203125,88.5107421875,70.8056640625
36.2418336,25.6396484375,87.7783203125,70.5615234375
36.2732566,25.9814453125,86.7529296875,68.9990234375
36.3031138,25.9326171875,86.8505859375,68.9013671875
36.3357317,25.6396484375,85.8251953125,66.6064453125
36.364906,25.5419921875,84.9462890625,65.5322265625
36.3935194,25.2490234375,84.5556640625,64.7021484375
36.4229645,25.5419921875,83.3837890625,63.4814453125
36.4673147,24.5654296875,82.8466796875,62.4072265625
36.4816496,24.4677734375,82.1630859375,61.5283203125
36.5304359,23.1982421875,81.3330078125,60.2587890625
36.5432574,22.1728515625,79.4775390625,59.2822265625
36.5721705,22.3681640625,79.7216796875,57.3779296875
36.6050226,21.9287109375,79.5263671875,56.9384765625
36.633839,21.4404296875,80.7958984375,64.4091796875
36.6624052,21.2451171875,81.8701171875,71.2451171875
36.6964193,21.3427734375,83.1396484375,74.0283203125
36.7243028,20.8056640625,84.1162109375,73.8330078125
36.7568033,20.3662109375,84.6533203125,74.0283203125
36.7966214,20.1220703125,85.8251953125,74.9072265625
36.8177491,19.4384765625,86.0205078125,76.0791015625
36.8597887,19.6337890625,86.0205078125,75.2490234375
36.876803,21.0498046875,86.1181640625,74.3212890625
36.9064493,23.2958984375,86.5087890625,74.1748046875
36.9560403,25.1513671875,86.9970703125,74.4677734375
36.9670519,25.9814453125,86.1181640625,74.6630859375
37.0126984,26.9091796875,85.7275390625,74.3701171875
37.0286453,28.0322265625,85.0439453125,72.7587890625
37.0560369,28.2763671875,85.5322265625,71.3916015625
37.0868371,28.3251953125,84.1650390625,70.8544921875
37.1317172,28.2763671875,83.2373046875,69.3408203125
37.1459707,27.5927734375,82.7490234375,68.0224609375
37.1924723,28.0322265625,81.6748046875,67.0458984375
37.207402,27.1044921875,81.3330078125,65.5322265625
37.2483567,27.2021484375,80.1611328125,64.8974609375
37.2700103,26.1767578125,79.6728515625,63.5791015625
37.3103361,25.0537109375,78.7939453125,62.4560546875
37.328039,24.5654296875,77.7197265625,60.8935546875
37.370937,24.6630859375,76.4501953125,59.1845703125
37.3900214,24.0283203125,76.1572265625,57.0361328125
37.4286799,22.8076171875,75.4248046875,55.7666015625
37.4487754,22.7587890625,76.4013671875,59.1357421875
37.4910707,22.3193359375,77.6708984375,68.8037109375
37.5060294,21.7333984375,79.2333984375,74.0283203125
37.5636261,21.1962890625,80.6494140625,75.9814453125
37.5843314,20.8544921875,81.7236328125,75.6884765625
37.6019672,20.0732421875,83.4326171875,75.8837890625
37.6391248,19.5361328125,84.3115234375,79.0576171875
37.6609536,19.0478515625,84.9951171875,79.6435546875
37.6970088,19.6337890625,84.8974609375,80.0341796875
37.7193853,21.7333984375,84.5556640625,78.1787109375
37.7570413,24.2236328125,85.5810546875,78.5693359375
37.7805477,25.0537109375,85.3857421875,78.0322265625
37.8201843,26.1767578125,84.9951171875,78.3740234375
37.8403002,27.5439453125,84.9462890625,77.2021484375
37.8759399,27.3974609375,84.5556640625,77.2998046875
37.8987225,28.5693359375,83.1884765625,75.7373046875
37.9406147,29.2529296875,82.7978515625,74.3212890625
37.9615809,28.4716796875,82.3583984375,72.7587890625
37.9978069,28.2763671875,81.4794921875,72.1728515625
38.0209676,28.6181640625,80.5517578125,70.7080078125
38.058754,28.0810546875,79.9169921875,68.7060546875
38.0855504,27.5927734375,78.8427734375,67.9736328125
38.1263984,26.3232421875,78.3056640625,66.6064453125
38.1422864,25.5908203125,77.2802734375,64.8486328125
38.1820739,24.9072265625,76.3037109375,63.5302734375
38.2013117,24.1748046875,75.5712890625,62.5537109375
38.2369691,22.9052734375,74.4482421875,60.4052734375
38.2672002,22.8564453125,73.3251953125,59.3310546875
38.3044966,22.8076171875,72.6904296875,57.6708984375
38.3218713,21.7333984375,72.8369140625,58.9892578125
38.357342,21.3427734375,74.7900390625,68.0712890625
38.3809511,20.8544921875,76.0595703125,74.6142578125
38.4205974,20.1220703125,77.4755859375,76.2744140625
38.4432056,19.6337890625,78.1103515625,75.9326171875
38.4797426,18.6572265625,80.1611328125,75.3955078125
38.5046681,17.7294921875,79.9169921875,77.5439453125
38.5422381,18.3642578125,81.6748046875,79.1064453125
38.5626819,17.5341796875,81.7724609375,78.4716796875
38.5990324,18.9501953125,81.7236328125,76.7138671875
38.6246399,22.4169921875,81.3818359375,76.4208984375
38.665219,24.0771484375,81.5771484375,75.9326171875
38.6847378,24.1259765625,81.6748046875,76.3232421875
38.7243671,25.5419921875,81.3818359375,74.7607421875
38.744487,26.6650390625,80.5517578125,73.9794921875
38.7841681,26.9580078125,79.9169921875,72.5634765625
38.8048369,27.2998046875,79.9169921875,70.7568359375
38.8414731,26.6650390625,78.8427734375,69.5361328125
38.8675593,26.4208984375,78.1591796875,67.6806640625
38.9023043,26.5673828125,77.4267578125,65.8251953125
38.9289809,25.7861328125,77.0849609375,64.2626953125
38.9669372,25.2001953125,75.7666015625,62.7978515625
38.9873046,24.3701171875,74.5458984375,61.5283203125
39.0229803,23.1494140625,73.7646484375,59.5263671875
39.0457222,22.3193359375,72.6416015625,57.2314453125
39.0840972,21.5380859375,72.0068359375,55.8154296875
39.107236,21.0498046875,70.9814453125,53.6181640625
39.144661,20.9521484375,70.3466796875,51.5185546875
39.1649818,20.2685546875,70.4931640625,50.6396484375
39.2035305,19.4873046875,71.5185546875,57.6220703125
39.2259578,18.9501953125,72.9345703125,65.0927734375
39.2666954,18.4130859375,73.4716796875,67.9736328125
39.2867457,17.7294921875,74.3505859375,67.1923828125
39.3258691,17.1435546875,75.3759765625,66.1181640625
39.3482948,16.6064453125,75.8154296875,65.5322265625
39.3846559,15.2392578125,75.5712890625,65.9716796875
39.4066551,15.2880859375,75.8642578125,64.9951171875
39.4467076,15.8740234375,75.1806640625,63.4326171875
39.4674963,18.1689453125,75.1318359375,63.2373046875
39.5001612,20.8056640625,75.3271484375,62.8466796875
39.5311208,21.7822265625,74.8876953125,62.9931640625
39.5725094,21.6845703125,74.7900390625,61.7236328125
39.5928147,22.6123046875,73.7646484375,60.0634765625
39.6415119,23.5400390625,72.9833984375,59.1845703125
39.6628547,23.4423828125,72.4951171875,57.0849609375
39.6763532,22.4658203125,72.2998046875,55.8154296875
39.7126834,22.2216796875,70.9326171875,53.6669921875
39.740397,22.4169921875,70.9326171875,52.6416015625
39.7770637,22.5146484375,70.1513671875,51.1279296875
39.8020937,21.9287109375,68.3935546875,50.2978515625
39.8419215,20.5615234375,68.1005859375,48.5400390625
39.8618338,20.4638671875,67.0263671875,47.3193359375
39.9141714,20.3173828125,65.8544921875,45.8544921875
39.9444232,19.0966796875,65.0244140625,43.5107421875
39.950144,19.0966796875,65.1708984375,41.2158203125
39.9878456,18.9501953125,66.1474609375,46.2939453125
40.0130236,18.2666015625,67.5146484375,55.2294921875
40.0514953,18.0224609375,68.2470703125,59.1357421875
40.0725624,17.0458984375,68.9794921875,58.3544921875
40.1101931,16.8994140625,70.5419921875,58.3056640625
40.1338352,16.7529296875,71.7138671875,57.7197265625
40.1717242,16.1669921875,72.0068359375,59.5751953125
40.193874,15.2880859375,71.8603515625,59.3310546875
40.2299131,15.9228515625,71.5673828125,57.3779296875
40.2504421,17.8271484375,72.1533203125,56.3037109375
40.2887585,20.4638671875,71.8115234375,56.5478515625
40.3113001,21.9287109375,71.3720703125,55.7666015625
40.346575,22.5146484375,71.6650390625,55.1806640625
40.3739977,23.0517578125,71.3232421875,54.8876953125
40.410663,24.1748046875,70.5419921875,52.8857421875
40.4350094,24.0771484375,70.2978515625,52.7392578125
40.4716301,23.9794921875,69.6142578125,50.2001953125
40.4928766,24.1748046875,68.7841796875,49.1259765625
40.5287964,23.9306640625,67.5146484375,48.1982421875
40.5543321,23.2958984375,67.1728515625,46.4404296875
40.5933193,22.6611328125,66.3427734375,44.7802734375
40.615796,22.4169921875,65.4150390625,43.7548828125
40.6531526,21.0498046875,65.0732421875,42.1923828125
40.6732416,20.3662109375,64.3408203125,41.3134765625
40.7123199,19.4384765625,63.2177734375,39.1162109375
40.7332382,18.9990234375,61.8017578125,37.1142578125
40.7719392,18.8037109375,61.2158203125,35.4541015625
40.7934358,18.2666015625,62.7294921875,38.6279296875
40.8311896,17.5341796875,64.4873046875,48.9794921875
40.8549474,16.7529296875,65.8544921875,55.2294921875
40.8959577,16.4599609375,66.7822265625,57.1337890625
40.9182194,15.6787109375,68.4912109375,56.1083984375
40.9561879,15.3857421875,68.9306640625,57.0361328125
40.9743615,14.7998046875,69.6630859375,57.5732421875
41.0142773,13.7744140625,70.1513671875,59.6728515625
41.0369061,13.8232421875,70.4931640625,59.0869140625
41.0663464,14.6533203125,70.9326171875,57.2802734375
41.100359,18.2666015625,70.0048828125,56.5478515625
41.1281392,19.5849609375,70.7373046875,55.6201171875
41.1552407,20.1708984375,70.2978515625,55.6689453125
41.1927234,21.3916015625,70.1025390625,54.5947265625
41.2176738,21.8798828125,69.1748046875,53.1787109375
41.2455693,23.1494140625,68.8818359375,51.8115234375
41.2894636,23.1982421875,68.2470703125,49.8583984375
41.325853,22.2705078125,67.5634765625,47.9541015625
41.3417699,22.1728515625,67.0751953125,46.8310546875
41.3691708,22.0263671875,66.0986328125,45.2685546875
41.4044085,21.9287109375,65.6103515625,43.4619140625
41.4284319,21.0986328125,63.9013671875,41.5576171875
41.4612498,20.8056640625,63.7060546875,39.6044921875
41.4856452,19.9755859375,62.6318359375,38.0419921875
41.5228995,18.9501953125,61.8017578125,36.1865234375
41.5469022,18.5595703125,60.6787109375,34.4775390625
41.5858171,18.1201171875,59.7998046875,32.4267578125
41.6123051,17.1435546875,59.3603515625,31.1083984375
41.640558,17.3388671875,59.7509765625,31.3037109375
41.6724302,16.1181640625,62.9248046875,42.8271484375
41.7192079,15.9228515625,63.5107421875,50.1025390625
41.7309034,15.2392578125,64.5849609375,52.5927734375
41.7800336,14.8974609375,64.9755859375,52.0068359375
41.7912511,13.9697265625,66.2451171875,51.1279296875
41.8196447,13.4326171875,66.7822265625,51.8603515625
41.869734,12.4560546875,67.3193359375,52.4462890625
41.8796666,12.1630859375,67.1240234375,52.1533203125
41.9097239,12.5537109375,67.2705078125,49.8095703125
41.9443925,15.1904296875,67.1240234375,48.9306640625
41.9726603,17.2900390625,67.3193359375,48.3935546875
42.0002273,19.1943359375,66.2451171875,49.0771484375
42.0498677,19.5361328125,66.4892578125,47.9541015625
42.0592671,20.5615234375,65.9033203125,45.8544921875
42.1106669,21.1962890625,65.6103515625,44.4384765625
42.1213285,21.6845703125,65.7568359375,42.7783203125
42.1656137,21.1962890625,64.8779296875,41.2646484375
42.1870031,21.0009765625,64.3408203125,40.0439453125
42.2278964,20.0732421875,63.2177734375,37.5048828125
42.24185,19.3408203125,62.0947265625,36.9189453125
42.2905489,19.0478515625,61.4111328125,34.9169921875
42.3051773,18.1201171875,60.7275390625,33.0615234375
42.3505003,17.5830078125,59.9462890625,31.4013671875
42.3712326,17.3388671875,59.2626953125,29.9853515625
42.4077749,15.9716796875,57.7001953125,28.3740234375
42.4278334,16.0693359375,57.6025390625,26.2255859375
42.4691177,15.3369140625,56.8701171875,24.1748046875
42.4892279,14.7021484375,57.5537109375,25.6884765625
42.5251675,14.1162109375,59.2138671875,37.2607421875
42.5463403,13.1396484375,59.6044921875,44.0478515625
42.5944896,12.6025390625,60.4833984375,46.0498046875
42.6061759,12.3095703125,61.3134765625,43.9501953125
42.6475862,12.2607421875,61.9970703125,42.4365234375
42.6676775,11.1376953125,62.2412109375,42.1435546875
42.7191789,10.4541015625,62.9248046875,42.1435546875
42.7390111,10.4052734375,61.9970703125,40.0439453125
42.7580273,10.4541015625,62.9248046875,39.4091796875
42.8006665,12.5537109375,62.6806640625,38.8232421875
42.8211847,14.8974609375,62.1435546875,39.6533203125
42.8621852,16.0693359375,62.0458984375,37.6513671875
42.8815075,16.4599609375,61.6064453125,36.8212890625
42.9206211,16.8505859375,60.6298828125,33.8916015625
42.9393611,17.0458984375,60.4833984375,31.9384765625
42.9761324,17.6806640625,59.9951171875,30.9619140625
42.9961405,17.4365234375,59.4091796875,27.7880859375
43.0411003,16.3623046875,58.2373046875,25.5908203125
43.0617511,16.7041015625,57.9443359375,23.4912109375
43.1025542,16.6552734375,57.4560546875,22.4658203125
43.1215613,16.5087890625,57.0654296875,21.3427734375
43.1671743,15.8251953125,55.3076171875,20.9521484375
43.1797484,15.7275390625,54.4775390625,19.9755859375
43.2171083,14.6044921875,53.8916015625,19.6826171875
43.2384869,13.9697265625,54.4775390625,19.0966796875
43.2894498,14.4580078125,56.1865234375,26.7138671875
43.3098749,12.6513671875,58.0419921875,36.9189453125
43.3454021,13.7255859375,58.2373046875,42.2900390625
43.3657564,12.6513671875,59.7509765625,41.8994140625
43.4030891,12.4072265625,59.8974609375,40.0439453125
43.430103,12.1142578125,60.8251953125,39.4580078125
43.4665581,12.0654296875,60.8740234375,39.7509765625
43.4788176,11.5771484375,60.8251953125,39.0673828125
43.5196009,10.6494140625,60.9228515625,37.0166015625
43.5397642,11.4794921875,60.4833984375,35.8935546875
43.5761693,14.0673828125,61.0205078125,35.3564453125
43.6018492,16.1181640625,61.3134765625,35.0634765625
43.638896,16.7041015625,60.2392578125,35.0634765625
43.6597836,17.3876953125,60.4345703125,32.8173828125
43.6968924,18.0224609375,59.2626953125,30.9619140625
43.7220479,18.3642578125,59.0673828125,29.0576171875
43.7619097,18.7548828125,58.3837890625,27.4462890625
43.7832409,18.1201171875,58.6767578125,26.2744140625
43.8223587,17.9248046875,57.7490234375,24.0771484375
43.8433501,18.0712890625,56.8701171875,23.0517578125
43.8823824,18.4619140625,56.3330078125,21.1962890625
43.9025141,17.7294921875,55.9423828125,19.9755859375
43.9389496,17.4365234375,54.6728515625,18.0224609375
43.9603017,16.6064453125,54.2822265625,16.0205078125
43.9954732,15.9228515625,53.8916015625,13.7744140625
44.0216576,15.3857421875,55.1611328125,16.9970703125
44.0689591,15.0439453125,57.0654296875,29.6923828125
44.0904251,14.5068359375,58.5791015625,37.3583984375
44.1275647,14.2626953125,59.6044921875,38.8720703125
44.14316,13.8720703125,60.9716796875,38.2373046875
44.1786072,12.8466796875,62.0458984375,37.4560546875
44.2050336,12.7490234375,63.2666015625,37.2607421875
44.2423663,12.3583984375,64.0478515625,38.9697265625
44.2624352,12.1630859375,63.7060546875,37.5537109375
44.2986472,11.9677734375,63.8525390625,35.9423828125
44.3220134,13.8232421875,63.9501953125,36.1865234375
44.3591823,15.4345703125,64.6826171875,35.9423828125
44.385659,17.5341796875,63.9013671875,35.6494140625
44.4232916,18.7548828125,63.2666015625,34.6240234375
44.4466596,18.9990234375,63.5107421875,32.6708984375
44.4845676,19.9755859375,62.8271484375,30.7666015625
44.5037963,20.7080078125,63.0712890625,29.0087890625
44.5437018,20.9521484375,62.7294921875,27.3486328125
44.5647767,20.1220703125,61.8505859375,25.4443359375
44.6028359,19.4873046875,61.2646484375,23.8330078125
44.632031,19.8291015625,61.1181640625,22.4169921875
44.6685421,19.0966796875,59.7021484375,20.9033203125
44.6887187,18.3642578125,59.1162109375,18.9501953125
44.7255862,18.1689453125,58.4814453125,17.9248046875
44.7457231,17.9736328125,57.6513671875,15.6787109375
44.7831494,16.8017578125,57.5048828125,13.4814453125
44.8056181,16.3623046875,59.4580078125,16.1669921875
44.8463197,16.0205078125,61.1181640625,29.6923828125
44.8667056,15.9716796875,61.9970703125,37.8955078125
44.9029709,15.2880859375,63.3642578125,39.5068359375
44.9248136,14.7509765625,64.6337890625,39.0185546875
44.9613462,14.3603515625,65.9521484375,38.5302734375
44.9882121,14.0673828125,67.0263671875,39.0673828125
45.0248512,13.6767578125,67.5146484375,39.6044921875
45.0484123,12.4560546875,67.3681640625,38.4814453125
45.0855953,13.0419921875,67.6123046875,36.9677734375
45.1074231,13.7744140625,67.6611328125,35.7470703125
45.143165,16.6064453125,67.7099609375,35.4052734375
45.1672649,17.9248046875,67.4169921875,35.6005859375
45.2048243,19.3896484375,66.9775390625,34.5751953125
45.2297502,19.7802734375,66.8310546875,33.0126953125
45.2730421,20.7080078125,66.4404296875,31.4990234375
45.3039688,21.0009765625,66.1474609375,28.2763671875
45.3204215,20.8056640625,65.5126953125,27.2021484375
45.3582324,19.8779296875,65.0244140625,24.8095703125
45.3795581,20.3173828125,64.7314453125,23.3935546875
45.4164879,19.6826171875,64.6337890625,21.4892578125
45.4398665,19.4873046875,63.3154296875,20.1708984375
45.4770907,20.0732421875,62.5341796875,18.4619140625
45.497588,19.2431640625,61.8994140625,16.2158203125
45.5358022,17.8271484375,61.5576171875,14.7021484375
45.5620675,17.3388671875,60.6787109375,12.2607421875
45.6034523,16.9482421875,60.9228515625,12.2607421875
45.6204983,16.6552734375,63.5107421875,23.1494140625
45.6625671,16.2646484375,65.0732421875,34.0869140625
45.6923802,15.9228515625,65.9033203125,36.8212890625
45.710875,15.3369140625,66.8798828125,36.2841796875
45.7480203,14.9462890625,68.1005859375,35.3564453125
45.7731429,14.2626953125,68.9306640625,35.0634765625
45.8141349,14.2138671875,69.1748046875,36.3330078125
45.8295501,13.3349609375,69.2724609375,35.1611328125
45.8642119,12.7978515625,69.3701171875,33.8427734375
45.8906996,12.5048828125,70.0048828125,32.8662109375
45.9327177,14.3603515625,69.5166015625,32.9150390625
45.9576996,17.1435546875,69.9560546875,32.9638671875
45.9835637,18.2177734375,69.4189453125,31.8896484375
46.0215087,17.9736328125,69.5166015625,30.3759765625
46.0414686,19.1943359375,68.8818359375,28.6669921875
46.0800365,19.7314453125,69.2236328125,26.4208984375
46.1047478,20.4638671875,68.4912109375,24.6142578125
46.1322567,19.8779296875,67.3681640625,23.3447265625
46.1692087,19.1455078125,67.8076171875,22.4658203125
46.1953237,19.4384765625,67.0751953125,20.6591796875
46.2353826,19.3896484375,66.3427734375,19.3896484375
46.2556657,18.7548828125,65.6591796875,17.8759765625
46.3014058,18.1201171875,64.2919921875,15.9228515625
46.3146291,17.1923828125,63.9501953125,13.8232421875
46.347003,16.5087890625,64.0478515625,12.4072265625
46.3865556,15.8740234375,66.0498046875,18.7548828125
46.4037861,15.0439453125,67.1728515625,31.3037109375
46.4417961,15.2392578125,68.2470703125,35.7470703125
46.464032,14.7021484375,69.4677734375,35.5029296875
46.5003824,13.5302734375,69.4677734375,33.8427734375
46.5256319,13.5302734375,70.5908203125,32.6708984375
46.5557471,13.0908203125,70.4931640625,32.6708984375
46.5880075,12.4072265625,71.2744140625,31.6943359375
46.615292,11.9677734375,70.5908203125,30.2294921875
46.6544095,11.9189453125,71.1767578125,29.8876953125
46.6772387,12.4072265625,70.9326171875,30.8642578125
46.7068007,15.6298828125,70.9814453125,30.0341796875
46.7374359,16.4111328125,70.5419921875,29.4482421875
46.7728284,17.3876953125,69.8095703125,27.9833984375
46.7972777,17.6318359375,70.2490234375,26.2744140625
46.8344457,18.1689453125,69.1748046875,24.3212890625
46.8764688,17.8271484375,68.4912109375,23.1982421875
46.8878335,17.4853515625,68.1005859375,21.4404296875
46.9201517,17.5341796875,67.1728515625,19.9755859375
46.9483738,16.6064453125,66.9775390625,19.5361328125
46.9770555,17.4365234375,65.7080078125,18.3154296875
47.0099725,17.0458984375,64.9755859375,15.9228515625
47.0370103,16.4111328125,64.7314453125,14.6044921875
47.0862986,15.9228515625,64.9267578125,13.9208984375
47.0985919,15.5322265625,66.7333984375,18.9013671875
47.1280889,14.7021484375,67.9052734375,31.6943359375
47.1586325,15.2392578125,69.9560546875,37.7978515625
47.18957,14.7998046875,70.7373046875,38.9697265625
47.21904,14.1650390625,71.6162109375,37.9443359375
47.2519775,13.6767578125,72.4951171875,37.7490234375
47.281052,13.1884765625,73.7158203125,38.7744140625
47.3090014,13.5302734375,73.4716796875,39.7021484375
47.3427035,12.7001953125,73.6181640625,37.1630859375
47.3702115,12.6025390625,73.7158203125,37.0654296875
47.3997705,13.5791015625,73.9599609375,37.3583984375
47.4320674,16.0693359375,73.7646484375,37.3583984375
47.4612715,17.6318359375,73.6181640625,37.4072265625
47.4917986,18.8037109375,73.5205078125,36.1865234375
47.5384606,19.2431640625,73.0322265625,34.7216796875
47.5585809,19.5849609375,72.9345703125,32.7685546875
47.5949876,20.4150390625,72.2509765625,31.1572265625
47.616767,20.3662109375,71.3232421875,29.3994140625
47.6704724,20.4638671875,70.8349609375,28.5205078125
47.6713298,19.7802734375,70.6884765625,27.7880859375
47.7015931,20.3173828125,69.7607421875,26.4208984375
47.730454,19.5849609375,69.1259765625,25.5419921875
47.7625321,19.1455078125,67.8076171875,23.0029296875
47.8088922,19.0478515625,67.1240234375,21.2451171875
47.8291487,17.6806640625,67.3193359375,20.5615234375
47.8670872,17.2900390625,69.5654296875,27.8857421875
47.8860823,16.4599609375,71.1279296875,40.2880859375
47.929192,16.2646484375,73.1787109375,46.1962890625
47.9483771,16.1669921875,74.3505859375,48.3447265625
47.989309,15.2392578125,75.3759765625,47.9541015625
48.009326,15.7763671875,76.7919921875,49.2236328125
48.0452155,14.6044921875,77.4267578125,50.9326171875
48.065431,13.6279296875,78.0615234375,52.5439453125
48.1085256,13.4326171875,78.0615234375,51.2744140625
48.1299325,13.8232421875,77.7685546875,49.4189453125
48.1671198,14.2626953125,78.1591796875,50.4931640625
48.188531,16.5576171875,78.3544921875,50.3955078125
48.233081,18.4130859375,77.6220703125,50.0537109375
48.254987,19.3896484375,77.7685546875,48.9306640625
48.2916714,20.9033203125,76.9873046875,48.1005859375
48.3139885,21.4892578125,76.5966796875,46.2939453125
48.3513121,22.0751953125,76.4501953125,43.8037109375
48.3702281,22.9541015625,75.9130859375,42.9736328125
48.4062225,22.5146484375,75.0341796875,41.6064453125
48.4274381,21.4404296875,74.6435546875,40.1904296875
48.4693821,21.9287109375,73.5205078125,38.3349609375
48.489738,21.4892578125,73.3251953125,37.7490234375
48.5259106,21.1474609375,72.4951171875,36.1865234375
48.5470477,20.3662109375,70.7861328125,33.8916015625
48.5895549,19.9267578125,70.2490234375,31.9384765625
48.6098866,18.5595703125,69.8095703125,30.3271484375
48.6465519,18.6083984375,70.5908203125,30.9130859375
48.6679479,18.1201171875,72.5927734375,42.7294921875
48.7052075,17.2900390625,73.4228515625,52.7392578125
48.7292887,16.7529296875,73.9111328125,56.7919921875
48.7779235,16.2158203125,76.2060546875,56.3037109375
48.80005,15.8251953125,77.6708984375,56.4501953125
48.8187142,15.3857421875,79.3798828125,57.6708984375
48.857486,14.7509765625,79.0380859375,59.5263671875
48.8873713,14.6533203125,79.5263671875,59.5751953125
48.9247303,14.1650390625,79.1357421875,57.9150390625
48.94491,13.9208984375,79.0869140625,56.6455078125
48.9816642,14.8974609375,79.2333984375,56.7919921875
49.0018785,17.9248046875,80.1123046875,57.1337890625
49.0398547,19.2919921875,79.1357421875,55.8154296875
49.061002,20.2685546875,78.9404296875,54.3505859375
49.0990762,21.6357421875,78.3544921875,52.4951171875
49.1191165,21.9287109375,77.6708984375,50.3466796875
49.1561782,22.8076171875,77.1337890625,49.1748046875
49.1814532,22.6611328125,76.6455078125,46.8798828125
49.2198555,21.7333984375,76.4013671875,45.1220703125
49.2400871,21.9287109375,75.6689453125,43.6083984375
49.2800699,21.4892578125,74.8876953125,41.7041015625
49.3020544,21.7333984375,74.4482421875,39.9951171875
49.3392619,20.7080078125,73.5693359375,38.3349609375
49.3605357,20.2685546875,72.7392578125,35.7470703125
49.3966675,19.9267578125,72.3974609375,34.5263671875
49.4207321,18.7060546875,71.0302734375,31.9873046875
49.4577399,18.1201171875,71.1279296875,29.1064453125
49.4848426,17.9736328125,72.2509765625,31.6943359375
49.5230069,17.0947265625,73.9111328125,44.5361328125
49.5443327,17.0458984375,75.6689453125,52.9833984375
49.5827198,16.3134765625,75.9619140625,55.0830078125
49.6026317,15.8251953125,77.6220703125,53.7646484375
49.638244,15.8251953125,78.6474609375,53.5205078125
49.6625104,14.6044921875,79.5751953125,53.8623046875
49.7017805,14.5556640625,79.4775390625,55.4736328125
49.7286543,13.2373046875,79.8681640625,52.1533203125
49.7638712,12.8466796875,79.8681640625,51.8115234375
49.785252,12.5537109375,79.9169921875,51.0791015625
49.8244961,14.0673828125,80.2099609375,51.0791015625
49.8440836,16.9970703125,79.8193359375,50.7373046875
49.8795557,17.5830078125,79.5263671875,49.5654296875
49.9039882,18.4619140625,79.9169921875,46.8798828125
49.9422762,19.1455078125,78.9404296875,45.6591796875
49.9636434,20.2197265625,78.5009765625,43.4619140625
50.0023509,20.4150390625,78.1103515625,40.5322265625
50.02665,19.8291015625,77.9150390625,39.9951171875
50.0648373,19.1455078125,76.6943359375,38.8720703125
50.0852047,19.4384765625,76.4501953125,36.7724609375
50.1217651,19.5361328125,75.3271484375,35.9423828125
50.1439257,18.8037109375,74.5458984375,33.3056640625
50.1817019,18.7060546875,73.6181640625,31.5966796875
50.2105717,17.6806640625,72.9833984375,29.5458984375
50.2487281,16.8505859375,73.1298828125,27.9345703125
50.2714767,16.2646484375,74.5947265625,30.8642578125
50.3092301,16.1181640625,76.2548828125,43.4130859375
50.3294369,15.6787109375,76.6455078125,49.9560546875
50.3660715,14.5068359375,77.9150390625,51.9091796875
50.3862834,14.5068359375,78.8916015625,50.1025390625
50.4247303,14.4580078125,79.3798828125,49.4189453125
50.4449142,13.5791015625,80.4541015625,50.8837890625
50.48078,13.0908203125,80.2587890625,49.8095703125
50.5073181,12.7001953125,80.4052734375,48.7353515625
50.5452063,12.9931640625,80.2587890625,46.6357421875
50.5673709,12.5048828125,80.6494140625,47.5146484375
50.6049719,13.6767578125,80.8935546875,47.5146484375
50.6286567,16.0205078125,81.0888671875,47.0263671875
50.6650722,17.5341796875,79.6728515625,44.9755859375
50.6907661,18.4619140625,79.7216796875,43.4619140625
50.7299649,19.1943359375,79.3798828125,41.4111328125
50.7484069,19.7802734375,78.5009765625,39.4580078125
50.7880132,19.9267578125,78.3056640625,37.8466796875
50.8083367,19.9755859375,77.1337890625,36.5771484375
50.8467667,19.5849609375,76.8896484375,35.2587890625
50.8698577,19.6337890625,75.7177734375,33.8916015625
50.909829,19.7314453125,74.6923828125,32.2802734375
50.9307099,19.4384765625,74.0087890625,29.9365234375
50.967254,18.9990234375,72.8857421875,28.1298828125
50.9892667,17.9736328125,72.9345703125,26.1279296875
51.0263215,17.9736328125,73.0810546875,27.5439453125
51.0541382,16.9482421875,75.8642578125,39.9951171875
51.0925703,16.4111328125,77.5244140625,49.0771484375
51.1132904,16.5087890625,78.5986328125,52.5927734375
51.162501,16.5087890625,79.5751953125,51.9091796875
51.1815853,15.8251953125,81.1376953125,51.8603515625
51.203427,15.1416015625,82.6513671875,53.2275390625
51.231308,14.7021484375,82.9931640625,54.3505859375
51.2668318,13.8720703125,83.2861328125,54.5947265625
51.2938898,14.1162109375,83.4814453125,52.8369140625
51.3357968,13.4814453125,83.3837890625,51.7626953125
51.3479855,14.3603515625,83.4326171875,52.2998046875
51.3891302,17.7294921875,83.6767578125,52.7880859375
51.4091857,19.3408203125,83.2861328125,51.9091796875
51.446297,19.7314453125,82.4560546875,49.5654296875
51.4745885,20.5615234375,82.0654296875,47.9541015625
51.5140451,21.5869140625,81.1865234375,46.4404296875
51.5367946,22.3193359375,81.1865234375,45.8056640625
51.5739927,23.5400390625,80.7470703125,43.5595703125
51.5964914,23.2470703125,79.7216796875,41.4599609375
51.626903,22.6123046875,79.0869140625,39.6044921875
51.6642781,22.2216796875,78.2080078125,38.1396484375
51.6812069,22.6123046875,77.5732421875,35.9912109375
51.7181957,21.6845703125,76.4990234375,34.8681640625
51.7433549,21.3427734375,75.6201171875,32.5732421875
51.7813458,20.0244140625,74.4970703125,30.8154296875
51.8065098,19.5849609375,74.0576171875,28.7646484375
51.845505,19.0966796875,76.0595703125,30.6689453125
51.8670429,18.3154296875,77.9150390625,45.7080078125
51.8944414,17.5341796875,79.8193359375,53.4228515625
51.9296606,17.3388671875,80.5029296875,56.2548828125
51.9562153,16.4599609375,82.5537109375,55.6689453125
51.9934937,16.2158203125,83.4814453125,56.2060546875
52.0166961,15.9228515625,84.7509765625,57.1337890625
52.0458418,14.8486328125,85.4833984375,59.0380859375
52.0752712,14.3603515625,85.2392578125,58.5009765625
52.1111579,14.0673828125,85.3857421875,55.9619140625
52.1363023,13.1884765625,85.4345703125,55.3271484375
52.1654121,14.4580078125,85.8251953125,56.3037109375
52.203515,17.4365234375,85.2880859375,55.1318359375
52.2259601,19.3896484375,84.5068359375,54.3017578125
52.2601871,20.7080078125,84.1650390625,52.8369140625
52.2893013,21.0009765625,84.0185546875,50.9326171875
52.3170605,22.4658203125,83.4814453125,48.7353515625
52.3479628,23.4912109375,82.4072265625,47.6123046875
52.3947254,23.2958984375,81.4794921875,46.0009765625
52.4147276,22.7587890625,81.0888671875,44.2919921875
52.4408407,23.1005859375,79.9169921875,41.9482421875
52.4698293,22.4169921875,79.6240234375,40.5810546875
52.4961545,22.2705078125,78.3544921875,38.5791015625
52.5299985,22.1728515625,77.4267578125,36.4306640625
52.5571866,20.7568359375,75.9130859375,34.7216796875
52.5933386,20.4150390625,74.7412109375,32.4267578125
52.6188722,18.7548828125,73.8134765625,30.1318359375
52.648837,18.2177734375,73.1298828125,27.2998046875
52.6815603,18.0224609375,74.2529296875,25.7861328125
52.7090899,17.0458984375,76.0107421875,37.0166015625
52.7390721,16.4111328125,77.7197265625,49.4189453125
52.7999929,15.8251953125,78.7451171875,53.5693359375
52.8008032,14.6533203125,79.9169921875,53.5693359375
52.8485168,14.2626953125,80.8447265625,52.6416015625
52.8633958,13.7255859375,82.7001953125,52.2509765625
52.8906867,12.9931640625,82.6025390625,54.1064453125
52.9230857,12.2119140625,82.5048828125,54.0087890625
52.9700787,12.1630859375,82.6513671875,51.4697265625
52.9811019,11.5283203125,82.7490234375,49.9072265625
53.0284227,12.3095703125,83.0419921875,49.7119140625
53.0406146,13.9208984375,82.8466796875,49.3212890625
53.0686751,17.2900390625,82.1630859375,49.2724609375
53.1028233,18.5595703125,81.4306640625,47.4169921875
53.1483604,19.3896484375,81.3818359375,45.3662109375
53.1733078,20.4638671875,81.3330078125,42.8271484375
53.1935876,21.1962890625,79.7705078125,41.0205078125
53.2504842,21.6845703125,79.3798828125,39.0185546875
53.2535393,21.7822265625,78.5498046875,37.3583984375
53.2954227,21.0986328125,78.1591796875,34.8681640625
53.3154693,20.6103515625,76.7431640625,33.9404296875
53.3565785,20.1708984375,75.6201171875,31.5966796875
53.3769818,19.8779296875,75.2783203125,29.7412109375
53.417647,19.1455078125,74.1552734375,27.8369140625
53.4385195,18.6083984375,72.7392578125,25.5908203125
53.4753847,16.6064453125,72.3486328125,23.0517578125
53.497042,16.4111328125,72.4951171875,20.4638671875
53.539468,15.8251953125,73.6181640625,24.9560546875
53.5514067,15.2880859375,75.5712890625,39.6044921875
53.6004156,14.9951171875,75.8642578125,45.7568359375
53.6143974,14.5068359375,76.7919921875,45.8544921875
53.6569387,13.2861328125,77.5244140625,44.4873046875
53.6761532,13.2861328125,78.9892578125,42.5830078125
53.7144969,12.4072265625,77.9150390625,42.9248046875
53.735914,11.5771484375,78.9404296875,41.9482421875
53.7794892,11.4306640625,78.0615234375,39.7021484375
53.7986604,10.5517578125,77.8173828125,38.7744140625
53.8461815,9.9658203125,78.0126953125,38.5791015625
53.8762703,10.2099609375,76.5478515625,39.3603515625
53.8842967,13.6767578125,77.3291015625,38.6767578125
53.9291401,15.6298828125,76.6455078125,36.5283203125
53.9495439,16.7041015625,76.1083984375,34.6728515625
53.9864541,17.1435546875,75.2783203125,31.7431640625
54.0166917,17.3876953125,75.1806640625,30.3271484375
54.0359716,18.2177734375,73.7646484375,28.8623046875
54.0691709,18.0224609375,72.7880859375,27.5927734375
54.1115684,17.9736328125,71.9580078125,25.4443359375
54.131644,16.8994140625,71.0302734375,23.6376953125
54.1678431,16.9482421875,70.6396484375,23.0517578125
54.189872,16.8994140625,69.4189453125,20.7568359375
54.2289366,16.7529296875,69.1259765625,18.7060546875
54.2505582,15.8251953125,67.6611328125,16.5087890625
54.2871484,15.0439453125,68.3447265625,15.8740234375
54.3107827,14.2138671875,70.9326171875,24.3701171875
54.3471133,13.8720703125,72.1044921875,37.2119140625
54.3672244,13.6279296875,72.7880859375,41.7041015625
54.406173,12.9443359375,74.3994140625,42.1923828125
54.4284881,12.7978515625,74.9365234375,40.2392578125
54.4658885,12.0166015625,75.9619140625,39.8974609375
54.492271,11.4794921875,76.3037109375,40.2392578125
54.5288743,11.3330078125,76.4501953125,40.9228515625
54.5488291,11.4794921875,76.2060546875,39.4091796875
54.5860345,10.6982421875,76.2548828125,38.0419921875
54.6083042,10.1611328125,76.7919921875,38.0908203125
54.6483198,11.0888671875,76.3525390625,38.5791015625
54.671495,14.4580078125,75.6201171875,37.3583984375
54.7092845,16.2646484375,75.9130859375,35.6982421875
54.7314709,16.8505859375,74.6435546875,33.5009765625
54.768668,17.4365234375,74.2529296875,32.1826171875
54.7891231,18.4619140625,73.2763671875,30.0830078125
54.826343,19.3408203125,73.0810546875,28.2763671875
54.8510738,18.9990234375,72.2021484375,26.7138671875
54.889038,18.9013671875,72.0068359375,25.7373046875
54.9133052,18.0712890625,70.8837890625,24.2724609375
54.951686,18.1201171875,70.1025390625,22.9541015625
54.9727174,18.5107421875,69.0283203125,20.7080078125
55.0129718,17.4365234375,67.6611328125,19.2919921875
55.035161,17.3876953125,66.8310546875,16.3623046875
55.0697898,15.9716796875,66.7822265625,14.1650390625
55.0930576,15.0927734375,69.5654296875,19.3896484375
55.1291725,15.1416015625,71.9091796875,35.1123046875
55.1556583,14.0185546875,72.8857421875,42.0458984375
55.1934427,14.3603515625,74.0087890625,43.4130859375
55.2168959,13.9208984375,75.8154296875,42.9736328125
55.2531332,13.2861328125,77.6220703125,42.9248046875
55.2731733,12.9443359375,78.2080078125,45.0732421875
55.3081006,11.8701171875,77.9638671875,46.1962890625
55.3360616,11.3330078125,78.2568359375,45.0732421875
55.3732755,11.2841796875,78.8427734375,43.1689453125
55.3963368,10.7958984375,78.8427734375,42.9248046875
55.4367041,10.1611328125,78.8916015625,43.2177734375
55.4578605,12.7490234375,79.4287109375,43.1689453125
55.4941205,15.9716796875,78.8916015625,42.1923828125
55.5143068,16.8505859375,78.6962890625,40.9716796875
55.5512863,18.3154296875,77.2802734375,38.9697265625
55.5771635,19.0966796875,77.2314453125,36.5283203125
55.6151412,20.0244140625,76.4990234375,35.6982421875
55.6373346,20.6591796875,75.6689453125,33.8916015625
55.6757182,20.3173828125,74.4970703125,32.4267578125
55.6994546,19.3408203125,74.0087890625,31.3037109375
55.7373426,19.4873046875,73.2763671875,29.5458984375
55.757555,19.6337890625,72.1044921875,28.0322265625
55.7940044,18.6572265625,72.0068359375,25.9326171875
55.8182942,18.7548828125,70.4443359375,24.5166015625
55.8587466,18.1201171875,69.6142578125,22.0751953125
55.8786846,17.1923828125,68.3935546875,19.6337890625
55.9171147,16.4599609375,68.8330078125,17.3876953125
55.9362482,15.5810546875,71.6650390625,23.3447265625
55.9722508,15.2880859375,73.4228515625,38.8720703125
56.0007357,14.8486328125,74.6435546875,45.6591796875
56.0359327,13.7255859375,75.6201171875,46.5380859375
56.059202,12.9931640625,76.8408203125,45.5126953125
56.0954195,12.7001953125,77.9638671875,45.5126953125
56.1249319,12.1630859375,79.2822265625,46.3427734375
56.1646842,11.2841796875,78.8916015625,47.5634765625
56.1805359,11.3330078125,79.2822265625,45.8544921875
56.219363,10.1123046875,78.9404296875,43.9990234375
56.2385086,9.5263671875,79.7705078125,43.7060546875
56.2755906,9.9169921875,79.0869140625,44.0966796875
56.2997636,11.5771484375,78.9892578125,44.2431640625
56.3377272,14.7021484375,78.4033203125,43.2177734375
56.3629124,16.1181640625,78.1591796875,41.4599609375
56.4001078,16.9482421875,77.7685546875,39.3115234375
56.4190261,18.1689453125,77.1337890625,37.9443359375
56.4568055,18.6572265625,75.9619140625,35.9912109375
56.4805172,19.3896484375,76.1083984375,34.0380859375
56.5186869,19.9267578125,74.9365234375,32.8173828125
56.5429377,18.9013671875,74.2041015625,30.8154296875
56.5809749,18.3154296875,73.3251953125,29.4970703125
56.6058668,18.3642578125,73.0322265625,27.8369140625
56.6323068,18.4130859375,71.2744140625,25.8349609375
56.6851606,17.3876953125,70.4931640625,23.9306640625
56.693065,16.4111328125,68.9306640625,21.7333984375
56.7299731,15.1416015625,68.4423828125,19.6826171875
56.7526717,14.7021484375,69.1748046875,18.1201171875
56.7901084,14.1162109375,71.1767578125,27.3486328125
56.8123867,13.2373046875,72.5439453125,39.5068359375
56.8586583,13.1884765625,73.0810546875,43.1689453125
56.8773662,12.7490234375,73.2763671875,42.9248046875
56.9045681,11.6259765625,75.0830078125,40.8251953125
56.9368215,10.6982421875,75.5712890625,39.8974609375
56.965844,11.2841796875,75.5712890625,40.1904296875
56.9932985,9.9169921875,75.3271484375,38.8232421875
57.029559,9.9169921875,74.9853515625,37.5048828125
57.0540164,8.5986328125,75.6689453125,36.6748046875
57.0889882,8.1591796875,75.2783203125,37.2607421875
57.1183975,8.3544921875,74.7900390625,36.8701171875
57.1472725,10.8447265625,74.0087890625,35.8447265625
57.1750743,12.9443359375,74.1064453125,33.5009765625
57.2118882,13.9697265625,73.1787109375,31.4990234375
57.234378,14.3115234375,72.3974609375,30.8642578125
57.2723163,14.5068359375,71.6650390625,28.9111328125
57.2960332,15.5322265625,71.0302734375,27.2998046875
57.3400284,15.8251953125,70.3955078125,25.9326171875
57.3589269,14.6533203125,68.8818359375,23.9794921875
57.3861232,14.6044921875,68.0517578125,22.9052734375
57.4202479,14.5556640625,67.2216796875,21.1962890625
57.4491082,14.9462890625,66.8798828125,19.5361328125
57.4773125,14.0673828125,65.2197265625,17.8759765625
57.5047493,12.9443359375,65.5615234375,15.6787109375
57.5430685,12.6025390625,66.1962890625,14.7509765625
57.5686994,12.3095703125,68.2958984375,25.4931640625
57.6008693,11.5771484375,70.0048828125,36.3330078125
57.6296815,11.1865234375,70.4931640625,40.7275390625
57.6562936,10.6982421875,72.2998046875,39.7998046875
57.6917113,10.2099609375,73.0810546875,38.3349609375
57.71849,9.6240234375,73.3740234375,37.9931640625
57.7506521,8.8916015625,73.8134765625,38.8232421875
57.7796445,8.7939453125,74.4482421875,38.3837890625
57.8099239,9.1357421875,73.8623046875,36.8701171875
57.8372305,8.1103515625,74.0576171875,36.3330078125
57.8691321,7.5732421875,74.1064453125,36.0888671875
57.8984257,7.8173828125,73.7158203125,36.7236328125
57.9315938,10.2099609375,73.7158203125,35.7470703125
57.9614444,12.6513671875,72.7880859375,34.0869140625
57.9879756,14.3115234375,72.6416015625,32.2802734375
58.0226627,14.4580078125,72.0556640625,31.0107421875
58.0495991,15.5322265625,70.5908203125,29.1552734375
58.0837408,16.1669921875,70.2490234375,27.1533203125
58.1121443,16.3134765625,70.0537109375,26.1279296875
58.1392472,16.1669921875,68.5888671875,24.3701171875
58.1736371,15.7275390625,68.7841796875,23.2958984375
58.2028204,15.9716796875,67.6123046875,22.3681640625
58.229324,15.6298828125,66.7822265625,20.3662109375
58.2626146,15.7275390625,65.6591796875,18.7548828125
58.2933451,14.3115234375,64.6826171875,16.9482421875
58.3340485,13.8720703125,64.9267578125,14.5556640625
58.354034,13.5302734375,67.6611328125,19.0966796875
58.3977776,12.6025390625,69.3212890625,32.6220703125
58.4128752,11.8212890625,71.3232421875,40.1416015625
58.4433333,12.0654296875,72.2998046875,42.2412109375
58.4875627,11.7236328125,73.9599609375,41.5576171875
58.5078338,11.2353515625,75.2294921875,41.7041015625
58.5466058,10.9423828125,76.2548828125,43.5107421875
58.5656708,10.8935546875,76.1083984375,44.7314453125
58.5955798,10.6494140625,76.1083984375,44.2919921875
58.6348389,9.2333984375,77.0361328125,42.8271484375
58.6663282,8.8916015625,77.4267578125,41.6552734375
58.6838235,8.7939453125,77.0361328125,42.3876953125
58.7414842,9.8681640625,78.0126953125,42.5830078125
58.744564,12.7001953125,76.6943359375,41.8505859375
58.775706,14.7021484375,76.3037109375,40.2392578125
58.8137792,15.7275390625,76.4013671875,38.0908203125
58.8344767,16.3134765625,75.3271484375,36.6748046875
58.8784241,18.1201171875,75.0341796875,34.9658203125
58.8956236,18.4130859375,74.6435546875,33.4033203125
58.9384869,19.0966796875,73.7158203125,31.6943359375
58.9544247,18.8037109375,72.7392578125,30.0341796875
58.9952305,18.4130859375,70.9814453125,28.8623046875
59.0154312,18.6572265625,70.2490234375,26.9580078125
59.0575024,18.5107421875,69.9072265625,24.7607421875
59.0778213,18.3642578125,68.6865234375,23.1005859375
59.1156122,17.8759765625,67.9541015625,21.1962890625
59.1390961,16.1181640625,67.0751953125,19.1455078125
59.1765249,15.0927734375,67.0751953125,16.7529296875
59.1972174,14.2138671875,68.5400390625,17.4853515625
59.2307432,13.9697265625,70.9814453125,31.0107421875
59.2579787,14.0673828125,72.6416015625,41.0205078125
59.2962424,13.4326171875,73.3740234375,44.3408203125
59.319311,12.4560546875,74.9365234375,43.9013671875
59.3685647,12.4072265625,76.3037109375,42.9736328125
59.3888672,12.1142578125,77.9638671875,44.5361328125
59.4110617,11.5771484375,77.9150390625,45.4150390625
59.4476268,10.7958984375,77.9638671875,45.6103515625
59.4724037,9.4287109375,78.4033203125,44.0966796875
59.50952,9.3310546875,78.6474609375,42.4853515625
59.5299898,9.1357421875,78.3544921875,42.5830078125
59.5654115,9.1845703125,78.9404296875,43.1689453125
59.5900363,11.2841796875,77.6220703125,42.2412109375
59.627217,14.4091796875,77.2314453125,39.9462890625
59.6501544,16.1669921875,77.0849609375,38.7744140625
59.6883988,17.1435546875,76.4013671875,36.5771484375
59.7097191,18.0224609375,76.0107421875,34.3798828125
59.7470612,18.6083984375,74.4482421875,33.2568359375
59.7709793,18.9990234375,73.6181640625,30.8154296875
59.8068478,19.1943359375,73.5205078125,29.0576171875
59.8297338,18.9013671875,72.2509765625,28.3251953125
59.8668442,18.4130859375,71.4697265625,26.2744140625
59.8919697,18.1689453125,70.2001953125,24.0771484375
59.930204,17.9248046875,69.2724609375,22.1728515625
59.9616004,16.8994140625,68.6865234375,20.5615234375
59.9828636,16.1669921875,67.1728515625,17.5341796875
60.0197679,15.2880859375,66.2939453125,14.9462890625
60.0400829,14.2138671875,65.7080078125,12.8466796875
60.0774291,14.0673828125,66.0009765625,10.5029296875
60.1005576,12.9931640625,67.5146484375,15.3857421875
60.1394096,12.7978515625,69.7607421875,31.8408203125
60.1626725,12.4560546875,70.0048828125,37.5537109375
60.2000488,11.7236328125,70.8349609375,38.5791015625
60.224349,10.6494140625,71.9580078125,36.3330078125
60.2636152,10.8447265625,73.0810546875,35.4541015625
60.2840622,9.7705078125,72.9833984375,34.7216796875
60.3207828,9.2822265625,72.9345703125,34.9658203125
60.3430927,8.7939453125,72.8369140625,32.5244140625
60.3796097,8.0615234375,73.5693359375,32.3291015625
60.4042431,7.0849609375,72.8369140625,31.5966796875
60.4458204,7.3291015625,72.0068359375,31.5966796875
60.4676576,6.8896484375,72.1533203125,30.5712890625
60.5022204,10.5029296875,71.2744140625,28.7646484375
60.5224751,13.2861328125,71.1279296875,27.6904296875
60.556994,13.1396484375,70.6396484375,25.0048828125
60.585166,14.3115234375,69.8583984375,23.2958984375
60.6370118,14.3603515625,68.3447265625,21.3916015625
60.6572627,15.1904296875,67.7587890625,20.0732421875
60.6762326,15.5322265625,67.0263671875,18.0712890625
60.7140766,14.5556640625,66.6845703125,15.9228515625
60.7476384,14.0185546875,65.0732421875,15.0927734375
60.7647832,14.5556640625,64.4384765625,13.9697265625
60.8023858,14.1650390625,63.3642578125,11.7236328125
60.8252802,14.0185546875,62.3388671875,9.4287109375
60.873365,13.1884765625,62.3876953125,7.4755859375
60.903679,12.1630859375,63.8525390625,5.9619140625
60.9167756,11.2353515625,64.9755859375,15.7763671875
60.9520407,10.6982421875,66.8310546875,28.7646484375
60.9771202,9.9658203125,67.2216796875,32.6708984375
61.0142063,10.1123046875,68.3447265625,33.5986328125
61.0384009,9.5751953125,69.1259765625,31.9873046875
61.077828,9.2822265625,70.7861328125,31.3037109375
61.0991391,9.0869140625,70.3955078125,32.4755859375
61.15159,8.2568359375,70.0537109375,32.0361328125
61.1708725,8.0126953125,70.2978515625,29.7900390625
61.1916469,7.8662109375,70.2490234375,29.4970703125
61.228956,6.9873046875,70.6884765625,29.4970703125
61.2490661,6.7431640625,70.2490234375,29.3017578125
61.2872302,6.9873046875,69.4677734375,28.9599609375
61.3075832,11.3818359375,69.4677734375,27.5439453125
61.346025,13.3349609375,68.2470703125,25.3955078125
61.3718781,14.0185546875,67.2705078125,22.5634765625
61.4090691,15.0439453125,67.8076171875,21.2939453125
61.4291923,15.8740234375,66.6845703125,19.7314453125
61.4683378,16.8017578125,66.0009765625,17.3876953125
61.4895461,16.2646484375,64.9755859375,15.9228515625
61.5285388,15.8251953125,64.0966796875,14.9462890625
61.5530168,15.3857421875,62.9736328125,12.9931640625
61.59191,16.1181640625,62.0458984375,11.0888671875
61.6127463,15.1416015625,61.6064453125,8.9892578125
61.65167,15.1904296875,60.0439453125,6.5478515625
61.6748425,14.6533203125,59.3115234375,4.8876953125
61.7171523,13.6279296875,59.2138671875,1.9091796875
61.731102,13.4814453125,61.4111328125,3.9599609375
61.7683595,12.3095703125,63.8037109375,21.4404296875
61.7944036,11.7724609375,64.9755859375,31.5966796875
61.830807,11.1865234375,65.6103515625,33.9892578125
61.8540906,10.2587890625,67.4169921875,33.5498046875
61.891209,10.0146484375,68.9794921875,33.1591796875
61.9146156,9.9658203125,70.2490234375,33.5986328125
61.9506995,8.8427734375,70.4443359375,36.2353515625
61.9740948,8.5986328125,70.1025390625,37.0166015625
62.0124032,8.2080078125,70.4443359375,33.7451171875
62.0348036,7.4267578125,70.7373046875,32.9150390625
62.0721911,7.1337890625,71.0302734375,32.7685546875
62.0934436,6.8896484375,70.2978515625,33.2080078125
62.1309258,8.4033203125,70.0537109375,31.8896484375
62.1528207,12.1630859375,69.7607421875,31.1083984375
62.1911988,13.5302734375,69.0283203125,28.7158203125
62.2168902,14.9951171875,68.9306640625,26.5185546875
62.2446667,15.4345703125,67.5634765625,24.1748046875
62.2781349,16.8017578125,67.5634765625,22.5634765625
62.3056221,17.1923828125,66.1474609375,20.5126953125
62.3387611,18.0224609375,65.7080078125,18.7548828125
62.3670177,17.5830078125,64.8291015625,16.8017578125
62.3979139,17.3388671875,63.8037109375,14.9951171875
62.4273168,16.8994140625,63.0224609375,12.6025390625
62.4567034,16.8505859375,62.4365234375,10.4541015625
62.487871,16.0693359375,60.2392578125,8.2568359375
62.5178327,15.4345703125,59.3603515625,5.9619140625
62.5491645,13.9208984375,58.9208984375,3.4228515625
62.5749473,13.0908203125,57.7490234375,1.0302734375
62.6120358,12.8466796875,57.6513671875,-1.4599609375
62.6371686,12.3095703125,59.7998046875,-0.7763671875
62.6716875,11.8212890625,61.8505859375,19.4384765625
62.6976912,11.1865234375,62.8271484375,30.3271484375
62.7279682,10.9423828125,63.9013671875,33.8916015625
62.7597703,9.5751953125,66.0986328125,33.0615234375
62.7876501,9.5751953125,66.5869140625,31.5966796875
62.817586,8.9892578125,67.6123046875,31.5478515625
62.8495725,7.5244140625,67.9541015625,32.2314453125
62.8777814,7.7197265625,68.1005859375,31.9384765625
62.9091075,7.3291015625,67.5146484375,29.4482421875
62.9402441,6.5478515625,67.8076171875,27.3486328125
62.9692004,5.9619140625,68.1494140625,27.2021484375
63.0000387,6.3525390625,67.5146484375,27.0068359375
63.0313703,6.4013671875,66.8798828125,26.7138671875
63.0578961,9.7216796875,66.6357421875,24.6630859375
63.0932399,12.0166015625,66.2451171875,22.0263671875
63.1210982,13.2373046875,65.8056640625,19.9755859375
63.1479556,13.9697265625,64.8779296875,17.7294921875
63.182381,14.6044921875,64.4384765625,15.0927734375
63.2106715,15.2392578125,64.2919921875,12.8955078125
63.2438289,15.9228515625,62.8759765625,11.2841796875
63.2736863,15.7275390625,62.3388671875,9.0869140625
63.3154088,15.0439453125,60.8251953125,7.5244140625
63.3347507,14.6533203125,60.1904296875,5.3271484375
63.3598308,14.8974609375,59.2626953125,3.8623046875
63.3911017,14.1162109375,58.0419921875,1.7138671875
63.4222823,13.0419921875,56.8701171875,-1.2158203125
63.4517423,11.9189453125,56.0888671875,-4.2919921875
63.481229,10.8935546875,55.0146484375,-6.8310546875
63.5139323,10.1123046875,56.5283203125,-9.4677734375
63.5433401,9.5751953125,58.6279296875,3.2763671875
63.5879482,8.9404296875,60.0439453125,21.0009765625
63.6025027,8.9404296875,60.2392578125,25.9326171875
63.6311809,8.2080078125,61.6552734375,25.6884765625
63.6660868,7.5732421875,61.4599609375,22.2705078125
63.6940296,7.1826171875,62.7294921875,20.4150390625
63.7275305,6.4013671875,62.0947265625,20.1708984375
63.7546358,5.9619140625,62.0458984375,19.0966796875
63.7845162,5.1806640625,61.9970703125,16.4111328125
63.8209887,4.3994140625,62.6806640625,15.1904296875
63.8456244,3.4228515625,62.3876953125,16.0693359375
63.8743614,3.4716796875,61.8994140625,16.2646484375
63.9072193,2.6904296875,61.2646484375,14.8974609375
63.9435687,4.4482421875,60.6787109375,12.8466796875
63.9629191,8.5009765625,60.3857421875,10.9912109375
64.0045508,8.9404296875,58.6767578125,8.0615234375
64.0247014,9.5751953125,58.6279296875,5.5224609375
64.066367,10.3076171875,58.1396484375,3.9111328125
64.0857441,9.4775390625,57.1142578125,1.5673828125
64.1254886,10.2587890625,55.9912109375,0.6884765625
64.1436831,9.6728515625,55.5029296875,-2.0458984375
64.1870698,9.2333984375,54.4287109375,-3.2666015625
64.2052642,9.0380859375,53.3544921875,-5.0244140625
64.2423539,9.5751953125,52.5244140625,-6.4404296875
64.2669836,9.2333984375,51.9873046875,-9.1748046875
64.3040699,8.8427734375,52.1826171875,-11.2744140625
64.3275331,8.3056640625,54.3310546875,-7.9541015625
64.3698744,7.1826171875,56.3818359375,12.0166015625
64.3918039,6.4990234375,57.4072265625,20.8056640625
64.4194759,6.0595703125,57.4072265625,22.3193359375
64.4560258,5.3271484375,58.6767578125,20.6103515625
64.4804052,4.8388671875,59.2138671875,18.6083984375
64.5185684,5.0341796875,59.9951171875,17.9248046875
64.5367208,4.2529296875,59.7998046875,18.2177734375
64.5745446,4.4970703125,59.9462890625,16.0205078125
64.6024957,3.5205078125,59.8486328125,14.8974609375
64.6483563,3.4228515625,59.8486328125,15.7275390625
64.6614228,2.5439453125,59.4580078125,15.6787109375
64.6974335,2.2998046875,59.6533203125,14.7998046875
64.7211322,2.5439453125,59.0673828125,13.0908203125
64.7716698,5.9130859375,57.9931640625,11.3330078125
64.7775405,7.6220703125,57.7490234375,9.0380859375
64.8141489,9.1357421875,57.2119140625,7.3291015625
64.8411608,9.4775390625,56.3330078125,4.6923828125
64.869777,10.3564453125,55.8447265625,2.6416015625
64.9070482,10.6494140625,54.6240234375,0.8837890625
64.9289714,11.3330078125,54.0380859375,-1.0205078125
64.9767483,11.2353515625,53.5986328125,-2.4853515625
64.9919889,10.5029296875,52.0849609375,-4.4384765625
65.0302484,10.7958984375,51.2548828125,-6.5380859375
65.0523688,10.5517578125,50.3759765625,-7.9052734375
65.0884945,10.5029296875,49.9853515625,-11.4697265625
65.1102454,9.5751953125,51.4990234375,-12.6904296875
65.1475423,9.3310546875,53.5498046875,-2.7783203125
65.1732544,8.4033203125,55.8447265625,17.0947265625
65.2117752,7.8662109375,56.5283203125,24.4677734375
65.2309512,7.4755859375,58.2861328125,25.8349609375
65.26803,7.5732421875,58.2861328125,24.7119140625
65.2924663,7.3291015625,60.5810546875,24.4189453125
65.3337094,6.5478515625,60.7763671875,25.0048828125
65.3533815,6.4013671875,61.3623046875,25.7373046875
65.3935171,6.0595703125,61.5087890625,25.4443359375
65.4148759,5.5224609375,61.2158203125,22.9541015625
65.4399847,5.0830078125,61.6552734375,22.4169921875
65.4782293,4.4482421875,61.7041015625,22.8564453125
65.5035933,4.3017578125,61.2646484375,23.0029296875
65.5525975,4.8876953125,60.7763671875,21.5380859375
65.5645417,8.4521484375,60.8740234375,19.8291015625
65.6020901,10.6005859375,60.6787109375,17.4365234375
65.6250833,11.0888671875,59.5068359375,14.9462890625
65.6622303,12.2119140625,58.8720703125,13.2861328125
65.6826415,13.5791015625,58.4326171875,10.7470703125
65.7191931,13.9697265625,58.1396484375,8.9892578125
65.746763,14.1650390625,57.0166015625,7.3779296875
65.7788607,14.3603515625,56.5771484375,5.5712890625
65.8080833,13.9697265625,55.6494140625,3.5693359375
65.8358438,13.7255859375,55.0146484375,1.7138671875
65.8633015,13.8720703125,53.5009765625,-0.0439453125
65.9002015,13.1396484375,52.6220703125,-3.0224609375
65.9232544,12.7978515625,52.2802734375,-5.4150390625
65.9595654,12.0166015625,51.2060546875,-7.6611328125
65.986359,11.0400390625,52.8173828125,-10.0537109375
66.0254112,10.3564453125,55.6494140625,4.6923828125
66.048499,10.4052734375,56.9189453125,23.8818359375
66.0887278,9.0869140625,58.3837890625,30.1318359375
66.1106698,9.7705078125,59.3603515625,31.3525390625
66.1386042,8.9404296875,61.1669921875,29.8388671875
66.1683667,7.9638671875,62.3388671875,29.2529296875
66.2064593,7.7197265625,62.2900390625,29.6435546875
66.2297076,7.4755859375,62.4365234375,30.2783203125
66.2679833,6.5966796875,62.7783203125,29.0576171875
66.2909752,6.1572265625,62.6318359375,27.0556640625
66.3282737,5.3271484375,62.7294921875,26.1279296875
66.34719,4.9853515625,62.7294921875,26.6650390625
66.3877928,4.5947265625,62.5830078125,25.4443359375
66.4067226,5.4248046875,62.0947265625,24.3701171875
66.4455625,8.2080078125,61.2158203125,22.0263671875
66.4714584,10.5029296875,60.6787109375,19.8291015625
66.5170175,11.7724609375,60.6787109375,17.0458984375
66.5310411,12.0654296875,60.2392578125,14.4580078125
66.560607,13.0908203125,59.0673828125,12.4072265625
66.5880591,14.2138671875,59.0673828125,10.9423828125
66.6230394,13.9697265625,57.7978515625,7.9150390625
66.6606064,14.2626953125,57.0654296875,6.2548828125
66.6776301,13.8232421875,56.7236328125,3.4228515625
66.7153237,13.2373046875,55.4541015625,1.7626953125
66.7387537,13.7744140625,54.7216796875,-0.8251953125
66.7751009,13.2373046875,53.3544921875,-3.0224609375
66.8003423,12.7978515625,52.5244140625,-5.9033203125
66.8373798,11.9677734375,52.1337890625,-8.3447265625
66.8615235,10.4541015625,51.4501953125,-11.6162109375
66.8981965,9.9169921875,54.0869140625,-12.0068359375
66.9196643,9.4775390625,55.7470703125,12.0166015625
66.955921,8.9404296875,56.9677734375,26.0302734375
66.9839138,8.5009765625,57.7001953125,29.1552734375
67.0135685,8.4033203125,57.8466796875,27.5927734375
67.0439607,7.4755859375,59.4580078125,25.3466796875
67.0812294,7.7685546875,59.7021484375,22.7099609375
67.1046174,6.0107421875,59.8486328125,23.2470703125
67.1339778,6.0595703125,59.7021484375,21.2451171875
67.1633251,5.0830078125,59.7998046875,18.6572265625
67.2003255,4.7412109375,59.8486328125,19.1455078125
67.2245545,4.4482421875,59.9462890625,19.3408203125
67.2535845,3.9599609375,59.8486328125,18.5595703125
67.28451,4.2041015625,59.4091796875,17.3388671875
67.3145721,4.3017578125,58.2861328125,15.5322265625
67.34582,7.1337890625,57.4072265625,12.0166015625
67.3758015,9.0380859375,57.7490234375,9.4775390625
67.4032048,10.0146484375,57.1630859375,7.3779296875
67.4355419,10.0146484375,56.4306640625,4.7900390625
67.4651276,10.7470703125,55.5517578125,2.3486328125
67.4977084,11.3330078125,54.9658203125,0.4443359375
67.5255227,10.6982421875,54.6240234375,-1.5576171875
67.5552009,10.8935546875,53.3056640625,-3.4619140625
67.5847805,10.6005859375,52.6708984375,-5.4150390625
67.6183731,10.5517578125,51.4501953125,-7.2216796875
67.6477668,10.3076171875,50.6201171875,-10.3466796875
67.6782588,9.8681640625,51.2548828125,-12.4462890625
67.7062398,9.1357421875,53.4033203125,-10.0048828125
67.7368968,8.4521484375,55.1611328125,12.7001953125
67.7696001,7.5732421875,55.8935546875,23.6376953125
67.7959053,6.7431640625,55.8935546875,25.8349609375
67.8320373,7.3779296875,57.1142578125,23.4423828125
67.8601984,6.1572265625,58.1396484375,21.0009765625
67.8886112,6.0107421875,58.0419921875,20.3662109375
67.9172494,6.2060546875,57.5537109375,18.6083984375
67.967174,5.7177734375,57.8466796875,16.1181640625
67.9861658,4.8876953125,58.1884765625,14.8974609375
68.0096687,4.8388671875,58.1884765625,15.8740234375
68.0399883,3.9111328125,58.2373046875,16.7529296875
68.0691194,4.0087890625,57.7978515625,16.7041015625
68.1011716,3.3740234375,57.3095703125,14.2626953125
68.1276265,4.5947265625,56.6748046875,11.8701171875
68.1617697,7.3291015625,56.0400390625,8.2568359375
68.191441,8.9892578125,55.9423828125,5.2783203125
68.2174917,9.7216796875,55.1611328125,3.7158203125
68.2502379,10.4052734375,54.2333984375,1.1767578125
68.2811042,10.8935546875,53.9892578125,-1.6552734375
68.3076462,11.6259765625,53.2080078125,-3.1689453125
68.3432847,11.3330078125,51.8408203125,-5.2685546875
68.370674,10.5517578125,51.6943359375,-6.4892578125
68.4004946,11.0400390625,50.4736328125,-8.1982421875
68.4320431,10.8447265625,50.0341796875,-11.4697265625
68.4621448,10.9423828125,50.1806640625,-13.9111328125
68.4933254,11.2841796875,52.9638671875,-12.9345703125
68.5215146,9.8193359375,55.1611328125,8.5498046875
68.549813,9.8681640625,55.7958984375,23.5888671875
68.5832536,9.0869140625,57.6025390625,27.0068359375
68.6125309,9.1357421875,57.9443359375,26.4208984375
68.6409519,8.8427734375,59.7509765625,24.6630859375
68.6727905,7.9150390625,60.8251953125,24.4677734375
68.7025462,8.0126953125,60.5810546875,24.7119140625
68.7299337,7.3291015625,60.9228515625,25.2001953125
68.7643727,7.0361328125,60.8740234375,23.1494140625
68.7924724,6.9873046875,61.0693359375,21.7333984375
68.8261476,6.4013671875,61.5087890625,21.6357421875
68.8540087,6.1083984375,61.2158203125,22.1728515625
68.8831027,6.3525390625,61.2646484375,20.4150390625
68.9153179,6.3037109375,61.1181640625,18.6572265625
68.9432146,9.1357421875,60.4833984375,16.4111328125
68.9729846,11.2353515625,60.2880859375,13.6767578125
69.0061513,12.4560546875,60.0927734375,12.1630859375
69.0330844,12.7490234375,59.5068359375,10.0146484375
69.066526,13.8232421875,58.8232421875,7.5732421875
69.0960813,14.7998046875,58.2861328125,5.4736328125
69.1243797,15.1904296875,57.5537109375,4.3505859375
69.1581779,15.3857421875,56.4794921875,2.7392578125
69.1860933,14.2138671875,56.2353515625,0.2978515625
69.2153809,14.4580078125,55.3076171875,-1.4111328125
69.2535021,14.4091796875,55.1123046875,-3.9501953125
69.274957,14.1162109375,54.1845703125,-6.7333984375
69.3131415,13.9208984375,54.9658203125,-9.5654296875
69.3383258,12.7001953125,56.9677734375,-4.7314453125
69.3676682,12.1630859375,58.9697265625,18.4130859375
69.4031895,11.1865234375,60.0927734375,29.9365234375
69.4276987,11.0400390625,61.8017578125,31.8408203125
69.4553674,10.8935546875,63.3154296875,30.7666015625
69.5078025,10.1611328125,64.5849609375,29.4970703125
69.5157707,9.6240234375,65.0732421875,29.8876953125
69.5536016,9.1357421875,65.5126953125,30.5224609375
69.5776088,8.9892578125,65.6103515625,30.6689453125
69.6059967,8.2080078125,65.6591796875,27.3486328125
69.6428091,8.1103515625,66.4892578125,27.3486328125
69.6683735,7.1337890625,66.5869140625,26.9580078125
69.6965349,6.9384765625,66.3916015625,26.5185546875
69.7373239,6.8896484375,66.6357421875,26.3232421875
69.7582971,7.3779296875,65.7568359375,24.0283203125
69.7863219,10.6005859375,66.2939453125,21.6845703125
69.8224646,12.6513671875,64.9267578125,19.4384765625
69.850211,13.1884765625,65.2685546875,17.9248046875
69.8867026,14.3115234375,63.9990234375,14.5556640625
69.9099682,15.7275390625,64.0478515625,13.5302734375
69.9381115,15.4833984375,63.0224609375,11.2841796875
69.9750035,16.0693359375,62.6318359375,9.4287109375
69.9981314,15.8740234375,61.5087890625,8.4521484375
70.0514584,15.6787109375,61.0693359375,6.5478515625
70.0620216,15.7763671875,59.8486328125,4.8876953125
70.0918833,15.1416015625,59.3603515625,2.4951171875
70.1204177,14.5068359375,58.2373046875,0.2978515625
70.1519636,14.1650390625,58.0419921875,-2.5341796875
70.1813694,13.2861328125,59.0673828125,-5.6103515625
70.2125897,12.3583984375,60.9716796875,0.1025390625
70.2423518,11.3818359375,62.9248046875,23.0029296875
70.2698487,11.0400390625,63.9013671875,32.1337890625
70.3070828,10.8935546875,64.8291015625,34.3310546875
70.3323741,11.0400390625,66.3427734375,31.9384765625
70.3623383,9.8193359375,67.5146484375,30.3759765625
70.4106472,8.9892578125,67.7587890625,29.8388671875
70.419784,8.8427734375,67.5146484375,30.5224609375
70.449849,8.2080078125,67.6123046875,28.9111328125
70.4862915,7.0361328125,68.1494140625,27.1044921875
70.5112572,5.7177734375,67.8564453125,26.8115234375
70.5467911,5.5712890625,68.0029296875,27.7392578125
70.5753668,5.9619140625,67.8564453125,27.2021484375
70.6031656,4.9853515625,67.2705078125,25.7861328125
70.6416963,5.8642578125,67.8564453125,24.3212890625
70.6623636,7.8173828125,66.5869140625,21.7822265625
70.6988536,10.4541015625,66.8310546875,19.8291015625
70.7262929,12.2119140625,66.0498046875,17.9736328125
70.754771,12.3095703125,65.5615234375,16.0693359375
70.7873363,13.0419921875,65.0244140625,14.7998046875
70.8176125,13.5791015625,64.8291015625,12.9443359375
70.8438402,14.3115234375,63.7548828125,11.1865234375
70.8756771,13.1396484375,62.9736328125,9.9169921875
70.9061068,12.6025390625,62.1435546875,8.1591796875
70.9335528,12.5537109375,60.8251953125,6.8896484375
70.9852859,12.7978515625,59.9462890625,4.2529296875
70.9949297,12.0654296875,59.6533203125,1.9580078125
71.0239969,11.8701171875,61.2158203125,-0.0439453125
71.0572182,10.4052734375,63.2666015625,11.2841796875
71.0927062,8.9404296875,64.7314453125,28.8623046875
71.116927,8.5986328125,65.0244140625,34.2333984375
71.1527077,8.6962890625,65.3662109375,34.0869140625
71.1768556,7.6708984375,67.0751953125,32.2314453125
71.2105002,7.3779296875,67.1728515625,30.2783203125
71.2388031,7.1337890625,67.3681640625,29.6435546875
71.2704528,6.1572265625,67.6611328125,28.8134765625
71.2986525,6.1083984375,68.1494140625,26.7138671875
71.3344595,5.7666015625,67.8564453125,26.3720703125
71.355162,4.8388671875,67.8564453125,28.0322265625
71.3911529,4.1552734375,67.4658203125,28.1787109375
71.4158407,3.5205078125,67.0751953125,27.5439453125
71.450358,2.7392578125,66.4892578125,24.8095703125
71.4797635,3.8623046875,66.0986328125,23.1494140625
71.50626,7.4755859375,65.8056640625,21.4892578125
71.5436158,9.4287109375,65.9033203125,19.3896484375
71.5683296,9.5263671875,64.6826171875,17.9248046875
71.6011084,10.0146484375,64.3896484375,16.6064453125
71.6385458,10.8935546875,63.5107421875,15.3857421875
71.660033,10.8935546875,62.3876953125,13.9697265625
71.6865648,11.5771484375,61.6064453125,13.2373046875
71.7201981,11.0400390625,61.4599609375,11.3818359375
71.7478335,10.4052734375,60.2392578125,10.1123046875
71.7844943,11.4794921875,59.8974609375,7.9638671875
71.8115152,10.7958984375,60.9228515625,6.9384765625
71.8382716,10.9912109375,64.0478515625,13.0419921875
71.8734287,10.6494140625,64.9755859375,30.5712890625
71.9016626,9.6728515625,66.3916015625,38.5791015625
71.9351381,9.1357421875,67.2216796875,39.6533203125
71.9622939,8.3544921875,69.1259765625,38.6767578125
71.9915004,8.5498046875,69.8095703125,37.2607421875
72.0182865,8.2568359375,71.0791015625,37.9931640625
72.0536407,7.3779296875,70.4443359375,38.6279296875
72.0819218,7.0849609375,70.8349609375,37.6025390625
72.1135338,6.6455078125,71.6650390625,36.8701171875
72.1414786,6.1572265625,72.1044921875,36.8212890625
72.1712561,6.4990234375,72.3486328125,37.0166015625
72.2047145,6.1083984375,72.1533203125,36.9189453125
72.2409722,4.9365234375,71.7626953125,36.4306640625
72.2641298,5.3271484375,71.0302734375,35.1611328125
72.2932122,8.4521484375,71.3232421875,33.3544921875
72.3300566,10.9912109375,70.5908203125,32.5244140625
72.3544198,12.4560546875,70.6884765625,30.9130859375
72.3849845,13.9697265625,70.2490234375,29.4970703125
72.4158377,14.4091796875,69.0283203125,28.2275390625
72.4641072,15.4345703125,68.6376953125,27.1044921875
72.4829733,15.7275390625,67.8564453125,25.8349609375
72.5210679,15.7763671875,68.0517578125,24.5166015625
72.5412761,15.6298828125,66.3427734375,23.2958984375
72.5645985,14.8974609375,65.3662109375,21.5869140625
72.6141697,15.0927734375,64.8291015625,20.0244140625
72.6346058,15.6787109375,64.1455078125,17.7783203125
72.6535157,14.5068359375,64.5361328125,15.3369140625
72.6869464,13.1884765625,66.8798828125,16.8017578125
72.7170992,12.7978515625,68.9794921875,36.0400390625
72.743281,11.8701171875,70.7373046875,45.7568359375
72.7942409,11.7236328125,72.4462890625,50.3466796875
72.8142999,11.1376953125,73.7646484375,49.7119140625
72.8385643,11.3818359375,75.6689453125,49.0771484375
72.8674205,10.4541015625,76.0595703125,50.2978515625
72.8951614,10.3564453125,76.1572265625,52.2509765625
72.9448089,9.9169921875,76.3037109375,52.4462890625
72.9649197,9.4775390625,77.0849609375,50.7373046875
72.9857819,9.0869140625,77.4755859375,49.5166015625
73.0197028,8.5009765625,77.4755859375,49.7119140625
73.0469426,7.4267578125,77.3779296875,50.5908203125
73.0751448,7.3291015625,77.7197265625,50.5908203125
73.1261735,7.2802734375,77.3779296875,49.1259765625
73.1454021,8.7939453125,77.0361328125,48.3935546875
73.1698961,11.9677734375,76.8896484375,47.1240234375
73.2161894,13.6767578125,76.2548828125,45.9521484375
73.2363425,15.0927734375,75.0341796875,43.6572265625
73.2602466,15.5810546875,74.8876953125,42.5830078125
73.2883243,16.4111328125,74.5458984375,41.1669921875
73.3193213,16.9970703125,73.6181640625,39.7998046875
73.3683671,17.1435546875,73.0322265625,38.5791015625
73.388376,16.5087890625,71.9580078125,36.6748046875
73.4076106,16.9970703125,71.4208984375,34.6728515625
73.4399073,16.5087890625,70.3955078125,33.2080078125
73.4724023,16.3134765625,69.8583984375,31.3525390625
73.5171265,15.8251953125,68.5888671875,29.1552734375
73.5373911,15.8251953125,67.9541015625,27.1044921875
73.5609246,14.3603515625,67.9541015625,24.8583984375
73.5933061,13.2861328125,69.7119140625,23.4423828125
73.6199529,12.7978515625,71.0791015625,37.3583984375
73.6526892,12.3583984375,72.7880859375,52.4462890625
73.681058,12.7978515625,73.8623046875,58.5986328125
73.7106764,11.7236328125,74.7900390625,58.3056640625
73.7379325,10.9912109375,76.8896484375,56.4501953125
73.7719784,10.6494140625,77.1337890625,55.2783203125
73.8006956,10.5029296875,77.5732421875,55.9619140625
73.8506023,9.7705078125,77.5732421875,56.8408203125
73.8706562,8.7451171875,77.1826171875,55.1318359375
73.8907289,8.1103515625,77.9150390625,53.7158203125
73.9411151,7.3291015625,78.2080078125,54.4970703125
73.9613141,7.0361328125,77.7685546875,54.9365234375
73.9872761,6.3037109375,77.6708984375,54.0087890625
74.0140201,6.1572265625,77.4755859375,53.3251953125
74.041183,6.0595703125,76.9384765625,51.3720703125
74.0757928,8.1591796875,76.4501953125,49.2724609375
74.1183923,11.4794921875,76.2548828125,47.0263671875
74.1384187,12.4560546875,75.0830078125,45.8056640625
74.1826187,12.7978515625,74.5458984375,43.8037109375
74.2026435,13.2373046875,74.3505859375,42.5830078125
74.224618,14.6533203125,73.5693359375,41.2158203125
74.2549829,14.6533203125,72.7392578125,40.4833984375
74.2858837,14.3115234375,71.5673828125,39.0185546875
74.3161203,14.0673828125,71.1767578125,36.7724609375
74.3455148,13.9208984375,69.7119140625,35.1611328125
74.3746421,13.7744140625,69.3701171875,32.7197265625
74.4081875,13.5302734375,69.3701171875,30.7666015625
74.4508558,12.7001953125,71.1279296875,30.7177734375
74.4717646,12.1630859375,73.1787109375,46.6845703125
74.4962539,11.1376953125,74.4482421875,57.7197265625
74.5262521,10.5517578125,74.8388671875,61.2841796875
74.5527409,9.9658203125,75.5712890625,59.8193359375
74.5866457,9.4287109375,76.1572265625,57.9638671875
74.6164133,9.1357421875,76.6455078125,57.4755859375
74.6541057,8.5498046875,76.6455078125,58.0126953125
74.6957932,8.3544921875,75.9619140625,56.4013671875
74.714942,7.5244140625,76.4013671875,54.4482421875
74.7377248,7.2314453125,76.9384765625,55.4248046875
74.7685505,7.3779296875,76.1083984375,55.6201171875
74.794331,6.5478515625,76.1572265625,55.7177734375
74.8435574,5.4248046875,75.3759765625,54.1552734375
74.8586641,5.5224609375,75.3759765625,52.7392578125
74.89115,5.8642578125,74.8388671875,50.3466796875
74.9175436,8.6474609375,73.7158203125,48.8818359375
74.9474775,11.2841796875,73.6669921875,46.0498046875
74.981849,11.4794921875,72.4951171875,44.6826171875
75.0096504,11.8701171875,72.2998046875,43.4130859375
75.0379118,13.1396484375,71.3720703125,41.2158203125
75.0885892,12.6025390625,70.4443359375,40.4345703125
75.097459,12.7978515625,69.3212890625,38.7255859375
75.1370804,12.2119140625,68.3935546875,36.9189453125
75.1594028,12.2119140625,67.7099609375,35.3564453125
75.1896609,12.2607421875,67.2705078125,32.8662109375
75.2221706,12.9931640625,68.6376953125,31.4501953125
75.2509516,12.8466796875,71.3232421875,39.4091796875
75.2802961,12.4072265625,72.5439453125,56.3037109375
75.3129069,10.8935546875,73.7646484375,64.3115234375
75.3394569,10.0634765625,75.0830078125,66.1669921875
75.3743929,9.6728515625,75.9619140625,64.5068359375
75.4009688,9.4775390625,77.4267578125,63.7744140625
75.4297763,9.4287109375,77.0849609375,64.9462890625
75.4601166,8.2568359375,77.1337890625,66.4599609375
75.4906499,8.7939453125,77.7197265625,65.4833984375
75.5216692,7.6708984375,77.7197265625,63.3349609375
75.5531329,7.5732421875,78.2080078125,63.1396484375
75.5840518,7.0849609375,78.1591796875,63.4326171875
75.6277028,7.4267578125,78.2568359375,63.4326171875
75.6448372,5.6201171875,77.2314453125,62.9931640625
75.6729851,6.3037109375,77.3291015625,60.2587890625
75.7045022,7.3291015625,77.2314453125,58.4521484375
75.7343546,10.6005859375,76.4501953125,56.5966796875
75.7631117,12.7001953125,76.4013671875,54.8876953125
75.7913584,13.6767578125,75.2294921875,52.9833984375
75.8254944,14.3603515625,74.3994140625,50.8837890625
75.8527804,15.3369140625,74.0576171875,49.5654296875
75.8902297,15.9716796875,73.3740234375,48.0517578125
75.9133359,16.9970703125,72.3974609375,46.6357421875
75.9435007,16.6064453125,71.9091796875,44.7314453125
75.9936064,16.1669921875,70.4443359375,43.1689453125
76.0015159,15.6787109375,69.3212890625,40.4345703125
76.0356055,15.5810546875,68.9794921875,38.3837890625
76.0655841,15.3857421875,68.2958984375,35.8447265625
76.0939502,15.0439453125,70.1025390625,33.2080078125
76.1257474,14.0185546875,72.4462890625,45.5126953125
76.1551636,13.0419921875,73.9111328125,62.5537109375
76.1860709,12.9443359375,75.3759765625,69.6337890625
76.2169764,11.7236328125,76.4013671875,70.0732421875
76.244446,11.5283203125,78.0615234375,69.1943359375
76.2734407,11.4794921875,79.3310546875,69.1455078125
76.3092928,10.5029296875,79.0869140625,69.8779296875
76.3350891,10.3076171875,79.5263671875,71.3916015625
76.3681726,9.7705078125,79.7216796875,69.8291015625
76.3981737,9.5263671875,80.2099609375,68.0224609375
76.4257684,9.1845703125,80.5029296875,66.9970703125
76.4586846,8.0615234375,80.2587890625,67.9248046875
76.4867992,7.4755859375,80.2587890625,66.8017578125
76.514545,7.2314453125,80.0634765625,66.5576171875
76.5486339,7.8173828125,79.6728515625,64.0673828125
76.5787213,8.3544921875,78.9404296875,62.2119140625
76.61076,11.6259765625,78.5498046875,59.6728515625
76.6397347,13.4814453125,77.4755859375,57.9638671875
76.6667407,14.2138671875,77.5244140625,56.5478515625
76.701311,15.1904296875,76.6455078125,54.0087890625
76.7283528,16.6552734375,75.8154296875,52.8857421875
76.7574369,16.9482421875,75.0341796875,50.7373046875
76.7895843,17.6806640625,74.5947265625,48.8330078125
76.8197016,17.1923828125,73.4228515625,46.5869140625
76.8487644,17.4853515625,72.6416015625,44.3408203125
76.8825603,17.4365234375,71.7138671875,42.2900390625
76.9078068,16.3134765625,70.5908203125,40.4345703125
76.942517,15.9228515625,69.5654296875,37.8955078125
76.9707729,15.6787109375,69.3212890625,35.7470703125
77.0010039,14.7998046875,69.7119140625,32.6220703125
77.0308933,13.3837890625,71.4208984375,33.5498046875
77.0620839,12.8955078125,73.1787109375,52.7880859375
77.0913988,12.7001953125,74.2529296875,64.3115234375
77.1235038,12.2607421875,75.4736328125,67.6806640625
77.1512776,11.8701171875,76.4013671875,65.9716796875
77.179161,11.0888671875,77.6708984375,64.7998046875
77.2132566,10.0146484375,78.1103515625,63.9697265625
77.2407889,9.9658203125,77.9638671875,64.7509765625
77.2729719,9.4775390625,78.3056640625,64.1650390625
77.3031639,7.9638671875,78.6474609375,62.1630859375
77.3357703,8.1591796875,78.6474609375,61.4306640625
77.3626216,6.9873046875,78.4033203125,61.1865234375
77.3908841,6.6943359375,77.3291015625,61.0400390625
77.4259738,6.6943359375,78.0615234375,60.7470703125
77.4530492,5.8642578125,77.3291015625,57.5732421875
77.4824169,5.4248046875,77.1826171875,56.4501953125
77.510432,6.4990234375,76.5966796875,53.9111328125
77.5437353,10.5029296875,75.9619140625,52.2021484375
77.5742691,11.8701171875,75.3271484375,50.8349609375
77.6050928,12.6025390625,74.6923828125,49.2724609375
77.6335172,12.9443359375,74.3505859375,47.5146484375
77.6630595,13.1396484375,72.8857421875,46.0498046875
77.6940751,14.5556640625,72.8857421875,43.9013671875
77.7244697,14.3603515625,71.3232421875,42.7294921875
77.7722604,13.6279296875,70.6884765625,40.8740234375
77.7840698,13.2373046875,70.1025390625,38.7744140625
77.814529,13.6767578125,69.4677734375,36.4306640625
77.8428017,13.1884765625,69.8583984375,34.7705078125
77.8931918,12.5048828125,72.4951171875,40.9228515625
77.913948,11.7724609375,74.1552734375,57.4267578125
77.9518946,10.9912109375,73.8134765625,63.4814453125
77.9708002,9.9169921875,75.2783203125,64.5556640625
77.9947129,9.6240234375,75.3271484375,61.9677734375
78.0505604,9.6240234375,76.4013671875,60.4052734375
78.0716286,8.9404296875,76.3525390625,60.1611328125
78.0877783,8.4033203125,76.2060546875,60.1123046875
78.117438,7.9638671875,76.0107421875,57.5244140625
78.1470998,7.4755859375,76.4013671875,57.1337890625
78.1770718,7.1337890625,75.9130859375,58.4033203125
78.23745,6.7431640625,76.0107421875,58.0126953125
78.2383342,6.1083984375,75.9619140625,57.3779296875
78.2676572,5.5712890625,74.9853515625,56.0107421875
78.2983656,4.8876953125,74.2041015625,54.0576171875
78.3255297,5.4248046875,73.8134765625,52.1044921875
78.3733968,7.6708984375,72.7880859375,50.1025390625
78.3945831,9.7216796875,73.0810546875,48.2958984375
78.4317293,10.9423828125,71.9580078125,47.3681640625
78.4540197,11.1865234375,70.7373046875,45.0244140625
78.4778706,11.7236328125,70.2490234375,43.6572265625
78.5091334,12.7978515625,69.8095703125,42.6318359375
78.5553704,12.8955078125,68.6865234375,40.7763671875
78.5754861,12.4072265625,68.9306640625,39.3603515625
78.6187029,12.0166015625,67.2705078125,36.1376953125
78.6379418,12.4072265625,68.1005859375,34.4775390625
78.6757599,12.2607421875,70.6396484375,35.6982421875
78.6968334,12.3095703125,71.5673828125,51.6650390625
78.7197423,11.6259765625,73.3251953125,61.6748046875
78.7522812,10.6494140625,73.8623046875,65.3369140625
78.7938608,10.1123046875,75.0830078125,64.9462890625
78.8152436,9.3798828125,76.3037109375,63.7744140625
78.8589626,9.4775390625,76.9873046875,63.8720703125
78.8790439,8.9404296875,77.7685546875,65.7275390625
78.9150863,8.7939453125,77.5732421875,65.5322265625
78.9355348,8.1103515625,77.5244140625,64.8974609375
78.9782959,7.4267578125,78.2080078125,63.8720703125
78.9972589,7.2314453125,78.0126953125,63.4326171875
79.0355224,7.1826171875,77.8662109375,64.2138671875
79.0557147,6.3525390625,78.0615234375,63.9697265625
79.0974984,6.0107421875,77.2314453125,61.9189453125
79.1176984,5.8642578125,76.5478515625,59.9169921875
79.1601617,6.5478515625,76.4990234375,58.1591796875
79.1711451,9.5263671875,76.9873046875,56.2548828125
79.2307656,12.3583984375,75.5224609375,55.0341796875
79.2315563,12.7490234375,75.3271484375,53.4228515625
79.2651885,13.7744140625,74.3994140625,52.3486328125
79.2931692,14.2138671875,74.1064453125,50.3466796875
79.325365,15.3369140625,72.8369140625,49.0283203125
79.3718661,14.9951171875,71.7138671875,46.7822265625
79.3914266,15.8251953125,71.2744140625,46.0009765625
79.4279819,14.7998046875,70.2978515625,43.7060546875
79.449461,14.8974609375,69.1748046875,41.3623046875
79.4950466,14.2626953125,68.7841796875,38.9208984375
79.5058969,14.1650390625,69.4189453125,37.1630859375
79.5504742,13.8232421875,72.4462890625,40.5322265625
79.5706142,12.7490234375,73.3740234375,57.3779296875
79.6067856,12.1142578125,74.8388671875,66.8994140625
79.6259542,11.7724609375,76.4501953125,69.8291015625
79.6720759,11.1865234375,77.6220703125,68.6572265625
79.6927915,10.6494140625,78.4521484375,69.1455078125
79.7133532,10.4541015625,80.3076171875,69.9267578125
79.7614856,9.3310546875,79.8193359375,70.6591796875
79.7816074,9.4775390625,79.4775390625,70.5126953125
79.8234571,8.6962890625,79.8681640625,68.9013671875
79.8372796,8.4033203125,80.7958984375,68.4130859375
79.8657332,7.4755859375,80.6494140625,68.3154296875
79.8965127,7.1826171875,80.3076171875,68.6572265625
79.941618,6.7919921875,79.7216796875,67.3876953125
79.961751,6.4013671875,79.8681640625,66.4599609375
80.0055706,6.4501953125,79.2333984375,63.7255859375
80.0304926,7.2314453125,78.6474609375,62.8955078125
80.0458822,10.3076171875,78.1591796875,59.9169921875
80.094737,12.7001953125,77.6708984375,58.4033203125
80.1158762,13.0908203125,76.9384765625,56.6943359375
80.1514285,14.0185546875,76.7919921875,54.8388671875
80.172249,14.8974609375,76.2060546875,53.0322265625
80.2111065,15.8251953125,74.4482421875,51.4208984375
80.2298811,16.1181640625,73.9599609375,49.6630859375
80.2577004,16.3134765625,72.9833984375,47.2705078125
80.2924593,16.0205078125,71.8115234375,45.0244140625
80.3422355,15.1904296875,71.2744140625,42.8759765625
80.3643105,15.3857421875,70.0537109375,40.3857421875
80.376405,15.0439453125,69.7119140625,38.1884765625
80.4136814,14.1650390625,68.7353515625,35.6494140625
80.4561596,13.9208984375,70.5908203125,33.1103515625
80.4766793,12.6513671875,72.4462890625,42.8759765625
80.5141022,11.7724609375,74.1552734375,58.7451171875
80.5352619,11.5283203125,74.4482421875,66.1181640625
80.5775616,11.0888671875,76.1083984375,66.6064453125
80.5885022,10.2099609375,76.5966796875,64.7998046875
80.6184094,10.0634765625,78.1591796875,64.5556640625
80.6680557,9.6728515625,78.4033203125,65.5322265625
80.6814718,8.6474609375,78.0615234375,65.3857421875
80.7146709,8.5986328125,78.7451171875,64.0673828125
80.756639,8.1591796875,78.5498046875,61.9189453125
80.7776419,6.9873046875,78.6962890625,61.4306640625
80.8014376,6.7431640625,79.4287109375,62.2119140625
80.8483527,5.3271484375,78.8427734375,61.5771484375
80.8615067,5.2294921875,78.2080078125,60.5517578125
80.8945036,5.1806640625,77.0361328125,58.4521484375
80.9375644,4.6923828125,77.3779296875,55.7666015625
80.9496944,6.0107421875,76.7431640625,54.4482421875
80.9846953,9.0869140625,76.2060546875,52.1044921875
81.0128616,10.8447265625,75.8642578125,50.0537109375
81.0459505,11.1865234375,74.6435546875,48.4423828125
81.0745573,11.8212890625,74.1064453125,45.9521484375
81.1181922,12.3583984375,73.1298828125,44.8291015625
81.1340877,13.4814453125,73.1787109375,43.2666015625
81.1634088,13.1884765625,72.2021484375,40.9228515625
81.2186112,13.3349609375,70.7861328125,39.5556640625
81.2244136,12.7001953125,69.8583984375,36.7724609375
81.2798832,12.4072265625,69.3701171875,33.7451171875
81.2828378,11.7724609375,69.9072265625,31.4501953125
81.3142044,11.6748046875,72.0556640625,33.7451171875
81.3444355,11.0888671875,72.7392578125,49.1259765625
81.3771362,10.5517578125,73.5205078125,57.4267578125
81.4062912,8.9404296875,74.3994140625,60.0634765625
81.4334324,8.7451171875,74.8388671875,58.0126953125
81.4672892,8.9892578125,75.4736328125,56.4013671875
81.4934273,8.2568359375,76.2060546875,55.5712890625
81.5278831,7.9150390625,75.6201171875,55.3271484375
81.5591801,6.5966796875,75.4736328125,53.8134765625
81.5863285,6.6455078125,75.8154296875,52.6416015625
81.6144034,6.3037109375,75.7177734375,53.1787109375
81.6463872,5.4736328125,75.7177734375,53.5693359375
81.6872546,5.0341796875,75.2294921875,52.8369140625
81.7070908,4.6435546875,74.8876953125,50.7373046875
81.7368537,3.5205078125,74.3505859375,48.8818359375
81.7655015,3.2275390625,74.0087890625,46.3916015625
81.7994033,3.8623046875,73.7158203125,44.2431640625
81.8282947,5.7666015625,72.8857421875,42.7294921875
81.8594699,8.4521484375,71.7626953125,41.6552734375
81.887463,9.0869140625,71.1279296875,38.6767578125
81.9194885,9.4287109375,70.7373046875,37.8955078125
81.9516868,9.7216796875,70.0048828125,36.4794921875
81.9792106,10.3564453125,68.4423828125,35.0634765625
82.0107177,10.7958984375,67.9541015625,33.0615234375
82.0397597,9.5751953125,67.5634765625,29.8388671875
82.0681063,9.4775390625,68.9306640625,28.3251953125
82.0981186,10.0634765625,70.4931640625,29.6923828125
82.1313652,10.2099609375,72.1044921875,44.0478515625
82.1595834,9.5263671875,73.0810546875,53.2275390625
82.1913969,8.9892578125,74.3505859375,56.5478515625
82.2228263,8.3544921875,75.8154296875,56.2060546875
82.2488933,7.5732421875,76.1572265625,55.7177734375
82.283169,7.6708984375,77.3291015625,55.4736328125
82.3097513,6.8408203125,76.4990234375,56.9384765625
82.3436259,7.4755859375,76.8408203125,55.9130859375
82.37285,6.6455078125,76.8896484375,54.5947265625
82.3997746,5.6689453125,77.2314453125,54.1552734375
82.4315794,6.3525390625,77.1826171875,55.0830078125
82.462778,5.7177734375,76.5478515625,54.6435546875
82.4920046,5.3759765625,76.4990234375,53.0810546875
82.5244822,4.7412109375,76.0107421875,50.9814453125
82.5529474,4.3017578125,76.1083984375,49.4189453125
82.5821476,4.5947265625,75.5224609375,47.4169921875
82.6150255,6.0595703125,74.3505859375,45.4150390625
82.6418349,9.5263671875,74.2529296875,43.2177734375
82.6912382,11.0400390625,73.4716796875,41.6552734375
82.7115599,11.0888671875,72.5927734375,39.9462890625
82.7330077,12.5048828125,72.3486328125,38.6279296875
82.765049,12.8955078125,71.4697265625,37.3583984375
82.8213179,13.8720703125,70.8837890625,34.5751953125
82.8221092,13.2861328125,69.5166015625,32.6708984375
82.8557795,12.6513671875,69.0771484375,30.2294921875
82.8828289,12.6513671875,68.9794921875,27.0068359375
82.9136757,13.3837890625,70.6396484375,26.4208984375
82.9471331,13.1396484375,72.9345703125,34.9658203125
82.9747309,12.4072265625,74.7412109375,49.3212890625
83.023059,11.7236328125,74.7900390625,56.7919921875
83.044667,11.4306640625,76.3525390625,58.1103515625
83.064331,10.2587890625,78.0126953125,57.7685546875
83.0954997,10.3564453125,79.0869140625,58.9404296875
83.1400853,9.5751953125,79.6240234375,60.6005859375
83.1610689,9.9169921875,79.6240234375,61.6748046875
83.2044582,8.6962890625,80.7958984375,60.0634765625
83.2262831,8.3544921875,81.0400390625,58.4033203125
83.2646375,7.8662109375,80.7958984375,58.8916015625
83.2772974,7.7685546875,81.2353515625,58.3056640625
83.3230963,7.0361328125,80.5029296875,58.5498046875
83.3442573,6.7431640625,80.5517578125,57.3779296875
83.3826301,6.2060546875,79.4775390625,55.5712890625
83.4036476,6.1572265625,79.3310546875,53.3740234375
83.4418032,6.7919921875,79.1357421875,51.2744140625
83.4619788,9.4775390625,78.5498046875,49.7119140625
83.5038041,11.8701171875,77.5732421875,47.4169921875
83.523739,12.7978515625,76.9873046875,45.3662109375
83.5607048,13.2373046875,76.4501953125,43.3154296875
83.5809414,14.2138671875,75.4736328125,41.5576171875
83.6252098,15.0927734375,74.2041015625,40.5322265625
83.644149,16.0205078125,73.8623046875,37.9931640625
83.6800784,15.6787109375,72.7392578125,35.5029296875
83.7013344,14.7021484375,71.8115234375,33.3544921875
83.7432339,14.7998046875,70.6884765625,30.5712890625
83.7660692,15.3369140625,70.5908203125,28.1298828125
83.8037579,14.6533203125,70.3466796875,25.2001953125
83.8241241,14.4580078125,72.8369140625,25.4931640625
83.862881,13.6767578125,74.6435546875,39.7998046875
83.8841031,12.8466796875,75.1318359375,52.4951171875
83.9223622,11.8212890625,76.6455078125,57.1826171875
83.9427327,11.0400390625,77.7685546875,57.1826171875
83.9841563,10.5029296875,79.2822265625,56.7431640625
84.0044916,10.6494140625,79.7216796875,57.0849609375
84.0420765,9.9169921875,80.4052734375,58.8427734375
84.0629066,9.4775390625,79.6240234375,59.1357421875
84.1152747,9.1845703125,80.0146484375,56.9873046875
84.1367504,8.6474609375,80.2587890625,54.7412109375
84.1478846,8.1103515625,80.0146484375,54.9853515625
84.1932196,7.3291015625,80.5029296875,54.3505859375
84.2133763,6.6943359375,79.6728515625,54.0576171875
84.2557477,6.1572265625,79.9169921875,51.5185546875
84.2757146,5.5712890625,78.8427734375,49.3212890625
84.3175104,4.9365234375,78.2568359375,46.9287109375
84.3382465,6.6943359375,77.2802734375,44.8291015625
84.3812186,9.3310546875,77.2314453125,42.5830078125
84.4023902,11.2353515625,76.5966796875,41.2646484375
84.4396566,11.8701171875,75.6689453125,38.9208984375
84.459735,13.0908203125,74.5458984375,36.4306640625
84.5050574,13.5302734375,73.7646484375,34.4287109375
84.5129542,14.1162109375,73.1787109375,32.4267578125
84.5536572,14.6533203125,72.3486328125,30.2294921875
84.5756611,14.4091796875,71.7626953125,28.3251953125
84.6301761,14.0673828125,70.5908203125,25.0537109375
84.6509735,13.5302734375,69.3701171875,22.3681640625
84.6645468,13.3837890625,69.4189453125,20.1220703125
84.7093177,12.9443359375,71.2744140625,18.4130859375
84.7282315,11.9189453125,72.6904296875,32.8662109375
84.7697201,11.1376953125,72.8857421875,45.1708984375
84.7901065,10.6005859375,73.7158203125,48.6865234375
84.8334321,9.7216796875,74.7412109375,48.7841796875
84.8527815,9.2333984375,75.1318359375,47.5634765625
84.8951282,8.7451171875,75.8154296875,46.5869140625
84.9251503,7.9150390625,75.1806640625,46.7822265625
84.9340461,8.1591796875,75.2783203125,45.2685546875
84.9623559,7.4755859375,75.5224609375,43.4130859375
84.9956455,6.6943359375,75.5224609375,42.7294921875
85.0370598,6.6455078125,75.8154296875,42.7783203125
85.0563538,6.0107421875,74.9365234375,42.2412109375
85.0987332,5.8642578125,74.8876953125,41.0205078125
85.1189394,5.0341796875,73.8134765625,38.9208984375
85.1616846,4.1064453125,74.0087890625,36.4306640625
85.1815501,3.9111328125,73.0810546875,33.4521484375
85.220202,4.2529296875,72.8369140625,32.0849609375
85.2390464,6.0595703125,72.0068359375,30.5224609375
85.2823245,8.5498046875,70.9326171875,27.6904296875
85.3027652,9.2333984375,69.7119140625,26.2744140625
85.3409051,9.7216796875,69.2724609375,24.1259765625
85.35971,9.8193359375,68.1494140625,23.1005859375
85.4095734,10.9423828125,67.6611328125,20.5615234375
85.4175533,10.8935546875,66.3916015625,19.0966796875
85.4608285,11.0888671875,65.9521484375,16.6064453125
85.4824297,10.3564453125,65.9033203125,14.3603515625
85.5198298,10.4052734375,66.5380859375,12.5048828125
85.5387884,10.4052734375,69.0283203125,20.5615234375
85.5828636,10.3076171875,69.3701171875,36.0400390625
85.6028088,10.0634765625,70.0048828125,43.1201171875
85.6568642,8.9892578125,71.4208984375,44.1943359375
85.6598252,8.0126953125,71.6162109375,42.8271484375
85.7013259,7.4755859375,72.8369140625,42.5830078125
85.7204841,8.1103515625,72.3486328125,42.9248046875
85.7607891,6.5966796875,72.4951171875,43.2666015625
85.7817406,6.2548828125,72.6416015625,40.9716796875
85.8250646,5.8642578125,72.9345703125,39.6533203125
85.8464988,5.5224609375,72.5927734375,40.3857421875
85.8828028,5.0830078125,72.6904296875,39.9951171875
85.903693,5.1806640625,72.0068359375,40.3857421875
85.9417411,4.1552734375,71.9580078125,37.9931640625
85.9620924,4.1552734375,70.8837890625,36.0400390625
86.0045568,3.2275390625,70.4931640625,33.9404296875
86.0247569,3.0810546875,70.4443359375,32.4755859375
86.0686913,4.5947265625,69.9560546875,29.3505859375
86.0798308,7.3291015625,68.6376953125,28.0322265625
86.1255754,9.1357421875,68.4423828125,26.6162109375
86.1440209,9.6240234375,68.2470703125,24.6142578125
86.1841018,10.2099609375,67.0751953125,23.6865234375
86.204299,10.5029296875,66.4892578125,21.1962890625
86.2500828,11.7236328125,65.2197265625,18.0712890625
86.2615622,10.8935546875,64.2919921875,16.5087890625
86.3036831,10.6494140625,63.7060546875,14.7021484375
86.3237631,10.4052734375,63.4130859375,11.5771484375
86.3755335,10.8935546875,64.0966796875,9.5751953125
86.4065185,10.6005859375,66.7333984375,13.1396484375
86.4138597,10.6494140625,67.2705078125,31.9384765625
86.4681653,9.7216796875,68.6376953125,42.5341796875
86.4741026,9.1357421875,70.2978515625,46.0498046875
86.5146736,8.7451171875,71.5673828125,44.6337890625
86.5347965,7.7685546875,72.6416015625,44.6826171875
86.5780572,8.1591796875,73.3251953125,46.2939453125
86.5944657,6.9384765625,72.3974609375,47.9541015625
86.6392697,7.3291015625,73.4716796875,47.8076171875
86.6554149,7.1826171875,73.3740234375,45.3173828125
86.6972178,6.4501953125,73.6181640625,44.3408203125
86.7175083,6.3037109375,74.2041015625,44.9755859375
86.7447013,5.6689453125,73.6669921875,44.7802734375
86.7787973,4.6923828125,73.6181640625,44.1943359375
86.8059343,4.8388671875,72.6904296875,41.9970703125
86.8350503,3.8623046875,73.1298828125,39.9462890625
86.8699402,4.2529296875,72.2998046875,37.7978515625
86.8962992,4.5458984375,72.0068359375,35.2587890625
86.9272925,6.8408203125,71.4208984375,33.5986328125
86.9584195,9.1845703125,70.3466796875,31.2548828125
86.9862503,9.7705078125,69.9072265625,29.9365234375
87.0182525,11.1376953125,68.9794921875,28.3740234375
87.0493805,12.5048828125,68.5400390625,26.1279296875
87.0869789,12.9931640625,67.4658203125,23.7353515625
87.1122611,13.8720703125,66.6845703125,21.8798828125
87.1401003,14.0673828125,65.8544921875,19.7314453125
87.1672227,13.4814453125,64.8291015625,17.3876953125
87.1991387,13.7744140625,64.1455078125,15.0439453125
87.2279826,13.2861328125,64.3408203125,12.1142578125
87.25947,13.3837890625,64.0966796875,9.1845703125
87.2907338,12.7001953125,66.8798828125,13.1884765625
87.3194238,11.8701171875,68.5400390625,33.2568359375
87.3525989,11.5771484375,69.0283203125,42.9248046875
87.3808993,10.3076171875,71.0302734375,46.2939453125
87.408248,9.9658203125,71.5673828125,45.1708984375
87.4413957,10.6005859375,73.0322265625,44.2919921875
87.4719153,9.4287109375,73.5205078125,44.2919921875
87.4988578,9.0380859375,73.4228515625,46.2939453125
87.5321392,8.5986328125,73.3251953125,45.6591796875
87.5597855,7.8662109375,73.6181640625,42.3876953125
87.5886653,7.0361328125,73.7646484375,41.5087890625
87.6233852,6.6943359375,73.8623046875,41.3623046875
87.6496006,5.9130859375,74.2529296875,41.3623046875
87.6836704,6.0595703125,73.1298828125,40.3857421875
87.7126136,5.1806640625,72.4462890625,38.8720703125
87.7419953,4.8388671875,72.7880859375,36.6259765625
87.7720316,4.6435546875,72.2509765625,34.6728515625
87.8012109,4.5458984375,71.6162109375,33.0126953125
87.8340966,7.0849609375,71.0791015625,31.0107421875
87.8875693,9.2822265625,69.9560546875,28.8134765625
87.9076989,10.4052734375,69.6630859375,27.1533203125
87.9185975,11.0400390625,69.1259765625,25.0537109375
87.970977,12.1142578125,68.3935546875,23.6865234375
87.9920872,13.2861328125,68.1005859375,21.4404296875
88.0303293,13.2373046875,66.6357421875,19.9755859375
88.0507539,13.2861328125,65.8544921875,17.1435546875
88.0720382,12.8466796875,65.1220703125,15.2392578125
88.106101,12.7490234375,63.9013671875,12.4560546875
88.1330178,12.2607421875,64.5849609375,9.6240234375
88.1675804,12.1142578125,65.8544921875,7.6220703125
88.21312,11.4306640625,66.8798828125,22.0263671875
88.2320647,11.2841796875,67.9052734375,36.2353515625
88.2686926,9.4775390625,68.6865234375,41.5087890625
88.2888171,9.2333984375,69.7607421875,40.7763671875
88.3327574,8.5009765625,70.6884765625,37.9443359375
88.3562586,9.1845703125,70.8837890625,37.4072265625
88.391853,8.1103515625,70.5908203125,36.9189453125
88.4119638,7.6708984375,70.4931640625,36.3818359375
88.4534565,7.1337890625,70.4931640625,33.7939453125
88.4726857,6.3525390625,70.4931640625,34.0869140625
88.5272939,5.7177734375,70.3466796875,34.2333984375
88.5282409,4.9853515625,69.6630859375,33.6962890625
88.5587134,4.6923828125,69.5654296875,33.1103515625
88.603437,4.6923828125,69.2724609375,31.0595703125
88.6184231,3.5205078125,68.5400390625,28.9599609375
88.6467056,2.9833984375,67.8564453125,26.2744140625
88.6804183,3.0810546875,67.9052734375,24.2236328125
88.706042,3.7646484375,66.7822265625,22.6123046875
88.7513683,6.4990234375,66.5869140625,21.0009765625
88.771445,8.1591796875,65.1220703125,19.6337890625
88.8137569,8.6474609375,65.4638671875,17.9736328125
88.8390105,8.7451171875,63.8037109375,15.9716796875
88.8577649,8.8427734375,63.2177734375,15.3857421875
88.8882399,10.0146484375,62.4853515625,12.6025390625
88.9489112,9.8681640625,61.9970703125,10.5517578125
88.9497632,8.9892578125,62.6318359375,8.6962890625
88.976664,9.1357421875,64.3896484375,8.8916015625
89.0264953,9.7216796875,65.9033203125,24.5166015625
89.0457496,9.2333984375,66.4404296875,36.3818359375
89.0821955,9.3798828125,67.3193359375,39.9462890625
89.1032333,8.4521484375,67.7099609375,38.9697265625
89.1400152,7.7197265625,69.8583984375,37.5537109375
89.1642473,6.6455078125,69.6630859375,37.2119140625
89.2049524,6.1083984375,69.2724609375,37.7001953125
89.2253689,5.5224609375,68.9306640625,37.3583984375
89.261248,5.4248046875,69.6630859375,35.2099609375
89.2827849,5.4736328125,69.5166015625,34.6728515625
89.3192477,4.7412109375,69.9072265625,35.4052734375
89.3425676,4.5947265625,69.1748046875,34.6728515625
89.3810735,4.5458984375,68.8330078125,33.5009765625
89.4046525,3.6181640625,68.0029296875,32.6220703125
89.4410022,3.2275390625,67.9052734375,30.3759765625
89.4620296,2.9833984375,67.7099609375,27.9345703125
89.5139119,2.6416015625,66.8798828125,26.1767578125
89.5451827,3.5205078125,66.3916015625,24.1748046875
89.5482724,6.5966796875,64.8291015625,22.4169921875
89.5934886,8.1103515625,64.8291015625,20.4150390625
89.6146994,8.8916015625,64.2431640625,19.5361328125
89.652617,10.1611328125,63.3642578125,17.6318359375
89.673601,9.9169921875,62.9248046875,16.3134765625
89.7114651,11.3330078125,61.9970703125,14.5556640625
89.7338195,10.8935546875,61.2158203125,12.6513671875
89.7744663,10.6494140625,60.2392578125,9.9658203125
89.7948805,10.1611328125,61.1181640625,7.7685546875
89.8293771,10.8447265625,63.2666015625,6.3037109375
89.855297,11.1865234375,64.7314453125,22.8564453125
89.8957611,9.7705078125,66.3916015625,37.5537109375
89.9158065,9.6240234375,67.0751953125,42.4853515625
89.9518071,8.4521484375,68.0517578125,42.4853515625
89.9736071,7.7197265625,70.4931640625,41.6064453125
90.0165458,8.2080078125,70.8349609375,42.3388671875
90.0357025,7.6220703125,70.2978515625,42.9736328125
90.0793593,7.2802734375,70.9814453125,43.9990234375
90.1001429,6.4990234375,70.6396484375,42.9248046875
90.1404601,6.2548828125,71.1279296875,41.4599609375
90.1613482,5.9130859375,71.1767578125,41.0693359375
90.1996457,5.2783203125,71.3232421875,40.5810546875
90.2185662,4.9365234375,71.2255859375,40.5810546875
90.2588518,4.4482421875,70.7373046875,39.1650390625
90.2810256,4.6923828125,70.8349609375,37.6513671875
90.3188757,3.1298828125,70.0048828125,34.8193359375
90.3390003,3.1298828125,69.7607421875,33.5009765625
90.377681,3.1787109375,69.0283203125,31.7431640625
90.3977656,5.5712890625,68.5400390625,29.9365234375
90.4389496,8.2080078125,67.7099609375,28.2275390625
90.4595986,9.0869140625,67.3681640625,25.9814453125
90.4994865,10.1123046875,66.3427734375,24.8095703125
90.5215472,10.6982421875,65.5615234375,23.0517578125
90.5602603,11.0400390625,64.6826171875,21.0986328125
90.5807774,12.6025390625,64.0966796875,19.0966796875
90.6163585,12.5048828125,63.2666015625,17.0458984375
90.640246,12.0166015625,61.8505859375,14.5068359375
90.679517,11.0400390625,61.8505859375,11.8701171875
90.6994772,11.7236328125,63.9013671875,9.8193359375
90.7415098,11.2841796875,65.4150390625,14.8486328125
90.763588,10.9912109375,67.0263671875,35.1123046875
90.7993436,9.7216796875,67.8076171875,44.6826171875
90.8204784,9.1845703125,68.6376953125,46.8798828125
90.8582957,8.8916015625,70.2001953125,46.0986328125
90.882859,8.6962890625,71.4208984375,44.6826171875
90.921762,8.1591796875,71.3720703125,45.5126953125
90.9421382,7.4267578125,71.3232421875,46.7822265625
90.9792403,6.5966796875,72.2509765625,44.8291015625
90.9992394,6.1572265625,71.3720703125,43.1689453125
91.0367198,5.4736328125,72.4951171875,42.6318359375
91.0631272,5.7177734375,71.9091796875,42.6318359375
91.1017626,3.9599609375,71.4697265625,41.4111328125
91.122854,4.3505859375,70.7861328125,41.1669921875
91.159341,3.2763671875,70.9326171875,40.1416015625
91.1794839,3.7158203125,71.0791015625,37.0166015625
91.2246773,2.5439453125,70.0048828125,35.2099609375
91.2447534,2.2509765625,69.8095703125,32.7197265625
91.2818343,3.8623046875,69.0283203125,30.6689453125
91.3020978,6.0107421875,69.0771484375,29.3994140625
91.33698,8.2080078125,68.2470703125,27.3974609375
91.3609843,9.1357421875,67.0263671875,25.5419921875
91.4026363,10.0634765625,66.4892578125,23.5888671875
91.4241401,10.0634765625,65.7568359375,22.0263671875
91.4770619,10.8447265625,64.3408203125,19.6337890625
91.4965099,11.3818359375,64.0478515625,17.6318359375
91.5125234,11.4306640625,62.5830078125,15.2392578125
91.5508998,10.6005859375,62.5830078125,13.0419921875
91.5726326,10.5517578125,62.7294921875,9.9169921875
91.610377,10.3564453125,64.8291015625,8.3056640625
91.6355139,9.6728515625,66.2939453125,26.4208984375
91.6774047,9.4287109375,66.6845703125,40.6298828125
91.6975276,8.5009765625,67.9541015625,45.6591796875
91.7264566,7.7685546875,68.4423828125,44.1455078125
91.7621109,7.2314453125,68.7353515625,41.7041015625
91.7850559,6.9873046875,69.6142578125,39.5068359375
91.8165963,6.4501953125,69.6142578125,40.2392578125
91.8540419,6.7431640625,69.3212890625,39.1162109375
91.875018,5.1806640625,69.0283203125,37.2119140625
91.9163754,5.0830078125,68.8818359375,36.4306640625
91.9385727,4.7900390625,68.9794921875,37.4560546875
91.9762066,4.0087890625,69.2236328125,37.3095703125
91.9945403,3.6669921875,68.4423828125,36.4794921875
92.0339055,3.1298828125,67.8564453125,34.1845703125
92.0549364,2.6416015625,67.1728515625,31.5966796875
92.0844782,2.1044921875,66.9775390625,29.8388671875
92.1305298,1.6650390625,66.1474609375,26.6162109375
92.1497153,2.1044921875,65.5126953125,24.9560546875
92.1858042,2.8369140625,65.5615234375,23.4423828125
92.2081232,5.4736328125,64.5849609375,22.1728515625
92.2548029,6.0107421875,63.6083984375,20.1708984375
92.2693795,6.5478515625,63.1689453125,18.5595703125
92.305212,7.5732421875,62.0947265625,17.1435546875
92.3275072,7.5244140625,60.7763671875,15.1416015625
92.3665005,8.2080078125,60.5322265625,12.6025390625
92.3905995,7.9150390625,61.7529296875,10.3076171875
92.4178257,7.4267578125,63.9013671875,10.2587890625
92.451044,7.0849609375,64.6337890625,27.6904296875
92.4799325,7.3291015625,65.2685546875,40.7275390625
92.5082968,7.3291015625,66.3916015625,44.4384765625
92.5453271,6.9873046875,67.1240234375,43.7060546875
92.5685521,6.3037109375,67.7587890625,41.4599609375
92.6062994,5.1318359375,67.7099609375,39.9951171875
92.6300927,5.0341796875,68.1982421875,40.6787109375
92.6619568,4.5947265625,67.4169921875,38.9697265625
92.692471,4.1064453125,68.1494140625,37.4072265625
92.7213928,4.3505859375,67.8564453125,37.2119140625
92.7497914,3.4228515625,67.7099609375,37.9443359375
92.7836305,2.9345703125,67.6123046875,37.7978515625
92.8094255,2.6416015625,66.7822265625,36.3330078125
92.8386745,2.2998046875,66.7333984375,34.2822265625
92.8772025,2.1533203125,66.4892578125,31.9873046875
92.9193963,1.8115234375,65.8056640625,29.4970703125
92.9394124,1.3232421875,65.2685546875,27.7392578125
92.9631131,1.1767578125,64.7314453125,25.2978515625
92.991445,3.2763671875,63.2177734375,23.2470703125
93.0253327,5.8154296875,62.9736328125,21.8310546875
93.0699062,6.4013671875,62.3876953125,20.0732421875
93.090007,7.0849609375,61.4599609375,18.1689453125
93.1321645,7.9638671875,60.7763671875,16.7041015625
93.1540834,8.3544921875,59.9951171875,14.0673828125
93.1765899,8.8427734375,59.5068359375,11.3818359375
93.2202828,8.5009765625,60.5322265625,8.8427734375
93.2426842,7.9150390625,63.2666015625,10.2587890625
93.2822461,7.7197265625,64.5849609375,31.5966796875
93.3029348,8.6474609375,65.5126953125,44.0478515625
93.3398882,8.2568359375,67.1240234375,48.2470703125
93.3600103,8.3056640625,67.8076171875,47.5634765625
93.3829022,7.2802734375,69.2724609375,46.0009765625
93.4133855,6.7919921875,68.9794921875,45.4638671875
93.4615962,6.7919921875,69.7607421875,47.1728515625
93.4811979,5.7666015625,70.5908203125,47.0751953125
93.5234398,5.7666015625,69.9072265625,45.8056640625
93.5355296,5.2294921875,70.2001953125,42.9736328125
93.580272,4.5947265625,70.6396484375,43.4619140625
93.601212,4.3017578125,69.6142578125,43.9990234375
93.6381956,4.0576171875,69.5654296875,42.7294921875
93.6604127,4.4970703125,70.0537109375,41.2646484375
93.70264,3.7646484375,69.6630859375,39.1162109375
93.7248831,3.5205078125,69.0771484375,36.8212890625
93.7419733,3.3251953125,68.8330078125,34.1845703125
93.7759367,2.6904296875,67.8076171875,33.1103515625
93.8069457,3.6669921875,67.6123046875,30.3759765625
93.851362,6.7919921875,66.8310546875,28.7158203125
93.871631,8.0615234375,65.7568359375,26.6162109375
93.907142,9.1845703125,64.9267578125,24.6142578125
93.9279009,9.8681640625,64.4384765625,23.3935546875
93.9692702,10.2099609375,63.7060546875,21.1962890625
93.9883166,10.2099609375,61.7529296875,18.7060546875
94.0320469,11.3330078125,62.4853515625,15.8740234375
94.0530087,10.7958984375,61.9482421875,13.2861328125
94.0887596,10.8447265625,63.8525390625,10.8935546875
94.1098385,10.7958984375,65.6591796875,23.1982421875
94.151573,11.2353515625,67.8076171875,43.2666015625
94.1729647,10.5029296875,68.3447265625,50.6884765625
94.224659,10.0146484375,70.0537109375,51.4697265625
94.2439303,9.5751953125,70.8837890625,50.0537109375
94.2601055,8.7939453125,72.0068359375,49.0771484375
94.297267,8.0126953125,72.3974609375,49.7119140625
94.3230211,7.5244140625,72.2021484375,50.1025390625
94.3596363,7.3291015625,72.5439453125,47.8564453125
94.3797365,6.9384765625,72.6904296875,46.3427734375
94.4196172,5.9130859375,72.5927734375,45.6103515625
94.441273,5.9130859375,72.5439453125,45.9033203125
94.4769068,5.5224609375,72.3974609375,44.3896484375
94.5024849,4.9365234375,72.2509765625,43.8037109375
94.5434161,4.5458984375,71.7626953125,41.2158203125
94.5634692,3.7646484375,71.1279296875,38.8720703125
94.6000667,3.5693359375,71.5185546875,36.5283203125
94.6202651,3.6181640625,70.3955078125,34.9169921875
94.6546798,3.6181640625,69.5654296875,32.5244140625
94.6820844,5.6201171875,69.7607421875,30.9130859375
94.7209148,8.5986328125,68.8330078125,29.3017578125
94.744299,8.8916015625,68.3447265625,27.4951171875
94.7825388,10.1123046875,67.3193359375,25.2001953125
94.8045944,10.8935546875,66.0009765625,23.0517578125
94.8400302,11.4306640625,65.7568359375,21.5380859375
94.8606845,12.0166015625,64.8291015625,18.5107421875
94.9012495,11.6748046875,64.1943359375,16.3623046875
94.9217146,11.3818359375,64.5849609375,12.7978515625
94.9595712,11.4794921875,66.5869140625,10.9423828125
94.9835371,11.0400390625,68.2958984375,26.8603515625
95.0218041,11.2841796875,68.7353515625,44.1455078125
95.0431843,10.6982421875,69.1259765625,49.5166015625
95.0789427,10.4541015625,70.3466796875,48.5888671875
95.1032707,8.8916015625,71.2255859375,46.6845703125
95.1424568,8.2568359375,71.5673828125,44.2431640625
95.1642165,8.1103515625,71.3232421875,44.2431640625
95.2023639,8.0126953125,70.9326171875,43.9501953125
95.2253709,7.4755859375,71.3232421875,41.5576171875
95.2630922,6.9384765625,71.6650390625,40.7763671875
95.2853213,6.8896484375,71.1279296875,41.4599609375
95.3228395,6.0107421875,71.2744140625,41.4111328125
95.3464294,5.4736328125,71.6650390625,40.2392578125
95.381031,5.3759765625,70.5419921875,39.3115234375
95.4064186,4.2041015625,70.2001953125,35.9912109375
95.4445539,3.5693359375,69.9072265625,34.1845703125
95.4692533,3.3251953125,69.5654296875,31.9384765625
95.5082382,2.6904296875,69.0771484375,29.7412109375
95.5284736,2.6416015625,68.3935546875,28.5205078125
95.5629129,4.8388671875,67.6123046875,26.3232421875
95.5850204,7.1826171875,66.6845703125,25.0537109375
95.6214642,8.0615234375,66.3916015625,23.4423828125
95.6463854,7.8173828125,65.4638671875,22.1240234375
95.6851007,8.4521484375,64.6826171875,19.3896484375
95.7081348,9.4775390625,65.0732421875,17.3388671875
95.7509086,9.2333984375,66.3916015625,14.7509765625
95.7712809,9.2822265625,68.6865234375,24.7607421875
95.8083801,8.5986328125,69.9072265625,43.2666015625
95.8301505,9.1357421875,70.3466796875,49.5654296875
95.8682256,8.9892578125,71.0302734375,50.5908203125
95.8903538,8.4033203125,72.1044921875,48.4912109375
95.9262164,7.5244140625,72.6416015625,47.1728515625
95.9487185,7.2802734375,72.4951171875,46.9287109375
95.9865658,6.6455078125,72.7392578125,47.2705078125
96.0065648,6.3037109375,72.4462890625,44.8779296875
96.0461366,5.7177734375,72.5439453125,43.3154296875
96.0686073,6.1572265625,72.5927734375,44.2431640625
96.1058308,5.2294921875,71.9580078125,44.0966796875
96.1308336,4.7900390625,71.5673828125,43.5107421875
96.1680217,4.3994140625,71.3720703125,41.2158203125
96.1927953,3.8623046875,70.5419921875,39.4580078125
96.2295637,2.9345703125,70.6884765625,37.3583984375
96.2517618,3.1787109375,69.9072265625,34.9169921875
96.287312,2.3486328125,69.5166015625,32.9638671875
96.3109146,2.5439453125,68.5400390625,31.2060546875
96.3470574,4.1552734375,68.4423828125,29.2041015625
96.372077,7.0361328125,67.6123046875,26.8603515625
96.410941,8.4521484375,65.9521484375,26.3720703125
96.4310232,8.9404296875,66.0009765625,24.5166015625
96.470428,9.9658203125,65.6103515625,22.5634765625
96.4912629,10.1123046875,64.4384765625,20.3662109375
96.531425,10.6494140625,65.7080078125,18.5107421875
96.552663,10.3076171875,67.4658203125,16.9970703125
96.588652,9.9658203125,68.9794921875,33.4521484375
96.6101902,9.8193359375,70.2490234375,49.1259765625
96.6514034,10.2587890625,71.6162109375,54.9365234375
96.671379,10.3564453125,72.9833984375,54.9853515625
96.7089251,9.3310546875,74.6923828125,53.7646484375
96.7320674,9.1357421875,74.6435546875,53.4228515625
96.7711713,8.2568359375,75.1318359375,54.7412109375
96.7932685,7.4267578125,75.5224609375,55.3271484375
96.8332138,7.8173828125,75.4248046875,53.9599609375
96.8553365,7.4755859375,76.4013671875,51.7626953125
96.8941852,7.1337890625,75.9619140625,51.0791015625
96.9245591,6.6455078125,75.4248046875,51.4697265625
96.9472177,5.8154296875,76.2060546875,50.5908203125
96.9751597,5.5712890625,75.3759765625,49.9072265625
97.0163078,5.9619140625,74.4482421875,47.9541015625
97.0365717,5.2294921875,74.5947265625,46.2939453125
97.0679192,4.3017578125,73.7646484375,43.7548828125
97.1066428,4.4482421875,73.3740234375,41.4599609375
97.1261251,4.2529296875,73.6181640625,39.7509765625
97.1629685,6.1083984375,72.3486328125,37.4072265625
97.1883352,8.0126953125,71.7138671875,36.1865234375
97.227802,9.7216796875,70.3466796875,33.4521484375
97.2467312,10.6494140625,70.0048828125,31.8896484375
97.2823985,10.5029296875,69.1259765625,30.1806640625
97.3065824,11.3818359375,68.3447265625,27.7880859375
97.3467706,12.6513671875,67.7099609375,25.9326171875
97.3687158,12.0166015625,67.9052734375,23.1982421875
97.4072074,12.3095703125,69.8583984375,20.3662109375
97.4259156,12.8466796875,71.9091796875,24.2236328125
97.4622034,11.6259765625,72.6904296875,45.6591796875
97.4875293,12.1630859375,73.9599609375,56.4990234375
97.5197326,12.1142578125,75.0830078125,59.6240234375
97.5469025,11.1376953125,76.3525390625,58.8916015625
97.5833591,10.1611328125,77.8662109375,57.1337890625
97.6078103,9.8193359375,77.9150390625,57.2314453125
97.6447217,9.0380859375,77.9150390625,58.5009765625
97.66716,8.5009765625,78.0126953125,57.7197265625
97.7011637,8.4521484375,78.5498046875,55.1318359375
97.7301689,7.5732421875,78.4521484375,53.8134765625
97.7615537,7.0849609375,78.8427734375,54.0576171875
97.790373,6.7431640625,78.8427734375,54.2529296875
97.8185062,6.6943359375,78.0126953125,53.3251953125
97.8736601,5.6201171875,77.7685546875,50.8349609375
97.9058398,5.2783203125,77.4755859375,48.5888671875
97.9096522,5.1806640625,76.8408203125,46.4892578125
97.9673779,4.6923828125,76.6943359375,44.5849609375
97.9755841,4.0087890625,76.1572265625,41.7529296875
97.9986913,4.3017578125,75.3759765625,39.2626953125
98.0313684,6.4990234375,75.2294921875,37.5537109375
98.0618923,8.7451171875,74.0087890625,36.1376953125
98.0930875,10.1611328125,73.0322265625,34.2333984375
98.1226429,10.4541015625,72.3974609375,32.1826171875
98.1500837,11.3330078125,72.1044921875,29.9365234375
98.1852368,12.0166015625,70.7861328125,27.3486328125
98.2312309,12.6025390625,70.9326171875,24.9560546875
98.2512311,12.4072265625,70.1513671875,22.1240234375
98.2880834,11.8701171875,71.7626953125,19.2431640625
98.3108039,12.2119140625,73.4228515625,23.5888671875
98.3468716,11.5283203125,74.3994140625,45.5126953125
98.3669083,11.4794921875,75.4736328125,55.9619140625
98.3939046,10.4541015625,76.4990234375,58.2568359375
98.4246107,9.8681640625,76.6943359375,55.7666015625
98.4697782,9.1845703125,77.8662109375,53.1298828125
98.4898947,8.0615234375,77.5244140625,53.0810546875
98.5280034,7.3291015625,77.7197265625,52.9833984375
98.5490077,7.1826171875,77.4755859375,50.5908203125
98.5912919,7.0361328125,77.6708984375,49.2724609375
98.6033192,6.2548828125,77.1337890625,49.7119140625
98.6509638,6.3037109375,77.4267578125,50.1025390625
98.6731753,5.7666015625,77.6708984375,49.3212890625
98.7187142,4.9853515625,76.3525390625,47.4169921875
98.7249302,5.1318359375,76.3037109375,45.3662109375
98.7717618,4.2529296875,75.8154296875,42.7294921875
98.7972661,3.6669921875,75.4248046875,40.2392578125
98.8153764,3.3740234375,75.2783203125,38.5302734375
98.8466347,3.5693359375,74.5947265625,36.4306640625
98.888696,3.1298828125,73.9599609375,34.4287109375
98.9084132,4.5458984375,72.7880859375,31.6943359375
98.9521496,6.4990234375,72.5439453125,30.7177734375
98.9716283,8.0615234375,71.4208984375,29.9365234375
99.0110997,8.1103515625,70.9326171875,27.7392578125
99.03131,8.5498046875,69.8583984375,25.2490234375
99.0712297,9.0380859375,69.8583984375,22.5634765625
99.0916581,9.3798828125,71.3232421875,20.2685546875
99.1268047,9.0869140625,73.0810546875,22.7099609375
99.1554705,8.8916015625,74.8388671875,44.0966796875
99.191292,9.2333984375,75.6689453125,56.0107421875
99.2127032,9.0380859375,76.5478515625,58.7451171875
99.2509552,8.8427734375,77.4267578125,57.5732421875
99.2725193,8.8427734375,78.1591796875,54.9853515625
99.3121434,8.2568359375,78.7451171875,55.4248046875
99.3344308,7.5732421875,77.7197265625,55.5224609375
99.371907,6.6943359375,78.9404296875,54.0087890625
99.3932981,6.5478515625,78.9404296875,52.4462890625
99.4304641,6.5478515625,79.2333984375,52.0556640625
99.4515658,6.4990234375,78.6962890625,52.9345703125
99.4977625,6.1572265625,78.3056640625,51.8115234375
99.5181764,5.3271484375,77.3779296875,51.2255859375
99.5617667,5.3759765625,78.1103515625,48.9794921875
99.5808729,5.1806640625,76.9873046875,46.6357421875
99.6021441,4.1064453125,76.6455078125,43.4619140625
99.641543,4.5947265625,76.7431640625,41.6064453125
99.663648,4.1064453125,76.2548828125,38.9697265625
99.7010784,3.5693359375,74.7900390625,37.2119140625
99.7214247,5.1318359375,74.9365234375,35.3564453125
99.7595038,7.3779296875,74.0087890625,33.5009765625
99.7806497,8.4521484375,72.7880859375,31.5478515625
99.8176121,9.2333984375,72.4951171875,29.4970703125
99.8407234,9.9658203125,71.4208984375,27.2021484375
99.8771544,10.6494140625,70.8349609375,24.7607421875
99.9015218,11.0400390625,69.6142578125,22.1728515625
99.9408752,11.8701171875,69.6630859375,19.6826171875
99.9654874,10.7470703125,71.3232421875,16.9970703125
100.0061837,11.0888671875,73.6669921875,21.5869140625
100.0269981,11.5283203125,75.4736328125,46.0986328125
100.0734919,10.9423828125,76.9384765625,57.2314453125
100.0916592,10.8447265625,78.1591796875,59.6728515625
100.128879,10.2099609375,78.5986328125,59.0869140625
100.1491633,9.6240234375,80.8935546875,58.0126953125
100.1873652,8.9892578125,80.3564453125,58.6474609375
100.2068616,8.7939453125,81.2841796875,59.8193359375
100.2442706,8.4033203125,80.7470703125,58.9404296875
100.2641108,8.1591796875,81.4306640625,57.1826171875
100.2994667,7.3779296875,81.9189453125,56.3525390625
100.3246828,7.0849609375,81.8212890625,56.2548828125
100.3610302,6.9384765625,81.7236328125,55.9619140625
100.3833397,7.1826171875,81.6748046875,55.7666015625
100.4206075,5.8154296875,81.0888671875,53.6181640625
100.4478332,5.5224609375,80.5517578125,51.0302734375
100.4897736,5.3271484375,80.6005859375,48.1982421875
100.5104977,4.5458984375,79.8681640625,46.7333984375
100.5468457,5.3759765625,79.7705078125,45.1220703125
100.5683508,4.9853515625,79.1357421875,43.3154296875
100.6054237,6.1083984375,78.7939453125,41.8505859375
100.627921,8.5986328125,78.4033203125,39.7998046875
100.6668964,10.1611328125,77.8173828125,38.1884765625
100.6860956,10.6005859375,76.7919921875,35.7958984375
100.7239972,12.0166015625,76.3037109375,33.3544921875
100.7453767,13.1396484375,74.9365234375,31.1083984375
100.7826696,13.1396484375,74.5458984375,28.9599609375
100.8080576,13.9208984375,73.2275390625,26.5185546875
100.8434002,13.7255859375,73.0810546875,23.7841796875
100.8635172,13.7255859375,74.9853515625,20.8056640625
100.9012379,13.6767578125,76.7919921875,20.7568359375
100.9263985,14.1650390625,78.6962890625,41.2646484375
100.9629666,13.1884765625,80.0634765625,56.1083984375
100.9890408,12.9443359375,82.0166015625,61.1865234375
101.0270171,11.9677734375,82.8955078125,60.8935546875
101.0500403,11.5771484375,84.2138671875,59.6728515625
101.087255,10.7958984375,84.7998046875,60.2099609375
101.1074066,11.3818359375,84.8974609375,60.9912109375
101.1477649,10.4541015625,85.8251953125,61.3330078125
101.1702019,10.2587890625,86.0693359375,59.6728515625
101.2046421,9.8681640625,86.0205078125,57.3779296875
101.2320148,9.5263671875,86.2646484375,58.1103515625
101.2702524,9.1357421875,86.6064453125,58.2080078125
101.2904488,8.6474609375,85.4345703125,57.8173828125
101.3359945,8.4033203125,86.0205078125,55.6689453125
101.354338,7.8173828125,85.8251953125,54.1064453125
101.3915531,6.7919921875,85.4345703125,52.2021484375
101.4116744,6.3525390625,84.5068359375,50.1513671875
101.448639,6.5966796875,83.7255859375,49.0771484375
101.4719525,5.8154296875,84.5068359375,47.5146484375
101.507967,6.0595703125,83.6279296875,46.0986328125
101.5326395,8.2080078125,82.8466796875,44.0966796875
101.5699738,10.1123046875,82.3583984375,43.4130859375
101.5901854,11.7236328125,81.3818359375,41.2158203125
101.6323265,11.3330078125,80.8935546875,39.5556640625
101.6509865,12.7001953125,80.0146484375,37.5048828125
101.6886967,14.3115234375,79.2822265625,35.8935546875
101.7150119,14.1650390625,79.1845703125,33.5986328125
101.7419142,14.2626953125,80.8935546875,30.5224609375
101.7864657,14.3115234375,82.5048828125,35.8447265625
101.8067637,14.1650390625,83.4814453125,53.2763671875
101.8462567,14.4580078125,84.0185546875,61.2353515625
101.867814,13.6767578125,85.3857421875,62.1630859375
101.9049441,12.7978515625,86.3134765625,60.6494140625
101.9223506,12.2119140625,86.0693359375,58.9892578125
101.9577932,11.0888671875,86.8505859375,59.1357421875
101.9826591,10.4541015625,86.5087890625,58.3544921875
102.0210168,10.2587890625,86.6064453125,56.6943359375
102.0450679,9.9658203125,86.8017578125,55.3271484375
102.083129,9.6240234375,87.2412109375,56.6455078125
102.1031618,9.0869140625,86.2158203125,56.4013671875
102.1431563,8.8427734375,86.4111328125,55.9619140625
102.1648617,8.5498046875,86.0205078125,54.3017578125
102.2064865,7.0361328125,85.0927734375,52.6904296875
102.2259491,7.0849609375,85.2392578125,51.0791015625
102.2624339,6.9873046875,83.9208984375,48.8330078125
102.2845535,5.9619140625,83.3837890625,46.9775390625
102.3219607,5.3271484375,83.1884765625,45.3662109375
102.3483154,5.5224609375,82.8466796875,44.3408203125
102.3858331,6.6455078125,81.6259765625,42.4853515625
102.4051624,9.2822265625,80.7958984375,41.9970703125
102.4423543,10.3076171875,80.1123046875,40.2880859375
102.4673773,10.8935546875,79.5263671875,38.4326171875
102.4954952,11.2353515625,79.1845703125,37.0166015625
102.5328973,11.3818359375,80.6005859375,34.9169921875
102.5574394,11.7236328125,82.8466796875,36.9189453125
102.5945898,11.5771484375,83.8232421875,52.8369140625
102.6392441,11.8701171875,84.6533203125,60.9912109375
102.6486817,11.2841796875,85.9228515625,62.7978515625
102.6856347,11.5283203125,86.9970703125,60.9423828125
102.7092523,11.9189453125,87.6806640625,60.2099609375
102.7385068,11.2353515625,88.2177734375,60.1123046875
102.7689561,10.6982421875,87.9248046875,60.9912109375
102.7986335,9.6728515625,87.9248046875,59.8193359375
102.835704,9.6728515625,88.3642578125,58.6474609375
102.8627173,8.7451171875,88.6572265625,57.6708984375
102.8881243,9.1357421875,88.1689453125,57.9150390625
102.9191897,8.6962890625,87.9736328125,57.1337890625
102.950524,7.9638671875,87.4365234375,56.0595703125
102.9784277,7.3779296875,87.3876953125,55.1318359375
103.0139405,7.8662109375,86.6064453125,53.1787109375
103.0411814,7.5244140625,85.9716796875,51.5185546875
103.0681707,6.9873046875,85.3857421875,49.9560546875
103.1027068,6.4501953125,84.9951171875,48.2958984375
103.1306795,5.8154296875,83.4326171875,46.9775390625
103.1624062,6.6943359375,83.6767578125,46.0498046875
103.1946516,9.4287109375,82.1630859375,44.6337890625
103.221538,11.4306640625,81.5283203125,43.3642578125
103.2497406,11.9189453125,80.9912109375,41.8017578125
103.3158622,11.8701171875,79.9658203125,39.6533203125
103.3167366,13.6279296875,79.1357421875,37.5048828125
103.3604782,14.0673828125,78.1591796875,35.8447265625
103.3715697,14.3603515625,80.2099609375,34.0380859375
103.4013749,13.7744140625,81.7724609375,34.3310546875
103.4347339,13.5302734375,82.6513671875,48.7353515625
103.4864062,13.5302734375,84.3603515625,58.0126953125
103.4969601,13.4814453125,86.0205078125,60.9423828125
103.539215,13.3349609375,87.0458984375,59.4775390625
103.5597552,12.7978515625,88.4130859375,58.4521484375
103.6121682,12.7001953125,88.3154296875,59.0869140625
103.6419381,11.2841796875,88.8525390625,59.6240234375
103.6428718,10.3564453125,89.0966796875,60.5517578125
103.6744732,10.1123046875,89.6826171875,57.2802734375
103.7194985,9.7705078125,89.1455078125,57.5732421875
103.7397099,9.9169921875,89.4384765625,56.9384765625
103.7786686,9.3798828125,88.0712890625,57.0849609375
103.8006703,8.5986328125,88.6083984375,57.2314453125
103.8394697,8.3544921875,88.1201171875,56.0595703125
103.859802,7.5732421875,87.4853515625,54.8876953125
103.9082007,6.7431640625,86.6552734375,54.1064453125
103.9296759,6.8896484375,85.8251953125,52.0068359375
103.9437032,5.6201171875,85.7275390625,51.5185546875
103.9887822,5.8642578125,84.2138671875,49.7119140625
104.0081123,6.5478515625,83.9208984375,48.1494140625
104.0511732,8.0126953125,82.7978515625,47.7587890625
104.0723276,10.4541015625,82.2119140625,46.5869140625
104.096616,11.5283203125,80.6494140625,44.5849609375
104.1394488,12.3095703125,79.8681640625,43.2666015625
104.1593755,13.4814453125,79.0869140625,41.3623046875
104.1938951,14.7509765625,78.1103515625,39.4580078125
104.2141112,15.3369140625,77.2802734375,37.7978515625
104.2597771,15.6787109375,77.0849609375,35.6982421875
104.2799348,15.3369140625,77.3291015625,33.1103515625
104.3314031,15.5810546875,79.3798828125,33.3056640625
104.3525433,14.9462890625,80.7958984375,45.4150390625
104.3680874,14.8974609375,81.8212890625,56.2060546875
104.4105562,14.1650390625,82.4560546875,59.0869140625
104.4303952,13.7744140625,83.4326171875,58.0126953125
104.4669593,12.2119140625,84.3603515625,56.6943359375
104.4891501,11.6259765625,85.3857421875,56.8408203125
104.5345137,11.1865234375,85.0927734375,57.4267578125
104.5535484,11.0888671875,84.7998046875,57.8662109375
104.5888016,10.0634765625,84.7509765625,56.6943359375
104.6098527,9.7705078125,84.7021484375,55.1806640625
104.6448613,8.8916015625,84.8486328125,55.3271484375
104.6710301,8.6474609375,84.1650390625,55.9619140625
104.7080059,8.4521484375,83.8232421875,55.3759765625
104.7311204,7.9150390625,83.0908203125,54.8388671875
104.7684073,7.2802734375,81.9677734375,53.4716796875
104.7884508,6.9873046875,82.4560546875,52.4462890625
104.8313293,6.3037109375,81.3818359375,50.8837890625
104.8619709,5.3759765625,80.5029296875,49.1259765625
104.8829034,5.4248046875,80.0146484375,47.7587890625
104.9200651,5.0830078125,78.8916015625,46.9775390625
104.9405134,6.6455078125,78.3544921875,45.8544921875
104.9794744,8.6474609375,77.4267578125,44.5849609375
104.9997346,10.1123046875,76.4990234375,43.3642578125
105.0356732,11.2841796875,75.7177734375,42.1435546875
105.0626674,11.6748046875,74.0087890625,40.8740234375
105.1170793,13.0419921875,73.2763671875,39.3115234375
105.1380563,13.3349609375,72.7880859375,36.9677734375
105.1558192,13.5791015625,73.4716796875,35.1123046875
105.1942796,12.9931640625,75.2294921875,36.2353515625
105.2133362,12.5048828125,76.3525390625,50.1025390625
105.2513724,13.0908203125,76.1572265625,57.4755859375
105.2725889,12.3583984375,77.1337890625,58.5986328125
105.3092107,11.7724609375,77.3291015625,56.5966796875
105.3331428,11.3818359375,77.4755859375,54.6923828125
105.3691835,10.1611328125,77.5732421875,54.5947265625
105.3933028,9.6240234375,76.9873046875,54.2041015625
105.4304168,9.1357421875,76.4990234375,53.4716796875
105.4516944,8.6474609375,77.2802734375,52.8369140625
105.4893936,7.5244140625,76.9384765625,53.1298828125
105.5126165,7.5244140625,76.8408203125,53.3740234375
105.5507045,7.1826171875,76.0107421875,53.6669921875
105.5739807,6.8408203125,74.8876953125,52.4462890625
105.6108253,6.5966796875,74.9853515625,51.4208984375
105.6368701,6.3037109375,74.3017578125,49.6630859375
105.6731186,5.4736328125,73.4228515625,48.5400390625
105.6935406,4.8876953125,72.8369140625,47.0263671875
105.7312594,4.0576171875,71.5185546875,45.1220703125
105.7534191,3.9111328125,71.1767578125,44.1943359375
105.7896245,3.6669921875,70.4443359375,43.3642578125
105.818156,4.9365234375,69.6630859375,42.5830078125
105.8549188,7.5244140625,68.4912109375,40.4833984375
105.8798759,8.7451171875,67.7587890625,39.3603515625
105.9295363,8.8916015625,68.1494140625,37.3095703125
105.949663,9.5263671875,68.0517578125,36.1865234375
105.9684748,10.1611328125,69.5166015625,35.4052734375
106.0057406,9.8681640625,70.6396484375,46.7822265625
106.0266532,9.5751953125,71.8115234375,57.4267578125
106.0650065,8.9404296875,72.4462890625,61.7724609375
106.0874314,9.1357421875,72.9833984375,61.3330078125
106.1232183,9.7705078125,74.5458984375,60.4541015625
106.147064,9.4775390625,74.4482421875,60.2099609375
106.1854608,8.9892578125,74.4970703125,61.6748046875
106.2099386,8.6962890625,73.6669921875,61.5771484375
106.2488293,7.8662109375,74.3505859375,59.8193359375
106.2678727,8.0126953125,73.8623046875,59.2822265625
106.3050045,6.9873046875,73.9599609375,59.7216796875
106.3284151,6.2548828125,73.9111328125,59.4775390625
106.3790805,6.2548828125,73.5693359375,59.0380859375
106.3991386,6.0107421875,72.8369140625,57.7685546875
106.4180732,5.5224609375,72.1044921875,55.3271484375
106.4569131,5.4248046875,71.1767578125,54.7412109375
106.480169,5.0830078125,71.0791015625,52.0556640625
106.5163013,5.0341796875,69.7119140625,51.2744140625
106.5430858,4.2041015625,69.3701171875,49.2236328125
106.5817739,4.2529296875,68.7353515625,47.6611328125
106.6023962,4.2529296875,67.8564453125,46.9775390625
106.640161,6.6943359375,67.3681640625,44.8291015625
106.6605285,8.7939453125,66.1474609375,43.0712890625
106.7078943,9.2333984375,65.8056640625,42.0458984375
106.7271979,9.9169921875,64.3408203125,40.5322265625
106.7688188,10.6982421875,64.7802734375,37.5537109375
106.7843912,11.6748046875,65.0732421875,35.7958984375
106.8225836,11.8212890625,67.6611328125,35.6982421875
106.8430071,12.3095703125,68.6376953125,51.8115234375
106.8826222,11.3818359375,69.6142578125,63.2861328125
106.9030156,10.9912109375,70.5419921875,66.7529296875
106.9394908,11.6748046875,71.6650390625,67.2412109375
106.9633171,11.4794921875,72.8857421875,66.0693359375
107.000625,10.4052734375,72.8369140625,65.8740234375
107.0208457,10.2099609375,73.1298828125,67.5830078125
107.058987,9.4287109375,73.0810546875,67.6806640625
107.0799993,9.1357421875,73.2275390625,66.0205078125
107.1270115,8.5986328125,73.5205078125,64.5068359375
107.1479643,7.6220703125,73.0810546875,64.4091796875
107.1731769,8.0126953125,72.1044921875,64.0673828125
107.2136125,7.1826171875,72.3486328125,62.9931640625
107.2365164,6.6943359375,71.9580078125,62.1142578125
107.2673914,6.5966796875,71.6162109375,60.4541015625
107.2968238,5.2294921875,70.9326171875,58.0126953125
107.3359103,4.4482421875,70.1513671875,56.8408203125
107.3562843,4.5458984375,69.5166015625,54.7900390625
107.3855356,4.0087890625,69.2236328125,52.8369140625
107.4228818,3.4716796875,68.6376953125,51.4208984375
107.4460224,4.2041015625,67.1240234375,49.8583984375
107.4862627,6.6455078125,66.3916015625,47.8564453125
107.5036243,8.5009765625,64.9267578125,45.5615234375
107.5392272,9.4287109375,64.5849609375,43.1201171875
107.5664162,9.9658203125,63.9990234375,41.0693359375
107.6030402,10.8447265625,62.8759765625,39.4580078125
107.6264639,12.3095703125,62.2900390625,36.7236328125
107.6568286,11.7236328125,61.1669921875,34.5263671875
107.6880223,12.1630859375,61.1181640625,31.2060546875
107.7250895,11.5771484375,62.5341796875,28.0322265625
107.7471744,11.8212890625,64.4873046875,34.1845703125
107.7771608,11.4794921875,65.4150390625,54.2041015625
107.8065433,10.9423828125,66.4892578125,62.2119140625
107.8434788,10.5029296875,67.5634765625,64.3115234375
107.8682387,9.4287109375,68.7353515625,62.8466796875
107.8973253,9.2333984375,69.0771484375,61.3330078125
107.9297455,9.1357421875,69.3212890625,61.3330078125
107.9580468,7.8173828125,69.7119140625,62.0166015625
107.9887128,7.6708984375,69.6142578125,60.2099609375
108.0197368,7.4755859375,70.4931640625,58.8916015625
108.0497983,6.4990234375,69.6142578125,57.4267578125
108.0768683,6.0595703125,69.4677734375,58.0615234375
108.1279346,5.6201171875,69.4189453125,57.3779296875
108.139199,4.2529296875,69.1259765625,55.9619140625
108.172882,4.3505859375,68.5400390625,54.5458984375
108.2002313,3.4228515625,68.0517578125,51.7138671875
108.2281843,2.8857421875,67.4169921875,50.1025390625
108.2626144,2.7392578125,67.0263671875,47.4658203125
108.306734,2.1044921875,66.4892578125,46.1474609375
108.3187044,1.6650390625,65.3662109375,44.2919921875
108.3513111,1.0302734375,64.8291015625,42.5830078125
108.379813,1.6650390625,63.7548828125,40.9716796875
108.4102847,4.1552734375,62.3388671875,39.0185546875
108.4576866,5.7666015625,61.8994140625,37.9931640625
108.4705457,6.7919921875,61.6552734375,35.7958984375
108.5050364,7.7197265625,61.3134765625,33.6474609375
108.5470326,7.8662109375,60.8251953125,31.3525390625
108.5763698,8.7451171875,62.8271484375,28.4228515625
108.5935087,9.2822265625,64.3408203125,36.0888671875
108.6388723,8.9404296875,64.8779296875,52.7392578125
108.6543383,8.8916015625,65.0732421875,58.7939453125
108.6986402,9.0869140625,66.1962890625,59.3798828125
108.7135441,8.6962890625,66.1962890625,56.4990234375
108.7403925,8.2080078125,66.8310546875,54.7900390625
108.7732698,7.7197265625,66.1474609375,53.8623046875
108.8198485,6.6943359375,66.0009765625,53.6181640625
108.8355823,5.9619140625,65.9521484375,51.1767578125
108.8789136,5.6201171875,66.0986328125,50.7373046875
108.8991181,5.4248046875,65.8056640625,50.8837890625
108.9380897,4.8388671875,65.7568359375,51.5185546875
108.9551676,4.4482421875,65.9033203125,50.5419921875
108.9875422,4.3994140625,65.1220703125,48.3447265625
109.0146307,3.6181640625,64.3896484375,46.1474609375
109.0576463,3.2275390625,64.2919921875,44.0478515625
109.0785054,2.9833984375,63.9013671875,41.3623046875
109.116484,2.6904296875,63.1201171875,39.8486328125
109.1366945,1.6650390625,61.7041015625,38.4814453125
109.176061,1.6162109375,61.6064453125,36.9189453125
109.1952183,1.3720703125,60.9228515625,35.2099609375
109.2463182,1.6650390625,60.0927734375,33.6474609375
109.2582069,4.4482421875,59.5556640625,31.9873046875
109.2952517,5.5224609375,59.5556640625,29.8388671875
109.3176538,6.2548828125,58.9208984375,27.9345703125
109.359823,5.3759765625,61.9482421875,25.4931640625
109.3761061,7.1337890625,61.9482421875,33.7451171875
109.4186376,6.9384765625,63.3154296875,50.4443359375
109.4368005,7.3779296875,65.0244140625,58.2080078125
109.4817742,7.2802734375,65.7568359375,59.4775390625
109.4978431,6.0107421875,65.8544921875,58.1103515625
109.5444403,6.7431640625,66.9775390625,56.3037109375
109.5751006,6.6455078125,67.2216796875,57.0361328125
109.5877061,7.0361328125,67.0751953125,56.9873046875
109.6368441,5.9130859375,67.5634765625,55.4736328125
109.6571739,5.8642578125,67.5634765625,53.7646484375
109.6802931,5.3759765625,66.8798828125,52.9345703125
109.717707,5.2783203125,66.7822265625,54.4482421875
109.7379138,4.2529296875,66.5869140625,53.0810546875
109.7812489,4.0576171875,66.2939453125,52.0068359375
109.8015791,3.5205078125,65.4150390625,50.2001953125
109.8404119,3.4228515625,65.7080078125,48.0029296875
109.8614102,3.0810546875,65.3662109375,45.9033203125
109.899888,2.7880859375,64.8779296875,43.3154296875
109.9198877,2.2998046875,64.0478515625,41.8994140625
109.9619371,1.8603515625,63.7060546875,40.9716796875
109.9809663,2.2021484375,62.7783203125,38.4814453125
110.017054,2.2998046875,61.7529296875,36.8212890625
110.0380661,4.6435546875,61.1181640625,35.2587890625
110.0897176,6.6943359375,60.8251953125,33.9404296875
110.110082,7.3291015625,59.4580078125,31.4013671875
110.1469414,8.2080078125,59.4091796875,28.6181640625
110.1614938,9.1845703125,59.8486328125,26.9580078125
110.1971625,10.6982421875,62.0947265625,24.7119140625
110.2215708,10.5517578125,63.6572265625,38.8720703125
110.2585275,9.9658203125,65.4638671875,55.0830078125
110.2788173,9.8681640625,66.6357421875,61.5771484375
110.3242005,9.9169921875,67.7099609375,62.8466796875
110.3541423,9.7705078125,69.1748046875,60.9912109375
110.3707401,9.7216796875,69.7607421875,60.7470703125
110.4163109,9.4287109375,69.3212890625,61.5283203125
110.435446,8.3056640625,69.9072265625,62.7978515625
110.4713808,8.6474609375,70.3955078125,61.5283203125
110.49378,7.4267578125,70.1513671875,59.3310546875
110.5330198,7.6708984375,70.3466796875,58.7939453125
110.5539011,6.5966796875,70.4443359375,58.6962890625
110.5953508,6.7431640625,70.1025390625,59.0380859375
110.6137131,6.3525390625,70.1513671875,57.1337890625
110.6511208,5.5224609375,69.3212890625,55.8642578125
110.6752986,5.6689453125,69.2236328125,53.1298828125
110.7155186,4.9365234375,68.5888671875,51.5185546875
110.7370216,4.3017578125,68.5400390625,48.7841796875
110.7857855,4.1064453125,67.7099609375,47.1240234375
110.8062241,4.1064453125,67.0751953125,45.5126953125
110.8247258,3.2763671875,66.8798828125,43.9013671875
110.8626765,4.0576171875,65.9521484375,41.8505859375
110.8877299,5.7666015625,65.1220703125,39.4091796875
110.924155,8.1103515625,64.0966796875,37.9931640625
110.9443226,8.7451171875,63.3154296875,35.6005859375
110.9891313,9.9658203125,62.9248046875,33.4521484375
111.0094998,10.5517578125,61.8505859375,29.5947265625
111.047741,11.5283203125,62.8759765625,27.1044921875
111.0679638,11.6259765625,64.8779296875,24.6142578125
111.1071524,11.8701171875,66.1962890625,32.4267578125
111.1271573,11.4306640625,67.2216796875,52.6904296875
111.1790415,11.1376953125,68.3447265625,61.6259765625
111.186979,11.2841796875,69.2724609375,63.4814453125
111.2237161,11.0400390625,70.8349609375,61.9677734375
111.2480679,10.3564453125,71.0791015625,60.5029296875
111.2856099,10.1123046875,71.2255859375,61.0400390625
111.3107865,9.0869140625,71.9091796875,61.5283203125
111.3476288,8.8427734375,71.7626953125,60.0146484375
111.368849,8.0615234375,72.2509765625,57.2314453125
111.4071447,8.4521484375,72.1044921875,57.0361328125
111.4284973,7.5244140625,71.9580078125,56.5478515625
111.465624,7.2314453125,72.0556640625,56.4990234375
111.4897557,6.8408203125,71.8603515625,54.6435546875
111.5269332,6.2548828125,71.3232421875,52.6904296875
111.5501296,5.9619140625,70.8837890625,49.9560546875
111.5886472,5.2783203125,70.7373046875,47.9541015625
111.6087017,4.8388671875,69.9560546875,45.4150390625
111.6475812,4.3017578125,69.4189453125,43.0224609375
111.666851,3.2763671875,68.5888671875,41.5576171875
111.7029813,3.2763671875,68.3935546875,39.2626953125
111.7313037,2.7880859375,67.8564453125,37.4560546875
111.7688338,4.4970703125,66.5869140625,35.4541015625
111.7911007,5.9619140625,65.9521484375,33.4033203125
111.8284593,8.1103515625,65.4150390625,31.0107421875
111.8537957,8.5498046875,64.6826171875,28.4716796875
111.8902347,9.2333984375,64.6337890625,26.5673828125
111.9114605,9.4775390625,66.5380859375,23.0029296875
111.9510615,10.0634765625,68.3447265625,28.2275390625
111.9712558,10.2099609375,68.3447265625,48.2958984375
112.0065568,10.1123046875,69.3701171875,57.4267578125
112.0330753,9.6240234375,70.2001953125,57.9150390625
112.0864502,9.7216796875,70.9326171875,55.6201171875
112.0893078,9.4775390625,71.0302734375,53.6181640625
112.1274402,9.3798828125,71.0302734375,52.1044921875
112.1538086,8.3544921875,71.1279296875,51.3720703125
112.1879642,7.5732421875,70.9326171875,48.5400390625
112.2138585,7.3291015625,70.7373046875,47.2705078125
112.2513126,6.7919921875,70.8837890625,48.2470703125
112.2749064,5.9619140625,70.0048828125,48.8330078125
112.3122948,5.8154296875,70.2978515625,48.3935546875
112.3336945,5.1806640625,70.2001953125,46.2451171875
112.3708702,4.7412109375,69.8095703125,43.9501953125
112.3932442,4.4482421875,69.4677734375,40.8740234375
112.4325865,3.8623046875,69.1748046875,39.2138671875
112.4551647,3.0322265625,68.1982421875,37.5048828125
112.492087,3.2275390625,67.4169921875,34.8193359375
112.519178,1.9580078125,66.9775390625,33.1591796875
112.5447888,2.4951171875,65.6591796875,30.7666015625
112.5821683,1.7138671875,64.6337890625,30.0341796875
112.607064,2.9345703125,64.5361328125,28.7158203125
112.6367208,4.7412109375,63.2177734375,26.1767578125
112.6730561,5.9130859375,63.6083984375,24.3701171875
112.6961057,7.1337890625,65.5615234375,21.6845703125
112.7254092,7.0361328125,67.0751953125,22.3193359375
112.7582061,7.2314453125,68.4423828125,42.2900390625
112.7877568,7.9150390625,69.4677734375,54.2041015625
112.816841,7.5244140625,70.2978515625,57.9150390625
112.8476971,7.0849609375,71.1767578125,56.7431640625
112.8787564,7.5244140625,71.9091796875,54.9853515625
112.9064966,7.1337890625,72.3486328125,53.6181640625
112.9404849,7.4267578125,72.1533203125,53.8134765625
112.9685821,7.1826171875,72.2998046875,53.8623046875
112.9948526,6.4501953125,72.5927734375,51.4208984375
113.0341258,6.2060546875,72.9345703125,50.1025390625
113.0586898,5.3271484375,72.9345703125,50.6884765625
113.090571,5.1318359375,72.2021484375,49.9072265625
113.1191071,5.6689453125,72.1044921875,49.7119140625
113.1467503,5.8154296875,72.1044921875,47.7099609375
113.1838757,5.0830078125,71.0791015625,45.5615234375
113.2088842,4.8388671875,71.1279296875,43.1689453125
113.2416562,4.2041015625,70.1025390625,41.6552734375
113.2702784,3.7646484375,69.7607421875,38.9208984375
113.3010307,3.4228515625,69.2724609375,36.8701171875
113.3292242,2.8857421875,68.4423828125,35.2099609375
113.3608125,2.5927734375,67.8564453125,32.5732421875
113.3889398,3.4228515625,67.2216796875,31.0107421875
113.4221331,5.1318359375,66.3427734375,29.3994140625
113.4513073,6.5478515625,65.7080078125,27.3486328125
113.4785143,8.0126953125,65.2197265625,24.9072265625
113.5319165,9.0869140625,65.3173828125,22.1728515625
113.5407269,9.6728515625,67.3681640625,19.0478515625
113.5745329,10.2587890625,69.1748046875,24.8583984375
113.601747,10.5029296875,70.5419921875,47.1728515625
113.6319626,10.0146484375,71.3720703125,57.8173828125
113.6587394,10.2587890625,72.3486328125,60.4052734375
113.6914798,9.9169921875,74.3505859375,59.8193359375
113.7220739,10.0146484375,75.2294921875,57.3291015625
113.7538894,10.6494140625,75.1318359375,58.2080078125
113.7835204,10.1611328125,75.4736328125,58.9404296875
113.8109261,8.9892578125,75.4248046875,58.6962890625
113.8443269,8.7451171875,75.5712890625,56.5478515625
113.8852817,8.1103515625,75.4736328125,55.8154296875
113.9053282,7.4755859375,75.4736328125,55.7666015625
113.9479311,7.2802734375,75.2783203125,54.9365234375
113.9639859,6.6455078125,75.2294921875,54.6923828125
113.9964487,5.5712890625,74.8388671875,52.8369140625
114.0326404,6.0595703125,74.9853515625,50.4931640625
114.0528013,4.9853515625,73.9599609375,47.6123046875
114.098552,4.6435546875,73.9111328125,45.0732421875
114.1134767,4.6435546875,73.7646484375,42.8271484375
114.156494,3.8623046875,72.0556640625,41.0205078125
114.1759217,3.6669921875,71.6162109375,39.0185546875
114.215282,3.5693359375,71.1767578125,36.9677734375
114.2355136,3.8623046875,70.2001953125,34.9658203125
114.2783065,6.1572265625,69.7119140625,32.7197265625
114.2951855,8.1103515625,68.5888671875,31.2060546875
114.3285537,9.3310546875,68.3935546875,28.6181640625
114.3662932,9.3798828125,66.9287109375,25.6884765625
114.3860232,10.4052734375,67.4658203125,22.6611328125
114.4180781,11.7236328125,68.6376953125,18.6572265625
114.4566369,11.5771484375,71.6162109375,21.2451171875
114.4777811,11.5771484375,72.5439453125,46.2939453125
114.515849,11.2841796875,73.1787109375,58.0615234375
114.5362313,11.0400390625,74.3017578125,60.6982421875
114.5818553,10.6982421875,75.2783203125,60.0634765625
114.5973254,10.7470703125,76.3525390625,57.6708984375
114.6385026,10.4541015625,76.1083984375,56.6943359375
114.6579493,9.6240234375,76.7919921875,57.4267578125
114.696893,9.3310546875,76.3525390625,56.5478515625
114.7181675,8.9404296875,76.7919921875,54.3505859375
114.7544163,8.3544921875,76.9384765625,52.3486328125
114.7792304,8.2568359375,76.4013671875,52.8857421875
114.8181787,7.5244140625,76.4501953125,52.4951171875
114.8377346,7.0849609375,76.6455078125,50.9814453125
114.8750286,6.1572265625,75.9130859375,49.7119140625
114.8993417,6.2548828125,75.1806640625,47.0263671875
114.9355101,6.2060546875,75.2294921875,43.9990234375
114.9558652,5.3759765625,74.3994140625,41.6064453125
114.9965036,5.0341796875,74.3994140625,39.3603515625
115.0168738,4.6435546875,73.4228515625,37.6513671875
115.0599179,3.5693359375,72.9345703125,34.9169921875
115.0798192,3.8623046875,72.2021484375,32.2314453125
115.1176951,3.3740234375,70.7861328125,31.0107421875
115.1522382,4.5947265625,70.3466796875,28.3251953125
115.16979,7.2314453125,69.6630859375,26.2255859375
115.2092971,8.5009765625,68.6376953125,23.8818359375
115.2315,8.9404296875,67.8076171875,21.0498046875
115.261844,9.7216796875,68.3935546875,19.0966796875
115.2993561,10.2587890625,69.8583984375,15.6787109375
115.3206652,10.8447265625,71.1767578125,18.6572265625
115.3584699,11.3330078125,72.5439453125,43.6572265625
115.3791891,10.8447265625,72.5927734375,53.7646484375
115.4203345,10.7470703125,73.3251953125,56.0595703125
115.4407699,9.7216796875,74.1552734375,54.2529296875
115.4793261,9.7216796875,74.4482421875,50.5419921875
115.5015602,9.3310546875,74.5947265625,48.5400390625
115.5519411,8.6962890625,74.1552734375,48.3447265625
115.5708232,7.8173828125,74.3505859375,45.6591796875
115.5927962,7.9150390625,75.0341796875,43.5595703125
115.6289972,6.9384765625,74.2529296875,44.6826171875
115.6519972,6.7919921875,74.0576171875,45.2685546875
115.6932081,6.3525390625,73.3251953125,45.1220703125
115.7126386,5.5224609375,73.0810546875,42.8759765625
115.7536674,5.0830078125,73.0810546875,40.3369140625
115.7729665,4.8388671875,73.0810546875,37.8466796875
115.8107314,4.1552734375,72.1044921875,34.9658203125
115.8337877,3.9599609375,71.0791015625,33.3056640625
115.8740524,3.1787109375,70.6884765625,31.0595703125
115.8965456,3.2275390625,69.9072265625,28.7646484375
115.9318097,2.6416015625,69.6630859375,27.3974609375
115.9556546,2.2998046875,68.3935546875,26.0791015625
115.9933261,1.7626953125,67.8564453125,24.0283203125
116.0133619,2.8857421875,66.5869140625,22.5634765625
116.0511372,5.3759765625,66.9287109375,19.7802734375
116.0763904,6.4990234375,67.5634765625,16.3623046875
116.112217,6.7919921875,70.0048828125,14.7021484375
116.1374291,7.4755859375,71.3720703125,29.0576171875
116.1896117,7.6220703125,72.1044921875,48.5888671875
116.1949274,8.1591796875,73.1787109375,55.3271484375
116.2343234,7.7685546875,74.1064453125,55.0830078125
116.2547166,7.3291015625,75.3759765625,53.3251953125
116.2918564,7.2802734375,74.7412109375,50.9326171875
116.3191956,7.7197265625,74.9365234375,50.2001953125
116.3469,8.0126953125,75.3271484375,50.3466796875
116.3843641,7.6708984375,75.3271484375,47.9541015625
116.4068112,7.2802734375,74.9853515625,46.8310546875
116.4444016,6.2060546875,75.9619140625,47.0263671875
116.4699253,5.4736328125,74.6923828125,47.7587890625
116.4967844,5.7177734375,75.0830078125,47.8076171875
116.5496787,4.9365234375,74.8876953125,45.8544921875
116.5814391,5.4736328125,73.8623046875,41.9970703125
116.5886802,4.6435546875,74.1064453125,40.0927734375
116.6265627,4.3505859375,72.9833984375,37.2119140625
116.6473774,3.9111328125,73.1298828125,35.2099609375
116.6854011,3.7646484375,71.4208984375,32.7685546875
116.7115804,3.0322265625,71.7626953125,30.7666015625
116.7497595,2.9833984375,70.2490234375,28.4228515625
116.7673245,3.3740234375,69.7607421875,27.2998046875
116.8148996,3.0810546875,68.5888671875,24.9560546875
116.8354811,4.3017578125,68.2470703125,22.9541015625
116.8640776,7.3291015625,67.1240234375,20.6103515625
116.892847,7.9638671875,67.2216796875,17.4853515625
116.9389178,8.5498046875,69.3212890625,14.9951171875
116.9499688,8.7939453125,71.5185546875,18.7060546875
116.9868653,9.6728515625,73.1298828125,43.4619140625
117.0158814,10.5029296875,74.2041015625,55.8642578125
117.0613736,9.7705078125,75.9130859375,58.7451171875
117.0716165,9.5751953125,76.3037109375,57.7685546875
117.1090643,9.6240234375,77.6220703125,55.9619140625
117.1325697,9.9658203125,78.1103515625,55.5224609375
117.1722544,10.4541015625,78.1591796875,56.0595703125
117.1931665,9.5263671875,77.8662109375,55.8642578125
117.2294958,8.7451171875,78.3056640625,53.0810546875
117.251793,8.1103515625,78.4033203125,51.9580078125
117.2855879,8.1103515625,78.2080078125,52.0068359375
117.3114098,7.7685546875,77.7685546875,52.0556640625
117.3472017,7.5244140625,78.3544921875,51.2744140625
117.375453,7.1337890625,77.8662109375,49.5166015625
117.4018372,6.7431640625,77.9150390625,47.0263671875
117.441214,5.8154296875,76.4501953125,44.5361328125
117.463285,5.4736328125,76.9873046875,42.5830078125
117.5022946,4.6923828125,76.2060546875,39.9462890625
117.5252107,4.0087890625,75.3759765625,38.0908203125
117.5556269,3.8134765625,74.7900390625,36.2841796875
117.5851007,3.9599609375,73.9111328125,33.9892578125
117.6152381,3.5205078125,73.9111328125,32.5244140625
117.6524117,4.0087890625,72.7880859375,30.5224609375
117.6773521,6.6455078125,71.8603515625,28.4228515625
117.7047388,8.9404296875,70.9326171875,26.8603515625
117.7348634,9.5751953125,70.3466796875,23.8818359375
117.7626412,9.8681640625,70.7861328125,21.1474609375
117.8000756,11.1865234375,72.1533203125,17.7294921875
117.8232852,11.4306640625,73.7158203125,17.9248046875
117.8602286,12.0166015625,75.6689453125,42.5830078125
117.8855614,11.5771484375,76.4990234375,56.4013671875
117.9157105,11.3818359375,77.8173828125,60.0146484375
117.9464718,11.2353515625,78.7451171875,59.5751953125
117.9753468,10.7470703125,80.1611328125,57.0361328125
118.0090518,10.6494140625,80.3076171875,56.4501953125
118.0385638,10.1123046875,79.9658203125,56.9873046875
118.0666281,9.8681640625,80.3076171875,56.8408203125
118.099926,8.8427734375,80.6005859375,54.7412109375
118.1283874,8.6474609375,80.9423828125,53.2763671875
118.1551899,8.0126953125,80.4052734375,53.5693359375
118.1910298,8.1591796875,80.9912109375,53.2275390625
118.2182347,7.6708984375,80.4541015625,52.3974609375
118.2457255,7.5732421875,80.2587890625,50.9814453125
118.2794607,6.6455078125,79.6240234375,48.5400390625
118.308869,6.4501953125,79.8681640625,46.3916015625
118.3424979,5.6689453125,78.7451171875,43.9990234375
118.368669,5.0830078125,77.8662109375,41.4111328125
118.3989911,4.7412109375,77.3291015625,39.6533203125
118.4313716,3.8623046875,77.1337890625,36.9189453125
118.4602835,3.9599609375,76.1572265625,35.7958984375
118.4871005,3.4716796875,75.7666015625,33.8427734375
118.5206218,3.5205078125,74.4482421875,32.6220703125
118.5469823,5.1806640625,73.4716796875,29.4970703125
118.5799047,7.8173828125,72.8857421875,27.6904296875
118.611547,8.3056640625,72.8369140625,25.9326171875
118.6389693,9.3798828125,72.7880859375,22.8076171875
118.6712643,9.6240234375,74.9853515625,20.2197265625
118.7000546,10.1123046875,76.5966796875,28.4716796875
118.7272812,10.3564453125,77.3291015625,50.5908203125
118.7631645,10.6982421875,77.9150390625,59.1845703125
118.7904597,10.4541015625,78.7939453125,58.7451171875
118.8204891,9.8681640625,79.5751953125,56.1572265625
118.8510883,9.5263671875,79.4775390625,52.8857421875
118.8827573,9.6728515625,79.6728515625,52.1044921875
118.9147487,9.1845703125,78.8916015625,50.7861328125
118.9425631,8.9404296875,79.4775390625,48.1494140625
118.9722724,7.5732421875,79.6240234375,47.2216796875
119.0141519,7.1337890625,79.0380859375,47.4169921875
119.0330611,6.7919921875,78.6474609375,48.5888671875
119.0647808,6.1083984375,78.2080078125,47.6611328125
119.0938139,6.1083984375,78.2080078125,46.8310546875
119.122574,5.3271484375,77.7197265625,44.3408203125
119.1518997,4.8388671875,76.7431640625,41.1181640625
119.1856132,4.5947265625,76.1572265625,38.9697265625
119.2235707,4.8388671875,75.3759765625,37.1142578125
119.2467575,3.8623046875,75.1806640625,34.8193359375
119.2727724,3.8134765625,74.7900390625,33.2080078125
119.303426,3.2763671875,73.9599609375,31.8408203125
119.347074,2.4951171875,72.9833984375,31.3037109375
119.3648849,2.3974609375,71.5673828125,28.7158203125
119.3962105,2.9833984375,71.3720703125,26.8115234375
119.4266659,5.2783203125,72.4462890625,25.1025390625
119.4663994,6.7431640625,74.0576171875,22.9052734375
119.483294,7.8173828125,75.7177734375,28.8623046875
119.5254888,7.8662109375,76.5478515625,50.3466796875
119.5441509,8.1591796875,77.7197265625,58.8916015625
119.5762653,8.4033203125,78.6474609375,60.3076171875
119.6054644,8.5986328125,80.0146484375,58.1591796875
119.6412735,8.2080078125,80.4052734375,55.3271484375
119.665359,8.7451171875,79.7705078125,54.8388671875
119.7066665,8.4521484375,79.7216796875,54.8876953125
119.7287834,8.6474609375,80.1123046875,53.6181640625
119.7701631,7.8173828125,80.3564453125,52.2509765625
119.7873886,7.4267578125,79.9169921875,51.6650390625
119.8291459,6.6943359375,79.1845703125,52.1044921875
119.8477014,6.4990234375,79.4287109375,52.1533203125
119.8839746,5.8154296875,79.2333984375,51.0302734375
119.909405,5.3759765625,78.7451171875,48.9794921875
119.9465575,4.7900390625,77.9150390625,46.2939453125
119.9689594,5.4736328125,77.9150390625,43.9990234375
120.0060614,5.1806640625,76.9873046875,41.8017578125
120.0286476,4.4970703125,76.5478515625,39.9462890625
