Timestamp,PPG_Forehead,PPG_Earlobe,PPG_Finger
0.00855309999999987,0.185546875,126.1767578125,0.185546875
0.0116027000000001,0.185546875,0.185546875,0.185546875
0.0139046999999999,0.185546875,0.185546875,0.185546875
0.0151617000000002,0.185546875,0.185546875,0.185546875
0.0160262000000002,0.185546875,0.185546875,0.185546875
0.0167972999999999,0.185546875,0.185546875,0.185546875
0.0184641000000001,91.6357421875,0.185546875,81.9677734375
0.0197341,-25.3955078125,86.3134765625,-114.3212890625
0.0205419999999998,-26.0302734375,119.2919921875,-115.5419921875
0.0208935000000001,-26.0302734375,118.5107421875,-118.2763671875
0.0212089,-26.9091796875,117.1435546875,-121.0595703125
0.0215276000000002,-27.3974609375,116.6064453125,-125.0146484375
0.0218593,-28.2275390625,115.2880859375,-127.9931640625
0.0221778000000001,-28.5205078125,114.6533203125,-129.5556640625
0.0225504000000001,-27.3486328125,114.2138671875,-120.7666015625
0.0229721000000001,-26.8603515625,114.1650390625,-99.3310546875
0.0232831999999998,-25.9326171875,114.9462890625,-78.1884765625
0.0235772000000001,-24.9072265625,115.0439453125,-62.5634765625
0.0238722,-23.1005859375,115.6787109375,-52.7490234375
0.024162,-21.5869140625,116.8505859375,-46.1572265625
0.0244561000000001,-20.9521484375,116.7041015625,-42.8857421875
0.0247467000000001,-19.2919921875,117.7783203125,-44.2041015625
0.0250414000000001,-19.1455078125,117.8271484375,-51.9677734375
0.0253331000000001,-18.8525390625,118.8037109375,-59.6337890625
0.0256604999999999,-18.8525390625,118.4130859375,-63.9306640625
0.0261743999999999,-19.1455078125,119.3896484375,-66.1279296875
0.0264814000000002,-18.6083984375,120.0244140625,-67.2998046875
0.0268033000000001,-19.7314453125,120.2197265625,-70.1318359375
0.0271045999999999,-19.7802734375,120.8544921875,-74.3798828125
0.0274022,-20.3173828125,121.1962890625,-77.7001953125
0.0276977,-20.1220703125,122.0751953125,-82.6806640625
0.028009,-21.0498046875,121.0986328125,-87.1240234375
0.0283384,-21.6845703125,121.4892578125,-91.1279296875
0.0286352999999999,-22.0263671875,121.2939453125,-94.7412109375
0.0290919000000001,-22.8076171875,121.1962890625,-98.3056640625
0.0295074999999998,-23.2470703125,119.9267578125,-100.6494140625
0.0298053999999999,-23.5400390625,120.3662109375,-103.8720703125
0.0300965,-24.5654296875,120.1708984375,-106.9970703125
0.0304264000000001,-25.3955078125,119.3896484375,-110.3662109375
0.0307263,-25.5908203125,119.4873046875,-111.9775390625
0.0310171000000001,-26.3720703125,118.4130859375,-113.9306640625
0.0313143999999999,-26.1767578125,117.9248046875,-116.3232421875
0.0317294000000001,-26.8603515625,117.3388671875,-120.9619140625
0.0320599000000001,-27.5439453125,116.5087890625,-124.1845703125
0.0323528999999998,-27.8369140625,115.8740234375,-127.8466796875
0.0326426999999998,-29.0576171875,115.6298828125,-127.3095703125
0.0329815999999998,-27.3486328125,115.1416015625,-114.9560546875
0.033274,-27.3974609375,116.1181640625,-92.6416015625
0.0335689000000001,-26.3720703125,116.0693359375,-73.3056640625
0.0339440999999998,-25.1025390625,117.1923828125,-58.8525390625
0.0342978,-23.5400390625,117.8759765625,-49.9658203125
0.0345897000000002,-22.6123046875,117.5830078125,-43.9599609375
0.0348798000000001,-20.8056640625,118.4130859375,-41.1767578125
0.0351705,-20.1220703125,118.9501953125,-43.5205078125
0.0355273999999999,-19.2431640625,118.8525390625,-52.1142578125
0.0358664000000002,-19.3408203125,120.3662109375,-58.7548828125
0.0362505,-18.5595703125,120.6591796875,-62.1240234375
0.0366368000000001,-18.2666015625,120.7080078125,-63.7353515625
0.0369326000000001,-18.8525390625,121.1474609375,-64.9072265625
0.0372276999999999,-18.9501953125,121.7333984375,-68.1298828125
0.0375383,-19.5849609375,122.3193359375,-71.8896484375
0.0378797999999998,-19.5849609375,121.3916015625,-76.4306640625
0.0381721000000002,-20.2685546875,121.2451171875,-81.3134765625
0.0384680999999998,-21.0498046875,120.9521484375,-85.3662109375
0.0388978,-22.1240234375,120.5126953125,-89.0771484375
0.0393523999999998,-22.1728515625,120.5615234375,-92.1044921875
0.0396736999999998,-22.5146484375,119.3408203125,-95.3759765625
0.0399658999999999,-23.7841796875,119.6337890625,-99.0380859375
0.0403112999999999,-23.6865234375,118.6083984375,-101.0888671875
0.0406042000000002,-24.7119140625,117.0947265625,-104.5556640625
0.0408984999999999,-25.2001953125,117.3388671875,-106.8017578125
0.0412916000000001,-25.7373046875,116.2158203125,-108.9013671875
0.0416257,-26.5673828125,116.3134765625,-111.7822265625
0.0419185999999998,-27.3486328125,115.0439453125,-114.1259765625
0.0422123999999999,-27.6416015625,114.5556640625,-117.4951171875
0.0425447999999999,-28.3740234375,114.0673828125,-121.4990234375
0.0428351999999999,-28.7158203125,113.2861328125,-124.1357421875
0.0431284999999999,-28.7646484375,112.1630859375,-123.9404296875
0.0434532999999999,-28.6669921875,112.5537109375,-110.2197265625
0.0438508,-27.2509765625,113.1396484375,-88.4912109375
0.0442314000000001,-26.2744140625,113.3837890625,-68.3251953125
0.0445264999999999,-25.7861328125,114.0673828125,-54.2138671875
0.0448563000000002,-23.9306640625,114.0185546875,-43.3251953125
0.0451576999999999,-22.3193359375,115.0927734375,-37.0751953125
0.0454526,-21.5869140625,115.4833984375,-33.8525390625
0.0457443999999998,-20.2685546875,115.6298828125,-36.2451171875
0.0461575000000001,-19.7314453125,115.8740234375,-43.6181640625
0.0464753999999998,-19.8779296875,116.5087890625,-51.1865234375
0.0467697999999999,-18.9990234375,116.1181640625,-55.2880859375
0.0470617,-19.3408203125,116.2158203125,-55.7275390625
0.0474020999999998,-19.2431640625,116.0693359375,-58.5595703125
0.0476955999999999,-19.6826171875,115.7763671875,-61.3427734375
0.0479873,-20.8544921875,116.4599609375,-65.3466796875
0.0483528999999998,-20.8544921875,116.6552734375,-70.2783203125
0.0487058999999999,-21.2451171875,116.1669921875,-74.3798828125
0.0489978999999998,-21.9287109375,114.9951171875,-78.3349609375
0.0592271000000002,-22.8076171875,115.6787109375,-82.0947265625
0.1015996,-23.1982421875,114.8486328125,-85.4638671875
0.1222505,-23.9794921875,114.6533203125,-88.6865234375
0.1626352,-24.5654296875,114.3603515625,-91.4697265625
0.184013,-24.9560546875,113.3837890625,-94.3017578125
0.2259512,-26.0791015625,111.9189453125,-97.0361328125
0.246041,-26.3232421875,111.8212890625,-99.7216796875
0.2937475,-27.1044921875,110.6494140625,-102.1142578125
0.3145629,-28.0322265625,110.4052734375,-104.1650390625
0.3303135,-28.4716796875,108.5986328125,-107.1435546875
0.3705036,-28.7646484375,108.6474609375,-110.5126953125
0.3915176,-29.3505859375,107.5732421875,-113.8818359375
0.4340088,-30.4736328125,106.8896484375,-116.9091796875
0.4651758,-30.2783203125,106.5966796875,-117.0068359375
0.4810965,-31.1083984375,106.2548828125,-103.8232421875
0.5274695,-29.4482421875,106.4501953125,-82.0947265625
0.5464099,-28.5693359375,108.5009765625,-63.5400390625
0.5864643,-27.6904296875,108.5986328125,-48.3056640625
0.6078358,-26.9091796875,109.0380859375,-40.0048828125
0.6532366,-24.7119140625,110.5517578125,-33.2177734375
0.6601183,-23.4423828125,111.3330078125,-31.2158203125
0.7010506,-22.7587890625,112.4560546875,-34.6826171875
0.7209922,-22.0263671875,112.9443359375,-42.0068359375
0.759613,-22.3193359375,113.3349609375,-48.9892578125
0.778705,-21.4404296875,114.2626953125,-53.0908203125
0.8246089,-22.0263671875,114.7509765625,-54.7509765625
0.8464617,-21.8310546875,115.0927734375,-56.6064453125
0.8873479,-21.6845703125,114.8486328125,-60.9033203125
0.9104109,-22.9052734375,115.0439453125,-65.3466796875
0.9511839,-22.8564453125,114.4580078125,-69.3017578125
0.9602056,-23.5400390625,114.6044921875,-74.0380859375
1.0124989,-24.2724609375,114.8974609375,-78.1884765625
1.0329252,-24.8583984375,114.7021484375,-82.2412109375
1.0551423,-25.2490234375,114.2626953125,-85.4150390625
1.1064717,-26.3720703125,113.4814453125,-89.0283203125
1.1263327,-27.2021484375,113.5791015625,-92.0068359375
1.145213,-27.7880859375,112.7490234375,-95.1806640625
1.1830481,-28.7646484375,112.4072265625,-98.5986328125
1.2032908,-28.6181640625,112.2119140625,-100.9423828125
1.243277,-29.9853515625,111.6748046875,-103.2861328125
1.2638672,-30.2783203125,110.8935546875,-105.3369140625
1.3028228,-30.6201171875,110.6982421875,-109.2919921875
1.3240194,-31.1083984375,110.2099609375,-111.7822265625
1.3635845,-31.8896484375,109.6240234375,-115.2490234375
1.3850101,-32.0849609375,108.5986328125,-118.6669921875
1.4334274,-32.5244140625,108.0615234375,-114.7119140625
1.4543269,-32.4755859375,108.9404296875,-96.3037109375
1.474318,-31.5966796875,110.6494140625,-74.6240234375
1.5174687,-30.5224609375,110.6005859375,-56.3623046875
1.5333536,-29.1552734375,111.1865234375,-43.2275390625
1.5891318,-28.6669921875,111.4794921875,-34.4873046875
1.6090227,-26.2255859375,113.1884765625,-29.5556640625
1.6239484,-25.4931640625,114.1162109375,-28.2373046875
1.6611504,-24.1259765625,114.6533203125,-33.4130859375
1.6857603,-23.8330078125,114.1162109375,-41.8115234375
1.722074,-23.1982421875,114.8974609375,-47.2802734375
1.7459854,-23.3447265625,116.5087890625,-49.9169921875
1.792799,-23.1982421875,116.3134765625,-52.2607421875
1.8131068,-23.0517578125,116.8017578125,-55.2392578125
1.8376151,-23.6376953125,116.9970703125,-58.3154296875
1.8854482,-23.9794921875,117.6318359375,-63.4912109375
1.8984198,-24.5654296875,118.1689453125,-67.8857421875
1.9347187,-24.8583984375,117.3388671875,-72.4755859375
1.9549153,-25.8837890625,116.6552734375,-76.9677734375
1.994171,-26.7626953125,117.0947265625,-80.7763671875
2.0158067,-27.4462890625,117.1435546875,-84.9267578125
2.0597512,-28.0810546875,115.9228515625,-87.9052734375
2.0793224,-28.1787109375,114.6533203125,-90.7861328125
2.1061193,-29.6435546875,114.7021484375,-93.9111328125
2.1493089,-29.9365234375,113.7744140625,-97.3779296875
2.1665609,-31.2548828125,114.1162109375,-99.9658203125
2.2109315,-31.4990234375,113.4814453125,-102.6513671875
2.2311933,-32.6708984375,112.4560546875,-104.7509765625
2.2743272,-32.5244140625,111.9189453125,-107.6806640625
2.296357,-33.1591796875,112.0654296875,-111.1962890625
2.3188198,-33.8916015625,110.6005859375,-114.5166015625
2.3563288,-34.8193359375,110.1123046875,-117.8369140625
2.3769336,-34.7705078125,109.3310546875,-119.3505859375
2.4096737,-35.2099609375,108.8916015625,-107.7294921875
2.4455285,-34.4775390625,109.4287109375,-85.9033203125
2.4708053,-33.7939453125,110.0634765625,-64.6142578125
2.5008337,-32.3779296875,110.8935546875,-48.6474609375
2.5301454,-31.4990234375,111.7724609375,-37.7587890625
2.5629583,-29.9365234375,112.7978515625,-29.8486328125
2.5975365,-28.1787109375,113.4326171875,-25.6982421875
2.6198722,-27.1533203125,113.9208984375,-27.0654296875
2.6522159,-26.3232421875,114.3603515625,-33.5107421875
2.6821389,-26.5185546875,114.8974609375,-41.0791015625
2.718471,-26.3232421875,115.3857421875,-45.6201171875
2.7426718,-25.7373046875,115.8740234375,-47.9150390625
2.7719592,-25.6396484375,116.2158203125,-50.0146484375
2.804937,-25.7861328125,116.3623046875,-53.6279296875
2.8331153,-26.1767578125,116.8505859375,-57.6806640625
2.8708336,-26.8603515625,116.8017578125,-62.5634765625
2.8941929,-27.3974609375,116.8017578125,-66.8603515625
2.9229598,-27.9833984375,116.2646484375,-72.1337890625
2.9506232,-28.4228515625,115.9228515625,-75.8935546875
2.9831662,-29.4970703125,115.3369140625,-79.8486328125
3.0132787,-29.6435546875,115.3857421875,-83.1201171875
3.044215,-30.0341796875,114.7998046875,-86.1962890625
3.0730693,-31.2548828125,113.6767578125,-89.5654296875
3.1020051,-31.6455078125,112.9931640625,-92.5439453125
3.1353479,-32.9150390625,112.4560546875,-95.2783203125
3.1628775,-33.0126953125,111.7724609375,-97.6220703125
3.1919349,-33.8427734375,111.2841796875,-100.1123046875
3.2442088,-34.1845703125,110.5029296875,-102.9931640625
3.2647058,-34.3798828125,109.4287109375,-105.8740234375
3.282354,-35.3564453125,108.9892578125,-109.6826171875
3.3361092,-35.2587890625,108.6474609375,-112.3681640625
3.3655605,-36.0888671875,108.3056640625,-112.4658203125
3.3716953,-36.7724609375,108.5986328125,-100.9912109375
3.4280352,-35.9912109375,109.0380859375,-79.5068359375
3.4485186,-35.3564453125,110.0634765625,-59.0478515625
3.4655361,-34.2333984375,111.0400390625,-45.4248046875
3.5247223,-33.1591796875,112.0166015625,-35.7080078125
3.5259411,-31.3037109375,112.4560546875,-30.0439453125
3.5565662,-29.8388671875,113.7744140625,-27.9931640625
3.5856334,-28.3740234375,115.6298828125,-31.0205078125
3.6190064,-27.9833984375,116.0205078125,-39.0283203125
3.6632882,-27.6904296875,117.1435546875,-47.1826171875
3.683514,-27.2509765625,117.3388671875,-51.0888671875
3.7215943,-27.3974609375,117.9248046875,-52.7978515625
3.7418853,-27.0068359375,119.3896484375,-55.0439453125
3.7880976,-27.4951171875,119.5361328125,-58.3642578125
3.8082598,-28.1787109375,119.4873046875,-62.0263671875
3.8282444,-28.4716796875,119.5361328125,-67.4951171875
3.8556395,-29.3994140625,119.7802734375,-72.1337890625
3.9039165,-28.8134765625,118.6572265625,-77.1630859375
3.9173401,-29.8388671875,118.7060546875,-80.8740234375
3.9746558,-30.3759765625,118.1689453125,-84.7802734375
3.9950651,-30.4736328125,118.2177734375,-87.8564453125
4.0072043,-31.4990234375,117.7294921875,-91.1279296875
4.0340587,-32.5732421875,116.5576171875,-94.1552734375
4.0690789,-33.2568359375,116.2646484375,-96.8896484375
4.0991899,-33.3544921875,116.3623046875,-100.4052734375
4.1457549,-34.3798828125,115.7275390625,-102.4560546875
4.1670379,-34.1357421875,114.8974609375,-105.0439453125
4.2027987,-35.1123046875,113.9697265625,-108.2666015625
4.2224134,-35.8447265625,113.5791015625,-111.8310546875
4.2634657,-35.9912109375,112.3583984375,-115.6884765625
4.2836161,-36.5283203125,112.0166015625,-118.6669921875
4.3203787,-37.0654296875,111.3818359375,-114.7607421875
4.3407604,-36.9189453125,111.9189453125,-96.7919921875
4.3857874,-36.6259765625,112.1630859375,-75.2587890625
4.406204,-35.6005859375,113.7255859375,-57.2412109375
4.4458149,-34.9169921875,113.9208984375,-43.9599609375
4.466501,-33.7939453125,114.7509765625,-35.3662109375
4.5058685,-31.9384765625,115.0439453125,-30.4345703125
4.5248192,-30.1806640625,116.4111328125,-28.9697265625
4.570264,-29.3505859375,116.6552734375,-33.5595703125
4.5901634,-28.2275390625,117.4853515625,-42.2998046875
4.6264287,-27.2509765625,118.1201171875,-47.8173828125
4.6481229,-27.8369140625,118.6572265625,-51.0400390625
4.6847153,-27.1533203125,119.3896484375,-52.6513671875
4.7063557,-27.1044921875,119.4873046875,-56.4599609375
4.7454384,-27.9833984375,118.6572265625,-60.1708984375
4.76591,-28.2275390625,118.7060546875,-64.7607421875
4.8023461,-28.2275390625,119.4384765625,-69.1552734375
4.8215407,-28.9111328125,119.4873046875,-74.2333984375
4.8673406,-29.9853515625,119.0478515625,-78.6767578125
4.8868208,-30.3759765625,118.4130859375,-82.8759765625
4.9291249,-31.4013671875,118.4130859375,-87.2705078125
4.949893,-31.3525390625,117.0458984375,-90.2001953125
4.9883779,-31.4990234375,115.8740234375,-93.7646484375
5.0075775,-32.6708984375,116.0205078125,-97.3779296875
5.0454173,-33.0615234375,115.4345703125,-99.4775390625
5.0660988,-33.7939453125,114.7509765625,-102.4072265625
5.1051138,-33.1103515625,113.3837890625,-104.7998046875
5.1252942,-34.7216796875,112.0166015625,-107.9248046875
5.1644434,-34.6240234375,110.9423828125,-111.8310546875
5.1846669,-35.8447265625,110.7958984375,-115.9814453125
5.2232393,-36.9189453125,109.3310546875,-119.7900390625
5.2440346,-37.5537109375,108.4521484375,-122.6220703125
5.2924983,-38.6767578125,107.8662109375,-114.5654296875
5.3122243,-37.5048828125,109.2333984375,-95.0830078125
5.3494466,-37.2607421875,109.7705078125,-73.7451171875
5.3692005,-36.0888671875,109.7216796875,-55.8740234375
5.4083383,-35.4052734375,110.8935546875,-43.2275390625
5.4298879,-33.9404296875,111.6748046875,-35.3173828125
5.4657209,-32.4755859375,111.5283203125,-30.8740234375
5.48682,-30.4736328125,112.4072265625,-29.5068359375
5.5270579,-29.2529296875,112.7001953125,-35.4638671875
5.559997,-28.1787109375,113.4326171875,-43.2763671875
5.5780684,-28.1787109375,113.9208984375,-47.6220703125
5.6065815,-28.0322265625,115.0439453125,-51.1865234375
5.6470963,-27.2021484375,114.4091796875,-52.9443359375
5.6694984,-27.4951171875,114.7998046875,-56.4111328125
5.7079893,-27.3974609375,114.9462890625,-60.2197265625
5.7284932,-28.3740234375,114.4580078125,-64.4189453125
5.7678329,-28.6669921875,114.2138671875,-69.9853515625
5.7880537,-29.1064453125,113.9208984375,-73.4521484375
5.8280167,-29.6435546875,112.8955078125,-79.2138671875
5.8490367,-30.1806640625,113.3349609375,-82.4853515625
5.8861227,-31.0107421875,112.8466796875,-86.0986328125
5.9081696,-31.6455078125,111.4306640625,-89.0771484375
5.9497033,-32.0361328125,110.6494140625,-92.4951171875
5.9704791,-33.2568359375,110.2099609375,-95.4248046875
6.0098886,-33.7451171875,109.5751953125,-97.6220703125
6.0415887,-34.7705078125,109.0380859375,-99.5263671875
6.0591499,-35.1123046875,107.9638671875,-101.5771484375
6.1000501,-35.9423828125,107.0361328125,-105.2880859375
6.1201383,-36.5283203125,105.8642578125,-108.6572265625
6.1632321,-37.4072265625,105.4248046875,-112.0751953125
6.1847628,-37.4560546875,104.7412109375,-115.5908203125
6.2253549,-38.4814453125,104.3994140625,-113.9794921875
6.2456692,-38.9208984375,104.5458984375,-99.2822265625
6.2833794,-38.9208984375,105.2294921875,-77.5537109375
6.3085091,-37.8466796875,106.7431640625,-59.4873046875
6.3453619,-36.9677734375,107.3779296875,-46.4013671875
6.366436,-35.7470703125,108.2080078125,-38.2470703125
6.4044417,-34.3798828125,109.9169921875,-33.1689453125
6.4317381,-32.8662109375,111.1865234375,-31.8505859375
6.4499761,-31.3525390625,111.8701171875,-35.8544921875
6.4809886,-30.3271484375,112.0654296875,-44.7412109375
6.517414,-30.3759765625,113.0419921875,-51.9677734375
6.5419998,-29.7900390625,114.0185546875,-54.3115234375
6.5887638,-29.7900390625,114.2138671875,-56.2158203125
6.6064906,-30.3271484375,114.6533203125,-59.7802734375
6.6465791,-29.9853515625,114.5068359375,-62.7099609375
6.6632667,-30.7177734375,114.6533203125,-67.5439453125
6.7079679,-30.8642578125,114.5556640625,-72.0849609375
6.7245808,-31.1083984375,113.7255859375,-77.4560546875
6.7766074,-31.8408203125,115.1416015625,-81.4599609375
6.7965769,-32.5244140625,114.2138671875,-86.7333984375
6.8147679,-33.2080078125,113.6279296875,-89.6142578125
6.8589748,-34.8681640625,113.2373046875,-93.4716796875
6.8710379,-35.0146484375,112.9931640625,-96.5478515625
6.9155251,-35.5029296875,112.6513671875,-100.0146484375
6.9377471,-36.2841796875,111.6748046875,-102.6025390625
6.9780983,-36.9189453125,110.9423828125,-104.7998046875
6.9922077,-37.9443359375,110.6494140625,-106.1669921875
7.0423873,-38.6767578125,109.5263671875,-110.0732421875
7.0549735,-38.6767578125,109.6240234375,-113.2958984375
7.0987355,-39.1162109375,108.2080078125,-117.6904296875
7.1138255,-40.5810546875,107.8173828125,-120.5224609375
7.1550993,-41.3623046875,106.7919921875,-119.3994140625
7.174836,-41.5087890625,106.9384765625,-105.3857421875
7.229004,-41.7041015625,107.8662109375,-83.3154296875
7.2364509,-41.1181640625,108.0126953125,-64.3701171875
7.2919558,-39.1650390625,108.6962890625,-49.5263671875
7.2934841,-38.8232421875,108.8916015625,-39.8095703125
7.3345516,-37.6513671875,110.4541015625,-34.0478515625
7.3545036,-36.7724609375,110.6982421875,-31.0205078125
7.3857032,-34.5263671875,111.7236328125,-34.3896484375
7.4164029,-33.3056640625,111.9677734375,-42.6904296875
7.4570081,-32.9638671875,112.3095703125,-50.5029296875
7.4782028,-33.2568359375,113.2861328125,-53.8720703125
7.5056906,-32.7685546875,113.5302734375,-55.5810546875
7.5561234,-32.4755859375,113.8720703125,-58.3154296875
7.5678316,-33.5498046875,113.2373046875,-61.9775390625
7.5970259,-33.6962890625,114.0185546875,-66.6650390625
7.6282779,-33.5986328125,113.4326171875,-71.7431640625
7.6579305,-34.2822265625,113.5302734375,-76.8701171875
7.6856441,-35.0634765625,113.0908203125,-81.6064453125
7.7199376,-35.9912109375,112.9931640625,-85.2685546875
7.7469654,-36.2353515625,111.7236328125,-88.8818359375
7.7793713,-37.5537109375,112.0654296875,-92.8857421875
7.8150982,-37.9443359375,110.2099609375,-95.8642578125
7.8359547,-38.6279296875,110.5029296875,-99.1845703125
7.8680632,-38.3349609375,109.1357421875,-102.6025390625
7.900205,-39.2138671875,108.5498046875,-104.8486328125
7.929046,-40.7763671875,108.0615234375,-107.5830078125
7.9599416,-41.0205078125,107.1826171875,-109.9267578125
7.9900249,-41.5087890625,106.2548828125,-113.1982421875
8.0180454,-42.2412109375,106.3037109375,-116.7626953125
8.0512935,-42.3876953125,105.5224609375,-120.3759765625
8.0998279,-42.7294921875,104.8388671875,-122.7197265625
8.1095327,-44.0478515625,103.6181640625,-119.2529296875
8.1406647,-44.1455078125,105.0830078125,-101.2841796875
8.1679554,-43.8037109375,104.6435546875,-78.8720703125
8.2019766,-42.9248046875,105.5712890625,-61.0498046875
8.2321099,-42.7783203125,105.1806640625,-46.9384765625
8.2586766,-41.3134765625,105.8154296875,-38.3935546875
8.2882099,-40.1904296875,106.6455078125,-32.1923828125
8.3221696,-39.2626953125,107.3779296875,-29.7998046875
8.3501717,-37.2119140625,108.2568359375,-34.2431640625
8.3814988,-36.4306640625,107.7685546875,-43.2763671875
8.4109939,-35.8447265625,108.6962890625,-50.7470703125
8.43882,-35.6982421875,109.0380859375,-53.3349609375
8.4720449,-36.0400390625,110.2587890625,-55.5810546875
8.5019794,-35.5517578125,108.6474609375,-57.7294921875
8.5310108,-35.2587890625,109.2333984375,-62.5634765625
8.5812004,-35.4541015625,108.9892578125,-66.6162109375
8.6022468,-35.8935546875,108.6962890625,-71.0107421875
8.6497767,-36.7724609375,108.0126953125,-75.8935546875
8.651346,-36.7724609375,107.0849609375,-80.7763671875
8.6823894,-37.8466796875,106.9873046875,-84.5849609375
8.7158843,-38.4326171875,106.1572265625,-88.5888671875
8.7435666,-38.3349609375,105.2783203125,-92.1044921875
8.7775591,-38.9697265625,104.5947265625,-94.7412109375
8.8047484,-40.0439453125,104.1552734375,-97.4267578125
8.8342575,-40.8251953125,103.0322265625,-100.4052734375
8.8610535,-41.0205078125,102.6904296875,-102.9443359375
8.8936174,-41.8994140625,101.9580078125,-105.3369140625
8.9240389,-42.1435546875,101.1279296875,-108.1689453125
8.9706479,-42.6318359375,100.4443359375,-110.9033203125
8.9906898,-43.4130859375,99.7607421875,-115.2978515625
9.0125577,-43.9013671875,98.6865234375,-118.1787109375
9.0470392,-44.8779296875,97.7099609375,-121.1083984375
9.0731497,-45.1220703125,97.3193359375,-114.5654296875
9.103996,-44.8779296875,97.4169921875,-94.3505859375
9.1541203,-45.7080078125,98.4912109375,-72.9150390625
9.1754951,-44.8779296875,98.5888671875,-55.7763671875
9.1977154,-44.2431640625,98.7353515625,-43.9111328125
9.2435514,-42.9736328125,99.6630859375,-36.7333984375
9.2637335,-41.6552734375,100.5419921875,-32.3876953125
9.2828469,-39.8486328125,101.5673828125,-32.1923828125
9.316694,-38.2861328125,101.9580078125,-38.5888671875
9.3439667,-38.1396484375,102.2998046875,-47.0361328125
9.395884,-37.3095703125,102.7392578125,-52.3583984375
9.4169355,-37.3095703125,104.1552734375,-54.2138671875
9.434768,-37.3095703125,104.7412109375,-56.8994140625
9.4675914,-36.7236328125,104.2041015625,-59.7802734375
9.5129219,-37.2607421875,105.1318359375,-64.5166015625
9.5327468,-37.9931640625,105.2294921875,-69.2529296875
9.5688614,-37.5048828125,104.3994140625,-73.5986328125
9.5892699,-37.9443359375,104.9853515625,-78.8232421875
9.6302185,-38.3837890625,105.4248046875,-82.9248046875
9.6516084,-39.0673828125,104.2041015625,-87.0751953125
9.6933911,-38.8720703125,104.6923828125,-90.2001953125
9.7138536,-40.1904296875,104.7412109375,-93.2275390625
9.7504867,-40.4345703125,103.8623046875,-97.1826171875
9.7704733,-41.3134765625,103.0810546875,-100.2099609375
9.8125833,-41.5087890625,102.7392578125,-103.2861328125
9.8336282,-42.1435546875,102.8369140625,-105.5810546875
9.87993,-43.4619140625,101.2255859375,-107.7783203125
9.900203,-42.8271484375,100.9326171875,-111.8310546875
9.9182224,-44.1455078125,99.8095703125,-114.6630859375
9.9487045,-44.5849609375,99.0283203125,-118.7646484375
9.9946492,-45.5615234375,98.1982421875,-122.4755859375
10.0144254,-45.7080078125,98.6376953125,-121.8408203125
10.0657928,-46.2451171875,97.9052734375,-108.6572265625
10.0872259,-47.0751953125,98.5888671875,-85.8056640625
10.1015194,-45.9521484375,99.1748046875,-66.6650390625
10.1442806,-45.1708984375,99.9072265625,-52.0166015625
10.1657589,-44.5849609375,100.7373046875,-42.1533203125
10.2030205,-43.7060546875,100.7373046875,-35.6103515625
10.2246757,-42.1923828125,101.1767578125,-32.8759765625
10.2714151,-40.4833984375,101.7626953125,-35.4150390625
10.2917984,-39.8974609375,102.7880859375,-43.8623046875
10.3284728,-38.5791015625,103.6181640625,-51.7236328125
10.3478299,-38.1396484375,103.3740234375,-55.7763671875
10.3968714,-37.9443359375,104.3994140625,-57.5830078125
10.416147,-37.3583984375,104.6435546875,-59.5361328125
10.4302464,-37.4560546875,105.2294921875,-63.5400390625
10.4760844,-37.4560546875,104.8388671875,-67.5927734375
10.4973435,-37.5537109375,105.1806640625,-72.2802734375
10.5344407,-38.1884765625,104.9853515625,-76.8212890625
10.5545656,-38.2861328125,105.0341796875,-82.7783203125
10.6007745,-38.8720703125,104.0576171875,-86.7333984375
10.6211942,-39.9951171875,104.1552734375,-90.8837890625
10.6591753,-40.1416015625,103.9111328125,-93.7158203125
10.6786969,-40.5810546875,103.2763671875,-96.8408203125
10.7143807,-41.4111328125,102.2509765625,-99.7216796875
10.7359812,-42.0947265625,101.7138671875,-103.4814453125
10.7750618,-42.9248046875,101.5185546875,-106.5576171875
10.7948704,-42.9736328125,100.6396484375,-108.5595703125
10.8361763,-44.4384765625,100.1025390625,-111.6845703125
10.8563118,-44.9267578125,99.2236328125,-114.1259765625
10.8999897,-45.1708984375,99.2236328125,-116.8603515625
10.9190365,-45.5615234375,98.6376953125,-120.6201171875
10.9557515,-45.8056640625,97.9541015625,-123.8427734375
10.9766712,-46.6845703125,97.0751953125,-126.2841796875
11.0161843,-47.4658203125,97.1240234375,-119.9853515625
11.0352933,-47.4169921875,97.7587890625,-99.3310546875
11.086211,-47.6611328125,98.7841796875,-76.9677734375
11.1063356,-47.2216796875,99.1748046875,-59.4873046875
11.1423688,-46.4404296875,99.2236328125,-46.5478515625
11.1557001,-45.5126953125,100.1025390625,-38.6376953125
11.1989959,-44.1455078125,100.6396484375,-34.2431640625
11.2209256,-42.1435546875,101.5673828125,-32.9736328125
11.2445878,-40.7275390625,102.3974609375,-39.5166015625
11.2766743,-39.6044921875,102.0068359375,-48.0615234375
11.318618,-38.3349609375,103.2763671875,-54.7509765625
11.3408746,-38.3349609375,103.9111328125,-57.2412109375
11.3808594,-37.8466796875,103.8134765625,-59.1943359375
11.4022067,-38.0908203125,103.9111328125,-62.0263671875
11.4427884,-37.4072265625,103.6181640625,-66.1279296875
11.462734,-38.0419921875,103.6669921875,-70.6689453125
11.5006217,-38.0908203125,103.4716796875,-75.5029296875
11.5207271,-37.6513671875,103.7646484375,-80.7763671875
11.5635684,-38.6279296875,103.0322265625,-85.2685546875
11.5775548,-38.9208984375,102.2509765625,-89.1748046875
11.6359941,-39.8974609375,102.4951171875,-92.5927734375
11.6650368,-40.2392578125,101.6650390625,-96.0595703125
11.6662247,-40.7275390625,101.0791015625,-99.0869140625
11.7134427,-41.1669921875,101.0791015625,-101.8701171875
11.7336678,-41.9482421875,100.1513671875,-105.2392578125
11.7724088,-42.7783203125,99.4189453125,-108.5107421875
11.7914396,-43.5107421875,98.8330078125,-111.0498046875
11.8346955,-43.7548828125,98.2470703125,-113.0517578125
11.8687162,-44.7314453125,97.6611328125,-116.0302734375
11.8817636,-45.1220703125,97.3193359375,-119.1552734375
11.9253449,-45.1220703125,96.6357421875,-122.9638671875
11.9457774,-46.2451171875,95.4638671875,-125.6494140625
11.9840009,-46.7822265625,94.9755859375,-128.1396484375
12.0030983,-47.5146484375,94.9267578125,-118.3740234375
12.0433358,-47.4169921875,95.6103515625,-97.4755859375
12.0632946,-48.1494140625,97.2705078125,-75.5029296875
12.0982195,-47.5146484375,96.6845703125,-60.0244140625
12.1202245,-46.0498046875,97.7099609375,-48.7451171875
12.1646337,-45.8544921875,98.0517578125,-41.7138671875
12.1838429,-44.0478515625,98.6865234375,-38.7353515625
12.2251712,-42.5830078125,100.0537109375,-39.1748046875
12.2407881,-41.1181640625,100.8349609375,-46.4990234375
12.287387,-39.6044921875,100.2490234375,-54.8974609375
12.3018414,-39.5068359375,100.8837890625,-59.0478515625
12.3506683,-38.8232421875,101.2744140625,-61.0009765625
12.3716625,-38.6279296875,102.2509765625,-63.0029296875
12.3939605,-38.1396484375,102.9833984375,-66.5673828125
12.4294886,-38.2373046875,103.5205078125,-71.0595703125
12.4549607,-38.7255859375,103.5693359375,-75.6494140625
12.4945737,-39.0185546875,103.1787109375,-79.7021484375
12.5116102,-38.7744140625,102.9833984375,-85.1220703125
12.5549482,-39.4580078125,104.3017578125,-88.6865234375
12.5745094,-40.1904296875,104.1064453125,-92.9833984375
12.6021056,-40.9716796875,103.1298828125,-95.4736328125
12.6481436,-40.8251953125,103.5693359375,-98.9404296875
12.663404,-41.7041015625,103.5205078125,-102.1630859375
12.6950109,-42.3876953125,103.3740234375,-105.1416015625
12.7361201,-42.9248046875,103.4228515625,-107.9248046875
12.7522667,-43.8037109375,103.2763671875,-110.3173828125
12.800195,-43.9990234375,102.6416015625,-111.8310546875
12.8136912,-45.4638671875,102.9345703125,-115.3466796875
12.8430719,-45.1708984375,102.2021484375,-118.8134765625
12.8769325,-45.6103515625,101.1279296875,-122.0849609375
12.9163145,-46.3427734375,101.1767578125,-126.0888671875
12.9377633,-47.3193359375,101.1279296875,-128.1396484375
12.9655133,-47.7099609375,100.4443359375,-119.8388671875
12.9957113,-48.2958984375,101.9580078125,-98.8427734375
13.0248302,-48.8330078125,102.5927734375,-77.1142578125
13.0569393,-48.4423828125,103.2763671875,-61.2939453125
13.0841697,-47.2216796875,103.4716796875,-49.5751953125
13.1174376,-46.3916015625,105.1806640625,-42.5439453125
13.1463053,-44.8291015625,105.7177734375,-39.1259765625
13.1742338,-43.5107421875,106.5478515625,-39.5654296875
13.2069441,-42.2900390625,107.0361328125,-46.4990234375
13.2356309,-40.6787109375,108.0615234375,-55.8251953125
13.2650849,-39.6533203125,108.7939453125,-59.6826171875
13.2991562,-39.4580078125,109.7216796875,-61.1474609375
13.3262291,-39.2626953125,109.7705078125,-63.2958984375
13.358878,-38.8232421875,110.3076171875,-65.8837890625
13.3883782,-39.0185546875,110.3564453125,-69.7900390625
13.4164744,-39.1650390625,110.0634765625,-73.8916015625
13.4451679,-39.8486328125,110.2587890625,-78.9697265625
13.478404,-39.6044921875,110.3564453125,-83.5595703125
13.5087115,-40.0439453125,110.0146484375,-87.7099609375
13.538675,-40.8740234375,110.3076171875,-91.0302734375
13.5677903,-41.3134765625,109.2333984375,-94.8388671875
13.5970516,-41.6552734375,109.1845703125,-97.7685546875
13.630472,-42.5341796875,108.5498046875,-100.5517578125
13.6611807,-42.7783203125,108.2080078125,-103.5302734375
13.688765,-43.4619140625,107.7685546875,-106.0205078125
13.7187864,-43.4130859375,107.1826171875,-108.7548828125
13.7485061,-45.0732421875,106.4501953125,-109.7802734375
13.7821508,-45.8056640625,106.0107421875,-113.1982421875
13.8099543,-45.4638671875,105.6201171875,-115.7373046875
13.8393983,-46.8310546875,104.8388671875,-119.6435546875
13.8722175,-47.0751953125,104.2529296875,-123.2568359375
13.8995332,-47.8076171875,103.8623046875,-124.9169921875
13.928097,-48.0029296875,103.4228515625,-117.3486328125
13.9606571,-48.9794921875,104.4970703125,-96.4013671875
13.9899964,-48.7841796875,105.2783203125,-75.1123046875
14.0231689,-48.7841796875,105.5224609375,-56.9970703125
14.0524707,-48.0029296875,106.2060546875,-44.8876953125
14.0793375,-46.5869140625,107.0361328125,-36.8798828125
14.1295827,-45.6591796875,107.7197265625,-32.4853515625
14.150601,-44.8291015625,109.1845703125,-31.9970703125
14.1881837,-42.5830078125,109.9658203125,-38.2958984375
14.2087537,-41.1669921875,109.1845703125,-46.7431640625
14.2326529,-39.9462890625,110.3076171875,-51.2353515625
14.2607872,-39.1650390625,111.0888671875,-53.9208984375
14.311988,-39.2138671875,111.1376953125,-55.2880859375
14.3322161,-39.0185546875,111.7236328125,-58.8525390625
14.3555993,-38.7744140625,111.2353515625,-62.8076171875
14.4054938,-38.5791015625,111.7236328125,-67.3486328125
14.4267034,-38.3349609375,110.9912109375,-71.9384765625
14.4446882,-38.9208984375,110.8447265625,-76.5771484375
14.4900553,-39.6044921875,110.0146484375,-80.9228515625
14.5114073,-39.8974609375,109.6240234375,-84.3408203125
14.5511869,-40.4833984375,109.8193359375,-87.6123046875
14.5712749,-41.4111328125,108.4521484375,-90.9814453125
14.6215939,-41.5576171875,107.9638671875,-93.7646484375
14.6410657,-42.3876953125,107.3779296875,-97.0849609375
14.6548195,-42.9736328125,106.8896484375,-99.3798828125
14.7004258,-43.6572265625,106.1572265625,-101.1376953125
14.7211972,-44.2919921875,105.2294921875,-103.5302734375
14.7597044,-45.1220703125,104.3505859375,-106.3623046875
14.7811866,-46.0498046875,104.2529296875,-110.3173828125
14.8188563,-46.4892578125,103.4228515625,-114.1259765625
14.8449598,-47.0751953125,101.9091796875,-116.2255859375
14.8829127,-47.4658203125,101.9091796875,-115.3466796875
14.8971221,-47.7587890625,102.0068359375,-100.7958984375
14.9231703,-48.2958984375,102.7392578125,-78.6279296875
14.9570677,-48.7353515625,103.6669921875,-59.6337890625
14.9853782,-48.8330078125,103.8134765625,-45.1806640625
15.0307983,-46.6845703125,104.5947265625,-35.9521484375
15.0600207,-45.5615234375,105.4736328125,-30.5810546875
15.0768101,-44.4873046875,106.8896484375,-28.8720703125
15.1198622,-43.5107421875,107.4267578125,-33.2666015625
15.1399854,-41.9970703125,107.4267578125,-40.4931640625
15.1811336,-40.2880859375,108.0615234375,-47.9150390625
15.2013351,-39.4580078125,108.6962890625,-51.3818359375
15.244668,-39.5068359375,109.9169921875,-52.1630859375
15.2649893,-40.2392578125,109.8681640625,-55.4833984375
15.3071662,-40.4833984375,110.4541015625,-58.9013671875
15.3283919,-40.2392578125,110.3564453125,-63.1005859375
15.364137,-40.3857421875,110.4541015625,-67.8857421875
15.3776946,-40.5322265625,110.9912109375,-71.8408203125
15.4293665,-41.8017578125,110.6494140625,-76.8701171875
15.4485639,-41.1669921875,110.0634765625,-80.1416015625
15.4870013,-41.8994140625,109.8193359375,-83.8037109375
15.5082015,-42.7294921875,110.6494140625,-86.8310546875
15.5469989,-43.1689453125,109.5751953125,-90.5908203125
15.5679516,-43.4619140625,108.9892578125,-93.1787109375
15.5874142,-44.1455078125,108.4521484375,-95.7177734375
15.6214163,-44.7802734375,108.5986328125,-98.0615234375
15.6483366,-45.5126953125,108.0126953125,-100.1123046875
15.6955515,-46.0498046875,106.8408203125,-102.8955078125
15.7155092,-46.8310546875,106.6943359375,-106.6064453125
15.7538985,-47.2705078125,105.5224609375,-110.5615234375
15.7878461,-48.4423828125,104.8876953125,-113.9306640625
15.8000838,-48.3935546875,104.3017578125,-113.4912109375
15.8450487,-48.8330078125,104.3017578125,-99.1845703125
15.8656479,-49.8095703125,105.7177734375,-76.6748046875
15.9066938,-50.5419921875,105.8642578125,-57.4365234375
15.9280111,-49.9072265625,106.2548828125,-43.7158203125
15.9667457,-48.8330078125,106.6943359375,-32.7783203125
15.9868139,-47.7587890625,108.1103515625,-27.2119140625
16.0283579,-46.5380859375,108.9404296875,-25.4541015625
16.0531878,-45.4150390625,109.5751953125,-28.8232421875
16.0907248,-44.7314453125,110.0146484375,-36.3427734375
16.1088301,-43.4130859375,110.7470703125,-43.1298828125
16.1452438,-42.1435546875,111.8701171875,-46.3525390625
16.1654355,-41.7529296875,111.2841796875,-47.7685546875
16.2033127,-41.4599609375,111.3818359375,-49.9169921875
16.2235308,-41.3134765625,112.4072265625,-53.7744140625
16.2718109,-41.8017578125,111.3330078125,-59.1455078125
16.2921171,-41.5087890625,111.1865234375,-62.6123046875
16.3288296,-41.9482421875,111.0888671875,-68.0322265625
16.3490802,-42.5341796875,110.4541015625,-71.7431640625
16.3876395,-42.4853515625,109.9658203125,-76.4306640625
16.4123493,-43.5107421875,108.7939453125,-79.4580078125
16.4514952,-44.4873046875,108.7939453125,-82.6806640625
16.4630732,-43.9990234375,107.5732421875,-85.8056640625
16.5125723,-45.1220703125,107.0849609375,-88.5400390625
16.5393444,-45.3662109375,106.1572265625,-91.5673828125
16.5535671,-46.0986328125,105.9130859375,-93.6669921875
16.5989873,-46.7822265625,105.4248046875,-96.1572265625
16.6190706,-47.4658203125,104.5458984375,-99.2333984375
16.658451,-47.5146484375,103.9111328125,-102.2607421875
16.6798593,-48.4423828125,102.3974609375,-106.2646484375
16.7255609,-49.1259765625,101.3232421875,-109.2431640625
16.7466475,-49.9560546875,99.4677734375,-109.7802734375
16.7825222,-49.8095703125,100.7861328125,-100.0146484375
16.8027955,-50.1513671875,100.3955078125,-78.2861328125
16.8403336,-51.1279296875,100.8349609375,-56.4599609375
16.8620454,-50.6884765625,101.0302734375,-40.0537109375
16.9009214,-50.1025390625,101.6162109375,-28.0419921875
16.9210404,-49.1748046875,102.1044921875,-20.1806640625
16.9742447,-48.7353515625,102.1044921875,-15.9326171875
16.9752828,-46.7333984375,103.5205078125,-16.5185546875
17.0220022,-45.5126953125,104.0087890625,-23.1103515625
17.0443238,-43.9501953125,104.1064453125,-31.3623046875
17.0807001,-43.0224609375,104.3994140625,-35.3662109375
17.1007462,-42.4365234375,104.3994140625,-36.8310546875
17.1438142,-42.4853515625,105.4248046875,-40.2001953125
17.1559582,-41.6552734375,104.9365234375,-42.4462890625
17.202339,-41.8994140625,104.3017578125,-46.9384765625
17.2163124,-41.1669921875,103.9111328125,-51.9189453125
17.2624678,-41.5576171875,103.3251953125,-56.8505859375
17.2797129,-42.4365234375,103.0810546875,-60.7080078125
17.3197063,-42.7294921875,102.4951171875,-64.7119140625
17.3408758,-43.0712890625,101.3232421875,-68.1787109375
17.3690613,-43.9501953125,101.7138671875,-71.5478515625
17.4117661,-44.3408203125,100.4931640625,-75.0146484375
17.4320701,-45.4638671875,99.9560546875,-77.3583984375
17.4602586,-45.1708984375,99.2724609375,-79.0185546875
17.504387,-45.7568359375,98.3935546875,-81.3134765625
17.5215101,-45.9033203125,98.0517578125,-83.9013671875
17.579956,-47.0263671875,96.8798828125,-86.7333984375
17.5809953,-47.4658203125,95.5615234375,-90.2490234375
17.6108315,-48.2958984375,96.0009765625,-93.6181640625
17.6400695,-48.6865234375,95.5126953125,-96.3037109375
17.6680341,-49.5166015625,94.9267578125,-95.6201171875
17.7023817,-50.0537109375,94.7802734375,-81.0693359375
17.7296906,-50.7373046875,96.0009765625,-59.6337890625
17.7618739,-51.1279296875,96.2939453125,-40.1025390625
17.7909611,-50.5419921875,97.0751953125,-25.8447265625
17.8208221,-49.6630859375,98.0029296875,-16.1767578125
17.8486323,-48.7841796875,98.4423828125,-9.4873046875
17.8820403,-47.8564453125,99.6630859375,-7.7294921875
17.9098054,-46.5869140625,100.4931640625,-12.4169921875
17.9424686,-45.8056640625,101.1279296875,-20.4248046875
17.9706995,-43.8037109375,100.6884765625,-27.7001953125
17.9996596,-43.5595703125,102.0556640625,-30.3369140625
18.0330455,-43.3642578125,102.7880859375,-32.2412109375
18.0623324,-43.5107421875,102.7880859375,-35.4150390625
18.0955434,-42.9248046875,103.0810546875,-39.4677734375
18.1232081,-42.9736328125,103.1298828125,-44.2529296875
18.1521765,-42.5830078125,103.4228515625,-48.8916015625
18.1842001,-43.4130859375,102.7880859375,-53.8232421875
18.2144419,-43.7060546875,103.2275390625,-58.5595703125
18.2429816,-44.4873046875,102.5439453125,-62.3681640625
18.2754188,-44.6337890625,101.9580078125,-66.0791015625
18.3046745,-45.0244140625,101.8603515625,-69.1552734375
18.3357195,-45.6103515625,101.4208984375,-71.4990234375
18.3644843,-46.1474609375,100.7373046875,-75.3564453125
18.3926849,-46.5869140625,100.0537109375,-77.1630859375
18.4212782,-46.6357421875,99.6142578125,-79.7998046875
18.4557454,-48.0517578125,98.9306640625,-82.1923828125
18.4843258,-48.1005859375,98.6865234375,-85.7080078125
18.5170547,-49.0771484375,97.8076171875,-89.2236328125
18.5453437,-50.1025390625,96.7333984375,-93.0322265625
18.5733859,-50.5908203125,96.4404296875,-94.8388671875
18.6066025,-50.7861328125,96.4892578125,-86.3916015625
18.6349263,-51.7138671875,97.2216796875,-66.5673828125
18.6621693,-51.6162109375,98.2470703125,-45.0341796875
18.6961573,-52.1533203125,97.5634765625,-26.7724609375
18.7267324,-51.6650390625,98.8330078125,-14.0283203125
18.7583908,-50.9814453125,99.4677734375,-6.1181640625
18.7874461,-49.5166015625,99.6630859375,-2.3095703125
18.814947,-48.1494140625,101.1279296875,-2.1142578125
18.8445983,-46.7822265625,101.7138671875,-9.3896484375
18.8781575,-44.7802734375,101.5185546875,-17.6904296875
18.9057961,-43.9501953125,102.2998046875,-22.6220703125
18.9375996,-43.0224609375,103.0322265625,-24.8193359375
18.9677149,-43.3154296875,103.4716796875,-27.1142578125
19.0026429,-43.2177734375,103.0810546875,-30.9228515625
19.0301207,-42.6806640625,103.2763671875,-35.0732421875
19.0573494,-42.6806640625,103.1298828125,-39.9560546875
19.0912942,-42.7783203125,103.1298828125,-44.9853515625
19.1373901,-43.1689453125,102.0556640625,-49.8193359375
19.1576908,-43.1689453125,102.0068359375,-54.8974609375
19.175915,-44.1455078125,101.9580078125,-58.9501953125
19.2104288,-43.9501953125,101.1279296875,-61.8798828125
19.2388314,-45.0244140625,100.7373046875,-64.9560546875
19.2702861,-45.9521484375,100.6396484375,-68.0810546875
19.2996176,-46.1962890625,99.2236328125,-70.7666015625
19.3270864,-46.5380859375,99.0771484375,-73.7451171875
19.3607907,-47.2705078125,98.1494140625,-76.1376953125
19.3897362,-47.9541015625,97.4169921875,-78.7744140625
19.4183783,-48.1982421875,96.7333984375,-82.2412109375
19.4502476,-48.7841796875,95.3173828125,-85.7080078125
19.477518,-49.6630859375,94.1943359375,-88.9306640625
19.5292196,-50.2001953125,92.6318359375,-89.9560546875
19.5405342,-50.7861328125,93.5107421875,-81.0693359375
19.5706478,-51.3720703125,94.1943359375,-60.1708984375
19.597988,-51.6162109375,94.7802734375,-37.5634765625
19.6556302,-51.9580078125,94.5849609375,-18.9599609375
19.676025,-51.8115234375,94.6826171875,-6.8017578125
19.6933901,-50.3955078125,95.9521484375,2.1826171875
19.7198802,-50.1025390625,96.9287109375,6.7724609375
19.7789836,-48.4912109375,97.4658203125,6.8701171875
19.801098,-47.0751953125,97.8076171875,-0.0634765625
19.810359,-44.7314453125,97.4658203125,-8.9013671875
19.8589151,-43.1689453125,98.2958984375,-13.7841796875
19.8778345,-42.8759765625,98.9306640625,-16.2744140625
19.9004515,-42.6318359375,99.0771484375,-18.9599609375
19.9288248,-42.9736328125,98.5888671875,-22.9150390625
19.9826479,-42.7783203125,98.5888671875,-27.3583984375
20.0040107,-42.3388671875,98.3935546875,-31.8505859375
20.041377,-42.2412109375,98.3447265625,-37.5146484375
20.0629266,-43.2177734375,97.7099609375,-42.3486328125
20.1088117,-43.5107421875,96.9775390625,-47.1337890625
20.1289377,-44.2919921875,96.9287109375,-50.7958984375
20.1419949,-45.1708984375,96.4404296875,-54.0673828125
20.2004629,-45.6103515625,96.0986328125,-57.2900390625
20.2033561,-46.0498046875,95.2197265625,-59.1455078125
20.2518853,-46.5380859375,95.0244140625,-61.7333984375
20.2790597,-47.4658203125,93.6083984375,-64.4189453125
20.2946303,-47.6611328125,92.9248046875,-67.2998046875
20.3248435,-48.6376953125,92.2900390625,-70.7666015625
20.3557765,-49.2236328125,92.0458984375,-74.3798828125
20.3878904,-49.2724609375,91.6064453125,-78.7255859375
20.4341953,-50.0537109375,89.9951171875,-80.1904296875
20.4551493,-50.3955078125,90.1904296875,-74.5263671875
20.4952687,-52.0068359375,91.4111328125,-55.3857421875
20.5168779,-51.8603515625,92.1435546875,-33.0224609375
20.5547074,-52.8857421875,92.7783203125,-15.2490234375
20.5745873,-53.0810546875,93.2666015625,-1.9189453125
20.620536,-51.6650390625,94.5361328125,6.0400390625
20.642102,-50.6884765625,96.2451171875,10.3369140625
20.6569493,-49.4189453125,96.7822265625,9.8974609375
20.7021655,-48.0517578125,97.2705078125,2.3291015625
20.7209178,-46.8310546875,98.2958984375,-7.2412109375
20.7630092,-45.5615234375,98.9306640625,-11.8310546875
20.783239,-44.7314453125,99.7119140625,-15.1025390625
20.8363043,-44.6826171875,100.4931640625,-17.8369140625
20.8373895,-44.1455078125,101.5185546875,-21.0595703125
20.8687801,-44.1943359375,101.3232421875,-25.3076171875
20.9154449,-44.6337890625,101.1767578125,-30.6298828125
20.936498,-44.4873046875,101.6162109375,-35.4150390625
20.9730641,-44.9755859375,101.7626953125,-40.7373046875
20.9938258,-45.3662109375,102.3486328125,-45.5712890625
21.032814,-45.5126953125,101.7626953125,-49.7216796875
21.0528646,-46.1474609375,101.3720703125,-54.0185546875
21.101424,-47.2705078125,100.8349609375,-57.0947265625
21.1226635,-48.1982421875,100.4931640625,-59.5849609375
21.1380739,-48.7841796875,100.2001953125,-62.0263671875
21.1857731,-49.8583984375,100.0537109375,-64.2236328125
21.2082264,-49.5654296875,99.2724609375,-67.2021484375
21.2439675,-50.7373046875,99.0771484375,-70.8642578125
21.2640615,-50.6396484375,98.5888671875,-74.3798828125
21.3067742,-51.4208984375,97.7099609375,-77.7978515625
21.3275228,-51.9580078125,96.6845703125,-80.6298828125
21.3658496,-52.4462890625,96.6357421875,-75.5517578125
21.3848115,-53.5205078125,97.4169921875,-56.9482421875
21.4074629,-38.8232421875,98.4423828125,-33.9501953125
21.4415764,-40.0927734375,98.9306640625,-14.5654296875
21.4871562,-40.2392578125,99.4677734375,0.6201171875
21.5094333,-39.3115234375,100.6396484375,10.2392578125
21.5459235,-38.1884765625,101.9091796875,15.5126953125
21.5660952,-37.0166015625,103.5693359375,17.7099609375
21.6067796,-36.3818359375,103.9111328125,11.0693359375
21.6288028,-34.5751953125,104.3017578125,1.4990234375
21.6636679,-33.0126953125,106.1083984375,-4.4580078125
21.6847633,-31.7431640625,105.7666015625,-7.4365234375
21.7108001,-31.3525390625,106.6455078125,-9.4873046875
21.739808,-31.2548828125,107.8662109375,-12.7587890625
21.7732258,-31.1083984375,107.2314453125,-17.3974609375
21.803543,-30.6689453125,108.1591796875,-21.9873046875
21.8495491,-30.0341796875,107.4755859375,-27.2119140625
21.8645161,-30.8154296875,107.4755859375,-32.5341796875
21.9226945,-31.5966796875,107.9150390625,-37.4658203125
21.9237113,-31.9384765625,106.3037109375,-41.5673828125
21.9540643,-31.9384765625,106.1572265625,-45.3759765625
22.000712,-33.0126953125,105.8642578125,-47.9150390625
22.0211071,-33.0126953125,105.2783203125,-51.4794921875
22.0433854,-34.0869140625,104.7412109375,-54.6044921875
22.0727621,-34.6728515625,104.9365234375,-56.7529296875
22.121609,-35.0146484375,103.3740234375,-58.8037109375
22.1333834,-35.3076171875,102.5439453125,-62.3681640625
22.180879,-35.7470703125,102.1533203125,-65.4443359375
22.1998747,-36.8212890625,101.4208984375,-69.3994140625
22.2235672,-37.3095703125,100.1513671875,-72.4267578125
22.255005,-37.9443359375,99.3701171875,-73.1591796875
22.2850849,-38.8232421875,99.2724609375,-61.8798828125
22.3143033,-38.9697265625,100.0048828125,-40.6396484375
22.3616915,-39.6533203125,100.9326171875,-18.4228515625
22.3914483,-40.1904296875,101.3720703125,0.3271484375
22.4034113,-40.0439453125,102.4462890625,13.2177734375
22.4525605,-39.2626953125,104.0087890625,21.8603515625
22.4665587,-37.9931640625,104.9853515625,26.9873046875
22.4944277,-36.0400390625,105.1318359375,26.8896484375
22.5263352,-35.0146484375,106.9873046875,19.0771484375
22.5740275,-34.0380859375,107.1337890625,10.2880859375
22.5892605,-32.8662109375,107.4755859375,5.8935546875
22.618623,-31.0107421875,107.7685546875,3.5986328125
22.646675,-30.3759765625,108.2080078125,0.7177734375
22.6796373,-31.4013671875,108.5498046875,-3.8232421875
22.7072431,-30.5224609375,108.1591796875,-8.1201171875
22.7363623,-31.0107421875,108.6474609375,-13.1005859375
22.7964919,-30.7666015625,108.1591796875,-18.8134765625
22.7970982,-30.5224609375,108.0126953125,-23.6474609375
22.8262226,-30.9130859375,107.2802734375,-28.1884765625
22.8583279,-31.1083984375,107.0849609375,-32.4365234375
22.8885559,-31.2060546875,106.4501953125,-36.0009765625
22.921634,-32.0361328125,105.8154296875,-39.1748046875
22.9499241,-32.8173828125,105.6201171875,-41.9091796875
22.9796303,-33.0126953125,104.6435546875,-44.7412109375
23.0095953,-34.1357421875,104.1552734375,-46.0107421875
23.0407116,-34.3310546875,103.8134765625,-49.0869140625
23.0706046,-35.3564453125,102.9833984375,-52.0654296875
23.099689,-35.2099609375,102.4462890625,-55.9228515625
23.1285152,-35.7470703125,100.4931640625,-60.0244140625
23.1569623,-36.3818359375,101.6650390625,-61.8798828125
23.1903745,-36.6748046875,101.1767578125,-59.7314453125
23.218596,-36.9677734375,102.3486328125,-42.7880859375
23.2517002,-37.6513671875,102.5927734375,-19.9365234375
23.280121,-38.4814453125,103.9599609375,0.3271484375
23.3090424,-38.7744140625,104.4482421875,15.7080078125
23.3428362,-38.7744140625,106.2060546875,25.2783203125
23.3710841,-37.6513671875,107.6708984375,31.3818359375
23.4050553,-36.0400390625,109.6728515625,33.5302734375
23.4331629,-34.7705078125,109.4287109375,27.8662109375
23.4615575,-33.5009765625,110.4541015625,17.4658203125
23.490189,-32.0849609375,112.0654296875,10.2392578125
23.5275901,-30.6689453125,112.8955078125,6.5283203125
23.5520648,-29.6435546875,112.7978515625,5.1611328125
23.5839173,-29.5947265625,113.2861328125,0.5712890625
23.6135223,-29.4482421875,113.6279296875,-3.7744140625
23.6403939,-28.8623046875,113.5791015625,-9.5361328125
23.6700662,-29.2041015625,113.4814453125,-14.9560546875
23.7084044,-28.8623046875,113.3837890625,-20.7177734375
23.7351806,-29.1552734375,112.5048828125,-26.0888671875
23.7638157,-29.6923828125,112.0654296875,-30.0439453125
23.7931573,-29.6923828125,111.6748046875,-34.0966796875
23.8205769,-29.5947265625,111.5283203125,-38.3935546875
23.857889,-30.7177734375,110.2099609375,-41.2255859375
23.8834337,-31.2060546875,109.5751953125,-44.2041015625
23.9144903,-31.8896484375,108.6962890625,-47.0361328125
23.9441532,-31.6943359375,108.7451171875,-50.1611328125
23.9719636,-33.0615234375,108.3056640625,-52.9931640625
24.0112378,-32.4267578125,107.6708984375,-57.0458984375
24.0343174,-33.6962890625,106.5966796875,-60.4150390625
24.063334,-34.3798828125,106.1083984375,-64.7119140625
24.0953008,-34.9658203125,104.9853515625,-63.6376953125
24.1267177,-35.1123046875,106.4013671875,-49.2822265625
24.1540936,-35.7470703125,106.2548828125,-26.1376953125
24.1855705,-36.4794921875,106.8896484375,-4.1650390625
24.2173393,-36.5283203125,107.7685546875,13.0712890625
24.2649527,-36.5771484375,108.6962890625,25.0830078125
24.2863996,-35.6982421875,109.3798828125,32.9931640625
24.3036762,-34.6728515625,111.2841796875,36.9970703125
24.3422755,-33.2568359375,112.0654296875,33.7744140625
24.3654476,-31.5478515625,111.7724609375,23.4228515625
24.3958906,-30.1806640625,112.4560546875,13.8037109375
24.4266171,-28.2763671875,113.7744140625,9.1650390625
24.4569198,-27.2021484375,113.1396484375,6.3818359375
24.484697,-25.7861328125,114.0673828125,2.9638671875
24.517492,-25.9814453125,113.2373046875,-1.8701171875
24.5454513,-26.0302734375,113.3349609375,-6.3134765625
24.5785054,-25.4931640625,113.1884765625,-12.3193359375
24.6076317,-25.0048828125,111.9677734375,-18.1298828125
24.6371198,-25.2001953125,110.8935546875,-23.5986328125
24.670195,-25.5419921875,110.9423828125,-28.7744140625
24.6973482,-26.0302734375,109.3798828125,-32.5341796875
24.7271826,-26.3232421875,108.6474609375,-35.8056640625
24.7754838,-26.1767578125,108.0615234375,-40.1513671875
24.7956351,-27.2998046875,107.0361328125,-43.2275390625
24.8170263,-28.4716796875,106.2060546875,-46.8408203125
24.8693457,-29.0576171875,105.5224609375,-49.0869140625
24.8896107,-29.3505859375,103.8134765625,-51.6259765625
24.9089226,-29.8388671875,102.8857421875,-55.0927734375
24.9719374,-30.9130859375,101.8115234375,-58.6572265625
24.9729445,-31.2060546875,100.5908203125,-62.3681640625
25.001171,-31.5966796875,100.0048828125,-65.6396484375
25.0287703,-32.5244140625,98.6865234375,-65.3466796875
25.0599134,-32.5732421875,98.8330078125,-51.9189453125
25.1078379,-33.0615234375,99.3212890625,-28.3349609375
25.1293731,-33.5009765625,99.3212890625,-5.1904296875
25.1665846,-34.6728515625,100.2001953125,13.4619140625
25.1925695,-34.8681640625,100.4443359375,26.0107421875
25.2095202,-34.3798828125,101.5673828125,34.3115234375
25.2385854,-33.1103515625,102.2509765625,39.4384765625
25.2866268,-31.3525390625,103.2275390625,37.4853515625
25.3068524,-29.5947265625,103.8623046875,27.1826171875
25.3643999,-28.6181640625,104.0087890625,17.0263671875
25.3655257,-26.1279296875,104.5458984375,11.9482421875
25.3913717,-24.2724609375,105.0341796875,9.2626953125
25.4400214,-23.4423828125,104.5458984375,6.7236328125
25.4602456,-22.8076171875,104.5947265625,0.9130859375
25.4975327,-23.0517578125,103.7158203125,-3.6767578125
25.5176443,-22.6611328125,103.8623046875,-9.1943359375
25.5687785,-22.1728515625,102.8369140625,-15.9326171875
25.5897174,-22.0263671875,102.9833984375,-21.1572265625
25.6050939,-22.8076171875,102.1533203125,-25.9423828125
25.6504867,-23.3935546875,101.3720703125,-29.8486328125
25.6695074,-24.3701171875,100.7373046875,-34.4384765625
25.7081478,-24.5166015625,100.2490234375,-37.5146484375
25.729404,-25.7373046875,99.4677734375,-40.7373046875
25.7714351,-26.1279296875,100.3466796875,-44.4482421875
25.7914514,-27.1533203125,99.4189453125,-46.5966796875
25.8165361,-27.6416015625,98.3447265625,-49.7216796875
25.8642376,-28.1298828125,97.9052734375,-52.8466796875
25.8968051,-29.1552734375,95.9521484375,-57.2900390625
25.907573,-29.9853515625,96.3916015625,-60.8544921875
25.9577913,-30.0341796875,95.6103515625,-64.0771484375
25.9780791,-31.0595703125,94.8291015625,-62.2216796875
26.0143294,-31.4990234375,96.2939453125,-47.3291015625
26.0354565,-31.8408203125,96.4404296875,-23.5009765625
26.0547076,-32.8173828125,97.2705078125,-1.2841796875
26.087353,-33.1103515625,97.9541015625,15.8056640625
26.1145994,-33.9404296875,99.1748046875,26.4990234375
26.143201,-33.5498046875,100.4443359375,34.1650390625
26.1931583,-31.5966796875,101.8603515625,36.2158203125
26.2137819,-30.5712890625,102.0556640625,31.6748046875
26.2543581,-29.6923828125,102.7392578125,19.9560546875
26.2654342,-28.1787109375,102.7880859375,10.6298828125
26.3111327,-26.5185546875,102.6904296875,5.6982421875
26.3320518,-24.7607421875,103.1298828125,2.8662109375
26.3772733,-24.0283203125,103.7158203125,-0.0634765625
26.3982739,-24.3701171875,103.5693359375,-4.8974609375
26.4346099,-23.9794921875,103.6181640625,-10.0244140625
26.4465834,-24.1259765625,103.8623046875,-16.5673828125
26.479733,-23.9794921875,103.8134765625,-22.5732421875
26.5253301,-24.6630859375,102.5927734375,-28.1884765625
26.5456976,-25.2490234375,102.2998046875,-32.6806640625
26.5700109,-25.9814453125,101.4697265625,-37.2705078125
26.6153989,-26.3232421875,101.3232421875,-40.9814453125
26.6372781,-27.1044921875,100.4443359375,-45.8154296875
26.6745066,-27.5439453125,99.4677734375,-48.7451171875
26.7050592,-28.8134765625,99.7119140625,-51.4306640625
26.7182489,-29.2041015625,99.1259765625,-54.2138671875
26.7506156,-30.0830078125,97.6123046875,-57.8271484375
26.7782394,-30.7177734375,96.9287109375,-59.6826171875
26.8077546,-31.3037109375,96.4404296875,-63.7841796875
26.8435038,-32.0849609375,96.0009765625,-68.0810546875
26.8865943,-32.9638671875,95.1220703125,-71.9873046875
26.9070513,-34.1357421875,94.8291015625,-72.7197265625
26.930393,-34.3798828125,95.4150390625,-61.2939453125
26.9582293,-34.6728515625,95.9033203125,-38.2958984375
26.9936042,-35.8935546875,96.3427734375,-13.5400390625
27.0185626,-36.3330078125,95.9521484375,5.4541015625
27.0487904,-36.5771484375,96.1962890625,19.6142578125
27.1004119,-36.5283203125,98.1494140625,28.7939453125
27.1199578,-35.4541015625,98.2470703125,33.2861328125
27.1393848,-35.0634765625,99.8095703125,33.3349609375
27.1877789,-33.3544921875,99.0283203125,25.0830078125
27.2089425,-31.9873046875,100.2978515625,13.9013671875
27.2529023,-30.8642578125,100.1513671875,7.8466796875
27.2609832,-29.1552734375,100.6884765625,4.5263671875
27.290264,-27.7392578125,101.1279296875,0.9130859375
27.3188556,-27.2509765625,100.7861328125,-3.7744140625
27.3703731,-27.2509765625,100.2490234375,-9.2431640625
27.383868,-27.3974609375,100.2001953125,-14.7607421875
27.4372551,-26.3720703125,100.2978515625,-20.3271484375
27.4415645,-26.4208984375,99.3212890625,-26.3330078125
27.4706837,-26.8115234375,98.2470703125,-31.9482421875
27.5015282,-27.6416015625,98.1494140625,-36.6845703125
27.5304234,-28.5205078125,97.2216796875,-40.4931640625
27.5674274,-28.5205078125,96.4892578125,-44.7412109375
27.6225901,-29.9365234375,95.3173828125,-48.1103515625
27.623635,-30.4248046875,94.8779296875,-51.5283203125
27.6565332,-31.1572265625,94.1943359375,-54.6044921875
27.7026185,-31.5478515625,93.7060546875,-57.6318359375
27.7130694,-32.1337890625,92.4853515625,-60.4150390625
27.7442257,-33.1591796875,91.8505859375,-63.7841796875
27.7929222,-33.8427734375,90.8740234375,-67.1533203125
27.8062724,-34.8681640625,89.7021484375,-71.3037109375
27.8522423,-35.2099609375,89.1650390625,-74.2822265625
27.8661051,-35.9912109375,88.4326171875,-75.0146484375
27.8913169,-36.6259765625,89.5556640625,-61.2939453125
27.9282478,-37.0166015625,89.7021484375,-36.0498046875
27.9546407,-37.7001953125,89.9462890625,-12.9052734375
27.9882314,-38.3349609375,89.9951171875,5.1123046875
28.0148978,-39.3603515625,90.3857421875,17.4169921875
28.0449793,-39.1162109375,91.8994140625,25.3759765625
28.0778579,-37.8466796875,92.4853515625,29.2822265625
28.1047705,-36.8212890625,92.9736328125,26.8896484375
28.1429163,-34.6240234375,93.0712890625,15.9521484375
28.1681231,-33.7451171875,93.2666015625,5.5029296875
28.1970549,-32.1826171875,94.3896484375,-0.9423828125
28.2241225,-30.1806640625,94.7802734375,-3.7255859375
28.2593575,-29.1552734375,94.0478515625,-6.7529296875
28.2872669,-29.1552734375,94.6337890625,-11.2939453125
28.3180656,-28.9111328125,94.3408203125,-16.6650390625
28.3465347,-29.2529296875,94.9267578125,-21.8896484375
28.375866,-29.7412109375,94.7314453125,-27.9931640625
28.4096253,-29.1064453125,94.4384765625,-33.3154296875
28.4377557,-29.3505859375,93.8525390625,-38.5400390625
28.469891,-29.4970703125,93.9501953125,-43.4716796875
28.4999559,-29.8388671875,93.5107421875,-47.0361328125
28.5300413,-30.2783203125,92.3876953125,-51.3330078125
28.5581799,-31.3525390625,92.4365234375,-54.1650390625
28.5915003,-31.7919921875,91.9970703125,-58.4130859375
28.6184305,-32.2802734375,91.6064453125,-61.3916015625
28.6497932,-33.1103515625,91.9482421875,-63.7353515625
28.6800736,-33.1591796875,91.2158203125,-66.4697265625
28.7073601,-33.7451171875,91.1181640625,-70.6201171875
28.7399597,-35.0146484375,90.6298828125,-75.0146484375
28.7706338,-34.9658203125,90.3857421875,-78.8720703125
28.7993823,-35.9423828125,90.1416015625,-80.6298828125
28.8301059,-36.0400390625,91.4111328125,-73.2080078125
28.8589061,-36.7236328125,91.6064453125,-51.9677734375
28.8959632,-37.3583984375,93.1689453125,-28.2373046875
28.9220955,-38.5302734375,93.8037109375,-7.9248046875
28.9496035,-38.4326171875,94.8779296875,5.9423828125
28.9818448,-39.0185546875,95.9033203125,14.7802734375
29.0107329,-37.8466796875,97.5634765625,18.7841796875
29.0597545,-36.2353515625,98.4912109375,18.2958984375
29.0732753,-35.8447265625,99.1259765625,10.3369140625
29.1019514,-34.2333984375,99.6142578125,-0.5517578125
29.1309302,-33.5498046875,100.7373046875,-7.4853515625
29.1656226,-31.0595703125,101.3720703125,-11.0986328125
29.1913329,-30.0341796875,101.8115234375,-14.2236328125
29.2244183,-29.0576171875,101.8603515625,-18.2763671875
29.2535764,-29.3994140625,102.1533203125,-23.4521484375
29.2809215,-28.8623046875,101.8603515625,-29.2138671875
29.3169153,-28.5693359375,103.0810546875,-34.2919921875
29.3425563,-28.0322265625,102.5439453125,-40.2001953125
29.3763084,-28.5693359375,101.9580078125,-45.7177734375
29.4046951,-28.9599609375,101.2744140625,-50.2099609375
29.4335173,-29.2529296875,102.0068359375,-54.1162109375
29.4625952,-29.6923828125,101.3720703125,-57.2900390625
29.4958779,-29.8876953125,101.0302734375,-61.2939453125
29.5234109,-31.0595703125,99.8095703125,-65.1513671875
29.557113,-31.3037109375,99.8095703125,-68.1787109375
29.5855902,-31.3525390625,98.7841796875,-70.6201171875
29.6199515,-32.1337890625,98.7353515625,-73.2568359375
29.6483656,-32.3291015625,98.2470703125,-76.9677734375
29.673628,-33.1103515625,97.6123046875,-80.2880859375
29.7098158,-33.5986328125,97.1728515625,-85.0244140625
29.7362239,-33.8427734375,96.3916015625,-88.5888671875
29.7664767,-34.3798828125,96.1962890625,-89.6630859375
29.797183,-34.9169921875,96.1474609375,-77.1630859375
29.8438714,-35.3564453125,97.0263671875,-53.9697265625
29.8640155,-36.2353515625,97.2705078125,-29.5556640625
29.8839666,-36.1376953125,98.1982421875,-10.1708984375
29.9163648,-36.5283203125,99.0283203125,3.9892578125
29.9459065,-37.6025390625,99.6630859375,12.8759765625
29.9768374,-36.4306640625,100.2001953125,16.2451171875
30.0073102,-34.3798828125,101.4208984375,15.2197265625
30.0355385,-33.9404296875,101.9091796875,6.1865234375
30.0863377,-32.5732421875,102.1044921875,-5.6298828125
30.1063547,-30.7666015625,102.7880859375,-12.2216796875
30.1455394,-28.8134765625,102.8857421875,-15.8837890625
30.1636098,-27.5439453125,102.6904296875,-18.5205078125
30.2045405,-26.4208984375,103.0322265625,-22.8173828125
30.2246194,-26.5185546875,103.5205078125,-27.5048828125
30.2497278,-26.1279296875,102.5927734375,-33.4130859375
30.306123,-26.0302734375,101.9091796875,-39.0283203125
30.3251017,-25.2001953125,101.9091796875,-44.4970703125
30.3392582,-25.2978515625,100.9814453125,-49.9658203125
30.3677814,-25.9814453125,101.6162109375,-54.7509765625
30.4012836,-26.0302734375,100.2978515625,-58.8037109375
30.4282336,-26.3232421875,99.6630859375,-62.1240234375
30.4567058,-26.6650390625,99.5166015625,-65.9326171875
30.5077883,-27.2021484375,98.9306640625,-68.6181640625
30.5280629,-27.8369140625,97.8076171875,-72.0849609375
30.5670419,-28.3251953125,97.0263671875,-74.2333984375
30.5783922,-28.7646484375,96.5869140625,-77.1630859375
30.6097072,-29.1552734375,97.0751953125,-80.0927734375
30.6369015,-29.9365234375,96.2451171875,-84.4384765625
30.6707282,-31.2060546875,95.3173828125,-88.4423828125
30.6985397,-31.0595703125,94.7314453125,-92.9345703125
30.7495938,-31.5478515625,93.9990234375,-92.5927734375
30.770919,-31.9873046875,93.6083984375,-78.1884765625
30.7880211,-32.4755859375,95.0732421875,-53.8232421875
30.8211885,-32.9150390625,96.0498046875,-31.1669921875
30.8768998,-33.3544921875,96.6357421875,-13.3935546875
30.8974295,-33.8916015625,96.9775390625,-0.6494140625
30.9300893,-34.4287109375,98.1982421875,5.9912109375
30.9508507,-33.7451171875,100.0048828125,8.7255859375
30.9876708,-32.0849609375,101.0302734375,5.9912109375
31.0019419,-31.3037109375,101.7138671875,-3.6767578125
31.0298526,-29.4482421875,102.5439453125,-13.5888671875
31.0777484,-28.0810546875,103.2763671875,-18.7158203125
31.0985955,-26.5673828125,103.4716796875,-21.9384765625
31.120929,-24.3701171875,104.2529296875,-25.2587890625
31.1534401,-24.2236328125,104.7900390625,-29.5556640625
31.1833225,-23.3447265625,104.5947265625,-34.9755859375
31.2292677,-23.3447265625,104.7412109375,-40.7861328125
31.2452357,-22.2216796875,105.1806640625,-46.0595703125
31.2722329,-22.4169921875,104.4970703125,-51.7724609375
31.3300465,-22.4169921875,104.6435546875,-56.8505859375
31.3330421,-22.9052734375,104.2041015625,-62.3681640625
31.3618838,-23.1494140625,104.0576171875,-65.1025390625
31.4126652,-23.0517578125,103.7158203125,-68.8134765625
31.4327504,-23.6376953125,102.9833984375,-72.6220703125
31.4699892,-24.2724609375,102.0068359375,-75.9912109375
31.4904622,-24.8583984375,102.2998046875,-78.7255859375
31.5145965,-25.8349609375,101.7138671875,-81.0693359375
31.5599194,-26.1279296875,100.9814453125,-84.0478515625
31.5802919,-26.9580078125,100.2978515625,-88.2470703125
31.603558,-27.2998046875,100.1513671875,-91.9580078125
31.6366839,-27.8369140625,98.9794921875,-96.4013671875
31.6669424,-28.5205078125,98.2470703125,-99.2822265625
31.6942076,-28.9599609375,98.4912109375,-93.0322265625
31.7436388,-29.6435546875,98.9306640625,-72.1826171875
31.7557596,-30.6201171875,98.5400390625,-47.8662109375
31.7859306,-30.9130859375,100.0048828125,-26.7236328125
31.8186298,-31.7919921875,101.1767578125,-12.8564453125
31.8456545,-31.9873046875,101.8115234375,-2.9931640625
31.8742819,-32.1337890625,103.5205078125,1.8408203125
31.906844,-31.1572265625,104.2041015625,1.8896484375
31.9378617,-29.9365234375,104.4482421875,-5.5322265625
31.967972,-28.5205078125,105.1318359375,-16.4208984375
31.9987751,-27.2998046875,106.2548828125,-22.4755859375
32.0252049,-25.1513671875,106.4990234375,-26.1865234375
32.0590278,-22.7587890625,106.7919921875,-28.4814453125
32.0878696,-22.2216796875,106.6455078125,-32.6318359375
32.115865,-21.3916015625,106.5478515625,-38.0029296875
32.1491964,-21.6357421875,106.3037109375,-42.7880859375
32.178091,-21.0986328125,106.1572265625,-48.5986328125
32.2097933,-20.9033203125,105.7177734375,-54.3603515625
32.240035,-20.0732421875,105.1806640625,-59.7802734375
32.265453,-21.0986328125,104.8388671875,-64.1748046875
32.3022016,-20.7568359375,104.5458984375,-68.3251953125
32.3286385,-21.3916015625,103.4716796875,-72.0361328125
32.3573136,-21.9287109375,103.3251953125,-75.4052734375
32.389643,-22.8564453125,102.6416015625,-78.7744140625
32.4190063,-23.6865234375,101.8603515625,-81.4111328125
32.4493961,-24.6630859375,101.2744140625,-84.5849609375
32.4887249,-25.5419921875,100.6396484375,-86.8798828125
32.5108531,-26.3232421875,99.7119140625,-89.7607421875
32.5384003,-26.3232421875,99.0771484375,-93.6669921875
32.5763646,-26.8603515625,97.5146484375,-97.5732421875
32.5983092,-27.7392578125,97.2216796875,-101.2841796875
32.6326688,-28.3740234375,96.7822265625,-102.9443359375
32.6598592,-29.2529296875,96.3916015625,-89.8095703125
32.7085334,-30.0341796875,97.0263671875,-66.4697265625
32.7309241,-30.6201171875,97.8564453125,-41.6650390625
32.7500382,-31.5478515625,97.4169921875,-23.1591796875
32.7838089,-31.6943359375,98.5888671875,-8.8525390625
32.8127024,-31.3037109375,99.4189453125,-0.6494140625
32.859535,-32.0361328125,99.2236328125,2.5732421875
32.8709765,-31.6455078125,100.3955078125,0.7666015625
32.9060476,-30.2783203125,99.9072265625,-8.7548828125
32.9324369,-29.2529296875,100.1025390625,-18.6181640625
32.9804949,-28.0810546875,101.2255859375,-23.2080078125
32.9925905,-26.1279296875,101.7626953125,-26.4794921875
33.0215578,-23.9794921875,100.7373046875,-28.5302734375
33.0593996,-22.5146484375,101.1279296875,-32.5830078125
33.0816547,-22.2705078125,101.0791015625,-38.5400390625
33.1111454,-22.4658203125,101.0791015625,-43.3740234375
33.1492406,-22.7587890625,100.0537109375,-49.0869140625
33.1742128,-22.1728515625,100.3466796875,-54.4580078125
33.2013987,-21.3916015625,99.3701171875,-59.4384765625
33.2401924,-22.6611328125,99.0771484375,-64.0283203125
33.261289,-23.0517578125,98.1982421875,-67.2021484375
33.324257,-23.8818359375,97.2705078125,-70.8642578125
33.3252837,-23.8818359375,96.8798828125,-74.7216796875
33.3709792,-24.7607421875,95.5126953125,-78.2373046875
33.3861162,-25.6396484375,95.0732421875,-80.7275390625
33.4134386,-26.3232421875,93.9501953125,-83.7548828125
33.4421641,-27.1044921875,92.5830078125,-85.8056640625
33.4802559,-27.7392578125,92.1923828125,-89.6142578125
33.5108435,-28.6181640625,91.5576171875,-92.8369140625
33.5363613,-28.6669921875,90.6787109375,-97.0361328125
33.5685701,-30.3759765625,89.7998046875,-99.7216796875
33.5927913,-30.8642578125,89.4580078125,-97.9150390625
33.6229334,-31.5478515625,90.3857421875,-80.1904296875
33.6603608,-31.8896484375,91.4599609375,-55.6298828125
33.6846191,-32.4267578125,91.3623046875,-34.3896484375
33.7220577,-33.5498046875,91.7041015625,-18.1298828125
33.7478016,-33.8916015625,92.3876953125,-7.7294921875
33.7748864,-34.1845703125,93.5595703125,-2.5048828125
33.8117366,-33.9892578125,94.8779296875,-1.6259765625
33.8378798,-33.0615234375,95.5615234375,-8.1689453125
33.869433,-31.8408203125,94.8779296875,-19.8876953125
33.8972438,-30.7177734375,95.7568359375,-28.0419921875
33.9278595,-29.4482421875,96.1962890625,-31.6552734375
33.9551762,-28.0322265625,96.5380859375,-32.9736328125
33.9938205,-26.5673828125,97.0751953125,-36.3916015625
34.016368,-26.1279296875,97.6611328125,-40.9326171875
34.056061,-25.7373046875,97.0263671875,-46.2548828125
34.0775221,-26.3720703125,97.2216796875,-50.9912109375
34.1063625,-26.0302734375,97.6611328125,-56.8017578125
34.1369335,-25.6884765625,97.1240234375,-61.6845703125
34.1748894,-25.9814453125,96.3916015625,-66.4697265625
34.1946444,-26.8115234375,96.6357421875,-69.8388671875
34.230963,-27.7880859375,95.3662109375,-73.6474609375
34.2595092,-27.7880859375,95.8056640625,-76.7236328125
34.2909236,-28.0810546875,95.3173828125,-80.0927734375
34.3204372,-29.0576171875,94.4873046875,-83.5107421875
34.3542903,-29.6923828125,94.0966796875,-85.3173828125
34.3818343,-30.5712890625,93.5107421875,-88.3935546875
34.4102619,-31.1572265625,92.5341796875,-91.7138671875
34.4395826,-31.4501953125,91.9482421875,-95.2294921875
34.4771172,-32.1826171875,90.9716796875,-98.9892578125
34.5001978,-32.5732421875,90.1416015625,-102.7490234375
34.5374825,-33.2080078125,90.3857421875,-101.1865234375
34.5628238,-34.2822265625,91.5087890625,-85.7080078125
34.5897263,-34.9169921875,91.2646484375,-61.4404296875
34.6277659,-35.7470703125,92.0947265625,-39.2724609375
34.6518402,-36.1376953125,91.9482421875,-21.6455078125
34.6795142,-37.2119140625,92.6318359375,-10.0244140625
34.7158141,-37.4560546875,93.5107421875,-4.0185546875
34.7409656,-36.5283203125,94.2919921875,-2.6513671875
34.770834,-36.7236328125,95.3662109375,-7.2900390625
34.8092912,-35.3564453125,95.0244140625,-17.1044921875
34.8312761,-33.9892578125,95.9033203125,-25.6494140625
34.8604689,-33.0126953125,95.7080078125,-28.7255859375
34.8968989,-31.4501953125,96.2939453125,-30.7275390625
34.9228385,-30.1318359375,96.4404296875,-33.4619140625
34.9597818,-28.7158203125,96.8310546875,-37.9541015625
34.9847403,-28.5693359375,96.4404296875,-42.5927734375
35.0127194,-28.6669921875,96.1474609375,-48.5986328125
35.051444,-29.0576171875,95.6103515625,-53.7255859375
35.0742846,-28.2763671875,96.0498046875,-59.2919921875
35.100293,-28.0322265625,95.1708984375,-63.3447265625
35.1395142,-28.6669921875,94.6826171875,-67.5439453125
35.165601,-29.6923828125,94.4384765625,-71.2060546875
35.1950507,-29.6435546875,93.2666015625,-74.9658203125
35.2256534,-29.8388671875,93.3642578125,-78.1884765625
35.2557025,-30.8154296875,92.4853515625,-81.2158203125
35.285748,-31.4501953125,92.3876953125,-83.7060546875
35.3477878,-32.1337890625,90.5322265625,-85.9033203125
35.3487879,-32.8173828125,90.3369140625,-88.4912109375
35.3776137,-32.8662109375,89.0673828125,-92.2509765625
35.4257311,-33.7451171875,88.1396484375,-95.8154296875
35.4566049,-34.1845703125,87.1142578125,-100.1611328125
35.4672335,-34.9169921875,87.0166015625,-101.5283203125
35.5147029,-34.5263671875,86.1376953125,-93.4228515625
35.5489312,-35.6005859375,86.9677734375,-71.3037109375
35.5570974,-36.5283203125,87.8466796875,-45.9130859375
35.5853811,-37.5048828125,87.1630859375,-25.2099609375
35.6185922,-37.6025390625,87.7490234375,-10.3173828125
35.6651361,-38.5791015625,88.4814453125,-0.5517578125
35.6850279,-38.3349609375,88.6279296875,3.5009765625
35.704952,-38.2861328125,89.3603515625,3.4521484375
35.7365372,-36.6259765625,89.3115234375,-3.9697265625
35.7671581,-35.7958984375,89.3115234375,-13.6376953125
35.8159256,-33.9892578125,90.0927734375,-19.2041015625
35.8378217,-32.9150390625,90.1904296875,-21.8408203125
35.8563473,-31.5966796875,89.7509765625,-25.2587890625
35.8892469,-30.4248046875,91.0693359375,-29.2138671875
35.9211797,-29.0087890625,90.1416015625,-33.4130859375
35.9492385,-28.7646484375,89.7021484375,-38.6865234375
35.9794102,-27.7392578125,89.8486328125,-44.5947265625
36.0083661,-27.9345703125,89.4091796875,-49.2333984375
36.0373545,-27.6416015625,89.4580078125,-54.0185546875
36.0688663,-27.7392578125,88.6767578125,-58.1689453125
36.1007938,-28.5693359375,88.2373046875,-61.8310546875
36.1310667,-28.7158203125,88.3349609375,-65.5419921875
36.1581949,-29.3994140625,86.8701171875,-69.0576171875
36.188556,-29.5947265625,86.4794921875,-71.6455078125
36.2203845,-30.9130859375,86.5283203125,-74.5751953125
36.2486299,-30.9130859375,85.2587890625,-77.3095703125
36.2996056,-31.6943359375,85.4052734375,-79.9951171875
36.3197921,-31.8408203125,84.4287109375,-83.0224609375
36.3407419,-32.8173828125,83.5498046875,-86.5869140625
36.3733964,-33.2080078125,83.4033203125,-90.2490234375
36.4206603,-33.4521484375,82.9150390625,-93.8623046875
36.4530687,-34.6240234375,82.5244140625,-92.8369140625
36.4640703,-35.0634765625,83.1103515625,-77.2607421875
36.4912995,-35.7958984375,84.3798828125,-52.6513671875
36.5248169,-35.0146484375,84.5751953125,-30.7275390625
36.5520956,-36.3818359375,85.8935546875,-14.0283203125
36.5801733,-36.7724609375,87.3583984375,-4.2138671875
36.6087548,-37.8466796875,87.9443359375,2.2314453125
36.6703343,-38.0419921875,89.2626953125,3.0126953125
36.6717891,-37.5537109375,89.7509765625,-2.1142578125
36.7033407,-35.9912109375,90.4345703125,-12.1728515625
36.733901,-34.7705078125,91.2158203125,-20.5712890625
36.7633067,-33.0615234375,91.9482421875,-23.9892578125
36.7936735,-31.6455078125,92.8759765625,-26.0888671875
36.8223795,-30.6689453125,92.8759765625,-29.5556640625
36.8565527,-28.5693359375,93.2666015625,-33.6083984375
36.9012809,-28.3740234375,93.1201171875,-38.4912109375
36.9226231,-28.1298828125,93.9501953125,-44.3994140625
36.94272,-27.4951171875,94.8291015625,-50.0146484375
36.9738119,-27.9345703125,94.2919921875,-55.3369140625
37.0025368,-27.3486328125,94.2919921875,-59.8779296875
37.0367092,-27.7392578125,93.4619140625,-63.7841796875
37.0652964,-28.0810546875,93.9990234375,-67.8369140625
37.0946143,-28.5693359375,92.9736328125,-70.5712890625
37.1265656,-28.2763671875,92.6318359375,-73.9892578125
37.15551,-29.2041015625,92.1435546875,-77.0654296875
37.2004688,-29.8876953125,92.2900390625,-78.8232421875
37.2165341,-30.5712890625,91.7041015625,-81.5087890625
37.2466622,-31.2060546875,91.1669921875,-84.8779296875
37.2785142,-31.4013671875,91.0205078125,-88.9306640625
37.3053821,-32.1337890625,90.1416015625,-92.7392578125
37.3396964,-32.8662109375,89.8486328125,-96.1572265625
37.3676691,-33.3544921875,89.7021484375,-97.8173828125
37.3974409,-34.5263671875,89.8486328125,-90.8349609375
37.4474869,-34.6240234375,90.2880859375,-67.9345703125
37.4555645,-35.2099609375,90.7275390625,-43.9599609375
37.4862465,-35.9423828125,91.6064453125,-24.3310546875
37.5237706,-36.1865234375,92.0947265625,-10.1220703125
37.5489357,-36.5771484375,92.8759765625,-1.6748046875
37.5771308,-37.1630859375,93.9990234375,2.6708984375
37.6259246,-36.9677734375,93.6083984375,0.8154296875
37.6476198,-36.9677734375,94.8291015625,-6.3623046875
37.665912,-35.5517578125,96.0986328125,-16.3232421875
37.7048447,-34.0869140625,96.0009765625,-22.5244140625
37.7273849,-32.8662109375,96.8310546875,-25.3076171875
37.7611412,-31.4990234375,97.0263671875,-27.9931640625
37.8064778,-29.7412109375,97.2705078125,-31.2646484375
37.8205621,-27.5927734375,97.3681640625,-36.0009765625
37.8484538,-27.3486328125,97.6611328125,-42.2998046875
37.8795759,-27.3974609375,97.3193359375,-46.5966796875
37.90829,-27.3974609375,96.3916015625,-51.9677734375
37.9461497,-27.2021484375,96.6845703125,-57.0458984375
37.9957827,-27.0068359375,96.4404296875,-61.6845703125
38.0252005,-27.4951171875,96.1962890625,-64.7119140625
38.0301894,-27.2509765625,95.6591796875,-69.2041015625
38.059087,-27.9833984375,94.1455078125,-72.3291015625
38.0966848,-28.4228515625,94.4384765625,-75.4052734375
38.1218579,-28.6669921875,94.1943359375,-78.5302734375
38.158925,-29.6923828125,92.7294921875,-81.1181640625
38.1817644,-30.3759765625,91.9482421875,-83.6572265625
38.2118762,-31.0595703125,91.3623046875,-86.4404296875
38.2405981,-31.3525390625,90.1416015625,-89.1748046875
38.2920932,-32.3779296875,89.4091796875,-92.7392578125
38.3010112,-32.5732421875,87.9443359375,-96.3037109375
38.3394986,-33.4033203125,87.5537109375,-99.1357421875
38.3615459,-34.5751953125,87.3095703125,-92.5927734375
38.4005911,-34.6240234375,89.3115234375,-71.8896484375
38.4201055,-35.0634765625,89.3115234375,-46.9384765625
38.4579019,-36.1376953125,89.7509765625,-25.8447265625
38.4826341,-37.0166015625,89.7509765625,-11.0009765625
38.5118884,-37.1142578125,91.3623046875,-0.6005859375
38.5435748,-38.1396484375,92.1435546875,3.6962890625
38.5708802,-37.9931640625,92.6806640625,4.7216796875
38.6103406,-37.3095703125,93.4619140625,-2.2607421875
38.6334486,-35.9912109375,93.9013671875,-11.6357421875
38.6616738,-35.4541015625,94.3408203125,-17.3486328125
38.6940051,-33.4521484375,94.3408203125,-20.7666015625
38.7326375,-32.0361328125,95.4150390625,-23.2568359375
38.7529036,-29.4482421875,95.0732421875,-26.9189453125
38.7865523,-28.7646484375,94.9755859375,-31.1181640625
38.8116735,-28.1298828125,95.2197265625,-36.0986328125
38.8515403,-27.5439453125,94.9267578125,-41.4697265625
38.8742794,-27.2998046875,94.2919921875,-46.6455078125
38.911597,-27.1533203125,94.3408203125,-51.0400390625
38.9357824,-26.3720703125,94.7802734375,-56.0205078125
38.9643396,-26.7138671875,93.8525390625,-59.6826171875
39.0031096,-26.5673828125,93.9501953125,-62.9541015625
39.0216335,-27.0556640625,93.0224609375,-66.1767578125
39.0606321,-28.4716796875,92.6318359375,-69.6435546875
39.083715,-28.5205078125,92.8271484375,-71.9873046875
39.1216103,-29.2529296875,92.3876953125,-74.8193359375
39.1457074,-29.7412109375,91.8994140625,-76.9677734375
39.1746951,-30.3271484375,90.5322265625,-79.6533203125
39.2111992,-30.7666015625,91.1181640625,-83.5595703125
39.2355053,-31.4501953125,90.7763671875,-87.5634765625
39.2635841,-32.2802734375,89.7998046875,-91.2255859375
39.3036608,-32.4755859375,90.5322265625,-92.4462890625
39.3245557,-33.2080078125,90.7763671875,-82.1435546875
39.3573849,-33.4521484375,91.8505859375,-59.8291015625
39.3968985,-33.9892578125,93.2666015625,-36.3916015625
39.4168204,-35.3076171875,93.9990234375,-18.1787109375
39.4492655,-35.8447265625,94.5361328125,-5.2392578125
39.4774915,-36.3818359375,96.0009765625,1.7431640625
39.5142717,-36.8212890625,97.7587890625,4.7705078125
39.537574,-37.3095703125,98.3935546875,1.6943359375
39.5769043,-36.3818359375,98.4912109375,-6.6064453125
39.5952336,-34.9658203125,99.4189453125,-15.8349609375
39.6322518,-33.6962890625,100.9326171875,-19.9853515625
39.6588082,-32.5732421875,101.1279296875,-22.6220703125
39.6909296,-30.5712890625,102.0556640625,-25.4541015625
39.7194811,-28.9111328125,101.5673828125,-29.1162109375
39.7485457,-27.4951171875,102.3974609375,-33.8037109375
39.7763702,-27.0556640625,102.8369140625,-39.0283203125
39.8132635,-26.6162109375,102.1044921875,-44.6923828125
39.8426503,-26.7138671875,102.3974609375,-50.2587890625
39.8703757,-26.3720703125,102.4951171875,-54.5068359375
39.8986572,-26.7626953125,102.2021484375,-58.8037109375
39.9285386,-26.9091796875,101.3720703125,-62.7587890625
39.9694324,-27.2509765625,100.9814453125,-65.8837890625
39.9895575,-27.2998046875,100.7373046875,-68.7646484375
40.0231078,-28.4228515625,100.5908203125,-72.7685546875
40.0525463,-28.6181640625,99.5166015625,-75.6005859375
40.08797,-29.5458984375,99.5166015625,-78.2861328125
40.1119835,-30.4736328125,98.1494140625,-80.2392578125
40.1486159,-31.2060546875,97.5634765625,-82.9248046875
40.1686686,-31.2548828125,96.6357421875,-86.3916015625
40.2066048,-31.9873046875,96.6845703125,-90.5908203125
40.2319718,-32.8173828125,96.0986328125,-94.2041015625
40.2645345,-33.7939453125,95.7568359375,-95.7177734375
40.2929531,-33.9892578125,96.3916015625,-84.1455078125
40.3217331,-34.6728515625,97.2705078125,-60.3173828125
40.3572879,-35.4541015625,97.9052734375,-36.7822265625
40.3827559,-36.0400390625,98.7353515625,-17.2021484375
40.4107972,-36.7236328125,98.7841796875,-4.3603515625
40.4475728,-37.3583984375,99.5654296875,3.3544921875
40.4727957,-38.0908203125,100.1513671875,7.4072265625
40.501637,-38.4326171875,101.0791015625,4.3798828125
40.534996,-37.7978515625,101.1279296875,-3.6279296875
40.5622072,-36.4306640625,101.7626953125,-13.7841796875
40.5949508,-35.1123046875,102.4951171875,-18.9599609375
40.6244689,-33.5986328125,102.5927734375,-21.9873046875
40.6525979,-31.9384765625,102.7392578125,-24.4775390625
40.6805864,-29.7900390625,102.7880859375,-28.1396484375
40.7188549,-28.4716796875,102.8857421875,-33.3642578125
40.7419743,-27.3486328125,102.2509765625,-38.5400390625
40.7801079,-27.2021484375,101.5673828125,-43.6669921875
40.803214,-26.8603515625,101.1279296875,-49.1845703125
40.8338193,-26.4208984375,101.2744140625,-53.9208984375
40.8678225,-26.7138671875,99.0771484375,-58.9990234375
40.8948959,-26.7626953125,98.5888671875,-62.3193359375
40.923875,-27.5927734375,98.3935546875,-65.3955078125
40.9578522,-28.3740234375,97.4169921875,-68.3251953125
40.9843305,-28.6669921875,96.4404296875,-72.1337890625
41.0174045,-28.6181640625,95.2197265625,-75.2099609375
41.0465222,-29.8388671875,95.4638671875,-77.7490234375
41.0749528,-30.7177734375,93.9990234375,-80.2392578125
41.1070762,-31.2548828125,92.6806640625,-83.3154296875
41.1365197,-31.6943359375,91.5087890625,-86.0498046875
41.1635887,-32.7197265625,91.1669921875,-90.5419921875
41.1967123,-33.5009765625,90.5322265625,-93.6669921875
41.2256909,-33.6962890625,89.5068359375,-96.1083984375
41.256714,-34.2333984375,89.3115234375,-90.0537109375
41.2887545,-34.7705078125,89.9462890625,-68.5693359375
41.3167472,-35.1611328125,90.1904296875,-44.0576171875
41.3444654,-35.9912109375,90.4833984375,-24.1357421875
41.377542,-36.9677734375,91.4599609375,-9.2431640625
41.4061171,-37.7001953125,91.7041015625,-0.3076171875
41.4393311,-38.4326171875,92.0458984375,4.5263671875
41.4676277,-39.0673828125,92.5830078125,4.7705078125
41.4963975,-38.4326171875,92.9248046875,-2.0166015625
41.5301466,-36.9677734375,93.2666015625,-11.7333984375
41.5583495,-35.7470703125,94.5849609375,-18.2275390625
41.587361,-34.3310546875,94.7314453125,-20.4736328125
41.6197008,-33.1591796875,94.0478515625,-23.4521484375
41.6476135,-31.4501953125,94.3896484375,-27.2119140625
41.6810919,-30.0830078125,94.4873046875,-31.7529296875
41.7084221,-29.0087890625,94.1943359375,-36.4892578125
41.7379354,-28.1787109375,93.9990234375,-41.9091796875
41.7724898,-28.3251953125,93.7548828125,-46.6455078125
41.8004014,-27.8857421875,93.7060546875,-51.5771484375
41.8277489,-27.3974609375,93.0224609375,-56.2646484375
41.8607513,-27.9833984375,93.3154296875,-59.8291015625
41.8890574,-28.3740234375,93.6572265625,-63.4423828125
41.9221995,-28.5693359375,92.2412109375,-66.6650390625
41.9505366,-28.8134765625,92.0947265625,-69.6435546875
41.9810642,-29.6435546875,91.9970703125,-73.4033203125
42.0082274,-30.2294921875,92.3876953125,-75.8447265625
42.0412893,-30.9619140625,90.7763671875,-78.2861328125
42.069363,-32.0361328125,90.8251953125,-81.0693359375
42.1027973,-33.0126953125,90.4345703125,-84.4873046875
42.1451018,-32.5732421875,89.9951171875,-88.2958984375
42.1605906,-33.7451171875,89.5068359375,-92.3974609375
42.193057,-34.4287109375,88.7255859375,-95.0341796875
42.2221442,-35.0146484375,88.7255859375,-90.3466796875
42.252577,-35.1611328125,90.2392578125,-70.4248046875
42.2903752,-36.3330078125,90.9716796875,-46.6943359375
42.3115962,-36.6748046875,91.4599609375,-25.7958984375
42.3504429,-37.0654296875,92.4365234375,-11.8798828125
42.3749307,-38.2373046875,92.8271484375,-3.3349609375
42.4030813,-38.0419921875,93.3154296875,0.9619140625
42.4429042,-38.9697265625,93.4130859375,0.7666015625
42.4643936,-39.1162109375,94.0966796875,-6.2158203125
42.4931467,-37.9443359375,94.0966796875,-15.7373046875
42.5301478,-36.6259765625,94.5361328125,-22.3291015625
42.5524282,-35.5517578125,95.5126953125,-25.5029296875
42.5893183,-33.6962890625,95.1708984375,-27.2607421875
42.6167787,-32.6220703125,94.8291015625,-31.1181640625
42.6440711,-31.4501953125,95.0732421875,-35.3662109375
42.6823217,-30.3271484375,95.3662109375,-40.1025390625
42.7086681,-28.7158203125,94.6337890625,-44.9365234375
42.7329452,-29.3505859375,94.7802734375,-50.0634765625
42.7687925,-29.3994140625,93.9501953125,-55.6787109375
42.7949208,-28.6181640625,93.9013671875,-59.2919921875
42.8327964,-28.8134765625,93.4130859375,-63.5400390625
42.8593243,-29.2041015625,93.0712890625,-67.4951171875
42.885882,-29.7900390625,92.1923828125,-70.9130859375
42.9156681,-30.0830078125,92.0947265625,-73.1591796875
42.9663552,-30.3271484375,91.8017578125,-76.5283203125
42.9753822,-30.9619140625,91.7041015625,-80.0439453125
43.0139632,-31.6455078125,90.9716796875,-83.1201171875
43.0430123,-32.2802734375,89.7998046875,-84.8291015625
43.0643565,-33.0615234375,89.0673828125,-87.9052734375
43.102871,-33.7451171875,88.4326171875,-90.6884765625
43.1260082,-34.0869140625,87.8955078125,-94.3994140625
43.1632753,-34.6240234375,87.7001953125,-98.4521484375
43.1862518,-35.7470703125,86.5283203125,-100.0634765625
43.2242786,-36.2353515625,87.2119140625,-88.6865234375
43.2496751,-37.2119140625,87.7001953125,-65.0537109375
43.2777646,-37.5048828125,89.1162109375,-41.2255859375
43.3157228,-37.5537109375,88.5791015625,-22.0849609375
43.3365913,-38.3349609375,88.9208984375,-8.3154296875
43.3746753,-39.2138671875,89.3115234375,-0.2587890625
43.3967466,-39.5556640625,90.6298828125,3.7451171875
43.4312604,-40.0439453125,91.1181640625,2.7197265625
43.4576057,-40.4833984375,90.4345703125,-4.4580078125
43.4874176,-39.0673828125,91.3134765625,-14.4677734375
43.5250363,-37.6513671875,91.0693359375,-20.3271484375
43.550819,-36.5771484375,92.1923828125,-22.1826171875
43.5902062,-35.0146484375,92.0947265625,-24.7705078125
43.6108336,-32.6708984375,91.8994140625,-28.1396484375
43.6408782,-31.1083984375,91.7529296875,-32.5830078125
43.6757961,-30.0830078125,91.7529296875,-38.0517578125
43.7020308,-29.2041015625,90.8251953125,-43.2275390625
43.7410709,-29.0087890625,90.6298828125,-48.5986328125
43.761333,-28.9599609375,89.8974609375,-52.5537109375
43.7904428,-28.6181640625,89.4580078125,-56.3134765625
43.8274345,-28.8134765625,89.1162109375,-60.3173828125
43.8522359,-29.2529296875,87.9443359375,-63.7353515625
43.8786363,-29.4970703125,87.9443359375,-66.7626953125
43.9206205,-30.0830078125,87.0166015625,-69.5458984375
43.9407816,-30.0341796875,87.2119140625,-72.9638671875
43.9779255,-30.7177734375,86.4306640625,-76.7724609375
44.0018963,-31.3525390625,85.6494140625,-79.2138671875
44.0403211,-31.6943359375,84.9658203125,-80.7763671875
44.0603295,-32.5732421875,84.2822265625,-83.4619140625
44.1055261,-32.8662109375,83.2568359375,-86.5380859375
44.1262198,-33.2080078125,82.7197265625,-90.0537109375
44.150532,-34.7216796875,82.0849609375,-93.3251953125
44.1874824,-34.6728515625,81.7919921875,-95.5712890625
44.2108344,-36.2841796875,82.0361328125,-86.0009765625
44.2467419,-36.5771484375,82.1826171875,-62.0751953125
44.2749826,-36.7236328125,83.2568359375,-38.1494140625
44.3019981,-37.1630859375,82.6708984375,-20.2294921875
44.3387251,-37.5537109375,84.0380859375,-6.2158203125
44.3651943,-38.1396484375,85.3076171875,2.1826171875
44.3999502,-38.4814453125,84.7216796875,5.0634765625
44.4190042,-39.5556640625,85.3564453125,4.4287109375
44.4568193,-39.6533203125,85.6982421875,-2.6513671875
44.4830452,-39.1650390625,86.6748046875,-11.9287109375
44.5196533,-37.4072265625,86.7236328125,-16.9091796875
44.5437734,-35.6005859375,87.3583984375,-19.0087890625
44.5783985,-34.0869140625,87.6513671875,-21.7919921875
44.6056941,-33.0126953125,88.4326171875,-25.8935546875
44.6555068,-31.4990234375,89.2138671875,-30.1416015625
44.6756947,-29.6923828125,89.2138671875,-36.0986328125
44.6960918,-29.5458984375,89.6044921875,-40.4443359375
44.7335949,-28.6669921875,89.5556640625,-45.5712890625
44.7587969,-28.9599609375,89.1650390625,-50.1611328125
44.7858606,-27.9345703125,89.3115234375,-53.9697265625
44.8240813,-28.0322265625,89.7021484375,-57.4853515625
44.856186,-28.2275390625,89.2138671875,-61.0986328125
44.8753095,-28.8623046875,89.4580078125,-64.6630859375
44.9118799,-28.7646484375,89.8974609375,-67.8857421875
44.9366588,-29.2041015625,89.8974609375,-70.9619140625
44.9722516,-30.0341796875,89.2626953125,-74.1357421875
44.9923514,-30.4736328125,88.7255859375,-76.6748046875
45.0421952,-30.5712890625,88.6279296875,-78.6279296875
45.0641096,-31.0595703125,88.9697265625,-82.1923828125
45.0884273,-31.7431640625,88.2373046875,-86.1474609375
45.1171689,-32.3779296875,88.2373046875,-89.5166015625
45.1556085,-33.5009765625,88.1884765625,-93.1298828125
45.1809514,-34.0380859375,88.2861328125,-90.2978515625
45.2080396,-34.7705078125,89.0185546875,-71.7919921875
45.2475735,-34.5751953125,90.1904296875,-47.2802734375
45.2776056,-35.4052734375,90.6298828125,-26.0888671875
45.2965543,-35.6494140625,91.6552734375,-11.5380859375
45.3328353,-36.4794921875,92.2900390625,-0.9423828125
45.3571867,-37.3095703125,93.3154296875,3.5986328125
45.3939199,-37.7978515625,93.7060546875,5.0146484375
45.4144254,-38.2373046875,94.6826171875,-0.0634765625
45.4658826,-37.9443359375,96.3916015625,-9.1943359375
45.4852819,-37.2119140625,96.0009765625,-16.7138671875
45.5112891,-35.4052734375,96.9775390625,-19.9365234375
45.5399429,-34.3798828125,97.5634765625,-21.8408203125
45.5772063,-32.4755859375,98.3935546875,-25.5517578125
45.6018917,-30.9130859375,98.0517578125,-29.2626953125
45.6304616,-29.7900390625,98.1982421875,-34.0966796875
45.6599769,-28.6181640625,98.5400390625,-39.8095703125
45.6916559,-27.8857421875,98.3447265625,-45.1806640625
45.7200785,-27.8369140625,98.1494140625,-49.4775390625
45.7490752,-27.6416015625,98.1494140625,-53.6279296875
45.7872228,-26.8603515625,97.7099609375,-57.5830078125
45.8094009,-27.3974609375,97.9541015625,-60.7080078125
45.855177,-27.5439453125,97.6611328125,-63.9306640625
45.8703805,-27.9345703125,98.0517578125,-67.6904296875
45.9007196,-28.3740234375,97.4169921875,-71.0595703125
45.932619,-29.3017578125,97.0751953125,-74.2333984375
45.9606793,-29.5947265625,96.3427734375,-76.8701171875
45.9914149,-30.3759765625,96.1474609375,-79.0673828125
46.0228472,-31.1572265625,96.0986328125,-81.2158203125
46.0514784,-31.6943359375,94.8291015625,-83.7548828125
46.0853619,-32.2314453125,94.1943359375,-87.8564453125
46.1137854,-32.3291015625,94.1455078125,-91.1767578125
46.1420859,-33.0615234375,92.9248046875,-94.2529296875
46.1713209,-34.0869140625,93.2177734375,-87.2216796875
46.2084999,-34.7216796875,93.6572265625,-66.1279296875
46.2335688,-35.4541015625,94.3408203125,-41.9091796875
46.2665191,-35.7958984375,94.6337890625,-21.5966796875
46.2936296,-36.7236328125,96.1474609375,-6.7529296875
46.3221327,-37.1142578125,96.4892578125,3.4521484375
46.355788,-37.9931640625,97.5634765625,8.7255859375
46.3827278,-38.9208984375,98.8330078125,8.9697265625
46.4184476,-38.4814453125,98.4912109375,3.3544921875
46.4465355,-38.7744140625,98.7841796875,-5.4345703125
46.474772,-37.6513671875,100.4443359375,-12.3193359375
46.5029363,-36.2841796875,99.8583984375,-15.1025390625
46.5366601,-35.1611328125,100.3955078125,-17.2021484375
46.5641588,-32.5244140625,101.7626953125,-21.1083984375
46.615293,-31.5478515625,101.1767578125,-25.0634765625
46.6350438,-29.9365234375,101.4697265625,-30.5810546875
46.6535,-29.0576171875,101.1767578125,-35.1220703125
46.6854201,-27.7392578125,100.3955078125,-40.2490234375
46.7163727,-28.3740234375,100.5419921875,-44.6435546875
46.7488795,-27.4951171875,100.0048828125,-49.3310546875
46.7773889,-26.8115234375,99.6142578125,-52.8466796875
46.8062401,-27.3486328125,99.2236328125,-55.9716796875
46.839135,-27.1533203125,98.6865234375,-59.1943359375
46.8676144,-27.7392578125,97.5146484375,-61.8310546875
46.8951112,-28.5693359375,97.8076171875,-65.6396484375
46.9278859,-28.4228515625,97.4658203125,-69.4970703125
46.9553569,-30.1806640625,96.8310546875,-71.7919921875
46.9846603,-30.0830078125,96.0986328125,-74.5263671875
47.0194737,-31.3037109375,95.0732421875,-76.2841796875
47.0462663,-31.4990234375,94.2919921875,-79.9462890625
47.0766159,-32.4267578125,94.6337890625,-83.3154296875
47.1203897,-33.0126953125,93.0712890625,-86.6357421875
47.137892,-33.4521484375,92.7294921875,-88.2470703125
47.1714604,-34.5263671875,92.1923828125,-81.3134765625
47.2126192,-34.5263671875,94.2431640625,-59.8291015625
47.2261619,-35.6982421875,95.2197265625,-35.3662109375
47.2614413,-36.4794921875,95.2685546875,-15.6884765625
47.3041499,-36.9189453125,96.2939453125,-2.6513671875
47.3167224,-37.7001953125,97.0263671875,6.2353515625
47.3515847,-38.4814453125,99.7119140625,10.1904296875
47.3893987,-38.8720703125,100.0048828125,10.8251953125
47.4083609,-39.5556640625,101.6162109375,4.1845703125
47.4412902,-39.5556640625,102.0068359375,-5.0927734375
47.4789208,-38.9208984375,103.0810546875,-11.3916015625
47.5008226,-37.2607421875,103.1787109375,-13.9306640625
47.5369988,-35.8935546875,104.6923828125,-16.9580078125
47.5571877,-33.9404296875,104.6435546875,-19.6923828125
47.5936026,-32.7685546875,105.2294921875,-23.7939453125
47.6329776,-31.1572265625,105.9619140625,-29.0185546875
47.6503852,-30.5712890625,106.0107421875,-34.2431640625
47.6827708,-30.2294921875,106.2060546875,-39.5654296875
47.7261936,-29.5947265625,106.3037109375,-44.1552734375
47.738421,-29.7412109375,106.4501953125,-47.6220703125
47.7824876,-29.3505859375,105.6201171875,-51.9189453125
47.799734,-29.2529296875,105.6689453125,-55.5322265625
47.8422164,-30.0830078125,104.5947265625,-58.9501953125
47.8624388,-29.7412109375,104.4970703125,-61.8798828125
47.9131591,-29.8876953125,103.9599609375,-65.2001953125
47.9223911,-31.0595703125,103.4228515625,-68.2275390625
47.9756038,-31.6455078125,103.7158203125,-71.0595703125
47.9785688,-32.4267578125,102.4951171875,-73.1591796875
48.022785,-33.0126953125,102.3974609375,-76.0400390625
48.0420152,-33.8916015625,101.6650390625,-80.0439453125
48.0786944,-33.9892578125,100.7861328125,-83.3642578125
48.1047406,-34.5263671875,100.6396484375,-87.3193359375
48.1408929,-36.0400390625,100.2001953125,-86.1962890625
48.1642696,-36.3818359375,100.5419921875,-71.1083984375
48.1993244,-37.0654296875,101.4697265625,-46.8896484375
48.2225182,-37.0654296875,102.2509765625,-24.8193359375
48.2586964,-38.2373046875,103.0322265625,-8.7548828125
48.2837754,-39.0185546875,104.1064453125,3.7939453125
48.3201818,-38.8720703125,104.7900390625,10.8251953125
48.3519803,-39.9951171875,106.1083984375,12.5341796875
48.3745983,-40.6298828125,106.5966796875,10.1416015625
48.4112897,-40.8251953125,106.7919921875,1.5478515625
48.4364021,-40.9716796875,108.3056640625,-7.1435546875
48.4730302,-39.5068359375,108.8916015625,-11.6845703125
48.4968207,-37.9931640625,109.3798828125,-13.2470703125
48.5343521,-36.3818359375,108.9892578125,-16.0302734375
48.5690917,-34.7705078125,109.5263671875,-20.1806640625
48.5864937,-33.6962890625,109.1845703125,-24.9658203125
48.6243605,-32.3779296875,109.2333984375,-30.0439453125
48.6433021,-31.1572265625,108.8916015625,-34.9267578125
48.6815049,-30.9130859375,108.6474609375,-39.7607421875
48.7076193,-30.8154296875,107.9150390625,-44.3505859375
48.7472649,-30.2783203125,106.8896484375,-48.3056640625
48.7670806,-29.8876953125,106.9384765625,-51.2353515625
48.8041824,-30.6201171875,106.4990234375,-54.4091796875
48.8282711,-30.9619140625,105.5224609375,-58.5595703125
48.8809954,-31.1083984375,105.0830078125,-61.6357421875
48.9126393,-31.8408203125,104.3505859375,-65.1513671875
48.9137096,-32.4267578125,102.2509765625,-67.9833984375
48.9489662,-33.0126953125,102.3974609375,-70.2783203125
48.9751367,-33.6962890625,101.2744140625,-72.7197265625
49.0122563,-34.1845703125,100.5419921875,-75.1611328125
49.036483,-35.1611328125,99.4677734375,-78.5791015625
49.0768913,-35.2099609375,98.0517578125,-82.2900390625
49.1004832,-35.8447265625,97.4169921875,-85.5615234375
49.1290535,-36.6259765625,97.0263671875,-85.7568359375
49.1646205,-37.7001953125,97.4169921875,-71.4990234375
49.1897411,-37.8466796875,97.7099609375,-47.6708984375
49.2264505,-38.2861328125,97.8076171875,-23.7451171875
49.2494178,-38.9697265625,99.0771484375,-6.4599609375
49.2858739,-38.9208984375,99.0283203125,6.7236328125
49.3058403,-40.4833984375,99.5654296875,13.9501953125
49.3442052,-40.5322265625,100.2490234375,17.6611328125
49.3696456,-40.9716796875,100.2490234375,16.6357421875
49.4062824,-42.3388671875,101.5673828125,8.7744140625
49.4288111,-41.8017578125,101.4697265625,-0.1611328125
49.4659657,-40.7763671875,100.8837890625,-4.7998046875
49.493169,-38.7744140625,101.8115234375,-6.8505859375
49.5298768,-38.4814453125,102.2998046875,-10.2685546875
49.5511705,-36.7724609375,101.5185546875,-13.6865234375
49.5896864,-34.5263671875,101.9091796875,-18.9111328125
49.6099093,-33.2568359375,101.2255859375,-24.1357421875
49.6605053,-31.8408203125,100.4443359375,-29.9951171875
49.6804837,-30.5712890625,100.4443359375,-33.6572265625
49.7008506,-31.0107421875,100.3955078125,-37.8564453125
49.7399583,-30.9130859375,98.6865234375,-41.8115234375
49.7622095,-30.6201171875,98.7353515625,-45.1318359375
49.7991587,-30.6689453125,98.9306640625,-48.0126953125
49.8182575,-30.7666015625,97.6123046875,-52.0166015625
49.8556023,-30.4248046875,96.8798828125,-55.1416015625
49.8797367,-31.4501953125,96.5380859375,-58.2177734375
49.919678,-31.6455078125,95.7568359375,-60.8056640625
49.9429299,-32.1337890625,94.9267578125,-63.5400390625
49.9802264,-32.5732421875,94.2919921875,-65.8349609375
50.003676,-33.3544921875,92.7783203125,-68.8623046875
50.0507027,-33.8916015625,92.7294921875,-72.3779296875
50.0707714,-34.9169921875,91.9482421875,-75.9423828125
50.0937806,-34.7705078125,91.3623046875,-79.4091796875
50.1292907,-36.0400390625,91.4111328125,-77.4560546875
50.1563343,-36.2841796875,91.2646484375,-61.7333984375
50.1923061,-36.4794921875,92.5341796875,-37.4658203125
50.2129624,-37.4560546875,92.9736328125,-16.0302734375
50.2493266,-37.6025390625,93.7060546875,-0.4541015625
50.2732392,-38.8232421875,95.1220703125,10.0927734375
50.309358,-38.8720703125,96.0498046875,15.5615234375
50.3344886,-38.9697265625,97.0263671875,17.6611328125
50.3700571,-40.0927734375,97.2705078125,13.0712890625
50.3933207,-40.2392578125,98.0029296875,2.6220703125
50.4386636,-39.8974609375,98.5888671875,-5.0439453125
50.4598718,-38.3349609375,99.4189453125,-8.9990234375
50.4841554,-37.6513671875,100.2001953125,-10.5615234375
50.5356483,-36.2353515625,100.0048828125,-13.6865234375
50.5538505,-34.7216796875,99.7119140625,-18.0810546875
50.5786329,-32.8662109375,99.6630859375,-23.2080078125
50.6075895,-31.5478515625,99.8583984375,-27.9443359375
50.6468831,-30.4248046875,99.7119140625,-33.6083984375
50.668456,-29.5458984375,99.0283203125,-38.1005859375
50.7072553,-30.2294921875,99.1748046875,-42.2509765625
50.7259571,-29.3017578125,98.1005859375,-46.5478515625
50.7618428,-29.0087890625,97.5634765625,-49.7216796875
50.7868018,-28.4228515625,97.1728515625,-53.3349609375
50.8309381,-29.0576171875,96.0498046875,-56.3134765625
50.8491545,-29.5458984375,96.0986328125,-59.9755859375
50.8868748,-30.2783203125,95.2197265625,-62.9541015625
50.9047009,-30.1806640625,94.9755859375,-65.4931640625
50.9426809,-30.9130859375,93.3642578125,-67.6904296875
50.9720001,-31.9384765625,93.0712890625,-70.8642578125
51.0014642,-31.4501953125,93.0224609375,-73.3544921875
51.0296856,-32.9638671875,92.0947265625,-77.3095703125
51.0578268,-33.2568359375,91.2158203125,-80.6298828125
51.0911344,-33.9892578125,90.9228515625,-83.2177734375
51.1175628,-34.4287109375,90.9228515625,-77.3583984375
51.1561261,-34.3310546875,91.2158203125,-56.4599609375
51.1783602,-35.9912109375,91.8017578125,-32.1923828125
51.2193304,-36.3818359375,92.3876953125,-12.4658203125
51.2413671,-37.1142578125,92.9736328125,2.4267578125
51.2709027,-36.9189453125,93.0224609375,11.8994140625
51.2997081,-38.2861328125,93.2177734375,17.5146484375
51.3314422,-38.0908203125,94.0966796875,18.5400390625
51.3606168,-39.3603515625,94.5361328125,13.1689453125
51.3898122,-39.4580078125,95.0244140625,4.1845703125
51.4216028,-38.8720703125,95.4638671875,-2.5537109375
51.4502889,-37.1142578125,96.2451171875,-5.8740234375
51.4794036,-36.6748046875,96.0498046875,-8.8037109375
51.5113042,-34.9658203125,96.8310546875,-12.2216796875
51.5406958,-33.1103515625,96.7333984375,-16.1767578125
51.5738583,-31.3525390625,95.7568359375,-21.8408203125
51.6029081,-29.3994140625,96.4892578125,-27.0654296875
51.6303465,-28.1787109375,96.3916015625,-31.7041015625
51.662579,-27.6416015625,95.0244140625,-36.4892578125
51.6921148,-27.5439453125,94.8779296875,-41.4208984375
51.7214943,-27.1044921875,94.1943359375,-44.3017578125
51.7544968,-27.0068359375,93.7060546875,-47.7197265625
51.7819748,-26.5673828125,93.3642578125,-51.3818359375
51.8121495,-26.8115234375,93.4130859375,-54.7998046875
51.843143,-27.9345703125,91.8017578125,-58.1689453125
51.871362,-27.9833984375,91.3134765625,-61.2939453125
51.9060878,-28.4716796875,90.3857421875,-64.6630859375
51.9337001,-29.2041015625,90.0927734375,-67.5439453125
51.9629699,-28.6669921875,89.0185546875,-69.8876953125
51.9950279,-30.0830078125,87.9931640625,-72.6220703125
52.024293,-30.6201171875,86.9677734375,-75.4052734375
52.0525273,-31.4501953125,86.3330078125,-79.0673828125
52.0853563,-30.8154296875,85.6494140625,-82.2412109375
52.1148452,-32.3779296875,85.5029296875,-81.3623046875
52.147834,-32.8662109375,85.5029296875,-67.1044921875
52.1745096,-33.2568359375,85.7470703125,-42.7392578125
52.2048198,-33.9404296875,86.2841796875,-19.6435546875
52.2326519,-34.2333984375,86.7724609375,-2.0166015625
52.2651113,-35.4052734375,86.8212890625,10.7763671875
52.2951412,-35.7470703125,87.5048828125,18.0517578125
52.3270333,-36.3330078125,88.2373046875,22.0556640625
52.3687232,-37.5048828125,88.5791015625,19.5654296875
52.3846484,-38.0419921875,88.8232421875,11.3623046875
52.4178272,-37.7001953125,89.8974609375,3.1591796875
52.445637,-37.1142578125,90.5322265625,-1.3818359375
52.4744034,-35.4052734375,91.0205078125,-4.2138671875
52.5071644,-34.2333984375,90.3857421875,-7.1435546875
52.5352069,-31.8896484375,90.6298828125,-11.2939453125
52.5682814,-30.0830078125,90.5810546875,-15.3955078125
52.5988608,-28.1787109375,90.6298828125,-21.3525390625
52.6257569,-27.0556640625,91.1669921875,-26.0400390625
52.6570693,-26.4697265625,89.7998046875,-31.4111328125
52.7067919,-26.1279296875,90.5810546875,-35.7568359375
52.7160097,-25.3466796875,89.4580078125,-39.2724609375
52.7691507,-25.3955078125,89.2138671875,-43.4716796875
52.7764188,-25.1513671875,88.1396484375,-46.9873046875
52.8305681,-25.2001953125,88.8720703125,-50.1123046875
52.8514439,-25.6396484375,88.3837890625,-53.1396484375
52.8692234,-26.2255859375,88.2861328125,-56.6064453125
52.907963,-26.8115234375,87.8466796875,-59.3896484375
52.9272205,-27.6416015625,87.2119140625,-61.7333984375
52.9723901,-27.6416015625,86.8701171875,-63.5888671875
52.9909033,-28.0810546875,86.6748046875,-67.7392578125
53.0287206,-28.8134765625,86.2353515625,-70.7177734375
53.048869,-29.1552734375,86.0400390625,-74.8193359375
53.0805311,-30.4736328125,86.0400390625,-77.3095703125
53.1185497,-30.4248046875,85.6005859375,-74.9169921875
53.140925,-31.8408203125,87.1142578125,-57.6318359375
53.1720606,-32.1337890625,87.7001953125,-33.9501953125
53.209283,-33.1591796875,88.6279296875,-12.9541015625
53.2313127,-33.4521484375,89.2626953125,2.0849609375
53.2683362,-34.5751953125,91.0693359375,11.5087890625
53.288563,-34.7216796875,91.9482421875,16.9287109375
53.328453,-35.6982421875,92.7783203125,18.4912109375
53.3516275,-36.6748046875,93.6083984375,13.7548828125
53.388941,-36.5283203125,93.9013671875,3.8916015625
53.4122333,-37.3095703125,96.0009765625,-3.5302734375
53.4449241,-36.3330078125,96.0009765625,-6.6064453125
53.4694907,-35.6494140625,96.1962890625,-8.9501953125
53.5079372,-33.9404296875,96.7822265625,-13.1005859375
53.5291245,-32.4267578125,97.3681640625,-16.8603515625
53.565176,-30.9130859375,97.4658203125,-22.0849609375
53.5954316,-29.3505859375,96.8310546875,-27.3583984375
53.6323962,-28.6181640625,97.3193359375,-32.8759765625
53.6535765,-27.5927734375,97.3193359375,-37.4169921875
53.6918479,-28.0810546875,97.0263671875,-41.9091796875
53.7118097,-27.6904296875,97.1728515625,-45.2294921875
53.7526077,-27.1533203125,97.0263671875,-48.4521484375
53.7729636,-27.0068359375,96.5380859375,-51.3818359375
53.8103689,-27.3486328125,95.9521484375,-55.9716796875
53.845069,-28.2763671875,95.4638671875,-58.4130859375
53.8633267,-28.8134765625,94.4873046875,-61.8310546875
53.899239,-29.7900390625,94.9267578125,-64.6142578125
53.922236,-29.9365234375,95.5126953125,-67.1044921875
53.9596978,-30.5712890625,93.6572265625,-68.4716796875
53.9841588,-31.7431640625,93.7060546875,-72.2314453125
54.0316326,-32.3291015625,93.3154296875,-75.5517578125
54.0438947,-33.1103515625,92.6318359375,-79.5068359375
54.0811751,-33.6474609375,92.4853515625,-81.8017578125
54.105459,-34.7705078125,92.5830078125,-74.7216796875
54.1418659,-35.0634765625,93.5107421875,-53.1396484375
54.1653756,-36.7236328125,94.5849609375,-28.4814453125
54.2012536,-36.0400390625,95.7568359375,-8.7548828125
54.2227656,-36.4794921875,96.0986328125,6.3818359375
54.2617826,-37.1630859375,97.4658203125,15.5126953125
54.2844516,-38.2373046875,98.3935546875,20.6884765625
54.3215192,-38.7744140625,99.8095703125,22.2998046875
54.3480346,-39.8974609375,100.2490234375,16.1962890625
54.385326,-39.6044921875,101.2255859375,6.6259765625
54.4056192,-39.9462890625,102.1533203125,-0.2099609375
54.4451472,-39.3115234375,102.3974609375,-3.6767578125
54.4654572,-37.6025390625,102.7880859375,-6.1181640625
54.5027287,-36.7236328125,102.8857421875,-9.9267578125
54.5277441,-34.3310546875,103.6181640625,-14.1259765625
54.5740947,-32.9150390625,103.6669921875,-18.4716796875
54.5942609,-31.9873046875,103.3740234375,-24.0869140625
54.6172412,-30.0341796875,102.8369140625,-29.0673828125
54.6533434,-29.3017578125,103.5205078125,-33.8525390625
54.679255,-30.1806640625,101.7138671875,-38.2470703125
54.7165429,-29.4482421875,101.0302734375,-41.5673828125
54.7447731,-29.1064453125,100.1025390625,-44.5458984375
54.791075,-29.4482421875,100.4931640625,-48.5498046875
54.7990593,-29.6435546875,99.5654296875,-51.7236328125
54.8380508,-29.4970703125,99.2236328125,-55.5322265625
54.8571766,-29.9365234375,98.2470703125,-58.0224609375
54.8902542,-30.6201171875,97.7587890625,-60.8056640625
54.9204894,-31.1083984375,97.2216796875,-63.1982421875
54.9567023,-31.7919921875,96.6845703125,-65.2978515625
54.9821455,-32.4755859375,95.5615234375,-69.2529296875
55.0202042,-33.5009765625,95.0732421875,-72.4267578125
55.0391927,-33.4033203125,93.9013671875,-75.6494140625
55.0759634,-33.9892578125,93.8525390625,-78.0419921875
55.0991554,-34.6728515625,93.9990234375,-69.1064453125
55.1356135,-35.3076171875,95.2685546875,-47.8662109375
55.1608409,-36.2841796875,95.9521484375,-23.8427734375
55.1965458,-36.3330078125,96.9287109375,-3.4814453125
55.2239097,-37.6025390625,97.0263671875,10.4833984375
55.2618123,-38.0908203125,98.6376953125,19.5166015625
55.2821085,-38.8232421875,99.8583984375,25.2783203125
55.319006,-39.2138671875,101.1767578125,26.2548828125
55.3411693,-39.5068359375,101.5673828125,19.8583984375
55.3819743,-40.4833984375,102.2998046875,9.0185546875
55.4035303,-40.8251953125,102.7880859375,2.7197265625
55.4318068,-40.2880859375,103.3251953125,-0.5029296875
55.4674837,-38.4814453125,104.2529296875,-2.2607421875
55.491515,-37.5537109375,104.3505859375,-5.8251953125
55.5300385,-35.8935546875,105.2783203125,-10.6103515625
55.5593213,-34.1357421875,104.6435546875,-15.4443359375
55.5825087,-33.0615234375,104.6923828125,-20.7666015625
55.6213634,-31.0107421875,104.7412109375,-25.6005859375
55.6462409,-30.2294921875,105.1806640625,-30.8740234375
55.6744653,-29.9853515625,104.4482421875,-35.5126953125
55.714206,-30.4736328125,103.9599609375,-38.9794921875
55.7346839,-29.3994140625,103.3251953125,-41.7626953125
55.7734667,-29.4970703125,103.5205078125,-45.3759765625
55.8065003,-29.2529296875,103.0810546875,-48.4033203125
55.8256733,-29.7900390625,102.5439453125,-51.2841796875
55.8701559,-30.2783203125,101.8603515625,-54.3603515625
55.8874468,-31.1572265625,101.8115234375,-57.0947265625
55.9237286,-31.0107421875,101.6162109375,-59.4384765625
55.9448212,-31.9873046875,100.2490234375,-63.2470703125
55.9838531,-33.2080078125,100.7373046875,-66.5673828125
56.0046922,-33.6474609375,100.8349609375,-69.7900390625
56.0408111,-34.0380859375,100.2490234375,-72.1826171875
56.0659122,-34.8193359375,100.6396484375,-65.0537109375
56.1034766,-34.7216796875,102.0068359375,-44.1552734375
56.1245572,-35.3564453125,102.5439453125,-20.2294921875
56.1687595,-36.4306640625,103.9111328125,-1.1865234375
56.186702,-36.0888671875,104.3505859375,11.7041015625
56.2315568,-37.4560546875,105.9619140625,20.2001953125
56.2460137,-37.9931640625,107.4755859375,25.1318359375
56.2827209,-37.9931640625,108.4521484375,24.4482421875
56.3053912,-38.5302734375,108.8916015625,16.9775390625
56.3417673,-39.0673828125,109.7216796875,6.1376953125
56.3657788,-40.1904296875,110.2587890625,0.2294921875
56.4048304,-39.1650390625,111.3818359375,-2.0166015625
56.4263395,-37.7001953125,110.8935546875,-4.8974609375
56.4645984,-36.3330078125,110.5029296875,-8.9013671875
56.4890924,-35.6982421875,110.1611328125,-13.1005859375
56.5181239,-33.8427734375,110.7470703125,-18.1298828125
56.5480893,-31.9873046875,110.0634765625,-23.6474609375
56.5785846,-31.2060546875,109.8193359375,-28.6279296875
56.6084164,-30.1806640625,109.1845703125,-33.6083984375
56.6370265,-29.9853515625,108.4033203125,-37.4169921875
56.6697205,-28.9111328125,108.0615234375,-41.5673828125
56.696834,-29.8388671875,108.4033203125,-45.1806640625
56.7319849,-29.1552734375,107.1826171875,-48.8427734375
56.7599802,-29.7900390625,106.2060546875,-52.0166015625
56.7885527,-30.3271484375,105.6689453125,-54.6044921875
56.8196866,-30.4248046875,105.1318359375,-57.3388671875
56.850234,-30.9619140625,104.6435546875,-59.4384765625
56.8825024,-31.5966796875,102.9345703125,-62.3193359375
56.9096358,-32.4755859375,102.2509765625,-65.3955078125
56.9388426,-32.8662109375,101.5185546875,-68.5693359375
56.9713464,-33.8427734375,100.7373046875,-72.3779296875
56.9994623,-34.2333984375,100.1025390625,-75.0634765625
57.0286751,-34.7216796875,99.3701171875,-70.9130859375
57.0617133,-35.2587890625,100.2001953125,-52.1630859375
57.0900788,-35.8447265625,100.8349609375,-27.1142578125
57.1250159,-36.5283203125,102.2509765625,-5.0927734375
57.1546961,-36.9677734375,102.6416015625,10.9716796875
57.1816596,-37.3095703125,103.4716796875,22.3486328125
57.2098201,-37.7001953125,104.9365234375,29.6728515625
57.2426444,-38.7744140625,105.9619140625,32.5537109375
57.272234,-39.4580078125,106.4501953125,28.6962890625
57.3046119,-40.1416015625,106.4501953125,18.1005859375
57.3337783,-40.3369140625,107.5732421875,10.0927734375
57.3612074,-39.4091796875,107.6220703125,7.0166015625
57.3942281,-39.3115234375,108.0615234375,4.4775390625
57.4227916,-37.7490234375,108.2080078125,0.8642578125
57.4520689,-36.7236328125,106.5966796875,-3.0908203125
57.4860721,-34.5263671875,107.2802734375,-8.2666015625
57.5121581,-33.5986328125,106.5966796875,-13.6865234375
57.5408885,-31.7919921875,106.6943359375,-18.8623046875
57.5743884,-29.6923828125,105.4736328125,-24.5263671875
57.6138085,-29.0087890625,104.6923828125,-28.1884765625
57.6368748,-29.1552734375,103.8134765625,-32.4853515625
57.665354,-29.0087890625,103.2275390625,-35.7080078125
57.7103216,-28.6669921875,101.7626953125,-39.6630859375
57.7264282,-28.5205078125,101.8115234375,-43.1298828125
57.7535932,-28.5693359375,100.4443359375,-46.2060546875
57.7870903,-29.5947265625,99.1259765625,-49.4775390625
57.8261081,-30.1318359375,98.5888671875,-51.6748046875
57.8436723,-29.6923828125,97.1240234375,-55.2392578125
57.8882186,-30.5224609375,96.0986328125,-57.0947265625
57.9106712,-31.0107421875,94.9755859375,-60.5126953125
57.9346157,-32.2802734375,94.3408203125,-64.0283203125
57.9787364,-32.5732421875,93.8037109375,-67.2021484375
58.0060318,-33.0615234375,93.3154296875,-66.5673828125
58.023946,-33.5498046875,93.2177734375,-53.1396484375
58.0845977,-34.0869140625,93.6572265625,-29.7998046875
58.0859949,-34.8193359375,94.4873046875,-6.5576171875
58.1201035,-35.7958984375,94.6826171875,12.1435546875
58.1493378,-36.3330078125,95.6591796875,23.9599609375
58.1871509,-37.0654296875,96.6357421875,32.4072265625
58.2108906,-37.5048828125,96.8798828125,36.8505859375
58.2484552,-38.0908203125,98.0029296875,34.2626953125
58.2679396,-38.5791015625,98.2470703125,25.8642578125
58.3059383,-39.0185546875,98.7353515625,16.4892578125
58.3260356,-39.7021484375,98.9306640625,11.8994140625
58.369589,-39.2138671875,99.3212890625,9.2626953125
58.3897156,-38.0419921875,99.8095703125,5.8935546875
58.4257998,-35.8447265625,100.0537109375,1.1572265625
58.4463259,-35.0146484375,99.9560546875,-4.0673828125
58.4889626,-33.1591796875,99.7607421875,-9.1455078125
58.5087743,-31.5966796875,99.4189453125,-14.5654296875
58.5460712,-30.3271484375,99.2236328125,-19.9365234375
58.5692985,-29.5458984375,98.4912109375,-25.1611328125
58.6054059,-29.4482421875,98.2958984375,-29.0185546875
58.6318047,-28.7158203125,98.0029296875,-32.8759765625
58.6752356,-29.0087890625,97.2705078125,-36.6357421875
58.6966491,-28.7646484375,97.2216796875,-39.7119140625
58.7232296,-28.9599609375,96.2939453125,-43.1298828125
58.7513656,-29.6435546875,96.2939453125,-46.4990234375
58.7886521,-29.9365234375,95.6591796875,-49.1357421875
58.8105556,-30.3759765625,95.0732421875,-51.4794921875
58.8489056,-30.5224609375,94.6337890625,-54.7998046875
58.8789878,-31.6455078125,93.5595703125,-58.7548828125
58.9034244,-31.6455078125,92.3388671875,-62.7099609375
58.9408067,-32.6220703125,91.1181640625,-65.4443359375
58.9608311,-33.3056640625,92.4853515625,-61.7822265625
59.0035514,-34.2822265625,93.0224609375,-43.8623046875
59.0256539,-35.2099609375,92.2412109375,-20.6201171875
59.0620994,-35.1611328125,93.0224609375,1.3525390625
59.0835747,-36.0888671875,93.5107421875,17.4658203125
59.1215831,-36.8701171875,94.5361328125,28.1591796875
59.1439279,-36.9677734375,95.1708984375,34.7021484375
59.1811674,-38.2373046875,96.4404296875,36.0693359375
59.2037089,-38.6767578125,96.0009765625,30.7958984375
59.2551307,-38.8720703125,96.4892578125,19.9560546875
59.2860706,-39.8486328125,97.0263671875,12.1435546875
59.2892651,-40.6787109375,97.0751953125,8.7744140625
59.3284954,-39.5556640625,97.3681640625,5.2587890625
59.3517078,-38.2373046875,97.1728515625,1.5478515625
59.3903777,-37.2607421875,96.4404296875,-3.1396484375
59.4126668,-35.2587890625,96.4404296875,-8.9013671875
59.4538354,-34.3310546875,96.1474609375,-13.9306640625
59.4738693,-32.3779296875,95.7568359375,-20.3759765625
59.5116164,-30.3271484375,94.9755859375,-25.6494140625
59.536386,-30.2783203125,94.3896484375,-29.5068359375
59.5794591,-29.5947265625,94.2919921875,-34.2919921875
59.599391,-29.6923828125,93.3154296875,-38.6376953125
59.6396519,-29.8876953125,92.8759765625,-41.0791015625
59.6539606,-29.4970703125,92.1435546875,-45.0341796875
59.6905814,-29.7900390625,91.8017578125,-49.0380859375
59.7174398,-30.0341796875,91.5087890625,-51.3818359375
59.7568485,-30.9619140625,89.9951171875,-54.7021484375
59.7735987,-31.5478515625,89.9951171875,-56.8505859375
59.8108053,-31.7919921875,88.1396484375,-60.7568359375
59.833938,-32.5244140625,88.0419921875,-64.1259765625
59.8706852,-33.8916015625,87.0166015625,-67.3974609375
59.8951666,-34.7705078125,85.2587890625,-71.2060546875
59.9347718,-35.0634765625,85.6005859375,-71.6455078125
59.9569692,-35.7470703125,85.2099609375,-59.3896484375
59.994094,-36.4306640625,86.2841796875,-36.0986328125
60.0164709,-37.5537109375,86.2841796875,-11.8310546875
60.0529685,-37.8466796875,86.2353515625,7.7490234375
60.0781175,-38.1884765625,86.4794921875,22.2509765625
60.1146149,-39.4580078125,86.6259765625,31.6748046875
60.1380992,-39.9951171875,88.2861328125,37.0947265625
60.1782133,-40.1416015625,87.7490234375,37.0458984375
60.1993436,-41.2158203125,88.2373046875,28.4033203125
60.2348053,-41.6064453125,88.1396484375,18.8818359375
60.2564284,-41.8505859375,88.6279296875,13.0224609375
60.2975018,-41.7529296875,87.8955078125,10.1904296875
60.3166521,-41.4599609375,88.1396484375,7.5537109375
60.3540099,-39.6044921875,87.7490234375,3.8427734375
60.3800432,-38.0908203125,87.8466796875,-1.4306640625
60.4168465,-37.3095703125,87.4560546875,-7.6806640625
60.4371114,-34.9169921875,87.4560546875,-13.1982421875
60.4734607,-33.5498046875,86.5283203125,-18.5205078125
60.4991333,-32.2802734375,86.3818359375,-24.3798828125
60.537194,-31.3525390625,84.7216796875,-28.6767578125
60.5619623,-31.8408203125,84.4775390625,-31.9970703125
60.6007391,-31.9384765625,84.5751953125,-36.7333984375
60.620952,-31.4013671875,83.2568359375,-40.2978515625
60.6595633,-31.1083984375,82.4755859375,-43.0810546875
60.679992,-31.7919921875,81.7431640625,-47.1337890625
60.7182158,-32.1826171875,81.1083984375,-50.1611328125
60.7392655,-32.8662109375,80.2783203125,-52.5048828125
60.7753903,-33.1103515625,79.7900390625,-55.9228515625
60.8023276,-34.3310546875,79.0576171875,-58.8525390625
60.8402606,-34.5751953125,78.0322265625,-63.1005859375
60.8607015,-35.3564453125,77.3486328125,-66.1767578125
60.8990855,-36.4794921875,77.1533203125,-68.8623046875
60.9216885,-37.3583984375,77.2998046875,-64.2724609375
60.9563101,-37.2119140625,77.4462890625,-46.0595703125
60.9823464,-38.0908203125,78.4716796875,-21.4990234375
61.0203535,-39.1162109375,78.3740234375,0.5224609375
61.042351,-39.7998046875,79.5458984375,17.1728515625
61.0836092,-40.4345703125,80.6201171875,27.3779296875
61.1001364,-40.5810546875,81.3037109375,34.1162109375
61.1374656,-41.6552734375,81.9384765625,35.8740234375
61.1614167,-41.8017578125,82.5244140625,30.3564453125
61.1909138,-42.6318359375,83.1591796875,19.5654296875
61.2293758,-43.8037109375,84.5751953125,11.6552734375
61.2653406,-43.1201171875,84.8681640625,8.0419921875
61.286722,-43.2177734375,85.0146484375,4.7216796875
61.3147612,-41.9482421875,85.7958984375,1.5966796875
61.3530731,-40.4833984375,85.9912109375,-3.8720703125
61.3754667,-39.2138671875,86.5771484375,-9.0966796875
61.4034906,-38.7744140625,86.6259765625,-14.9072265625
61.4419677,-35.9423828125,87.3583984375,-21.4501953125
61.4657076,-36.4306640625,86.3330078125,-26.1376953125
61.5119529,-34.6728515625,86.5771484375,-30.9716796875
61.5233832,-33.7939453125,86.6259765625,-34.4873046875
61.5739632,-33.7939453125,87.0654296875,-38.8330078125
61.582165,-33.8916015625,86.0888671875,-42.4951171875
61.6202274,-33.3056640625,85.4052734375,-45.8642578125
61.6472797,-33.5009765625,85.7470703125,-50.0146484375
61.6749229,-34.0869140625,85.2587890625,-52.9931640625
61.7117129,-34.3798828125,84.9169921875,-55.3857421875
61.7373989,-34.9169921875,84.3310546875,-58.4619140625
61.7639211,-35.4541015625,83.4033203125,-61.8310546875
61.8003647,-36.3818359375,83.8427734375,-65.7861328125
61.8270007,-36.7724609375,83.9892578125,-69.1064453125
61.8581696,-37.7978515625,82.4267578125,-71.9384765625
61.8883815,-38.0908203125,82.5732421875,-66.2255859375
61.9170158,-38.6279296875,83.5986328125,-46.6455078125
61.9464373,-39.2626953125,83.9892578125,-22.8662109375
61.97763,-40.2392578125,85.1611328125,-1.5283203125
62.0052376,-40.5810546875,85.7958984375,14.7802734375
62.0418297,-41.4111328125,86.6748046875,25.4736328125
62.0676681,-41.5087890625,88.1396484375,30.8935546875
62.0974437,-41.8994140625,88.9208984375,32.2607421875
62.12901,-43.3154296875,90.3369140625,25.4736328125
62.1578554,-43.4619140625,91.4111328125,14.0966796875
62.1917034,-44.7314453125,92.1923828125,6.6748046875
62.233418,-45.0732421875,92.2412109375,3.1591796875
62.2582675,-45.1708984375,92.9248046875,0.5712890625
62.2794253,-44.1943359375,93.9501953125,-3.7255859375
62.3109102,-41.9970703125,93.8037109375,-8.4619140625
62.338491,-41.1669921875,94.4384765625,-13.5400390625
62.3725223,-39.7998046875,94.2919921875,-19.3505859375
62.3990003,-38.1396484375,93.6572265625,-25.5517578125
62.428965,-36.7724609375,93.8525390625,-30.8740234375
62.4612358,-35.8935546875,93.6083984375,-35.9033203125
62.4900092,-34.6240234375,93.6572265625,-39.6630859375
62.5234687,-35.5029296875,93.3642578125,-43.6181640625
62.5499356,-35.1123046875,93.1689453125,-47.0361328125
62.5800995,-35.0146484375,91.9482421875,-51.0888671875
62.6085912,-35.4541015625,92.2900390625,-55.0439453125
62.6578521,-35.6494140625,90.9228515625,-58.7060546875
62.6706151,-36.1376953125,90.8740234375,-61.5869140625
62.702504,-36.4794921875,90.8740234375,-64.1748046875
62.7325993,-37.0166015625,89.3115234375,-66.9580078125
62.7594898,-37.1142578125,88.5302734375,-70.4736328125
62.7918102,-38.5791015625,88.5302734375,-74.2822265625
62.8498859,-38.5791015625,86.6748046875,-77.8955078125
62.8509851,-39.4091796875,86.9189453125,-80.0439453125
62.8968966,-40.1416015625,87.4560546875,-71.4013671875
62.9166194,-40.2880859375,87.9931640625,-49.2333984375
62.9530965,-41.1669921875,88.5302734375,-23.9892578125
62.9732465,-42.2900390625,88.9697265625,-2.7001953125
63.0028149,-42.1435546875,90.0439453125,12.8759765625
63.0354008,-43.3154296875,90.9228515625,22.9833984375
63.0767856,-44.5361328125,91.9482421875,28.9892578125
63.0927294,-44.8291015625,93.5107421875,29.6728515625
63.1372013,-45.6591796875,94.5849609375,22.4951171875
63.1573053,-45.6103515625,95.5126953125,11.5576171875
63.1951633,-46.3916015625,96.6845703125,5.2099609375
63.2154049,-46.4404296875,96.8798828125,0.9130859375
63.2582595,-46.3427734375,96.9775390625,-1.4794921875
63.2759531,-45.5126953125,97.7587890625,-6.6064453125
63.3184672,-44.1455078125,98.0517578125,-11.3427734375
63.3324996,-42.7294921875,97.2705078125,-16.3720703125
63.3725962,-41.3134765625,97.9541015625,-22.8173828125
63.3938681,-40.1416015625,97.4658203125,-27.8466796875
63.4374548,-38.4326171875,96.3916015625,-33.9013671875
63.4577315,-36.7236328125,96.6357421875,-38.0029296875
63.4962719,-36.0888671875,96.2451171875,-42.0556640625
63.5204017,-36.0400390625,95.2197265625,-46.1083984375
63.5576858,-35.6005859375,95.2685546875,-49.1357421875
63.5776419,-35.2099609375,94.3896484375,-53.8232421875
63.6132756,-35.3076171875,94.7802734375,-57.0947265625
63.6364234,-35.5029296875,93.8525390625,-59.7314453125
63.6770566,-35.6005859375,93.5107421875,-62.8076171875
63.7059861,-36.4794921875,92.7294921875,-65.2001953125
63.7408941,-36.4306640625,92.2900390625,-68.1787109375
63.7561759,-37.4560546875,91.8017578125,-71.7919921875
63.7946293,-37.1142578125,91.0693359375,-76.1376953125
63.8171527,-37.9443359375,90.8740234375,-79.9951171875
63.8542826,-38.8232421875,90.7763671875,-77.3095703125
63.8793162,-39.6533203125,91.8017578125,-60.7080078125
63.9179291,-39.4580078125,93.3154296875,-36.7333984375
63.9381591,-40.6298828125,94.5361328125,-14.3701171875
63.9766261,-40.8251953125,95.2197265625,1.0107421875
64.0049607,-41.7041015625,97.8564453125,12.6318359375
64.0312604,-42.3876953125,98.7353515625,18.1982421875
64.0816474,-42.5341796875,101.0302734375,20.5908203125
64.1121363,-43.7060546875,101.4208984375,14.9267578125
64.1181607,-43.7548828125,102.6416015625,4.3798828125
64.1599263,-44.8291015625,103.5205078125,-2.7490234375
64.1912115,-44.7802734375,104.6435546875,-7.5830078125
64.2093544,-44.9267578125,105.1318359375,-9.5361328125
64.239951,-44.7314453125,105.1806640625,-13.5400390625
64.2769059,-43.3642578125,105.2783203125,-19.0576171875
64.3000856,-42.0458984375,105.1318359375,-23.5986328125
64.3453191,-40.6787109375,105.0830078125,-29.2138671875
64.365415,-38.4814453125,104.3994140625,-34.5361328125
64.3998726,-37.2607421875,105.4248046875,-39.7119140625
64.420051,-36.1376953125,103.7158203125,-44.4970703125
64.4584798,-34.9658203125,103.1787109375,-48.4521484375
64.4820474,-34.8193359375,103.2275390625,-51.6748046875
64.5214783,-34.2333984375,102.7880859375,-55.6298828125
64.5404536,-34.1357421875,101.4697265625,-58.6572265625
64.5809816,-33.4521484375,101.3232421875,-62.6611328125
64.6000208,-33.9404296875,99.6630859375,-64.9560546875
64.6417496,-34.1357421875,99.6630859375,-68.0810546875
64.6634641,-34.8681640625,99.8583984375,-70.4736328125
64.6989999,-34.8681640625,98.3447265625,-72.9150390625
64.723431,-35.0634765625,97.5634765625,-77.2607421875
64.7579291,-35.9423828125,96.9287109375,-80.1904296875
64.7835714,-36.7236328125,96.3427734375,-84.3408203125
64.8203051,-37.2119140625,94.7802734375,-84.8779296875
64.8408097,-38.0908203125,96.6357421875,-72.6220703125
64.8782296,-38.2861328125,97.0751953125,-49.6240234375
64.9027155,-38.8232421875,97.9052734375,-25.8447265625
64.938258,-39.6044921875,98.9794921875,-7.2412109375
64.9643794,-40.3369140625,100.4931640625,6.1376953125
65.0030587,-40.5322265625,101.1279296875,14.6826171875
65.0278645,-40.9228515625,102.7392578125,18.8818359375
65.0640746,-41.8505859375,102.8369140625,17.0751953125
65.0864243,-42.9248046875,103.0322265625,7.8955078125
65.1230289,-43.2177734375,104.3017578125,-2.0654296875
65.1429733,-43.4130859375,104.6923828125,-7.6806640625
65.181536,-43.9990234375,104.9365234375,-10.0244140625
65.2036054,-44.0478515625,105.7666015625,-13.5400390625
65.2426272,-42.8271484375,105.2294921875,-16.8603515625
65.2654018,-40.6298828125,105.0341796875,-21.1572265625
65.3010154,-39.3603515625,104.6923828125,-26.4794921875
65.3245869,-38.0419921875,104.1552734375,-32.8759765625
65.3605973,-36.1865234375,103.7646484375,-37.9541015625
65.3861392,-34.6240234375,103.1298828125,-42.9345703125
65.4227179,-33.5986328125,102.3486328125,-47.7197265625
65.4466901,-32.3291015625,102.0068359375,-51.0888671875
65.4995058,-32.5244140625,100.5908203125,-54.9951171875
65.520762,-31.9384765625,99.6142578125,-58.2666015625
65.5366963,-31.5478515625,98.8330078125,-61.7822265625
65.573921,-31.2548828125,98.4912109375,-65.6884765625
65.5984516,-30.9130859375,97.1240234375,-68.0322265625
65.6415569,-31.9384765625,95.3662109375,-71.4501953125
65.6631773,-32.4267578125,95.6103515625,-73.7939453125
65.7029275,-32.6220703125,93.3154296875,-76.7236328125
65.7186196,-33.5986328125,92.4365234375,-80.1904296875
65.7562457,-34.3798828125,91.1181640625,-83.8525390625
65.7797466,-35.2587890625,90.9716796875,-86.7822265625
65.8175573,-35.5517578125,90.0439453125,-85.9033203125
65.83964,-36.1376953125,91.5087890625,-70.9130859375
65.8789537,-36.4794921875,91.3134765625,-46.2060546875
65.9060287,-37.4560546875,91.4599609375,-22.7197265625
65.9411975,-38.2373046875,91.9970703125,-4.4580078125
65.9603345,-38.5302734375,93.3154296875,8.1396484375
65.9962909,-39.5556640625,93.9013671875,15.4638671875
66.0198047,-39.8486328125,93.8525390625,19.5654296875
66.0575695,-40.0927734375,94.4384765625,16.7333984375
66.0796125,-40.6298828125,95.3662109375,7.7978515625
66.1149815,-42.2900390625,95.5126953125,-0.9912109375
66.1379355,-42.5341796875,95.9033203125,-5.5322265625
66.1864536,-42.6806640625,95.7080078125,-8.5107421875
66.2079204,-42.3388671875,95.2685546875,-11.8798828125
66.2291383,-41.6064453125,95.4150390625,-16.2255859375
66.2678871,-39.5068359375,95.1220703125,-20.6689453125
66.2913607,-38.5302734375,94.6337890625,-26.3330078125
66.3416611,-36.8701171875,94.2919921875,-32.3388671875
66.3634148,-34.6240234375,94.3408203125,-37.1240234375
66.3826292,-33.6474609375,93.4619140625,-42.2021484375
66.4172937,-32.1826171875,92.1923828125,-46.1572265625
66.4433282,-30.7177734375,91.7529296875,-49.8193359375
66.4728253,-31.1083984375,91.4599609375,-53.6279296875
66.5107819,-31.2548828125,91.0205078125,-57.1923828125
66.5325358,-30.3759765625,89.7509765625,-60.5126953125
66.568896,-30.7666015625,89.5556640625,-63.7841796875
66.5881129,-30.8154296875,88.9697265625,-65.9326171875
66.6264031,-31.4990234375,87.7001953125,-68.4716796875
66.6523344,-31.7431640625,86.7724609375,-71.4990234375
66.7004703,-31.7919921875,86.5771484375,-74.5263671875
66.7224009,-32.2314453125,85.9912109375,-78.3349609375
66.742618,-32.7197265625,85.1123046875,-81.9482421875
66.7734182,-34.0869140625,84.5751953125,-83.5107421875
66.8046007,-34.7705078125,86.4794921875,-73.6474609375
66.8317891,-35.7470703125,86.4794921875,-51.0888671875
66.8678878,-36.2353515625,87.3583984375,-27.9443359375
66.8931417,-36.3330078125,87.9443359375,-8.7548828125
66.9288724,-36.9677734375,89.1162109375,3.7451171875
66.9657306,-37.5537109375,89.7021484375,11.3623046875
66.9831981,-38.7255859375,90.5322265625,15.4150390625
67.0277812,-38.8232421875,91.5576171875,12.9248046875
67.0437876,-39.4580078125,91.5576171875,4.7705078125
67.0729866,-40.5810546875,92.6318359375,-5.0439453125
67.119875,-41.2646484375,93.1201171875,-9.9755859375
67.1348332,-42.0947265625,93.0712890625,-12.9052734375
67.1652321,-41.2158203125,93.3642578125,-16.4208984375
67.1958429,-40.9716796875,94.0478515625,-20.2294921875
67.2327342,-39.9951171875,92.9736328125,-25.0634765625
67.2592251,-38.4326171875,92.8759765625,-30.3857421875
67.2870499,-37.2119140625,92.8759765625,-35.2685546875
67.3140245,-36.1376953125,92.1435546875,-39.8583984375
67.3428198,-34.7216796875,91.9482421875,-45.2783203125
67.382245,-32.9150390625,91.1181640625,-49.7216796875
67.4096685,-31.9873046875,91.1669921875,-53.3837890625
67.4390956,-32.2802734375,90.2880859375,-56.4111328125
67.4658685,-32.1337890625,89.5556640625,-59.1455078125
67.4972479,-31.7431640625,88.2861328125,-63.1005859375
67.5279421,-31.6943359375,88.5302734375,-65.9326171875
67.5563586,-32.3291015625,87.7001953125,-69.4482421875
67.5907557,-32.5732421875,86.8701171875,-71.4013671875
67.6191361,-33.1103515625,86.7724609375,-74.4775390625
67.6657391,-33.1103515625,85.6982421875,-77.0654296875
67.6799102,-34.0380859375,84.8681640625,-80.9716796875
67.7076784,-34.6240234375,84.3798828125,-85.4150390625
67.7387575,-35.6005859375,83.3544921875,-87.9052734375
67.7696101,-35.8935546875,83.2568359375,-83.0712890625
67.7993949,-36.4794921875,84.5751953125,-62.0263671875
67.8561682,-37.0654296875,85.1123046875,-37.1728515625
67.8572946,-38.0419921875,84.0869140625,-16.0302734375
67.9049833,-39.0673828125,84.8681640625,0.4736328125
67.9159888,-39.5068359375,86.1376953125,11.3623046875
67.9504024,-39.8486328125,86.3818359375,16.9287109375
67.9956503,-40.7275390625,86.9189453125,18.1494140625
68.0139092,-41.5576171875,87.5048828125,12.5830078125
68.0411156,-41.8505859375,87.6025390625,2.2802734375
68.0866038,-42.2412109375,88.4814453125,-6.2646484375
68.1023708,-43.2666015625,89.4091796875,-8.9990234375
68.1309995,-43.7060546875,88.5302734375,-11.3427734375
68.1621244,-43.2177734375,88.8720703125,-14.4189453125
68.1910089,-42.2900390625,88.9697265625,-19.2529296875
68.2386187,-41.8994140625,88.4326171875,-24.3310546875
68.2478822,-39.9951171875,87.9931640625,-29.0673828125
68.2938594,-38.4326171875,87.7490234375,-35.0732421875
68.3110893,-36.8212890625,87.0166015625,-39.4189453125
68.353594,-35.7470703125,86.6259765625,-44.0576171875
68.37371,-33.9892578125,86.2353515625,-47.8662109375
68.4152353,-33.4521484375,84.7705078125,-51.7724609375
68.4356388,-33.4521484375,84.1845703125,-54.7021484375
68.4722171,-33.4521484375,83.6474609375,-58.2666015625
68.4942857,-32.7685546875,82.2314453125,-61.9287109375
68.5373893,-32.5244140625,82.0361328125,-64.9072265625
68.5530084,-33.2080078125,81.0107421875,-68.3740234375
68.5977745,-33.7451171875,79.8876953125,-70.7177734375
68.6181758,-33.9404296875,79.5947265625,-72.7197265625
68.655092,-34.2333984375,78.9111328125,-76.2841796875
68.6752616,-34.7705078125,77.1044921875,-79.1162109375
68.7038291,-35.0634765625,76.0791015625,-82.2412109375
68.7458111,-35.8935546875,75.8837890625,-84.5849609375
68.7670879,-36.3330078125,75.5419921875,-77.7001953125
68.8049752,-37.2119140625,76.2255859375,-56.3623046875
68.8264096,-37.8955078125,76.7626953125,-31.1669921875
68.8694511,-38.2861328125,76.4208984375,-9.9755859375
68.8905243,-39.0185546875,77.3486328125,5.0146484375
68.9311453,-39.6044921875,78.8623046875,15.9521484375
68.9513585,-39.7998046875,78.5205078125,21.9091796875
68.9885384,-40.5810546875,78.8134765625,22.2998046875
69.0111923,-41.5087890625,79.3994140625,16.4892578125
69.0558983,-41.8017578125,79.9365234375,5.9912109375
69.0619554,-42.7294921875,80.9130859375,-0.6494140625
69.1070894,-43.0224609375,80.9130859375,-3.3837890625
69.128079,-43.8525390625,80.3271484375,-6.4599609375
69.1641248,-43.4619140625,81.2060546875,-10.3173828125
69.1895705,-42.5341796875,80.7666015625,-15.2978515625
69.2268866,-41.4111328125,80.3271484375,-20.0341796875
69.2481674,-39.4580078125,80.3271484375,-25.0634765625
69.2860822,-38.4326171875,79.6923828125,-30.3369140625
69.3095153,-36.3818359375,79.3505859375,-35.2197265625
69.3480858,-34.9658203125,79.6435546875,-39.3212890625
69.3681771,-33.8916015625,79.3994140625,-43.0810546875
69.4057543,-33.4033203125,78.3740234375,-46.8896484375
69.4290147,-33.7939453125,78.4716796875,-50.2099609375
69.4788701,-33.4033203125,78.7646484375,-53.9208984375
69.5014441,-32.1826171875,77.8369140625,-57.1435546875
69.5186181,-32.3291015625,77.2021484375,-59.7314453125
69.5574893,-32.9150390625,77.4951171875,-62.4658203125
69.5812167,-33.6474609375,76.6162109375,-65.4931640625
69.6177658,-34.0869140625,76.1767578125,-68.3740234375
69.6377644,-33.8916015625,76.8115234375,-71.8408203125
69.6727976,-34.4775390625,76.7138671875,-75.6005859375
69.6984636,-34.6240234375,76.3232421875,-77.3095703125
69.7350141,-35.5517578125,77.5439453125,-67.4951171875
69.7600314,-36.0400390625,77.9833984375,-45.7666015625
69.7972678,-36.7236328125,78.8134765625,-22.0361328125
69.8182495,-37.4560546875,79.4482421875,-2.8466796875
69.8699605,-37.3583984375,80.8642578125,8.7744140625
69.8900953,-38.3349609375,82.2802734375,17.3193359375
69.9084407,-39.3603515625,83.5009765625,21.3232421875
69.9449193,-39.3603515625,84.1357421875,19.8583984375
69.9685787,-39.7021484375,84.7705078125,10.6787109375
70.0080004,-40.2392578125,85.6982421875,1.7919921875
70.031796,-39.9462890625,86.4794921875,-3.9697265625
70.0684087,-41.4599609375,86.2353515625,-6.7041015625
70.0935764,-42.4365234375,86.8212890625,-10.0732421875
70.1300598,-41.9482421875,86.9677734375,-14.2236328125
70.1524084,-41.2646484375,87.1630859375,-19.3994140625
70.189341,-39.6533203125,87.7001953125,-24.5263671875
70.2156607,-37.8955078125,86.7236328125,-29.7509765625
70.2520755,-37.1142578125,86.5771484375,-34.9755859375
70.2744124,-35.6005859375,86.4306640625,-40.2490234375
70.3243156,-33.8916015625,86.8212890625,-43.8134765625
70.3435528,-32.7685546875,85.9912109375,-47.9638671875
70.362769,-32.0849609375,85.7470703125,-51.3330078125
70.4009545,-31.9873046875,85.3564453125,-55.3857421875
70.4249719,-31.6943359375,84.7705078125,-58.1201171875
70.4606783,-31.7431640625,84.8681640625,-61.2939453125
70.4807022,-31.7919921875,84.0869140625,-63.1494140625
70.5181284,-32.3779296875,83.8916015625,-66.1279296875
70.5435834,-32.9638671875,83.3544921875,-68.3740234375
70.5818633,-33.0126953125,83.4521484375,-72.5244140625
70.6044702,-33.5986328125,82.4267578125,-76.5771484375
70.6498842,-33.5986328125,82.4755859375,-80.1904296875
70.6689062,-34.5263671875,81.7919921875,-82.0458984375
70.7050185,-35.5029296875,81.8408203125,-71.3525390625
70.7252481,-36.2841796875,82.5732421875,-48.7451171875
70.7747507,-36.5771484375,84.2333984375,-23.8427734375
70.7958714,-36.8701171875,84.5751953125,-4.6533203125
70.8146616,-37.1630859375,85.2099609375,9.6533203125
70.853604,-38.7255859375,86.9677734375,18.9306640625
70.874259,-38.6767578125,87.3583984375,23.3251953125
70.9176384,-38.5791015625,88.3349609375,23.2763671875
70.9375249,-39.7998046875,88.9697265625,15.3662109375
70.97686,-40.8740234375,89.2138671875,5.6494140625
70.9959636,-41.0693359375,90.6298828125,-0.6005859375
71.0320028,-41.0205078125,90.4833984375,-3.6767578125
71.0551565,-41.9482421875,90.5810546875,-6.7529296875
71.0945348,-41.9970703125,90.6298828125,-10.6591796875
71.1205439,-41.0693359375,91.4599609375,-14.8095703125
71.1563635,-39.8486328125,91.8994140625,-20.3759765625
71.1776287,-38.3837890625,90.6787109375,-26.0400390625
71.2144909,-37.2119140625,90.5810546875,-31.5576171875
71.2388256,-35.3076171875,90.8251953125,-36.2939453125
71.2752147,-33.8427734375,90.0439453125,-40.3955078125
71.2953477,-32.7685546875,89.5068359375,-44.0576171875
71.3329902,-31.9873046875,89.0673828125,-47.0849609375
71.3559772,-31.6455078125,88.5302734375,-51.4794921875
71.3934939,-31.6455078125,87.5537109375,-54.4580078125
71.4184519,-30.2783203125,87.6513671875,-57.7783203125
71.4542921,-31.0107421875,86.8212890625,-59.6826171875
71.47568,-30.9619140625,85.7958984375,-61.7822265625
71.5119454,-31.1572265625,85.4541015625,-65.6396484375
71.5388409,-31.8408203125,83.5986328125,-69.0087890625
71.5806716,-32.3291015625,83.1591796875,-72.1337890625
71.599642,-32.8662109375,82.7685546875,-76.2353515625
71.6380082,-33.6962890625,82.0849609375,-78.4814453125
71.6605037,-34.0380859375,83.0615234375,-71.6943359375
71.696823,-34.4287109375,84.0869140625,-50.3076171875
71.7171008,-35.3564453125,84.1357421875,-24.9658203125
71.7547594,-35.9912109375,84.1357421875,-4.9462890625
71.7790511,-36.8212890625,85.6005859375,9.3603515625
71.8151469,-37.5537109375,86.8701171875,20.3955078125
71.8410137,-37.5048828125,87.5537109375,25.1806640625
71.8692443,-38.8720703125,88.5302734375,26.5478515625
71.9061592,-38.9208984375,89.0185546875,19.8583984375
71.9308484,-39.4091796875,89.4091796875,9.5556640625
71.9807074,-40.6787109375,89.7509765625,2.8173828125
71.9879991,-40.6298828125,90.1904296875,-0.0146484375
72.0427813,-41.0693359375,90.4345703125,-2.5537109375
72.0625821,-41.3134765625,91.0205078125,-6.3134765625
72.0840037,-40.9716796875,91.3134765625,-10.2197265625
72.1100738,-39.7998046875,91.5087890625,-16.0791015625
72.1491595,-38.2373046875,91.7041015625,-21.8896484375
72.1828135,-36.8701171875,90.9716796875,-27.1142578125
72.2019256,-35.6005859375,90.4345703125,-32.1923828125
72.2396452,-33.6962890625,91.0205078125,-36.9775390625
72.2631577,-32.1337890625,91.1181640625,-40.7373046875
72.2929589,-31.4013671875,90.7275390625,-44.3505859375
72.3302393,-31.1572265625,91.1181640625,-47.7685546875
72.353569,-31.0107421875,90.1904296875,-50.4052734375
72.382886,-30.7666015625,90.0439453125,-52.9443359375
72.4141314,-29.9853515625,90.2880859375,-56.4111328125
72.44471,-30.6689453125,89.4580078125,-59.0966796875
72.4754881,-31.4013671875,88.9208984375,-61.7333984375
72.5041238,-32.1337890625,89.2626953125,-65.4443359375
72.53514,-32.1337890625,88.6767578125,-69.6923828125
72.5635976,-32.6708984375,88.1884765625,-73.0126953125
72.5947141,-32.9638671875,88.1396484375,-73.2080078125
72.6255104,-33.8427734375,88.5302734375,-58.5107421875
72.6566873,-34.5751953125,90.0439453125,-36.2939453125
72.6849646,-34.5751953125,90.4345703125,-12.4658203125
72.7146708,-35.4052734375,91.4111328125,4.7705078125
72.7470779,-36.3818359375,93.2666015625,16.7822265625
72.774199,-36.7236328125,93.8525390625,23.5205078125
72.8084518,-37.4072265625,95.1220703125,25.8154296875
72.8371023,-37.8466796875,95.2685546875,22.3486328125
72.8650236,-39.0185546875,95.8544921875,11.6064453125
72.8951342,-39.6044921875,96.0986328125,2.1826171875
72.9458468,-39.7998046875,96.6357421875,-2.2607421875
72.9547753,-40.1904296875,96.8798828125,-4.7021484375
73.0042843,-41.1669921875,97.2216796875,-7.4365234375
73.01744,-41.3623046875,97.2705078125,-11.1962890625
73.0468786,-40.5810546875,97.2705078125,-16.6162109375
73.0947443,-38.9697265625,97.5146484375,-21.8896484375
73.1071013,-37.4560546875,97.0263671875,-27.9443359375
73.1408628,-36.2841796875,96.4404296875,-32.8759765625
73.1694479,-34.4287109375,96.2451171875,-37.3681640625
73.2143642,-33.7451171875,96.1474609375,-41.5673828125
73.2262752,-32.4267578125,95.1708984375,-45.3759765625
73.2759817,-31.5966796875,94.7314453125,-48.6474609375
73.28777,-31.3525390625,94.6337890625,-52.0166015625
73.3346678,-31.4013671875,94.4873046875,-55.3369140625
73.3486788,-31.5966796875,93.0712890625,-58.0712890625
73.3956257,-31.1572265625,92.2900390625,-60.6591796875
73.4096102,-31.4501953125,92.4365234375,-62.7587890625
73.4540961,-32.4267578125,90.9228515625,-66.2255859375
73.4694701,-32.3779296875,90.5810546875,-70.0830078125
73.514318,-33.2080078125,90.0927734375,-73.6474609375
73.5290612,-33.9404296875,89.5068359375,-77.4072265625
73.561769,-34.3310546875,88.7744140625,-76.2353515625
73.6048924,-34.7705078125,89.7021484375,-62.3193359375
73.6249737,-35.3564453125,90.7275390625,-38.1494140625
73.6599878,-36.2353515625,90.7763671875,-15.1025390625
73.6812484,-37.0654296875,91.4111328125,4.0869140625
73.7256212,-37.7490234375,92.8271484375,17.3681640625
73.7456387,-37.9931640625,92.8271484375,25.7177734375
73.7808351,-37.9931640625,93.8037109375,29.3798828125
73.8019281,-38.9697265625,93.6572265625,26.7919921875
73.8405985,-39.2626953125,94.2919921875,18.0517578125
73.8606282,-40.4345703125,94.5361328125,8.6279296875
73.9037709,-40.9228515625,95.3662109375,3.4521484375
73.9240433,-41.0693359375,94.8779296875,-0.1123046875
73.9741625,-41.8994140625,94.4384765625,-2.8955078125
73.9940046,-42.1435546875,95.4150390625,-6.7041015625
74.0130055,-41.9482421875,93.7060546875,-11.9287109375
74.0546688,-40.4345703125,94.0478515625,-17.7880859375
74.0737466,-39.2626953125,93.2177734375,-23.0615234375
74.1100507,-38.1884765625,93.4130859375,-27.9931640625
74.1301003,-36.2841796875,92.8271484375,-33.3642578125
74.1710163,-34.7216796875,91.4111328125,-37.0263671875
74.1909224,-32.4267578125,90.3369140625,-41.3232421875
74.2365071,-31.5966796875,89.8486328125,-45.0830078125
74.2574192,-31.3525390625,89.0673828125,-48.5009765625
74.2944706,-31.1572265625,88.1396484375,-51.2353515625
74.3159159,-30.8642578125,88.1884765625,-55.0927734375
74.3522024,-30.0341796875,87.6025390625,-57.5830078125
74.3778698,-30.4248046875,85.8935546875,-60.1220703125
74.4136233,-31.4013671875,85.5517578125,-62.5634765625
74.4350007,-32.3291015625,84.4287109375,-65.4443359375
74.4732493,-31.6455078125,84.3798828125,-69.3994140625
74.4974277,-32.5732421875,83.5986328125,-73.5498046875
74.535009,-32.7197265625,81.9873046875,-75.8447265625
74.5643338,-33.6962890625,82.9150390625,-67.6416015625
74.6023493,-34.4287109375,82.4267578125,-46.1083984375
74.6133928,-34.8193359375,83.1103515625,-21.7919921875
74.6567862,-35.2099609375,83.1103515625,-0.7958984375
74.6925027,-36.0400390625,84.0380859375,12.2412109375
74.704672,-37.7001953125,84.5751953125,21.8603515625
74.7442771,-37.6025390625,85.1123046875,26.9384765625
74.7654474,-38.8232421875,85.6494140625,26.4501953125
74.8019966,-39.3115234375,86.4306640625,19.3212890625
74.8285152,-39.0185546875,87.9931640625,9.8486328125
74.8658279,-39.6533203125,88.5302734375,3.9404296875
74.89094,-40.5810546875,89.4580078125,1.3525390625
74.9272527,-40.5810546875,88.4814453125,-2.9931640625
74.9475537,-41.8505859375,89.0673828125,-6.5576171875
74.9846267,-41.8017578125,89.7998046875,-11.3916015625
75.0077485,-40.4833984375,89.4580078125,-16.6162109375
75.0514015,-38.7744140625,88.8720703125,-22.4267578125
75.0709928,-37.1630859375,89.1162109375,-27.1630859375
75.1119104,-36.2841796875,88.5791015625,-32.0458984375
75.1321266,-34.4287109375,88.4326171875,-36.4892578125
75.1692312,-32.7685546875,88.2373046875,-40.7373046875
75.1898771,-31.5478515625,87.9443359375,-44.2529296875
75.232045,-30.6689453125,87.9931640625,-47.9150390625
75.2522862,-30.7177734375,87.2119140625,-51.3818359375
75.2896317,-30.1806640625,87.0654296875,-55.1416015625
75.3097124,-29.9365234375,86.9677734375,-57.3388671875
75.3458533,-29.4482421875,86.2841796875,-60.2685546875
75.3668512,-30.0341796875,86.1376953125,-63.2470703125
75.4037656,-30.6201171875,84.8681640625,-67.3486328125
75.4279165,-30.9130859375,84.9658203125,-71.4013671875
75.4698911,-31.5478515625,84.5263671875,-74.4287109375
75.5036475,-31.4501953125,85.0146484375,-75.9912109375
75.5208389,-32.8662109375,85.3076171875,-62.9052734375
75.5571538,-33.3056640625,85.6982421875,-39.7119140625
75.5813325,-33.5986328125,86.1865234375,-17.0556640625
75.6196298,-33.8916015625,87.2607421875,0.6201171875
75.6419232,-34.6728515625,87.3095703125,13.0712890625
75.6771106,-35.2099609375,88.5791015625,20.5908203125
75.700621,-35.8447265625,89.0673828125,23.4716796875
75.7398659,-36.4306640625,88.8720703125,20.5419921875
75.7599512,-37.2119140625,89.4091796875,10.5810546875
75.7984233,-37.3095703125,89.9462890625,0.9130859375
75.8220512,-37.9931640625,90.6298828125,-4.2626953125
75.8602018,-38.3349609375,90.5810546875,-6.1181640625
75.8801205,-39.1162109375,90.6787109375,-9.5849609375
75.916158,-39.7509765625,91.0205078125,-13.3935546875
75.9432659,-39.9462890625,90.8251953125,-18.3740234375
75.9805456,-39.1650390625,90.1904296875,-23.7939453125
76.0019012,-37.1630859375,90.3857421875,-29.0185546875
76.0398228,-35.8447265625,90.0439453125,-34.8779296875
76.0636248,-33.9892578125,88.9208984375,-39.3701171875
76.098319,-32.4267578125,89.4091796875,-43.2763671875
76.1265662,-31.2060546875,89.3603515625,-46.9384765625
76.1632828,-29.9365234375,88.8232421875,-50.1123046875
76.1836082,-30.1806640625,87.5048828125,-53.8720703125
76.2199218,-29.6923828125,87.6513671875,-57.0947265625
76.2446748,-29.4970703125,87.0654296875,-60.6103515625
76.2826293,-29.0576171875,86.3330078125,-63.3447265625
76.3069635,-29.3994140625,85.1611328125,-65.5419921875
76.351237,-29.2041015625,86.4306640625,-68.1787109375
76.3715366,-29.6923828125,84.2333984375,-71.9873046875
76.4108286,-29.9853515625,83.7451171875,-75.3076171875
76.4248513,-30.5712890625,83.3056640625,-78.7255859375
76.4737884,-31.7431640625,82.8662109375,-80.6787109375
76.4943231,-32.1826171875,83.8427734375,-72.7685546875
76.5156082,-32.0849609375,84.1357421875,-50.4541015625
76.5557414,-32.9150390625,83.9404296875,-25.2099609375
76.5757519,-33.5986328125,83.7939453125,-5.4833984375
76.6133299,-34.4775390625,84.4287109375,8.3349609375
76.6334408,-34.2822265625,84.8193359375,19.1259765625
76.6721721,-35.3076171875,85.4541015625,23.1298828125
76.6954792,-35.6982421875,86.2841796875,23.3251953125
76.731261,-36.1865234375,85.6494140625,16.0009765625
76.7584734,-36.7724609375,85.9423828125,4.7216796875
76.7947371,-37.4560546875,86.4794921875,-2.5537109375
76.8193237,-38.4326171875,86.7236328125,-4.9951171875
76.8484569,-38.2861328125,86.1865234375,-7.3388671875
76.8868937,-39.1650390625,85.7958984375,-11.4892578125
76.9068347,-39.2626953125,85.6982421875,-15.8349609375
76.9429366,-39.3115234375,86.3330078125,-21.1572265625
76.9662329,-37.6513671875,86.0400390625,-27.0166015625
77.0039006,-35.9912109375,84.7216796875,-31.8505859375
77.0271635,-34.1357421875,83.8916015625,-36.5380859375
77.0653677,-33.3056640625,83.6474609375,-40.9814453125
77.0881295,-31.5478515625,83.3544921875,-45.8642578125
77.1242418,-29.7900390625,82.5244140625,-48.5498046875
77.1517582,-28.8623046875,82.3779296875,-52.1630859375
77.2018486,-29.0576171875,80.9130859375,-54.8974609375
77.2117968,-28.7646484375,80.7177734375,-58.5595703125
77.2410113,-28.2763671875,80.6201171875,-60.8056640625
77.278233,-28.5205078125,79.3994140625,-63.4912109375
77.3001315,-28.3740234375,79.1552734375,-65.9326171875
77.3449459,-29.1552734375,78.6669921875,-69.0087890625
77.3591204,-28.9599609375,78.5205078125,-72.3291015625
77.4068296,-29.4970703125,77.4462890625,-76.4794921875
77.4212354,-30.5712890625,77.6416015625,-78.4814453125
77.4582979,-31.0107421875,77.4462890625,-70.8642578125
77.4829493,-31.8896484375,78.5693359375,-49.4287109375
77.5122096,-31.9873046875,79.8876953125,-25.7958984375
77.5397645,-32.6220703125,79.3994140625,-6.6064453125
77.5769081,-33.7451171875,79.8876953125,6.8212890625
77.6011151,-34.2822265625,81.4013671875,16.1474609375
77.6339873,-35.2099609375,81.5478515625,20.2490234375
77.6628346,-35.9912109375,83.0615234375,20.3955078125
77.6904397,-36.5283203125,83.1591796875,12.3388671875
77.7345249,-37.1630859375,83.4521484375,1.6455078125
77.7515355,-37.2119140625,84.8681640625,-5.0439453125
77.7868305,-37.9443359375,86.3330078125,-8.7060546875
77.8149349,-39.1650390625,86.0888671875,-11.2451171875
77.8423493,-39.5068359375,86.1376953125,-14.5166015625
77.8701391,-39.2138671875,86.9677734375,-19.4482421875
77.9083109,-39.7998046875,86.9189453125,-24.6728515625
77.9315559,-37.7978515625,86.9677734375,-29.7509765625
77.9664908,-35.7470703125,87.8955078125,-35.0244140625
77.9935983,-34.9169921875,87.8466796875,-39.8583984375
78.0222776,-33.4033203125,88.3349609375,-43.2763671875
78.0563867,-32.2802734375,87.3583984375,-47.9638671875
78.0839364,-30.6689453125,87.7490234375,-52.0166015625
78.1160523,-29.8876953125,87.6025390625,-55.0439453125
78.1463672,-29.7412109375,86.5283203125,-59.1455078125
78.1930321,-28.8134765625,86.1865234375,-62.0263671875
78.2071684,-28.8623046875,85.7958984375,-64.9072265625
78.2361625,-28.9599609375,86.1865234375,-67.2509765625
78.2625659,-28.4228515625,85.3564453125,-69.5458984375
78.3124779,-29.4482421875,84.8681640625,-73.8427734375
78.3255662,-29.5458984375,84.6728515625,-77.6025390625
78.3535629,-30.7666015625,83.6962890625,-80.7275390625
78.3876935,-31.0595703125,84.1845703125,-83.1201171875
78.4163291,-31.1083984375,84.9169921875,-72.5732421875
78.4624348,-31.6455078125,85.1611328125,-48.9892578125
78.4816122,-32.8173828125,85.2587890625,-26.2841796875
78.5222535,-32.9150390625,85.7470703125,-7.3876953125
78.5436376,-33.3544921875,86.5283203125,3.9404296875
78.5826256,-34.7705078125,87.4560546875,12.5341796875
78.5981067,-34.3310546875,87.9443359375,14.9267578125
78.6444512,-35.2587890625,89.4091796875,13.4130859375
78.6565079,-36.6748046875,89.3603515625,4.2822265625
78.7035917,-37.8466796875,90.4345703125,-4.1162109375
78.7333295,-37.9443359375,90.1416015625,-10.2197265625
78.747585,-37.9931640625,91.3623046875,-12.2705078125
78.7899689,-39.2138671875,91.5087890625,-15.0048828125
78.8112361,-39.9462890625,91.3623046875,-19.3505859375
78.8604778,-39.3603515625,90.9228515625,-23.5986328125
78.8808322,-39.3603515625,91.8994140625,-28.9208984375
78.8997965,-37.4560546875,92.2900390625,-34.9267578125
78.9471697,-37.1142578125,92.1435546875,-39.0771484375
78.9700371,-35.3076171875,91.6064453125,-44.4970703125
78.990822,-34.2333984375,91.5576171875,-47.9638671875
79.0337903,-32.5732421875,91.3623046875,-51.9677734375
79.0539442,-31.3037109375,91.3623046875,-55.5322265625
79.092957,-29.7412109375,90.7275390625,-58.7548828125
79.1072534,-29.9853515625,90.8251953125,-61.8798828125
79.1684891,-30.5712890625,89.1650390625,-65.2490234375
79.1694928,-29.2529296875,88.6767578125,-67.7392578125
79.2170474,-29.6923828125,87.7001953125,-70.4248046875
79.2486366,-29.3505859375,87.1630859375,-72.9150390625
79.2577184,-29.6435546875,86.7236328125,-76.1376953125
79.3109996,-30.6201171875,85.7958984375,-80.3857421875
79.3300567,-30.6201171875,84.7216796875,-84.0966796875
79.3661532,-31.8896484375,84.3310546875,-85.9033203125
79.386293,-32.1337890625,85.3564453125,-76.8701171875
79.424974,-32.1337890625,85.2099609375,-54.6533203125
79.4452579,-33.0126953125,85.1123046875,-30.0927734375
79.4823682,-33.9404296875,85.6494140625,-10.8056640625
79.5024785,-33.9404296875,86.0400390625,1.2548828125
79.5417833,-35.4541015625,87.0654296875,10.8251953125
79.5617265,-35.2587890625,87.7978515625,15.1220703125
79.6034793,-36.1376953125,87.7978515625,14.0478515625
79.6236147,-36.9677734375,89.0673828125,6.6259765625
79.6705291,-36.8212890625,89.1650390625,-2.6513671875
79.6918629,-38.0908203125,90.3857421875,-9.4873046875
79.7287421,-38.9697265625,89.6044921875,-12.4658203125
79.7427034,-38.7255859375,89.6533203125,-14.2236328125
79.780207,-39.4091796875,90.5322265625,-17.5927734375
79.8087172,-39.8974609375,90.6787109375,-22.5244140625
79.8562946,-39.7998046875,90.9228515625,-27.3583984375
79.8760281,-38.7744140625,90.7763671875,-32.6806640625
79.8951744,-37.7001953125,89.8486328125,-37.7587890625
79.9328598,-36.0888671875,90.2880859375,-42.7880859375
79.9558247,-34.7216796875,89.3603515625,-46.6943359375
79.9914331,-33.1103515625,88.6279296875,-49.6728515625
80.013739,-31.5966796875,88.5791015625,-53.1884765625
80.0487649,-30.0830078125,88.8232421875,-57.0947265625
80.0728902,-30.1318359375,88.5302734375,-59.6826171875
80.1112756,-30.3759765625,87.7001953125,-62.6123046875
80.1359337,-30.0341796875,87.9931640625,-64.7607421875
80.1825811,-29.3994140625,87.6513671875,-67.1044921875
80.2027042,-29.6435546875,86.3818359375,-69.7412109375
80.239505,-30.0341796875,86.1865234375,-73.4521484375
80.2607963,-30.0830078125,85.8935546875,-77.0166015625
80.2989104,-30.7177734375,85.5029296875,-80.2880859375
80.3188664,-31.7431640625,86.4306640625,-78.4814453125
80.355449,-31.3525390625,87.9443359375,-62.7587890625
80.3774073,-32.0361328125,88.0908203125,-38.6376953125
80.4178881,-33.3056640625,89.4580078125,-17.9345703125
80.438882,-33.7939453125,89.7021484375,-3.8720703125
80.4746071,-34.2822265625,91.0693359375,5.7470703125
80.4947448,-35.0146484375,92.5830078125,11.2646484375
80.5311669,-35.6982421875,93.1689453125,12.0458984375
80.5587233,-35.6982421875,93.2177734375,5.7958984375
80.5993938,-36.3818359375,94.5849609375,-4.5068359375
80.6213614,-37.3583984375,95.3173828125,-12.6123046875
80.6608129,-38.0908203125,96.4404296875,-15.3466796875
80.6808744,-38.2861328125,97.5146484375,-17.9345703125
80.7150842,-38.3837890625,96.3916015625,-20.8642578125
80.7373605,-39.0673828125,96.7333984375,-25.2587890625
80.7884511,-39.9462890625,97.4658203125,-30.4833984375
80.8080971,-40.0439453125,97.6611328125,-35.5126953125
80.8435416,-38.7255859375,97.0751953125,-40.0537109375
80.8646587,-37.7490234375,97.6123046875,-45.3271484375
80.9007602,-36.0400390625,97.4169921875,-49.5263671875
80.9214239,-34.2822265625,96.4892578125,-53.2373046875
80.9586885,-33.2568359375,96.3916015625,-57.1435546875
80.9787843,-32.0361328125,96.0009765625,-59.8779296875
81.0132995,-30.5712890625,96.0009765625,-63.2958984375
81.0424689,-29.9853515625,94.9755859375,-65.5908203125
81.081328,-30.1318359375,94.6337890625,-68.0810546875
81.1011681,-30.1806640625,94.2431640625,-70.5712890625
81.1375875,-30.0341796875,94.1455078125,-73.3056640625
81.1588632,-30.7177734375,93.2177734375,-76.2841796875
81.1952736,-31.1083984375,92.3388671875,-80.0927734375
81.2207207,-31.1083984375,91.6552734375,-84.0478515625
81.2613693,-31.4013671875,92.3876953125,-87.2216796875
81.2830444,-31.4501953125,92.1923828125,-79.6533203125
81.3178943,-32.6708984375,93.0224609375,-58.7060546875
81.3414139,-32.9638671875,93.4619140625,-34.2919921875
81.3785809,-32.9638671875,94.2431640625,-15.1025390625
81.4029275,-34.0869140625,94.6337890625,-2.3583984375
81.438616,-34.3310546875,95.5615234375,6.5771484375
81.4643535,-35.0146484375,97.4658203125,10.7275390625
81.5012994,-35.5517578125,97.8564453125,9.2138671875
81.5229929,-36.1376953125,97.7587890625,1.4013671875
81.5584416,-36.0400390625,98.1982421875,-7.1923828125
81.5826064,-37.4072265625,98.6376953125,-13.3447265625
81.6263082,-37.6513671875,100.4443359375,-15.2978515625
81.6432757,-37.9931640625,99.8095703125,-18.1787109375
81.6799485,-39.0185546875,100.0048828125,-21.0595703125
81.7044,-39.3115234375,100.2978515625,-25.7470703125
81.742987,-39.4580078125,99.8095703125,-30.6298828125
81.7703809,-38.9208984375,99.1748046875,-35.6103515625
81.7973414,-37.1630859375,99.6630859375,-40.8349609375
81.83489,-36.1376953125,98.9306640625,-44.9365234375
81.8540342,-35.6005859375,98.1005859375,-49.1357421875
81.8964222,-33.5009765625,97.9052734375,-52.9443359375
81.9154842,-31.7431640625,97.0263671875,-55.9716796875
81.9527827,-30.4248046875,96.6357421875,-59.3896484375
81.9767997,-29.7900390625,95.2685546875,-62.8564453125
82.011531,-29.8388671875,94.3896484375,-65.6884765625
82.0367186,-29.5947265625,94.0966796875,-67.9833984375
82.0819229,-28.6181640625,92.1923828125,-70.0830078125
82.1019913,-29.1552734375,91.3623046875,-72.9638671875
82.1262388,-29.0087890625,90.2880859375,-76.3818359375
82.163884,-30.2294921875,89.7998046875,-79.3603515625
82.1892376,-29.8876953125,88.6767578125,-82.9736328125
82.2245574,-30.4248046875,87.8466796875,-83.7060546875
82.2453687,-30.4736328125,88.1884765625,-71.7431640625
82.2825572,-31.3525390625,89.2138671875,-47.2802734375
82.3069658,-32.0849609375,89.7509765625,-24.4775390625
82.3435244,-31.9873046875,89.7021484375,-7.6318359375
82.3670149,-31.9873046875,90.2392578125,4.3798828125
82.4042992,-32.9638671875,91.2646484375,11.3623046875
82.425717,-33.5498046875,91.9482421875,14.6337890625
82.4629616,-34.7216796875,92.5830078125,11.7529296875
82.4900107,-35.4052734375,92.4853515625,3.2568359375
82.5247702,-35.6494140625,93.3642578125,-4.9951171875
82.5508383,-36.3330078125,93.0712890625,-9.2431640625
82.5790357,-36.5771484375,94.0966796875,-11.4892578125
82.60724,-36.6748046875,94.3408203125,-14.8583984375
82.6388275,-37.1142578125,93.5595703125,-18.4716796875
82.6767375,-38.5302734375,94.1455078125,-22.5732421875
82.7011764,-38.5302734375,93.6572265625,-27.3095703125
82.7299183,-38.0419921875,93.1201171875,-32.4365234375
82.75876,-36.4306640625,92.2412109375,-37.0263671875
82.7972526,-34.7705078125,92.2900390625,-41.6650390625
82.8198617,-33.3544921875,91.7041015625,-45.8642578125
82.8523006,-32.0849609375,90.9228515625,-49.0869140625
82.8816735,-31.2060546875,89.8486328125,-52.9931640625
82.9101471,-29.3994140625,89.0673828125,-56.0205078125
82.941568,-28.7158203125,88.5302734375,-58.3154296875
82.9723658,-29.0087890625,88.7744140625,-60.0732421875
82.9996264,-29.1064453125,87.6513671875,-62.4169921875
83.0355935,-28.3740234375,87.3095703125,-65.7861328125
83.0803128,-28.3740234375,86.7724609375,-68.9111328125
83.0946604,-28.7158203125,86.2841796875,-72.7197265625
83.122239,-28.2763671875,86.0888671875,-76.5283203125
83.1508131,-29.2041015625,86.6748046875,-77.2607421875
83.1790699,-29.2041015625,86.1865234375,-66.2744140625
83.2372416,-30.4736328125,87.4072265625,-43.9111328125
83.24039,-30.9130859375,88.9208984375,-21.0595703125
83.275075,-31.6943359375,89.6044921875,-4.3115234375
83.3027903,-32.1826171875,90.4833984375,6.9677734375
83.331285,-32.4755859375,91.3134765625,13.9013671875
83.3809508,-33.2568359375,91.9482421875,15.7080078125
83.3921211,-33.5986328125,92.5341796875,12.5341796875
83.4268857,-33.5986328125,93.4130859375,3.5986328125
83.4862358,-34.3310546875,93.9501953125,-5.9228515625
83.4872571,-34.9169921875,94.7314453125,-9.9755859375
83.5123878,-36.0888671875,95.4150390625,-11.7822265625
83.5471542,-36.8212890625,95.6103515625,-15.2978515625
83.5730242,-36.8212890625,95.8056640625,-18.5693359375
83.606609,-36.9677734375,95.3662109375,-23.2080078125
83.6574655,-37.9443359375,95.3173828125,-28.0908203125
83.6670829,-37.1142578125,96.1474609375,-33.3154296875
83.6940061,-35.5517578125,95.5615234375,-38.0517578125
83.7430703,-34.3798828125,94.6337890625,-42.9345703125
83.7568275,-32.9638671875,93.9990234375,-46.3037109375
83.8008861,-31.3037109375,93.5595703125,-50.2587890625
83.8211154,-30.2294921875,92.5341796875,-52.7490234375
83.8615701,-28.5205078125,92.0458984375,-55.9716796875
83.8765425,-28.1298828125,92.0947265625,-58.9990234375
83.9186045,-27.9345703125,91.0205078125,-61.3427734375
83.939749,-27.6904296875,90.1416015625,-64.2724609375
83.9844733,-27.2021484375,89.5556640625,-65.9814453125
84.0045229,-27.2998046875,88.9697265625,-69.9365234375
84.0400434,-27.7880859375,88.4326171875,-73.3544921875
84.060747,-27.4462890625,87.6025390625,-76.9677734375
84.0861667,-28.3740234375,87.3583984375,-79.3603515625
84.1354569,-28.4228515625,87.3095703125,-70.6201171875
84.146427,-29.3505859375,87.8466796875,-48.7451171875
84.2012009,-29.9853515625,88.8232421875,-25.2099609375
84.223599,-30.0830078125,88.9697265625,-6.0693359375
84.2377931,-31.0595703125,89.0185546875,6.8701171875
84.2639005,-30.9130859375,90.4833984375,16.0986328125
84.2977687,-31.9384765625,91.2646484375,19.8095703125
84.3403058,-32.1826171875,91.9970703125,19.1748046875
84.3617538,-33.1591796875,91.1669921875,11.0693359375
84.3991629,-34.0869140625,92.3876953125,1.1083984375
84.4182733,-34.5263671875,92.8759765625,-4.0673828125
84.4639615,-34.5751953125,92.8759765625,-7.1923828125
84.4853878,-35.3076171875,92.7783203125,-9.3896484375
84.5225005,-35.7958984375,93.3642578125,-13.0517578125
84.544653,-36.8701171875,92.7783203125,-17.1533203125
84.5817033,-36.8701171875,92.9736328125,-22.4755859375
84.6018321,-36.3330078125,92.5341796875,-28.1884765625
84.6419115,-35.4052734375,91.8994140625,-32.5341796875
84.6634059,-33.9404296875,91.9970703125,-37.3681640625
84.7056545,-31.9873046875,91.9482421875,-41.2744140625
84.7275647,-30.4248046875,91.8017578125,-44.5458984375
84.7781299,-28.5693359375,90.3369140625,-48.7451171875
84.7974343,-27.4462890625,89.9951171875,-51.2353515625
84.8083678,-25.9326171875,89.5556640625,-54.6533203125
84.8522055,-25.8837890625,88.4814453125,-57.6806640625
84.8725384,-25.2490234375,87.2607421875,-60.0732421875
84.9093478,-24.7607421875,86.5771484375,-61.7822265625
84.9349768,-24.4189453125,85.7958984375,-65.2490234375
84.9798947,-24.5654296875,85.0634765625,-69.3994140625
85.0027819,-25.0537109375,83.9404296875,-73.1103515625
85.0387319,-25.2490234375,83.7939453125,-76.0888671875
85.0604208,-25.8349609375,83.1103515625,-75.3076171875
85.0957227,-26.3720703125,83.2080078125,-60.8056640625
85.1159564,-26.4208984375,83.4521484375,-36.8798828125
85.1535769,-27.2021484375,84.2333984375,-13.6865234375
85.173562,-28.5205078125,83.9404296875,3.0126953125
85.211674,-28.8623046875,84.1845703125,14.8291015625
85.2318054,-29.3017578125,84.8681640625,22.2998046875
85.2696602,-29.9365234375,85.8447265625,24.6435546875
85.2918085,-30.4248046875,85.9423828125,19.6142578125
85.3418661,-31.0107421875,85.5029296875,10.4345703125
85.3720483,-31.2548828125,85.9912109375,1.9873046875
85.383124,-31.9873046875,85.1123046875,-1.9677734375
85.4200582,-32.4755859375,86.4306640625,-3.9697265625
85.4438934,-33.3544921875,86.0400390625,-6.6064453125
85.4800261,-34.2333984375,84.6240234375,-10.8544921875
85.5100641,-34.8681640625,85.0146484375,-15.6396484375
85.557325,-35.2587890625,85.3564453125,-21.0107421875
85.5765031,-34.5263671875,84.2822265625,-26.0888671875
85.5966572,-32.9150390625,83.9404296875,-31.6552734375
85.634083,-31.0107421875,83.3544921875,-34.7802734375
85.6540798,-29.5458984375,82.6708984375,-38.9794921875
85.69085,-28.4228515625,82.8662109375,-42.7392578125
85.7153469,-26.0791015625,82.0361328125,-46.0107421875
85.7602966,-24.9072265625,81.1572265625,-48.5986328125
85.7911815,-23.8330078125,80.2783203125,-51.4306640625
85.8052445,-23.8330078125,79.4970703125,-54.5556640625
85.8432303,-23.9794921875,78.8623046875,-57.3876953125
85.8668216,-23.5888671875,79.0087890625,-59.8779296875
85.904583,-23.6865234375,78.2763671875,-63.2470703125
85.9267059,-23.8330078125,77.2998046875,-67.0068359375
85.9645412,-23.9794921875,76.8115234375,-70.5224609375
85.9837039,-23.9306640625,76.1279296875,-71.7431640625
86.0236326,-24.9072265625,77.2021484375,-61.7822265625
86.0469975,-25.3466796875,78.0322265625,-39.7119140625
86.0841284,-25.4931640625,78.1787109375,-16.9091796875
86.109961,-26.8603515625,78.7158203125,0.0830078125
86.1455165,-27.0068359375,79.6923828125,10.7763671875
86.1680215,-28.5205078125,80.5224609375,18.5888671875
86.2036351,-29.3017578125,81.3037109375,21.4208984375
86.2272049,-29.3505859375,81.7431640625,18.2470703125
86.2671843,-29.8876953125,82.5244140625,8.1884765625
86.2882559,-31.0107421875,83.7451171875,-0.7958984375
86.3376671,-31.3525390625,83.7451171875,-5.3369140625
86.3571881,-32.3291015625,83.6962890625,-7.7294921875
86.3932264,-33.3544921875,84.6240234375,-9.8291015625
86.4147723,-33.0126953125,85.0634765625,-13.9794921875
86.4511023,-33.6962890625,84.6240234375,-18.8134765625
86.4712131,-34.0380859375,84.6240234375,-24.9658203125
86.5091596,-34.4775390625,84.3310546875,-29.2138671875
86.5294089,-34.0869140625,85.5029296875,-34.4384765625
86.5654174,-32.2314453125,84.4775390625,-38.3447265625
86.5906279,-30.6201171875,84.3798828125,-43.4716796875
86.628257,-29.6923828125,84.2822265625,-46.0595703125
86.6483019,-28.1298828125,83.8916015625,-50.0146484375
86.6838667,-26.9580078125,83.2080078125,-52.9931640625
86.7106753,-25.9814453125,82.7685546875,-56.6064453125
86.7525745,-26.2255859375,81.9873046875,-58.5107421875
86.7728115,-26.0791015625,81.4501953125,-61.3427734375
86.8118544,-26.2255859375,80.9130859375,-64.0283203125
86.8338453,-25.7861328125,80.2783203125,-67.2998046875
86.8681867,-26.6650390625,79.9365234375,-70.9619140625
86.8892767,-27.4951171875,79.1552734375,-74.5263671875
86.9257957,-27.3974609375,79.3017578125,-75.6982421875
86.9535604,-28.2763671875,80.1806640625,-65.8837890625
86.9897386,-28.0810546875,80.6201171875,-42.9345703125
87.0137799,-29.2041015625,81.2060546875,-19.8388671875
87.0501632,-29.2041015625,81.4501953125,-2.0654296875
87.0726142,-30.6201171875,82.7197265625,10.2392578125
87.1100164,-31.3525390625,83.0126953125,18.2958984375
87.1333623,-32.0361328125,84.7216796875,22.4462890625
87.1686952,-32.1826171875,84.8681640625,20.6884765625
87.1967435,-33.3544921875,85.2587890625,11.8505859375
87.2335563,-33.5986328125,86.5771484375,3.2080078125
87.2514927,-34.7216796875,86.5283203125,-2.3095703125
87.2860487,-34.3310546875,86.7724609375,-5.4833984375
87.3130386,-35.6005859375,87.1142578125,-8.8037109375
87.3497263,-36.4306640625,87.8955078125,-12.6123046875
87.3734695,-36.8212890625,87.4560546875,-17.2021484375
87.4103995,-37.3583984375,87.3095703125,-22.8173828125
87.4368112,-37.5048828125,87.4072265625,-27.7001953125
87.4749065,-37.2607421875,86.3818359375,-33.4619140625
87.4970591,-36.1376953125,86.7236328125,-37.7587890625
87.5344931,-34.5751953125,86.7236328125,-42.1044921875
87.5558105,-32.9638671875,86.3818359375,-45.4736328125
87.5936426,-31.5478515625,85.5029296875,-48.6474609375
87.6152419,-29.6923828125,85.1611328125,-52.2607421875
87.652298,-28.7158203125,84.7216796875,-54.9462890625
87.6770104,-28.2763671875,83.6962890625,-58.9501953125
87.7149222,-29.1552734375,84.0380859375,-60.6103515625
87.7383023,-28.1787109375,83.4033203125,-63.7841796875
87.7846876,-27.7392578125,82.0361328125,-65.7861328125
87.7963894,-28.4716796875,81.6455078125,-70.4248046875
87.8343504,-28.6181640625,80.8642578125,-73.4521484375
87.8565579,-29.3505859375,79.8388671875,-76.6748046875
87.8944422,-30.1318359375,79.8876953125,-76.9189453125
87.9188457,-30.1806640625,80.0830078125,-63.7353515625
87.9590822,-31.3037109375,80.3271484375,-39.4189453125
87.9773515,-31.7919921875,80.6201171875,-16.4697265625
88.0146258,-32.3291015625,81.8408203125,1.4990234375
88.0371524,-33.2568359375,82.8173828125,13.6083984375
88.0734088,-32.9638671875,83.6962890625,22.1044921875
88.1007169,-33.8916015625,84.2333984375,23.9111328125
88.1272193,-34.4775390625,85.0634765625,21.6650390625
88.162574,-34.9658203125,85.4052734375,12.2412109375
88.1896986,-36.0888671875,85.8935546875,1.5966796875
88.2262995,-36.9677734375,86.5771484375,-3.1396484375
88.2502187,-37.4072265625,87.0654296875,-4.9462890625
88.2799883,-37.8466796875,86.7236328125,-8.3154296875
88.3075609,-39.0185546875,87.3583984375,-12.4169921875
88.3409628,-39.5556640625,86.8701171875,-17.2509765625
88.3679666,-39.8486328125,86.9677734375,-21.9384765625
88.4045477,-39.8486328125,87.1630859375,-28.0419921875
88.4328835,-40.0927734375,86.5771484375,-32.6806640625
88.4598833,-37.7490234375,86.1376953125,-37.0263671875
88.4887147,-36.6748046875,85.6982421875,-41.3720703125
88.526798,-35.9912109375,86.2353515625,-44.5458984375
88.549107,-33.1103515625,84.9169921875,-48.6962890625
88.5831669,-32.2314453125,85.6005859375,-51.8701171875
88.6119455,-30.9130859375,84.6240234375,-55.1416015625
88.6586311,-30.5712890625,83.1591796875,-57.4853515625
88.6786305,-30.8154296875,83.5986328125,-59.7802734375
88.7206343,-30.3271484375,83.8916015625,-62.4658203125
88.7418759,-29.6435546875,82.6220703125,-65.8837890625
88.7776716,-30.2294921875,82.3779296875,-68.9111328125
88.7921525,-30.5224609375,82.1826171875,-72.9638671875
88.8244876,-31.3525390625,81.4013671875,-75.6982421875
88.870809,-31.5478515625,82.5732421875,-72.3291015625
88.8908387,-31.9873046875,82.8173828125,-55.0927734375
88.9290466,-32.8662109375,84.0380859375,-31.3623046875
88.9587048,-33.4033203125,84.9169921875,-10.7568359375
88.9727277,-33.5986328125,86.7724609375,3.9404296875
89.0207085,-34.8681640625,86.9677734375,14.5361328125
89.0346702,-35.1123046875,89.0185546875,19.9072265625
89.0601161,-35.6005859375,89.7021484375,20.5908203125
89.0949143,-36.8701171875,90.1904296875,14.1455078125
89.1409223,-36.9189453125,90.3857421875,3.8916015625
89.1610305,-36.8212890625,91.7529296875,-3.7255859375
89.1976347,-38.1884765625,92.9736328125,-7.3876953125
89.2179912,-38.6767578125,93.0224609375,-9.5361328125
89.2431759,-38.7744140625,93.9990234375,-13.1005859375
89.2752332,-39.6044921875,93.6083984375,-17.5927734375
89.3041611,-40.9228515625,94.6826171875,-22.2802734375
89.3628868,-41.5576171875,93.9990234375,-28.0908203125
89.3639266,-40.9716796875,93.9501953125,-33.8525390625
89.4091467,-40.1416015625,94.1455078125,-39.2724609375
89.4291302,-38.4326171875,94.7314453125,-42.8369140625
89.4695979,-37.3095703125,93.5107421875,-47.5244140625
89.4897736,-36.1865234375,92.8759765625,-50.4541015625
89.5330756,-34.2333984375,92.9736328125,-54.1162109375
89.5531619,-33.7451171875,91.5576171875,-57.3876953125
89.5916307,-32.6708984375,91.9482421875,-60.3173828125
89.6128581,-32.2802734375,90.9716796875,-63.3935546875
89.6497407,-31.7919921875,90.6787109375,-65.7373046875
89.6701478,-31.2548828125,90.1416015625,-68.6669921875
89.7208658,-30.9619140625,89.7998046875,-71.2548828125
89.7413149,-31.1572265625,89.3115234375,-74.8681640625
89.7597381,-31.1572265625,88.0908203125,-79.2138671875
89.7969923,-31.8408203125,87.7978515625,-82.2412109375
89.8186747,-32.4267578125,88.3349609375,-78.2373046875
89.8583072,-32.9150390625,89.5556640625,-60.9521484375
89.8784505,-33.5498046875,90.2880859375,-35.5126953125
89.9205373,-34.2333984375,91.2646484375,-14.5654296875
89.9396072,-35.1123046875,91.1669921875,1.0107421875
89.9785828,-35.6982421875,93.1689453125,12.5830078125
89.999212,-35.5517578125,94.3896484375,18.7353515625
90.0485561,-36.3818359375,95.2685546875,20.9326171875
90.0686321,-37.5048828125,95.7568359375,15.4638671875
90.1049957,-38.4814453125,96.9775390625,5.5517578125
90.1272151,-38.4814453125,96.8798828125,-2.0654296875
90.1462556,-39.8486328125,97.4658203125,-5.9228515625
90.1783894,-39.7509765625,97.8076171875,-8.2666015625
90.2353572,-39.8974609375,97.9052734375,-11.8310546875
90.2549409,-41.2646484375,98.2470703125,-16.5185546875
90.2696838,-41.7529296875,97.9541015625,-21.9873046875
90.31256,-41.4111328125,97.2216796875,-27.3095703125
90.3316181,-42.0458984375,97.5634765625,-32.5830078125
90.3707858,-41.6552734375,97.8076171875,-37.7099609375
90.3909747,-40.1904296875,96.6845703125,-42.2998046875
90.4286117,-39.2138671875,96.2451171875,-46.3525390625
90.4488426,-37.4072265625,95.7080078125,-49.5263671875
90.4862628,-36.2841796875,94.9755859375,-53.1884765625
90.5128493,-34.3310546875,93.7548828125,-55.9716796875
90.5477062,-32.5244140625,93.7548828125,-59.8779296875
90.5740704,-31.8408203125,92.7783203125,-63.2958984375
90.6120229,-31.8896484375,91.5087890625,-65.6884765625
90.6321289,-31.5478515625,90.9716796875,-67.3974609375
90.6696417,-30.9619140625,89.7998046875,-70.7666015625
90.6930561,-30.8642578125,89.4091796875,-74.0380859375
90.7360967,-31.4990234375,87.8955078125,-77.8955078125
90.7567881,-31.3525390625,86.7236328125,-80.8251953125
90.794844,-31.9873046875,87.1142578125,-80.6787109375
90.8174043,-33.2080078125,87.7001953125,-67.8857421875
90.8541018,-33.4521484375,88.2861328125,-42.7392578125
90.8745005,-33.7451171875,89.3603515625,-20.5712890625
90.9106251,-34.6240234375,89.9951171875,-2.4560546875
90.9336551,-35.0634765625,90.6298828125,10.1904296875
90.9702609,-35.7470703125,90.5810546875,17.4658203125
90.9933216,-36.7724609375,91.4599609375,21.2744140625
91.0299675,-37.7490234375,92.6318359375,18.4423828125
91.0505066,-38.1884765625,93.2177734375,9.2626953125
91.0860275,-38.7255859375,93.5595703125,0.3759765625
91.1140426,-39.0673828125,93.3642578125,-4.2138671875
91.15259,-40.0927734375,94.4873046875,-7.0458984375
91.173823,-39.9951171875,93.4619140625,-10.9033203125
91.2147499,-40.9716796875,94.4384765625,-14.6142578125
91.2338449,-41.7041015625,94.0478515625,-19.6923828125
91.2737172,-42.3388671875,93.4619140625,-25.4541015625
91.295859,-42.3388671875,92.8271484375,-30.9716796875
91.331447,-42.6318359375,92.7294921875,-35.4638671875
91.3544846,-41.7529296875,92.3876953125,-40.5908203125
91.4007265,-39.8486328125,91.7529296875,-44.1552734375
91.4217787,-38.4814453125,91.5576171875,-47.7685546875
91.4579999,-37.0166015625,90.4833984375,-51.5771484375
91.4779473,-35.4052734375,89.9462890625,-54.7998046875
91.5152207,-34.0380859375,89.2138671875,-57.4365234375
91.5367349,-32.9638671875,88.7255859375,-60.7080078125
91.5788419,-32.1337890625,87.2119140625,-63.1005859375
91.5993663,-31.9384765625,87.4560546875,-65.6884765625
91.6385685,-31.9873046875,86.1376953125,-69.0576171875
91.6586516,-32.0361328125,85.5517578125,-72.3779296875
91.6990966,-31.4013671875,84.4287109375,-75.7470703125
91.718171,-32.8173828125,84.6728515625,-79.6044921875
91.7584654,-33.2568359375,84.1845703125,-78.8720703125
91.778661,-33.6474609375,85.0634765625,-65.2978515625
91.8157702,-33.8427734375,86.1865234375,-42.2021484375
91.8401533,-35.1123046875,86.7236328125,-20.1806640625
91.8773194,-35.6005859375,86.9677734375,-4.4091796875
91.8986554,-35.8935546875,88.7255859375,7.0654296875
91.9377082,-36.5771484375,89.4091796875,13.9013671875
91.9569977,-36.8701171875,90.0927734375,16.0986328125
92.0002413,-38.0419921875,90.4345703125,11.7529296875
92.020628,-38.4326171875,92.5341796875,1.6943359375
92.0690987,-39.4580078125,92.1923828125,-6.4599609375
92.0893716,-39.8486328125,91.8017578125,-10.5615234375
92.1094066,-40.8251953125,92.7783203125,-14.0771484375
92.1475096,-41.2158203125,92.2900390625,-17.1044921875
92.1715381,-42.3388671875,93.1689453125,-21.5966796875
92.2084017,-41.9970703125,92.5341796875,-26.9677734375
92.2326571,-43.1689453125,92.5341796875,-32.7783203125
92.2722921,-43.0712890625,92.7294921875,-36.8798828125
92.3031421,-43.9501953125,91.7529296875,-42.8857421875
92.3192479,-42.3388671875,91.2646484375,-47.6708984375
92.3608782,-40.7275390625,91.1669921875,-51.6259765625
92.3842023,-40.1904296875,90.4345703125,-55.0927734375
92.4210861,-38.5302734375,90.4345703125,-58.8525390625
92.4412323,-36.5771484375,88.6767578125,-61.4404296875
92.4787669,-35.4541015625,87.9443359375,-64.9072265625
92.5023324,-34.3798828125,87.0654296875,-67.7392578125
92.5395128,-34.5263671875,86.6748046875,-69.7412109375
92.5648571,-33.9404296875,86.0888671875,-72.7197265625
92.6013683,-33.9404296875,85.6005859375,-76.0888671875
92.6218625,-33.5498046875,84.0380859375,-79.6533203125
92.6617792,-33.7451171875,83.3056640625,-82.5830078125
92.6819063,-35.1611328125,83.5498046875,-86.5869140625
92.7187473,-35.2587890625,83.4033203125,-85.7080078125
92.7532125,-35.6005859375,82.7197265625,-71.1083984375
92.773397,-36.5283203125,83.9892578125,-47.1826171875
92.8149943,-37.0166015625,84.5751953125,-24.4775390625
92.8350671,-37.7978515625,84.5263671875,-7.3388671875
92.874505,-38.0908203125,86.1865234375,4.8193359375
92.8913063,-38.9697265625,86.5771484375,12.7783203125
92.938806,-39.4091796875,87.4072265625,15.8544921875
92.9604551,-40.3857421875,88.3349609375,13.3154296875
92.9859961,-40.6298828125,88.1396484375,3.7939453125
93.0228136,-41.1181640625,87.9931640625,-5.3369140625
93.0429231,-41.8017578125,89.2626953125,-10.2685546875
93.0823374,-42.6806640625,88.7255859375,-13.5888671875
93.1044424,-42.8271484375,89.3603515625,-17.0556640625
93.1455749,-43.1201171875,88.9208984375,-20.3759765625
93.1676766,-44.4384765625,88.1396484375,-25.8935546875
93.1948278,-44.9755859375,88.2861328125,-30.0439453125
93.2234462,-45.3662109375,87.8466796875,-36.0986328125
93.2573147,-45.1220703125,87.4072265625,-41.4208984375
93.2955153,-44.7314453125,86.9677734375,-45.8154296875
93.3196083,-42.6318359375,86.4306640625,-50.6005859375
93.3464621,-42.0947265625,85.6982421875,-54.0673828125
93.3745829,-40.3369140625,84.8681640625,-56.9482421875
93.4081209,-38.8232421875,83.6474609375,-61.4404296875
93.4455609,-37.3583984375,83.2080078125,-64.9072265625
93.4656015,-35.9912109375,83.2080078125,-68.7158203125
93.4999904,-35.9912109375,81.0107421875,-71.0107421875
93.5282986,-35.4052734375,80.0830078125,-73.7451171875
93.5595807,-35.9423828125,79.1552734375,-75.6982421875
93.587737,-35.2099609375,78.5693359375,-79.4091796875
93.6247452,-35.7958984375,77.3486328125,-83.0224609375
93.6436928,-35.6982421875,76.7626953125,-86.3427734375
93.685749,-36.5771484375,76.7138671875,-88.8330078125
93.7116661,-36.7724609375,76.2744140625,-84.3408203125
93.7401174,-36.5771484375,77.4462890625,-65.6396484375
93.7685268,-37.5537109375,76.8603515625,-40.6884765625
93.7999607,-38.6279296875,77.6904296875,-18.8134765625
93.8306353,-39.6044921875,77.6904296875,-4.2626953125
93.8580982,-39.5556640625,77.9833984375,6.6259765625
93.9113782,-39.8974609375,78.7158203125,12.9248046875
93.9311911,-40.4833984375,78.6669921875,15.1220703125
93.9502959,-41.2158203125,79.3017578125,10.0927734375
93.9768799,-42.0947265625,80.2294921875,-0.5517578125
94.0088601,-42.9248046875,80.2783203125,-8.6572265625
94.0369274,-43.5595703125,80.7177734375,-12.2216796875
94.0716801,-43.8525390625,80.0830078125,-14.5654296875
94.0995624,-44.3408203125,80.3271484375,-18.9111328125
94.1299864,-44.3896484375,80.8642578125,-22.7197265625
94.1615036,-45.5615234375,80.5224609375,-28.2861328125
94.2089644,-46.0009765625,79.3994140625,-33.8525390625
94.2393975,-46.5380859375,79.4482421875,-39.2724609375
94.2505035,-46.7333984375,78.9599609375,-44.4970703125
94.3016542,-45.6591796875,78.4716796875,-48.3544921875
94.3206162,-44.0966796875,78.7158203125,-52.3095703125
94.3574071,-43.0224609375,77.3486328125,-55.7275390625
94.3775635,-41.7041015625,76.7138671875,-59.0478515625
94.4220787,-40.1416015625,77.5439453125,-61.8310546875
94.4311808,-39.0185546875,76.1279296875,-65.6884765625
94.475652,-37.5537109375,74.8095703125,-68.0810546875
94.4957355,-37.0166015625,74.4677734375,-71.1572265625
94.5382235,-37.1630859375,74.3701171875,-73.1103515625
94.5596217,-36.4794921875,73.2958984375,-76.3818359375
94.5956648,-36.1865234375,73.1494140625,-80.1416015625
94.6172569,-36.0400390625,72.1240234375,-83.0712890625
94.6595242,-36.7236328125,71.8798828125,-87.4658203125
94.6734443,-37.5048828125,72.2216796875,-86.0498046875
94.7179279,-37.7978515625,72.8564453125,-70.9619140625
94.7380829,-38.4814453125,74.9560546875,-48.0126953125
94.7753406,-38.8720703125,74.7607421875,-25.7958984375
94.8000143,-39.5068359375,75.4443359375,-10.5126953125
94.8491642,-40.0439453125,76.6162109375,-0.6005859375
94.8783667,-39.9462890625,78.2763671875,5.5029296875
94.8814139,-41.3623046875,77.7880859375,8.7744140625
94.9277431,-41.8994140625,78.4228515625,4.0380859375
94.9467498,-42.2412109375,78.7158203125,-5.8251953125
94.9917815,-42.7783203125,80.0830078125,-15.1025390625
95.0118023,-43.2177734375,79.9853515625,-18.9111328125
95.0506776,-44.3408203125,80.7177734375,-21.6943359375
95.0729404,-44.7314453125,80.4248046875,-25.4052734375
95.1098461,-45.4150390625,80.7666015625,-29.1162109375
95.1301872,-46.3916015625,80.7666015625,-34.1943359375
95.1657267,-46.5380859375,80.1806640625,-38.5888671875
95.1858907,-46.5380859375,80.5712890625,-44.9853515625
95.2274813,-46.9775390625,79.5458984375,-49.7705078125
95.2533496,-46.7333984375,80.2294921875,-53.3837890625
95.2895731,-45.4638671875,79.5458984375,-57.3388671875
95.3098018,-44.3408203125,78.4716796875,-61.2939453125
95.3505837,-42.9736328125,78.9111328125,-64.4189453125
95.3696757,-41.1669921875,78.2763671875,-68.7158203125
95.4064581,-40.7275390625,77.4951171875,-71.1572265625
95.4261919,-38.4814453125,76.5673828125,-74.9169921875
95.4670765,-37.8955078125,76.6650390625,-76.9677734375
95.4876598,-37.8466796875,75.9814453125,-79.4091796875
95.5263814,-37.1142578125,75.2001953125,-81.6552734375
95.5566689,-37.0654296875,75.1025390625,-85.0732421875
95.5948657,-37.1142578125,74.2236328125,-88.4423828125
95.6154067,-37.9443359375,73.9794921875,-92.0068359375
95.6634243,-38.0908203125,73.4423828125,-93.5205078125
95.6839843,-38.6767578125,74.3701171875,-86.9775390625
95.6979877,-38.8232421875,75.0537109375,-64.9560546875
95.7377601,-39.3603515625,76.7626953125,-41.3720703125
95.7578199,-40.2392578125,76.0302734375,-21.1572265625
95.7961396,-40.5322265625,77.0068359375,-7.3876953125
95.8201688,-41.8994140625,78.1298828125,2.0849609375
95.8608233,-41.7041015625,79.0087890625,7.7490234375
95.8812773,-42.0458984375,80.1318359375,7.9443359375
95.9170581,-43.6572265625,80.3271484375,1.5966796875
95.9391201,-43.5595703125,80.9619140625,-8.5107421875
95.9783844,-44.5849609375,82.4267578125,-16.2744140625
95.9994775,-45.0732421875,81.9873046875,-19.6435546875
96.0400607,-45.7080078125,82.8173828125,-22.2314453125
96.0639644,-46.4404296875,82.8173828125,-25.6494140625
96.1025969,-46.5380859375,82.9150390625,-30.3857421875
96.1316149,-47.5634765625,82.8662109375,-35.3662109375
96.1517003,-48.2958984375,82.0361328125,-41.1279296875
96.1809981,-48.4423828125,82.4267578125,-45.8154296875
96.2205972,-48.1005859375,82.0849609375,-50.5029296875
96.254633,-47.4658203125,81.7431640625,-55.1416015625
96.2727261,-45.7568359375,81.6455078125,-58.8037109375
96.3088839,-45.2685546875,80.3271484375,-62.2216796875
96.3332624,-44.2431640625,80.1318359375,-65.4931640625
96.3703077,-42.0947265625,79.6923828125,-68.8134765625
96.39254,-40.0927734375,78.9599609375,-72.6220703125
96.4309793,-38.8720703125,78.4228515625,-75.3564453125
96.4551156,-37.8955078125,77.9345703125,-79.1650390625
96.4924153,-38.0419921875,77.5439453125,-80.4345703125
96.5135619,-37.3095703125,76.1767578125,-83.0224609375
96.5534798,-37.3583984375,75.9326171875,-85.4638671875
96.5724162,-37.4560546875,75.2978515625,-88.9306640625
96.6162523,-37.7490234375,74.3701171875,-92.4462890625
96.6378306,-37.5537109375,73.7841796875,-96.0595703125
96.6736437,-38.2861328125,74.9072265625,-90.6884765625
96.6997787,-38.3837890625,75.0048828125,-69.1552734375
96.7398154,-39.3603515625,76.1279296875,-44.6923828125
96.7588913,-39.7998046875,76.8115234375,-24.9658203125
96.793774,-40.1904296875,77.2998046875,-11.0009765625
96.8138201,-41.2646484375,78.3251953125,-1.4794921875
96.8536278,-41.2158203125,79.7412109375,4.3310546875
96.8760112,-42.2412109375,80.4736328125,5.4052734375
96.9114978,-42.5830078125,81.1572265625,-0.6494140625
96.9351325,-43.7548828125,81.9873046875,-9.3896484375
96.970496,-44.3896484375,83.0615234375,-16.7138671875
96.9968127,-44.9755859375,83.5986328125,-19.9365234375
97.0350982,-45.1708984375,83.9892578125,-23.2080078125
97.05611,-45.7568359375,84.3798828125,-26.3330078125
97.0948364,-46.4892578125,84.3798828125,-30.5810546875
97.1152795,-47.1728515625,84.1357421875,-35.5615234375
97.151429,-48.0029296875,83.2568359375,-41.0791015625
97.177163,-48.2470703125,84.4287109375,-45.9619140625
97.2149476,-48.1982421875,83.8427734375,-50.2099609375
97.2376474,-47.4169921875,83.9404296875,-54.5068359375
97.2780727,-46.2451171875,83.6474609375,-58.0224609375
97.2982971,-44.9267578125,83.2080078125,-61.0498046875
97.3430211,-43.4619140625,82.9638671875,-64.8095703125
97.3640574,-41.8994140625,83.0615234375,-68.4228515625
97.400344,-40.3857421875,82.6708984375,-71.4501953125
97.4201493,-38.7744140625,82.3291015625,-74.1845703125
97.4578153,-38.0908203125,82.5732421875,-75.6005859375
97.4786721,-37.1142578125,80.9619140625,-78.6279296875
97.5171886,-36.8212890625,81.9873046875,-82.0458984375
97.54194,-37.0166015625,80.7666015625,-85.7568359375
97.579011,-36.9677734375,80.5712890625,-89.7119140625
97.6001491,-36.9677734375,80.9130859375,-91.3720703125
97.6372864,-37.7001953125,81.7919921875,-83.6572265625
97.6594134,-37.9931640625,82.6220703125,-62.7099609375
97.6983436,-38.6767578125,83.6474609375,-38.8330078125
97.7218461,-38.3349609375,84.5263671875,-21.4990234375
97.7601117,-39.5068359375,86.0888671875,-9.0966796875
97.7836795,-39.7509765625,86.8212890625,-1.1865234375
97.8210274,-40.4345703125,88.1884765625,2.8662109375
97.8411477,-41.1181640625,89.0185546875,1.8896484375
97.8814295,-42.2900390625,89.3603515625,-5.9716796875
97.9031147,-43.0224609375,90.4345703125,-15.2978515625
97.939526,-43.6572265625,91.0693359375,-21.2548828125
97.9641927,-44.6337890625,92.0458984375,-24.4775390625
98.0005306,-44.7314453125,92.4365234375,-27.5537109375
98.0207438,-45.5126953125,92.5830078125,-31.3134765625
98.0569945,-45.7080078125,92.3876953125,-35.6591796875
98.0800616,-46.5869140625,93.0712890625,-41.0791015625
98.1238508,-47.4658203125,92.3388671875,-45.6201171875
98.1441204,-47.7099609375,92.8271484375,-50.3564453125
98.171995,-48.3935546875,92.2412109375,-55.9716796875
98.2078855,-47.3681640625,92.3876953125,-60.5126953125
98.2333634,-46.4892578125,92.0947265625,-63.6376953125
98.2782293,-45.1708984375,90.9228515625,-66.5185546875
98.296185,-44.2431640625,90.2392578125,-69.7412109375
98.322906,-42.4365234375,89.4580078125,-73.2080078125
98.3724429,-40.7275390625,89.8974609375,-75.7958984375
98.3924844,-39.4091796875,88.5791015625,-78.1884765625
98.4140252,-38.9208984375,88.7744140625,-80.8251953125
98.4656005,-38.5791015625,88.1396484375,-82.7294921875
98.476054,-38.9697265625,86.6259765625,-86.5869140625
98.5152818,-38.6279296875,86.8212890625,-89.8583984375
98.5353786,-38.6767578125,86.1865234375,-93.8134765625
98.5650328,-39.2626953125,86.0400390625,-95.6689453125
98.6040573,-39.3115234375,86.2841796875,-89.5654296875
98.6278518,-39.5068359375,87.4072265625,-67.4951171875
98.6549123,-40.3857421875,87.7490234375,-43.6669921875
98.6930802,-40.9228515625,88.6279296875,-23.9892578125
98.7148205,-41.7529296875,89.7021484375,-9.1943359375
98.7537439,-42.2900390625,90.2392578125,-0.0146484375
98.7730094,-43.0712890625,92.5830078125,6.7236328125
98.8228674,-43.5595703125,93.8037109375,7.6513671875
98.8445666,-43.9990234375,94.0966796875,2.4267578125
98.8686456,-44.7802734375,94.6337890625,-7.4365234375
98.8979868,-45.2685546875,95.6103515625,-14.1259765625
98.9317181,-46.0498046875,95.8544921875,-17.4951171875
98.9592868,-46.7333984375,96.0498046875,-20.5712890625
98.9881504,-46.8798828125,96.0009765625,-24.1845703125
99.0204268,-48.1005859375,95.2197265625,-28.1396484375
99.0484672,-48.9794921875,95.9033203125,-33.4130859375
99.0784235,-49.0771484375,96.0986328125,-38.2958984375
99.1076065,-49.7119140625,94.6337890625,-43.7158203125
99.1580303,-49.9072265625,94.8779296875,-48.1591796875
99.1780961,-49.8095703125,93.8525390625,-51.8701171875
99.2277106,-48.8330078125,93.6083984375,-56.0693359375
99.2286962,-47.3193359375,92.5341796875,-59.6337890625
99.2753679,-46.1474609375,91.4599609375,-63.2470703125
99.2977077,-44.9755859375,90.5810546875,-66.2744140625
99.3512028,-43.2177734375,89.8974609375,-70.0341796875
99.3522587,-41.6064453125,89.0673828125,-73.0126953125
99.3809754,-40.2880859375,88.4326171875,-74.8193359375
99.4278178,-40.3857421875,87.3583984375,-78.0419921875
99.4479721,-39.8974609375,86.7724609375,-80.4345703125
99.4882014,-39.1650390625,85.2587890625,-83.4130859375
99.5107117,-38.8232421875,84.9169921875,-87.1728515625
99.5278235,-39.4580078125,83.3056640625,-90.0048828125
99.5777827,-40.2392578125,83.8916015625,-90.2978515625
99.5986765,-39.7998046875,83.4521484375,-76.6748046875
99.6348774,-40.9716796875,84.6240234375,-52.9443359375
99.6550041,-40.8251953125,85.6494140625,-29.9951171875
99.680295,-41.5576171875,85.6005859375,-12.2705078125
99.713081,-42.7783203125,86.0888671875,0.3759765625
99.7578031,-43.2177734375,87.7978515625,8.3349609375
99.7893672,-43.6572265625,88.3837890625,12.7294921875
99.8034731,-43.9990234375,88.6767578125,10.7275390625
99.8466889,-44.5361328125,89.4091796875,2.0849609375
99.8669609,-45.2197265625,90.5810546875,-7.0458984375
99.9101725,-45.9033203125,90.7275390625,-12.6611328125
99.9303735,-46.7333984375,91.1669921875,-14.5166015625
99.9679259,-46.3916015625,90.8740234375,-17.6904296875
99.9878999,-47.8076171875,90.6298828125,-21.5478515625
100.02599,-47.7587890625,91.1181640625,-26.5283203125
100.0564328,-48.7841796875,90.0927734375,-31.7529296875
100.0727576,-49.5166015625,88.9697265625,-36.7822265625
100.1049469,-49.8583984375,89.5068359375,-41.7626953125
100.1507347,-49.4189453125,88.5791015625,-46.3037109375
100.1729235,-49.4677734375,87.6513671875,-50.1123046875
100.2092556,-47.7099609375,87.0166015625,-53.8232421875
100.2292783,-46.7822265625,86.5771484375,-55.8740234375
100.268296,-45.4638671875,85.7470703125,-60.4638671875
100.2885223,-44.3408203125,85.6982421875,-63.1005859375
100.3374242,-42.3876953125,84.5751953125,-66.0791015625
100.356531,-40.8251953125,84.3798828125,-68.2275390625
100.3990374,-39.8974609375,83.1103515625,-71.1083984375
100.4193642,-40.1416015625,83.2080078125,-74.3310546875
100.432295,-40.4833984375,81.9384765625,-77.3583984375
100.479834,-39.2138671875,81.4990234375,-81.2646484375
100.5005585,-39.4580078125,81.4990234375,-84.0478515625
100.5424691,-39.9462890625,81.7431640625,-82.0458984375
100.5621241,-40.3857421875,82.5732421875,-64.9072265625
100.5987019,-40.6298828125,83.5986328125,-40.9814453125
100.6334602,-41.0205078125,83.6962890625,-20.4248046875
100.6455342,-41.7529296875,84.8681640625,-5.7763671875
100.6957588,-41.8017578125,85.8935546875,3.8916015625
100.7147464,-42.2900390625,86.8701171875,10.0439453125
100.7563212,-43.7548828125,87.0166015625,11.2158203125
100.7772645,-44.0478515625,88.1396484375,4.8681640625
100.8149713,-45.0732421875,88.2861328125,-6.4111328125
100.8351043,-45.3173828125,88.9697265625,-14.4677734375
100.8707264,-46.3427734375,88.7744140625,-18.3251953125
100.8932063,-46.3427734375,89.5556640625,-20.4248046875
100.9305956,-46.7822265625,89.9951171875,-22.8662109375
100.9511272,-47.4658203125,89.7509765625,-27.7001953125
100.9873088,-47.7099609375,89.0185546875,-32.8271484375
101.0076866,-48.6376953125,87.8466796875,-37.6123046875
101.0487135,-49.1259765625,87.9443359375,-42.8857421875
101.0688857,-49.1748046875,87.3583984375,-47.8662109375
101.1068923,-50.3466796875,86.9189453125,-52.5537109375
101.1281697,-49.7607421875,86.1865234375,-55.8740234375
101.1797629,-48.0029296875,86.0400390625,-59.1943359375
101.1994873,-47.1240234375,85.9912109375,-62.5146484375
101.2415143,-45.7568359375,84.4287109375,-66.0791015625
101.2618977,-44.0966796875,83.7451171875,-68.9599609375
101.2812485,-42.2412109375,82.8173828125,-71.7919921875
101.3205975,-41.1669921875,81.9384765625,-74.0869140625
101.3410238,-40.4833984375,81.8408203125,-77.0166015625
101.3805131,-40.5322265625,80.5224609375,-80.0927734375
101.4009172,-40.4833984375,80.0341796875,-83.4130859375
101.4410444,-40.2392578125,79.5947265625,-87.7587890625
101.4611726,-40.7275390625,79.0087890625,-89.1748046875
101.5089458,-41.0205078125,79.3994140625,-79.2626953125
101.5282123,-41.6552734375,80.6689453125,-56.7041015625
101.5642231,-41.8994140625,80.7177734375,-32.4365234375
101.584855,-42.0947265625,80.3759765625,-13.9794921875
101.6231005,-43.2666015625,81.4013671875,-0.1611328125
101.6489831,-43.6572265625,81.4990234375,9.1162109375
101.6860399,-44.6337890625,82.5732421875,14.0966796875
101.7062699,-44.9267578125,83.2568359375,13.4619140625
101.7455266,-46.0498046875,83.4521484375,6.6259765625
101.7659933,-45.7568359375,83.6962890625,-3.3349609375
101.8013329,-45.7080078125,84.0380859375,-10.1708984375
101.8213712,-46.2939453125,84.4287109375,-13.5400390625
101.860977,-47.4169921875,84.8193359375,-15.9326171875
101.8813481,-48.3935546875,85.1611328125,-19.5947265625
101.9212987,-48.3935546875,83.7939453125,-24.3798828125
101.9445158,-48.9794921875,83.7939453125,-30.0927734375
101.9851089,-50.3955078125,83.6962890625,-34.8291015625
102.0054619,-49.9560546875,82.0849609375,-40.0537109375
102.041947,-50.2490234375,81.6943359375,-44.6923828125
102.0620541,-50.5908203125,81.5966796875,-48.2080078125
102.1065861,-49.1748046875,80.3759765625,-52.1142578125
102.1315687,-48.2958984375,80.0341796875,-55.6298828125
102.1704841,-47.1728515625,78.6669921875,-58.3642578125
102.190995,-45.9521484375,77.7880859375,-62.5146484375
102.2287693,-43.9501953125,76.9091796875,-65.4443359375
102.2491379,-42.4365234375,76.8115234375,-68.4716796875
102.2850928,-40.4833984375,76.5185546875,-70.3271484375
102.3054242,-39.5068359375,74.5166015625,-73.1591796875
102.3461983,-39.0185546875,73.7841796875,-76.2353515625
102.3675261,-38.7255859375,73.0029296875,-79.5068359375
102.4052639,-39.0185546875,72.6123046875,-83.5595703125
102.4242914,-37.8466796875,72.9052734375,-85.5126953125
102.4634569,-38.5791015625,72.7099609375,-75.0146484375
102.4834143,-38.7744140625,72.8076171875,-52.3583984375
102.5270792,-38.7255859375,73.0029296875,-28.5302734375
102.5470968,-39.7509765625,73.3935546875,-9.6337890625
102.5841287,-39.8974609375,74.9072265625,4.3798828125
102.6083726,-40.3857421875,75.7861328125,13.5107421875
102.6468561,-41.7529296875,75.9326171875,17.6611328125
102.6690304,-42.2900390625,76.0302734375,17.0263671875
102.7125905,-42.5830078125,76.7626953125,9.3603515625
102.7321429,-43.9990234375,77.0556640625,-0.5517578125
102.7674435,-44.2919921875,77.7880859375,-6.3134765625
102.7877761,-44.1455078125,77.8369140625,-10.0244140625
102.8306655,-45.6591796875,77.9345703125,-12.6123046875
102.8497148,-46.2451171875,77.8857421875,-16.5673828125
102.8879279,-47.2216796875,78.1787109375,-21.6455078125
102.9102785,-47.3681640625,78.1298828125,-27.1142578125
102.946552,-48.4423828125,77.9345703125,-31.7529296875
102.9681642,-48.2958984375,78.1787109375,-36.6357421875
103.0145054,-48.6376953125,77.4462890625,-41.5185546875
103.0311921,-49.3701171875,77.7880859375,-45.4736328125
103.0715809,-47.9541015625,76.4208984375,-49.6240234375
103.0856498,-47.1240234375,76.8603515625,-52.9443359375
103.1299259,-45.4150390625,75.9814453125,-56.6552734375
103.1491244,-43.7548828125,75.6396484375,-59.5849609375
103.1908835,-42.2412109375,75.7861328125,-62.1728515625
103.2111115,-40.0927734375,75.2001953125,-64.9072265625
103.2472387,-38.2861328125,74.7119140625,-67.8369140625
103.2728819,-37.8955078125,74.5654296875,-71.0107421875
103.3092633,-37.4560546875,73.9306640625,-74.8193359375
103.331555,-36.6259765625,74.0283203125,-77.8955078125
103.3711131,-36.6259765625,73.8330078125,-80.5322265625
103.3902099,-36.7236328125,73.8330078125,-77.8955078125
103.4322181,-36.5283203125,74.4189453125,-59.0966796875
103.4543293,-37.4072265625,76.0791015625,-35.6591796875
103.4804385,-37.7978515625,76.9091796875,-14.3701171875
103.5103249,-38.3349609375,78.1298828125,0.1806640625
103.5522112,-39.7509765625,79.1552734375,10.4833984375
103.5702679,-40.5322265625,80.5712890625,15.8544921875
103.6036648,-41.2646484375,80.5712890625,15.3662109375
103.6399362,-42.0458984375,80.4736328125,9.7021484375
103.6646105,-42.2900390625,81.6455078125,-0.6494140625
103.7116153,-43.5107421875,82.7197265625,-7.8271484375
103.721847,-45.0732421875,83.1591796875,-11.8798828125
103.7563204,-44.7802734375,83.3544921875,-14.0283203125
103.7848232,-46.1474609375,83.1591796875,-17.7880859375
103.8205339,-47.0751953125,82.8173828125,-22.6220703125
103.8404326,-48.1982421875,83.2080078125,-28.1884765625
103.8758379,-49.0283203125,82.7685546875,-33.4130859375
103.9031006,-49.4677734375,82.5732421875,-38.7841796875
103.9353944,-50.5419921875,82.7197265625,-44.0576171875
103.9653544,-50.9326171875,82.2314453125,-47.5732421875
103.9922316,-50.4443359375,81.4501953125,-52.0166015625
104.0269601,-49.8583984375,81.5966796875,-55.8740234375
104.0564167,-48.1005859375,81.8896484375,-58.9990234375
104.0822607,-47.4658203125,81.5966796875,-62.6123046875
104.1335432,-45.5126953125,80.8642578125,-65.9326171875
104.155398,-43.8525390625,79.9853515625,-68.1787109375
104.1789811,-42.1923828125,80.3271484375,-70.6201171875
104.2057118,-40.6787109375,80.3759765625,-72.7685546875
104.2338282,-40.5322265625,78.5693359375,-76.3330078125
104.266996,-40.9228515625,78.6669921875,-80.3857421875
104.2969804,-41.3623046875,78.1787109375,-84.0478515625
104.3247481,-40.5810546875,77.4951171875,-85.7080078125
104.3745917,-40.8740234375,78.1298828125,-77.7001953125
104.3949284,-42.1435546875,78.2763671875,-56.1669921875
104.4147627,-42.5830078125,79.3505859375,-30.9228515625
104.4486708,-43.6572265625,80.2294921875,-11.4404296875
104.4753687,-43.7060546875,81.2060546875,3.6962890625
104.5095603,-45.1220703125,81.4013671875,13.7060546875
104.5680986,-46.4404296875,83.6962890625,19.0283203125
104.5690802,-46.8310546875,83.6474609375,20.0048828125
104.5989528,-48.0517578125,84.2333984375,12.8271484375
104.6274838,-48.5888671875,85.9912109375,2.5244140625
104.6566762,-49.6142578125,86.3330078125,-4.3115234375
104.7079429,-50.6884765625,86.1865234375,-7.5830078125
104.7293382,-51.6162109375,86.6748046875,-10.2685546875
104.7458754,-52.5927734375,87.0166015625,-14.9072265625
104.7800515,-53.2763671875,86.1865234375,-18.9599609375
104.8081514,-53.6181640625,86.4306640625,-24.4287109375
104.841674,-54.6435546875,86.6259765625,-29.9462890625
104.868975,-55.7666015625,86.5771484375,-34.6337890625
104.8985477,-55.5224609375,86.2841796875,-39.1259765625
104.9321552,-56.4501953125,86.1865234375,-43.8134765625
104.9772561,-56.8408203125,85.7470703125,-47.5732421875
104.9973516,-55.3271484375,84.9658203125,-51.3818359375
105.0382673,-53.8134765625,84.3798828125,-55.2392578125
105.0583951,-52.4462890625,83.7939453125,-57.5830078125
105.0936073,-50.1025390625,83.3544921875,-60.4150390625
105.114853,-48.6376953125,82.5732421875,-62.6611328125
105.1580565,-46.4892578125,82.7685546875,-66.3720703125
105.1914764,-45.4150390625,82.1826171875,-68.4716796875
105.2006289,-45.1220703125,80.7177734375,-72.4755859375
105.2457738,-44.6826171875,80.5712890625,-75.7470703125
105.2657192,-44.9755859375,80.2783203125,-79.2138671875
105.3070184,-44.0478515625,79.5458984375,-78.7255859375
105.3271257,-45.2197265625,81.2548828125,-62.4169921875
105.3625416,-46.3916015625,82.6220703125,-38.5888671875
105.3850247,-46.6357421875,83.0615234375,-16.1279296875
105.4279508,-46.9287109375,84.3798828125,-0.2587890625
105.4480382,-48.6376953125,85.4541015625,11.0205078125
105.4851818,-48.7841796875,86.1865234375,18.7841796875
105.5053871,-49.5654296875,87.7490234375,20.8349609375
105.5541357,-50.5908203125,89.4091796875,17.7587890625
105.5755905,-50.9326171875,89.7998046875,6.4794921875
105.592612,-52.0068359375,90.8740234375,-3.7255859375
105.6240707,-53.4716796875,91.5087890625,-7.7783203125
105.6632578,-53.7646484375,91.9482421875,-10.2685546875
105.6843899,-54.3994140625,92.1923828125,-13.0517578125
105.7399854,-55.0830078125,92.1435546875,-17.2021484375
105.7602368,-55.9619140625,93.0712890625,-22.2802734375
105.777293,-57.1826171875,93.2177734375,-27.9443359375
105.8149633,-57.3779296875,93.8037109375,-33.1689453125
105.8352028,-58.0615234375,92.7294921875,-38.4423828125
105.8801125,-58.8427734375,92.8759765625,-42.8857421875
105.8999854,-58.7451171875,92.9248046875,-46.7431640625
105.9379315,-58.5009765625,91.8994140625,-50.6982421875
105.9576623,-56.4990234375,92.0947265625,-53.7744140625
106.0031434,-55.6201171875,92.3876953125,-57.5341796875
106.0231516,-54.5458984375,91.6064453125,-59.6826171875
106.0607816,-52.6904296875,91.0693359375,-62.5634765625
106.0800121,-51.0791015625,90.9228515625,-65.2490234375
106.128085,-49.3212890625,89.9951171875,-68.1298828125
106.1484028,-49.8095703125,89.3603515625,-71.8896484375
106.1848929,-49.4677734375,88.3837890625,-76.3330078125
106.1965492,-48.8818359375,88.4326171875,-79.4580078125
106.2394127,-49.0283203125,88.3837890625,-79.8974609375
106.2589731,-49.0771484375,89.1650390625,-67.7392578125
106.3007773,-49.4677734375,89.8974609375,-44.7900390625
106.3213705,-50.5419921875,91.7529296875,-21.3037109375
106.3587384,-50.2490234375,91.9970703125,-3.9208984375
106.379928,-51.0791015625,93.3642578125,8.7255859375
106.4198938,-51.3232421875,95.0732421875,17.7099609375
106.4402164,-52.2509765625,96.0498046875,22.0556640625
106.4805382,-53.5693359375,96.4404296875,20.3955078125
106.5037417,-54.2529296875,97.0751953125,11.4599609375
106.5422519,-54.7900390625,98.0517578125,1.8408203125
106.5634555,-54.8388671875,98.8818359375,-4.2138671875
106.6116793,-56.3525390625,99.6630859375,-7.2900390625
106.6317335,-57.1337890625,98.9794921875,-10.9033203125
106.6461125,-57.3291015625,98.9794921875,-14.4189453125
106.6873787,-58.3544921875,98.7841796875,-20.1318359375
106.7085956,-59.2822265625,99.1259765625,-24.7216796875
106.7517076,-59.2822265625,98.7353515625,-30.2392578125
106.7729087,-59.4287109375,98.8818359375,-35.9521484375
106.8115149,-60.3564453125,97.9541015625,-41.1279296875
106.8466142,-61.4794921875,97.4658203125,-45.2783203125
106.8605541,-61.2841796875,96.2939453125,-49.0869140625
106.9004823,-59.4775390625,96.0009765625,-52.3095703125
106.9218924,-58.9404296875,95.3173828125,-55.8740234375
106.9622166,-57.8662109375,95.1708984375,-59.3896484375
106.9822594,-56.6455078125,93.7060546875,-62.8564453125
107.020213,-54.5458984375,92.9248046875,-65.2001953125
107.0484614,-52.7880859375,92.0947265625,-67.8369140625
107.0890598,-51.5185546875,91.4599609375,-70.4736328125
107.1088442,-50.8837890625,90.3369140625,-74.6728515625
107.1445531,-50.9326171875,89.6044921875,-78.4326171875
107.1645397,-50.9326171875,88.2861328125,-82.3876953125
107.2047514,-50.1025390625,88.7255859375,-81.6552734375
107.227115,-50.2001953125,89.0673828125,-67.1533203125
107.2662532,-51.2255859375,89.8486328125,-41.5673828125
107.2863634,-51.0791015625,89.5068359375,-18.0322265625
107.3222234,-51.9580078125,90.6787109375,-0.2099609375
107.3433472,-52.4951171875,91.0205078125,12.4853515625
107.3842641,-53.0322265625,92.8271484375,21.3232421875
107.4042696,-53.8134765625,93.6572265625,24.8876953125
107.4431247,-54.6923828125,93.6572265625,22.7880859375
107.464486,-55.1806640625,93.8525390625,13.5595703125
107.5003175,-55.8642578125,94.8779296875,4.0380859375
107.5215539,-55.9619140625,94.9755859375,-1.0400390625
107.5679981,-57.2314453125,95.2197265625,-3.8720703125
107.5914612,-57.8173828125,94.6337890625,-6.6064453125
107.6364388,-58.7939453125,95.2197265625,-11.1474609375
107.6589354,-59.1357421875,94.4384765625,-16.4208984375
107.6761044,-59.8193359375,93.8525390625,-22.0361328125
107.7314615,-61.3330078125,93.1201171875,-26.9189453125
107.7535808,-61.0400390625,92.9736328125,-32.1435546875
107.7646776,-62.1630859375,92.1923828125,-36.1474609375
107.8024494,-62.4072265625,91.5576171875,-40.7861328125
107.8225071,-62.5048828125,90.5322265625,-44.2529296875
107.8718065,-60.9912109375,89.9951171875,-48.0126953125
107.8859466,-59.4775390625,89.0673828125,-51.4794921875
107.924161,-59.0869140625,88.4326171875,-54.2626953125
107.9461193,-56.8408203125,88.0419921875,-57.0947265625
107.9835197,-54.9853515625,87.6025390625,-58.8525390625
108.0085204,-53.1298828125,86.3330078125,-61.5380859375
108.049903,-51.9580078125,84.9169921875,-65.1513671875
108.0636257,-51.8115234375,84.4287109375,-68.1298828125
108.0969892,-51.8115234375,83.7939453125,-72.3779296875
108.137909,-51.4697265625,83.5009765625,-73.9892578125
108.1579621,-51.0302734375,83.8427734375,-67.5439453125
108.1993115,-51.0302734375,84.5751953125,-46.1572265625
108.2200243,-51.9091796875,84.8193359375,-21.8896484375
108.2577703,-52.0068359375,86.2353515625,-1.4306640625
108.2889019,-52.9345703125,87.1142578125,11.1669921875
108.3048901,-52.9345703125,88.2373046875,20.9814453125
108.3499656,-52.8369140625,89.2138671875,25.1318359375
108.3690278,-53.8623046875,90.6787109375,24.6435546875
108.409136,-55.2294921875,90.2392578125,15.8544921875
108.4302506,-55.2783203125,91.3623046875,5.4541015625
108.4690038,-55.6689453125,91.5087890625,-0.2099609375
108.4925987,-56.1083984375,91.7529296875,-2.8955078125
108.5302587,-57.0849609375,93.0224609375,-5.9716796875
108.5527998,-57.4755859375,91.8505859375,-10.1220703125
108.5902198,-58.3056640625,91.8994140625,-15.1025390625
108.610118,-58.9892578125,91.7041015625,-19.8388671875
108.6473945,-58.7939453125,92.4853515625,-25.6982421875
108.6719563,-59.6240234375,91.8017578125,-30.2880859375
108.7105245,-60.4541015625,90.2880859375,-35.6591796875
108.7288002,-61.2353515625,90.6298828125,-39.3212890625
108.7706688,-61.1376953125,89.7509765625,-44.0576171875
108.7896148,-60.3076171875,89.2138671875,-47.6708984375
108.8240137,-58.9892578125,88.5302734375,-50.3076171875
108.8520528,-57.9638671875,88.5791015625,-54.5068359375
108.8809867,-56.6943359375,87.5537109375,-57.2412109375
108.9090145,-54.6923828125,86.6259765625,-59.4384765625
108.9422378,-52.7880859375,86.0888671875,-61.9287109375
108.9876086,-51.4208984375,84.8681640625,-64.9072265625
109.0026584,-50.2490234375,84.8193359375,-67.5439453125
109.0313213,-50.5419921875,84.2333984375,-71.7919921875
109.070043,-50.5419921875,83.0126953125,-74.9169921875
109.0939247,-49.7119140625,82.4267578125,-75.6982421875
109.1216236,-50.2001953125,83.7451171875,-62.0751953125
109.1511517,-50.0048828125,84.3798828125,-38.1005859375
109.183526,-50.2978515625,84.8681640625,-14.4677734375
109.2110972,-51.0302734375,85.5517578125,3.5498046875
109.2518269,-50.7861328125,85.9912109375,17.0751953125
109.2721755,-51.4697265625,86.3330078125,25.6689453125
109.3019159,-52.5927734375,87.8955078125,29.7705078125
109.3338041,-52.5927734375,87.7490234375,27.9638671875
109.3637504,-53.9599609375,88.3837890625,18.8818359375
109.3953411,-54.1552734375,88.9208984375,9.1650390625
109.4237217,-54.7412109375,90.0439453125,3.9404296875
109.4538603,-55.0341796875,90.0927734375,0.6689453125
109.4815098,-56.1572265625,89.4091796875,-2.3095703125
109.5142673,-56.5478515625,90.0927734375,-6.8505859375
109.5440556,-57.1337890625,89.3115234375,-11.4892578125
109.5773789,-58.3056640625,89.7021484375,-17.3486328125
109.6066754,-58.0615234375,88.9208984375,-22.3291015625
109.6338015,-59.3798828125,88.6767578125,-27.4560546875
109.6677393,-59.4775390625,88.2373046875,-31.4599609375
109.6946779,-59.2822265625,87.6513671875,-35.5126953125
109.7240188,-60.1611328125,87.5048828125,-40.2001953125
109.7573626,-59.2333984375,86.0888671875,-44.0576171875
109.7875023,-58.1103515625,85.6494140625,-47.8173828125
109.8139081,-56.3037109375,84.4287109375,-50.4541015625
109.8458837,-55.0830078125,84.2333984375,-53.3837890625
109.874932,-53.4228515625,83.1591796875,-55.7275390625
109.9078868,-52.2021484375,82.1337890625,-57.8271484375
109.96069,-50.1025390625,81.1572265625,-61.1962890625
109.9818004,-48.5888671875,80.3759765625,-64.6142578125
109.998953,-48.6376953125,80.2294921875,-67.9833984375
110.0281425,-48.2958984375,78.7646484375,-71.3037109375
110.0700322,-47.8564453125,79.1552734375,-69.9853515625
110.0901327,-48.0517578125,79.6923828125,-53.3837890625
110.1180679,-49.2236328125,79.5947265625,-28.8720703125
110.1455027,-48.7353515625,80.0830078125,-5.4345703125
110.1936498,-49.2236328125,79.7900390625,11.5087890625
110.2139698,-50.3466796875,81.7431640625,24.6435546875
110.2529203,-50.4931640625,82.0849609375,31.7236328125
110.2730093,-50.6396484375,83.0126953125,34.9462890625
110.2969197,-51.6162109375,83.2568359375,31.0400390625
110.3298483,-52.1533203125,83.3056640625,21.4208984375
110.3763344,-52.7880859375,83.7451171875,12.1435546875
110.398295,-53.3251953125,83.5986328125,8.7255859375
110.4360713,-53.5693359375,83.8916015625,5.6494140625
110.4562038,-53.7158203125,83.0615234375,2.4755859375
110.476453,-55.1806640625,84.1357421875,-1.7724609375
110.5094814,-55.7666015625,82.8173828125,-6.7529296875
110.5518265,-56.4501953125,82.4755859375,-12.4658203125
110.5737963,-56.6943359375,83.1103515625,-17.7392578125
110.6130847,-57.0361328125,82.1826171875,-22.8662109375
110.6356913,-57.8662109375,82.2802734375,-27.4072265625
110.6736964,-58.3056640625,81.5478515625,-31.0693359375
110.6961711,-58.6474609375,80.2294921875,-34.6337890625
110.7344159,-58.4521484375,79.3994140625,-38.3447265625
110.7556944,-57.3779296875,80.3759765625,-41.8603515625
110.7951831,-55.9619140625,79.3505859375,-44.7412109375
110.8157451,-53.5205078125,78.0322265625,-47.0849609375
110.8535049,-52.1533203125,77.5927734375,-50.1611328125
110.873818,-50.2978515625,76.9091796875,-52.9443359375
110.9179202,-48.2470703125,75.4443359375,-56.8017578125
110.9380423,-47.0751953125,75.9326171875,-60.1220703125
110.97927,-47.7587890625,75.4931640625,-63.6376953125
110.9996934,-47.1728515625,75.3955078125,-63.2470703125
111.0386991,-47.0263671875,76.5673828125,-50.2587890625
111.0587691,-46.5869140625,77.3974609375,-27.0654296875
111.1021382,-46.9775390625,77.8369140625,-3.9208984375
111.1212708,-47.8076171875,78.3251953125,13.5595703125
111.164218,-48.7353515625,78.6181640625,24.9365234375
111.1855591,-50.3955078125,80.1318359375,31.3818359375
111.2018341,-51.8115234375,80.8642578125,34.3603515625
111.2316025,-53.9111328125,81.9873046875,30.8447265625
111.2892546,-54.4970703125,81.9873046875,19.8583984375
111.3094845,-55.6201171875,83.6474609375,10.6298828125
111.3264364,-56.6943359375,83.3544921875,5.5029296875
111.3546636,-57.5732421875,84.1845703125,3.6962890625
111.3960759,-58.5986328125,83.8916015625,-0.5517578125
111.4161695,-58.3056640625,84.3798828125,-3.4814453125
111.4617323,-59.2333984375,85.0146484375,-8.6572265625
111.4832117,-59.8193359375,85.1123046875,-13.7841796875
111.5231055,-60.6494140625,84.1845703125,-19.1064453125
111.5440919,-61.0400390625,84.6240234375,-25.3076171875
111.5639709,-61.1376953125,84.2822265625,-28.3837890625
111.5969998,-61.7236328125,83.6474609375,-33.3642578125
111.6366207,-62.1630859375,83.5986328125,-36.9287109375
111.6568411,-61.8212890625,83.2080078125,-40.0048828125
111.6942683,-60.5029296875,82.6708984375,-43.8134765625
111.715761,-58.5009765625,82.7197265625,-46.2548828125
111.7565508,-57.7685546875,82.3779296875,-49.0380859375
111.7767375,-55.7666015625,81.2060546875,-51.1376953125
111.8224689,-54.1552734375,80.5712890625,-54.8486328125
111.8370398,-52.4462890625,80.3759765625,-58.5107421875
111.8842606,-51.2744140625,78.8623046875,-62.5146484375
111.9027049,-51.7626953125,79.1064453125,-66.3720703125
111.9398618,-51.7626953125,78.6181640625,-66.1767578125
111.959804,-50.9814453125,79.7900390625,-53.8232421875
111.9987878,-51.3720703125,80.4736328125,-29.9462890625
112.0208534,-51.7138671875,81.0595703125,-5.9716796875
112.0590766,-51.8115234375,81.6455078125,12.9736328125
112.0795967,-52.8369140625,84.0869140625,25.6689453125
112.1072488,-53.2275390625,84.0869140625,34.7021484375
112.138033,-54.1552734375,85.3564453125,38.6083984375
112.1781359,-54.3505859375,85.8447265625,36.5087890625
112.1996016,-55.4248046875,87.0654296875,28.0126953125
112.2413881,-56.0107421875,87.8466796875,17.5634765625
112.262607,-56.8408203125,88.0908203125,12.3876953125
112.3030234,-57.6708984375,88.8720703125,8.6279296875
112.3232342,-57.9150390625,89.3603515625,5.5517578125
112.3598275,-59.3798828125,88.6279296875,1.6943359375
112.3808781,-59.4775390625,89.1162109375,-3.6767578125
112.4204834,-60.2099609375,88.7744140625,-9.5361328125
112.4406743,-60.6982421875,88.5791015625,-14.4677734375
112.4843108,-61.6259765625,88.3837890625,-20.5224609375
112.5032908,-61.8701171875,87.7978515625,-24.8681640625
112.5429735,-62.2119140625,87.2607421875,-29.5556640625
112.564217,-62.9443359375,87.0654296875,-33.3154296875
112.599893,-62.9443359375,86.4794921875,-36.7333984375
112.620308,-61.9677734375,85.9423828125,-40.4931640625
112.667477,-60.5517578125,84.7216796875,-43.4716796875
112.6875651,-58.9892578125,84.1845703125,-46.3525390625
112.7238854,-57.6220703125,83.3544921875,-48.9404296875
112.7440146,-55.5224609375,82.0361328125,-51.8212890625
112.7862327,-53.1787109375,81.4501953125,-54.4580078125
112.8064575,-53.0810546875,81.6455078125,-58.4130859375
112.8443372,-52.1044921875,79.6923828125,-61.8310546875
112.8650245,-52.0556640625,79.7900390625,-65.1025390625
112.9026614,-52.0068359375,79.3994140625,-62.7587890625
112.9237291,-51.7626953125,80.3271484375,-47.3779296875
112.9646076,-52.0556640625,80.5712890625,-22.1826171875
112.9860729,-52.4462890625,81.8896484375,0.9619140625
113.0266201,-53.0322265625,82.1826171875,18.4423828125
113.0469384,-53.7158203125,83.6474609375,31.8212890625
113.0853511,-54.1552734375,84.5751953125,39.3896484375
113.1189414,-54.6923828125,85.6494140625,42.5634765625
113.1312619,-55.1806640625,86.3330078125,38.5595703125
113.1765565,-55.3271484375,86.3818359375,28.5009765625
113.1956904,-57.1826171875,87.5048828125,18.9794921875
113.2344973,-57.6708984375,87.8466796875,14.2919921875
113.2626338,-58.3544921875,87.6513671875,11.6064453125
113.2833367,-59.0380859375,87.7001953125,7.2607421875
113.3306795,-60.1123046875,88.7744140625,3.0615234375
113.3439951,-60.5029296875,88.9208984375,-2.0654296875
113.3884728,-60.9912109375,88.4814453125,-7.6806640625
113.4076942,-61.8212890625,87.9443359375,-13.4423828125
113.4489425,-62.0166015625,88.3349609375,-18.2275390625
113.4628812,-62.3583984375,87.3095703125,-23.3544921875
113.4979796,-63.0908203125,86.5771484375,-27.4072265625
113.5390382,-63.7744140625,86.5771484375,-31.3134765625
113.5584185,-63.1396484375,85.7958984375,-35.0732421875
113.5948432,-62.7490234375,86.1376953125,-38.1982421875
113.6162684,-61.4306640625,84.6728515625,-41.7626953125
113.6577503,-59.9169921875,84.5751953125,-45.2294921875
113.6777493,-58.3544921875,84.5263671875,-46.1083984375
113.7161214,-56.5966796875,83.5986328125,-49.1845703125
113.7375939,-55.1806640625,83.0615234375,-53.8720703125
113.7678887,-54.2529296875,82.3779296875,-57.2900390625
113.7952873,-53.4228515625,81.9873046875,-60.7568359375
113.8282886,-53.3740234375,82.6708984375,-59.6337890625
113.8702149,-52.7880859375,84.1845703125,-43.3740234375
113.8889076,-52.4462890625,85.2587890625,-19.3017578125
113.9351445,-53.0810546875,85.7470703125,2.5732421875
113.9661671,-53.2275390625,86.9677734375,19.1748046875
113.976524,-53.8134765625,88.4326171875,30.1123046875
114.0081898,-54.2041015625,90.1416015625,36.9970703125
114.0371191,-54.4970703125,91.0205078125,38.2666015625
114.0703218,-55.2783203125,91.9482421875,32.9443359375
114.0999375,-55.8642578125,92.1923828125,21.9580078125
114.1263342,-56.7431640625,92.9248046875,13.8037109375
114.1595461,-57.0849609375,93.9013671875,9.6533203125
114.1894797,-57.3291015625,94.8291015625,6.4306640625
114.2222873,-58.0126953125,94.6337890625,2.6220703125
114.2488662,-59.0869140625,93.9501953125,-2.1142578125
114.2782657,-59.5751953125,94.5361328125,-7.1435546875
114.3081991,-60.0146484375,95.0732421875,-12.9052734375
114.3401609,-61.1865234375,94.1455078125,-17.9345703125
114.3697669,-61.4794921875,94.0478515625,-23.4521484375
114.4019445,-61.6748046875,93.6572265625,-28.2861328125
114.4295139,-62.2119140625,94.0966796875,-32.2900390625
114.4595393,-62.7001953125,92.4853515625,-36.1474609375
114.4916622,-63.2373046875,91.9970703125,-40.3955078125
114.5197734,-62.0654296875,91.6552734375,-43.8623046875
114.5527658,-60.7958984375,90.7275390625,-46.9384765625
114.581601,-59.1845703125,90.2392578125,-49.7216796875
114.6101737,-58.5009765625,89.5556640625,-51.3818359375
114.6427464,-56.7431640625,88.5791015625,-56.0205078125
114.6724545,-55.3271484375,88.0908203125,-59.0966796875
114.7011661,-53.7158203125,87.3095703125,-63.4423828125
114.7336913,-53.8134765625,87.0654296875,-65.9326171875
114.7621867,-53.5693359375,88.2861328125,-62.7099609375
114.7917393,-52.9833984375,88.1396484375,-43.4228515625
114.8232085,-52.4951171875,89.6533203125,-18.7158203125
114.8543285,-52.7880859375,89.9951171875,2.9638671875
114.8813885,-53.3251953125,91.1181640625,19.0771484375
114.9134907,-53.6669921875,91.4599609375,30.6005859375
114.9418844,-54.0087890625,93.3154296875,37.6806640625
114.9744392,-54.7412109375,92.9736328125,40.1708984375
115.0027467,-55.4736328125,93.7060546875,34.3603515625
115.0317064,-55.6201171875,95.1220703125,23.7646484375
115.0865089,-56.4013671875,94.8291015625,14.7314453125
115.1078167,-56.5966796875,95.4638671875,10.3857421875
115.1233267,-57.0849609375,96.0986328125,7.4072265625
115.1732162,-57.7685546875,95.6103515625,3.2080078125
115.1940986,-58.0615234375,95.4638671875,-1.0888671875
115.2126675,-59.3310546875,95.1220703125,-6.2158203125
115.2458997,-59.5751953125,95.2685546875,-11.7822265625
115.2736144,-59.4287109375,94.4873046875,-17.0556640625
115.3071251,-61.0888671875,93.7548828125,-22.0849609375
115.336142,-61.4794921875,92.2900390625,-26.3818359375
115.3620175,-61.3330078125,91.6064453125,-30.7763671875
115.4150029,-62.2119140625,91.1669921875,-34.4873046875
115.4453406,-61.8212890625,90.6298828125,-38.3447265625
115.455594,-60.8935546875,89.9462890625,-41.6162109375
115.5088687,-59.3310546875,89.2138671875,-44.6435546875
115.5278388,-58.4033203125,88.3349609375,-46.3037109375
115.5616893,-56.7919921875,86.6748046875,-48.5009765625
115.5806872,-54.9853515625,85.8935546875,-52.3095703125
115.6066097,-53.3251953125,85.2587890625,-56.0205078125
115.63837,-52.2998046875,84.5751953125,-59.3896484375
115.6665024,-51.2255859375,82.2314453125,-62.1728515625
115.695849,-51.0791015625,83.4521484375,-59.6826171875
115.7406048,-50.7861328125,84.2333984375,-42.2021484375
115.7605601,-50.0048828125,84.3798828125,-17.2998046875
115.8025293,-50.8837890625,84.9658203125,4.0869140625
115.8235514,-50.6884765625,84.9658203125,19.8583984375
115.8648621,-50.8349609375,86.2841796875,31.2841796875
115.8857237,-51.5673828125,86.9189453125,38.5595703125
115.9218146,-51.4697265625,87.7001953125,42.1240234375
115.9418573,-52.4462890625,87.7001953125,38.7060546875
115.9823172,-52.2998046875,88.1396484375,28.4521484375
116.0022237,-53.3251953125,89.0185546875,20.5908203125
116.0447223,-53.4228515625,89.0673828125,16.6845703125
116.0638192,-54.4482421875,88.4814453125,13.4130859375
116.103605,-55.1806640625,88.3349609375,9.4091796875
116.1250445,-55.5224609375,88.8232421875,4.8681640625
116.1609487,-55.6689453125,88.0908203125,-0.1123046875
116.1799271,-56.3525390625,87.7978515625,-5.7763671875
116.225379,-56.9384765625,87.7490234375,-10.3662109375
116.2468282,-57.3291015625,86.1376953125,-15.2490234375
116.2867464,-57.9638671875,86.1376953125,-20.4248046875
116.3061839,-58.4521484375,85.2099609375,-23.8427734375
116.3441092,-59.2333984375,83.7939453125,-27.6025390625
116.3643539,-59.1357421875,84.8193359375,-31.0205078125
116.4023326,-58.6962890625,83.0615234375,-34.2919921875
116.4238172,-58.0126953125,82.7197265625,-36.7822265625
116.4607461,-55.7666015625,82.4755859375,-39.4189453125
116.4820426,-53.9599609375,81.9384765625,-42.0068359375
116.5239266,-52.5439453125,80.2294921875,-45.4736328125
116.5443903,-50.7861328125,80.9619140625,-49.0869140625
116.5877913,-49.0771484375,79.9365234375,-53.2373046875
116.6080459,-48.0517578125,79.5458984375,-55.6787109375
116.6463116,-47.4658203125,80.4736328125,-48.9892578125
116.6667621,-47.5146484375,81.6943359375,-28.8720703125
116.712201,-47.4658203125,82.6708984375,-5.8740234375
116.7324973,-47.3681640625,83.0126953125,13.6572265625
116.7694408,-46.8310546875,83.8427734375,26.8896484375
116.7897077,-47.7099609375,84.9658203125,36.2646484375
116.8267523,-47.2216796875,86.4794921875,40.6591796875
116.8468386,-48.1982421875,86.4794921875,41.4404296875
116.8860505,-48.9794921875,88.0908203125,33.0908203125
116.9062172,-49.1748046875,88.6767578125,22.5927734375
116.946731,-49.7607421875,89.1650390625,15.6591796875
116.9664499,-49.8583984375,89.3115234375,12.1923828125
117.0074784,-50.6396484375,89.7509765625,9.4091796875
117.0266083,-51.9091796875,89.3603515625,5.7470703125
117.0680511,-51.5673828125,89.9951171875,0.1318359375
117.0904647,-52.9345703125,89.9462890625,-4.3603515625
117.146432,-53.0322265625,89.0185546875,-10.9033203125
117.1473608,-53.8134765625,88.2861328125,-16.2744140625
117.1768114,-54.0576171875,87.9443359375,-21.4013671875
117.2185414,-54.5947265625,87.7001953125,-25.0146484375
117.2375367,-55.3759765625,86.4794921875,-29.0673828125
117.2767952,-55.8642578125,86.3330078125,-33.4130859375
117.2975196,-55.7666015625,85.5029296875,-36.3427734375
117.3404529,-54.5947265625,85.3076171875,-38.9306640625
117.3595004,-53.4228515625,83.5009765625,-41.2744140625
117.3975527,-52.1044921875,83.5009765625,-44.4482421875
117.4179647,-50.4931640625,82.6708984375,-48.0615234375
117.4448871,-48.4912109375,82.1826171875,-51.8701171875
117.4792264,-47.2705078125,80.6689453125,-55.4833984375
117.5164203,-45.9521484375,81.0107421875,-58.9990234375
117.5375772,-45.0732421875,81.5478515625,-57.2900390625
117.5809065,-45.2685546875,81.7431640625,-40.4931640625
117.6014879,-44.7802734375,82.2314453125,-18.2763671875
117.6500717,-44.7314453125,82.0849609375,3.5986328125
117.6703441,-44.7314453125,82.9638671875,18.1982421875
117.6843057,-44.6337890625,84.0380859375,28.6474609375
117.7339094,-44.8291015625,85.0146484375,35.3369140625
117.7601469,-45.9033203125,85.8935546875,39.1943359375
117.7752148,-46.0498046875,85.5029296875,34.9462890625
117.8232267,-47.2216796875,86.2353515625,24.7412109375
117.8433131,-48.1005859375,86.8212890625,16.4892578125
117.8808177,-48.5888671875,87.2607421875,13.7060546875
117.9018502,-49.1259765625,87.1630859375,10.6298828125
117.9404552,-50.0048828125,87.1630859375,7.1142578125
117.9626917,-50.2001953125,87.1630859375,3.1103515625
118.00684,-51.1767578125,87.3583984375,-2.2119140625
118.0281154,-51.9091796875,86.6748046875,-7.4853515625
118.0644418,-52.5439453125,86.9189453125,-13.5888671875
118.0845432,-53.7646484375,85.5029296875,-18.4228515625
118.1259235,-54.2529296875,84.3798828125,-22.8173828125
118.1460063,-54.5947265625,84.5751953125,-27.5537109375
118.1974682,-55.1318359375,83.0126953125,-31.3623046875
118.1985121,-55.7177734375,82.4267578125,-34.7802734375
118.2584548,-55.2783203125,81.3037109375,-38.2958984375
118.2598289,-53.9599609375,80.9130859375,-40.8837890625
118.3035934,-52.8369140625,79.3017578125,-43.8623046875
118.3259689,-51.1279296875,79.1064453125,-46.6943359375
118.3688985,-49.5654296875,76.7626953125,-50.2099609375
118.3845242,-47.4169921875,76.4697265625,-53.0419921875
118.4266941,-46.5380859375,75.6884765625,-56.9970703125
118.4424301,-45.2197265625,75.7373046875,-59.7314453125
118.486806,-44.8291015625,75.6396484375,-55.0439453125
118.5016012,-45.1220703125,76.4208984375,-35.7080078125
118.5540358,-44.6826171875,76.9580078125,-11.3916015625
118.56346,-44.4873046875,77.0068359375,8.2861328125
118.6084075,-44.5849609375,77.7880859375,20.9326171875
118.6185144,-45.7080078125,78.2275390625,30.4541015625
118.6644156,-46.1962890625,78.7158203125,36.0205078125
118.6852281,-46.7822265625,78.6669921875,37.5341796875
118.7158789,-46.9775390625,78.9111328125,32.2607421875
118.7543492,-48.0029296875,79.7412109375,23.7646484375
118.7764123,-48.6865234375,80.0830078125,17.5634765625
118.8053289,-49.6142578125,80.0830078125,14.2919921875
118.8346789,-50.0537109375,79.9853515625,11.8994140625
118.8679611,-51.1279296875,80.2294921875,8.3837890625
118.9106276,-51.7626953125,79.4970703125,3.6474609375
118.9216386,-52.5439453125,79.6435546875,-0.9912109375
118.9560829,-53.1787109375,79.1064453125,-6.3623046875
118.9982349,-54.4482421875,78.0810546875,-11.3916015625
119.0124614,-54.9365234375,78.6669921875,-16.7138671875
119.0470806,-55.4736328125,77.2021484375,-21.1572265625
119.0873434,-56.1083984375,76.5673828125,-24.8193359375
119.103919,-56.5478515625,76.2744140625,-28.1884765625
119.1504296,-56.7919921875,75.9814453125,-32.2900390625
119.1667879,-56.7431640625,76.1279296875,-35.3662109375
119.1982459,-54.5458984375,75.1025390625,-37.8564453125
119.2259859,-53.8134765625,74.0771484375,-40.0048828125
119.2558148,-52.5439453125,73.5400390625,-43.5205078125
119.288951,-51.1279296875,73.1982421875,-46.6943359375
119.3166077,-49.4677734375,72.4169921875,-50.5029296875
119.3466538,-47.8076171875,71.6845703125,-53.7744140625
119.3791541,-47.6123046875,71.8310546875,-53.8232421875
119.4084471,-47.2705078125,72.9541015625,-40.5908203125
119.4365075,-46.7822265625,73.8330078125,-16.6650390625
119.4678522,-46.6357421875,74.4189453125,4.1845703125
119.4978447,-46.3916015625,75.3955078125,18.4423828125
119.5299241,-46.9775390625,76.9580078125,27.5732421875
119.5581751,-47.3681640625,77.3974609375,34.2138671875
119.5885404,-47.7099609375,78.2763671875,36.7041015625
119.6151119,-48.4423828125,78.7646484375,32.5537109375
119.6487591,-48.8330078125,79.5947265625,23.0810546875
119.6764581,-50.0537109375,79.8876953125,15.5615234375
119.7092252,-50.6884765625,81.6455078125,12.5341796875
119.7403022,-51.7138671875,81.7919921875,10.0439453125
119.7688863,-52.0556640625,81.9873046875,7.7490234375
119.8002121,-52.8369140625,82.3291015625,3.6962890625
119.8297653,-53.3740234375,81.9873046875,-1.1376953125
119.8623106,-54.2529296875,82.7685546875,-6.6064453125
119.890857,-54.2529296875,82.2314453125,-11.8798828125
119.9195011,-54.6923828125,81.8408203125,-17.1044921875
119.9494605,-55.7666015625,81.8896484375,-22.6220703125
119.9799774,-56.7431640625,81.6455078125,-25.6005859375
120.0088895,-56.7431640625,80.7666015625,-29.8974609375
120.0420668,-57.4267578125,80.2294921875,-32.7783203125
