Timestamp,PPG_Forehead,PPG_Earlobe,PPG_Finger
0.00274259999999993,0.185546875,0.185546875,0.185546875
0.00374700000000017,0.185546875,0.185546875,0.185546875
0.00479999999999992,0.185546875,0.185546875,0.185546875
0.00563400000000014,0.185546875,0.185546875,0.185546875
0.00634459999999981,0.185546875,0.185546875,0.185546875
0.00702520000000018,0.185546875,0.185546875,0.185546875
0.00736869999999978,90.7080078125,86.4599609375,82.9931640625
0.0076719999999999,20.6591796875,126.0693359375,17.6513671875
0.00796639999999993,21.4404296875,127.1435546875,28.6865234375
0.00825899999999979,22.0263671875,128.2666015625,37.4267578125
0.00855490000000003,22.2216796875,128.4619140625,41.0888671875
0.00884660000000004,21.6357421875,128.4619140625,40.0146484375
0.00913740000000018,20.9033203125,128.5595703125,37.2314453125
0.00942819999999989,21.2939453125,128.9990234375,33.2275390625
0.00972719999999994,21.3427734375,128.0712890625,29.7119140625
0.0100185000000002,21.1962890625,128.4619140625,26.3427734375
0.0103118000000002,21.5869140625,128.9013671875,23.5107421875
0.0106055,22.2705078125,127.6806640625,21.6064453125
0.0108977000000001,22.2705078125,127.9248046875,18.8232421875
0.0111968,20.8544921875,127.5341796875,16.9677734375
0.0114866999999999,20.4150390625,127.2412109375,14.4287109375
0.0117793000000002,20.4150390625,126.6552734375,11.3525390625
0.0120689,19.3408203125,126.4111328125,7.2021484375
0.012362,17.5830078125,125.9228515625,3.4423828125
0.0126545999999998,17.3388671875,125.7275390625,-1.5380859375
0.0129454999999998,16.9482421875,126.0693359375,-4.5654296875
0.0132368,17.4853515625,125.7275390625,2.3193359375
0.0135299999999998,19.3896484375,126.9482421875,12.0849609375
0.0138194999999999,20.4150390625,126.9482421875,18.7744140625
0.0141125999999998,21.0986328125,127.2900390625,19.6533203125
0.0144099,21.4404296875,126.6552734375,17.6513671875
0.0147053000000001,21.0498046875,127.4365234375,13.8427734375
0.0149979999999998,21.1962890625,126.3134765625,11.2548828125
0.0152944000000002,19.5849609375,126.4111328125,7.7392578125
0.0155897,19.4873046875,125.5810546875,4.2236328125
0.0158865000000001,18.9990234375,125.3857421875,2.6611328125
0.0161758999999999,18.2666015625,125.4833984375,0.4150390625
0.0164708999999998,18.2666015625,125.0439453125,-1.1962890625
0.0167657000000001,18.2177734375,124.1162109375,-2.2705078125
0.0170572999999998,18.0712890625,123.2373046875,-5.1025390625
0.0173504000000002,17.4365234375,122.9443359375,-7.7880859375
0.0176409,16.7529296875,122.9931640625,-12.0361328125
0.0179741999999998,16.1181640625,121.5771484375,-15.2099609375
0.0184557999999999,15.4833984375,121.1376953125,-18.8720703125
0.0187556999999998,15.3857421875,120.9912109375,-18.9697265625
0.0190496000000002,15.9228515625,122.2119140625,-9.4482421875
0.0193474999999999,16.9970703125,122.9931640625,0.7080078125
0.0196421999999998,17.6318359375,123.3349609375,5.7861328125
0.0199406,17.3388671875,122.9931640625,5.3466796875
0.0202312999999998,17.1923828125,122.9931640625,1.6357421875
0.0205302000000001,16.8994140625,122.8466796875,-0.2197265625
0.0208463999999999,17.2900390625,122.8466796875,-3.9794921875
0.0211592999999999,16.8994140625,122.8466796875,-6.9580078125
0.0216622000000002,16.7041015625,121.8701171875,-8.4228515625
0.0220600000000002,16.7529296875,122.5537109375,-9.4970703125
0.0223526999999999,16.1669921875,121.9189453125,-10.3759765625
0.0226495999999998,16.0693359375,121.2353515625,-11.8408203125
0.022942,15.3857421875,120.7470703125,-13.4521484375
0.0232359999999998,14.7998046875,120.4052734375,-15.6982421875
0.0235283000000002,14.7021484375,120.4541015625,-17.9931640625
0.0238242,13.9697265625,119.6240234375,-21.8994140625
0.0241189999999998,13.2861328125,118.5986328125,-25.2197265625
0.0244190999999998,12.7001953125,119.2822265625,-28.2958984375
0.0248008999999998,13.0908203125,120.6982421875,-21.8994140625
0.0251163999999999,14.0185546875,121.4794921875,-10.7666015625
0.0254408000000002,15.9228515625,122.2119140625,-2.0751953125
0.0257356,16.9482421875,122.5048828125,0.7080078125
0.0260341999999998,16.2646484375,123.1884765625,-0.3173828125
0.0263271,16.5576171875,123.4326171875,-2.2705078125
0.0266212000000001,16.9482421875,123.8232421875,-4.0283203125
0.0269218000000002,16.9482421875,124.5068359375,-5.9814453125
0.027215,16.9970703125,125.0927734375,-8.2763671875
0.0275075,16.5576171875,125.1904296875,-9.2529296875
0.0278071,16.2158203125,125.3369140625,-10.2294921875
0.0281883000000001,16.5576171875,125.7763671875,-10.9130859375
0.0284927000000001,15.9228515625,126.0693359375,-12.4267578125
0.0288012000000002,16.1181640625,125.9716796875,-13.2568359375
0.0291049000000001,15.6787109375,126.2646484375,-15.4052734375
0.0294167999999999,14.8974609375,125.7275390625,-17.7978515625
0.0297152000000001,14.6044921875,125.3369140625,-20.9228515625
0.0300240999999999,13.9208984375,125.3857421875,-24.9267578125
0.0303156000000002,13.5791015625,125.5810546875,-22.4365234375
0.0306107,14.7998046875,128.1689453125,-11.0107421875
0.0309040999999999,16.7529296875,128.4130859375,0.9521484375
0.0313032,16.7529296875,129.0966796875,8.5693359375
0.0316046000000001,16.8994140625,129.8291015625,10.7177734375
0.0318996999999999,17.3876953125,130.1708984375,10.8154296875
0.0322007000000002,17.3388671875,129.8779296875,10.3759765625
0.0324936999999998,15.9716796875,130.7080078125,9.5947265625
0.0327845999999998,16.5087890625,130.6103515625,7.5439453125
0.0330800999999998,16.8505859375,130.3173828125,6.6650390625
0.0334767,17.0458984375,130.5615234375,5.7861328125
0.0337670999999999,16.1181640625,130.3173828125,4.9072265625
0.0340588999999998,15.8251953125,130.7568359375,4.2724609375
0.0344001999999999,15.4833984375,130.7080078125,2.6123046875
0.0346910999999999,15.8251953125,130.9521484375,1.0498046875
0.0349832999999999,14.7509765625,130.5126953125,-1.1962890625
0.0352839999999999,14.4091796875,130.6103515625,-4.1748046875
0.0355889999999999,14.0185546875,129.4873046875,-7.5439453125
0.0358792999999999,12.6513671875,129.5849609375,-11.3525390625
0.0361691,12.8466796875,130.2197265625,-6.7626953125
0.0364654,13.5791015625,131.3916015625,6.0302734375
0.0367562000000001,15.1416015625,132.1728515625,17.9931640625
0.0370460000000001,16.0205078125,133.1005859375,26.3427734375
0.0373879000000001,16.8017578125,133.5400390625,28.1005859375
0.0377622999999998,16.7041015625,134.1748046875,28.0517578125
0.0380734,16.8017578125,134.5654296875,28.6376953125
0.0383634000000002,16.7529296875,134.1259765625,26.8310546875
0.0386747000000001,16.3134765625,134.8583984375,24.8779296875
0.0389664000000001,16.1181640625,134.8583984375,23.7548828125
0.0392560999999998,15.6298828125,135.0048828125,23.3154296875
0.0395504,15.3369140625,135.1025390625,22.3876953125
0.0398428000000002,14.5556640625,134.3212890625,21.5087890625
0.0401351999999999,14.3115234375,134.3212890625,19.7021484375
0.0404254000000002,14.3115234375,134.7119140625,17.2607421875
0.0408184,14.3603515625,134.3701171875,13.8916015625
0.0411103000000002,13.2373046875,133.9306640625,10.9619140625
0.0414024999999998,12.4072265625,133.4423828125,7.1044921875
0.0417130000000001,12.0166015625,132.9541015625,3.7353515625
0.0420351999999999,11.0400390625,132.7587890625,3.5888671875
0.0423312,11.8701171875,134.7607421875,14.7705078125
0.0426215999999999,13.3349609375,136.2255859375,29.1748046875
0.0429170000000001,14.2626953125,136.6162109375,39.0869140625
0.0432066999999998,14.7998046875,136.5673828125,43.1396484375
0.0434979000000002,14.8974609375,137.1533203125,43.6279296875
0.0438456999999999,15.0439453125,137.8857421875,43.1884765625
0.0441674999999999,15.2880859375,137.9833984375,41.9189453125
0.0444562999999998,15.2880859375,138.7646484375,40.3564453125
0.0447432999999999,14.7998046875,138.9599609375,38.4033203125
0.0450545,14.4580078125,138.7158203125,35.6201171875
0.0453448000000001,14.6533203125,138.1787109375,34.4482421875
0.0456338999999999,13.9208984375,138.0322265625,33.4716796875
0.0459282000000001,13.7255859375,137.4951171875,31.7138671875
0.0462185000000002,13.2373046875,137.2509765625,30.0048828125
0.0465122,12.9443359375,137.4951171875,26.2451171875
0.0468035000000002,12.6513671875,137.3974609375,22.4853515625
0.0471729999999999,11.9189453125,136.5673828125,18.6767578125
0.0474682999999998,11.0400390625,135.7373046875,14.7216796875
0.0477561999999998,10.8935546875,135.0048828125,9.3994140625
0.0480456,11.6748046875,135.2490234375,8.7158203125
0.0483628999999999,11.4306640625,137.1533203125,19.7021484375
0.0486504000000001,12.7978515625,137.5927734375,34.5947265625
0.0489399000000001,13.9697265625,138.7646484375,46.2646484375
0.0492634000000001,14.7509765625,139.3505859375,50.6591796875
0.0495953999999998,15.2392578125,139.7412109375,51.3916015625
0.0498880000000002,14.4580078125,139.8876953125,50.3173828125
0.0501979000000001,14.7021484375,139.8388671875,48.9990234375
0.0505890999999998,13.7255859375,139.9853515625,46.1181640625
0.0508909000000002,13.9208984375,139.2041015625,43.7744140625
0.0511886000000001,13.6767578125,139.3994140625,41.5771484375
0.0586457,13.6767578125,139.3017578125,40.1611328125
0.0969102999999998,12.8466796875,138.8134765625,38.6962890625
0.1181255,12.3583984375,138.5693359375,36.9873046875
0.1531415,12.0654296875,137.7880859375,34.1552734375
0.1742059,12.2607421875,137.5439453125,30.3466796875
0.2153737,11.5771484375,137.1044921875,27.2216796875
0.241426,10.9423828125,136.2255859375,23.0224609375
0.2780047,10.3564453125,135.2490234375,18.5791015625
0.2981685,10.4541015625,134.6630859375,13.4521484375
0.3356268,9.5751953125,133.5400390625,9.0087890625
0.3558359,8.6962890625,133.8330078125,11.0595703125
0.3976026,9.1357421875,135.2001953125,23.6572265625
0.4191326,10.3564453125,136.0302734375,38.6474609375
0.4558361,11.4306640625,135.7373046875,48.2177734375
0.4816085,12.3095703125,135.6396484375,51.0498046875
0.5177704,12.2607421875,135.2001953125,49.4873046875
0.5397486,12.1142578125,135.2490234375,48.5107421875
0.5763984,11.9189453125,134.7119140625,45.5322265625
0.5969065,12.0654296875,134.7607421875,42.6513671875
0.6353924,12.6513671875,133.1494140625,39.8681640625
0.6597345,12.1630859375,133.7353515625,38.3056640625
0.7022597,12.1142578125,132.4169921875,36.4013671875
0.7223373,11.5771484375,132.6611328125,34.9853515625
0.7594494,11.1865234375,131.2451171875,32.8369140625
0.7814312,10.4541015625,130.6591796875,30.0537109375
0.8208114,10.1611328125,130.1220703125,26.8798828125
0.8420067,9.6240234375,129.5361328125,22.6318359375
0.8784854,8.8916015625,128.8037109375,18.4814453125
0.9000008,8.2568359375,127.7294921875,14.1845703125
0.9408286,8.0615234375,127.4853515625,9.8388671875
0.9599018,7.5244140625,126.8505859375,5.4443359375
0.9980918,7.7197265625,127.2900390625,11.7919921875
1.0205405,7.8173828125,128.6083984375,25.7568359375
1.0607122,10.0146484375,129.1943359375,38.6962890625
1.0816008,10.8447265625,129.0966796875,46.0205078125
1.1231686,11.3330078125,128.9990234375,46.6552734375
1.1451696,11.0400390625,128.8037109375,45.6298828125
1.195899,10.8447265625,128.3154296875,43.2861328125
1.2160818,10.2587890625,128.4619140625,39.6240234375
1.2319974,10.7470703125,128.3642578125,36.4990234375
1.261951,10.2099609375,127.5341796875,34.3994140625
1.3041279,10.2587890625,126.8994140625,34.4482421875
1.3244825,10.2099609375,126.2158203125,33.3251953125
1.3620109,9.5751953125,126.3134765625,31.0791015625
1.3933628,9.7216796875,126.1669921875,28.9306640625
1.4295792,9.0380859375,126.0693359375,25.0244140625
1.449874,8.5986328125,125.5810546875,21.3134765625
1.4880578,8.3056640625,125.3857421875,18.1884765625
1.5184942,7.7685546875,124.5556640625,13.2568359375
1.5293624,7.5732421875,123.8232421875,9.1552734375
1.57672,6.8896484375,122.9931640625,5.2490234375
1.5992043,6.5966796875,123.2861328125,11.5966796875
1.6370244,7.5244140625,125.3369140625,26.0986328125
1.6585557,9.0869140625,125.9716796875,40.3076171875
1.6951865,9.8681640625,125.6298828125,49.8291015625
1.7142877,10.4052734375,126.2646484375,51.7822265625
1.7512287,11.1376953125,126.2646484375,51.7333984375
1.7788138,10.8447265625,126.2646484375,50.8056640625
1.8176526,10.6982421875,127.0947265625,49.0966796875
1.8375962,10.8935546875,126.8017578125,46.6064453125
1.8729757,11.1865234375,126.7041015625,44.2626953125
1.8960473,10.5517578125,126.6064453125,42.8466796875
1.9391212,10.0146484375,125.9716796875,41.6748046875
1.9581713,10.2099609375,126.4111328125,39.7705078125
1.9972999,9.6728515625,126.0693359375,37.5244140625
2.0168938,10.1611328125,126.2158203125,34.6435546875
2.0537564,9.7705078125,125.1904296875,30.9814453125
2.074591,9.5263671875,124.9462890625,27.6123046875
2.116285,8.9404296875,124.8974609375,23.3154296875
2.1374134,7.5732421875,124.1162109375,18.5302734375
2.1781472,7.5244140625,123.6767578125,14.3798828125
2.1984689,7.6220703125,124.7509765625,20.1904296875
2.2375191,7.3291015625,126.0205078125,36.1572265625
2.2566439,8.6962890625,126.9482421875,51.7333984375
2.3061874,9.7216796875,128.0224609375,62.5244140625
2.3372942,9.9658203125,129.1943359375,65.8447265625
2.3474273,10.9912109375,128.8525390625,66.9189453125
2.3868734,11.2841796875,129.9755859375,66.7724609375
2.4070048,11.4794921875,129.3896484375,65.9912109375
2.4471469,11.8701171875,129.9755859375,63.5498046875
2.4675902,12.2607421875,130.1708984375,61.6943359375
2.5096761,11.5771484375,130.8056640625,59.7900390625
2.5319167,11.9677734375,129.5849609375,58.7158203125
2.5695137,11.6748046875,130.1220703125,57.5439453125
2.5908566,10.8447265625,129.8779296875,55.1513671875
2.6291623,10.3564453125,129.8291015625,51.4892578125
2.6483923,9.4775390625,129.2919921875,47.7783203125
2.6905843,9.6240234375,128.9990234375,43.9697265625
2.7119223,8.8916015625,128.0224609375,38.7451171875
2.7396538,8.2568359375,127.8759765625,33.9111328125
2.7801389,7.5244140625,126.7041015625,29.5166015625
2.8002088,7.6708984375,127.3388671875,25.0244140625
2.8497626,7.1337890625,127.0947265625,30.5419921875
2.880965,7.1826171875,128.9501953125,46.0693359375
2.89216,8.4521484375,130.1220703125,62.6220703125
2.929627,10.2099609375,130.5126953125,72.6806640625
2.9520483,10.2099609375,131.0498046875,75.8544921875
2.9930905,10.8447265625,132.1728515625,76.0498046875
3.0108684,10.8935546875,132.4169921875,76.1962890625
3.0436399,10.8935546875,132.5146484375,74.7802734375
3.0837393,11.9189453125,132.2216796875,72.2412109375
3.1057005,11.6748046875,132.5146484375,69.2626953125
3.1334948,11.2353515625,132.8564453125,67.7490234375
3.163825,11.4306640625,132.4658203125,65.1123046875
3.2020772,11.3818359375,132.1240234375,63.3056640625
3.2251926,10.8447265625,131.8310546875,61.5966796875
3.2637425,10.5517578125,132.2705078125,58.4228515625
3.2827777,9.6728515625,131.7333984375,54.2236328125
3.3150277,9.7705078125,131.3427734375,49.8779296875
3.3530493,8.6474609375,131.2451171875,45.6298828125
3.3742699,7.6708984375,130.5126953125,40.8447265625
3.4063309,7.4267578125,129.3408203125,35.7177734375
3.442845,7.3291015625,128.4619140625,31.5185546875
3.4664191,6.6455078125,128.5107421875,26.7333984375
3.4940513,5.8154296875,128.5107421875,28.4912109375
3.5231667,5.9619140625,129.1455078125,43.7255859375
3.5547497,6.8896484375,130.4150390625,59.5458984375
3.5848584,8.4521484375,131.1962890625,70.5810546875
3.6219779,8.6474609375,131.4892578125,74.9755859375
3.6466238,9.3798828125,131.7822265625,75.6591796875
3.6848384,9.4775390625,132.2705078125,75.6103515625
3.7080785,10.0634765625,132.3193359375,75.3173828125
3.7362495,10.2587890625,132.0751953125,72.5341796875
3.7642461,9.8681640625,131.5380859375,69.2626953125
3.7966401,9.7705078125,131.3427734375,67.6513671875
3.825872,10.0634765625,131.0986328125,66.0888671875
3.8582975,9.3798828125,130.8056640625,63.4033203125
3.8865241,8.4521484375,130.1220703125,61.4501953125
3.9159215,7.5732421875,129.4873046875,58.8623046875
3.9508109,7.7197265625,129.6826171875,54.6630859375
3.9766127,7.9638671875,128.2177734375,51.1474609375
4.026458,6.6943359375,128.1201171875,46.5087890625
4.0382812,6.3525390625,127.4365234375,42.3095703125
4.0679656,6.0107421875,126.2158203125,38.2568359375
4.0965032,5.3759765625,125.9716796875,33.6181640625
4.160331,4.9365234375,125.0439453125,29.1748046875
4.1613209,4.6923828125,124.2138671875,24.6826171875
4.1903915,4.4482421875,125.1904296875,27.4658203125
4.2189357,3.7646484375,125.9228515625,41.2353515625
4.2456713,3.2275390625,126.9482421875,56.4208984375
4.2966233,5.0830078125,126.8505859375,65.5517578125
4.3089724,6.1083984375,127.0458984375,67.8955078125
4.3564905,6.8408203125,127.2900390625,66.3330078125
4.3779578,7.2802734375,127.0458984375,65.6494140625
4.4262177,7.3779296875,126.6064453125,64.2333984375
4.4561627,7.5244140625,126.8994140625,61.0595703125
4.4591274,6.9384765625,125.7275390625,58.4228515625
4.488571,7.7685546875,125.5810546875,56.2744140625
4.5225035,6.8408203125,125.3369140625,54.9072265625
4.5648567,5.9619140625,125.6298828125,53.9794921875
4.5847713,6.1083984375,125.1904296875,51.8310546875
4.6279467,5.5224609375,124.2626953125,48.8525390625
4.6480581,4.9853515625,123.1396484375,45.8251953125
4.6840761,4.4970703125,122.4560546875,41.4306640625
4.7052482,4.2529296875,122.3095703125,36.9384765625
4.7478136,2.8369140625,121.4306640625,32.2998046875
4.7679882,2.8369140625,121.0400390625,28.4423828125
4.8086456,2.6416015625,120.1123046875,24.3896484375
4.8279062,2.4462890625,118.5986328125,20.1416015625
4.8638746,1.3232421875,119.3310546875,18.4326171875
4.8854076,0.4443359375,119.1845703125,28.0029296875
4.9363691,0.4931640625,120.3564453125,42.2607421875
4.9578535,1.6162109375,121.0888671875,53.2470703125
4.972261,3.3740234375,121.7236328125,56.5673828125
5.0167907,3.7158203125,121.6748046875,56.2255859375
5.0476972,3.6181640625,121.8212890625,54.6630859375
5.0644117,4.4482421875,122.0654296875,53.8330078125
5.10642,5.2294921875,122.2607421875,50.4638671875
5.1279161,4.6435546875,121.5771484375,47.9736328125
5.165529,4.3994140625,121.9677734375,45.9228515625
5.1858514,4.6923828125,122.0166015625,45.3369140625
5.225997,4.2529296875,121.4306640625,44.1650390625
5.2474556,3.8623046875,121.5771484375,42.1142578125
5.2842242,3.8134765625,120.7470703125,38.9404296875
5.3055428,3.4228515625,120.6005859375,35.7666015625
5.3492133,3.0322265625,120.1611328125,31.8603515625
5.3692277,2.0068359375,119.8681640625,27.3681640625
5.4072352,1.6162109375,118.8916015625,22.9736328125
5.4273168,0.9326171875,118.5986328125,18.8720703125
5.4666684,1.1279296875,118.1591796875,14.5263671875
5.4869252,0.5908203125,117.6708984375,10.0830078125
5.5265535,0.0048828125,117.7685546875,11.4501953125
5.5467723,-0.4833984375,119.0380859375,21.9482421875
5.5891121,-0.7275390625,118.8427734375,33.8623046875
5.6114915,1.1767578125,120.2099609375,41.6259765625
5.6480114,2.6416015625,120.8447265625,43.5302734375
5.6694102,2.4951171875,120.5029296875,42.9931640625
5.7096184,3.5693359375,120.8447265625,41.8701171875
5.7291096,3.5205078125,121.5771484375,41.3330078125
5.7650498,3.9111328125,121.2841796875,37.2802734375
5.7896673,4.0087890625,121.4794921875,35.0341796875
5.8275445,4.1552734375,120.7958984375,33.0322265625
5.8491761,3.7646484375,121.2841796875,30.7373046875
5.8862404,3.8134765625,120.6982421875,29.1748046875
5.9084136,3.6181640625,120.1123046875,26.7822265625
5.9457266,2.7392578125,120.4052734375,23.5595703125
5.9659795,1.9091796875,120.0634765625,20.7763671875
6.0087662,1.4697265625,119.4775390625,16.7724609375
6.0312728,1.2744140625,119.2822265625,12.1826171875
6.0711577,0.5908203125,118.9404296875,8.7158203125
6.0913188,-0.4345703125,117.9638671875,3.7353515625
6.1304591,-1.0205078125,117.5732421875,0.1708984375
6.1509258,-1.3134765625,116.7431640625,-4.1259765625
6.190958,-1.9970703125,116.7919921875,-7.8369140625
6.210897,-2.0458984375,116.6943359375,-2.4169921875
6.249179,-2.4365234375,117.8662109375,9.2529296875
6.2697899,-2.2900390625,118.7451171875,18.8720703125
6.3115293,0.3955078125,119.2333984375,23.3642578125
6.3321511,1.4697265625,119.5263671875,23.4130859375
6.3713378,2.0068359375,120.5029296875,22.2900390625
6.3928943,1.9091796875,120.3076171875,21.5576171875
6.43112,2.2021484375,120.3564453125,20.4345703125
6.4499941,2.0556640625,120.7958984375,18.1396484375
6.4902337,2.0556640625,120.0634765625,16.2353515625
6.5121039,2.4951171875,120.0634765625,13.3056640625
6.562082,2.2021484375,119.5751953125,12.4755859375
6.5822097,1.7626953125,119.2333984375,11.5966796875
6.6268429,1.6650390625,119.1845703125,8.7158203125
6.6596171,1.3720703125,119.2333984375,6.2744140625
6.6607166,0.8349609375,118.1591796875,3.3935546875
6.7037425,-0.1904296875,117.6220703125,-0.7080078125
6.7251388,-0.7275390625,116.6943359375,-4.7119140625
6.7618535,-1.3134765625,116.4013671875,-7.7880859375
6.781051,-1.6552734375,115.7666015625,-10.7666015625
6.8181413,-2.2900390625,115.5712890625,-14.5751953125
6.8441972,-3.6083984375,114.3994140625,-17.6025390625
6.8849761,-2.9736328125,113.7158203125,-21.0693359375
6.9053131,-3.5107421875,113.5205078125,-22.0458984375
6.9459938,-4.2919921875,114.7900390625,-12.9150390625
6.9661131,-4.3896484375,115.1806640625,-2.4169921875
7.0162131,-3.4130859375,115.7666015625,5.2001953125
7.0363327,-1.0693359375,116.1083984375,7.1533203125
7.0526229,-0.4345703125,116.4013671875,6.1767578125
7.0866956,0.0537109375,116.2548828125,5.9814453125
7.1266186,0.6884765625,116.2060546875,5.2001953125
7.1484563,0.6884765625,116.3525390625,4.3212890625
7.1939568,0.6884765625,115.6689453125,1.5380859375
7.2044413,0.9326171875,115.2294921875,-0.2197265625
7.2453446,0.9814453125,115.6201171875,-2.2216796875
7.2667386,0.9326171875,114.1064453125,-3.2470703125
7.3038128,0.6884765625,114.1064453125,-3.9306640625
7.3292376,0.0048828125,113.3251953125,-5.9326171875
7.3664293,-0.3857421875,112.4462890625,-8.6669921875
7.3865643,-0.8251953125,112.0068359375,-11.2548828125
7.4288912,-1.4111328125,111.2255859375,-14.6240234375
7.4502064,-2.6318359375,110.5419921875,-18.9697265625
7.4763329,-2.5341796875,109.4189453125,-22.5830078125
7.5199872,-3.7060546875,108.4423828125,-25.9521484375
7.5392241,-3.9990234375,108.0517578125,-28.6865234375
7.5773951,-4.3408203125,107.0751953125,-31.6162109375
7.5995364,-4.7802734375,105.9521484375,-34.4970703125
7.6356565,-5.4638671875,105.2685546875,-37.5732421875
7.6591925,-6.4404296875,105.6591796875,-31.2255859375
7.695989,-6.7333984375,105.8544921875,-19.2626953125
7.7163269,-6.3916015625,106.8798828125,-9.9853515625
7.7611025,-5.0244140625,106.0498046875,-6.6162109375
7.7820992,-3.3154296875,105.9521484375,-6.5673828125
7.8202787,-2.8759765625,106.9287109375,-7.0556640625
7.8411042,-2.7783203125,106.2451171875,-8.0810546875
7.8795259,-2.3876953125,105.8544921875,-9.5947265625
7.9114807,-2.5341796875,105.7080078125,-11.7431640625
7.9323588,-2.2412109375,105.5615234375,-13.2568359375
7.9699194,-2.2412109375,104.9755859375,-14.6728515625
7.9914376,-2.4365234375,104.3408203125,-14.8193359375
8.0287848,-3.0712890625,103.5107421875,-15.9912109375
8.050126,-2.8759765625,103.3642578125,-17.2119140625
8.0897076,-2.6806640625,102.7294921875,-19.5068359375
8.1110294,-3.7060546875,102.2900390625,-21.8994140625
8.1536033,-4.5849609375,101.7041015625,-24.4384765625
8.1699834,-4.9267578125,101.2646484375,-28.1982421875
8.2135629,-5.5615234375,100.1416015625,-30.3955078125
8.2314225,-6.9287109375,99.5068359375,-33.8623046875
8.2737704,-6.8310546875,98.5302734375,-36.5966796875
8.2919085,-6.6845703125,97.6513671875,-39.5751953125
8.3322849,-7.7587890625,97.8955078125,-40.5029296875
8.3526692,-7.9052734375,98.9208984375,-32.2021484375
8.3822527,-8.9306640625,99.3603515625,-20.1416015625
8.4234003,-8.7841796875,100.2392578125,-10.6689453125
8.441119,-6.6845703125,100.0927734375,-7.7392578125
8.4706799,-5.5126953125,100.5322265625,-8.1787109375
8.5034564,-5.2685546875,100.4345703125,-8.2275390625
8.5402907,-4.8291015625,99.8486328125,-8.1298828125
8.5594938,-5.2685546875,100.5322265625,-9.7412109375
8.602399,-4.5361328125,99.9951171875,-11.4501953125
8.6225893,-3.9013671875,99.9462890625,-12.3291015625
8.6516328,-4.0966796875,100.0439453125,-11.8896484375
8.6834056,-4.0478515625,99.9951171875,-12.8662109375
8.7129017,-4.3896484375,99.2626953125,-13.7939453125
8.7432638,-4.2431640625,98.9697265625,-14.4287109375
8.7727609,-4.9755859375,98.7744140625,-17.0166015625
8.8036995,-4.9267578125,97.9931640625,-18.9208984375
8.8360897,-5.4638671875,97.6025390625,-21.5087890625
8.8637659,-5.8544921875,96.7724609375,-23.7060546875
8.8926255,-6.7822265625,96.3818359375,-26.8310546875
8.9251962,-7.6123046875,95.8935546875,-29.6630859375
8.9612658,-7.7099609375,95.5517578125,-31.7626953125
8.9844999,-8.1494140625,95.9423828125,-25.4638671875
9.0161632,-9.0771484375,97.2607421875,-11.8896484375
9.0448721,-8.8330078125,97.7978515625,-0.9521484375
9.0724393,-7.2216796875,98.6767578125,5.8349609375
9.105882,-5.9033203125,98.9697265625,7.6416015625
9.1346127,-4.7314453125,98.5302734375,7.7880859375
9.1667903,-4.4873046875,99.3603515625,9.7900390625
9.1956905,-3.9501953125,99.5068359375,9.8876953125
9.2234524,-3.8037109375,99.7509765625,8.5693359375
9.2583305,-3.8525390625,99.8974609375,7.5927734375
9.2871819,-4.0478515625,99.5556640625,6.9580078125
9.3201425,-4.1455078125,99.4091796875,7.4462890625
9.3483076,-4.0478515625,99.3115234375,6.5673828125
9.3769854,-4.0966796875,98.8720703125,5.6396484375
9.4047535,-5.0732421875,98.9697265625,3.4423828125
9.4382128,-5.2197265625,98.5302734375,1.3916015625
9.4652017,-6.2451171875,97.4560546875,-1.3427734375
9.4985251,-6.6357421875,97.6513671875,-4.2236328125
9.5268585,-7.4658203125,96.7236328125,-7.6416015625
9.5561757,-8.4912109375,96.4306640625,-10.2294921875
9.6087878,-8.8330078125,95.9912109375,-12.8662109375
9.6282926,-9.3701171875,95.7958984375,-14.3798828125
9.6455568,-9.8583984375,96.0888671875,-7.9345703125
9.6965623,-10.2001953125,97.6513671875,5.8837890625
9.7164659,-10.1025390625,97.7001953125,18.6767578125
9.7375007,-8.5400390625,98.6279296875,25.6591796875
9.7707284,-7.4169921875,98.8720703125,30.1513671875
9.797733,-6.4404296875,98.8720703125,32.5439453125
9.8330295,-5.6103515625,99.5068359375,34.9365234375
9.859201,-5.4638671875,100.0927734375,34.7412109375
9.8889319,-4.9267578125,100.0439453125,33.9599609375
9.9377563,-4.5361328125,99.7021484375,32.6904296875
9.9580725,-5.0244140625,99.9462890625,31.7138671875
9.9775966,-5.3173828125,100.1904296875,30.8837890625
10.027352,-5.1708984375,100.5322265625,30.8837890625
10.0487914,-5.2197265625,99.9951171875,29.9560546875
10.0847593,-5.3173828125,99.4091796875,27.9052734375
10.1039971,-6.0009765625,99.7998046875,25.5126953125
10.128663,-6.7333984375,98.9697265625,21.8994140625
10.163307,-7.0263671875,98.9697265625,18.6279296875
10.2098554,-7.4658203125,98.3349609375,15.3564453125
10.2302354,-8.7841796875,97.4072265625,12.2314453125
10.2709482,-9.1259765625,97.0166015625,8.8134765625
10.292081,-9.2236328125,96.1865234375,5.9814453125
10.3280085,-10.0048828125,96.0888671875,2.5634765625
10.3478743,-10.0537109375,95.6982421875,2.2705078125
10.3900009,-11.0302734375,96.6259765625,13.0615234375
10.4090312,-11.4697265625,97.9443359375,26.8310546875
10.4464974,-11.5673828125,98.2861328125,37.5244140625
10.4687787,-10.8837890625,98.7744140625,42.6513671875
10.5078399,-8.9306640625,99.1162109375,44.8974609375
10.5269811,-7.6611328125,98.7744140625,46.7529296875
10.5689631,-7.5146484375,99.4091796875,46.8017578125
10.5893476,-6.0986328125,99.5068359375,46.7041015625
10.6281117,-6.4892578125,99.0673828125,44.7998046875
10.6482197,-5.8544921875,98.6279296875,43.7255859375
10.6850589,-6.4404296875,98.4814453125,42.3095703125
10.7051441,-6.4892578125,97.8955078125,41.4794921875
10.7501539,-6.3427734375,98.0908203125,40.3564453125
10.7707789,-6.7333984375,97.1142578125,38.9892578125
10.8089928,-7.5146484375,97.1142578125,35.9130859375
10.8296409,-8.0517578125,95.6494140625,32.6904296875
10.8658658,-8.6865234375,95.1123046875,29.4677734375
10.8859557,-8.2470703125,94.7216796875,25.8056640625
10.9319655,-9.4677734375,93.8427734375,21.8505859375
10.956854,-10.1025390625,93.2080078125,17.9443359375
10.9733799,-10.5419921875,92.3779296875,14.4287109375
11.0063484,-10.8349609375,91.6455078125,10.9619140625
11.0492718,-11.9091796875,90.9130859375,8.3251953125
11.0695846,-12.7880859375,89.6435546875,4.6630859375
11.1089033,-12.7392578125,88.5205078125,0.5615234375
11.1305467,-13.4228515625,88.7646484375,-0.8544921875
11.1694181,-14.1064453125,89.4970703125,9.2041015625
11.1884721,-15.2783203125,90.2294921875,23.4130859375
11.2285135,-15.6201171875,90.6689453125,33.2275390625
11.2486357,-13.9599609375,91.4013671875,37.4755859375
11.2914859,-11.9091796875,91.1083984375,38.9892578125
11.3126836,-10.9814453125,91.2060546875,39.0869140625
11.3496767,-10.1025390625,91.6455078125,39.2333984375
11.3711257,-10.2978515625,91.4990234375,38.1103515625
11.4092436,-9.8583984375,91.7431640625,35.5712890625
11.4310507,-10.0537109375,90.8154296875,34.8388671875
11.46831,-9.4677734375,90.1318359375,34.4970703125
11.4885714,-9.9072265625,89.5947265625,33.6181640625
11.5310745,-9.9072265625,89.1064453125,33.1787109375
11.5511166,-10.0537109375,88.8623046875,32.3486328125
11.5946922,-10.2001953125,88.1298828125,29.3701171875
11.6147794,-11.3232421875,87.4951171875,27.3193359375
11.6541438,-11.2744140625,87.0556640625,23.8037109375
11.6741642,-11.9580078125,86.1279296875,21.1181640625
11.7117555,-13.2275390625,85.8349609375,16.9677734375
11.7398978,-13.4228515625,85.4443359375,14.3310546875
11.777246,-13.8623046875,84.1748046875,10.4736328125
11.7988465,-14.7412109375,83.1005859375,7.6904296875
11.8171138,-14.6435546875,82.6123046875,3.9306640625
11.8511472,-15.2783203125,83.4423828125,7.2998046875
11.8919776,-15.6201171875,84.5166015625,18.5791015625
11.9121084,-16.0595703125,84.6142578125,30.4443359375
11.9531414,-15.5712890625,85.1025390625,38.4521484375
11.9754402,-13.9599609375,85.1025390625,40.5517578125
12.0167055,-12.5439453125,86.7138671875,41.2841796875
12.0505096,-12.2021484375,86.8603515625,41.1376953125
12.0584628,-11.3232421875,87.2509765625,42.1630859375
12.1054526,-11.1767578125,86.7626953125,39.6240234375
12.1266641,-10.5419921875,87.3974609375,38.5009765625
12.1672492,-10.3466796875,86.8603515625,37.0849609375
12.187734,-10.2001953125,87.6416015625,36.1083984375
12.2385598,-10.5419921875,86.9580078125,35.4248046875
12.2702691,-10.8837890625,86.0302734375,34.0576171875
12.2713738,-10.7861328125,86.2744140625,31.5673828125
12.3152826,-11.3720703125,85.9326171875,28.8330078125
12.337649,-11.6650390625,85.1513671875,25.5615234375
12.3771802,-11.8115234375,85.0048828125,21.9970703125
12.3986179,-12.6904296875,85.2978515625,19.1650390625
12.4381388,-13.5205078125,83.8818359375,15.6005859375
12.4581715,-14.3017578125,82.6123046875,11.7919921875
12.4992174,-14.5947265625,83.4912109375,8.5693359375
12.5207567,-14.6923828125,83.1982421875,9.3017578125
12.5604889,-15.1806640625,84.5166015625,19.6044921875
12.5800594,-15.5712890625,85.0048828125,32.7880859375
12.6177866,-15.9619140625,85.8349609375,42.7001953125
12.6392264,-14.1552734375,86.3232421875,46.1669921875
12.6749885,-11.8603515625,86.5185546875,47.5341796875
12.6953586,-11.7626953125,87.5439453125,47.8759765625
12.7366781,-10.9326171875,87.4462890625,49.3408203125
12.7581252,-10.7373046875,87.4951171875,48.0712890625
12.7945282,-10.1025390625,88.2763671875,46.6064453125
12.8150562,-9.7607421875,87.5927734375,44.5556640625
12.8579269,-9.6630859375,88.7158203125,43.0908203125
12.8796884,-9.6630859375,88.1787109375,43.0419921875
12.9210166,-9.8583984375,88.7646484375,41.7236328125
12.9400867,-9.8095703125,88.4716796875,39.0380859375
12.978901,-10.1513671875,88.3251953125,36.4990234375
12.9993831,-11.1767578125,88.3251953125,32.8857421875
13.0379927,-10.7861328125,87.9345703125,29.0771484375
13.0604156,-11.7626953125,87.8369140625,25.6103515625
13.1019198,-13.4716796875,87.2509765625,21.6064453125
13.1224498,-13.0810546875,86.2744140625,18.9697265625
13.1589437,-13.8623046875,86.0791015625,14.4287109375
13.1789806,-14.8876953125,85.5419921875,10.6201171875
13.2228726,-14.7900390625,85.9326171875,9.3017578125
13.2421892,-15.0830078125,86.2744140625,17.1630859375
13.2775846,-15.8642578125,87.6904296875,30.9814453125
13.2967513,-16.1572265625,88.4716796875,41.8701171875
13.3435146,-15.6689453125,89.0087890625,48.1201171875
13.3630741,-13.5205078125,89.3994140625,50.1220703125
13.4040465,-12.6904296875,90.6689453125,52.3193359375
13.4191961,-11.8603515625,90.5712890625,53.9794921875
13.4774292,-11.1279296875,91.1083984375,53.4912109375
13.4783766,-10.2001953125,91.3037109375,52.3681640625
13.5198191,-10.3955078125,91.3525390625,50.0244140625
13.5542172,-10.2001953125,91.2060546875,48.7060546875
13.5703238,-10.3955078125,92.0361328125,47.9248046875
13.5998992,-11.0791015625,91.7431640625,46.7529296875
13.6269479,-10.4931640625,91.0107421875,44.6533203125
13.6727958,-11.0302734375,90.9619140625,41.9677734375
13.6891023,-11.7626953125,91.0595703125,39.0869140625
13.7350665,-12.1533203125,90.5224609375,35.1318359375
13.7505016,-12.2509765625,89.9365234375,31.0791015625
13.7899898,-13.2763671875,89.9853515625,26.2939453125
13.8104956,-13.7646484375,89.4482421875,22.7783203125
13.8426571,-14.8876953125,88.2763671875,19.7509765625
13.8848286,-14.6923828125,88.0322265625,15.4541015625
13.9089529,-15.1318359375,88.4716796875,11.8896484375
13.9320577,-16.0595703125,86.9580078125,8.0322265625
13.9600203,-16.7431640625,85.6396484375,3.8818359375
13.9933738,-17.1826171875,85.9814453125,-0.3662109375
14.0340743,-17.7197265625,85.6884765625,1.4892578125
14.04982,-18.9404296875,87.0068359375,12.0361328125
14.0829392,-18.9404296875,87.6904296875,25.3662109375
14.112421,-19.3310546875,87.5927734375,34.9365234375
14.1401842,-18.1591796875,87.7880859375,38.6474609375
14.1745223,-16.4013671875,88.5205078125,40.7470703125
14.202855,-15.4248046875,88.8134765625,42.2607421875
14.2343846,-14.5947265625,89.0087890625,42.2119140625
14.2640536,-13.9111328125,88.3740234375,42.0654296875
14.2926462,-12.8857421875,88.5693359375,40.1611328125
14.3248317,-12.5439453125,87.5927734375,38.0615234375
14.3535273,-11.7138671875,87.5439453125,37.0361328125
14.3831819,-12.5927734375,88.6181640625,36.3037109375
14.4151025,-12.6904296875,87.2021484375,34.3994140625
14.4443013,-12.4462890625,87.1044921875,32.0068359375
14.4728296,-13.1787109375,86.5673828125,29.3701171875
14.5062746,-13.8623046875,85.5908203125,25.3662109375
14.5329632,-13.9111328125,84.5166015625,21.7529296875
14.5650334,-14.6435546875,84.5166015625,17.3583984375
14.595051,-15.3759765625,83.2958984375,13.4033203125
14.6230984,-15.9619140625,82.7099609375,8.9111328125
14.6561086,-16.4990234375,81.3916015625,4.6142578125
14.686062,-16.6455078125,80.5615234375,0.8056640625
14.7127596,-16.6943359375,79.7802734375,-2.3193359375
14.7472061,-17.8662109375,78.3154296875,-6.4208984375
14.7748798,-17.9638671875,77.0458984375,-10.7177734375
14.8052156,-18.8427734375,76.3623046875,-15.1123046875
14.836242,-18.5986328125,75.9228515625,-15.9912109375
14.864674,-19.8681640625,76.6064453125,-6.1279296875
14.8977909,-20.6005859375,77.4365234375,6.0791015625
14.9254451,-21.7236328125,76.6552734375,14.0380859375
14.9560096,-20.5517578125,76.8994140625,16.3330078125
14.9873489,-18.6474609375,77.5830078125,16.0400390625
15.0162466,-17.5244140625,77.1923828125,16.5771484375
15.0470836,-16.7431640625,77.1435546875,16.3818359375
15.0767335,-16.4990234375,76.3134765625,14.8193359375
15.1060122,-16.1572265625,76.2646484375,12.7685546875
15.1353421,-15.5224609375,76.0693359375,11.4501953125
15.1689601,-15.1318359375,75.9228515625,10.3271484375
15.1965181,-15.1318359375,74.7021484375,9.4482421875
15.229787,-15.8154296875,74.4091796875,7.0556640625
15.2579693,-16.1083984375,74.3603515625,5.1025390625
15.2877174,-16.7919921875,73.8720703125,2.5634765625
15.3206954,-17.3779296875,73.5302734375,-0.9521484375
15.3667902,-17.5244140625,72.4072265625,-4.4677734375
15.3867064,-18.5498046875,72.2607421875,-7.8857421875
15.4082967,-18.9404296875,71.6259765625,-11.3525390625
15.4386464,-19.9658203125,71.0400390625,-15.0146484375
15.466413,-20.7470703125,70.0146484375,-18.4326171875
15.5017531,-21.0888671875,69.0869140625,-22.2900390625
15.5451685,-20.7470703125,68.7939453125,-25.0244140625
15.5666336,-21.4306640625,70.5029296875,-20.1904296875
15.5910857,-22.0654296875,70.7958984375,-11.0595703125
15.6195158,-22.7490234375,71.1376953125,-1.9287109375
15.6462819,-22.9931640625,71.6259765625,1.0986328125
15.6795665,-22.0654296875,71.7236328125,1.6845703125
15.7095033,-20.5029296875,72.0654296875,0.8056640625
15.7589063,-20.1123046875,72.4072265625,0.8544921875
15.7799816,-19.4287109375,72.5537109375,-0.2685546875
15.8168393,-19.1845703125,72.6513671875,-2.0751953125
15.8384722,-18.2080078125,72.4560546875,-3.3447265625
15.8597842,-18.1103515625,72.8955078125,-4.3701171875
15.9075852,-18.1591796875,72.4072265625,-5.9814453125
15.9266023,-17.7685546875,72.1630859375,-7.2021484375
15.9503599,-18.1591796875,71.9189453125,-9.3994140625
15.9835774,-18.2080078125,71.0888671875,-12.0361328125
16.0299871,-18.5498046875,70.5029296875,-15.1123046875
16.0503967,-19.0380859375,70.5029296875,-18.0908203125
16.0870624,-20.0146484375,68.9892578125,-21.9970703125
16.1090264,-19.8681640625,68.6474609375,-25.2197265625
16.1480564,-21.3818359375,68.6474609375,-28.7841796875
16.1696348,-21.6748046875,68.0615234375,-31.6650390625
16.2070291,-22.2119140625,67.5732421875,-34.4970703125
16.22841,-22.7001953125,68.5009765625,-29.1748046875
16.2698676,-22.7490234375,69.0869140625,-19.7998046875
16.2903734,-23.2373046875,70.3076171875,-12.1337890625
16.3257587,-23.2373046875,70.1123046875,-8.6669921875
16.3468972,-22.5048828125,71.2841796875,-7.8857421875
16.3721324,-20.8447265625,71.4794921875,-7.5439453125
16.4065024,-19.8193359375,71.3330078125,-7.0068359375
16.4609744,-19.5263671875,71.6259765625,-7.6904296875
16.4619919,-19.6728515625,71.9677734375,-10.0341796875
16.4949138,-19.3310546875,71.7724609375,-11.8408203125
16.5558653,-19.1357421875,72.3095703125,-12.9638671875
16.5568574,-19.1357421875,72.0654296875,-13.7451171875
16.5849937,-19.2822265625,71.9189453125,-15.2587890625
16.6325097,-19.2333984375,72.0166015625,-16.9189453125
16.6527638,-19.5263671875,72.2119140625,-19.3115234375
16.674773,-19.4775390625,71.7236328125,-21.9482421875
16.7038313,-19.9169921875,71.7236328125,-25.3173828125
16.7528359,-20.3564453125,71.2841796875,-28.6376953125
16.7665658,-21.0888671875,70.8935546875,-31.8115234375
16.8112342,-21.7236328125,70.4541015625,-35.0830078125
16.8313504,-22.6025390625,69.8193359375,-38.0126953125
16.8720633,-23.5302734375,68.7939453125,-41.1376953125
16.8923681,-23.5791015625,68.2568359375,-43.8232421875
16.9317832,-24.6533203125,68.6962890625,-44.2626953125
16.9532276,-24.7998046875,68.8916015625,-36.3037109375
16.9909482,-25.6787109375,69.8193359375,-26.7333984375
17.0100279,-26.6064453125,69.6728515625,-20.1416015625
17.0359392,-26.5576171875,70.4541015625,-18.2373046875
17.0691827,-24.7509765625,70.9912109375,-17.5048828125
17.1151281,-23.1884765625,71.5283203125,-15.9423828125
17.1354088,-22.5537109375,71.5283203125,-15.3564453125
17.1728364,-21.8701171875,71.7724609375,-15.5029296875
17.1923741,-21.3818359375,71.9189453125,-17.9931640625
17.2430792,-20.8935546875,72.1142578125,-19.8486328125
17.2632977,-20.0146484375,71.9189453125,-19.6533203125
17.2775956,-20.4541015625,72.0166015625,-21.1181640625
17.3218402,-20.9423828125,71.8212890625,-21.5087890625
17.3421069,-20.9912109375,72.3095703125,-23.3154296875
17.3852034,-21.2353515625,70.8935546875,-25.5126953125
17.4066855,-21.4306640625,71.6259765625,-28.1982421875
17.4432329,-22.0654296875,70.8935546875,-31.1767578125
17.4633829,-22.1142578125,70.3564453125,-34.2529296875
17.5064886,-22.7001953125,70.1123046875,-37.4267578125
17.5401333,-24.2138671875,70.0146484375,-40.3564453125
17.5513416,-24.7509765625,68.5498046875,-43.6767578125
17.5803499,-24.8486328125,68.2080078125,-46.2158203125
17.6108643,-25.5810546875,68.3056640625,-49.3896484375
17.6559712,-26.2158203125,67.3291015625,-52.6123046875
17.6740981,-26.5576171875,67.0849609375,-56.1279296875
17.715993,-27.0458984375,65.7666015625,-59.0087890625
17.7419782,-27.4853515625,65.2783203125,-62.7685546875
17.7780716,-28.1689453125,65.5224609375,-61.5478515625
17.7982751,-28.9990234375,66.4013671875,-53.6865234375
17.839118,-30.0244140625,67.6708984375,-43.3349609375
17.8661253,-30.0244140625,67.7197265625,-36.7431640625
17.8823595,-30.4150390625,67.0361328125,-34.8876953125
17.9432603,-29.2919921875,68.6474609375,-34.3017578125
17.9446342,-26.9970703125,68.5009765625,-33.0810546875
17.9688952,-26.1181640625,68.3056640625,-32.4462890625
18.0201226,-25.6298828125,68.4521484375,-32.8369140625
18.0404517,-24.9951171875,67.5732421875,-34.2529296875
18.0755941,-23.7744140625,67.8173828125,-35.7177734375
18.0969251,-23.9208984375,67.1826171875,-35.4736328125
18.1364618,-22.8955078125,67.0849609375,-36.7919921875
18.1582405,-23.8232421875,66.9384765625,-37.4267578125
18.2002834,-23.9208984375,65.8642578125,-38.6474609375
18.220702,-24.4580078125,65.6689453125,-40.4052734375
18.2564638,-24.7021484375,64.9853515625,-42.7978515625
18.277853,-25.8251953125,64.8388671875,-45.5810546875
18.3216368,-26.1181640625,64.3994140625,-47.8271484375
18.3410802,-26.2158203125,63.4716796875,-50.9521484375
18.3840104,-27.1923828125,62.9345703125,-53.8818359375
18.3949992,-27.9248046875,62.2509765625,-56.3232421875
18.4401773,-28.6083984375,61.9580078125,-58.6669921875
18.4602483,-29.0478515625,60.7373046875,-61.1083984375
18.5009013,-28.8037109375,60.5908203125,-63.4033203125
18.5254735,-29.6337890625,59.4677734375,-66.5283203125
18.5612194,-30.0244140625,59.2236328125,-69.4091796875
18.5814862,-31.6845703125,58.7841796875,-72.1435546875
18.6208445,-32.2216796875,59.2236328125,-70.4833984375
18.640693,-32.6611328125,59.7119140625,-61.7919921875
18.6788009,-33.8818359375,60.0537109375,-52.3681640625
18.6990397,-34.0283203125,59.6142578125,-46.7041015625
18.7435817,-34.3212890625,59.6142578125,-45.5322265625
18.7635404,-33.0517578125,59.7607421875,-45.9228515625
18.8025905,-31.3916015625,59.7607421875,-46.2158203125
18.81959,-29.7802734375,59.9072265625,-45.9716796875
18.8616484,-29.5849609375,59.3701171875,-46.3623046875
18.8818797,-28.9990234375,60.2001953125,-47.8759765625
18.9086561,-28.3154296875,59.6630859375,-48.7060546875
18.956068,-27.7783203125,58.9794921875,-48.6572265625
18.9713858,-28.2177734375,59.0283203125,-48.6083984375
18.9984225,-28.7060546875,58.1982421875,-49.3896484375
19.0421371,-29.3896484375,58.2470703125,-50.4150390625
19.0613106,-29.6826171875,58.3935546875,-52.4658203125
19.0876427,-29.1455078125,57.7099609375,-54.6630859375
19.1217056,-29.9755859375,57.8564453125,-56.9091796875
19.1506554,-29.7314453125,57.3193359375,-59.3505859375
19.1925073,-30.7080078125,57.3193359375,-61.6455078125
19.210411,-30.8544921875,56.8310546875,-64.3798828125
19.2561719,-31.5380859375,56.4404296875,-66.3818359375
19.2677959,-31.4404296875,55.5126953125,-68.6767578125
19.3017199,-32.5146484375,54.8291015625,-71.0205078125
19.3292861,-33.4912109375,54.9755859375,-74.2431640625
19.3594698,-34.2724609375,55.7080078125,-72.9248046875
19.3913118,-33.9794921875,56.4892578125,-64.6728515625
19.4322502,-35.4443359375,57.1240234375,-55.5908203125
19.4494653,-35.5419921875,56.9287109375,-48.8525390625
19.4806514,-35.8349609375,57.2705078125,-47.1435546875
19.5110189,-34.7607421875,58.1494140625,-47.4853515625
19.5423553,-33.1005859375,57.9541015625,-47.3876953125
19.5724372,-31.6845703125,57.9052734375,-46.4599609375
19.6012789,-31.4892578125,57.8564453125,-46.9970703125
19.6293027,-30.8544921875,58.1005859375,-47.2412109375
19.6619957,-30.5615234375,57.7099609375,-47.6318359375
19.7055348,-29.9267578125,57.8564453125,-48.0224609375
19.722747,-29.3408203125,57.3193359375,-47.9248046875
19.7538727,-29.6826171875,57.5146484375,-48.8037109375
19.780731,-29.3408203125,57.5146484375,-50.3662109375
19.8122182,-30.2685546875,57.0263671875,-52.1728515625
19.84224,-30.4638671875,56.6845703125,-54.4189453125
19.8754407,-31.2451171875,56.4892578125,-56.5673828125
19.9027021,-31.2939453125,56.4892578125,-59.2041015625
19.9325726,-31.8310546875,56.2451171875,-61.4013671875
19.9649881,-32.2705078125,55.5615234375,-63.8916015625
19.9949514,-33.4423828125,56.1962890625,-66.0888671875
20.0228705,-32.8076171875,54.8779296875,-68.4814453125
20.0562635,-33.9794921875,54.5849609375,-70.8740234375
20.0834171,-34.4189453125,56.0009765625,-68.3837890625
20.116646,-34.8095703125,56.7333984375,-59.5458984375
20.1444522,-35.6396484375,57.5146484375,-49.1455078125
20.1750341,-36.0302734375,57.9541015625,-42.0166015625
20.2033845,-36.1279296875,58.2958984375,-39.2333984375
20.2350127,-35.4443359375,58.5888671875,-38.0126953125
20.2655483,-34.1259765625,59.2724609375,-36.2060546875
20.2956198,-32.6123046875,59.3212890625,-34.5458984375
20.3258933,-32.0751953125,60.4443359375,-34.4482421875
20.3531779,-30.8056640625,59.5654296875,-35.4736328125
20.3870262,-30.8544921875,60.0537109375,-35.4736328125
20.41637,-30.0244140625,60.0537109375,-35.2294921875
20.4475399,-29.8291015625,60.2001953125,-34.9853515625
20.4775966,-30.5126953125,60.1025390625,-35.7666015625
20.5052202,-30.3662109375,60.1513671875,-36.6943359375
20.5367044,-30.9033203125,60.6884765625,-38.5986328125
20.5669276,-31.0986328125,60.0537109375,-40.7470703125
20.5953841,-31.0498046875,59.6630859375,-42.8466796875
20.6295825,-32.1240234375,59.2236328125,-45.1904296875
20.6582001,-32.1728515625,59.6630859375,-47.7294921875
20.6859668,-32.9052734375,59.8583984375,-50.0732421875
20.7168101,-33.5400390625,58.9306640625,-52.1728515625
20.7465162,-34.2236328125,58.6376953125,-54.9560546875
20.7764782,-33.7353515625,58.3447265625,-57.6904296875
20.8086204,-34.7607421875,58.2958984375,-57.3974609375
20.8377348,-35.2490234375,59.4189453125,-50.1220703125
20.8691382,-35.8837890625,60.9326171875,-39.4775390625
20.8982207,-36.8115234375,60.9814453125,-29.6630859375
20.9271789,-37.5439453125,61.4208984375,-24.4873046875
20.9592989,-37.5927734375,61.7626953125,-22.1923828125
20.9882271,-35.8349609375,62.5439453125,-20.2880859375
21.0191437,-33.8818359375,63.7646484375,-18.1396484375
21.0503792,-33.1494140625,62.9345703125,-16.6748046875
21.0787255,-32.4169921875,63.3740234375,-17.2607421875
21.1067809,-32.0263671875,64.5458984375,-17.7978515625
21.1615277,-31.2939453125,64.2041015625,-18.4326171875
21.180963,-31.0009765625,64.6435546875,-18.4326171875
21.2180677,-30.8056640625,64.2529296875,-18.2373046875
21.2300569,-31.2451171875,64.6923828125,-19.3603515625
21.2586854,-32.3193359375,64.7900390625,-20.8251953125
21.2935828,-32.0263671875,64.5947265625,-23.3154296875
21.3216351,-31.8310546875,64.0576171875,-25.2685546875
21.3497314,-32.6123046875,64.4482421875,-27.4169921875
21.3994996,-33.0517578125,64.1064453125,-30.8837890625
21.4088958,-33.3447265625,63.5205078125,-33.1298828125
21.4397383,-33.8818359375,63.0810546875,-36.3525390625
21.4915877,-34.5166015625,62.3486328125,-38.3056640625
21.5115724,-35.1025390625,62.3974609375,-41.6748046875
21.5481354,-35.2490234375,61.4208984375,-44.1650390625
21.573214,-35.5419921875,61.1767578125,-47.7783203125
21.5899658,-36.2255859375,60.5419921875,-50.6103515625
21.6236126,-37.2509765625,60.3466796875,-53.1005859375
21.6695011,-37.4951171875,61.0791015625,-49.3896484375
21.6909826,-38.2275390625,62.3486328125,-39.2333984375
21.7419777,-38.9111328125,62.0556640625,-28.3935546875
21.7429701,-39.5947265625,62.3974609375,-20.5810546875
21.7690494,-39.7412109375,63.2763671875,-18.3837890625
21.8190844,-39.4970703125,64.0087890625,-16.2353515625
21.8403966,-36.9091796875,63.9599609375,-14.7216796875
21.8653737,-35.2978515625,63.9111328125,-13.7451171875
21.9096036,-34.8095703125,64.3994140625,-13.6962890625
21.9294118,-34.1259765625,64.8388671875,-13.7451171875
21.9518673,-33.5888671875,65.0341796875,-14.9658203125
21.9826613,-33.2958984375,64.7412109375,-15.5517578125
22.014318,-32.9052734375,64.8876953125,-16.4794921875
22.0468309,-33.7353515625,64.9853515625,-16.6748046875
22.075285,-33.8818359375,64.6435546875,-18.2861328125
22.1037946,-33.7353515625,64.4970703125,-20.6298828125
22.1541209,-34.9560546875,63.9599609375,-23.1689453125
22.1742997,-35.1025390625,64.0576171875,-25.6103515625
22.2122159,-34.5654296875,63.5693359375,-29.2236328125
22.241065,-35.2978515625,63.4716796875,-32.0556640625
22.2573224,-35.5908203125,62.9833984375,-35.1318359375
22.2846453,-36.0302734375,62.6416015625,-38.3056640625
22.3165507,-36.8115234375,62.4951171875,-40.8447265625
22.364554,-36.8115234375,61.8603515625,-43.9697265625
22.3845322,-37.5927734375,61.3232421875,-46.8505859375
22.4055511,-38.3740234375,60.5908203125,-49.8779296875
22.4352199,-38.8623046875,60.0048828125,-53.1005859375
22.4847989,-39.1064453125,60.6884765625,-50.0732421875
22.5061428,-40.0341796875,61.6162109375,-40.8935546875
22.5440268,-40.3271484375,61.8115234375,-30.8349609375
22.563233,-40.5224609375,62.4951171875,-24.1943359375
22.5873112,-41.3525390625,62.5927734375,-21.7529296875
22.6157505,-41.0595703125,62.4462890625,-21.7529296875
22.6639148,-38.8623046875,62.8857421875,-20.7275390625
22.6819492,-36.8603515625,63.4228515625,-19.7998046875
22.7259939,-37.0556640625,63.4716796875,-21.0693359375
22.7458983,-36.8115234375,63.6669921875,-22.1435546875
22.7666569,-36.7138671875,64.2041015625,-22.6318359375
22.7982025,-35.8349609375,63.3251953125,-22.7294921875
22.8468603,-35.2001953125,63.5205078125,-23.7060546875
22.867163,-34.9072265625,63.1787109375,-23.8525390625
22.9075013,-34.9072265625,63.6669921875,-26.7333984375
22.9290339,-34.9072265625,62.3974609375,-28.4423828125
22.9475769,-34.7607421875,62.4951171875,-31.3232421875
22.98056,-34.9072265625,62.8857421875,-33.5693359375
23.0263978,-34.7607421875,62.2021484375,-37.1826171875
23.047877,-35.6396484375,61.9580078125,-39.4287109375
23.068826,-36.3232421875,61.4208984375,-42.1142578125
23.0991115,-36.0302734375,60.5908203125,-44.9951171875
23.147032,-36.6162109375,60.8349609375,-48.0712890625
23.1671397,-37.0556640625,60.2001953125,-49.9267578125
23.2068827,-37.7392578125,60.7861328125,-50.7080078125
23.2273018,-37.8369140625,61.7138671875,-44.1650390625
23.2487813,-38.7158203125,62.2021484375,-34.1064453125
23.2824325,-39.5947265625,62.7392578125,-25.6103515625
23.3292526,-39.2041015625,63.4228515625,-21.6552734375
23.3508818,-39.6435546875,63.8134765625,-20.4345703125
23.3904134,-38.3740234375,64.5458984375,-19.2626953125
23.4097366,-36.8603515625,64.4970703125,-17.9931640625
23.4301593,-36.1279296875,64.9365234375,-17.5048828125
23.4796488,-35.4443359375,65.7666015625,-19.6044921875
23.4996869,-34.4677734375,66.2548828125,-19.8486328125
23.5395343,-34.5654296875,66.2060546875,-19.7509765625
23.552721,-34.0771484375,65.9619140625,-20.0439453125
23.6070422,-33.2958984375,65.5224609375,-21.2158203125
23.6273028,-33.8818359375,65.6201171875,-22.7294921875
23.641633,-33.6376953125,66.2060546875,-24.7314453125
23.6886531,-33.9306640625,65.5224609375,-27.8564453125
23.7087378,-34.4677734375,65.0830078125,-30.0537109375
23.7527189,-34.8095703125,65.2294921875,-32.7392578125
23.7722949,-35.2490234375,64.9853515625,-35.3759765625
23.7948067,-35.1025390625,64.3017578125,-39.0380859375
23.8227648,-35.8837890625,64.1064453125,-41.4306640625
23.8560017,-37.4951171875,63.4716796875,-44.0185546875
23.8838788,-37.2998046875,63.5205078125,-47.1435546875
23.9150851,-38.2763671875,63.5205078125,-49.1943359375
23.9628169,-38.7158203125,64.2041015625,-42.3095703125
23.9766147,-38.9111328125,65.6201171875,-32.0068359375
24.0051172,-39.4970703125,65.8642578125,-21.6064453125
24.0494268,-40.0341796875,66.5478515625,-15.6005859375
24.0684406,-40.1806640625,67.4755859375,-13.0126953125
24.1112076,-39.6435546875,68.0126953125,-10.8154296875
24.1334485,-37.7880859375,68.5986328125,-8.1298828125
24.1748866,-36.8115234375,68.9892578125,-7.1044921875
24.193947,-36.6162109375,69.2333984375,-7.3974609375
24.2346491,-35.7373046875,69.4775390625,-9.2041015625
24.246836,-35.3466796875,70.3076171875,-9.8876953125
24.2780297,-35.2001953125,69.8193359375,-9.8388671875
24.3244061,-34.2724609375,69.7705078125,-10.3271484375
24.3333092,-34.3701171875,69.3310546875,-12.2802734375
24.3820675,-34.7607421875,68.8427734375,-13.6962890625
24.4024751,-34.3212890625,69.1845703125,-16.5771484375
24.4263794,-35.0048828125,68.9404296875,-19.6044921875
24.459973,-35.4931640625,68.5986328125,-23.2177734375
24.48771,-35.6884765625,68.2568359375,-26.1962890625
24.5345793,-36.1279296875,67.9638671875,-28.6865234375
24.5487052,-36.7138671875,67.1337890625,-32.5927734375
24.594239,-37.9345703125,66.7431640625,-35.8154296875
24.6152629,-38.2763671875,66.1572265625,-38.8427734375
24.6390743,-38.4716796875,65.6201171875,-42.0166015625
24.6649504,-39.0576171875,64.7412109375,-44.4580078125
24.7151676,-39.3994140625,64.6923828125,-48.9990234375
24.7291848,-39.5947265625,64.8876953125,-49.9267578125
24.7584686,-40.1806640625,65.3759765625,-42.0166015625
24.7906659,-40.3271484375,65.9130859375,-30.5419921875
24.8198844,-41.5966796875,66.4013671875,-21.5087890625
24.8655956,-42.0849609375,67.2802734375,-15.9423828125
24.8802797,-43.1103515625,67.1826171875,-13.0126953125
24.9083375,-42.2802734375,68.1103515625,-10.8642578125
24.9411844,-40.0830078125,68.4033203125,-8.2763671875
24.9698308,-37.6904296875,68.5498046875,-7.1533203125
25.0017218,-37.0556640625,68.7939453125,-8.8623046875
25.0322807,-35.3955078125,68.7451171875,-8.9599609375
25.0601992,-35.0537109375,68.6962890625,-9.5947265625
25.0898688,-34.8095703125,68.7451171875,-10.7666015625
25.1226752,-34.2236328125,68.5498046875,-12.4267578125
25.1509911,-34.4189453125,68.2080078125,-14.4287109375
25.1792717,-35.2978515625,68.0126953125,-16.1865234375
25.2117982,-36.0302734375,67.6220703125,-18.2861328125
25.2410434,-36.0302734375,66.9873046875,-22.2412109375
25.2769717,-36.2255859375,65.9619140625,-25.5615234375
25.3034333,-36.7138671875,65.1806640625,-28.7841796875
25.3303795,-37.3974609375,65.0341796875,-32.1533203125
25.3627201,-37.7880859375,63.5693359375,-35.0341796875
25.3933294,-38.0810546875,62.9833984375,-38.5009765625
25.4221636,-39.3505859375,62.1533203125,-41.4794921875
25.4531739,-39.2041015625,61.1767578125,-44.6533203125
25.4839448,-39.7900390625,61.2744140625,-48.5595703125
25.5174595,-40.2783203125,59.4189453125,-52.1240234375
25.5439112,-41.5966796875,58.4912109375,-55.8837890625
25.5725667,-42.6708984375,58.0029296875,-58.2275390625
25.6092871,-42.7685546875,58.4423828125,-52.5634765625
25.6330394,-44.1845703125,58.6376953125,-41.5771484375
25.663384,-44.8681640625,58.8818359375,-32.8369140625
25.6956216,-45.3076171875,58.1494140625,-28.7841796875
25.7240989,-45.8935546875,58.8330078125,-26.3427734375
25.7581493,-45.8447265625,58.4912109375,-26.2939453125
25.7866162,-43.5498046875,58.7353515625,-24.5849609375
25.8151357,-41.4013671875,59.1259765625,-24.8779296875
25.843482,-40.5712890625,57.7099609375,-26.0498046875
25.8756655,-40.0830078125,56.9287109375,-27.0263671875
25.9060055,-39.5947265625,56.8798828125,-27.8076171875
25.9383889,-39.5458984375,56.8798828125,-29.3212890625
25.9654668,-38.8623046875,56.5869140625,-30.2490234375
25.9944556,-38.7158203125,56.9775390625,-31.8115234375
26.0275549,-39.3994140625,55.7080078125,-34.1064453125
26.0566042,-39.6435546875,55.5615234375,-37.4267578125
26.0905845,-39.6435546875,54.5849609375,-39.3798828125
26.1186399,-40.4736328125,53.2177734375,-42.6025390625
26.1458017,-41.0107421875,53.3154296875,-45.6298828125
26.1758013,-41.4501953125,52.4365234375,-49.4873046875
26.2077786,-42.0849609375,51.7041015625,-52.3193359375
26.2364538,-42.8662109375,50.9716796875,-55.3466796875
26.2877569,-42.5244140625,50.0439453125,-58.5205078125
26.308029,-43.4033203125,49.4091796875,-62.0361328125
26.3267278,-44.2333984375,48.5791015625,-65.6494140625
26.3759688,-44.9169921875,48.8232421875,-68.8720703125
26.3889999,-44.7705078125,49.9462890625,-64.4287109375
26.4154202,-45.5029296875,49.8974609375,-56.2255859375
26.4499167,-45.6494140625,49.7509765625,-48.6083984375
26.4774323,-46.3330078125,49.5068359375,-45.6787109375
26.5117724,-47.1630859375,50.1416015625,-45.1416015625
26.5397688,-46.9189453125,49.9951171875,-45.6298828125
26.567993,-45.9423828125,49.9462890625,-45.2392578125
26.6182671,-43.5986328125,50.4345703125,-45.4833984375
26.6404522,-43.2568359375,48.9697265625,-47.0947265625
26.6571639,-43.5009765625,49.3115234375,-48.8037109375
26.6925606,-42.9638671875,49.7021484375,-50.2685546875
26.7191458,-42.0849609375,49.4580078125,-50.9521484375
26.7484155,-41.2548828125,48.8232421875,-51.9775390625
26.7971549,-41.3525390625,48.1396484375,-53.1494140625
26.8172693,-41.5478515625,49.1162109375,-55.7373046875
26.8439851,-41.4990234375,47.9443359375,-58.2275390625
26.8875945,-42.2314453125,47.8466796875,-61.3037109375
26.9076701,-41.5966796875,47.1142578125,-63.9892578125
26.9599752,-42.2314453125,47.4560546875,-66.6259765625
26.9620244,-42.5244140625,46.7724609375,-70.2392578125
26.9909355,-43.0615234375,45.8447265625,-72.1435546875
27.0400217,-43.6962890625,45.4052734375,-75.2197265625
27.0612202,-44.0869140625,45.1123046875,-77.9541015625
27.0795833,-44.5263671875,45.0634765625,-80.5908203125
27.1128999,-44.7705078125,45.4052734375,-76.6357421875
27.1408162,-44.9658203125,46.7724609375,-69.2626953125
27.1707381,-45.7958984375,47.4072265625,-63.0615234375
27.2214355,-46.8701171875,46.2353515625,-60.2783203125
27.2429994,-47.2119140625,46.9189453125,-59.4482421875
27.2785767,-47.7001953125,47.4560546875,-59.2529296875
27.2927907,-46.6259765625,46.9189453125,-58.9599609375
27.3505438,-44.9658203125,47.1142578125,-58.3740234375
27.3700967,-43.7939453125,46.6748046875,-60.6201171875
27.3810655,-42.4755859375,45.9423828125,-60.9619140625
27.412768,-41.8408203125,46.3330078125,-62.5732421875
27.4622483,-41.4990234375,46.3818359375,-62.6220703125
27.4837259,-40.9619140625,46.2353515625,-63.4521484375
27.5064385,-41.2548828125,45.7470703125,-64.8681640625
27.5501749,-40.7666015625,45.3564453125,-66.3818359375
27.5701389,-41.4501953125,45.1123046875,-68.9697265625
27.5917526,-41.3525390625,45.2099609375,-71.2158203125
27.6248631,-42.0361328125,44.2822265625,-74.0478515625
27.6534772,-42.1337890625,44.6728515625,-76.8310546875
27.7037293,-42.3779296875,43.8916015625,-79.9072265625
27.725726,-43.2080078125,43.4033203125,-83.2763671875
27.7438997,-43.8427734375,42.7685546875,-84.6923828125
27.7777158,-44.8193359375,42.7197265625,-87.5732421875
27.8059289,-45.6982421875,42.0361328125,-89.9658203125
27.8349141,-45.5517578125,42.3291015625,-92.2119140625
27.8843943,-45.8935546875,42.8173828125,-89.2822265625
27.904613,-46.7724609375,43.6474609375,-81.2744140625
27.945239,-46.5771484375,43.4033203125,-74.8291015625
27.956005,-47.3095703125,43.9404296875,-71.7529296875
27.9867268,-48.3837890625,43.7939453125,-70.9228515625
28.0337957,-48.2861328125,44.5751953125,-69.6533203125
28.0540267,-47.8466796875,44.4775390625,-68.4326171875
28.0803949,-45.1123046875,44.9169921875,-68.8720703125
28.1244025,-44.8193359375,45.3564453125,-69.4580078125
28.1456102,-43.8427734375,45.2099609375,-69.9951171875
28.1649544,-42.8662109375,44.8681640625,-71.3134765625
28.1982662,-41.5966796875,45.0634765625,-72.1435546875
28.2267198,-41.4013671875,45.5029296875,-72.4365234375
28.2785976,-41.2548828125,44.6728515625,-73.2666015625
28.3042836,-41.0107421875,45.0146484375,-74.2919921875
28.3168184,-41.6455078125,45.1123046875,-76.2451171875
28.351115,-41.8408203125,44.7216796875,-78.7353515625
28.3791248,-41.8408203125,44.7705078125,-80.7373046875
28.4076885,-42.4755859375,44.3310546875,-82.7880859375
28.4622494,-43.6474609375,44.2333984375,-85.2783203125
28.4828854,-43.2080078125,43.1103515625,-87.0849609375
28.4998204,-43.8916015625,43.0126953125,-89.9658203125
28.5480792,-44.7705078125,42.1337890625,-91.1376953125
28.5720983,-45.3564453125,41.8896484375,-93.6279296875
28.5909343,-45.6494140625,41.7431640625,-96.4599609375
28.6501364,-46.1865234375,41.4501953125,-99.1455078125
28.6511319,-46.6748046875,41.4501953125,-98.7548828125
28.6809985,-47.3095703125,42.0361328125,-91.6259765625
28.7277845,-47.8466796875,42.3291015625,-83.3740234375
28.7489762,-48.1396484375,42.7197265625,-78.9794921875
28.7902038,-48.7744140625,42.7685546875,-77.6123046875
28.8103636,-49.6533203125,42.7197265625,-77.0751953125
28.8308622,-49.0673828125,43.3544921875,-75.8544921875
28.8856001,-48.3837890625,43.3056640625,-74.0478515625
28.9079028,-46.1865234375,43.0126953125,-74.4873046875
28.923391,-44.8681640625,42.9638671875,-74.8291015625
28.9516762,-45.0634765625,43.0615234375,-75.2685546875
28.9800909,-43.8427734375,43.1591796875,-76.0986328125
29.0127168,-42.8662109375,42.8662109375,-75.7080078125
29.0622017,-43.3544921875,42.9150390625,-76.1962890625
29.0905946,-42.7197265625,42.4267578125,-76.9775390625
29.1035609,-43.5986328125,42.9150390625,-77.9541015625
29.1318921,-43.9892578125,41.8896484375,-80.0537109375
29.1653013,-43.9404296875,41.9384765625,-83.1298828125
29.1930162,-44.6240234375,41.4013671875,-84.3994140625
29.22087,-45.1123046875,41.0595703125,-86.7919921875
29.2507372,-45.7958984375,40.0341796875,-88.2568359375
29.3016004,-46.1376953125,39.9365234375,-90.2099609375
29.3208182,-46.6748046875,39.4482421875,-92.7978515625
29.3592204,-47.5048828125,39.2041015625,-94.7021484375
29.3790454,-48.0419921875,37.8857421875,-96.7529296875
29.4351949,-48.3349609375,38.0322265625,-99.1455078125
29.4362164,-48.7255859375,37.2998046875,-101.1962890625
29.4622511,-49.4091796875,37.4951171875,-101.2939453125
29.4986725,-50.5322265625,37.2021484375,-93.8720703125
29.5249656,-50.9716796875,37.8369140625,-84.9365234375
29.5531628,-51.8505859375,38.1298828125,-79.2724609375
29.5862793,-52.4853515625,38.1787109375,-77.8564453125
29.6155844,-53.3154296875,38.0810546875,-77.0263671875
29.6435634,-53.3642578125,38.3740234375,-76.7822265625
29.6772268,-51.7041015625,37.8857421875,-74.4873046875
29.7066124,-49.6044921875,38.5205078125,-76.1474609375
29.7343966,-49.2626953125,38.2763671875,-76.2451171875
29.7866203,-48.4814453125,38.3251953125,-76.4892578125
29.7971198,-48.3349609375,38.4716796875,-76.7333984375
29.825329,-47.9931640625,37.4951171875,-76.2939453125
29.8730765,-47.9443359375,37.8369140625,-77.0263671875
29.8932601,-47.5537109375,37.7880859375,-77.9541015625
29.9337329,-47.6513671875,37.1044921875,-78.8818359375
29.9492717,-48.6767578125,37.1044921875,-81.2744140625
29.9769361,-48.7255859375,37.2509765625,-82.3486328125
30.0103136,-48.8720703125,36.8603515625,-85.3271484375
30.0550451,-48.6767578125,37.2021484375,-86.9873046875
30.0659677,-49.5556640625,36.5673828125,-88.9892578125
30.1001443,-49.8486328125,36.2255859375,-91.6259765625
30.126814,-50.3857421875,35.5419921875,-93.2373046875
30.1607016,-51.4111328125,35.3466796875,-95.3369140625
30.1898751,-51.9970703125,35.0048828125,-97.0458984375
30.2175414,-51.6064453125,35.7861328125,-96.8505859375
30.250211,-52.1435546875,37.0556640625,-89.4775390625
30.2792764,-53.2177734375,36.7626953125,-81.6162109375
30.3086947,-53.4619140625,37.1533203125,-74.3896484375
30.3408447,-54.3408203125,37.5439453125,-72.3876953125
30.3690616,-54.4384765625,38.2763671875,-70.6298828125
30.3994176,-54.8779296875,38.5205078125,-70.0439453125
30.4320961,-53.6083984375,39.3994140625,-67.7978515625
30.4585878,-51.1669921875,38.9111328125,-68.2373046875
30.4896514,-50.3857421875,39.5458984375,-68.6279296875
30.5196968,-49.8974609375,39.6923828125,-69.2138671875
30.5551968,-49.7509765625,39.5458984375,-69.7021484375
30.5841445,-48.7744140625,39.7900390625,-69.2138671875
30.6125495,-48.7255859375,39.7900390625,-69.8974609375
30.6403437,-47.9931640625,39.8388671875,-70.9716796875
30.6732797,-48.5791015625,39.5458984375,-71.5576171875
30.7007575,-48.9208984375,39.6435546875,-74.5361328125
30.7312767,-48.8720703125,39.5458984375,-76.3916015625
30.7637281,-49.7021484375,39.3017578125,-78.3935546875
30.7915584,-50.2880859375,38.7158203125,-80.6396484375
30.8237775,-50.3857421875,38.2275390625,-83.7646484375
30.8534011,-50.6787109375,38.8134765625,-85.9130859375
30.8814893,-50.8740234375,38.1787109375,-88.0126953125
30.9113999,-51.8505859375,38.3251953125,-90.9423828125
30.9485956,-52.4853515625,38.8134765625,-90.0634765625
30.9714981,-52.2412109375,39.1064453125,-81.6162109375
31.0036174,-53.1689453125,40.8642578125,-71.6552734375
31.032339,-53.8037109375,41.4013671875,-64.6728515625
31.0616584,-54.3896484375,41.5966796875,-60.3271484375
31.096603,-55.1220703125,42.4267578125,-58.8623046875
31.1244717,-54.9755859375,43.7451171875,-55.7373046875
31.1515435,-55.4150390625,43.7451171875,-54.1259765625
31.1965583,-52.7294921875,44.1357421875,-53.3935546875
31.2123919,-51.6064453125,44.8681640625,-53.7841796875
31.2465678,-51.2646484375,44.7216796875,-54.6142578125
31.2761422,-51.2646484375,44.9658203125,-54.7119140625
31.3048619,-49.5556640625,45.5517578125,-55.0048828125
31.3352403,-49.4580078125,46.1865234375,-55.1025390625
31.3645252,-49.5068359375,45.5517578125,-56.6162109375
31.3932685,-49.3115234375,45.4541015625,-58.4228515625
31.4267352,-50.0439453125,45.6005859375,-60.0830078125
31.4539102,-49.7509765625,45.4052734375,-62.8173828125
31.4831595,-49.7509765625,45.7958984375,-65.0146484375
31.5198373,-50.0439453125,45.5517578125,-67.9443359375
31.542728,-50.3857421875,45.4541015625,-70.7275390625
31.575163,-51.7041015625,45.4541015625,-73.0224609375
31.6055395,-51.9970703125,45.2099609375,-75.6103515625
31.6346588,-52.1435546875,44.6240234375,-78.9794921875
31.6673823,-53.0224609375,43.9892578125,-80.9814453125
31.697199,-53.4130859375,44.3310546875,-81.6162109375
31.7251853,-53.4619140625,45.9912109375,-73.2177734375
31.763834,-53.6083984375,46.5283203125,-62.9150390625
31.7870468,-54.7802734375,47.8466796875,-53.9306640625
31.8167807,-55.1708984375,48.1884765625,-48.8525390625
31.8540899,-55.3173828125,49.2138671875,-46.7529296875
31.8765849,-56.3916015625,49.2138671875,-44.4580078125
31.9050935,-55.9033203125,50.4833984375,-42.1630859375
31.9409739,-53.9990234375,50.7763671875,-40.9423828125
31.9660857,-52.9248046875,51.4599609375,-41.7236328125
31.9990217,-52.3876953125,51.5087890625,-43.0908203125
32.0284814,-51.7041015625,51.9970703125,-43.3837890625
32.0571002,-50.7275390625,51.5087890625,-43.5302734375
32.0891304,-49.7509765625,51.8994140625,-43.8720703125
32.1180126,-49.2138671875,51.6552734375,-45.3369140625
32.146224,-49.4091796875,51.5576171875,-47.1435546875
32.1959997,-49.7998046875,51.5087890625,-48.9013671875
32.2147435,-49.8486328125,51.0205078125,-52.3681640625
32.2413712,-50.2880859375,50.5810546875,-54.9072265625
32.2690017,-50.8740234375,50.4833984375,-58.5205078125
32.2998001,-50.8740234375,49.9462890625,-60.0830078125
32.3264974,-51.0693359375,49.0673828125,-64.1845703125
32.3672618,-51.8505859375,48.6767578125,-66.3818359375
32.3932222,-52.5830078125,47.6025390625,-69.5556640625
32.4382554,-53.1689453125,47.6513671875,-72.3876953125
32.4591575,-53.4619140625,46.6259765625,-76.1962890625
32.4779816,-54.5361328125,45.8447265625,-79.2236328125
32.513003,-54.5849609375,46.5771484375,-78.5400390625
32.5405908,-55.2197265625,48.3349609375,-70.0439453125
32.5730094,-55.8544921875,48.7255859375,-59.4482421875
32.6016285,-56.3427734375,48.1396484375,-51.0009765625
32.6301319,-57.2705078125,49.3603515625,-47.3388671875
32.6644308,-57.5634765625,49.5556640625,-46.2158203125
32.6922049,-58.3447265625,49.9951171875,-45.1904296875
32.7198622,-58.1005859375,50.5810546875,-42.7978515625
32.7538083,-56.0498046875,50.4345703125,-42.8466796875
32.7817692,-53.8525390625,50.6298828125,-42.7001953125
32.8097404,-52.9248046875,50.1416015625,-44.3603515625
32.8427271,-52.3876953125,50.2880859375,-44.7998046875
32.8730469,-51.5087890625,50.0927734375,-45.4833984375
32.9007057,-51.6064453125,49.6044921875,-44.9951171875
32.9334341,-51.1181640625,49.4091796875,-47.0947265625
32.9634897,-51.1181640625,49.8486328125,-48.8525390625
32.9955841,-51.4599609375,49.1650390625,-51.6845703125
33.0234109,-51.2158203125,48.8232421875,-54.2724609375
33.0534532,-51.6064453125,48.1884765625,-57.2509765625
33.0866014,-52.0947265625,47.6025390625,-59.3017578125
33.1153829,-52.5341796875,46.5771484375,-62.8662109375
33.1631633,-53.4130859375,46.3818359375,-65.7958984375
33.1755055,-53.6572265625,45.9423828125,-67.8955078125
33.2052709,-54.3896484375,45.5517578125,-70.8251953125
33.2320957,-55.0732421875,44.5751953125,-74.3408203125
33.2649573,-55.0244140625,44.1357421875,-77.1728515625
33.2948098,-55.8544921875,44.1845703125,-77.9541015625
33.3264931,-56.8310546875,45.2099609375,-70.6298828125
33.3548928,-57.0751953125,46.3330078125,-61.0595703125
33.3832484,-57.8076171875,46.2841796875,-53.2470703125
33.4159377,-57.9541015625,47.3583984375,-49.7314453125
33.4466828,-58.2958984375,47.4560546875,-48.3154296875
33.4740352,-58.5400390625,47.6513671875,-48.1201171875
33.5078691,-58.6376953125,47.5537109375,-46.7041015625
33.5340393,-57.6611328125,47.5537109375,-47.6806640625
33.5696175,-56.0009765625,47.7490234375,-49.1943359375
33.5989418,-55.1708984375,47.4560546875,-50.2197265625
33.6275281,-55.0244140625,47.1142578125,-50.9521484375
33.6546531,-54.4384765625,47.0654296875,-50.0732421875
33.6875139,-54.0966796875,47.0654296875,-51.7333984375
33.7151296,-53.4130859375,46.7724609375,-52.3193359375
33.7497955,-53.4619140625,46.7724609375,-55.2978515625
33.783331,-53.4619140625,46.5283203125,-57.0068359375
33.8069367,-53.6572265625,45.8935546875,-59.8876953125
33.839316,-53.9990234375,46.0400390625,-63.8427734375
33.867087,-54.4873046875,45.2099609375,-65.8447265625
33.8971254,-54.0478515625,44.6728515625,-68.5302734375
33.9271759,-55.0732421875,43.9404296875,-71.1181640625
33.9585359,-55.4150390625,43.2568359375,-73.8037109375
33.9924435,-56.2451171875,43.6474609375,-76.3916015625
34.0377992,-56.8798828125,44.2333984375,-74.8779296875
34.0594687,-56.9775390625,45.1611328125,-66.2353515625
34.0805496,-57.1240234375,45.4541015625,-56.4208984375
34.1088963,-58.1494140625,45.6982421875,-50.2685546875
34.1414031,-57.9052734375,46.0888671875,-47.2412109375
34.1711657,-58.7841796875,46.6259765625,-46.5087890625
34.2006474,-59.3212890625,47.1630859375,-45.4345703125
34.2273069,-58.9306640625,47.4072265625,-43.6279296875
34.2601805,-57.7099609375,47.6513671875,-44.4091796875
34.2901378,-56.6357421875,47.1142578125,-45.9716796875
34.3234283,-55.2685546875,48.0419921875,-46.5576171875
34.3513049,-55.1220703125,47.2119140625,-47.5341796875
34.379179,-54.8291015625,47.1630859375,-47.4365234375
34.4134085,-54.1943359375,46.8701171875,-48.4130859375
34.4412913,-53.6083984375,46.6259765625,-50.0732421875
34.4704134,-53.4130859375,46.6748046875,-52.5146484375
34.5198909,-53.6572265625,46.2841796875,-55.5419921875
34.5404223,-53.7060546875,46.2353515625,-57.9833984375
34.5652447,-54.3896484375,46.6259765625,-61.4013671875
34.5939236,-54.7314453125,45.2099609375,-64.7705078125
34.6211034,-55.4638671875,44.3310546875,-66.9677734375
34.654989,-55.7568359375,44.1357421875,-69.9951171875
34.6819195,-56.7333984375,43.4033203125,-73.0224609375
34.7107985,-57.2216796875,43.0126953125,-75.9033203125
34.7472675,-58.3447265625,42.6220703125,-75.9033203125
34.7730704,-58.5888671875,44.0380859375,-70.0927734375
34.8011813,-58.7841796875,44.4287109375,-58.5693359375
34.833832,-59.0771484375,44.3798828125,-50.4638671875
34.881506,-59.5654296875,44.4775390625,-45.0927734375
34.9017149,-60.8349609375,45.0146484375,-43.2861328125
34.9243615,-60.9326171875,45.0146484375,-41.3818359375
34.9524094,-61.4208984375,45.5517578125,-39.5751953125
34.9895459,-59.9072265625,45.5517578125,-38.4033203125
35.0144182,-58.1982421875,45.6982421875,-39.1357421875
35.051318,-57.8076171875,45.6982421875,-39.9658203125
35.0762272,-56.3427734375,45.4052734375,-41.3330078125
35.1052428,-55.7080078125,44.8681640625,-41.1865234375
35.1331616,-55.5126953125,45.1611328125,-42.2119140625
35.1715156,-55.8056640625,44.6240234375,-43.3837890625
35.1947155,-55.0732421875,45.3076171875,-45.7275390625
35.2272819,-55.0732421875,44.5263671875,-48.3642578125
35.2565113,-55.4150390625,44.2333984375,-51.5380859375
35.2843807,-55.3662109375,43.6962890625,-54.3212890625
35.3216985,-55.9521484375,42.8173828125,-57.1044921875
35.3457707,-56.0009765625,41.8896484375,-60.6201171875
35.3842098,-56.8310546875,41.6455078125,-62.7197265625
35.4076527,-57.4658203125,41.2548828125,-66.4306640625
35.4548343,-58.2958984375,39.9365234375,-69.2626953125
35.4765476,-59.2724609375,39.5947265625,-72.3388671875
35.4971282,-59.2236328125,38.7646484375,-75.3173828125
35.5326929,-59.0771484375,40.1318359375,-71.3623046875
35.556251,-59.8583984375,40.4248046875,-61.1083984375
35.5927922,-60.2001953125,40.9619140625,-51.0986328125
35.6170154,-61.8115234375,40.6201171875,-45.1416015625
35.6590403,-61.2744140625,40.4248046875,-43.2861328125
35.6773071,-61.9091796875,40.3759765625,-41.4306640625
35.7060108,-63.2763671875,40.6689453125,-39.7705078125
35.7518552,-62.5439453125,40.0341796875,-38.2568359375
35.7720047,-60.8349609375,39.3017578125,-38.8916015625
35.8003193,-59.0771484375,39.4482421875,-40.1611328125
35.8303068,-58.4912109375,38.6181640625,-41.5771484375
35.8574365,-57.2705078125,37.9345703125,-42.3095703125
35.8946299,-56.5869140625,37.2021484375,-43.6767578125
35.9194934,-56.3916015625,37.1044921875,-44.5556640625
35.9566027,-56.3916015625,37.2021484375,-45.7763671875
35.981034,-56.1474609375,36.3232421875,-49.0478515625
36.0094895,-56.3427734375,35.2490234375,-52.4169921875
36.0383301,-56.7333984375,35.0537109375,-55.9814453125
36.0747508,-57.4658203125,34.1259765625,-58.4716796875
36.0994302,-57.7587890625,33.6865234375,-61.6943359375
36.1360395,-58.4912109375,33.1005859375,-64.9169921875
36.1611935,-58.8818359375,31.5869140625,-67.9443359375
36.1972961,-59.4189453125,31.9287109375,-70.9716796875
36.2234071,-59.9560546875,30.5126953125,-73.9013671875
36.2524367,-60.1513671875,30.4638671875,-77.2705078125
36.2820922,-60.9326171875,30.7568359375,-78.9794921875
36.3083359,-61.1767578125,30.9521484375,-72.5830078125
36.3472587,-62.2998046875,31.0498046875,-62.9150390625
36.3690523,-62.1044921875,30.8544921875,-55.8349609375
36.4067391,-63.0810546875,30.7568359375,-52.0263671875
36.4386059,-63.8623046875,30.9033203125,-52.3193359375
36.459104,-64.7412109375,30.4638671875,-51.2939453125
36.4963144,-65.2294921875,30.2197265625,-51.3916015625
36.5235382,-65.1318359375,30.0244140625,-51.9287109375
36.5554253,-62.9345703125,29.6826171875,-53.9794921875
36.5830996,-61.5185546875,29.0478515625,-54.7119140625
36.6204332,-61.4697265625,28.6572265625,-55.2978515625
36.644412,-60.6396484375,28.4130859375,-56.5185546875
36.6733528,-60.2001953125,27.9248046875,-57.8369140625
36.7024733,-59.2236328125,27.0947265625,-59.5458984375
36.7371852,-59.2236328125,26.8505859375,-62.2802734375
36.7632263,-59.6142578125,26.5576171875,-65.6494140625
36.8010036,-60.0048828125,26.2646484375,-67.1142578125
36.8255094,-60.2978515625,25.7763671875,-70.8740234375
36.8544399,-60.3955078125,25.7763671875,-73.2177734375
36.8822873,-60.3955078125,25.3857421875,-76.2939453125
36.9180353,-60.9326171875,24.5068359375,-79.6142578125
36.9440408,-61.9091796875,24.3115234375,-82.7880859375
36.9792107,-62.2998046875,23.6279296875,-85.5224609375
37.0055182,-63.2275390625,24.6044921875,-85.0830078125
37.0332905,-62.9345703125,25.2880859375,-76.8798828125
37.0693715,-63.7158203125,25.3369140625,-66.9677734375
37.0960145,-64.2041015625,25.5810546875,-61.3525390625
37.1322515,-64.0576171875,25.7763671875,-59.8876953125
37.1576225,-65.2294921875,26.9482421875,-59.5458984375
37.1867284,-65.8642578125,26.2646484375,-59.4970703125
37.2178449,-65.9130859375,25.9228515625,-59.0576171875
37.2480481,-65.3759765625,25.8740234375,-60.4736328125
37.2747378,-63.8623046875,26.2646484375,-61.4990234375
37.3114819,-62.5439453125,26.1669921875,-63.4521484375
37.336608,-61.6650390625,26.2158203125,-63.3544921875
37.3738817,-61.4208984375,25.6298828125,-64.3310546875
37.4170891,-60.2490234375,26.5576171875,-65.7470703125
37.4363521,-59.5654296875,26.0693359375,-67.6025390625
37.4623728,-59.1748046875,25.8740234375,-69.6533203125
37.4894087,-59.8583984375,24.9462890625,-72.8271484375
37.5178661,-60.0048828125,25.0439453125,-75.8056640625
37.5450216,-60.0537109375,24.9462890625,-79.4677734375
37.5823882,-61.0791015625,24.7021484375,-81.5185546875
37.6078589,-61.1279296875,24.8974609375,-84.5947265625
37.6446714,-61.8603515625,23.8232421875,-87.1337890625
37.6693067,-61.8115234375,23.4814453125,-90.1123046875
37.7061243,-63.3251953125,24.2138671875,-92.5048828125
37.7292808,-63.3251953125,24.7021484375,-85.8642578125
37.7826306,-63.4228515625,25.5322265625,-75.9033203125
37.7857347,-64.3505859375,26.2646484375,-67.6025390625
37.8240386,-64.7900390625,26.5576171875,-62.3779296875
37.8486096,-64.7900390625,26.6552734375,-61.7431640625
37.884652,-65.9619140625,26.7529296875,-59.9853515625
37.9102492,-66.5966796875,27.4853515625,-58.7158203125
37.9386646,-66.4990234375,27.6318359375,-57.7880859375
37.967941,-64.6435546875,27.0458984375,-59.1552734375
38.0005739,-63.4716796875,26.8994140625,-59.7900390625
38.0287679,-62.4951171875,26.9970703125,-60.7177734375
38.0620555,-62.4951171875,26.6064453125,-61.3525390625
38.0918135,-61.7138671875,26.3134765625,-61.4013671875
38.1189341,-61.3232421875,26.4599609375,-63.5498046875
38.1548622,-60.6884765625,26.5576171875,-65.1123046875
38.1803628,-60.2001953125,26.1669921875,-67.7490234375
38.2188871,-60.6396484375,25.4345703125,-69.9951171875
38.2430495,-60.6884765625,25.5322265625,-73.3642578125
38.2710132,-60.6396484375,24.5068359375,-76.6845703125
38.3071806,-61.8115234375,24.7021484375,-78.9794921875
38.3319178,-62.0556640625,24.0673828125,-81.6162109375
38.3613882,-62.3486328125,23.5791015625,-84.7412109375
38.3937413,-62.7880859375,22.7001953125,-87.5732421875
38.4218656,-63.7158203125,22.9443359375,-90.1123046875
38.4592528,-64.3994140625,23.8232421875,-86.8896484375
38.4841284,-64.3505859375,24.3115234375,-77.4658203125
38.5119379,-64.7412109375,24.5068359375,-67.4072265625
38.5427605,-65.9130859375,24.8486328125,-60.5224609375
38.5739566,-65.8642578125,24.8486328125,-57.5927734375
38.6047092,-66.7919921875,25.5322265625,-55.6884765625
38.6374196,-67.2802734375,25.1416015625,-55.2001953125
38.6640215,-67.5732421875,25.6787109375,-53.0517578125
38.6925302,-66.5966796875,25.1416015625,-53.7353515625
38.7258295,-65.1318359375,25.8251953125,-55.9326171875
38.7538196,-64.1064453125,25.3857421875,-56.2744140625
38.7829972,-62.3486328125,24.5068359375,-57.7392578125
38.8164202,-62.4951171875,24.3115234375,-57.2021484375
38.8440368,-61.9091796875,24.0673828125,-58.4228515625
38.8763582,-61.5673828125,24.0185546875,-59.7412109375
38.9056902,-61.3232421875,22.9443359375,-62.6708984375
38.936124,-61.7138671875,22.1142578125,-65.0146484375
38.9680778,-61.6162109375,21.8701171875,-67.0654296875
38.9967169,-61.7626953125,21.2353515625,-71.1669921875
39.0249378,-61.3232421875,21.5771484375,-74.0478515625
39.056705,-62.5927734375,20.4052734375,-76.2939453125
39.0865381,-62.8857421875,19.3310546875,-79.5654296875
39.1152358,-63.7646484375,19.2822265625,-82.7392578125
39.1469466,-63.6669921875,18.5498046875,-85.4736328125
39.1765147,-64.4482421875,17.3291015625,-88.3544921875
39.2040063,-65.6689453125,17.8173828125,-91.7724609375
39.2374016,-66.0595703125,18.4521484375,-86.7919921875
39.2665022,-66.4013671875,19.1845703125,-75.8544921875
39.3012964,-66.8408203125,19.1845703125,-65.5517578125
39.329123,-67.5244140625,19.8681640625,-59.7412109375
39.3580737,-68.2568359375,19.4775390625,-57.8857421875
39.3884051,-68.5986328125,19.5263671875,-56.9580078125
39.4180188,-69.2333984375,19.0380859375,-55.7861328125
39.445719,-69.8193359375,19.4287109375,-55.3955078125
39.4810336,-69.5263671875,19.3310546875,-56.1279296875
39.5084965,-66.7431640625,18.8427734375,-57.1044921875
39.5405828,-65.4736328125,19.0869140625,-58.5693359375
39.5705939,-65.0830078125,18.6962890625,-58.3251953125
39.5978848,-65.2783203125,18.7451171875,-59.9365234375
39.6272782,-64.4482421875,18.5498046875,-60.8154296875
39.6596006,-64.4482421875,18.8427734375,-62.5732421875
39.6898832,-64.1552734375,18.3056640625,-65.6494140625
39.720561,-64.1552734375,17.6708984375,-67.2119140625
39.7493012,-64.3994140625,17.1826171875,-70.5322265625
39.7775366,-65.2294921875,17.2314453125,-73.1689453125
39.8122025,-64.6435546875,17.0361328125,-75.5126953125
39.8406257,-64.8388671875,16.4990234375,-78.1494140625
39.8688213,-66.2548828125,16.4990234375,-80.8837890625
39.9011843,-66.4501953125,15.5224609375,-83.6669921875
39.9291416,-66.9384765625,16.2548828125,-86.5966796875
39.9645281,-67.4267578125,16.7919921875,-83.2275390625
39.9911794,-68.1103515625,18.0615234375,-71.8505859375
40.020435,-68.1103515625,18.3544921875,-61.4501953125
40.0532335,-68.2568359375,18.5986328125,-55.1513671875
40.0883662,-69.2333984375,19.7705078125,-53.1005859375
40.1105749,-70.0634765625,20.3564453125,-52.7099609375
40.1405288,-70.5517578125,20.4052734375,-51.0009765625
40.1710423,-70.6005859375,20.9912109375,-51.1474609375
40.2102659,-70.2587890625,20.8935546875,-51.5380859375
40.233294,-67.9638671875,20.8935546875,-53.2470703125
40.261676,-66.6455078125,21.0888671875,-53.8330078125
40.3002625,-66.2548828125,21.2841796875,-53.4912109375
40.3242537,-65.4248046875,20.8935546875,-54.8095703125
40.3537188,-65.9619140625,21.2841796875,-55.7861328125
40.3890302,-64.4970703125,20.7958984375,-57.9345703125
40.4114705,-64.3994140625,21.3818359375,-60.6201171875
40.4516668,-64.4482421875,20.9423828125,-63.5498046875
40.4745543,-64.5458984375,21.5283203125,-65.6005859375
40.5041272,-64.9365234375,20.7958984375,-69.0185546875
40.536845,-64.8388671875,20.9423828125,-72.1923828125
40.5662593,-65.2783203125,20.4052734375,-75.0244140625
40.5938133,-66.1572265625,20.7958984375,-78.0517578125
40.6293008,-66.9873046875,20.2587890625,-80.9326171875
40.6549073,-66.6455078125,21.8212890625,-79.4677734375
40.6837708,-67.5732421875,23.0419921875,-68.9697265625
40.7209516,-67.8173828125,23.8232421875,-57.1044921875
40.7426322,-68.3544921875,24.0185546875,-48.1201171875
40.7799,-68.3056640625,25.4345703125,-43.5302734375
40.8067061,-69.0380859375,25.7275390625,-41.8212890625
40.8362893,-69.5263671875,26.0693359375,-39.4287109375
40.8717088,-70.0634765625,27.1923828125,-37.4755859375
40.8963612,-70.1611328125,27.4365234375,-37.6708984375
40.9339637,-68.5498046875,27.7783203125,-38.4033203125
40.9570251,-66.7919921875,28.4130859375,-39.0380859375
40.9927942,-66.2060546875,28.1201171875,-40.3076171875
41.0171821,-65.8154296875,28.5107421875,-39.9169921875
41.05469,-64.5947265625,28.4130859375,-41.4794921875
41.0780682,-64.5947265625,28.2177734375,-42.3583984375
41.1049689,-64.3505859375,28.7060546875,-45.5322265625
41.1486698,-63.7158203125,28.5595703125,-48.2177734375
41.1687877,-64.4482421875,28.7060546875,-50.8056640625
41.2060805,-63.5693359375,28.1689453125,-54.9560546875
41.2279724,-64.7412109375,27.5830078125,-57.7392578125
41.2581838,-65.0341796875,27.5830078125,-61.0107421875
41.2890139,-65.6201171875,27.4365234375,-63.8916015625
41.3202268,-65.9130859375,27.0458984375,-66.7236328125
41.3579852,-67.1826171875,26.9970703125,-70.8251953125
41.3813526,-67.1337890625,26.8505859375,-73.9013671875
41.4084259,-67.8173828125,27.6806640625,-71.3134765625
41.4468747,-68.2568359375,29.5361328125,-59.5458984375
41.4726491,-69.2822265625,29.6826171875,-47.5830078125
41.500305,-69.5263671875,30.1220703125,-38.8916015625
41.5372072,-69.7705078125,30.9033203125,-34.9853515625
41.557656,-70.0146484375,31.7822265625,-32.5927734375
41.5988879,-71.4306640625,32.3681640625,-30.1513671875
41.621005,-72.2119140625,33.0029296875,-27.4169921875
41.6518438,-71.7236328125,33.1005859375,-28.2958984375
41.6788214,-70.6005859375,33.3447265625,-29.1748046875
41.7166302,-68.7451171875,33.7353515625,-29.9072265625
41.7389846,-67.3779296875,33.1005859375,-30.4931640625
41.7749506,-66.6455078125,33.3935546875,-31.1279296875
41.8017086,-66.3037109375,34.3212890625,-32.3974609375
41.8304973,-64.9853515625,34.1259765625,-34.0576171875
41.8592258,-65.1806640625,34.1748046875,-36.0595703125
41.900809,-65.2783203125,33.6865234375,-39.6728515625
41.9197344,-65.1806640625,33.7353515625,-42.1142578125
41.9608872,-65.3271484375,32.6611328125,-46.0693359375
41.9815319,-65.4736328125,32.3193359375,-49.4873046875
42.0186014,-65.7666015625,32.4169921875,-53.3935546875
42.0444611,-65.9130859375,31.4892578125,-57.0556640625
42.0716421,-66.4990234375,30.0244140625,-60.5712890625
42.1184973,-67.5244140625,30.2685546875,-63.6962890625
42.1381588,-67.7685546875,28.9990234375,-67.7490234375
42.1619514,-68.3544921875,28.8037109375,-71.3623046875
42.1987729,-69.3798828125,29.1943359375,-71.0693359375
42.2255118,-69.7705078125,30.3662109375,-62.0361328125
42.2525457,-70.6982421875,31.3916015625,-48.7060546875
42.2888374,-70.8935546875,31.5380859375,-39.1845703125
42.3137785,-72.1142578125,32.0263671875,-33.7646484375
42.3501457,-72.1142578125,31.8310546875,-32.2021484375
42.3770534,-72.4560546875,32.3681640625,-30.4443359375
42.404227,-73.8232421875,32.4169921875,-27.8564453125
42.4410134,-73.7744140625,32.6611328125,-28.5400390625
42.4647625,-72.5048828125,32.5146484375,-30.2978515625
42.4947078,-70.3076171875,33.1494140625,-30.8837890625
42.5309369,-69.4287109375,32.8564453125,-31.7138671875
42.5566498,-68.3056640625,32.8564453125,-32.5927734375
42.5943215,-68.0615234375,31.8310546875,-33.0322265625
42.6137944,-67.3291015625,31.9287109375,-34.9853515625
42.6508525,-66.8896484375,31.8310546875,-37.3779296875
42.6743915,-66.6943359375,31.0009765625,-40.4541015625
42.7129471,-66.5966796875,30.9521484375,-43.8232421875
42.7340033,-67.2802734375,30.0732421875,-47.6806640625
42.7707057,-67.7197265625,29.7314453125,-51.2939453125
42.7975233,-67.8173828125,29.1943359375,-54.3212890625
42.8252227,-68.4033203125,28.4130859375,-57.9833984375
42.8644493,-69.2822265625,27.1923828125,-61.0595703125
42.8883206,-69.5263671875,27.2412109375,-64.8681640625
42.924218,-69.8681640625,26.5087890625,-68.5302734375
42.9499576,-70.6982421875,27.7783203125,-67.0166015625
42.9771736,-70.6494140625,28.7060546875,-57.1533203125
43.0143444,-71.2841796875,28.7060546875,-44.9462890625
43.0365138,-71.8701171875,29.6337890625,-35.9619140625
43.0736851,-72.2119140625,29.4873046875,-32.3486328125
43.0970542,-73.1396484375,30.1708984375,-31.3232421875
43.1333759,-73.7255859375,30.7568359375,-31.0791015625
43.1585178,-74.8486328125,30.6103515625,-30.3955078125
43.1952874,-75.0439453125,30.4150390625,-31.5673828125
43.2183326,-73.9697265625,30.3173828125,-33.1298828125
43.2564826,-71.9189453125,30.8056640625,-34.3505859375
43.28066,-70.7958984375,29.7802734375,-34.0576171875
43.3179613,-70.3076171875,30.1708984375,-35.3759765625
43.3384317,-70.0634765625,29.8291015625,-36.4501953125
43.3901798,-69.1357421875,29.4384765625,-38.6474609375
43.4100645,-68.7451171875,29.2431640625,-41.3330078125
43.4295597,-68.8427734375,29.1455078125,-45.3857421875
43.4658543,-69.1845703125,29.2919921875,-47.5830078125
43.49065,-69.2822265625,28.7060546875,-51.4892578125
43.5274121,-69.9658203125,28.6572265625,-54.9072265625
43.5502361,-69.9658203125,27.9248046875,-57.8369140625
43.5791681,-70.2587890625,27.7783203125,-61.9873046875
43.6163349,-70.5517578125,28.1201171875,-64.9658203125
43.6417631,-71.1376953125,28.8525390625,-61.4013671875
43.6776747,-71.9677734375,29.7314453125,-50.1708984375
43.702091,-72.2119140625,30.9033203125,-37.0361328125
43.7329449,-72.4072265625,31.0986328125,-28.0517578125
43.7611221,-73.0908203125,31.2939453125,-24.9267578125
43.7923512,-73.4326171875,32.0263671875,-23.5595703125
43.8294505,-73.6767578125,32.7099609375,-21.4599609375
43.8489502,-74.3115234375,32.3193359375,-20.7275390625
43.8871014,-75.2880859375,31.9775390625,-22.0458984375
43.9124257,-74.1162109375,33.2958984375,-23.4130859375
43.9446327,-71.8212890625,32.6611328125,-24.3896484375
43.9732594,-70.7958984375,32.6123046875,-24.5361328125
44.0009372,-69.8681640625,32.8564453125,-24.6826171875
44.0341612,-70.0634765625,32.8564453125,-27.0751953125
44.0629167,-69.1357421875,33.2470703125,-29.7119140625
44.0918704,-68.9404296875,32.8076171875,-32.3486328125
44.1292053,-68.9404296875,33.0517578125,-36.1572265625
44.1527247,-68.5498046875,32.6611328125,-39.1845703125
44.1830281,-68.8427734375,32.8564453125,-43.4814453125
44.2140149,-68.5986328125,32.1728515625,-46.3623046875
44.2446407,-69.2822265625,31.1962890625,-50.0244140625
44.2772953,-69.6728515625,31.0986328125,-53.5400390625
44.3054905,-70.6982421875,31.0009765625,-57.0068359375
44.3334456,-70.5029296875,31.6845703125,-56.7138671875
44.3654234,-71.5283203125,31.9775390625,-46.6552734375
44.3942966,-72.2119140625,33.1005859375,-32.5439453125
44.4234682,-72.4560546875,33.2470703125,-21.1181640625
44.4562981,-73.4814453125,33.9306640625,-14.7705078125
44.4862173,-73.6767578125,33.6865234375,-11.3037109375
44.5135166,-73.9208984375,34.5166015625,-8.8623046875
44.5463092,-74.9951171875,34.6630859375,-6.6650390625
44.5758082,-74.7998046875,34.8095703125,-5.9814453125
44.6028931,-74.9951171875,35.0048828125,-6.0791015625
44.6361452,-72.7978515625,34.8095703125,-8.0322265625
44.6652324,-70.9912109375,35.2978515625,-9.0576171875
44.6974077,-70.7470703125,34.4677734375,-9.7412109375
44.7268109,-70.0634765625,34.6630859375,-11.4501953125
44.7550447,-69.7216796875,34.8583984375,-13.5986328125
44.7871875,-68.8427734375,34.2724609375,-16.5283203125
44.818716,-68.8916015625,34.5166015625,-19.8974609375
44.8461341,-68.8427734375,34.4189453125,-24.0478515625
44.8798106,-68.7451171875,33.2958984375,-28.4423828125
44.9075186,-68.6962890625,32.6611328125,-32.1533203125
44.934919,-69.0869140625,32.5634765625,-35.8154296875
44.9686386,-69.0380859375,31.6357421875,-40.0146484375
44.9971628,-69.4775390625,30.6591796875,-44.2626953125
45.029028,-69.7705078125,30.4638671875,-47.2900390625
45.0579154,-71.3330078125,29.8291015625,-51.2939453125
45.0867759,-71.7724609375,29.4873046875,-55.3955078125
45.1205702,-71.9677734375,31.0009765625,-52.3193359375
45.1483627,-72.9931640625,30.8056640625,-39.7216796875
45.1806856,-73.1884765625,31.1474609375,-25.9033203125
45.2099267,-73.7255859375,31.1962890625,-15.8935546875
45.2404972,-74.0673828125,31.4404296875,-11.5966796875
45.2671478,-74.7998046875,31.3916015625,-9.3994140625
45.2994397,-75.1904296875,30.2685546875,-7.3486328125
45.329551,-75.9228515625,30.9521484375,-5.3955078125
45.361765,-76.3134765625,30.3662109375,-5.8837890625
45.3896286,-75.5322265625,29.6826171875,-7.7392578125
45.4192362,-73.6279296875,29.5361328125,-8.4716796875
45.4617298,-72.4072265625,28.6083984375,-10.1318359375
45.4806389,-71.6748046875,28.0224609375,-11.1083984375
45.512612,-71.3330078125,27.5341796875,-13.4033203125
45.5425827,-70.3564453125,26.8017578125,-15.2587890625
45.5701614,-69.5263671875,26.5576171875,-18.2861328125
45.5996195,-69.0380859375,25.9716796875,-21.5087890625
45.6325956,-69.8193359375,25.1904296875,-25.3662109375
45.6805966,-69.5263671875,24.2138671875,-29.4189453125
45.6954135,-69.5751953125,23.4326171875,-33.6181640625
45.7211776,-70.5517578125,22.6513671875,-38.1103515625
45.749931,-70.7958984375,22.0654296875,-41.3818359375
45.805108,-71.2841796875,21.1376953125,-45.0927734375
45.8124797,-71.8701171875,20.6494140625,-48.5107421875
45.8522354,-72.7001953125,20.8935546875,-52.6611328125
45.8726212,-73.3837890625,19.8681640625,-57.1533203125
45.9015357,-73.4814453125,20.1611328125,-57.4951171875
45.9311521,-74.1162109375,21.3818359375,-47.8271484375
45.9716167,-74.5068359375,21.3330078125,-34.6435546875
45.9908559,-75.1904296875,21.3330078125,-25.0732421875
46.0337884,-75.2392578125,21.1376953125,-20.9716796875
46.0544081,-76.1669921875,21.2353515625,-20.1416015625
46.0914862,-76.8017578125,20.8935546875,-19.6044921875
46.1147712,-77.9736328125,20.8935546875,-19.3603515625
46.1536171,-78.4619140625,20.7958984375,-20.4345703125
46.1773706,-79.1943359375,20.1611328125,-21.6552734375
46.215058,-77.2900390625,20.0634765625,-23.5595703125
46.2331607,-74.8486328125,19.6728515625,-24.4384765625
46.2751472,-74.1162109375,19.9169921875,-25.6103515625
46.2955732,-73.8232421875,19.6728515625,-26.5380859375
46.340002,-73.0419921875,19.4287109375,-28.9794921875
46.3694039,-72.3583984375,19.4287109375,-30.6884765625
46.3861447,-72.2607421875,18.9404296875,-34.4970703125
46.4222229,-72.2119140625,18.1591796875,-38.3056640625
46.4453173,-72.3095703125,18.5498046875,-40.8935546875
46.4802626,-73.2861328125,18.2568359375,-45.2392578125
46.5092747,-72.7978515625,17.7197265625,-48.3642578125
46.5467259,-73.0419921875,16.8408203125,-51.6845703125
46.5679885,-73.0908203125,16.6943359375,-54.8095703125
46.6096017,-73.9208984375,16.2060546875,-57.9833984375
46.627779,-73.6767578125,15.2783203125,-61.7919921875
46.6630466,-74.6044921875,16.7431640625,-63.1591796875
46.6863725,-75.5322265625,17.5732421875,-55.9326171875
46.7235463,-75.3857421875,18.1103515625,-42.5537109375
46.7450918,-76.0205078125,17.7197265625,-33.2275390625
46.7833191,-77.0458984375,18.6962890625,-27.3193359375
46.8080306,-77.5341796875,18.2568359375,-26.7822265625
46.8459753,-77.9248046875,19.0380859375,-26.1962890625
46.8696879,-79.1943359375,18.8916015625,-25.7080078125
46.8983022,-79.3408203125,18.6962890625,-26.0498046875
46.936649,-79.1455078125,18.0126953125,-26.6357421875
46.9590063,-78.1689453125,18.5986328125,-28.2958984375
46.9968215,-76.3134765625,18.5498046875,-29.7119140625
47.0196898,-74.8486328125,18.5986328125,-30.2978515625
47.0569576,-73.9208984375,18.8916015625,-31.5185546875
47.0914067,-73.8720703125,18.3056640625,-33.2275390625
47.1099173,-72.7490234375,18.2080078125,-35.5224609375
47.1543448,-72.9443359375,17.7197265625,-38.5009765625
47.1745885,-72.4072265625,17.5244140625,-41.6748046875
47.2103004,-72.6025390625,17.6708984375,-45.4345703125
47.229604,-72.7490234375,17.2802734375,-49.0478515625
47.2658266,-72.7978515625,16.8896484375,-52.5146484375
47.2887119,-73.5302734375,16.2060546875,-55.7861328125
47.3268624,-73.2373046875,15.6689453125,-58.9599609375
47.3471226,-74.5068359375,15.5712890625,-62.3779296875
47.3905968,-74.1650390625,14.6923828125,-64.9169921875
47.4107227,-74.3603515625,14.2529296875,-68.9208984375
47.4496758,-75.4833984375,14.7412109375,-70.1904296875
47.4712278,-75.8251953125,16.0595703125,-61.8896484375
47.500519,-76.6064453125,16.6455078125,-49.2919921875
47.5381166,-77.0947265625,17.4267578125,-39.5263671875
47.5606852,-77.4365234375,17.8173828125,-35.3759765625
47.6019974,-77.8271484375,18.3544921875,-34.8388671875
47.6221544,-78.9501953125,18.2080078125,-33.9111328125
47.6614215,-79.4384765625,18.8427734375,-32.9833984375
47.6796321,-80.3662109375,18.1103515625,-32.6904296875
47.7202666,-79.7802734375,18.6962890625,-34.2041015625
47.7412526,-79.5849609375,18.4521484375,-35.3759765625
47.7806399,-77.0947265625,18.6474609375,-36.6943359375
47.8023766,-75.9716796875,17.7685546875,-37.2314453125
47.8396727,-75.5810546875,18.4521484375,-38.8916015625
47.863994,-74.4580078125,17.9150390625,-40.4541015625
47.8925864,-73.7255859375,18.4033203125,-42.7001953125
47.932943,-73.4326171875,18.2080078125,-45.3369140625
47.9541194,-73.3349609375,17.7197265625,-47.9248046875
47.9895838,-73.1884765625,17.7685546875,-51.1474609375
48.0156901,-73.4326171875,16.4501953125,-55.1513671875
48.0529814,-73.5791015625,16.7919921875,-57.7880859375
48.0733211,-74.1162109375,15.9619140625,-61.4990234375
48.1086461,-74.8486328125,15.4248046875,-64.2333984375
48.1354947,-74.9951171875,15.4736328125,-67.1630859375
48.1751289,-74.8486328125,14.6923828125,-69.9951171875
48.1967961,-75.3857421875,14.0087890625,-74.1455078125
48.2334636,-76.5576171875,14.3994140625,-76.8310546875
48.2533482,-77.5830078125,14.6435546875,-76.9287109375
48.3002308,-77.6806640625,15.7666015625,-68.2373046875
48.3205644,-77.7783203125,15.6689453125,-57.3486328125
48.3495234,-78.9013671875,15.9130859375,-49.7802734375
48.3841377,-79.3896484375,16.4990234375,-46.4111328125
48.4065787,-79.8291015625,16.8408203125,-46.6064453125
48.4451309,-80.1708984375,16.4990234375,-46.3134765625
48.4666894,-80.6591796875,16.8408203125,-45.2880859375
48.5039432,-81.6357421875,16.8896484375,-46.1181640625
48.5265906,-82.1728515625,16.6943359375,-47.8759765625
48.5608732,-81.1962890625,16.2060546875,-49.5361328125
48.5836612,-78.9501953125,16.1572265625,-50.2197265625
48.62201,-77.4853515625,16.1572265625,-50.8544921875
48.6447418,-76.4599609375,16.3037109375,-51.6357421875
48.6830384,-76.4111328125,16.0595703125,-53.3935546875
48.7095789,-75.5322265625,15.3759765625,-55.3955078125
48.7448675,-75.2392578125,14.7412109375,-57.9833984375
48.7698568,-74.7509765625,15.0830078125,-61.1572265625
48.8089876,-75.0439453125,14.5458984375,-63.5498046875
48.8276371,-74.8974609375,13.6669921875,-67.1630859375
48.8672733,-74.6533203125,13.6669921875,-69.6044921875
48.8888714,-75.5322265625,12.1533203125,-71.9482421875
48.9259254,-75.8251953125,12.1533203125,-74.8779296875
48.9473478,-75.8740234375,11.5185546875,-77.6123046875
48.9864727,-76.5576171875,10.7861328125,-79.9560546875
49.0115804,-77.4365234375,10.1025390625,-83.2275390625
49.0493025,-77.8271484375,9.7607421875,-85.7666015625
49.0682697,-78.6572265625,10.1513671875,-87.4755859375
49.1049072,-78.6083984375,11.7626953125,-79.6142578125
49.1308888,-79.6337890625,11.8115234375,-68.1884765625
49.1589082,-79.9267578125,11.0791015625,-60.3271484375
49.1966334,-81.0009765625,11.9580078125,-57.3486328125
49.2208168,-81.6357421875,11.7626953125,-58.0322265625
49.2588327,-82.0751953125,12.0068359375,-57.5439453125
49.2813373,-82.6123046875,11.7138671875,-57.5927734375
49.3181201,-83.1494140625,11.9091796875,-59.2529296875
49.3424102,-83.4912109375,12.4462890625,-60.5712890625
49.3733038,-83.7353515625,12.0068359375,-61.9384765625
49.3998157,-81.3916015625,11.7626953125,-62.9150390625
49.43898,-80.8544921875,12.0068359375,-63.3056640625
49.4612167,-79.1455078125,12.1044921875,-63.8916015625
49.4908722,-78.9501953125,11.6650390625,-66.2841796875
49.5226763,-77.9736328125,11.3232421875,-67.2607421875
49.5599047,-78.2177734375,10.9814453125,-69.1650390625
49.5843669,-78.1689453125,11.0791015625,-72.1923828125
49.6138118,-77.7783203125,10.4931640625,-74.6826171875
49.6435234,-78.0224609375,10.0537109375,-77.7587890625
49.6705449,-78.5107421875,9.8095703125,-80.1513671875
49.7029583,-78.4619140625,9.8095703125,-82.2509765625
49.7388484,-79.0966796875,9.6142578125,-84.7412109375
49.7662334,-79.1455078125,8.8818359375,-87.3779296875
49.7934137,-79.2919921875,9.3212890625,-89.4287109375
49.8226966,-79.8291015625,9.4189453125,-92.7001953125
49.8548267,-80.6591796875,11.8115234375,-89.3310546875
49.8865214,-81.4404296875,11.6162109375,-77.9052734375
49.9119952,-81.5380859375,12.2021484375,-67.4560546875
49.9490487,-82.2705078125,12.8369140625,-61.4013671875
49.9751182,-82.7099609375,13.8134765625,-59.6435546875
50.0077193,-82.9052734375,14.3994140625,-59.3505859375
50.0349682,-83.2470703125,14.1552734375,-59.3994140625
50.0654772,-84.3701171875,14.8388671875,-58.6181640625
50.0962696,-85.0537109375,15.3271484375,-59.5947265625
50.1253339,-85.0048828125,15.6201171875,-60.4736328125
50.1573926,-83.8818359375,16.1083984375,-61.3037109375
50.187713,-82.1728515625,16.6455078125,-60.8642578125
50.2162215,-80.9033203125,16.9384765625,-62.0361328125
50.244637,-79.8779296875,17.0849609375,-62.2802734375
50.2786741,-80.2685546875,17.7197265625,-63.5498046875
50.306949,-79.5849609375,17.8662109375,-65.7470703125
50.3402689,-78.8525390625,17.6220703125,-68.3349609375
50.3667888,-78.8037109375,17.3291015625,-70.4833984375
50.3961009,-78.8525390625,17.2802734375,-73.7060546875
50.4285113,-79.1943359375,16.6943359375,-76.0009765625
50.4590388,-79.0478515625,16.7431640625,-78.8330078125
50.4867752,-80.1220703125,16.7919921875,-81.3720703125
50.51847,-80.1708984375,15.9619140625,-82.9345703125
50.55948,-80.2197265625,16.4990234375,-85.8154296875
50.5784295,-80.7568359375,16.5478515625,-88.1591796875
50.6093025,-81.2451171875,17.3779296875,-84.0087890625
50.6391874,-82.1240234375,19.0380859375,-71.9970703125
50.6701319,-82.0263671875,19.5751953125,-59.3994140625
50.7125294,-82.8564453125,19.8681640625,-51.3427734375
50.7272652,-83.1005859375,20.1611328125,-48.5595703125
50.7598278,-83.6865234375,21.2841796875,-46.0205078125
50.7905464,-83.5400390625,22.2607421875,-43.7255859375
50.8177441,-84.9072265625,22.6513671875,-42.3583984375
50.8519286,-85.8349609375,23.0908203125,-42.4072265625
50.8797415,-86.3720703125,23.4814453125,-42.8955078125
50.9084299,-85.6396484375,23.6767578125,-44.1650390625
50.9401811,-83.4423828125,24.5556640625,-43.7744140625
50.9803649,-81.7333984375,23.9697265625,-43.5302734375
51.0024285,-80.8056640625,24.4580078125,-43.1884765625
51.0485092,-80.0244140625,24.5556640625,-44.8974609375
51.0573588,-79.8291015625,24.8486328125,-46.7041015625
51.0918438,-78.9501953125,24.7509765625,-48.8525390625
51.1327791,-78.6572265625,25.1904296875,-51.4892578125
51.1496916,-78.8037109375,24.7509765625,-53.9794921875
51.1834607,-78.5107421875,24.7509765625,-56.6650390625
51.2221939,-79.1455078125,23.8232421875,-59.3994140625
51.2423409,-79.0966796875,24.3603515625,-61.6455078125
51.28292,-79.6337890625,23.9208984375,-64.3798828125
51.3045343,-79.9755859375,23.4326171875,-67.7001953125
51.3390378,-80.2685546875,22.4072265625,-70.3369140625
51.3619563,-80.6103515625,23.0908203125,-72.5830078125
51.4030052,-81.2451171875,23.6279296875,-72.8271484375
51.4242957,-81.8798828125,25.6787109375,-61.9873046875
51.4623673,-82.4658203125,25.4345703125,-48.5595703125
51.4813533,-82.6123046875,26.8017578125,-38.0126953125
51.5221138,-82.9541015625,27.8271484375,-32.2021484375
51.5415754,-83.6376953125,29.0478515625,-29.1259765625
51.5850458,-84.4677734375,29.6826171875,-26.8310546875
51.6035492,-84.7607421875,30.5126953125,-24.8779296875
51.6401484,-85.3955078125,31.0009765625,-23.4619140625
51.6651557,-86.1767578125,31.2451171875,-23.9501953125
51.7014421,-86.5673828125,31.3916015625,-24.2919921875
51.7229503,-84.5166015625,31.0009765625,-24.2919921875
51.7594303,-82.6123046875,31.2451171875,-24.6337890625
51.7834565,-81.7822265625,31.1474609375,-24.8291015625
51.8197331,-81.1474609375,32.1728515625,-25.8056640625
51.8455674,-80.2197265625,31.5380859375,-27.3193359375
51.8840279,-79.4873046875,31.0498046875,-30.4443359375
51.9047681,-79.3408203125,31.0009765625,-32.5927734375
51.944315,-78.5595703125,30.9521484375,-36.4990234375
51.9642867,-79.0966796875,30.5126953125,-39.2333984375
52.0011157,-79.1943359375,29.5361328125,-42.1630859375
52.0268894,-79.4384765625,28.8525390625,-45.2880859375
52.0645277,-79.6337890625,29.0966796875,-48.1689453125
52.0867076,-79.9267578125,28.5107421875,-51.0498046875
52.12539,-80.8544921875,27.5341796875,-54.3701171875
52.1460125,-81.0986328125,27.1435546875,-56.9580078125
52.1834269,-81.3916015625,26.6064453125,-60.9619140625
52.2049636,-81.9775390625,27.4853515625,-61.5478515625
52.2420661,-82.6123046875,28.8037109375,-51.5869140625
52.2686373,-83.2958984375,29.4384765625,-38.3056640625
52.3071228,-83.1982421875,30.0244140625,-26.6845703125
52.3281528,-84.2724609375,30.1220703125,-20.9228515625
52.3667458,-84.8095703125,30.8544921875,-19.0673828125
52.38729,-85.6396484375,31.5380859375,-17.7490234375
52.4230263,-86.0302734375,31.2451171875,-16.2353515625
52.4507003,-86.9091796875,31.9287109375,-16.0400390625
52.477352,-87.7880859375,31.2451171875,-16.8701171875
52.514693,-87.7392578125,31.7333984375,-17.8955078125
52.5366888,-86.4208984375,31.2939453125,-17.8466796875
52.5750836,-83.8818359375,31.1962890625,-18.4814453125
52.5996157,-82.4169921875,30.7080078125,-18.5791015625
52.635752,-82.0263671875,30.9521484375,-20.1904296875
52.6558445,-81.6357421875,31.3427734375,-22.2900390625
52.6938477,-81.3427734375,30.1220703125,-24.7314453125
52.7165431,-80.7568359375,29.9267578125,-28.4423828125
52.7548374,-80.3173828125,29.3896484375,-31.5673828125
52.7804643,-80.6591796875,29.3896484375,-34.3994140625
52.8164276,-81.0986328125,28.5107421875,-38.4033203125
52.8403793,-81.0009765625,28.6572265625,-41.8212890625
52.8783027,-81.7822265625,28.0712890625,-44.6044921875
52.9017729,-81.8798828125,27.4853515625,-47.2900390625
52.9395121,-82.3193359375,27.1923828125,-50.9033203125
52.9598795,-82.1728515625,27.4853515625,-53.1982421875
52.9992081,-82.8564453125,28.6572265625,-47.0947265625
53.021,-83.4912109375,29.2919921875,-34.4970703125
53.0511943,-84.3701171875,29.9267578125,-22.3876953125
53.0872821,-84.8095703125,30.4150390625,-16.7236328125
53.1098889,-85.3466796875,30.8056640625,-13.7939453125
53.148641,-85.5419921875,31.4892578125,-12.3291015625
53.171488,-86.3232421875,31.4404296875,-11.2060546875
53.208125,-86.5673828125,32.0751953125,-11.2060546875
53.2351738,-87.3974609375,31.6845703125,-12.3779296875
53.275097,-88.1298828125,32.0263671875,-12.7685546875
53.2936024,-87.0556640625,31.9775390625,-12.8173828125
53.3289006,-85.4931640625,32.4658203125,-14.0380859375
53.3537644,-83.7841796875,32.7099609375,-14.2822265625
53.3899017,-82.8564453125,31.9287109375,-15.4052734375
53.4154551,-82.2705078125,32.4169921875,-17.8955078125
53.4528739,-82.1728515625,32.2216796875,-20.2880859375
53.4716376,-82.0263671875,31.9287109375,-23.1689453125
53.5118097,-81.7822265625,31.6357421875,-26.6845703125
53.5315472,-82.0751953125,31.6845703125,-29.0283203125
53.5688889,-82.1240234375,30.9033203125,-32.6416015625
53.5942315,-82.4169921875,30.6103515625,-36.1083984375
53.6325002,-82.3681640625,29.8291015625,-39.0869140625
53.6537616,-82.1240234375,29.7314453125,-42.5537109375
53.6922136,-83.0029296875,31.0986328125,-40.1123046875
53.7138373,-82.9052734375,32.3681640625,-29.2236328125
53.7533457,-83.3935546875,32.6123046875,-16.1865234375
53.774332,-83.5888671875,33.6376953125,-6.2744140625
53.8107537,-84.8095703125,34.4189453125,-1.1962890625
53.8378137,-85.0537109375,34.4677734375,1.4892578125
53.8775815,-85.2490234375,34.2236328125,3.1005859375
53.9000417,-85.5908203125,35.2001953125,5.4931640625
53.9371613,-86.3232421875,35.7373046875,5.7861328125
53.9560136,-87.0068359375,35.8837890625,3.8330078125
53.992173,-86.8115234375,35.9326171875,2.9541015625
54.0148254,-86.0791015625,35.5908203125,2.5634765625
54.0536256,-83.5400390625,35.9326171875,1.2939453125
54.080067,-82.3681640625,35.4443359375,0.6591796875
54.1065126,-81.9775390625,34.9560546875,-1.1962890625
54.1535403,-81.9287109375,35.2001953125,-4.2236328125
54.172944,-81.2451171875,35.0537109375,-7.8369140625
54.2090748,-80.3173828125,34.6630859375,-11.2548828125
54.2273615,-80.6103515625,34.4189453125,-15.2587890625
54.266657,-80.5615234375,33.3935546875,-19.0185546875
54.2867536,-80.9033203125,33.0029296875,-22.6318359375
54.3250281,-81.5869140625,33.1005859375,-25.7568359375
54.3465025,-81.0009765625,32.0751953125,-30.0048828125
54.3832054,-81.1474609375,32.2705078125,-34.1064453125
54.4105714,-81.6357421875,32.2705078125,-36.0107421875
54.4501306,-82.0263671875,34.0771484375,-27.6123046875
54.4679901,-82.9541015625,33.8330078125,-13.4033203125
54.5051037,-83.3447265625,34.6142578125,-2.4658203125
54.5302402,-84.2236328125,34.9072265625,5.3466796875
54.5676432,-84.3212890625,35.5908203125,9.0087890625
54.5895936,-84.4189453125,35.9814453125,12.0361328125
54.6254157,-84.9560546875,36.2255859375,15.3564453125
54.6510205,-85.6884765625,36.2255859375,17.5048828125
54.6876443,-86.0791015625,36.4697265625,16.3330078125
54.7099582,-86.7626953125,36.7626953125,14.5263671875
54.7526928,-86.2255859375,36.5673828125,12.9150390625
54.7711234,-84.3701171875,36.0791015625,11.6455078125
54.807347,-82.4658203125,36.0791015625,10.4248046875
54.83237,-82.2216796875,35.6884765625,8.1787109375
54.8696879,-81.5869140625,35.6396484375,4.9560546875
54.8879394,-81.0498046875,35.3466796875,2.5634765625
54.9255701,-80.8544921875,35.2490234375,-2.4658203125
54.9513713,-80.3173828125,34.4189453125,-6.1767578125
54.985321,-79.9267578125,33.9794921875,-10.4248046875
55.012701,-80.5615234375,33.0517578125,-14.1845703125
55.0499067,-79.6337890625,33.6865234375,-18.5302734375
55.0734303,-80.4638671875,32.0263671875,-23.0224609375
55.1034554,-80.5615234375,32.0751953125,-26.2939453125
55.1308234,-81.0009765625,31.1962890625,-29.8583984375
55.16906,-81.1474609375,30.7080078125,-34.2529296875
55.1937632,-81.8310546875,30.1708984375,-38.3056640625
55.2213971,-81.8310546875,31.4404296875,-36.9384765625
55.2593867,-83.1494140625,31.1962890625,-24.8779296875
55.2829954,-83.5888671875,31.7333984375,-11.3525390625
55.3199659,-83.8330078125,32.2216796875,-0.4638671875
55.3437003,-84.7607421875,31.8798828125,5.1513671875
55.3724699,-84.7607421875,31.8310546875,7.8369140625
55.4007142,-85.5419921875,31.9775390625,11.0107421875
55.4361507,-86.1279296875,31.7822265625,13.2080078125
55.4674246,-87.2021484375,31.8310546875,12.3779296875
55.4952475,-88.3251953125,31.6357421875,11.6455078125
55.524672,-88.0322265625,31.2939453125,10.3759765625
55.5532798,-87.1533203125,30.7568359375,9.6923828125
55.585444,-84.4677734375,30.6103515625,8.1787109375
55.6141785,-83.7353515625,30.1708984375,6.6650390625
55.648704,-82.3193359375,29.6826171875,4.1748046875
55.6765458,-81.7822265625,28.7548828125,1.5380859375
55.7034505,-81.3427734375,28.4619140625,-1.5869140625
55.7368612,-80.9521484375,27.8759765625,-5.8349609375
55.76757,-80.3173828125,27.8759765625,-9.8876953125
55.7951389,-80.6591796875,26.7529296875,-14.0869140625
55.827654,-81.0498046875,25.9716796875,-18.2373046875
55.8563195,-81.1474609375,25.2392578125,-22.4853515625
55.8859508,-81.8798828125,23.9697265625,-27.1728515625
55.9186109,-81.9287109375,23.8720703125,-29.9072265625
55.9458349,-82.3193359375,22.7978515625,-33.7158203125
55.9791774,-82.7587890625,21.6259765625,-38.3056640625
56.0089596,-83.3447265625,21.4794921875,-43.4326171875
56.0356118,-83.9306640625,21.9189453125,-41.8212890625
56.0657013,-84.4677734375,22.5048828125,-31.1767578125
56.0971805,-85.4931640625,22.9443359375,-16.7724609375
56.1260716,-84.9560546875,22.7490234375,-5.9326171875
56.1586773,-86.7138671875,22.9443359375,-0.8056640625
56.1887851,-87.2509765625,23.2861328125,0.5615234375
56.215693,-87.5927734375,22.6025390625,2.4169921875
56.2485219,-88.1787109375,22.5537109375,4.2236328125
56.2934731,-88.6669921875,22.4560546875,3.7353515625
56.3046194,-89.3994140625,22.4072265625,2.3681640625
56.3399188,-89.7900390625,22.5048828125,0.3662109375
56.3825278,-89.4482421875,21.4306640625,0.1220703125
56.4013537,-87.4951171875,21.0888671875,-1.0009765625
56.4309794,-85.7373046875,21.7236328125,-2.2705078125
56.4724922,-85.1025390625,21.2841796875,-5.0537109375
56.4922838,-84.8095703125,20.5517578125,-7.4462890625
56.5348097,-84.3701171875,19.9169921875,-11.3525390625
56.5540354,-83.4423828125,20.3564453125,-14.5751953125
56.5821341,-83.3935546875,19.6240234375,-18.6767578125
56.6106245,-83.4423828125,19.4775390625,-22.9248046875
56.6538438,-83.9794921875,18.5009765625,-26.9775390625
56.6728091,-84.5166015625,18.3056640625,-30.1025390625
56.7087828,-84.7119140625,17.5732421875,-33.4716796875
56.7301991,-84.1259765625,17.5732421875,-37.5732421875
56.7626586,-84.6630859375,17.5244140625,-41.1376953125
56.8062509,-85.2978515625,18.7939453125,-38.5009765625
56.8224895,-85.2490234375,19.3310546875,-26.3427734375
56.8530144,-86.6650390625,20.2587890625,-12.0361328125
56.8898018,-86.6650390625,19.7705078125,-2.4169921875
56.9114227,-86.9580078125,19.9658203125,2.2705078125
56.9548898,-87.6416015625,20.8447265625,4.9560546875
56.9753183,-87.9833984375,20.8447265625,6.2744140625
57.0117599,-88.5693359375,20.4052734375,7.8369140625
57.0331096,-89.0087890625,20.3564453125,6.3232421875
57.0738604,-89.8388671875,20.6982421875,4.3701171875
57.0941693,-90.0341796875,20.6005859375,2.6123046875
57.1309094,-88.7646484375,20.6005859375,2.6611328125
57.153656,-87.4951171875,20.1611328125,1.5869140625
57.1928764,-86.4697265625,20.4541015625,-0.2197265625
57.2133316,-85.4443359375,19.9169921875,-2.3681640625
57.2539808,-85.2001953125,20.5029296875,-5.9326171875
57.2731617,-84.5654296875,20.5029296875,-10.2294921875
57.3138228,-84.2236328125,19.9169921875,-14.6240234375
57.3341634,-83.4423828125,19.3310546875,-18.2373046875
57.3740852,-83.7841796875,19.2822265625,-23.1689453125
57.3944856,-83.8330078125,18.2568359375,-26.4892578125
57.4343901,-83.8818359375,17.9150390625,-30.7861328125
57.4529516,-84.2236328125,18.2080078125,-34.5458984375
57.4943634,-84.3212890625,16.7919921875,-38.5009765625
57.5159156,-85.3955078125,17.2314453125,-42.7978515625
57.553943,-85.7373046875,17.9638671875,-42.9443359375
57.5760016,-86.2255859375,18.8916015625,-31.4697265625
57.6120447,-86.9580078125,18.9404296875,-16.2841796875
57.6334773,-87.6904296875,19.1845703125,-4.1259765625
57.6718513,-87.7392578125,19.5751953125,3.1982421875
57.6935094,-88.4228515625,20.3076171875,7.0556640625
57.7422143,-88.9111328125,20.3076171875,10.0341796875
57.7713365,-89.1064453125,21.0400390625,12.0849609375
57.7849212,-89.8876953125,20.8935546875,12.8173828125
57.8340029,-90.6689453125,21.2353515625,11.4501953125
57.8556616,-91.5966796875,21.1376953125,9.8388671875
57.8771963,-91.8896484375,20.9912109375,9.0087890625
57.9149766,-89.5947265625,21.2353515625,7.2998046875
57.9366373,-87.5439453125,20.5517578125,5.4931640625
57.9753281,-87.0556640625,20.7470703125,3.1005859375
57.9967241,-86.0302734375,20.6494140625,0.6103515625
58.0341592,-84.8583984375,20.7958984375,-2.9052734375
58.0609001,-84.4189453125,20.4541015625,-7.0556640625
58.1023039,-83.8818359375,19.8193359375,-11.7431640625
58.1327635,-83.9306640625,19.4287109375,-16.4794921875
58.1486212,-84.4677734375,18.7939453125,-20.9228515625
58.1862222,-84.1259765625,18.8427734375,-25.4150390625
58.2086528,-84.8095703125,18.3544921875,-29.4677734375
58.2461193,-85.4443359375,17.5244140625,-32.9833984375
58.267575,-86.2255859375,16.6943359375,-36.9384765625
58.3039717,-85.9326171875,15.6201171875,-41.1865234375
58.3298036,-86.8603515625,15.3759765625,-45.9228515625
58.3683577,-87.1044921875,16.4501953125,-44.1162109375
58.3953365,-87.9833984375,16.9873046875,-31.2255859375
58.4205991,-88.4716796875,17.4267578125,-15.5517578125
58.4570341,-89.3017578125,18.0126953125,-4.2236328125
58.4821893,-89.3505859375,17.8662109375,1.2939453125
58.5186923,-89.7900390625,17.4267578125,4.3212890625
58.538777,-90.1318359375,18.4521484375,6.0302734375
58.5749844,-91.1572265625,18.3056640625,8.0322265625
58.6005024,-92.0849609375,18.1103515625,7.6416015625
58.6358089,-92.6220703125,17.8173828125,6.3720703125
58.6616373,-93.3056640625,17.7685546875,4.4189453125
58.699145,-93.9404296875,17.7197265625,3.1494140625
58.7203355,-91.5478515625,17.0361328125,2.4658203125
58.7585783,-89.3994140625,16.7919921875,0.9033203125
58.78046,-88.1298828125,16.6455078125,-2.0751953125
58.8201438,-87.5439453125,15.8642578125,-4.5654296875
58.840364,-86.6162109375,16.0595703125,-7.8369140625
58.8775919,-86.9580078125,15.4248046875,-12.4755859375
58.9032312,-86.4208984375,14.8876953125,-16.0888671875
58.9411362,-86.4697265625,14.2041015625,-21.5576171875
58.9642224,-86.6650390625,13.5205078125,-25.2197265625
59.0026884,-86.6650390625,12.9833984375,-28.4423828125
59.0217363,-86.6162109375,11.8603515625,-32.4462890625
59.0589342,-87.3486328125,11.4208984375,-36.4013671875
59.083555,-87.5927734375,10.5908203125,-40.3564453125
59.1201357,-87.7880859375,10.8349609375,-44.6533203125
59.1448139,-88.7158203125,11.1767578125,-46.6552734375
59.1909547,-88.6669921875,12.7392578125,-37.7685546875
59.2114069,-89.3505859375,12.3974609375,-22.8759765625
59.2365267,-89.9365234375,12.5439453125,-11.0595703125
59.2834485,-90.3759765625,12.8369140625,-4.5654296875
59.3050433,-91.0595703125,13.2763671875,-2.9541015625
59.3258781,-91.9873046875,13.4228515625,-2.5146484375
59.3632087,-92.9150390625,13.2763671875,-2.4169921875
59.3848995,-93.0126953125,12.8369140625,-2.9541015625
59.4233433,-94.1357421875,13.2763671875,-3.7841796875
59.4444709,-94.9658203125,12.9345703125,-5.8837890625
59.4847755,-95.2587890625,13.7158203125,-6.5185546875
59.5065349,-94.7705078125,13.2763671875,-6.6650390625
59.5410436,-92.0361328125,12.6904296875,-7.3974609375
59.5662845,-90.7666015625,12.9345703125,-9.0576171875
59.6122555,-89.5458984375,12.8369140625,-11.5478515625
59.6325924,-89.3017578125,13.2763671875,-14.7216796875
59.6688973,-88.6181640625,13.2275390625,-18.6279296875
59.6866694,-88.1298828125,12.0068359375,-21.7529296875
59.7246535,-88.4228515625,12.2998046875,-24.8291015625
59.7461965,-88.3740234375,12.1044921875,-28.7353515625
59.7850655,-89.0087890625,12.0556640625,-32.1044921875
59.8087362,-88.9111328125,11.3232421875,-35.8154296875
59.8479625,-89.4970703125,10.8349609375,-39.6240234375
59.8661427,-89.3505859375,12.5439453125,-39.0869140625
59.9041716,-89.6923828125,13.0322265625,-28.7841796875
59.9264284,-90.5712890625,14.2041015625,-14.0380859375
59.9644286,-91.0595703125,14.4482421875,-2.9052734375
59.9889254,-91.3037109375,15.5224609375,2.6611328125
60.0296718,-91.5966796875,16.1083984375,4.6142578125
60.0507464,-92.3291015625,16.7431640625,6.3232421875
60.0875909,-92.8662109375,17.1826171875,7.0556640625
60.107726,-92.7197265625,16.7919921875,6.9580078125
60.147784,-93.7451171875,18.1103515625,5.4443359375
60.170891,-93.7451171875,18.1591796875,3.8330078125
60.2032334,-94.2822265625,18.1103515625,3.3447265625
60.2303645,-94.0380859375,18.5009765625,3.1982421875
60.2674411,-91.4990234375,18.0126953125,1.8310546875
60.2874721,-89.8876953125,18.4033203125,0.4638671875
60.3236191,-89.6923828125,18.3544921875,-1.9775390625
60.3487042,-88.8134765625,17.8173828125,-5.9326171875
60.3856838,-88.5205078125,18.0126953125,-8.6181640625
60.4116888,-88.2275390625,17.5732421875,-12.4267578125
60.4518971,-87.6904296875,16.9384765625,-15.8935546875
60.4734796,-88.1787109375,17.2802734375,-19.6044921875
60.5005502,-87.9345703125,17.0361328125,-22.6806640625
60.5399175,-88.5205078125,16.0107421875,-26.0498046875
60.5625023,-88.9111328125,16.1083984375,-29.4677734375
60.6010882,-89.3017578125,17.7685546875,-24.6826171875
60.6209829,-89.2041015625,18.6474609375,-10.0341796875
60.6574472,-89.6435546875,18.6962890625,3.7353515625
60.6830273,-90.7177734375,19.4287109375,13.5498046875
60.7228029,-91.1572265625,20.6005859375,17.8955078125
60.7429442,-91.7919921875,21.4306640625,20.2880859375
60.7855915,-92.5244140625,21.6259765625,22.5341796875
60.8037724,-92.0849609375,22.2119140625,24.3896484375
60.8330043,-93.2080078125,22.4072265625,24.2431640625
60.8667285,-93.4521484375,23.0908203125,23.0224609375
60.8961261,-93.8427734375,22.7001953125,22.0458984375
60.9223452,-93.8916015625,23.6279296875,21.9970703125
60.9501704,-92.5732421875,23.9697265625,20.8740234375
60.9884291,-90.2783203125,23.0908203125,19.7021484375
61.0140648,-89.6923828125,22.8466796875,17.1142578125
61.0467363,-88.4716796875,22.9931640625,14.6728515625
61.0740349,-88.6181640625,23.2373046875,11.4990234375
61.1020925,-87.3974609375,22.4072265625,8.2275390625
61.136764,-87.8369140625,22.8955078125,4.6142578125
61.1650001,-87.0068359375,22.1142578125,0.3173828125
61.1936873,-87.2509765625,21.7724609375,-3.2958984375
61.2305065,-87.6416015625,21.5771484375,-6.0302734375
61.2560765,-87.6904296875,20.6982421875,-10.6201171875
61.2869404,-87.6416015625,21.7724609375,-12.9150390625
61.3157255,-87.8369140625,22.6513671875,-9.3505859375
61.3462503,-88.4228515625,23.3349609375,4.5166015625
61.3771965,-88.9599609375,24.3115234375,17.6025390625
61.4060466,-90.1318359375,24.6044921875,27.4169921875
61.4345606,-90.3759765625,25.1904296875,32.3974609375
61.4689464,-90.7177734375,25.3857421875,35.5712890625
61.4960889,-91.3525390625,25.5810546875,38.5009765625
61.523619,-91.3525390625,25.8740234375,39.5751953125
61.5621169,-91.6455078125,25.8251953125,39.1357421875
61.5877195,-92.4267578125,25.8251953125,36.9873046875
61.6311779,-93.1591796875,25.8740234375,35.8642578125
61.6482584,-93.5009765625,25.6298828125,34.2041015625
61.6783813,-92.2802734375,25.2392578125,33.5693359375
61.7100432,-90.3759765625,25.1904296875,32.0556640625
61.7533167,-89.6435546875,24.5068359375,30.0537109375
61.7669075,-88.2763671875,24.7509765625,27.5146484375
61.7999779,-87.9345703125,23.7744140625,23.3642578125
61.8427138,-87.2509765625,23.4814453125,19.0185546875
61.8562351,-87.0068359375,22.8466796875,15.7470703125
61.8892935,-86.0302734375,22.2119140625,11.5966796875
61.9189325,-85.9814453125,21.4794921875,7.6416015625
61.9654297,-86.1767578125,21.0400390625,3.0029296875
61.9818787,-86.8115234375,20.0146484375,0.1708984375
62.0086976,-86.7626953125,19.6240234375,-3.3447265625
62.0568594,-87.2509765625,18.8916015625,-7.9833984375
62.0705142,-88.0322265625,18.7451171875,-11.7431640625
62.0974827,-88.1298828125,20.2587890625,-10.3271484375
62.1446444,-89.3505859375,20.8935546875,2.0751953125
62.1650064,-90.1806640625,21.6259765625,14.3798828125
62.1880597,-90.4736328125,21.3330078125,23.0224609375
62.2333217,-90.8154296875,21.6259765625,26.8310546875
62.2501508,-90.7177734375,21.9677734375,27.7099609375
62.2929888,-91.7431640625,22.8955078125,28.8818359375
62.3131379,-92.6220703125,22.6513671875,28.6865234375
62.3533697,-93.2080078125,21.7236328125,27.2216796875
62.3704295,-93.2568359375,22.7978515625,26.0498046875
62.4145377,-94.3798828125,22.5537109375,23.8525390625
62.4345532,-94.6728515625,22.7490234375,22.8271484375
62.4708802,-94.1845703125,22.0654296875,21.8505859375
62.4912346,-92.1337890625,22.3583984375,20.3857421875
62.535681,-90.4736328125,21.4306640625,17.1630859375
62.5582009,-89.8876953125,20.7958984375,14.1357421875
62.593842,-89.3017578125,20.6494140625,10.2783203125
62.6157141,-88.0322265625,20.3076171875,7.1533203125
62.6549926,-88.0810546875,20.3564453125,2.1240234375
62.6741471,-86.8603515625,19.2822265625,-1.5380859375
62.7164601,-87.4462890625,19.3798828125,-5.0048828125
62.7376567,-87.9833984375,18.1591796875,-8.5693359375
62.7838778,-87.7392578125,17.6220703125,-12.9638671875
62.8041043,-88.3251953125,17.1337890625,-16.7236328125
62.8229952,-88.9599609375,16.7919921875,-20.9716796875
62.8646982,-88.8623046875,18.5009765625,-22.0458984375
62.8838371,-90.1318359375,19.0869140625,-13.8427734375
62.9219399,-89.5947265625,19.6728515625,-3.1982421875
62.9474599,-90.9619140625,20.0146484375,3.3447265625
62.9880847,-91.3037109375,20.6494140625,5.5419921875
63.007548,-91.0595703125,20.4052734375,5.7373046875
63.0454623,-91.4501953125,20.6494140625,5.3466796875
63.0678777,-92.3779296875,21.4306640625,4.5166015625
63.1044663,-92.1337890625,21.4306640625,3.2958984375
63.1263109,-93.1591796875,22.1630859375,0.0244140625
63.1649628,-93.7451171875,21.6259765625,-1.8798828125
63.186064,-94.6240234375,21.2841796875,-3.3447265625
63.2256216,-95.1123046875,21.5771484375,-4.5166015625
63.2476359,-93.6962890625,20.8447265625,-6.6162109375
63.2982663,-91.5966796875,21.1376953125,-9.2529296875
63.3192938,-91.0107421875,20.5029296875,-12.1826171875
63.3335748,-89.6923828125,20.3564453125,-15.5517578125
63.3757306,-88.5693359375,20.0146484375,-18.9208984375
63.3971503,-88.3251953125,19.1357421875,-23.5107421875
63.4338031,-88.0322265625,19.1845703125,-26.5869140625
63.4591405,-87.5439453125,19.4775390625,-29.8583984375
63.4972128,-88.1298828125,18.5009765625,-33.4716796875
63.5188724,-88.3740234375,18.2568359375,-36.4013671875
63.5563948,-88.0322265625,17.8173828125,-40.6005859375
63.5785215,-88.6181640625,19.1357421875,-43.7744140625
63.6167409,-89.5458984375,19.4287109375,-40.9912109375
63.6383274,-89.6435546875,20.1611328125,-32.3486328125
63.676257,-90.1318359375,21.0400390625,-22.5830078125
63.6981973,-90.7666015625,21.2353515625,-18.6767578125
63.7342173,-91.3037109375,22.0654296875,-17.9443359375
63.757271,-92.0849609375,22.3095703125,-17.7490234375
63.7945494,-91.7919921875,22.2119140625,-17.1630859375
63.8185753,-92.6220703125,22.6025390625,-17.4560546875
63.8569956,-92.7685546875,22.0654296875,-18.9208984375
63.8822178,-94.2333984375,22.8466796875,-21.3623046875
63.9171436,-94.6728515625,22.2119140625,-23.3154296875
63.9387029,-95.6494140625,22.5537109375,-24.7314453125
63.9752799,-95.0634765625,22.3095703125,-25.1708984375
64.0007659,-92.9638671875,21.8212890625,-27.2705078125
64.0373009,-91.4501953125,21.0400390625,-29.6142578125
64.0613032,-90.3271484375,21.0400390625,-32.1533203125
64.0968104,-89.6923828125,20.9423828125,-33.8134765625
64.1240217,-88.7646484375,20.3564453125,-37.9638671875
64.1598897,-87.6416015625,20.0634765625,-41.2841796875
64.1826742,-87.5927734375,19.3310546875,-44.1162109375
64.2198764,-87.4462890625,18.6962890625,-47.1923828125
64.2391789,-88.1787109375,18.1591796875,-50.1708984375
64.2779094,-88.0810546875,17.8173828125,-53.0029296875
64.3025012,-88.2275390625,16.8408203125,-56.3720703125
64.3386118,-88.8134765625,16.2548828125,-59.2041015625
64.3651666,-89.5458984375,16.9384765625,-62.3291015625
64.4036694,-90.2783203125,17.5244140625,-57.4462890625
64.4227272,-90.5712890625,18.3544921875,-48.1201171875
64.4581509,-90.5712890625,17.6220703125,-39.8681640625
64.4825838,-92.0361328125,17.6708984375,-35.6201171875
64.5189642,-92.2802734375,18.6962890625,-35.0830078125
64.5456152,-92.9150390625,17.9638671875,-33.4228515625
64.5849547,-92.9150390625,18.4521484375,-31.8115234375
64.6055856,-94.0380859375,17.7685546875,-31.6162109375
64.6525054,-94.3798828125,17.8662109375,-33.0322265625
64.6726832,-95.0634765625,17.5244140625,-34.4970703125
64.6951722,-96.0888671875,17.3779296875,-35.1806640625
64.7321766,-96.5771484375,16.6455078125,-36.8408203125
64.7532197,-95.7958984375,16.0595703125,-36.0595703125
64.7911083,-93.5986328125,15.1806640625,-37.4267578125
64.8132399,-92.1826171875,15.4248046875,-39.3798828125
64.8497879,-91.0107421875,14.3505859375,-40.9912109375
64.8754619,-90.0830078125,13.5205078125,-43.3349609375
64.9144829,-89.1064453125,12.4951171875,-46.1181640625
64.9356622,-88.6669921875,11.6650390625,-48.6083984375
64.9726239,-88.7646484375,10.7373046875,-51.0009765625
64.9941137,-88.8134765625,10.0537109375,-54.4189453125
65.0317532,-89.3505859375,9.0771484375,-56.9580078125
65.0576282,-88.9599609375,7.9541015625,-59.3994140625
65.1064674,-89.8876953125,7.3681640625,-61.9384765625
65.1377749,-90.1318359375,6.4892578125,-64.2333984375
65.1467107,-90.3271484375,5.7568359375,-67.3095703125
65.1817495,-91.1083984375,4.9267578125,-69.8486328125
65.2077777,-91.0595703125,6.5380859375,-66.9189453125
65.2447015,-92.7685546875,5.9521484375,-57.1044921875
65.2665972,-93.5009765625,6.7333984375,-47.5830078125
65.3015503,-93.4033203125,6.2451171875,-41.4794921875
65.328076,-93.5986328125,6.0009765625,-39.6728515625
65.3735599,-95.5517578125,6.3916015625,-39.4287109375
65.3936205,-95.5029296875,6.0498046875,-37.5732421875
65.4370409,-96.2353515625,5.2197265625,-37.4755859375
65.4501369,-96.6748046875,4.6826171875,-37.8662109375
65.4994042,-97.3095703125,4.7314453125,-39.1845703125
65.5289505,-97.2607421875,4.4384765625,-40.1123046875
65.5394849,-98.8232421875,4.1943359375,-40.0634765625
65.5769577,-98.9697265625,3.7060546875,-39.8193359375
65.6077233,-97.0166015625,2.4853515625,-40.6982421875
65.6284137,-94.7216796875,2.1923828125,-41.8701171875
65.6667394,-94.2822265625,2.3876953125,-44.0673828125
65.6905874,-93.5986328125,1.6064453125,-45.9228515625
65.7278699,-91.9873046875,1.3623046875,-48.5595703125
65.7479851,-92.3291015625,0.7275390625,-51.3916015625
65.7848136,-91.3525390625,0.4833984375,-53.0029296875
65.8106482,-91.3525390625,0.1904296875,-55.8349609375
65.8490483,-91.8408203125,-0.7861328125,-57.7392578125
65.871615,-92.4755859375,-1.5673828125,-59.5458984375
65.9107168,-93.2080078125,-1.8603515625,-62.7197265625
65.9304777,-93.2080078125,-1.4208984375,-65.4052734375
65.9813427,-93.2080078125,-0.7373046875,-62.1826171875
66.0010648,-93.9892578125,0.7763671875,-53.0029296875
66.0230109,-94.2333984375,0.4833984375,-40.8935546875
66.0533421,-94.3798828125,0.6787109375,-34.5458984375
66.0805634,-95.3564453125,1.2158203125,-32.2021484375
66.1176208,-95.7958984375,1.0693359375,-30.2001953125
66.1414704,-96.5771484375,1.4111328125,-28.6376953125
66.1855682,-96.9189453125,0.8251953125,-28.1005859375
66.2153558,-97.2607421875,0.3369140625,-28.4912109375
66.2322694,-97.6025390625,0.4833984375,-29.4189453125
66.2684788,-98.8232421875,0.4345703125,-30.0537109375
66.2942862,-99.0185546875,0.9716796875,-30.3466796875
66.3198702,-99.7998046875,-0.2001953125,-30.1025390625
66.35871,-97.8955078125,-0.4443359375,-30.7861328125
66.3850182,-95.6982421875,-0.2001953125,-32.5927734375
66.4130097,-94.6728515625,-0.6396484375,-34.2041015625
66.4492641,-93.6474609375,-0.8349609375,-37.0361328125
66.4714427,-92.5244140625,-1.4208984375,-40.1611328125
66.5092228,-92.3291015625,-1.3232421875,-42.5537109375
66.5350453,-92.1826171875,-2.1533203125,-45.2880859375
66.5648374,-91.9873046875,-2.0068359375,-47.9248046875
66.6011283,-92.6220703125,-2.6416015625,-50.2197265625
66.6226048,-92.9638671875,-3.4228515625,-53.2470703125
66.6606658,-92.9150390625,-3.2763671875,-55.7861328125
66.6885181,-93.1591796875,-2.4462890625,-58.1298828125
66.7140036,-93.7451171875,-2.0556640625,-54.4677734375
66.7450134,-94.0869140625,-1.3232421875,-43.1884765625
66.777986,-94.2822265625,-1.3720703125,-32.1044921875
66.8219772,-94.5751953125,-0.2978515625,-24.1455078125
66.8317493,-95.6982421875,-0.1513671875,-20.7275390625
66.8712731,-96.5283203125,0.0927734375,-18.3837890625
66.8947773,-96.7724609375,0.9716796875,-16.4306640625
66.9287742,-96.9677734375,0.3857421875,-14.5751953125
66.9815979,-98.1396484375,0.6787109375,-14.7705078125
66.9849081,-98.4326171875,0.3369140625,-15.7470703125
67.0187426,-98.9697265625,1.2646484375,-17.2119140625
67.0634541,-100.0439453125,0.5810546875,-16.6748046875
67.0745857,-99.7998046875,0.7275390625,-17.6025390625
67.1082673,-98.7744140625,0.3369140625,-18.6279296875
67.154142,-96.6259765625,0.1904296875,-20.3369140625
67.1663084,-94.6728515625,-0.1513671875,-22.0458984375
67.1961397,-94.0380859375,-0.1513671875,-25.7080078125
67.2428928,-93.8916015625,-0.9814453125,-27.6611328125
67.2644047,-93.4033203125,-1.2744140625,-31.5673828125
67.3021003,-92.4755859375,-1.1767578125,-34.9853515625
67.3238726,-92.3779296875,-1.4208984375,-38.1103515625
67.3484101,-93.1103515625,-2.1533203125,-41.0888671875
67.395088,-93.4521484375,-2.5439453125,-43.6279296875
67.4059344,-93.5498046875,-2.7880859375,-46.7041015625
67.4543238,-94.3310546875,-3.6669921875,-49.7802734375
67.4681548,-94.7705078125,-4.1552734375,-53.2470703125
67.4976155,-94.7705078125,-4.3505859375,-56.9580078125
67.5447185,-95.6005859375,-2.7392578125,-54.5166015625
67.5576162,-96.0888671875,-2.6416015625,-43.8232421875
67.6056663,-96.5771484375,-2.0068359375,-31.9091796875
67.6209817,-96.9677734375,-2.0068359375,-22.6806640625
67.6658716,-97.6513671875,-2.0068359375,-18.0908203125
67.6826865,-98.2373046875,-2.5439453125,-16.2353515625
67.7227982,-98.5791015625,-1.7138671875,-13.6962890625
67.7444962,-99.6533203125,-2.0556640625,-12.1337890625
67.7868555,-100.1416015625,-2.7392578125,-11.7919921875
67.8073196,-101.0205078125,-2.7392578125,-13.0615234375
67.8458471,-101.5087890625,-2.8369140625,-13.5986328125
67.8600254,-102.7783203125,-2.6904296875,-14.5263671875
67.9069956,-103.8525390625,-3.5205078125,-14.9169921875
67.9250534,-102.5341796875,-3.6181640625,-15.9912109375
67.9613198,-100.1416015625,-3.9599609375,-17.5537109375
67.9828353,-98.3837890625,-4.0087890625,-19.5556640625
68.0145281,-96.9677734375,-5.0341796875,-22.1923828125
68.054341,-96.6259765625,-4.6923828125,-25.3173828125
68.0784341,-95.8447265625,-5.7666015625,-28.9306640625
68.1165294,-95.7470703125,-5.8154296875,-32.4951171875
68.1333326,-95.1123046875,-6.6943359375,-34.8388671875
68.1766967,-95.4541015625,-6.9873046875,-38.7939453125
68.195279,-95.5029296875,-7.7197265625,-40.6982421875
68.2343282,-96.0400390625,-8.0615234375,-42.8955078125
68.2549959,-96.7724609375,-8.8427734375,-46.8994140625
68.2947354,-96.5283203125,-9.3798828125,-49.7314453125
68.3147562,-97.0166015625,-9.7705078125,-53.2958984375
68.3579789,-97.5537109375,-8.7451171875,-51.1474609375
68.3788167,-98.6279296875,-8.4521484375,-41.3330078125
68.4149358,-98.8232421875,-8.1591796875,-30.2490234375
68.4364967,-99.6533203125,-8.6474609375,-22.6806640625
68.4745021,-100.0439453125,-8.1103515625,-18.8232421875
68.4935379,-100.7763671875,-7.6708984375,-16.8701171875
68.5375287,-101.4111328125,-7.5244140625,-16.5283203125
68.5571291,-102.0458984375,-8.3544921875,-15.0634765625
68.596006,-103.0712890625,-7.7197265625,-15.8935546875
68.6151754,-103.4619140625,-8.0615234375,-16.7236328125
68.658,-103.9013671875,-7.9638671875,-17.9931640625
68.6770852,-105.0732421875,-8.1591796875,-18.3837890625
68.7166389,-104.9267578125,-8.2080078125,-18.9697265625
68.7380718,-104.7802734375,-8.2080078125,-19.3115234375
68.7755318,-102.9736328125,-8.4521484375,-21.2646484375
68.7972471,-100.8251953125,-8.7939453125,-23.2177734375
68.8430855,-100.1904296875,-8.8916015625,-25.8056640625
68.8629395,-99.5068359375,-8.6962890625,-28.5888671875
68.8996082,-99.4091796875,-9.1357421875,-31.8115234375
68.9228451,-98.1396484375,-9.4775390625,-34.5947265625
68.9607349,-98.9208984375,-10.7470703125,-37.5244140625
68.981961,-98.0908203125,-10.2587890625,-40.5517578125
69.0182439,-98.1396484375,-10.2587890625,-43.7255859375
69.0392206,-98.7744140625,-9.8681640625,-46.8505859375
69.0761359,-99.4580078125,-8.7451171875,-45.4345703125
69.0975901,-99.0673828125,-7.4267578125,-35.9619140625
69.1339043,-99.8974609375,-6.5478515625,-23.5595703125
69.1558471,-99.8974609375,-6.4501953125,-15.1123046875
69.193385,-100.6298828125,-6.0595703125,-11.5966796875
69.2161296,-101.2158203125,-5.3759765625,-10.6689453125
69.2524139,-101.1181640625,-4.5947265625,-8.9111328125
69.2798634,-101.9970703125,-5.0830078125,-7.8857421875
69.3262251,-101.3623046875,-4.7900390625,-8.7646484375
69.3563495,-102.8271484375,-4.5458984375,-9.5947265625
69.367364,-103.5595703125,-4.2529296875,-10.2783203125
69.4049425,-104.5361328125,-4.3994140625,-10.7666015625
69.4305862,-105.1708984375,-4.1064453125,-11.1083984375
69.4675529,-104.5849609375,-4.3017578125,-12.6220703125
69.4892341,-102.5341796875,-3.9599609375,-13.6474609375
69.5268611,-100.7763671875,-3.7158203125,-16.4306640625
69.5506317,-99.7509765625,-3.9599609375,-19.5556640625
69.5904161,-99.4091796875,-4.2041015625,-22.5341796875
69.6114647,-99.1162109375,-3.5205078125,-26.0009765625
69.653448,-97.9443359375,-4.7900390625,-29.2236328125
69.6739861,-97.9931640625,-4.1552734375,-32.7392578125
69.7163658,-97.5048828125,-5.0341796875,-34.8388671875
69.7476344,-97.8466796875,-5.1318359375,-38.5498046875
69.764141,-98.6767578125,-4.4970703125,-41.2841796875
69.8005328,-98.5302734375,-3.2275390625,-36.3037109375
69.8208945,-99.5068359375,-2.2509765625,-24.7314453125
69.8580507,-99.0185546875,-0.6396484375,-12.1826171875
69.8797425,-100.1416015625,-0.4931640625,-3.9794921875
69.9163377,-100.9228515625,0.2392578125,-0.5615234375
69.9442046,-101.7529296875,1.1181640625,2.3193359375
69.9827653,-101.7041015625,1.6064453125,4.5166015625
70.0032353,-102.6806640625,2.0947265625,6.0791015625
70.0435542,-102.4853515625,2.0947265625,5.6884765625
70.0635147,-103.4130859375,2.4853515625,5.0537109375
70.1018858,-103.3154296875,3.0224609375,3.6865234375
70.1230876,-104.4873046875,3.0224609375,2.1240234375
70.1600102,-105.2197265625,2.7783203125,1.2451171875
70.1863654,-105.0244140625,3.4130859375,0.1708984375
70.2234929,-102.9736328125,4.0478515625,-1.8310546875
70.2428921,-101.1669921875,3.2177734375,-4.5654296875
70.2786636,-100.4345703125,3.4130859375,-8.2763671875
70.3018635,-99.1650390625,3.2177734375,-11.6943359375
70.3375541,-99.3115234375,3.2177734375,-15.0634765625
70.3633273,-98.3349609375,2.8759765625,-18.1884765625
70.4008133,-97.5048828125,2.8271484375,-22.4365234375
70.4259567,-98.0419921875,1.9482421875,-25.7080078125
70.4651682,-97.8466796875,1.9482421875,-29.1748046875
70.4877294,-98.7255859375,2.1435546875,-32.3974609375
70.5289309,-98.5302734375,2.7783203125,-36.9873046875
70.5603166,-99.1162109375,3.9013671875,-35.4736328125
70.5731524,-99.3115234375,4.6826171875,-25.1708984375
70.6118497,-99.7021484375,5.4638671875,-11.5966796875
70.6348216,-100.6787109375,6.2451171875,-2.3681640625
70.671232,-101.5576171875,6.8310546875,1.6845703125
70.6975833,-101.8994140625,7.3193359375,4.7119140625
70.7352586,-102.0947265625,8.0517578125,6.9580078125
70.759017,-102.9248046875,9.0283203125,8.9111328125
70.7951163,-103.3642578125,8.8818359375,8.7158203125
70.8201542,-103.4619140625,9.3701171875,7.2509765625
70.8579225,-105.2197265625,10.1513671875,6.3232421875
70.8781307,-105.3662109375,9.9072265625,5.4931640625
70.917646,-106.3427734375,10.2978515625,4.2236328125
70.9390625,-106.4892578125,10.4931640625,2.8076171875
70.9778257,-105.2197265625,10.2001953125,0.8544921875
70.9995339,-102.2900390625,10.1025390625,-1.7333984375
71.0385081,-101.4111328125,9.5654296875,-5.0048828125
71.0588376,-100.2392578125,9.2724609375,-8.5205078125
71.0966412,-100.1904296875,8.8330078125,-12.2314453125
71.1186348,-98.3837890625,8.8330078125,-16.2841796875
71.1552097,-98.1396484375,7.9052734375,-19.4580078125
71.1799044,-98.2373046875,7.6611328125,-22.6806640625
71.2285547,-97.7978515625,6.5380859375,-26.3427734375
71.2484258,-97.8955078125,5.9521484375,-30.2490234375
71.2722359,-98.9697265625,5.1708984375,-33.9111328125
71.3229354,-99.8486328125,5.0732421875,-38.6962890625
71.34215,-98.9208984375,4.5849609375,-41.1376953125
71.3616925,-100.3369140625,6.6845703125,-35.9130859375
71.3994624,-101.2158203125,7.1240234375,-24.2431640625
71.4225112,-101.1669921875,6.9287109375,-13.5986328125
71.4519384,-101.8505859375,7.9541015625,-8.2275390625
71.4886336,-102.9248046875,8.8330078125,-5.3955078125
71.512595,-103.1689453125,8.6376953125,-4.5166015625
71.5499769,-103.5595703125,9.5654296875,-3.3447265625
71.5692033,-104.4384765625,9.5166015625,-2.6123046875
71.603366,-104.7314453125,8.9794921875,-3.6865234375
71.641247,-105.5615234375,9.6630859375,-4.8095703125
71.6633162,-105.8056640625,9.6142578125,-6.1279296875
71.6992813,-107.4169921875,9.7119140625,-7.4951171875
71.7207005,-107.5146484375,9.1748046875,-8.2763671875
71.7575623,-107.4658203125,9.3701171875,-10.3759765625
71.7809673,-104.9267578125,9.2236328125,-11.8408203125
71.8224086,-103.0224609375,8.7353515625,-14.7216796875
71.8455608,-101.6552734375,8.3447265625,-18.3837890625
71.8712044,-101.2646484375,7.5146484375,-21.2158203125
71.9105021,-100.7763671875,7.1240234375,-24.8779296875
71.9336721,-100.0927734375,6.5869140625,-28.1982421875
71.9616592,-100.2392578125,6.6357421875,-31.9091796875
71.9982451,-99.7998046875,5.3662109375,-35.2294921875
72.0240408,-100.0927734375,4.8779296875,-39.1357421875
72.0521558,-100.6787109375,3.9990234375,-41.9677734375
72.101362,-100.0927734375,5.1708984375,-45.4345703125
72.113832,-100.6787109375,6.2451171875,-43.2861328125
72.1422539,-100.6787109375,7.0263671875,-34.3017578125
72.1764947,-101.5576171875,7.2705078125,-24.4873046875
72.2040922,-101.4599609375,8.0029296875,-18.8720703125
72.2363969,-102.4365234375,8.3935546875,-17.3095703125
72.2661235,-103.2177734375,8.4912109375,-17.7490234375
72.2931786,-103.6572265625,9.0771484375,-16.4794921875
72.332033,-104.2919921875,8.7353515625,-17.2607421875
72.3568293,-104.7314453125,9.7607421875,-18.9697265625
72.3827574,-105.4638671875,10.0537109375,-20.6298828125
72.4192215,-106.6845703125,9.5166015625,-22.1435546875
72.4450013,-107.0751953125,9.2236328125,-22.7294921875
72.4788389,-107.7587890625,9.3212890625,-24.9755859375
72.5066736,-108.0029296875,9.5654296875,-26.5869140625
72.5529302,-106.5380859375,9.1259765625,-28.7841796875
72.5730346,-103.9013671875,9.5654296875,-30.9814453125
72.5978831,-103.1689453125,9.1748046875,-34.7900390625
72.6446158,-102.8271484375,8.8818359375,-38.4033203125
72.677849,-102.0947265625,9.1748046875,-41.5283203125
72.6868087,-101.3623046875,8.6376953125,-44.7021484375
72.7149796,-100.2880859375,8.2470703125,-48.1201171875
72.7481424,-100.7763671875,8.1494140625,-51.7333984375
72.7941972,-101.1181640625,7.5634765625,-55.0537109375
72.8120751,-101.2646484375,9.1748046875,-55.3955078125
72.8545982,-101.9482421875,9.7119140625,-48.1689453125
72.8664701,-101.6552734375,10.8349609375,-40.4541015625
72.9130273,-102.1923828125,11.2255859375,-35.2294921875
72.9316323,-102.7783203125,12.0068359375,-33.9111328125
72.9568163,-102.5830078125,12.7880859375,-33.5205078125
73.0041746,-103.5107421875,12.6904296875,-33.3251953125
73.0191068,-104.2431640625,13.7158203125,-32.6904296875
73.0651199,-104.3896484375,13.1298828125,-34.5458984375
73.0821476,-104.6337890625,13.7646484375,-36.1572265625
73.1253839,-105.5126953125,13.7158203125,-37.6220703125
73.1445857,-106.0009765625,14.0087890625,-38.2568359375
73.1864479,-106.8310546875,13.7646484375,-39.8681640625
73.198216,-106.9775390625,14.1552734375,-41.3330078125
73.2449248,-106.4892578125,14.3994140625,-44.0673828125
73.2653546,-105.1220703125,14.0087890625,-46.4111328125
73.3041675,-103.6572265625,13.7158203125,-49.2431640625
73.323228,-102.7294921875,13.4716796875,-52.1240234375
73.367106,-102.2412109375,13.1787109375,-55.5908203125
73.3876372,-101.4599609375,12.2509765625,-59.1552734375
73.4237918,-100.8740234375,12.9345703125,-61.4013671875
73.4456395,-100.0927734375,12.2021484375,-64.6728515625
73.4818434,-99.9951171875,12.0556640625,-67.4560546875
73.5009936,-100.6298828125,12.4462890625,-70.9716796875
73.543621,-100.9228515625,12.5439453125,-70.8740234375
73.5636079,-100.8740234375,13.9111328125,-64.9658203125
73.6063704,-101.3134765625,14.2041015625,-56.8603515625
73.6264558,-102.0947265625,14.3994140625,-52.3681640625
73.6646409,-102.6318359375,15.3271484375,-51.0009765625
73.6846439,-103.0224609375,15.1318359375,-50.2197265625
73.7246221,-104.0478515625,16.0107421875,-50.4638671875
73.7438275,-104.4873046875,15.8154296875,-49.5849609375
73.7858197,-104.9267578125,15.7666015625,-50.9521484375
73.8059741,-105.2197265625,16.1083984375,-52.1240234375
73.8501806,-106.2451171875,16.5478515625,-53.6376953125
73.8828727,-105.6591796875,16.4501953125,-54.3212890625
73.8970361,-107.3193359375,16.4990234375,-55.4443359375
73.9351826,-107.6123046875,16.6943359375,-56.7138671875
73.9562261,-107.2216796875,16.0107421875,-58.7158203125
73.9936125,-104.9267578125,15.9619140625,-60.8154296875
74.0161791,-103.5107421875,15.6201171875,-63.1591796875
74.0510539,-102.8759765625,15.4248046875,-66.0888671875
74.0765981,-101.3134765625,14.4970703125,-68.2861328125
74.1162673,-101.1181640625,14.1064453125,-71.3623046875
74.1381307,-100.2392578125,13.5205078125,-73.8037109375
74.1757127,-100.0927734375,13.5205078125,-76.7333984375
74.197119,-99.7509765625,12.3486328125,-79.1748046875
74.2344739,-100.4345703125,11.2255859375,-81.5673828125
74.2558453,-100.1904296875,10.5419921875,-85.1318359375
74.2915225,-100.6787109375,10.7373046875,-88.0126953125
74.3178699,-101.6552734375,11.6650390625,-85.9130859375
74.3548703,-101.9970703125,12.2509765625,-78.2470703125
74.3751679,-102.5830078125,12.3486328125,-71.6064453125
74.4145001,-103.0712890625,12.2509765625,-68.0419921875
74.4359781,-104.0478515625,12.9345703125,-67.9931640625
74.4720307,-104.3408203125,12.7880859375,-67.6025390625
74.4989859,-105.8056640625,12.5927734375,-66.6259765625
74.5365371,-105.7080078125,12.1044921875,-66.9677734375
74.5580911,-106.0498046875,11.8603515625,-67.5048828125
74.596543,-106.7333984375,12.4462890625,-69.0673828125
74.6159227,-107.1728515625,11.9580078125,-69.9462890625
74.6570545,-108.0517578125,11.3232421875,-70.9228515625
74.6773265,-108.6376953125,11.2255859375,-71.8994140625
74.7168299,-109.8583984375,10.6396484375,-72.7783203125
74.7386476,-109.4677734375,9.9560546875,-73.8525390625
74.7781394,-106.7822265625,9.3212890625,-75.7568359375
74.7993391,-105.4638671875,9.1259765625,-78.2470703125
74.839811,-104.1943359375,8.3935546875,-80.9814453125
74.8598745,-103.5595703125,8.2958984375,-83.3740234375
74.8979594,-102.4853515625,6.9287109375,-86.2548828125
74.9181791,-102.4365234375,5.8544921875,-88.1103515625
74.9545879,-101.8505859375,5.2685546875,-90.0634765625
74.9813058,-101.9970703125,3.9013671875,-92.7001953125
75.0191739,-102.7294921875,3.2177734375,-94.7021484375
75.0424791,-103.0712890625,2.8271484375,-98.0712890625
75.0832835,-103.2177734375,3.1689453125,-99.4384765625
75.1036423,-104.1943359375,4.3896484375,-94.7509765625
75.1397688,-104.3408203125,3.8037109375,-86.5966796875
75.1598875,-104.9755859375,3.7548828125,-80.3466796875
75.1967361,-105.5126953125,3.9990234375,-78.6865234375
75.2220178,-106.0498046875,3.7060546875,-77.9541015625
75.2591101,-106.7333984375,4.2431640625,-79.0283203125
75.2793613,-107.5146484375,3.7060546875,-77.5634765625
75.3208889,-107.6123046875,3.9501953125,-78.0517578125
75.3527474,-108.4912109375,3.1201171875,-78.5888671875
75.374016,-109.2236328125,3.2666015625,-79.7119140625
75.4099565,-110.0537109375,2.8271484375,-80.2001953125
75.4331017,-111.0791015625,2.0458984375,-80.8349609375
75.4761255,-112.1044921875,1.8017578125,-80.5908203125
75.4962336,-112.9833984375,1.8017578125,-82.0068359375
75.5337383,-111.2744140625,1.1669921875,-84.0576171875
75.5558132,-109.0283203125,0.8740234375,-85.6689453125
75.5939022,-107.6611328125,0.7275390625,-87.0849609375
75.6141927,-106.9775390625,-0.8837890625,-89.3798828125
75.6515984,-106.1474609375,-0.9326171875,-91.3818359375
75.6732967,-106.5380859375,-1.0791015625,-93.2861328125
75.7096393,-105.5126953125,-2.3486328125,-95.4833984375
75.7344337,-105.8544921875,-2.7392578125,-97.1923828125
75.7701861,-106.0009765625,-2.8369140625,-99.8779296875
75.7963545,-106.5380859375,-1.9580078125,-101.2451171875
75.8328655,-106.6357421875,-1.7626953125,-96.2158203125
75.8558891,-107.4169921875,-0.7373046875,-88.2080078125
75.891113,-108.0029296875,-0.7861328125,-80.2978515625
75.9168716,-108.1982421875,-0.3466796875,-77.3193359375
75.9547052,-108.6865234375,0.3369140625,-76.3427734375
75.9759827,-109.6630859375,0.2880859375,-75.1708984375
76.0179419,-109.5654296875,0.6298828125,-74.6337890625
76.0413383,-110.6396484375,0.4833984375,-74.1455078125
76.0776111,-110.3955078125,0.9228515625,-75.4150390625
76.0988223,-111.7138671875,0.6298828125,-76.2939453125
76.1367574,-111.5185546875,0.9228515625,-76.3427734375
76.1564963,-112.5927734375,0.3369140625,-76.1962890625
76.1962387,-113.6669921875,0.0439453125,-77.2216796875
76.2180948,-114.0087890625,-0.1513671875,-78.0029296875
76.2549484,-113.2275390625,-0.2978515625,-79.4189453125
76.2740379,-110.7373046875,-0.9326171875,-80.8837890625
76.3116815,-109.3701171875,-0.5419921875,-82.1533203125
76.335886,-108.5400390625,-0.6884765625,-84.7412109375
76.3737837,-108.4912109375,-0.7861328125,-86.8896484375
76.4028822,-108.1005859375,-2.0556640625,-89.1357421875
76.4401811,-106.9287109375,-2.1533203125,-91.0888671875
76.461432,-106.3916015625,-2.2509765625,-93.4814453125
76.5107962,-106.9287109375,-2.2021484375,-95.6298828125
76.5320985,-107.3681640625,-0.9326171875,-93.0908203125
76.5505939,-107.7099609375,-1.4208984375,-83.8134765625
76.5884537,-108.1494140625,-0.5908203125,-75.5126953125
76.6203106,-108.1494140625,-0.7373046875,-69.2626953125
76.6398265,-108.8330078125,-0.1513671875,-65.6494140625
76.6766804,-109.3212890625,0.6298828125,-64.5263671875
76.6981589,-110.1513671875,1.4111328125,-62.5244140625
76.745784,-111.0302734375,0.8740234375,-60.1318359375
76.7764354,-111.2744140625,-0.1513671875,-60.8642578125
76.7918452,-111.7138671875,0.5810546875,-62.3291015625
76.827048,-111.9580078125,0.6298828125,-62.3779296875
76.8480866,-112.7880859375,0.6298828125,-63.0615234375
76.885907,-113.7158203125,0.1416015625,-63.0126953125
76.9091769,-113.7646484375,0.6787109375,-63.8427734375
76.9472707,-114.2041015625,0.5322265625,-64.4287109375
76.9719109,-112.4462890625,-0.2001953125,-66.2353515625
77.0073466,-110.2001953125,-1.0791015625,-68.6279296875
77.0311626,-110.0537109375,-1.4208984375,-70.9716796875
77.0710693,-108.9306640625,-1.9091796875,-73.5595703125
77.0902119,-108.9794921875,-2.0068359375,-75.8056640625
77.1280427,-107.4658203125,-2.2998046875,-77.6123046875
77.1541399,-107.8564453125,-3.7646484375,-80.1513671875
77.1810787,-106.7822265625,-4.0576171875,-82.0556640625
77.2194297,-107.2705078125,-3.4228515625,-84.9853515625
77.2407031,-107.3681640625,-2.3974609375,-83.8623046875
77.2772756,-107.5634765625,-2.2509765625,-74.8779296875
77.3029647,-108.1005859375,-2.1044921875,-63.8427734375
77.3384137,-108.9306640625,-0.9814453125,-57.0556640625
77.3609318,-109.6142578125,-1.5185546875,-53.2470703125
77.4013064,-109.4677734375,-1.0791015625,-52.0751953125
77.4220818,-110.7373046875,-1.1279296875,-50.3173828125
77.4587927,-111.2744140625,-0.4931640625,-47.9248046875
77.4859047,-112.1533203125,-0.5908203125,-47.7294921875
77.516212,-112.5927734375,-0.3955078125,-49.0478515625
77.5442327,-112.7880859375,-0.5419921875,-49.6337890625
77.5742654,-114.1064453125,-0.7861328125,-49.0478515625
77.6104868,-114.2529296875,-0.7861328125,-50.1708984375
77.6335341,-114.9365234375,-0.8837890625,-51.0009765625
77.6711062,-115.1318359375,-0.7861328125,-52.1240234375
77.6947195,-113.9111328125,-0.8349609375,-54.1748046875
77.7453874,-111.7138671875,-1.4697265625,-56.7626953125
77.7545118,-110.7373046875,-1.6650390625,-59.1064453125
77.786183,-109.3701171875,-2.5927734375,-61.7919921875
77.8330693,-109.0283203125,-2.9833984375,-64.6240234375
77.8437994,-108.3447265625,-4.3994140625,-67.7001953125
77.8851564,-108.1494140625,-4.2041015625,-71.0693359375
77.9036196,-107.4169921875,-4.2529296875,-72.5830078125
77.9398046,-107.7099609375,-3.2763671875,-69.5068359375
77.9668253,-107.7099609375,-2.7880859375,-60.1318359375
78.012231,-108.0029296875,-2.6416015625,-49.8291015625
78.0279744,-108.5400390625,-2.4462890625,-45.1416015625
78.0746653,-108.6865234375,-2.7392578125,-41.9189453125
78.0852041,-109.4677734375,-2.3486328125,-40.5029296875
78.1345656,-109.5654296875,-1.9091796875,-39.2333984375
78.1464824,-110.1513671875,-2.3486328125,-38.8916015625
78.1942555,-110.9326171875,-2.9345703125,-40.2587890625
78.2077477,-111.9580078125,-2.9833984375,-41.7724609375
78.254379,-111.9580078125,-2.4951171875,-42.6025390625
78.2756353,-112.2998046875,-3.2763671875,-43.1396484375
78.3238934,-113.0322265625,-3.5693359375,-44.4580078125
78.3272626,-113.8134765625,-3.8623046875,-45.4833984375
78.3768358,-114.0576171875,-4.1064453125,-46.9482421875
78.388944,-112.4462890625,-4.4970703125,-49.5849609375
78.4359639,-110.5908203125,-5.0341796875,-52.5634765625
78.4494393,-109.9560546875,-6.3525390625,-55.3466796875
78.4986688,-108.9794921875,-5.9130859375,-58.4228515625
78.5084444,-108.2470703125,-6.9384765625,-61.8896484375
78.5555224,-108.2958984375,-7.3779296875,-64.9658203125
78.5768979,-107.7099609375,-6.3037109375,-66.7724609375
78.6135453,-108.1982421875,-5.8154296875,-61.3525390625
78.634908,-108.1494140625,-5.0830078125,-51.5380859375
78.6786769,-108.2958984375,-5.5224609375,-42.1630859375
78.6916537,-109.0771484375,-5.3271484375,-38.2080078125
78.7473975,-108.3935546875,-5.1806640625,-36.8408203125
78.7669794,-109.6630859375,-4.8388671875,-35.5712890625
78.7812997,-110.2001953125,-4.8876953125,-35.1318359375
78.8273808,-110.7861328125,-4.1552734375,-35.9619140625
78.8469669,-112.0068359375,-4.3994140625,-37.2314453125
78.8822606,-112.6904296875,-4.4482421875,-38.8916015625
78.9038005,-113.3740234375,-5.2783203125,-39.5263671875
78.9471861,-113.4716796875,-4.8388671875,-40.1123046875
78.96992,-114.3505859375,-4.6435546875,-41.3330078125
79.0064956,-115.2294921875,-4.8388671875,-43.8232421875
79.0281255,-114.5458984375,-5.3759765625,-45.7763671875
79.0668087,-113.0810546875,-5.9619140625,-47.9736328125
79.0868093,-111.3720703125,-5.1318359375,-51.2451171875
79.1250264,-110.6396484375,-5.8154296875,-53.5400390625
79.1463265,-110.5908203125,-6.5966796875,-57.3974609375
79.1818122,-110.0537109375,-5.8154296875,-60.2294921875
79.2045561,-109.6142578125,-5.0341796875,-63.4033203125
79.2482718,-109.5654296875,-3.9599609375,-60.5712890625
79.2682404,-109.5166015625,-4.0087890625,-51.0498046875
79.3074838,-110.2490234375,-3.3740234375,-40.6005859375
79.3268797,-110.7861328125,-2.5927734375,-34.2041015625
79.3688433,-110.4443359375,-1.7626953125,-31.1279296875
79.3911776,-110.4443359375,-1.6650390625,-30.5419921875
79.4303858,-111.0791015625,-1.0791015625,-28.5400390625
79.4501567,-111.0302734375,-1.1279296875,-28.6865234375
79.4873744,-112.0556640625,-0.6396484375,-29.5654296875
79.5095427,-113.2275390625,-0.3955078125,-30.7861328125
79.5455597,-114.3994140625,0.1904296875,-32.1533203125
79.5665144,-114.5947265625,-0.0537109375,-32.6904296875
79.6061597,-114.7412109375,-0.3955078125,-33.2763671875
79.6278709,-116.0595703125,-0.4931640625,-34.5947265625
79.6664883,-115.7177734375,-0.1513671875,-37.4755859375
79.6870322,-114.4970703125,-0.4443359375,-39.7705078125
79.7237002,-112.2998046875,-1.1767578125,-43.1884765625
79.7462601,-111.1279296875,-0.6884765625,-45.8740234375
79.7859597,-110.5419921875,-1.1279296875,-48.4619140625
79.8056725,-110.1025390625,-1.8603515625,-52.1728515625
79.8467273,-109.7119140625,-1.5185546875,-56.0302734375
79.8682386,-109.9560546875,-1.2255859375,-59.0576171875
79.9052565,-109.7119140625,-0.6396484375,-57.0556640625
79.9269972,-109.4677734375,0.4345703125,-47.0947265625
79.9645738,-110.1025390625,1.1669921875,-35.6201171875
79.9882516,-110.1025390625,1.1181640625,-26.6357421875
80.0247298,-110.4931640625,2.1435546875,-23.0712890625
80.0484304,-110.8349609375,2.6318359375,-19.6044921875
80.0860414,-110.8837890625,3.5595703125,-16.7724609375
80.1071874,-111.4697265625,3.9501953125,-15.0634765625
80.14288,-112.3974609375,3.3642578125,-15.0634765625
80.1689166,-113.7646484375,4.2919921875,-16.5771484375
80.2068033,-114.0087890625,4.5361328125,-17.8466796875
80.2298454,-114.6435546875,4.1455078125,-18.1396484375
80.2665047,-115.9619140625,4.1455078125,-18.8232421875
80.2896137,-115.7177734375,3.7060546875,-20.1416015625
80.3270827,-116.3037109375,4.1943359375,-21.9482421875
80.3498002,-116.5966796875,4.4873046875,-24.8779296875
80.3895006,-113.5693359375,3.7060546875,-28.3935546875
80.4089426,-111.4208984375,3.7060546875,-32.1044921875
80.4448257,-110.6884765625,3.4619140625,-35.5224609375
80.4703884,-110.5419921875,2.8759765625,-39.2333984375
80.5180432,-109.6630859375,2.1435546875,-43.1884765625
80.5386604,-108.9306640625,1.4599609375,-46.3134765625
80.5732742,-108.8818359375,1.5087890625,-51.0009765625
80.5952382,-109.1748046875,1.3134765625,-54.6630859375
80.6314645,-109.4189453125,1.9482421875,-52.3193359375
80.6517638,-109.5654296875,3.6083984375,-43.2861328125
80.688455,-109.2236328125,3.8037109375,-31.1279296875
80.7100479,-109.5166015625,4.5361328125,-24.0966796875
80.7484299,-110.0048828125,5.5126953125,-20.4345703125
80.7703771,-110.6396484375,6.2939453125,-18.5791015625
80.8084642,-111.6162109375,6.6845703125,-16.3330078125
80.8329816,-112.8369140625,6.5380859375,-15.3564453125
80.8709275,-112.7880859375,6.5869140625,-15.9423828125
80.8938854,-113.4716796875,6.8310546875,-17.9931640625
80.9323197,-114.5458984375,6.7333984375,-19.1162109375
80.9531769,-114.6923828125,6.4404296875,-20.7763671875
80.9927404,-116.0107421875,6.8310546875,-22.1923828125
81.0131771,-115.8154296875,6.3916015625,-24.1455078125
81.0533652,-116.5478515625,6.0498046875,-26.0498046875
81.0732284,-116.1083984375,5.9521484375,-29.6142578125
81.1116179,-113.6669921875,5.0244140625,-32.7880859375
81.1347418,-112.6904296875,4.1455078125,-36.1572265625
81.1713848,-111.4208984375,4.1943359375,-40.5029296875
81.1967342,-111.1767578125,2.7294921875,-44.2626953125
81.2321287,-110.5419921875,2.5341796875,-47.9736328125
81.2521002,-109.6630859375,1.5087890625,-51.2451171875
81.287246,-109.1748046875,0.5322265625,-55.5908203125
81.3154418,-110.0048828125,0.5810546875,-58.8134765625
81.3547096,-109.6630859375,-0.4443359375,-62.3779296875
81.3748444,-110.1025390625,-1.2255859375,-66.0400390625
81.4117484,-110.4443359375,-0.6884765625,-70.4345703125
81.4362351,-110.6884765625,0.1416015625,-67.2607421875
81.4720572,-110.9326171875,0.2880859375,-57.6904296875
81.4941829,-112.0068359375,0.9716796875,-46.6064453125
81.5302335,-112.5439453125,0.9716796875,-40.5029296875
81.5568312,-113.9599609375,0.8251953125,-38.6474609375
81.5933847,-114.5947265625,1.5087890625,-37.5732421875
81.6183197,-114.8876953125,0.9716796875,-37.0361328125
81.6559971,-115.5712890625,0.7275390625,-36.1572265625
81.6765326,-116.5478515625,0.7275390625,-37.5732421875
81.7155378,-117.1337890625,0.8251953125,-39.3310546875
81.7389441,-117.5244140625,0.6298828125,-40.2587890625
81.7854839,-118.2568359375,0.5322265625,-41.4306640625
81.8153355,-118.9892578125,0.0927734375,-42.9443359375
81.8275365,-120.0146484375,0.6298828125,-44.0185546875
81.8651293,-121.2353515625,-0.5908203125,-46.2158203125
81.8896411,-120.8447265625,-0.7373046875,-48.4130859375
81.9270023,-118.2080078125,-1.6650390625,-52.3193359375
81.9513724,-116.3037109375,-1.8115234375,-55.3955078125
82.002021,-115.4736328125,-2.9345703125,-58.5693359375
82.0224147,-114.7900390625,-3.0810546875,-61.8896484375
82.0369311,-113.1298828125,-4.5947265625,-65.7470703125
82.0726132,-113.2763671875,-4.7412109375,-68.1396484375
82.1017185,-113.1298828125,-5.6201171875,-72.5830078125
82.1377156,-112.7880859375,-5.7177734375,-75.4150390625
82.1601338,-113.4716796875,-4.6435546875,-75.6591796875
82.1965977,-113.9111328125,-3.6181640625,-69.5556640625
82.2201415,-114.5458984375,-4.0576171875,-59.5947265625
82.2562411,-114.8876953125,-3.6181640625,-53.6376953125
82.2789353,-115.2783203125,-2.8857421875,-51.5380859375
82.3171302,-115.6201171875,-2.2998046875,-51.9287109375
82.342992,-116.4013671875,-3.0810546875,-51.3916015625
82.3802103,-116.8896484375,-2.2509765625,-51.7822265625
82.4000554,-117.6708984375,-2.4462890625,-53.2958984375
82.4389943,-117.6708984375,-2.1533203125,-55.3466796875
82.4624337,-118.3056640625,-2.4462890625,-57.2998046875
82.4994262,-118.2568359375,-2.0068359375,-57.3974609375
82.5238826,-120.0146484375,-2.1044921875,-58.9599609375
82.5536673,-120.1123046875,-2.3974609375,-60.5224609375
82.5813708,-121.3818359375,-2.6904296875,-62.9638671875
82.6194092,-121.9189453125,-2.8857421875,-65.8447265625
82.6431149,-120.8935546875,-3.4716796875,-68.3837890625
82.6704451,-118.3056640625,-4.2529296875,-71.3623046875
82.7113774,-117.3291015625,-4.2041015625,-74.3408203125
82.7340551,-116.6943359375,-4.3994140625,-78.6865234375
82.7622437,-116.2548828125,-5.1318359375,-81.4208984375
82.799168,-116.4990234375,-5.4736328125,-83.9599609375
82.8222694,-115.1318359375,-5.4736328125,-87.7197265625
82.8578213,-115.1318359375,-4.0576171875,-87.2802734375
82.8828458,-115.8154296875,-3.6669921875,-79.7607421875
82.9197627,-116.0595703125,-3.2275390625,-71.2158203125
82.9423251,-116.4990234375,-2.2509765625,-66.6748046875
82.9799376,-116.8896484375,-2.1533203125,-64.1357421875
83.0037809,-116.7919921875,-1.3232421875,-65.4052734375
83.0359557,-117.4755859375,-1.2744140625,-64.6240234375
83.0646046,-118.4521484375,-1.4697265625,-64.2333984375
83.0921658,-118.8916015625,-1.1279296875,-65.6982421875
83.1280545,-119.8193359375,-1.2744140625,-67.6513671875
83.1559778,-120.3564453125,-0.7861328125,-69.6044921875
83.1869716,-120.7958984375,-0.2978515625,-69.9462890625
83.2172325,-121.5283203125,-0.4931640625,-71.3134765625
83.2440007,-122.0166015625,-0.6884765625,-72.6318359375
83.2949293,-122.5048828125,-0.9814453125,-74.8779296875
83.3070954,-123.0419921875,-1.1767578125,-77.2216796875
83.3348244,-122.0654296875,-1.0791015625,-79.1259765625
83.3664532,-119.2822265625,-1.3720703125,-82.7880859375
83.3954527,-117.5732421875,-2.1044921875,-85.8642578125
83.4444165,-117.5732421875,-2.4462890625,-88.4521484375
83.4581517,-117.6220703125,-2.6904296875,-91.6748046875
83.4846105,-116.9873046875,-2.8857421875,-93.8720703125
83.5203109,-115.9619140625,-3.0810546875,-97.0458984375
83.5465543,-116.0595703125,-2.6904296875,-99.0478515625
83.5779808,-116.0595703125,-1.2744140625,-92.7978515625
83.6081946,-116.4990234375,-0.6884765625,-84.2041015625
83.6363993,-116.5966796875,-0.7373046875,-78.1982421875
83.6652884,-117.8662109375,0.4345703125,-75.3173828125
83.6986523,-117.4755859375,0.6787109375,-74.9755859375
83.7260262,-118.3056640625,1.2158203125,-74.1455078125
83.7610651,-118.9892578125,1.9970703125,-72.7783203125
83.8138696,-119.4287109375,1.3623046875,-73.3642578125
83.8341514,-120.2587890625,1.2158203125,-74.5361328125
83.8496963,-121.3330078125,1.4599609375,-75.5126953125
83.8960093,-121.8701171875,1.1669921875,-77.8076171875
83.9171138,-122.2607421875,1.2646484375,-77.8564453125
83.9565202,-122.2119140625,1.4599609375,-78.4912109375
83.9779297,-123.4326171875,0.6298828125,-79.9560546875
84.0131485,-123.8720703125,0.5810546875,-81.9580078125
84.0336279,-123.5791015625,0.2392578125,-83.5205078125
84.0760115,-121.4306640625,0.3369140625,-85.9130859375
84.0975741,-119.6240234375,-0.5908203125,-89.2822265625
84.1357788,-118.7451171875,-0.7373046875,-91.3818359375
84.1564427,-118.2568359375,-1.3232421875,-93.9697265625
84.1978752,-117.6220703125,-1.8603515625,-96.6064453125
84.2177844,-116.9384765625,-2.7392578125,-99.1943359375
84.2550645,-116.1572265625,-2.2021484375,-101.6845703125
84.275124,-116.1083984375,-1.9580078125,-104.3701171875
84.3156182,-116.0595703125,-1.5673828125,-102.7099609375
84.3369669,-116.9384765625,-0.7373046875,-94.4091796875
84.377755,-117.1337890625,-0.4931640625,-86.0595703125
84.3992764,-117.1826171875,-0.6396484375,-80.5908203125
84.437581,-118.0126953125,0.0439453125,-78.7841796875
84.4579982,-118.6474609375,0.0439453125,-78.2470703125
84.4965892,-119.3798828125,-0.1025390625,-77.8076171875
84.5168084,-120.0146484375,-0.9814453125,-76.7822265625
84.5554438,-121.0888671875,-0.7373046875,-77.5146484375
84.5770508,-121.8212890625,-1.1279296875,-78.5400390625
84.6147929,-121.8212890625,-1.8115234375,-79.4677734375
84.6351656,-122.3583984375,-1.5673828125,-79.9560546875
84.6756955,-123.4814453125,-1.8603515625,-80.5908203125
84.697467,-123.2373046875,-1.8603515625,-81.2255859375
84.7346832,-124.4091796875,-2.8857421875,-82.7392578125
84.7568569,-125.1904296875,-2.9345703125,-84.1064453125
84.7942146,-124.1650390625,-3.4228515625,-86.3037109375
84.8157711,-121.5283203125,-4.3017578125,-88.8916015625
84.8579709,-119.6240234375,-4.9853515625,-91.3330078125
84.8796491,-119.9169921875,-6.4501953125,-94.0185546875
84.9178325,-119.4775390625,-6.8408203125,-96.1181640625
84.93945,-118.4521484375,-6.7431640625,-98.1689453125
84.9776552,-117.9150390625,-7.5732421875,-100.7080078125
85.0000336,-117.8173828125,-8.8427734375,-103.6865234375
85.040323,-117.4755859375,-9.7705078125,-105.8349609375
85.0589296,-117.9150390625,-8.6962890625,-107.0068359375
85.0952687,-118.7939453125,-7.9150390625,-100.5615234375
85.1154975,-119.0380859375,-8.0126953125,-90.9423828125
85.1583994,-119.0380859375,-8.1103515625,-84.3994140625
85.1917318,-120.2099609375,-8.4521484375,-81.8603515625
85.2066998,-120.6494140625,-7.8173828125,-80.6396484375
85.2557334,-121.1376953125,-8.4521484375,-80.3466796875
85.2859982,-122.3095703125,-8.8427734375,-79.2236328125
85.296092,-122.4072265625,-8.2568359375,-79.4189453125
85.3364238,-122.6025390625,-8.6474609375,-80.1025390625
85.3569153,-123.1396484375,-9.1845703125,-81.5185546875
85.3966531,-123.7744140625,-9.7705078125,-81.1767578125
85.4259869,-124.6044921875,-9.7705078125,-81.5185546875
85.46288,-125.1904296875,-9.4775390625,-81.5673828125
85.4830326,-125.8740234375,-9.3798828125,-82.8369140625
85.522192,-126.7041015625,-9.7705078125,-84.7412109375
85.5434046,-127.3876953125,-10.6494140625,-86.1572265625
85.579497,-125.3857421875,-10.8935546875,-87.8662109375
85.5995252,-122.5537109375,-10.8935546875,-90.5517578125
85.6354705,-121.8701171875,-11.7236328125,-93.0419921875
85.661317,-121.4306640625,-11.9189453125,-94.6533203125
85.7063509,-120.5029296875,-12.8466796875,-97.1923828125
85.7265779,-119.8193359375,-12.3095703125,-99.7314453125
85.7642644,-120.0146484375,-11.9189453125,-99.9755859375
85.7853914,-119.6240234375,-10.5517578125,-91.4794921875
85.8256871,-120.1611328125,-10.0634765625,-82.2021484375
85.8458566,-120.5517578125,-9.9658203125,-75.3173828125
85.8859233,-120.6494140625,-9.4775390625,-70.9716796875
85.9061783,-120.9423828125,-8.7939453125,-70.6298828125
85.9525804,-121.4306640625,-8.8427734375,-69.1650390625
85.9741094,-121.8701171875,-8.1103515625,-68.8720703125
85.9927498,-122.6513671875,-8.7939453125,-68.7255859375
86.0311272,-122.9931640625,-8.8427734375,-70.7275390625
86.052449,-123.7744140625,-8.2568359375,-70.3857421875
86.088151,-123.4814453125,-8.5009765625,-70.6298828125
86.1121957,-124.5068359375,-8.4033203125,-70.8740234375
86.1502282,-125.3369140625,-8.6474609375,-71.9970703125
86.1728918,-125.8251953125,-8.0615234375,-73.1201171875
86.2191329,-126.3623046875,-9.2333984375,-74.7314453125
86.2395232,-126.6552734375,-9.7705078125,-76.3916015625
86.2832478,-125.1904296875,-9.3798828125,-79.0283203125
86.3039955,-122.5537109375,-9.9658203125,-81.4697265625
86.341085,-121.6259765625,-10.0634765625,-83.4716796875
86.3520124,-121.5771484375,-10.0146484375,-86.5966796875
86.3889475,-120.5029296875,-10.7470703125,-89.3310546875
86.4154139,-120.7958984375,-9.9658203125,-91.6259765625
86.4558421,-119.9658203125,-8.4521484375,-88.5498046875
86.4750718,-120.1123046875,-7.9150390625,-78.6376953125
86.5132937,-120.4052734375,-6.8896484375,-67.8955078125
86.5335626,-121.0400390625,-6.8896484375,-61.2548828125
86.5716138,-120.3076171875,-6.1572265625,-58.3251953125
86.5960613,-120.6005859375,-5.9619140625,-56.3232421875
86.633208,-121.7236328125,-5.6201171875,-54.2236328125
86.657717,-121.8212890625,-5.2783203125,-53.0029296875
86.6999586,-122.8955078125,-5.3759765625,-52.9541015625
86.7201797,-124.1162109375,-5.1318359375,-54.2724609375
86.7559205,-124.2626953125,-4.9853515625,-54.3701171875
86.7762342,-124.9462890625,-5.0830078125,-54.3701171875
86.8136564,-125.5322265625,-5.4736328125,-54.7607421875
86.8361361,-125.7275390625,-5.5224609375,-55.7373046875
86.8745359,-126.1669921875,-5.1318359375,-57.2998046875
86.8977143,-127.1923828125,-5.1806640625,-59.5458984375
86.9355284,-126.3134765625,-5.6201171875,-61.7431640625
86.9564956,-124.2138671875,-6.5478515625,-64.9169921875
86.9965844,-122.2119140625,-6.2548828125,-67.8466796875
87.0180264,-121.4306640625,-6.8896484375,-69.5068359375
87.0554821,-121.1376953125,-7.2314453125,-73.1689453125
87.0768744,-120.4541015625,-7.7197265625,-75.7568359375
87.1133072,-120.1611328125,-7.5244140625,-79.2236328125
87.1395709,-119.9658203125,-7.3291015625,-80.7861328125
87.1781327,-119.8193359375,-5.7177734375,-75.2197265625
87.1974913,-119.5751953125,-5.1318359375,-64.9169921875
87.2341117,-119.8193359375,-5.4736328125,-55.2978515625
87.2563342,-120.2587890625,-4.7412109375,-49.8291015625
87.2931729,-120.6982421875,-4.3505859375,-47.4853515625
87.3190765,-121.0400390625,-3.9111328125,-45.0927734375
87.3643202,-121.6259765625,-3.7646484375,-43.4814453125
87.393648,-122.6025390625,-3.6181640625,-41.9677734375
87.4104349,-122.7978515625,-3.7158203125,-42.9443359375
87.4482326,-123.5791015625,-3.0322265625,-44.5068359375
87.4718296,-124.3603515625,-3.5205078125,-44.6533203125
87.5094697,-124.9951171875,-3.3740234375,-45.6298828125
87.5324642,-125.2880859375,-3.2763671875,-46.1181640625
87.5709092,-125.5810546875,-3.2275390625,-47.6806640625
87.5889681,-126.8505859375,-4.4970703125,-49.6337890625
87.6262579,-127.0947265625,-4.6923828125,-52.2705078125
87.6494358,-126.1669921875,-5.2294921875,-54.8583984375
87.6868973,-123.8720703125,-5.7177734375,-57.5439453125
87.7123886,-122.2607421875,-6.5966796875,-61.4013671875
87.749396,-120.7470703125,-6.4501953125,-64.0869140625
87.7706439,-120.6494140625,-7.5244140625,-66.9189453125
87.8093498,-119.8681640625,-8.1103515625,-70.0439453125
87.8309067,-119.6728515625,-9.1845703125,-73.0224609375
87.8708309,-119.4287109375,-9.3798828125,-76.0986328125
87.8925535,-118.7451171875,-9.2333984375,-80.2001953125
87.9289948,-119.3310546875,-8.4521484375,-78.6376953125
87.9549811,-119.2333984375,-7.9638671875,-71.5087890625
87.9842086,-119.8193359375,-7.7685546875,-60.6689453125
88.0203055,-120.5029296875,-7.3779296875,-53.5400390625
88.0444932,-121.1376953125,-7.4267578125,-50.9033203125
88.0818494,-121.5771484375,-7.2314453125,-48.9501953125
88.1072885,-121.6748046875,-6.6455078125,-47.7294921875
88.1363921,-122.7978515625,-6.3525390625,-46.7041015625
88.1633014,-123.6279296875,-7.4755859375,-47.1435546875
88.2005174,-124.0673828125,-7.9638671875,-48.2666015625
88.2253659,-125.3369140625,-7.1826171875,-50.5126953125
88.2529166,-125.1904296875,-8.5498046875,-50.9521484375
88.2906761,-125.9716796875,-9.0869140625,-51.0009765625
88.3141306,-125.9228515625,-9.0869140625,-52.9052734375
88.3435297,-126.7041015625,-9.3798828125,-54.2724609375
88.3823373,-128.1689453125,-9.1845703125,-56.9091796875
88.4035903,-128.4619140625,-10.0634765625,-59.3017578125
88.442831,-127.7783203125,-10.6982421875,-62.5244140625
88.4657588,-124.7021484375,-10.9912109375,-65.0634765625
88.4942347,-123.6279296875,-11.9677734375,-67.6025390625
88.5335183,-122.7490234375,-13.2861328125,-70.6787109375
88.5554178,-122.1142578125,-12.8466796875,-74.2919921875
88.585625,-121.3330078125,-13.9208984375,-76.7822265625
88.6168869,-120.5517578125,-14.0185546875,-80.0048828125
88.6472267,-120.4052734375,-12.7001953125,-81.4697265625
88.6804674,-120.6982421875,-12.1142578125,-74.8779296875
88.7074924,-120.5517578125,-11.6259765625,-66.3330078125
88.7363264,-120.6982421875,-11.4794921875,-58.4716796875
88.7670546,-121.2841796875,-11.3818359375,-55.6884765625
88.7970594,-121.7236328125,-11.2353515625,-55.5419921875
88.8276527,-121.6748046875,-10.9912109375,-54.6630859375
88.8776563,-122.4560546875,-10.8935546875,-54.6142578125
88.8881102,-123.9697265625,-11.3818359375,-55.9326171875
88.9164656,-124.5068359375,-11.6748046875,-57.2509765625
88.9507636,-124.5068359375,-11.0400390625,-58.4716796875
88.9944473,-124.7021484375,-11.3330078125,-58.9599609375
89.0113295,-125.0439453125,-10.9912109375,-58.6181640625
89.0553575,-126.0205078125,-11.5283203125,-61.0107421875
89.0677804,-126.3134765625,-11.7724609375,-62.3779296875
89.1179432,-126.7041015625,-11.4794921875,-65.2099609375
89.1313151,-127.6806640625,-11.4794921875,-68.0419921875
89.1762915,-127.7783203125,-12.1142578125,-70.0927734375
89.1909434,-125.9228515625,-12.8466796875,-73.8037109375
89.2362259,-123.6279296875,-12.4560546875,-75.7568359375
89.2531419,-123.3837890625,-13.1396484375,-79.3212890625
89.2996478,-122.1630859375,-13.3837890625,-82.1044921875
89.3097538,-121.6748046875,-12.6513671875,-84.7900390625
89.3390368,-121.2353515625,-12.1142578125,-82.1044921875
89.3723357,-120.8447265625,-11.3818359375,-74.1943359375
89.4145179,-120.6982421875,-11.2353515625,-65.6982421875
89.4358296,-121.7724609375,-10.3076171875,-59.9853515625
89.4747118,-121.8212890625,-10.1123046875,-57.2509765625
89.4962031,-121.9189453125,-9.6728515625,-57.0556640625
89.5324056,-122.6025390625,-9.0869140625,-55.9326171875
89.5545036,-122.9443359375,-8.8427734375,-55.7861328125
89.5968727,-123.6279296875,-8.7451171875,-56.5673828125
89.6124102,-124.2626953125,-8.6962890625,-58.1298828125
89.6600778,-124.8974609375,-8.6474609375,-59.0087890625
89.6746999,-125.8251953125,-8.4033203125,-59.9365234375
89.7181951,-125.8251953125,-8.7939453125,-61.1083984375
89.7388928,-126.1669921875,-8.5498046875,-62.5244140625
89.776351,-126.6552734375,-8.4521484375,-64.6728515625
89.8042425,-127.4365234375,-8.3056640625,-66.4794921875
89.8242987,-127.6806640625,-9.2822265625,-69.4580078125
89.8654755,-126.2646484375,-9.7216796875,-71.8994140625
89.8871273,-124.1162109375,-9.9658203125,-75.1708984375
89.9244179,-122.8955078125,-10.4052734375,-78.1494140625
89.9445825,-122.1630859375,-10.9912109375,-80.7373046875
89.9857477,-121.7724609375,-11.1376953125,-83.2275390625
90.0048782,-121.3330078125,-11.0400390625,-86.6943359375
90.0474112,-120.8447265625,-10.6982421875,-89.0380859375
90.0688728,-120.6982421875,-9.6728515625,-86.8408203125
90.1059533,-120.6982421875,-8.4521484375,-78.0517578125
90.1274277,-120.8935546875,-7.8173828125,-67.9443359375
90.1649691,-121.0888671875,-7.1826171875,-62.1337890625
90.1860881,-121.1865234375,-6.6455078125,-58.2763671875
90.2301998,-121.6259765625,-5.6689453125,-57.7392578125
90.2472047,-122.6513671875,-5.5712890625,-56.2744140625
90.2862794,-123.3349609375,-4.8876953125,-55.3466796875
90.3062942,-124.4091796875,-4.3994140625,-55.4443359375
90.3451472,-125.2880859375,-4.9853515625,-56.2744140625
90.3652016,-125.7763671875,-4.3994140625,-57.7880859375
90.4051461,-125.9716796875,-4.2529296875,-58.2763671875
90.4265843,-126.7529296875,-3.6181640625,-58.6181640625
90.4650731,-127.1923828125,-3.7158203125,-60.2783203125
90.4870854,-127.4853515625,-3.3251953125,-61.6943359375
90.5272154,-128.7548828125,-3.6181640625,-64.1357421875
90.5476411,-128.9013671875,-4.5947265625,-66.6748046875
90.5851747,-127.8759765625,-4.8876953125,-69.1162109375
90.6068813,-125.5810546875,-5.0830078125,-72.6318359375
90.6456097,-123.9697265625,-5.3759765625,-75.8056640625
90.6691166,-123.1396484375,-5.3759765625,-78.7353515625
90.7066321,-122.2607421875,-6.1572265625,-81.6162109375
90.7280932,-121.7236328125,-6.5478515625,-84.2529296875
90.7677227,-121.4306640625,-7.1826171875,-87.8173828125
90.7892105,-121.6748046875,-7.6708984375,-90.5029296875
90.8267962,-121.5771484375,-7.7685546875,-94.7998046875
90.8484618,-121.2353515625,-7.4755859375,-97.2412109375
90.8963228,-121.3818359375,-5.9619140625,-95.6298828125
90.9177742,-121.9677734375,-5.7177734375,-87.0361328125
90.9596381,-122.9443359375,-4.4970703125,-76.0009765625
90.989852,-122.9931640625,-4.1552734375,-68.6767578125
91.0008873,-123.9697265625,-3.5205078125,-65.2099609375
91.0391018,-124.5068359375,-2.5927734375,-63.1591796875
91.0602397,-125.3369140625,-2.2998046875,-62.1826171875
91.100538,-125.8740234375,-2.6416015625,-60.6201171875
91.1208852,-126.4599609375,-1.5185546875,-59.9365234375
91.1572987,-127.2412109375,-1.7138671875,-61.0107421875
91.1806038,-127.2900390625,-1.4697265625,-61.6455078125
91.221975,-128.1689453125,-1.8115234375,-62.4267578125
91.2433161,-128.3642578125,-1.3232421875,-63.2568359375
91.2785079,-129.6337890625,-1.4697265625,-64.2822265625
91.3026977,-129.8779296875,-1.8115234375,-65.1611328125
91.3406828,-130.8056640625,-2.0068359375,-66.9189453125
91.362144,-131.4892578125,-2.9833984375,-69.6044921875
91.4015482,-131.5869140625,-2.5927734375,-71.5576171875
91.4219223,-128.3642578125,-3.7158203125,-74.4873046875
91.4609795,-126.4111328125,-4.2041015625,-77.9052734375
91.4909826,-125.1904296875,-5.2783203125,-80.8349609375
91.5296037,-124.9951171875,-5.6689453125,-84.0087890625
91.5540933,-124.0185546875,-6.5966796875,-86.9384765625
91.5926639,-122.9931640625,-7.5244140625,-89.8681640625
91.6038456,-122.1142578125,-7.7197265625,-93.3837890625
91.6418103,-122.1142578125,-8.1591796875,-95.9716796875
91.6640483,-122.8466796875,-8.4033203125,-99.2431640625
91.7017519,-122.5048828125,-7.9150390625,-101.3427734375
91.7253998,-122.7490234375,-7.2802734375,-95.1416015625
91.7611701,-123.5302734375,-6.5478515625,-84.8388671875
91.7823962,-123.6767578125,-6.1572265625,-74.9755859375
91.8176977,-124.6044921875,-5.8154296875,-69.2626953125
91.8454064,-124.5068359375,-5.8154296875,-66.8212890625
91.8853838,-125.5810546875,-6.0595703125,-65.7958984375
91.9057187,-126.3134765625,-4.8876953125,-64.5751953125
91.9432319,-127.0458984375,-5.7177734375,-63.6474609375
91.9646629,-127.2900390625,-6.2060546875,-64.1845703125
92.001541,-128.2177734375,-6.0595703125,-64.7705078125
92.0227408,-129.4384765625,-5.9619140625,-65.6982421875
92.0604566,-130.2685546875,-6.4990234375,-66.3330078125
92.086256,-130.5126953125,-6.5478515625,-66.6748046875
92.1217027,-131.3916015625,-6.6455078125,-68.0419921875
92.1477442,-131.7822265625,-6.7431640625,-69.7998046875
92.1881506,-133.1494140625,-7.0361328125,-71.5087890625
92.2082197,-132.6611328125,-7.8662109375,-73.9990234375
92.2446074,-131.8798828125,-8.1591796875,-76.4404296875
92.2648781,-128.8037109375,-9.4775390625,-80.0537109375
92.3023694,-127.0458984375,-9.9169921875,-81.7626953125
92.3297994,-126.1669921875,-9.7216796875,-85.0341796875
92.368058,-125.6298828125,-10.7470703125,-87.2314453125
92.3879535,-125.0439453125,-10.8447265625,-90.5517578125
92.4240009,-125.0927734375,-10.3564453125,-93.5302734375
92.4505314,-124.4091796875,-9.5263671875,-91.5283203125
92.4881922,-124.2626953125,-8.6962890625,-82.5927734375
92.5084265,-125.0439453125,-8.8427734375,-71.9482421875
92.5443463,-125.3857421875,-8.0615234375,-64.7216796875
92.5691052,-125.2880859375,-8.2080078125,-61.4013671875
92.6059964,-125.5810546875,-7.8662109375,-61.0107421875
92.6317362,-126.1669921875,-7.3291015625,-58.8134765625
92.6694105,-126.6552734375,-7.3779296875,-58.2763671875
92.6898131,-126.7041015625,-6.9384765625,-58.9111328125
92.7284961,-127.5341796875,-7.9638671875,-60.0341796875
92.749602,-128.3642578125,-7.1826171875,-60.5224609375
92.7857349,-128.9990234375,-7.6708984375,-61.6943359375
92.8103302,-130.2685546875,-7.5244140625,-61.5966796875
92.8507253,-130.4150390625,-7.9638671875,-63.2080078125
92.8720125,-130.8544921875,-7.5244140625,-64.0380859375
92.9085275,-131.5869140625,-7.6220703125,-67.0654296875
92.9285469,-132.2216796875,-7.8662109375,-69.9462890625
92.9682729,-131.9287109375,-8.2568359375,-72.2412109375
92.9926676,-129.7314453125,-8.8427734375,-75.7080078125
93.0322044,-128.0712890625,-9.0869140625,-78.4912109375
93.0525222,-126.8505859375,-9.7705078125,-81.7138671875
93.0878813,-126.4599609375,-9.8681640625,-84.1552734375
93.1087877,-126.0693359375,-8.4033203125,-86.4501953125
93.1457516,-125.6298828125,-7.5244140625,-80.9814453125
93.1715798,-125.3857421875,-6.6455078125,-70.3369140625
93.2106286,-125.5322265625,-6.4013671875,-59.6435546875
93.2404967,-125.6787109375,-5.6201171875,-53.1494140625
93.2610231,-126.1669921875,-4.6435546875,-49.8779296875
93.2987044,-125.7763671875,-4.8876953125,-48.1201171875
93.3208121,-125.6787109375,-4.3505859375,-46.8994140625
93.3565425,-126.0693359375,-4.7900390625,-45.9716796875
93.3856833,-126.7529296875,-4.4482421875,-46.7529296875
93.4147364,-127.4853515625,-4.0576171875,-48.3642578125
93.4442293,-128.3154296875,-3.8623046875,-48.9501953125
93.4819116,-128.9501953125,-3.7158203125,-49.9267578125
93.5037778,-128.9990234375,-4.3505859375,-49.6337890625
93.5404155,-129.6337890625,-4.6435546875,-51.4892578125
93.5657523,-130.0732421875,-4.1064453125,-53.5400390625
93.6032895,-130.7080078125,-4.0087890625,-55.9814453125
93.6249019,-131.5869140625,-4.3505859375,-59.9365234375
93.6621627,-130.4150390625,-4.1064453125,-62.9150390625
93.6871666,-128.5595703125,-4.4970703125,-66.5771484375
93.7160008,-126.8994140625,-4.7412109375,-69.0673828125
93.7520521,-126.2646484375,-4.7412109375,-72.6806640625
93.7769518,-125.1904296875,-4.8388671875,-75.7568359375
93.8063071,-124.9462890625,-3.5693359375,-78.0517578125
93.8342983,-124.7021484375,-2.3486328125,-71.2158203125
93.8737492,-123.8720703125,-2.1044921875,-59.5947265625
93.8980678,-123.9697265625,-1.0302734375,-48.7060546875
93.9287352,-124.0673828125,-0.4443359375,-43.3837890625
93.9581104,-124.3603515625,-0.0048828125,-40.0146484375
93.9863794,-124.1650390625,0.5810546875,-37.5732421875
94.0197274,-124.6533203125,0.5322265625,-35.5224609375
94.0482424,-125.3857421875,1.0693359375,-34.1064453125
94.0757909,-125.7275390625,1.6064453125,-35.5712890625
94.1249879,-126.6064453125,2.3388671875,-37.2802734375
94.138537,-127.4365234375,1.7529296875,-38.5498046875
94.1688156,-127.5830078125,1.2158203125,-39.2822265625
94.1994983,-128.4619140625,1.8505859375,-40.3564453125
94.2547901,-128.8037109375,1.2158203125,-42.1142578125
94.2738308,-128.9990234375,1.9482421875,-44.1650390625
94.2905885,-130.5615234375,1.8994140625,-46.7041015625
94.3176769,-130.1708984375,1.0205078125,-50.5126953125
94.3647156,-130.0244140625,0.0439453125,-54.1259765625
94.3776212,-127.8271484375,0.3369140625,-58.2763671875
94.4277681,-125.9228515625,-0.0048828125,-61.2548828125
94.4408733,-124.7998046875,-0.6396484375,-63.8916015625
94.4686016,-124.2626953125,-1.1767578125,-67.5537109375
94.5193881,-122.9931640625,-1.6162109375,-70.8740234375
94.5405412,-123.2861328125,-0.6396484375,-74.8291015625
94.5611515,-122.6513671875,0.8251953125,-74.0478515625
94.6058996,-122.5048828125,1.3134765625,-64.9169921875
94.6223703,-122.7490234375,1.9482421875,-53.2958984375
94.6686854,-122.8466796875,2.1923828125,-44.7998046875
94.6825256,-123.3837890625,2.9248046875,-40.5517578125
94.7119475,-123.3349609375,3.3154296875,-37.5244140625
94.7550588,-123.6767578125,3.7060546875,-35.4736328125
94.7855088,-124.4091796875,5.1708984375,-33.6181640625
94.8004505,-125.0927734375,4.2919921875,-33.1787109375
94.8447374,-126.1181640625,4.5849609375,-35.4736328125
94.8653024,-126.8017578125,3.9013671875,-37.2314453125
94.8912829,-127.2412109375,3.5595703125,-38.2568359375
94.9386512,-127.8759765625,3.5595703125,-38.9892578125
94.9533271,-128.2666015625,2.8759765625,-40.2587890625
94.9987288,-128.5595703125,3.1201171875,-41.6259765625
95.0200943,-129.3408203125,2.9736328125,-43.5791015625
95.0572633,-130.0244140625,2.3388671875,-47.5341796875
95.0720598,-129.9755859375,0.8740234375,-50.2685546875
95.1199423,-129.1943359375,0.5810546875,-54.0283203125
95.1339958,-126.6552734375,-0.6396484375,-58.0322265625
95.1799537,-125.3369140625,-0.6884765625,-61.4990234375
95.1954192,-124.7509765625,-1.5185546875,-64.9658203125
95.2366938,-123.9208984375,-1.7626953125,-67.9931640625
95.2568696,-122.7490234375,-3.3740234375,-71.7529296875
95.296005,-122.4072265625,-3.0810546875,-74.9755859375
95.3151409,-122.2607421875,-3.8623046875,-78.3447265625
95.355214,-122.3095703125,-2.7392578125,-78.3447265625
95.3762532,-122.7001953125,-2.2509765625,-69.4580078125
95.4278355,-122.9443359375,-2.4462890625,-59.9365234375
95.4476466,-123.0419921875,-2.0556640625,-52.4169921875
95.4645873,-123.5302734375,-2.0068359375,-49.2919921875
95.5078589,-123.4814453125,-1.5673828125,-48.1201171875
95.528449,-123.9208984375,-1.0791015625,-46.1181640625
95.5621134,-124.7021484375,-0.9326171875,-45.4833984375
95.5869447,-125.2880859375,-1.6162109375,-46.5087890625
95.624041,-126.0205078125,-1.3232421875,-47.4365234375
95.6471788,-126.2158203125,-2.0068359375,-49.6826171875
95.6953586,-127.2900390625,-1.6650390625,-50.4638671875
95.7161836,-128.0712890625,-2.0068359375,-50.8544921875
95.7404287,-128.8037109375,-2.6904296875,-52.5634765625
95.7761895,-129.1455078125,-2.4951171875,-54.7119140625
95.7966484,-130.0732421875,-2.7880859375,-57.4951171875
95.8366917,-130.9521484375,-3.1787109375,-59.8388671875
95.8577319,-131.0009765625,-4.2529296875,-62.9638671875
95.8993234,-130.8544921875,-4.2529296875,-66.6259765625
95.9293059,-128.4130859375,-5.2783203125,-69.7021484375
95.9472916,-126.2646484375,-6.1572265625,-72.8759765625
95.9854301,-125.1904296875,-7.0849609375,-75.9033203125
96.0090528,-125.5810546875,-7.0361328125,-79.2724609375
96.0461718,-124.6533203125,-6.3037109375,-82.8857421875
96.070038,-124.4091796875,-5.7177734375,-81.4697265625
96.1170223,-124.2138671875,-4.2529296875,-74.3408203125
96.1372018,-124.6533203125,-4.3505859375,-66.1865234375
96.1761733,-124.6044921875,-4.2041015625,-62.4755859375
96.1891229,-125.1416015625,-3.2275390625,-61.1572265625
96.2258402,-125.2392578125,-3.0322265625,-60.9130859375
96.2519598,-125.4345703125,-3.4228515625,-60.3759765625
96.2902445,-126.1669921875,-2.6904296875,-60.2783203125
96.3111499,-126.4599609375,-3.2275390625,-62.9150390625
96.3511126,-127.2900390625,-3.1787109375,-64.5263671875
96.3808161,-128.1201171875,-3.4716796875,-65.4541015625
96.4187732,-128.0712890625,-3.7646484375,-66.3330078125
96.4300794,-128.8525390625,-3.7158203125,-67.4072265625
96.4671815,-129.3408203125,-3.5205078125,-69.5068359375
96.4939758,-130.2197265625,-4.3017578125,-71.6064453125
96.5286177,-130.7568359375,-4.3017578125,-74.2919921875
96.5543906,-131.6357421875,-4.4970703125,-77.3681640625
96.5914048,-132.2216796875,-4.4970703125,-79.5654296875
96.6113428,-131.2939453125,-4.8388671875,-83.1787109375
96.6508018,-129.1455078125,-5.9619140625,-85.3271484375
96.6720532,-127.4853515625,-6.7919921875,-88.5009765625
96.7090163,-127.2900390625,-5.4736328125,-91.3818359375
96.7348987,-126.2158203125,-4.6435546875,-92.6513671875
96.7717117,-125.9228515625,-4.3994140625,-88.3544921875
96.7961409,-125.4833984375,-3.7158203125,-80.9326171875
96.8344711,-125.2880859375,-2.7392578125,-75.5615234375
96.8547837,-125.5810546875,-2.1533203125,-74.4873046875
96.8970374,-125.6298828125,-1.5185546875,-73.6083984375
96.9270886,-125.8740234375,-0.8349609375,-73.0712890625
96.9431227,-126.0205078125,-0.3955078125,-72.7294921875
96.9838546,-126.2646484375,-0.5908203125,-73.0712890625
97.0050553,-126.7529296875,-0.3955078125,-74.9755859375
97.0406953,-127.5341796875,-0.3955078125,-77.2216796875
97.0668501,-128.3642578125,-0.2978515625,-78.4423828125
97.1149122,-128.8037109375,-0.2978515625,-79.1259765625
97.1349577,-129.8291015625,-0.2978515625,-80.6396484375
97.157277,-130.1708984375,-0.2490234375,-82.4462890625
97.2116862,-130.3662109375,-0.4931640625,-84.7900390625
97.2419636,-130.9521484375,-0.9814453125,-87.1337890625
97.2451646,-131.9287109375,-1.4208984375,-89.9658203125
97.2811785,-131.7333984375,-1.1279296875,-93.2861328125
97.3086353,-129.9755859375,-1.0302734375,-96.3134765625
97.3482717,-128.1201171875,-2.0068359375,-98.3154296875
97.3697299,-126.6064453125,-2.8857421875,-101.3427734375
97.4057903,-126.3623046875,-3.2763671875,-104.0771484375
97.4261841,-126.2158203125,-2.8369140625,-106.5673828125
97.4623574,-125.1904296875,-2.8857421875,-108.9599609375
97.4872463,-124.7021484375,-1.6650390625,-106.8603515625
97.5242127,-124.4091796875,-0.8349609375,-99.4384765625
97.5501166,-124.4091796875,-0.2001953125,-93.8720703125
97.5901685,-124.7509765625,-0.6396484375,-91.1865234375
97.6103356,-124.6044921875,0.4345703125,-89.7216796875
97.6468972,-125.2392578125,1.5087890625,-88.9892578125
97.6663945,-125.9716796875,1.5576171875,-87.3291015625
97.7036954,-126.8017578125,1.5576171875,-86.9384765625
97.7287486,-127.1923828125,1.7529296875,-87.4267578125
97.7677284,-127.9248046875,1.1669921875,-89.4287109375
97.7907072,-128.8037109375,1.8017578125,-90.8447265625
97.8280718,-129.1455078125,1.4599609375,-91.9677734375
97.8480499,-129.2431640625,1.1669921875,-92.2607421875
97.8851703,-129.9755859375,1.1669921875,-93.1396484375
97.9074445,-130.7568359375,0.9716796875,-95.3369140625
97.9474074,-130.9033203125,0.3369140625,-96.8505859375
97.9694681,-131.6357421875,0.2880859375,-98.6083984375
98.007987,-133.0517578125,-0.4443359375,-100.8544921875
98.0333535,-132.1240234375,-0.9326171875,-103.6865234375
98.070572,-129.0478515625,-1.1279296875,-106.2744140625
98.0916353,-128.0224609375,-2.0556640625,-108.1298828125
98.1295122,-127.2412109375,-2.2509765625,-111.6943359375
98.15174,-125.8740234375,-2.7880859375,-114.1357421875
98.1875776,-125.0927734375,-3.7158203125,-116.5771484375
98.2140624,-124.1162109375,-5.0341796875,-119.5556640625
98.2628453,-123.8232421875,-5.0830078125,-122.0947265625
98.2732124,-123.1396484375,-5.4736328125,-125.2685546875
98.3134665,-123.6279296875,-6.6455078125,-127.3681640625
98.331294,-123.4814453125,-7.2802734375,-130.8837890625
98.3700251,-124.6044921875,-6.6943359375,-132.7392578125
98.3923856,-124.1650390625,-6.8408203125,-131.0302734375
98.4338152,-125.0927734375,-6.3525390625,-123.2177734375
98.4540656,-125.2880859375,-5.9619140625,-116.8701171875
98.4907571,-125.8740234375,-5.3271484375,-112.2314453125
98.5111805,-126.8505859375,-5.9619140625,-110.4736328125
98.547619,-127.3388671875,-5.5712890625,-110.0341796875
98.5728477,-128.3154296875,-5.9619140625,-109.0087890625
98.6100013,-128.4130859375,-5.5224609375,-108.0322265625
98.6359325,-129.2431640625,-5.6689453125,-108.0810546875
98.6624564,-129.7314453125,-6.2548828125,-108.8623046875
98.7005761,-130.2197265625,-5.7666015625,-109.7412109375
98.7255853,-131.3916015625,-7.4267578125,-109.6435546875
98.7525813,-131.8310546875,-7.5732421875,-109.8388671875
98.7899645,-133.1982421875,-7.1337890625,-110.2783203125
98.8151036,-133.3447265625,-8.3544921875,-111.5966796875
98.8465011,-134.4677734375,-9.0869140625,-112.4267578125
98.8842424,-135.1513671875,-9.3798828125,-114.2822265625
98.9065107,-135.3466796875,-10.6982421875,-115.8447265625
98.9328347,-135.3955078125,-10.7470703125,-118.9208984375
98.9659487,-132.3681640625,-12.2607421875,-120.1904296875
99.0020674,-129.4873046875,-12.6513671875,-122.3876953125
99.028314,-128.9501953125,-13.2861328125,-124.6337890625
99.0578889,-127.6318359375,-13.9697265625,-126.0498046875
99.0842834,-127.0947265625,-15.1904296875,-128.3447265625
99.1168612,-125.5322265625,-15.9716796875,-130.6884765625
99.1455224,-125.3369140625,-16.9482421875,-132.6904296875
99.1786769,-125.6787109375,-17.1923828125,-134.9365234375
99.2081107,-125.5810546875,-17.5341796875,-137.0849609375
99.2373213,-125.6787109375,-16.3134765625,-136.1572265625
99.270669,-125.7275390625,-16.4111328125,-130.3466796875
99.2980941,-127.1435546875,-16.1669921875,-123.0224609375
99.3274622,-126.6552734375,-15.8740234375,-118.3349609375
99.3595747,-127.3388671875,-16.6064453125,-116.2841796875
99.3877735,-128.0712890625,-16.0693359375,-115.7470703125
99.4207731,-128.9501953125,-15.8740234375,-115.2099609375
99.4504052,-129.3896484375,-16.7041015625,-113.9404296875
99.4788185,-130.0732421875,-16.8994140625,-114.9169921875
99.5094369,-130.8056640625,-17.2412109375,-115.6982421875
99.5388326,-131.4892578125,-17.1435546875,-116.2841796875
99.5684088,-132.0263671875,-17.7294921875,-116.1865234375
99.6001775,-132.5634765625,-17.3388671875,-116.3330078125
99.6297944,-133.1005859375,-17.9736328125,-117.1142578125
99.6576795,-133.4912109375,-18.2177734375,-117.2607421875
99.6939899,-134.7119140625,-19.0478515625,-119.4091796875
99.7194071,-134.9560546875,-18.6083984375,-120.2880859375
99.7647625,-135.7861328125,-19.1943359375,-121.7529296875
99.7810677,-136.3720703125,-19.6337890625,-123.8525390625
99.8326149,-135.1513671875,-20.3173828125,-124.6337890625
99.842235,-132.1728515625,-20.8056640625,-127.4169921875
99.8712534,-130.8544921875,-21.2451171875,-129.6630859375
99.8988463,-130.8544921875,-21.6845703125,-131.3232421875
99.9321323,-129.2919921875,-21.6845703125,-133.3740234375
99.9776894,-129.5361328125,-20.7568359375,-133.8623046875
99.9946985,-128.3154296875,-21.1474609375,-127.7099609375
100.0243678,-128.1201171875,-19.5849609375,-121.3623046875
100.064465,-128.9501953125,-20.0732421875,-116.7724609375
100.0866687,-129.2919921875,-18.9990234375,-113.6962890625
100.1138381,-129.2431640625,-18.9013671875,-111.6455078125
100.1583252,-129.1455078125,-19.1455078125,-110.7177734375
100.1748383,-129.8291015625,-19.4384765625,-109.8388671875
100.2028912,-129.8779296875,-20.0244140625,-109.8388671875
100.2455705,-130.9033203125,-19.3408203125,-110.1806640625
100.2657577,-130.9521484375,-19.2919921875,-110.3759765625
100.3056699,-132.0751953125,-19.5849609375,-110.6689453125
100.3259857,-132.6611328125,-19.6337890625,-111.4990234375
100.3796742,-133.2470703125,-20.4150390625,-110.8642578125
100.4001381,-133.4912109375,-20.1220703125,-111.7431640625
100.4156526,-134.1259765625,-20.8544921875,-113.4521484375
100.4578892,-135.2978515625,-20.9521484375,-115.1611328125
100.4719989,-135.0537109375,-20.9033203125,-116.3330078125
100.5195444,-136.3720703125,-21.6845703125,-118.4326171875
100.5335797,-135.2001953125,-21.7333984375,-120.1904296875
100.5780114,-132.7587890625,-22.1240234375,-122.3388671875
100.5950505,-131.5869140625,-22.8076171875,-123.8037109375
100.6366629,-131.0986328125,-22.8564453125,-126.2451171875
100.6557588,-130.6591796875,-21.6357421875,-127.1240234375
100.6987477,-129.8779296875,-20.9521484375,-122.6806640625
100.7169152,-128.6572265625,-20.6591796875,-114.8681640625
100.7606446,-128.8037109375,-20.3662109375,-107.7392578125
100.7780983,-129.3896484375,-19.2919921875,-104.0283203125
100.8137859,-129.1943359375,-18.9501953125,-101.2939453125
100.8371104,-129.5361328125,-18.6572265625,-99.6337890625
100.8780255,-129.8779296875,-18.5595703125,-97.8759765625
100.8989584,-129.9267578125,-18.0712890625,-96.4111328125
100.9402701,-130.5126953125,-17.9248046875,-96.4111328125
100.9544131,-130.6591796875,-18.4130859375,-96.9482421875
101.0006478,-131.7822265625,-18.0712890625,-96.5576171875
101.0189912,-132.7099609375,-18.1201171875,-96.5576171875
101.0567314,-133.1982421875,-18.1689453125,-97.0458984375
101.0807678,-133.3447265625,-18.7060546875,-97.3388671875
101.1193285,-134.8095703125,-19.0966796875,-97.8759765625
101.1364793,-134.7119140625,-18.5595703125,-99.2919921875
101.1764029,-135.2490234375,-19.2431640625,-101.8310546875
101.1994522,-136.0302734375,-19.5361328125,-102.9541015625
101.236862,-136.5185546875,-20.3662109375,-105.2001953125
101.2608262,-134.5166015625,-20.1708984375,-107.8857421875
101.2987464,-132.5634765625,-20.8544921875,-109.0087890625
101.3222856,-131.0498046875,-21.0009765625,-110.9130859375
101.3511643,-130.7568359375,-21.0009765625,-113.1103515625
101.39064,-129.8779296875,-21.0009765625,-115.8447265625
101.4219049,-129.0478515625,-19.9267578125,-115.1611328125
101.4386872,-128.8037109375,-19.3896484375,-109.0087890625
101.473858,-128.2666015625,-19.2431640625,-100.5615234375
101.499896,-128.7548828125,-19.0478515625,-93.9208984375
101.5394132,-129.3408203125,-18.0224609375,-89.6728515625
101.5607461,-129.4384765625,-17.9736328125,-86.9873046875
101.5970464,-129.3408203125,-17.7294921875,-85.4248046875
101.620287,-129.6337890625,-17.9248046875,-83.0810546875
101.6575518,-130.7568359375,-18.9013671875,-81.1279296875
101.6814102,-131.4404296875,-18.5595703125,-82.1044921875
101.7198843,-132.2705078125,-18.5107421875,-82.2021484375
101.7425979,-133.6376953125,-18.9013671875,-83.0810546875
101.7797563,-134.1748046875,-19.5849609375,-83.3740234375
101.8042336,-134.3701171875,-19.6826171875,-83.5205078125
101.8456871,-134.9560546875,-19.3896484375,-84.3505859375
101.8626792,-135.1513671875,-20.4638671875,-85.1806640625
101.9034064,-135.7373046875,-20.8544921875,-86.9384765625
101.9225766,-136.6650390625,-21.2939453125,-89.5751953125
101.9602446,-137.2021484375,-21.8310546875,-91.8212890625
101.9851661,-137.3974609375,-22.3681640625,-94.0673828125
102.0232913,-135.1513671875,-22.9052734375,-96.3623046875
102.0471593,-132.6123046875,-23.7841796875,-98.6083984375
102.0850406,-132.0751953125,-24.8095703125,-100.7568359375
102.1072155,-131.3427734375,-25.1513671875,-103.1494140625
102.146332,-131.1962890625,-25.9814453125,-105.8837890625
102.1677396,-130.2685546875,-25.9814453125,-108.7646484375
102.2072141,-129.6826171875,-24.8095703125,-109.4970703125
102.2245005,-129.8291015625,-24.6630859375,-104.5654296875
102.2606979,-130.2685546875,-24.3212890625,-95.4833984375
102.281292,-129.7802734375,-24.1748046875,-87.4267578125
102.3213431,-130.9033203125,-24.6142578125,-83.3251953125
102.3426851,-131.1962890625,-24.4189453125,-80.9814453125
102.3780669,-131.4404296875,-24.1748046875,-79.3701171875
102.406088,-131.6357421875,-23.8818359375,-78.0517578125
102.4431695,-132.4169921875,-24.1259765625,-77.5146484375
102.466161,-133.2470703125,-23.9306640625,-78.1982421875
102.503358,-133.9306640625,-24.1259765625,-78.6376953125
102.5235811,-134.6142578125,-24.8095703125,-79.0283203125
102.5606172,-134.8583984375,-24.5166015625,-79.0283203125
102.5866371,-135.3466796875,-24.8095703125,-79.7119140625
102.6243741,-135.9814453125,-25.2001953125,-80.6884765625
102.6476801,-136.9091796875,-25.8837890625,-81.7626953125
102.6866204,-137.7880859375,-25.8349609375,-83.7646484375
102.7057095,-137.9345703125,-25.8349609375,-85.9130859375
102.7430674,-139.0576171875,-27.2021484375,-88.8427734375
102.7675068,-139.8388671875,-27.2998046875,-91.4794921875
102.8051944,-138.2275390625,-27.4951171875,-93.6279296875
102.8275902,-135.3466796875,-27.8369140625,-96.4599609375
102.8645528,-134.5654296875,-28.8134765625,-98.8037109375
102.8905408,-133.3935546875,-29.1552734375,-101.4404296875
102.9281316,-133.3935546875,-28.3251953125,-104.3212890625
102.9489784,-132.8564453125,-27.5439453125,-105.3466796875
102.9855493,-132.3681640625,-27.5927734375,-99.2431640625
103.0057382,-131.6357421875,-26.5185546875,-90.3564453125
103.0437826,-132.9541015625,-26.4697265625,-82.6416015625
103.0697786,-133.0517578125,-26.1279296875,-78.3447265625
103.1062044,-132.9541015625,-25.9814453125,-77.4169921875
103.1317459,-132.9541015625,-25.4443359375,-76.0986328125
103.1693438,-133.8330078125,-25.4443359375,-74.6826171875
103.1925545,-134.2724609375,-25.6396484375,-74.5849609375
103.227589,-134.3701171875,-25.8349609375,-76.5869140625
103.247694,-135.2978515625,-25.2001953125,-76.2451171875
103.2868375,-135.9814453125,-25.2490234375,-76.7822265625
103.3101055,-136.4697265625,-25.7861328125,-77.6123046875
103.3482657,-137.2021484375,-25.6884765625,-78.3447265625
103.3708455,-137.9833984375,-25.4443359375,-79.5654296875
103.4068153,-138.2275390625,-25.5419921875,-81.9580078125
103.4279102,-138.7646484375,-25.8349609375,-84.0087890625
103.4658712,-139.4970703125,-25.9326171875,-86.5478515625
103.4920483,-140.7177734375,-26.4697265625,-88.7939453125
103.5271054,-140.0341796875,-26.0791015625,-91.9189453125
103.5523257,-138.5205078125,-26.6650390625,-94.2138671875
103.5886283,-136.2744140625,-26.4697265625,-97.2900390625
103.6168594,-134.8095703125,-27.2021484375,-99.8779296875
103.6436814,-134.3701171875,-26.0791015625,-102.7587890625
103.6794057,-134.0283203125,-24.9560546875,-99.1455078125
103.7048998,-133.2470703125,-24.0771484375,-90.3076171875
103.7498387,-133.2958984375,-23.9306640625,-81.8115234375
103.7804504,-133.3935546875,-22.9052734375,-75.7568359375
103.7944787,-133.1005859375,-22.6611328125,-72.8271484375
103.8426209,-133.5400390625,-22.0263671875,-70.4345703125
103.8628317,-133.1494140625,-22.3193359375,-68.2861328125
103.8848066,-134.3212890625,-22.1728515625,-67.1630859375
103.9213828,-133.9794921875,-21.2451171875,-67.4072265625
103.9480965,-134.6142578125,-21.4404296875,-68.0419921875
103.9744713,-135.2490234375,-21.6357421875,-68.9697265625
104.0118434,-135.6884765625,-21.8310546875,-69.3115234375
104.0371722,-136.9580078125,-22.2705078125,-70.3369140625
104.0650565,-136.9580078125,-21.8798828125,-71.1181640625
104.0974146,-137.2998046875,-21.6357421875,-72.7294921875
104.1261155,-137.4951171875,-22.2705078125,-74.9267578125
104.16326,-138.8134765625,-22.1728515625,-77.1240234375
104.1876757,-139.5458984375,-22.2216796875,-80.2490234375
104.2163346,-139.7412109375,-22.3193359375,-84.4482421875
104.2452392,-139.5947265625,-23.0517578125,-87.2314453125
104.2826122,-137.0556640625,-23.9306640625,-89.8193359375
104.3068851,-135.9326171875,-24.1748046875,-92.4560546875
104.3361752,-133.9306640625,-24.3212890625,-94.9462890625
104.3676721,-134.2236328125,-22.5146484375,-98.2177734375
104.3963105,-133.7353515625,-22.6123046875,-98.3154296875
104.4249043,-132.0751953125,-21.4404296875,-90.8935546875
104.4630716,-131.9287109375,-21.2451171875,-79.9560546875
104.4883603,-132.2216796875,-20.5615234375,-72.1435546875
104.5212046,-132.5146484375,-20.3662109375,-67.3095703125
104.5489786,-132.6123046875,-19.1943359375,-64.9169921875
104.5767194,-132.7587890625,-19.3408203125,-62.6708984375
104.6102799,-133.2470703125,-18.7060546875,-60.2783203125
104.637558,-134.2724609375,-18.7548828125,-59.4970703125
104.6710384,-134.3212890625,-18.4130859375,-60.6689453125
104.6996997,-135.2978515625,-18.6572265625,-61.8408203125
104.7296017,-135.4931640625,-18.8037109375,-62.0849609375
104.7620678,-136.7626953125,-17.5341796875,-63.0615234375
104.7902499,-136.9091796875,-17.9736328125,-64.0380859375
104.8191445,-137.5439453125,-18.1201171875,-65.5517578125
104.8522059,-137.8857421875,-18.2177734375,-67.2607421875
104.8807764,-138.8134765625,-18.1201171875,-70.3369140625
104.9090783,-138.9111328125,-19.0966796875,-72.8759765625
104.9541225,-139.8388671875,-18.5595703125,-76.4404296875
104.9712122,-140.0341796875,-19.1943359375,-78.8818359375
104.9991492,-138.5205078125,-19.2919921875,-82.8857421875
105.0315285,-136.3720703125,-20.5615234375,-85.4248046875
105.0598328,-135.5419921875,-20.6591796875,-88.9892578125
105.0935285,-134.5166015625,-21.5380859375,-91.7236328125
105.1212845,-133.7353515625,-21.9775390625,-95.1416015625
105.1481815,-132.9052734375,-22.3681640625,-98.9501953125
105.1958153,-132.5146484375,-22.5146484375,-102.1240234375
105.2129419,-131.9775390625,-21.7822265625,-102.7587890625
105.2436913,-132.2705078125,-20.9521484375,-94.7021484375
105.2731357,-132.4658203125,-20.9521484375,-83.7158203125
105.3009776,-132.2705078125,-20.7568359375,-75.0244140625
105.3354725,-132.7587890625,-20.0732421875,-69.9462890625
105.3633847,-133.5400390625,-19.6337890625,-68.0908203125
105.3913402,-134.1748046875,-19.9755859375,-65.6005859375
105.4257126,-134.6142578125,-19.5849609375,-64.7705078125
105.4671767,-135.5908203125,-19.9755859375,-63.8427734375
105.4831947,-136.1279296875,-19.2431640625,-64.6728515625
105.514697,-136.0791015625,-18.9501953125,-65.0634765625
105.5647449,-137.2509765625,-19.8291015625,-66.5283203125
105.5707263,-137.4462890625,-19.5849609375,-66.7236328125
105.6159288,-137.7880859375,-20.3173828125,-67.6513671875
105.6358781,-138.6181640625,-19.2431640625,-68.3837890625
105.6656998,-139.2041015625,-20.5126953125,-71.0205078125
105.6940696,-140.2294921875,-20.5126953125,-72.5830078125
105.7231695,-140.8154296875,-20.8544921875,-75.2685546875
105.7689909,-141.4990234375,-21.6357421875,-78.6376953125
105.7885775,-142.7197265625,-22.2705078125,-81.5185546875
105.81783,-141.3525390625,-22.5634765625,-84.8876953125
105.8458114,-138.3251953125,-23.2470703125,-87.2802734375
105.893383,-136.5673828125,-24.0771484375,-90.3564453125
105.9246308,-135.9326171875,-24.6630859375,-92.8955078125
105.9381788,-135.1513671875,-24.0283203125,-97.1435546875
105.9790533,-134.7607421875,-23.0517578125,-98.9501953125
106.0001446,-133.5888671875,-22.0263671875,-94.0185546875
106.0354768,-133.2958984375,-22.4169921875,-84.1064453125
106.0555783,-133.7353515625,-22.1728515625,-74.4873046875
106.0972132,-134.1259765625,-22.2705078125,-69.1650390625
106.1162878,-134.1259765625,-21.2451171875,-66.4794921875
106.1546504,-134.4189453125,-21.6845703125,-65.5029296875
106.1766204,-135.1513671875,-21.5380859375,-64.3310546875
106.2180143,-135.2978515625,-20.6591796875,-65.0146484375
106.2389423,-135.7861328125,-21.0986328125,-65.5029296875
106.2769683,-136.5185546875,-21.0498046875,-66.8212890625
106.297071,-136.7626953125,-21.0986328125,-67.3095703125
106.3303923,-137.7392578125,-20.8056640625,-67.8955078125
106.36838,-138.6181640625,-21.1474609375,-68.4814453125
106.3888624,-138.8134765625,-21.0986328125,-70.4833984375
106.4242534,-139.3505859375,-21.5380859375,-72.5830078125
106.4479167,-140.1318359375,-21.5869140625,-75.4638671875
106.4844955,-140.0341796875,-22.0263671875,-77.9541015625
106.5076671,-140.5712890625,-22.1240234375,-80.8349609375
106.5446498,-142.1826171875,-22.0751953125,-84.5947265625
106.5718447,-141.9873046875,-22.5634765625,-87.3779296875
106.6091631,-139.3505859375,-22.8564453125,-89.9658203125
106.6296398,-137.4951171875,-22.5634765625,-92.9443359375
106.674398,-136.4208984375,-21.6845703125,-95.5810546875
106.7056671,-136.7626953125,-20.3662109375,-93.2373046875
106.7218747,-136.0302734375,-20.1220703125,-83.3740234375
106.7698021,-135.1513671875,-19.7802734375,-71.8994140625
106.7981182,-135.1025390625,-18.6083984375,-65.0146484375
106.8134681,-134.5654296875,-18.0224609375,-61.4013671875
106.8525962,-135.4931640625,-17.0458984375,-60.1806640625
106.8787115,-135.7373046875,-16.8994140625,-58.4228515625
106.9020371,-135.8349609375,-16.7041015625,-57.9345703125
106.9380083,-135.9814453125,-15.5810546875,-58.1787109375
106.9645023,-136.7138671875,-15.5810546875,-59.5458984375
107.0039385,-136.9091796875,-15.5322265625,-59.9365234375
107.0232466,-137.4462890625,-15.4833984375,-60.7177734375
107.0599687,-138.6181640625,-15.1904296875,-61.7919921875
107.083059,-138.7158203125,-15.4833984375,-62.7685546875
107.121414,-138.6669921875,-14.7509765625,-64.9658203125
107.1423326,-139.3017578125,-14.7998046875,-67.0654296875
107.1876687,-139.8388671875,-15.1416015625,-69.7021484375
107.2079114,-140.5224609375,-15.6787109375,-72.8271484375
107.2460256,-141.2060546875,-15.7763671875,-75.4638671875
107.2620258,-141.9384765625,-15.7763671875,-78.9306640625
107.3007563,-140.2294921875,-16.5087890625,-81.4697265625
107.3230905,-138.0810546875,-17.0947265625,-85.2783203125
107.3573822,-137.2509765625,-16.1669921875,-88.7939453125
107.3854498,-136.4697265625,-14.8486328125,-87.6708984375
107.4245207,-136.4208984375,-13.2373046875,-79.2724609375
107.4445367,-134.9072265625,-13.1396484375,-67.5048828125
107.4824514,-134.4677734375,-12.9931640625,-58.5205078125
107.5041823,-134.7119140625,-11.8212890625,-52.1240234375
107.5413719,-134.8583984375,-10.8935546875,-48.9990234375
107.5688456,-134.8095703125,-10.3076171875,-47.3388671875
107.6053714,-135.5419921875,-10.0146484375,-44.3603515625
107.6226274,-135.0537109375,-9.6240234375,-44.9462890625
107.6602632,-136.0302734375,-9.7705078125,-45.4345703125
107.6873599,-136.4697265625,-9.2822265625,-45.9228515625
107.725485,-137.2998046875,-9.3798828125,-47.9248046875
107.7458167,-137.9833984375,-8.6962890625,-48.2666015625
107.7971927,-138.2763671875,-8.8916015625,-49.5361328125
107.8173869,-139.3505859375,-8.8427734375,-50.5126953125
107.8380009,-139.3994140625,-9.2822265625,-52.8564453125
107.8735564,-140.3759765625,-9.2822265625,-55.3955078125
107.8971886,-140.2783203125,-9.8681640625,-59.3505859375
107.9361561,-140.5712890625,-9.6728515625,-63.6962890625
107.9594025,-141.7919921875,-10.1611328125,-66.6259765625
107.9979038,-141.3525390625,-10.8935546875,-69.9462890625
108.0160518,-139.7412109375,-11.1376953125,-73.3154296875
108.0550557,-137.4951171875,-11.4794921875,-76.9287109375
108.0777226,-137.0068359375,-11.7724609375,-81.0302734375
108.1173172,-136.4697265625,-10.8935546875,-85.0830078125
108.1377285,-135.9814453125,-8.7939453125,-84.0087890625
108.1753618,-135.1513671875,-8.5986328125,-74.8779296875
108.195379,-134.4189453125,-7.9638671875,-62.7685546875
108.2351858,-134.3701171875,-7.5244140625,-53.8818359375
108.2666991,-134.4189453125,-6.6943359375,-48.2666015625
108.2923507,-135.0537109375,-6.3037109375,-46.0205078125
108.3441827,-134.2724609375,-5.8154296875,-44.0185546875
108.3472785,-135.1025390625,-5.1806640625,-42.1142578125
108.383883,-135.6396484375,-5.2294921875,-41.5283203125
108.4091505,-136.3232421875,-5.1318359375,-42.9931640625
108.4457891,-137.1533203125,-5.2783203125,-44.1650390625
108.4690367,-137.5439453125,-5.7666015625,-44.9462890625
108.5059661,-138.4228515625,-5.5712890625,-46.5087890625
108.5323557,-138.4716796875,-6.3525390625,-47.6806640625
108.5702867,-138.9111328125,-6.6455078125,-50.2685546875
108.589807,-139.3505859375,-6.6943359375,-52.3681640625
108.6270954,-139.9853515625,-7.8662109375,-55.4443359375
108.6504048,-140.1806640625,-8.1103515625,-58.8623046875
108.6919628,-141.0595703125,-8.3056640625,-62.2802734375
108.7117468,-141.9384765625,-9.7705078125,-66.1376953125
108.748134,-141.5478515625,-10.1123046875,-69.8974609375
108.7689267,-139.3505859375,-11.0400390625,-73.7060546875
108.8051705,-137.2021484375,-11.0400390625,-76.8798828125
108.8335138,-136.8115234375,-12.0654296875,-80.8349609375
108.8636901,-135.3955078125,-12.8466796875,-84.6435546875
108.902454,-135.2490234375,-13.7744140625,-88.1591796875
108.9217076,-133.8818359375,-13.8232421875,-92.0654296875
108.9588427,-133.4423828125,-12.3095703125,-94.5068359375
108.9824816,-133.2958984375,-11.7724609375,-87.4267578125
109.019454,-133.5888671875,-12.7978515625,-75.4638671875
109.0435053,-133.7841796875,-12.2119140625,-65.7470703125
109.0838433,-134.1259765625,-12.1142578125,-61.1083984375
109.1067476,-134.2724609375,-11.1865234375,-58.5205078125
109.1329676,-135.1025390625,-10.7958984375,-57.0068359375
109.1694364,-135.7861328125,-11.9189453125,-56.4208984375
109.1959832,-136.4208984375,-12.1142578125,-56.2744140625
109.233092,-136.6162109375,-11.8701171875,-57.2509765625
109.2543442,-137.3486328125,-11.7236328125,-58.6669921875
109.2972549,-138.0322265625,-12.1142578125,-59.4482421875
109.3290148,-138.6181640625,-12.5537109375,-60.0341796875
109.3426683,-138.8134765625,-12.7978515625,-61.3037109375
109.3807366,-139.5458984375,-13.3837890625,-61.9384765625
109.4090825,-140.0830078125,-13.3349609375,-64.3798828125
109.4391665,-140.9130859375,-14.0185546875,-67.0654296875
109.4668482,-141.8408203125,-14.7509765625,-69.3603515625
109.4940264,-142.4755859375,-14.8974609375,-72.4365234375
109.5270381,-143.2568359375,-15.2392578125,-75.6103515625
109.556069,-143.6962890625,-15.5810546875,-78.6865234375
109.5890755,-142.2314453125,-16.5576171875,-81.5185546875
109.6198153,-139.6923828125,-18.5107421875,-84.3994140625
109.6477653,-137.6416015625,-17.7294921875,-88.0615234375
109.6789772,-136.7138671875,-19.4384765625,-90.9423828125
109.7082386,-136.1279296875,-17.8759765625,-93.6767578125
109.7385159,-135.5908203125,-17.3388671875,-91.5771484375
109.7690723,-135.2978515625,-16.7529296875,-81.9091796875
109.7981774,-135.3955078125,-16.3623046875,-70.6298828125
109.8262307,-135.5908203125,-16.3623046875,-63.7939453125
109.8601528,-135.8349609375,-16.2158203125,-61.1572265625
109.8876339,-136.4208984375,-15.4833984375,-60.1806640625
109.9164076,-136.5185546875,-15.5322265625,-59.4482421875
109.950295,-136.2744140625,-15.8740234375,-58.7646484375
109.9786389,-136.1767578125,-15.7275390625,-60.1806640625
110.0114635,-137.2021484375,-15.6787109375,-61.2548828125
110.0400884,-137.0068359375,-15.5810546875,-61.6455078125
110.0692418,-138.2275390625,-15.8740234375,-62.8173828125
110.1024699,-139.1552734375,-16.3134765625,-62.7197265625
110.1298495,-139.5947265625,-16.5576171875,-64.9169921875
110.1634134,-140.5224609375,-17.0947265625,-66.0888671875
110.1923059,-140.7177734375,-16.0693359375,-69.1162109375
110.218838,-140.9619140625,-17.5341796875,-70.9716796875
110.2547559,-142.3291015625,-17.2900390625,-74.5361328125
110.2813998,-142.2314453125,-18.1201171875,-76.9287109375
110.3095561,-142.8173828125,-18.8037109375,-80.2978515625
110.3431448,-142.8662109375,-18.9990234375,-83.0322265625
110.372627,-140.7177734375,-19.5361328125,-85.8642578125
110.400796,-138.6669921875,-18.8525390625,-89.1357421875
110.4310987,-137.7392578125,-17.7783203125,-89.6240234375
110.4609879,-136.9580078125,-17.5830078125,-81.4208984375
110.4906551,-136.5185546875,-16.9970703125,-70.9716796875
110.523259,-136.1767578125,-16.7529296875,-61.7919921875
110.5518154,-136.0791015625,-15.6787109375,-58.0322265625
110.5836663,-136.0302734375,-15.3369140625,-56.5185546875
110.6151142,-136.2744140625,-14.7021484375,-54.9560546875
110.6426217,-135.8837890625,-14.8974609375,-53.4912109375
110.6751244,-136.0791015625,-14.8974609375,-53.4423828125
110.7038115,-136.1767578125,-14.9462890625,-54.7607421875
110.7366964,-136.7138671875,-14.3603515625,-55.9326171875
110.7648664,-137.7392578125,-15.5810546875,-57.2509765625
110.7927336,-137.8857421875,-14.9462890625,-57.7392578125
110.8217516,-138.2275390625,-15.2880859375,-59.0576171875
110.8547823,-139.3017578125,-15.4345703125,-60.4248046875
110.8832545,-139.6435546875,-14.9462890625,-62.2314453125
110.9175234,-140.1806640625,-15.7275390625,-65.0634765625
110.9451082,-140.2294921875,-15.5322265625,-67.6513671875
110.9735051,-141.0595703125,-16.2158203125,-71.1181640625
111.0236041,-141.7431640625,-16.3623046875,-74.1455078125
111.034058,-141.5478515625,-16.7041015625,-77.3193359375
111.0870599,-141.6455078125,-17.2412109375,-80.0048828125
111.0963528,-138.2275390625,-18.0224609375,-83.6669921875
111.1249835,-137.2509765625,-18.6572265625,-86.3525390625
111.1583034,-136.4208984375,-19.1943359375,-90.1123046875
111.1957062,-135.6396484375,-17.6318359375,-91.6259765625
111.2161757,-135.1513671875,-16.7529296875,-85.9130859375
111.2460407,-134.5166015625,-16.1181640625,-75.2685546875
111.2784096,-134.6142578125,-15.6787109375,-65.7470703125
111.3100889,-134.0283203125,-15.5810546875,-61.1572265625
111.3383765,-134.7607421875,-15.7763671875,-58.8623046875
111.3755033,-134.8583984375,-14.8974609375,-57.9833984375
111.3958656,-135.2490234375,-15.0439453125,-55.4931640625
111.4399203,-134.9072265625,-14.8486328125,-55.0537109375
111.4552168,-135.6884765625,-14.5556640625,-56.5673828125
111.4999159,-136.5673828125,-14.2138671875,-57.6904296875
111.5171992,-137.0068359375,-14.7998046875,-57.8857421875
111.546567,-138.1298828125,-14.7021484375,-58.7646484375
111.5854183,-138.3740234375,-15.1416015625,-60.1318359375
111.6076014,-139.4970703125,-15.5322265625,-61.2548828125
111.6382135,-139.5458984375,-14.8974609375,-63.9404296875
111.674695,-140.1806640625,-15.7763671875,-65.8935546875
111.6987503,-140.2783203125,-16.4599609375,-68.6767578125
111.7369093,-141.1083984375,-16.5087890625,-71.5087890625
111.7576274,-141.3037109375,-16.8994140625,-75.4638671875
111.788234,-142.1826171875,-17.1435546875,-78.0029296875
111.82475,-142.0849609375,-17.5830078125,-81.2255859375
111.8513728,-139.7900390625,-18.2666015625,-83.6181640625
111.8897544,-138.0810546875,-19.0966796875,-87.0361328125
111.9107033,-136.9580078125,-19.5849609375,-89.6240234375
111.9445988,-136.1279296875,-20.4638671875,-93.3837890625
111.9675592,-135.7861328125,-20.0732421875,-96.5576171875
112.0043518,-135.5419921875,-19.0478515625,-95.1416015625
112.0301096,-134.7119140625,-18.9013671875,-85.1318359375
112.067707,-134.2236328125,-19.1943359375,-75.4150390625
112.0914828,-134.5654296875,-18.5595703125,-69.2626953125
112.1286915,-134.0771484375,-18.5107421875,-66.1865234375
112.1524944,-134.6142578125,-18.8525390625,-66.0888671875
112.1920493,-134.7607421875,-18.8525390625,-64.5751953125
112.2121128,-135.9326171875,-18.8037109375,-63.5986328125
112.2519628,-136.3232421875,-18.8525390625,-64.5263671875
112.2722939,-136.8603515625,-19.5849609375,-64.7216796875
112.3097435,-137.8369140625,-20.0244140625,-66.1865234375
112.3309965,-137.9345703125,-19.8291015625,-67.4560546875
112.3679165,-138.7646484375,-20.0244140625,-67.9931640625
112.3942736,-139.3505859375,-21.2451171875,-69.0673828125
112.4305369,-139.6923828125,-21.2451171875,-70.1904296875
112.4571415,-140.0341796875,-22.1240234375,-72.2412109375
112.4823225,-140.7177734375,-22.5634765625,-75.7080078125
112.5180717,-141.4013671875,-23.6376953125,-78.2470703125
112.5425197,-141.7431640625,-23.9306640625,-80.9326171875
112.5799074,-143.6962890625,-24.4189453125,-84.4970703125
112.6036601,-144.0869140625,-25.1513671875,-86.3525390625
112.6392971,-143.1103515625,-25.6396484375,-89.1357421875
112.6644644,-139.7900390625,-26.8603515625,-92.9931640625
112.7016123,-138.2763671875,-27.6416015625,-95.5322265625
112.7249536,-136.6650390625,-26.8603515625,-98.9501953125
112.7596345,-136.0791015625,-25.7373046875,-99.6337890625
112.7829137,-135.3955078125,-26.1279296875,-92.2119140625
112.8186712,-134.8583984375,-26.2255859375,-82.2998046875
112.8437987,-134.5654296875,-25.7373046875,-75.3662109375
112.8793132,-135.3466796875,-25.4443359375,-72.1923828125
112.9069616,-135.3466796875,-25.2978515625,-71.1669921875
112.9427961,-135.6396484375,-25.4443359375,-71.0205078125
112.9681731,-136.0302734375,-26.0791015625,-70.2392578125
113.0052042,-136.7138671875,-26.0302734375,-71.6064453125
113.02879,-137.2021484375,-26.2744140625,-72.3388671875
113.0590491,-137.4951171875,-26.3720703125,-74.4873046875
113.0970558,-138.2275390625,-27.0556640625,-74.3896484375
113.1159624,-138.4716796875,-27.1044921875,-74.5361328125
113.1530659,-139.0087890625,-27.1044921875,-75.5615234375
113.1777513,-139.6923828125,-27.7880859375,-76.9775390625
113.2141234,-140.3759765625,-27.4462890625,-79.7119140625
113.2384032,-140.7666015625,-27.7880859375,-81.9091796875
113.2773587,-141.5966796875,-28.7158203125,-84.1064453125
113.3016587,-142.6708984375,-28.4228515625,-87.1337890625
113.3389237,-143.5498046875,-29.0087890625,-90.4052734375
113.3616993,-144.4287109375,-29.6923828125,-92.3583984375
113.4001813,-143.8427734375,-30.2294921875,-95.3857421875
113.4192244,-142.0849609375,-29.4482421875,-98.1201171875
113.4574565,-139.8876953125,-28.4716796875,-98.2177734375
113.4796405,-138.8134765625,-27.9345703125,-91.3818359375
113.5175558,-137.9345703125,-27.7880859375,-81.3232421875
113.5398439,-137.4462890625,-26.8603515625,-73.4130859375
113.5764672,-137.0556640625,-26.6162109375,-69.6044921875
113.6028457,-136.5185546875,-25.5419921875,-68.4326171875
113.6315947,-136.8115234375,-26.2744140625,-67.5048828125
113.669987,-137.3486328125,-26.1767578125,-66.8701171875
113.6919808,-137.7880859375,-25.4443359375,-67.8466796875
113.7396806,-137.9345703125,-25.8349609375,-68.6279296875
113.7498624,-137.8369140625,-25.2490234375,-69.7021484375
113.7864459,-137.9345703125,-25.8837890625,-69.8974609375
113.8186833,-138.5693359375,-25.7861328125,-70.6787109375
113.8415651,-139.4482421875,-25.7373046875,-71.4599609375
113.8787821,-140.3271484375,-25.5419921875,-72.9248046875
113.9025804,-140.1806640625,-26.5673828125,-75.4638671875
113.9399928,-140.7666015625,-26.5185546875,-78.1982421875
113.9617419,-141.4990234375,-26.6650390625,-79.9072265625
113.9988594,-141.7919921875,-26.3720703125,-83.0810546875
114.0261113,-142.9150390625,-27.4462890625,-87.0361328125
114.0647793,-143.5009765625,-27.8857421875,-89.2822265625
114.0820533,-143.4521484375,-26.9091796875,-92.3095703125
114.1191151,-141.0107421875,-25.8349609375,-92.7978515625
114.1412315,-139.3505859375,-25.3955078125,-86.1083984375
114.178312,-138.7646484375,-24.2724609375,-74.4384765625
114.2039024,-137.5927734375,-24.4677734375,-65.1123046875
114.2411701,-137.2509765625,-23.2470703125,-59.4970703125
114.2625597,-137.0556640625,-23.3935546875,-55.8349609375
114.3005627,-136.5673828125,-22.7587890625,-53.6865234375
114.3230457,-136.8115234375,-22.2216796875,-51.2939453125
114.3605952,-136.9580078125,-22.3193359375,-51.4404296875
114.3853532,-137.2509765625,-22.9541015625,-51.5869140625
114.422996,-137.2998046875,-22.5634765625,-53.6376953125
114.4467098,-137.7392578125,-22.4169921875,-54.5166015625
114.4747754,-138.5205078125,-22.4658203125,-54.7119140625
114.5138196,-139.1064453125,-22.6611328125,-55.8837890625
114.5374922,-139.7412109375,-23.0517578125,-56.6650390625
114.5656068,-140.5224609375,-23.0517578125,-58.9111328125
114.5979051,-141.1083984375,-23.5888671875,-61.9384765625
114.6275095,-141.5966796875,-23.8330078125,-63.6962890625
114.6567634,-141.9873046875,-23.9306640625,-67.7001953125
114.693362,-142.1337890625,-24.1259765625,-71.0205078125
114.7157566,-142.7685546875,-24.6630859375,-74.1455078125
114.7440563,-143.4033203125,-25.4443359375,-78.1982421875
114.7866105,-141.8896484375,-25.7373046875,-81.6650390625
114.8060497,-139.7900390625,-24.5166015625,-84.8388671875
114.8348112,-138.5205078125,-23.3935546875,-81.9580078125
114.8681486,-137.6416015625,-23.7353515625,-71.7529296875
114.8960888,-137.1533203125,-22.6611328125,-60.3271484375
114.9346857,-137.1533203125,-22.6123046875,-52.3193359375
114.9581775,-136.9091796875,-21.5869140625,-47.5830078125
114.9862349,-136.3232421875,-21.0009765625,-45.5810546875
115.0243888,-136.7626953125,-21.0986328125,-43.0908203125
115.0492741,-136.5673828125,-21.0498046875,-41.3818359375
115.0827034,-136.6162109375,-20.8056640625,-42.0166015625
115.1110223,-136.8115234375,-20.3173828125,-43.1884765625
115.1379397,-137.4951171875,-20.7080078125,-43.8232421875
115.1724054,-137.7392578125,-21.5869140625,-45.3369140625
115.2004568,-138.8623046875,-20.9521484375,-45.9716796875
115.2300241,-139.7900390625,-21.9775390625,-47.8271484375
115.2613079,-140.0341796875,-22.0751953125,-51.0498046875
115.2899371,-141.1083984375,-22.4658203125,-53.5400390625
115.3172957,-141.4990234375,-23.1982421875,-57.1533203125
115.3516029,-141.6455078125,-24.2236328125,-60.0830078125
115.3777032,-141.6943359375,-25.2001953125,-64.2333984375
115.4148676,-141.8408203125,-25.9814453125,-68.4814453125
115.4413401,-143.0615234375,-26.4208984375,-72.2412109375
115.4711916,-143.3544921875,-26.9091796875,-76.0009765625
115.503584,-141.3037109375,-27.8369140625,-79.7607421875
115.5323798,-139.2529296875,-28.4228515625,-83.5693359375
115.5603674,-138.2275390625,-29.4970703125,-87.6220703125
115.5924387,-137.5439453125,-29.6923828125,-91.3818359375
115.6221029,-136.4208984375,-29.8876953125,-95.5322265625
115.6546922,-136.6650390625,-29.9853515625,-99.6826171875
115.6851564,-135.2978515625,-28.5693359375,-102.8564453125
115.7109886,-135.5419921875,-27.8369140625,-96.5087890625
115.7455732,-136.7138671875,-28.3740234375,-84.4970703125
115.7729597,-136.0302734375,-28.2763671875,-73.1689453125
115.8017999,-136.4697265625,-27.6416015625,-67.7978515625
115.835525,-137.3486328125,-27.4951171875,-65.9912109375
115.8627654,-137.7880859375,-27.6416015625,-65.5029296875
115.8909584,-138.6669921875,-27.9345703125,-64.3798828125
115.9249969,-139.2041015625,-27.4462890625,-64.4775390625
115.9520527,-139.3505859375,-27.5439453125,-64.7216796875
115.9828648,-140.2783203125,-27.4462890625,-66.4794921875
116.0150274,-140.7177734375,-27.6416015625,-67.4072265625
116.0441404,-141.1083984375,-27.9833984375,-68.3349609375
116.0776931,-142.3779296875,-28.1787109375,-69.0673828125
116.1063396,-143.2080078125,-28.7158203125,-71.1181640625
116.1333657,-143.2568359375,-28.7646484375,-72.8271484375
116.1655987,-144.2822265625,-29.2529296875,-75.5615234375
116.1933324,-145.4052734375,-29.7900390625,-78.1982421875
116.2289569,-145.6494140625,-29.4970703125,-81.5185546875
116.2559723,-146.1865234375,-29.8388671875,-84.4970703125
116.2856517,-147.1630859375,-30.7666015625,-87.2802734375
116.327564,-147.4072265625,-31.2060546875,-89.9169921875
116.3480655,-147.0166015625,-32.0361328125,-93.3349609375
116.3761718,-144.0869140625,-31.4990234375,-96.1181640625
116.4081859,-141.3525390625,-30.8642578125,-99.4384765625
116.4359303,-140.5712890625,-29.7900390625,-99.7802734375
116.4775934,-140.0341796875,-29.1552734375,-91.5771484375
116.4971749,-138.9111328125,-28.8134765625,-80.9814453125
116.5294481,-139.0087890625,-28.3251953125,-73.3154296875
116.565973,-138.7646484375,-27.5439453125,-69.2138671875
116.58968,-138.8134765625,-27.7880859375,-68.4814453125
116.6176847,-139.0576171875,-27.1533203125,-68.9697265625
116.6494833,-140.1806640625,-27.3486328125,-68.1884765625
116.6775563,-139.4970703125,-26.1767578125,-68.8232421875
116.7069991,-140.0341796875,-25.9814453125,-70.2880859375
116.7394627,-140.4248046875,-25.9326171875,-72.3388671875
116.7688055,-140.6689453125,-25.9326171875,-73.0712890625
116.7990404,-141.1083984375,-26.1279296875,-73.0224609375
116.846922,-142.0849609375,-25.9326171875,-74.3896484375
116.859785,-142.2802734375,-25.7861328125,-76.1474609375
116.8987907,-143.0615234375,-25.7373046875,-79.3701171875
116.9216991,-143.1591796875,-25.9814453125,-81.6162109375
116.956253,-143.7451171875,-25.9814453125,-84.4970703125
116.9822184,-144.4775390625,-26.7626953125,-87.8662109375
117.0120334,-145.0146484375,-27.1533203125,-90.6982421875
117.0383734,-145.9912109375,-26.9580078125,-95.0439453125
117.0774772,-146.3330078125,-27.5927734375,-97.4365234375
117.0994727,-145.4541015625,-26.5673828125,-101.1474609375
117.136412,-142.4267578125,-25.4931640625,-99.6337890625
117.1625407,-140.4736328125,-24.2724609375,-90.6005859375
117.1921844,-139.9853515625,-23.6376953125,-79.9072265625
117.229839,-139.9365234375,-23.0517578125,-71.8505859375
117.2517333,-139.0576171875,-22.2216796875,-68.5302734375
117.2894459,-138.8134765625,-21.9287109375,-66.6259765625
117.3120539,-138.2275390625,-20.7568359375,-64.9658203125
117.3430967,-138.5693359375,-20.8056640625,-63.8427734375
117.3752048,-139.0576171875,-21.0986328125,-63.7939453125
117.4021174,-139.0576171875,-20.2685546875,-64.6240234375
117.452941,-139.1552734375,-20.0244140625,-66.0888671875
117.4640565,-139.4482421875,-20.0244140625,-66.6748046875
117.4919195,-139.8876953125,-19.7802734375,-68.1884765625
117.5299832,-140.5712890625,-19.9267578125,-68.7744140625
117.5532345,-140.9130859375,-19.9755859375,-70.2392578125
117.5822331,-141.6455078125,-20.2685546875,-72.6318359375
117.6215354,-142.4755859375,-20.0732421875,-74.7802734375
117.6434266,-142.2314453125,-20.1708984375,-78.6376953125
117.6807551,-142.8662109375,-21.0498046875,-81.8603515625
117.7019053,-143.1103515625,-21.2451171875,-84.9853515625
117.737838,-144.2822265625,-22.0263671875,-87.4267578125
117.763597,-144.4775390625,-22.0263671875,-91.3330078125
117.8000399,-144.2333984375,-22.7099609375,-94.2138671875
117.8258612,-140.8154296875,-21.2939453125,-97.4853515625
117.8539112,-139.4482421875,-20.4150390625,-97.0947265625
117.8923313,-138.7646484375,-19.4873046875,-87.8662109375
117.9142228,-138.5693359375,-18.4130859375,-76.4404296875
117.9524508,-137.9833984375,-17.8759765625,-67.6025390625
117.9772505,-137.7392578125,-17.6318359375,-63.2080078125
118.0058914,-137.3486328125,-16.8017578125,-61.1572265625
118.0344043,-137.2509765625,-16.1669921875,-58.7158203125
118.0734048,-137.4462890625,-15.2880859375,-57.0556640625
118.0931807,-137.2509765625,-15.5322265625,-56.7138671875
118.1287853,-138.0322265625,-15.6298828125,-58.1298828125
118.1570259,-138.0322265625,-14.7998046875,-58.7646484375
118.1854928,-138.4228515625,-14.7998046875,-60.3271484375
118.2217142,-139.4970703125,-14.9951171875,-60.7177734375
118.2471535,-140.2783203125,-14.9951171875,-61.4013671875
118.2763931,-140.6201171875,-15.1416015625,-63.0126953125
118.3128261,-141.4013671875,-15.7275390625,-64.9658203125
118.338003,-142.5732421875,-15.7763671875,-67.7490234375
118.3759427,-142.8662109375,-16.8505859375,-70.6787109375
118.3971281,-142.8173828125,-17.2900390625,-74.6826171875
118.4325509,-143.2568359375,-17.8271484375,-77.5146484375
118.4586662,-143.9404296875,-18.4619140625,-80.8837890625
118.4901308,-144.8681640625,-19.4384765625,-83.7646484375
118.5214969,-144.2822265625,-20.0244140625,-86.6455078125
118.5586807,-141.8408203125,-20.2685546875,-89.9658203125
118.578976,-139.8876953125,-20.2197265625,-93.6279296875
118.6048497,-139.0576171875,-19.3896484375,-94.7021484375
118.6415594,-138.0810546875,-18.6572265625,-86.8408203125
118.6682742,-136.8603515625,-18.3154296875,-76.2939453125
118.7018576,-136.5185546875,-18.2177734375,-66.5771484375
118.7296879,-136.7138671875,-18.1201171875,-60.8642578125
118.7674865,-136.2255859375,-17.6318359375,-58.6669921875
118.7918217,-136.2744140625,-17.0947265625,-57.9833984375
118.8212963,-136.7138671875,-17.6806640625,-56.6650390625
118.8492606,-137.0556640625,-17.0947265625,-55.9814453125
118.8853398,-137.6416015625,-17.3388671875,-56.9580078125
118.9092188,-137.6416015625,-17.5830078125,-58.3740234375
118.9426592,-138.4228515625,-18.2666015625,-59.7412109375
118.9698635,-138.8134765625,-18.4130859375,-60.1806640625
119.0100586,-139.8876953125,-18.8525390625,-61.2548828125
119.0338256,-140.2783203125,-18.8525390625,-62.6220703125
119.0618212,-140.6201171875,-19.1943359375,-65.3076171875
119.0990671,-141.1572265625,-19.8291015625,-67.1142578125
119.1220274,-141.8896484375,-20.2685546875,-70.9228515625
119.1601368,-142.0849609375,-21.0009765625,-73.9990234375
119.180315,-142.8662109375,-21.2451171875,-77.6611328125
119.2179033,-143.7451171875,-21.6357421875,-81.3232421875
119.2410885,-144.6240234375,-22.6123046875,-84.6435546875
119.2772052,-144.7216796875,-23.7353515625,-87.6220703125
119.3030117,-143.4521484375,-24.0283203125,-91.4794921875
119.3312363,-141.0107421875,-22.7587890625,-95.2392578125
119.3647077,-139.6923828125,-22.2216796875,-96.2646484375
119.3930464,-138.9111328125,-22.8564453125,-87.8662109375
119.4333589,-138.6669921875,-22.0751953125,-77.1728515625
119.4540088,-137.4462890625,-21.1474609375,-69.1650390625
119.4913924,-136.9580078125,-21.4404296875,-66.3330078125
119.5176701,-137.0556640625,-20.5126953125,-64.9169921875
119.5438009,-137.2021484375,-20.5615234375,-64.4287109375
119.5739956,-137.7880859375,-20.3662109375,-64.4287109375
119.6125787,-137.2998046875,-19.9755859375,-65.3564453125
119.6325069,-138.7158203125,-20.9033203125,-67.4560546875
119.6701143,-138.9111328125,-20.5615234375,-69.1162109375
119.6967459,-139.5458984375,-20.3173828125,-69.3603515625
119.7252178,-139.7900390625,-20.6103515625,-70.3857421875
119.7629066,-140.7177734375,-20.3173828125,-72.7783203125
119.78518,-141.3525390625,-21.3427734375,-74.8291015625
119.822012,-141.7919921875,-21.2451171875,-76.6845703125
119.8485577,-141.9384765625,-21.1962890625,-79.8583984375
119.8759059,-142.6220703125,-21.8798828125,-83.3251953125
119.9048898,-143.0615234375,-22.0263671875,-86.9384765625
119.9418717,-143.6962890625,-22.7587890625,-90.4052734375
119.9659932,-144.7705078125,-23.4912109375,-93.6767578125
119.9943689,-145.6982421875,-23.6376953125,-96.9482421875
120.0325627,-145.1611328125,-23.3935546875,-100.9521484375
120.0576541,-144.0380859375,-22.3681640625,-103.4423828125
