Timestamp,PPG_Forehead,PPG_Earlobe,PPG_Finger
0.00295030000000018,0.41015625,0.185546875,0.185546875
0.0257632000000001,1.2158203125,0.185546875,0.185546875
0.0266929,0.3564453125,0.185546875,0.185546875
0.0296311999999999,0.41015625,0.185546875,0.185546875
0.0337136999999998,1.2158203125,0.185546875,0.185546875
0.0344920000000002,0.3564453125,0.185546875,0.185546875
0.0375945,0.41015625,86.4599609375,82.5048828125
0.0382224,1.2158203125,27.5537109375,-47.6806640625
0.0426994000000001,0.3564453125,27.7978515625,-52.6123046875
0.0433129999999999,0.41015625,25.8935546875,-62.8662109375
0.0454265,1.2158203125,23.2080078125,-73.4619140625
0.0484330000000002,0.3564453125,19.5947265625,-83.2275390625
0.0516097000000002,0.41015625,18.1787109375,-95.2880859375
0.0546568999999999,1.2158203125,15.9326171875,-98.3154296875
0.0576422999999999,0.3564453125,14.8583984375,-94.9462890625
0.0605324,0.41015625,14.1748046875,-91.7236328125
0.0634934,1.2158203125,13.7353515625,-99.1455078125
0.066484,0.3564453125,13.0517578125,-101.6845703125
0.0695065000000001,0.41015625,13.9306640625,-106.0791015625
0.0724664000000002,1.2158203125,14.5166015625,-109.8876953125
0.07755,0.3564453125,12.3681640625,-113.7939453125
0.0780441999999999,0.41015625,10.7568359375,-117.1630859375
0.0805845999999999,1.2158203125,10.2197265625,-122.1923828125
0.0834448999999999,0.3564453125,9.1455078125,-127.6611328125
0.0868201000000002,0.41015625,8.4619140625,-131.3232421875
0.0896037000000001,1.2158203125,7.5830078125,-136.4501953125
0.0900577,0.3564453125,6.7041015625,-140.1123046875
0.0926038,0.41015625,5.3857421875,-147.0458984375
0.0969319,1.2158203125,6.1181640625,-150.6591796875
0.0975100000000002,0.3564453125,6.7041015625,-115.3564453125
0.0999376000000001,0.41015625,7.2412109375,-65.3076171875
0.1029502,1.2158203125,7.4853515625,-39.6728515625
0.10593,0.3564453125,6.7041015625,-33.0322265625
0.1089127,0.41015625,7.2412109375,-34.7900390625
0.1131675,1.2158203125,6.9970703125,-38.9892578125
0.113645,0.3564453125,7.2900390625,-43.0419921875
0.1162301,0.41015625,6.4599609375,-47.0458984375
0.1193198,1.2158203125,5.4833984375,-57.3486328125
0.1222443,0.3564453125,5.6787109375,-69.3115234375
0.125221,0.41015625,7.0947265625,-75.8056640625
0.1284412,1.2158203125,6.7529296875,-76.2939453125
0.1324445,0.3564453125,7.6318359375,-75.7080078125
0.1330691,0.41015625,8.1201171875,-76.6357421875
0.1336263,1.2158203125,8.3642578125,-81.0791015625
0.1362265,0.3564453125,6.9482421875,-89.0869140625
0.1391834,0.41015625,5.4345703125,-99.0478515625
0.1420611,1.2158203125,2.6025390625,-111.2548828125
0.1439426,0.3564453125,0.5517578125,-123.7548828125
0.1460507,0.41015625,-2.0849609375,-132.1533203125
0.1482878,1.2158203125,-3.7939453125,-135.4736328125
0.1535182,0.3564453125,-5.5517578125,-138.0615234375
0.1539468,0.41015625,-5.6982421875,-142.1142578125
0.1586048,1.2158203125,-4.7705078125,-145.7275390625
0.1590816,0.3564453125,-1.5966796875,-133.1787109375
0.1616675,0.41015625,1.6748046875,-77.5634765625
0.1645721,1.2158203125,3.0419921875,-41.4306640625
0.1688796,0.3564453125,3.0908203125,-30.2001953125
0.1692903,0.41015625,4.7998046875,-30.7373046875
0.1719715,1.2158203125,6.8505859375,-35.4248046875
0.1770823,0.3564453125,10.0244140625,-39.4287109375
0.1774854,0.41015625,12.2216796875,-40.7470703125
0.1799093,1.2158203125,12.8564453125,-46.5087890625
0.1829889,0.3564453125,14.4677734375,-61.2548828125
0.1872874,0.41015625,16.3232421875,-71.5576171875
0.1877755,1.2158203125,16.8603515625,-74.7314453125
0.1902884,0.3564453125,18.1298828125,-75.1220703125
0.1945963,0.41015625,17.2509765625,-74.4384765625
0.1950433,1.2158203125,15.1025390625,-76.6845703125
0.1987089,0.3564453125,12.3193359375,-81.7626953125
0.2018302,0.41015625,11.0009765625,-90.6005859375
0.2022527,1.2158203125,10.7080078125,-96.4111328125
0.2048028,0.3564453125,11.0009765625,-101.9287109375
0.2091725,0.41015625,11.6845703125,-107.0068359375
0.2096214,1.2158203125,12.0751953125,-112.4755859375
0.2121898,0.3564453125,11.9775390625,-118.4814453125
0.2163778,0.41015625,11.3427734375,-123.3154296875
0.2167803,1.2158203125,11.4404296875,-126.8310546875
0.2194654,0.3564453125,11.6357421875,-117.7978515625
0.2224394,0.41015625,12.3193359375,-69.2626953125
0.2254461,1.2158203125,12.5146484375,-35.6201171875
0.2298432,0.3564453125,12.7099609375,-25.2685546875
0.2304132,0.41015625,14.2724609375,-27.4169921875
0.2337383,1.2158203125,15.6884765625,-34.9853515625
0.2360956,0.3564453125,15.4443359375,-42.8466796875
0.2391755,0.41015625,13.5888671875,-49.0966796875
0.239604,1.2158203125,11.6357421875,-59.0087890625
0.2422305,0.3564453125,9.9755859375,-69.4580078125
0.2464175,0.41015625,8.8525390625,-70.0439453125
0.2468764,1.2158203125,7.8759765625,-66.1865234375
0.2495544,0.3564453125,7.8271484375,-64.5263671875
0.2524975,0.41015625,7.5341796875,-65.4541015625
0.2554666,1.2158203125,6.3134765625,-70.4345703125
0.2584599,0.3564453125,5.1904296875,-77.9541015625
0.2614321,0.41015625,3.6767578125,-85.0830078125
0.2647215,1.2158203125,3.2861328125,-91.2353515625
0.2674437,0.3564453125,2.7490234375,-97.5341796875
0.2704255,0.41015625,2.5537109375,-102.5634765625
0.2754325,1.2158203125,0.9912109375,-108.6669921875
0.2759257,0.3564453125,-1.0595703125,-115.7470703125
0.2783487,0.41015625,-2.5732421875,-120.0439453125
0.2825132,1.2158203125,-0.9619140625,-111.6943359375
0.2830044,0.3564453125,-0.0830078125,-59.0087890625
0.2853761,0.41015625,2.1142578125,-26.4892578125
0.2890927,1.2158203125,2.7001953125,-16.2841796875
0.291463,0.3564453125,5.9716796875,-15.5517578125
0.294362,0.41015625,8.9013671875,-18.9208984375
0.2986472,1.2158203125,9.5361328125,-21.9482421875
0.2990828,0.3564453125,9.6826171875,-23.4130859375
0.3025335,0.41015625,9.4384765625,-26.0986328125
0.3054502,1.2158203125,8.7060546875,-34.6435546875
0.3059147,0.3564453125,7.7294921875,-39.9658203125
0.3116778,0.41015625,7.0458984375,-41.2841796875
0.3120846,1.2158203125,6.6064453125,-40.0146484375
0.3156193,0.3564453125,6.8994140625,-41.1865234375
0.318589,0.41015625,6.6064453125,-45.6787109375
0.3215821,1.2158203125,8.5595703125,-53.2470703125
0.3258903,0.3564453125,10.2197265625,-61.1572265625
0.3263089,0.41015625,11.0498046875,-68.2373046875
0.3287924,1.2158203125,11.9287109375,-77.3193359375
0.3338428,0.3564453125,10.9033203125,-87.2802734375
0.3342796,0.41015625,10.3173828125,-96.9482421875
0.3367812,1.2158203125,9.7802734375,-104.6142578125
0.3410789,0.3564453125,9.9267578125,-110.8642578125
0.3415064,0.41015625,9.4384765625,-115.9423828125
0.3450931,1.2158203125,12.8076171875,-105.4931640625
0.3473266,0.3564453125,15.9814453125,-51.7333984375
0.3511329,0.41015625,18.2763671875,-19.1650390625
0.35415,1.2158203125,20.9619140625,-11.0107421875
0.3545648,0.3564453125,23.2568359375,-13.3544921875
0.3571775,0.41015625,25.3076171875,-18.2861328125
0.3601497,1.2158203125,25.4541015625,-22.1923828125
0.3644268,0.3564453125,24.8681640625,-23.6572265625
0.3664794,0.41015625,23.9892578125,-28.6865234375
0.3693508,1.2158203125,22.8662109375,-40.4052734375
0.3723444,0.3564453125,22.2314453125,-48.3642578125
0.3752799,0.41015625,21.8896484375,-49.9755859375
0.380435,1.2158203125,21.1572265625,-50.3173828125
0.3810515,0.3564453125,20.6689453125,-51.0986328125
0.3854431,0.41015625,19.3017578125,-55.2001953125
0.3858467,1.2158203125,18.7646484375,-61.5478515625
0.3885191,0.3564453125,17.9345703125,-68.9697265625
0.391526,0.41015625,16.7138671875,-76.5869140625
0.3963806,1.2158203125,14.8583984375,-83.9111328125
0.3970028,0.3564453125,13.1982421875,-90.2099609375
0.4005558,0.41015625,10.7568359375,-96.4111328125
0.4032715,1.2158203125,10.0244140625,-101.9775390625
0.4074588,0.3564453125,8.6083984375,-107.8857421875
0.407868,0.41015625,7.4365234375,-113.7939453125
0.4105258,1.2158203125,7.9248046875,-118.2861328125
0.4155929,0.3564453125,9.8291015625,-98.7548828125
0.4160123,0.41015625,11.0498046875,-44.3115234375
0.4206811,1.2158203125,11.6357421875,-19.2626953125
0.4210818,0.3564453125,12.2216796875,-13.4521484375
0.423768,0.41015625,12.0263671875,-17.5537109375
0.4268455,1.2158203125,13.2470703125,-25.1708984375
0.4298001,0.3564453125,13.1494140625,-31.4697265625
0.432743,0.41015625,12.4169921875,-36.0595703125
0.4356831,1.2158203125,11.5380859375,-47.6806640625
0.4399585,0.3564453125,11.5869140625,-57.2021484375
0.4403603,0.41015625,11.2451171875,-57.8369140625
0.4430317,1.2158203125,10.9033203125,-55.0537109375
0.4460817,0.3564453125,10.0732421875,-53.4423828125
0.4493267,0.41015625,8.7060546875,-55.4443359375
0.452118,1.2158203125,8.8525390625,-61.2060546875
0.4525269,0.3564453125,7.1435546875,-69.9951171875
0.4572251,0.41015625,6.8505859375,-77.8076171875
0.4577229,1.2158203125,5.4833984375,-84.8876953125
0.4603042,0.3564453125,5.0927734375,-91.6259765625
0.4633858,0.41015625,4.1162109375,-97.6806640625
0.4662701,1.2158203125,2.8466796875,-103.1982421875
0.4692795,0.3564453125,0.9912109375,-109.0087890625
0.4723098,0.41015625,0.5029296875,-114.5263671875
0.4752871,1.2158203125,0.2099609375,-117.4072265625
0.4802558,78.3642578125,1.2353515625,-93.7744140625
0.4805152,79.3896484375,2.9443359375,-37.1826171875
0.4807546,80.4150390625,3.6767578125,-12.9150390625
0.4809929,81.0009765625,4.7021484375,-6.7138671875
0.4812312,80.8056640625,4.7998046875,-8.6669921875
0.4815165,80.3173828125,5.3369140625,-13.6962890625
0.4817553,80.1220703125,5.5810546875,-17.2607421875
0.481993,80.7568359375,4.5068359375,-18.2373046875
0.4822329,80.3173828125,4.3603515625,-26.4404296875
0.4825009,80.1708984375,2.7490234375,-37.0849609375
0.4827877,79.5849609375,2.5537109375,-42.8466796875
0.4830254,78.9990234375,1.9189453125,-43.1396484375
0.4832699,77.5830078125,1.4306640625,-42.3583984375
0.483554,76.3623046875,0.5029296875,-43.4326171875
0.4838044,75.6787109375,-0.9130859375,-48.8037109375
0.4840417,74.6044921875,-1.4501953125,-56.8115234375
0.4842797,75.3369140625,-3.0615234375,-64.2333984375
0.4845377,75.9228515625,-3.3056640625,-71.8994140625
0.4847795,75.9716796875,-4.8193359375,-79.2724609375
0.4850198,74.7021484375,-5.3076171875,-85.4736328125
0.4852583,73.3349609375,-6.5283203125,-90.9912109375
0.4855228,74.0673828125,-7.7978515625,-96.4111328125
0.4857965,76.2158203125,-8.6767578125,-101.6357421875
0.4860356,77.8759765625,-9.7509765625,-107.1044921875
0.4862735,79.9755859375,-10.2880859375,-108.6669921875
0.4865278,82.0751953125,-8.7744140625,-66.0400390625
0.4867716,84.6630859375,-8.9697265625,-16.3818359375
0.4870092,86.8115234375,-8.7744140625,0.9033203125
0.4872465,86.3232421875,-8.8720703125,4.1259765625
0.4874937,85.7373046875,-8.2373046875,-0.0732421875
0.4877348,84.9072265625,-7.7001953125,-5.5908203125
0.4879714,84.2724609375,-7.5537109375,-7.9833984375
0.4882082,83.2470703125,-7.8955078125,-10.8642578125
0.488458,82.7587890625,-8.0419921875,-21.2158203125
0.488736,81.2451171875,-7.7490234375,-31.2255859375
0.488971,80.1708984375,-8.4814453125,-36.3037109375
0.4892065,79.3896484375,-8.9697265625,-36.3525390625
0.4894519,78.9990234375,-9.2138671875,-35.3271484375
0.4896855,77.7294921875,-9.8974609375,-38.2568359375
0.4899208,78.0224609375,-11.0205078125,-45.2392578125
0.4901551,76.6552734375,-11.6552734375,-54.2724609375
0.4904069,75.3369140625,-12.5830078125,-62.6220703125
0.4907122,74.5556640625,-12.7294921875,-70.4833984375
0.4909525,73.5302734375,-13.8525390625,-77.3193359375
0.491187,72.6513671875,-15.0244140625,-83.7646484375
0.4914368,74.0185546875,-15.6591796875,-90.4541015625
0.4916829,77.1923828125,-16.9775390625,-96.6552734375
0.4919222,79.9755859375,-18.1494140625,-101.4892578125
0.492156,82.3681640625,-18.3935546875,-105.9326171875
0.4924045,83.4912109375,-17.3681640625,-79.3701171875
0.4926407,83.8330078125,-17.3193359375,-22.8759765625
0.4928746,83.1005859375,-16.4404296875,2.2705078125
0.4931091,82.2216796875,-16.9287109375,8.4716796875
0.4933472,80.8544921875,-16.6845703125,4.5166015625
0.4936386,80.6103515625,-16.2939453125,-2.7099609375
0.4938783,81.8798828125,-15.3662109375,-7.7880859375
0.4941143,83.0029296875,-16.6845703125,-11.2548828125
0.4943611,83.0029296875,-16.6845703125,-20.9228515625
0.4945962,81.8798828125,-16.4892578125,-32.6416015625
0.49483,79.3896484375,-17.0751953125,-37.9150390625
0.4950631,77.5830078125,-16.9287109375,-37.7197265625
0.4952989,75.8740234375,-17.6611328125,-37.1826171875
0.4955414,76.0693359375,-17.9541015625,-39.5751953125
0.4957762,76.6552734375,-18.6865234375,-46.8994140625
0.49601,76.8017578125,-19.5654296875,-54.7119140625
0.4962449,75.5810546875,-20.2490234375,-64.3798828125
0.4965214,73.2861328125,-21.3720703125,-71.3623046875
0.4968339,71.8701171875,-21.6162109375,-79.4189453125
0.4970712,70.9912109375,-22.3486328125,-85.9619140625
0.4973115,74.9951171875,-23.6181640625,-92.3583984375
0.4975589,78.9501953125,-24.4482421875,-99.1943359375
0.497796,82.9052734375,-25.4248046875,-104.3212890625
0.4980351,85.9814453125,-25.4248046875,-109.8876953125
0.4982708,88.4228515625,-24.6435546875,-94.7021484375
0.4985412,87.3974609375,-23.9111328125,-34.1552734375
0.4987857,86.2255859375,-23.3740234375,-1.6357421875
0.4990209,84.8095703125,-23.8134765625,7.4462890625
0.4992543,83.2470703125,-24.3017578125,3.5888671875
0.499505,82.8076171875,-23.9599609375,-5.4443359375
0.4997413,83.4423828125,-23.3251953125,-13.4521484375
0.4999772,84.3701171875,-22.7392578125,-17.0166015625
0.5002136,84.3212890625,-23.8623046875,-29.1259765625
0.5004629,84.5166015625,-24.0087890625,-39.9658203125
0.5006989,83.9306640625,-24.3994140625,-45.0927734375
0.5009344,82.9052734375,-24.0576171875,-45.1416015625
0.5011659,81.0009765625,-24.2529296875,-43.3837890625
0.5014344,79.0478515625,-25.0341796875,-45.9716796875
0.5017075,77.4365234375,-25.1318359375,-52.4658203125
0.5019455,75.7763671875,-26.7431640625,-61.3525390625
0.5021797,74.6533203125,-26.7431640625,-69.3603515625
0.5024305,74.2138671875,-26.8896484375,-78.2958984375
0.5026702,74.9951171875,-28.5009765625,-86.6455078125
0.5029063,77.5341796875,-29.0869140625,-93.6767578125
0.5031401,81.9287109375,-29.6728515625,-100.0732421875
0.5033808,85.2001953125,-30.3564453125,-105.0048828125
0.503614,87.1044921875,-31.3330078125,-110.3271484375
0.5038475,88.2763671875,-32.3095703125,-114.6240234375
0.5040813,88.8134765625,-32.7001953125,-120.8251953125
0.504324,89.0576171875,-31.9677734375,-122.7783203125
0.5046091,89.7412109375,-30.3564453125,-83.1298828125
0.5048427,89.0087890625,-30.7958984375,-24.7314453125
0.5050749,89.9365234375,-30.7958984375,-3.9306640625
0.5053217,89.5458984375,-30.6982421875,-3.8330078125
0.5055524,90.9619140625,-29.6240234375,-11.7431640625
0.5057848,91.7431640625,-29.4287109375,-23.8525390625
0.5060167,90.3759765625,-29.9658203125,-32.4462890625
0.5062528,88.9111328125,-29.3798828125,-41.2353515625
0.5065724,87.1533203125,-30.3076171875,-54.4677734375
0.5068062,85.7373046875,-29.2822265625,-60.7666015625
0.5070395,84.8583984375,-29.4287109375,-57.1533203125
0.5072732,83.7841796875,-29.4775390625,-53.6376953125
0.5075646,84.1259765625,-29.2822265625,-52.9541015625
0.5077997,83.3935546875,-28.7451171875,-58.3251953125
0.5080332,82.5634765625,-29.9169921875,-66.2841796875
0.5082661,81.2451171875,-30.5029296875,-75.4150390625
0.5085383,79.6826171875,-30.1611328125,-83.6181640625
0.5087721,78.5595703125,-30.6494140625,-91.4794921875
0.5090052,79.4873046875,-30.7470703125,-98.2177734375
0.5092377,82.3681640625,-31.8701171875,-103.2470703125
0.5094897,85.3955078125,-31.7724609375,-108.7646484375
0.5097224,86.7626953125,-31.8212890625,-113.3544921875
0.514603,87.7392578125,-33.1884765625,-118.6767578125
0.5636536,88.7158203125,-33.1884765625,-123.7548828125
0.5820615,88.8623046875,-32.0166015625,-112.1337890625
0.6158386,88.4228515625,-30.7470703125,-52.2216796875
0.6347308,88.2763671875,-29.3310546875,-13.1103515625
0.6953057,87.6904296875,-29.1845703125,-2.4658203125
0.696259,86.9580078125,-27.5732421875,-5.5419921875
0.7221441,86.9091796875,-27.1337890625,-15.7958984375
0.7716978,86.0791015625,-26.1572265625,-24.9267578125
0.7932198,85.5419921875,-25.5712890625,-31.5673828125
0.8357034,84.8095703125,-25.6201171875,-42.4072265625
0.8576337,84.4677734375,-25.3759765625,-54.3212890625
0.8938538,83.1005859375,-24.5947265625,-57.0068359375
0.9142534,81.9775390625,-24.1552734375,-54.1259765625
0.9629739,81.5380859375,-23.5693359375,-52.6123046875
0.9848531,79.5361328125,-24.1552734375,-54.5166015625
1.0008072,79.3408203125,-23.4716796875,-61.4501953125
1.0543016,78.1689453125,-23.1787109375,-70.3369140625
1.0760023,76.8505859375,-23.5693359375,-78.8818359375
1.0870085,75.4833984375,-23.7158203125,-86.8408203125
1.1350595,77.3388671875,-23.4716796875,-94.9462890625
1.1557147,80.7080078125,-23.9599609375,-102.0751953125
1.1952154,84.1748046875,-23.6669921875,-107.0068359375
1.2169879,86.2255859375,-23.9599609375,-112.7197265625
1.2560182,87.5439453125,-24.2041015625,-116.4794921875
1.2768245,88.7646484375,-24.1552734375,-120.9228515625
1.2983037,89.1064453125,-24.7412109375,-126.1474609375
1.3316329,88.9599609375,-24.9365234375,-130.3466796875
1.3822971,87.6416015625,-22.3974609375,-122.2900390625
1.4033923,87.1044921875,-20.3466796875,-60.0341796875
1.4388642,86.2744140625,-18.3935546875,-15.6005859375
1.4591862,86.4208984375,-16.0009765625,-1.1962890625
1.5066674,86.2744140625,-15.2197265625,-2.2705078125
1.5278655,85.4931640625,-12.0458984375,-9.6923828125
1.5419128,83.8330078125,-10.3369140625,-16.9677734375
1.5870649,83.1005859375,-9.0185546875,-20.2392578125
1.617402,81.7822265625,-8.3349609375,-25.6591796875
1.6324035,81.4404296875,-7.4560546875,-38.1103515625
1.6794549,80.0732421875,-5.8935546875,-45.6787109375
1.7102652,79.4384765625,-5.6005859375,-47.4853515625
1.7235283,78.8037109375,-4.7216796875,-45.2880859375
1.7680775,77.6318359375,-3.8916015625,-46.0693359375
1.7883132,76.6064453125,-3.8916015625,-51.6357421875
1.8341126,75.1416015625,-3.7451171875,-60.2783203125
1.8423606,73.7744140625,-3.4521484375,-69.6533203125
1.8883601,75.6787109375,-3.4033203125,-78.5400390625
1.9105044,78.7548828125,-3.5498046875,-86.1083984375
1.9603211,82.0751953125,-3.2080078125,-93.5302734375
1.9613553,84.5654296875,-3.5498046875,-100.1220703125
1.996245,85.8837890625,-3.9404296875,-105.3955078125
2.0360969,86.9580078125,-3.6962890625,-109.7900390625
2.0579495,87.4462890625,-4.1845703125,-114.9658203125
2.1001455,87.2509765625,-4.8681640625,-117.8955078125
2.1218025,87.3486328125,-4.3798828125,-122.9736328125
2.1589176,86.1767578125,-5.4541015625,-127.4658203125
2.1809756,86.0791015625,-4.9658203125,-132.2998046875
2.2038725,85.2490234375,-1.9384765625,-111.3525390625
2.2370376,85.0048828125,1.1865234375,-45.4833984375
2.2896226,83.8330078125,2.6513671875,-10.7177734375
2.3093166,82.9541015625,3.9208984375,-1.9287109375
2.3272362,81.9287109375,6.4111328125,-5.7861328125
2.3536549,81.1962890625,8.5595703125,-14.3798828125
2.3885627,79.8779296875,9.3408203125,-20.7275390625
2.4307306,78.9501953125,10.5126953125,-24.4384765625
2.4503461,77.9736328125,9.8779296875,-33.7158203125
2.4905772,76.7041015625,11.3916015625,-45.5810546875
2.5112716,75.3369140625,11.3427734375,-50.0732421875
2.554911,74.5068359375,12.3681640625,-48.8525390625
2.5751062,73.5791015625,12.6611328125,-48.3154296875
2.6124381,73.6279296875,12.6611328125,-50.3173828125
2.6321496,76.0693359375,11.5869140625,-56.5673828125
2.6720055,78.9501953125,11.7822265625,-65.4052734375
2.6928795,81.2451171875,11.2451171875,-74.2431640625
2.732236,82.1240234375,10.8544921875,-82.3486328125
2.7525589,83.1494140625,9.9267578125,-89.3310546875
2.7929313,84.2236328125,9.4384765625,-96.4599609375
2.8158563,84.4677734375,9.1943359375,-103.3447265625
2.855981,84.1748046875,8.2666015625,-107.8857421875
2.8747255,83.7353515625,7.2900390625,-112.9150390625
2.9135084,82.0751953125,6.2158203125,-117.3583984375
2.9326062,82.1728515625,5.6298828125,-121.8994140625
2.9750709,81.3427734375,4.5556640625,-126.0986328125
2.9952197,81.0009765625,3.9208984375,-129.9560546875
3.034241,79.6337890625,2.2119140625,-135.3759765625
3.0594125,78.9013671875,2.9931640625,-138.1103515625
3.0985341,77.6318359375,5.9228515625,-115.5029296875
3.1199212,77.1923828125,7.0947265625,-49.3408203125
3.1579599,75.7763671875,8.4130859375,-15.5029296875
3.177226,74.7021484375,8.7548828125,-6.4208984375
3.218855,73.8232421875,9.8779296875,-12.5732421875
3.2370764,72.5048828125,10.2685546875,-23.0712890625
3.278145,72.1630859375,10.9033203125,-30.7861328125
3.2995243,71.2353515625,10.4638671875,-35.1318359375
3.3416686,70.6005859375,9.9755859375,-45.8740234375
3.3607102,72.1630859375,9.5849609375,-56.4208984375
3.4057207,74.8486328125,9.7802734375,-58.7158203125
3.4116392,76.9482421875,8.8037109375,-56.2255859375
3.4669663,78.1201171875,8.3154296875,-53.5400390625
3.4895552,79.4384765625,7.7294921875,-55.7373046875
3.5027316,79.9755859375,6.8017578125,-62.0849609375
3.5480007,81.3916015625,5.7763671875,-70.8251953125
3.5678203,80.5126953125,5.3369140625,-79.3212890625
3.6093452,79.8291015625,4.7021484375,-86.5478515625
3.6298125,78.9990234375,3.5791015625,-94.0185546875
3.6718826,78.2666015625,2.6025390625,-100.6103515625
3.7013827,77.9736328125,1.5771484375,-105.2978515625
3.7164174,77.2900390625,0.4052734375,-109.3505859375
3.7651872,76.4599609375,-0.6201171875,-112.4267578125
3.7843751,75.2392578125,-1.8408203125,-116.3818359375
3.8207356,75.2880859375,-1.9873046875,-119.8486328125
3.842512,74.5556640625,-3.5498046875,-124.4384765625
3.8906516,73.2373046875,-3.9404296875,-129.0771484375
3.9107568,72.0654296875,-3.3056640625,-125.3662109375
3.9226938,70.7470703125,-1.3037109375,-73.8037109375
3.983122,69.8193359375,-0.3759765625,-26.6845703125
3.9840517,68.8427734375,-0.5712890625,-10.5712890625
4.0161191,68.5986328125,-0.0341796875,-12.6708984375
4.0454391,67.6708984375,-0.3271484375,-22.6806640625
4.0912273,65.9619140625,0.1611328125,-35.1318359375
4.111288,66.2548828125,-0.8154296875,-43.1396484375
4.1552996,67.7197265625,-0.6201171875,-55.3955078125
4.1633181,70.2587890625,-0.7666015625,-65.9912109375
4.1963071,72.2607421875,-1.6943359375,-67.1630859375
4.2283151,73.4814453125,-2.1826171875,-62.6220703125
4.2551528,74.3603515625,-2.4755859375,-59.4970703125
4.2841461,74.7509765625,-3.1103515625,-61.3037109375
4.3332591,74.8974609375,-4.2333984375,-68.5302734375
4.3549657,74.6533203125,-5.0634765625,-77.5146484375
4.3739054,73.9697265625,-6.1376953125,-85.5712890625
4.4249907,73.6767578125,-6.5771484375,-92.3583984375
4.4446502,73.5791015625,-7.2607421875,-99.4384765625
4.4787123,73.2861328125,-8.0908203125,-105.5419921875
4.4993954,72.4560546875,-9.5556640625,-111.3525390625
4.5277289,72.0654296875,-10.5322265625,-115.4541015625
4.5594304,71.5283203125,-11.1181640625,-119.4091796875
4.6116818,70.5029296875,-12.6318359375,-122.9248046875
4.6322376,70.2587890625,-13.5595703125,-126.9775390625
4.6735337,69.1845703125,-15.1220703125,-131.2255859375
4.6954016,68.3544921875,-15.9033203125,-135.3759765625
4.7092451,67.7685546875,-14.6826171875,-131.0302734375
4.7688317,66.4990234375,-13.1689453125,-75.5615234375
4.7697664,65.8154296875,-12.2412109375,-25.5126953125
4.800823,64.6923828125,-12.0947265625,-7.6416015625
4.8282283,64.2529296875,-11.9970703125,-6.8115234375
4.855855,64.7900390625,-10.4833984375,-14.5263671875
4.8895066,67.3291015625,-10.1904296875,-21.8994140625
4.9367741,70.2099609375,-9.8974609375,-25.3662109375
4.9580124,72.0166015625,-10.5322265625,-28.7841796875
4.9972867,72.6513671875,-10.3857421875,-40.6982421875
5.0164586,73.8232421875,-9.9951171875,-48.9013671875
5.0384384,73.9208984375,-9.8486328125,-50.0732421875
5.0716976,74.7021484375,-9.5556640625,-48.7060546875
5.117851,74.4091796875,-9.6533203125,-48.4619140625
5.1369537,73.1884765625,-10.4833984375,-52.7587890625
5.1762218,73.3349609375,-10.6298828125,-61.4013671875
5.1965098,73.7744140625,-11.4599609375,-70.0439453125
5.2379943,72.0166015625,-11.9970703125,-78.4912109375
5.258615,72.0166015625,-12.7783203125,-86.1083984375
5.2950949,71.3818359375,-13.0224609375,-92.7001953125
5.3166696,70.5029296875,-14.0966796875,-98.8037109375
5.3631283,70.0634765625,-13.7060546875,-103.9306640625
5.3851243,68.7451171875,-14.6337890625,-108.6181640625
5.4021701,68.0126953125,-15.1708984375,-112.6708984375
5.4302848,66.7919921875,-16.4404296875,-116.0400390625
5.4774411,66.1572265625,-17.0751953125,-120.9716796875
5.4976826,65.2783203125,-18.1005859375,-124.6337890625
5.5504995,64.0087890625,-19.1259765625,-129.3212890625
5.5812817,63.9599609375,-19.8095703125,-133.6181640625
5.5822214,62.9833984375,-18.7841796875,-128.3447265625
5.6436541,62.3486328125,-17.7587890625,-70.2392578125
5.6446311,62.7880859375,-16.6357421875,-22.1435546875
5.6711175,64.8876953125,-16.2939453125,-5.7373046875
5.7165577,67.7685546875,-15.7080078125,-5.6396484375
5.736648,70.1123046875,-15.2197265625,-13.1103515625
5.7627849,71.0888671875,-14.8779296875,-20.8251953125
5.7899393,72.9931640625,-14.3896484375,-24.1455078125
5.8400658,74.4091796875,-15.0732421875,-27.9052734375
5.860758,74.7998046875,-14.3896484375,-39.6240234375
5.9042098,74.6533203125,-14.1943359375,-47.6318359375
5.9251024,74.3115234375,-14.2431640625,-49.4384765625
5.9623885,73.8720703125,-14.3408203125,-46.5087890625
5.9766844,73.3349609375,-14.6826171875,-46.6064453125
6.0213419,72.6025390625,-14.8291015625,-51.1962890625
6.0414872,72.7490234375,-14.2431640625,-58.8134765625
6.0847977,72.3583984375,-14.7802734375,-67.9443359375
6.105387,71.1376953125,-14.6337890625,-76.0986328125
6.1447034,70.4052734375,-15.3173828125,-83.3251953125
6.1555479,69.9658203125,-16.2451171875,-89.5751953125
6.1857463,69.0869140625,-16.6357421875,-96.0205078125
6.2189191,68.1591796875,-17.6123046875,-100.4150390625
6.246128,66.9873046875,-17.5146484375,-106.3232421875
6.2774624,66.2060546875,-18.1982421875,-110.1806640625
6.3255411,64.9853515625,-18.8330078125,-113.6474609375
6.3502217,64.4970703125,-19.6142578125,-118.4814453125
6.3651336,63.8623046875,-20.5908203125,-121.8505859375
6.3972038,62.3974609375,-21.5185546875,-125.8544921875
6.4272982,62.3974609375,-22.0068359375,-130.4443359375
6.4598582,60.8349609375,-23.1787109375,-135.4736328125
6.5206565,61.6162109375,-22.0068359375,-135.3759765625
6.5215967,63.7646484375,-20.2490234375,-90.6005859375
6.5518256,66.4501953125,-19.6630859375,-33.0322265625
6.5786894,69.5751953125,-19.6630859375,-9.7412109375
6.6075064,70.7470703125,-19.1748046875,-6.5673828125
6.6384761,71.8212890625,-18.1982421875,-14.8681640625
6.6687489,72.3583984375,-17.6611328125,-23.2666015625
6.7267524,73.2861328125,-18.0517578125,-28.9794921875
6.7459476,73.2373046875,-17.4658203125,-33.2763671875
6.7579389,72.6513671875,-16.9287109375,-43.5302734375
6.7917871,72.2119140625,-16.4404296875,-51.8310546875
6.8208173,72.0654296875,-16.7333984375,-51.9287109375
6.8491858,71.3818359375,-16.9287109375,-48.5107421875
6.8805407,70.7470703125,-17.0751953125,-48.2666015625
6.9096677,70.6005859375,-17.3681640625,-51.6845703125
6.9399921,69.9658203125,-17.1240234375,-59.0087890625
6.9954645,68.7939453125,-17.8076171875,-67.7001953125
7.0143058,68.3544921875,-18.3935546875,-75.4638671875
7.0288164,67.6708984375,-18.8818359375,-82.7880859375
7.0616725,66.4990234375,-18.4912109375,-89.2333984375
7.0895196,65.6689453125,-19.4677734375,-95.2392578125
7.1243578,64.6923828125,-20.1025390625,-99.2431640625
7.1646625,63.7646484375,-20.0048828125,-104.0771484375
7.1855758,63.3251953125,-20.7373046875,-107.9345703125
7.2277157,62.2509765625,-21.7626953125,-110.8642578125
7.2497756,61.5185546875,-22.2998046875,-114.5263671875
7.2875915,61.3232421875,-22.9345703125,-118.0419921875
7.305857,59.8583984375,-23.2763671875,-122.7783203125
7.3331949,59.1748046875,-22.5439453125,-126.7333984375
7.3812612,59.1259765625,-21.2744140625,-111.8896484375
7.4026621,61.5185546875,-20.5908203125,-54.7119140625
7.4217754,63.7646484375,-20.4931640625,-18.8232421875
7.4559489,66.0595703125,-19.4189453125,-9.9853515625
7.483003,66.9873046875,-19.0771484375,-14.6240234375
7.5126248,67.8173828125,-18.0029296875,-25.2685546875
7.5630927,69.0380859375,-17.7587890625,-34.5458984375
7.5828594,68.7939453125,-18.0029296875,-42.7001953125
7.6038762,68.8916015625,-17.5634765625,-53.7841796875
7.6359681,69.0380859375,-17.1728515625,-60.8154296875
7.6774286,67.8173828125,-17.2705078125,-58.6181640625
7.6984593,67.6220703125,-17.0751953125,-54.9072265625
7.7422669,67.8662109375,-17.0751953125,-52.6123046875
7.7626011,67.2314453125,-18.0517578125,-56.0302734375
7.7857313,66.9873046875,-18.4912109375,-64.0869140625
7.8424915,66.4013671875,-18.6865234375,-72.2900390625
7.8434381,65.6689453125,-18.3447265625,-80.1025390625
7.8760156,65.9130859375,-19.2724609375,-86.8408203125
7.9052181,64.8876953125,-20.3955078125,-93.7255859375
7.9331393,63.4716796875,-20.4443359375,-99.7802734375
7.9831328,62.7392578125,-20.5419921875,-103.7841796875
8.0037288,62.2509765625,-21.1279296875,-108.3251953125
8.0440072,61.6650390625,-22.2998046875,-111.9384765625
8.0774097,60.6884765625,-22.6904296875,-114.9169921875
8.0857641,60.5419921875,-23.1298828125,-119.2626953125
8.1188885,59.5654296875,-23.7646484375,-123.8525390625
8.1478135,59.1748046875,-22.8857421875,-126.0498046875
8.177167,58.0517578125,-21.1279296875,-97.3388671875
8.2090136,58.8818359375,-19.6630859375,-39.7705078125
8.2357515,61.6162109375,-19.1748046875,-10.8154296875
8.2978404,63.9111328125,-17.5634765625,-4.1748046875
8.2987812,64.8388671875,-16.7333984375,-7.3974609375
8.3269694,66.2548828125,-15.3173828125,-14.7216796875
8.3619275,66.9873046875,-14.2919921875,-18.9697265625
8.3877409,67.1337890625,-13.6572265625,-20.6298828125
8.4176159,67.1826171875,-12.8271484375,-28.1005859375
8.4659368,66.7431640625,-12.0458984375,-38.6474609375
8.4808659,66.4990234375,-10.3857421875,-42.1630859375
8.5071192,66.7431640625,-10.1904296875,-42.3095703125
8.5413347,66.0595703125,-9.8486328125,-41.0400390625
8.5964601,65.4736328125,-10.0439453125,-43.4814453125
8.5974257,65.2783203125,-9.9951171875,-49.6337890625
8.6303275,64.9853515625,-10.1904296875,-58.1298828125
8.6758835,64.2041015625,-9.9951171875,-66.1865234375
8.7048761,63.7646484375,-9.9951171875,-73.4619140625
8.7208526,63.0810546875,-10.2392578125,-79.7607421875
8.7496567,62.4462890625,-10.2392578125,-85.9130859375
8.7825533,61.3720703125,-10.1416015625,-92.0166015625
8.8104837,60.6396484375,-10.5810546875,-96.4599609375
8.8437695,59.9072265625,-10.6787109375,-100.8544921875
8.890779,59.9560546875,-11.0205078125,-103.9794921875
8.9097751,58.6865234375,-11.6064453125,-108.5205078125
8.9582996,58.5888671875,-12.1923828125,-112.4755859375
8.9613702,57.4658203125,-12.2900390625,-116.8701171875
9.0093572,57.1240234375,-12.7783203125,-121.3134765625
9.0310119,58.1005859375,-12.4853515625,-125.6103515625
9.0828265,59.9072265625,-10.7763671875,-120.0439453125
9.0837796,62.7392578125,-7.7001953125,-64.1357421875
9.1144636,64.6435546875,-6.4306640625,-18.9208984375
9.1415265,66.2060546875,-4.9169921875,-3.0517578125
9.1713306,67.1826171875,-3.4033203125,-2.7099609375
9.2032169,67.8173828125,-1.5966796875,-8.8134765625
9.2491022,68.8916015625,0.8447265625,-13.7451171875
9.2702136,68.4521484375,1.7724609375,-15.2587890625
9.3123857,68.0615234375,2.4560546875,-17.2119140625
9.3328104,67.3779296875,3.2373046875,-27.2216796875
9.3824828,67.4755859375,4.4091796875,-34.8388671875
9.3834223,67.3779296875,5.1416015625,-37.4267578125
9.4125408,66.3037109375,5.6787109375,-36.5478515625
9.4472385,66.2548828125,6.4599609375,-36.6455078125
9.4889253,66.4990234375,6.1181640625,-40.6005859375
9.5090831,65.5712890625,6.0693359375,-48.4130859375
9.5544048,64.6923828125,6.1181640625,-57.0068359375
9.5633612,64.0087890625,6.0205078125,-64.7705078125
9.5923986,63.3251953125,5.8251953125,-71.5576171875
9.6259685,62.6904296875,5.6787109375,-78.3935546875
9.6554526,61.1279296875,5.3857421875,-84.3017578125
9.6807256,60.4443359375,4.7021484375,-88.6962890625
9.7310792,59.7119140625,3.2861328125,-93.2373046875
9.750428,59.3212890625,2.5048828125,-97.8271484375
9.7925421,59.0771484375,2.1142578125,-101.5380859375
9.8049749,57.5634765625,1.1865234375,-105.4443359375
9.8339056,56.8798828125,0.6005859375,-109.0087890625
9.8693374,56.7333984375,0.5517578125,-113.5498046875
9.9133366,56.8798828125,-0.9130859375,-118.4326171875
9.944003,58.9794921875,-1.2060546875,-123.1689453125
9.9570667,62.2021484375,0.9423828125,-124.0966796875
9.9877825,64.3017578125,2.8466796875,-83.6669921875
10.0146828,65.3759765625,3.8720703125,-29.1748046875
10.0651113,66.2060546875,5.2392578125,-7.7880859375
10.084896,67.2802734375,6.1181640625,-4.5654296875
10.1237568,67.2314453125,7.2900390625,-11.3037109375
10.144203,68.5009765625,8.0224609375,-19.3603515625
10.1661707,67.4755859375,8.1689453125,-23.3154296875
10.2007668,66.9384765625,8.4130859375,-26.2939453125
10.2266395,66.7919921875,7.7294921875,-36.4990234375
10.2579132,67.0849609375,7.6806640625,-43.5791015625
10.2898553,66.0595703125,8.0224609375,-42.9443359375
10.3189833,66.0595703125,6.9970703125,-39.5263671875
10.3479104,65.7666015625,7.2900390625,-39.4775390625
10.3818362,65.3759765625,6.7529296875,-43.3837890625
10.4097118,64.6435546875,6.4599609375,-49.5849609375
10.4365846,63.8134765625,5.5810546875,-57.9833984375
10.4707024,63.3740234375,4.8486328125,-66.3330078125
10.4974337,61.9091796875,3.5791015625,-73.5595703125
10.5287979,61.3720703125,3.2861328125,-79.3701171875
10.559775,60.8837890625,2.5537109375,-84.9365234375
10.5886923,60.5908203125,2.2119140625,-88.6962890625
10.6215129,59.1259765625,0.5517578125,-92.4560546875
10.6526361,58.8330078125,0.0146484375,-95.2392578125
10.6964235,57.7587890625,-0.6201171875,-98.4130859375
10.7106224,57.1240234375,-1.4990234375,-102.6123046875
10.7413797,56.9775390625,-2.5244140625,-107.1533203125
10.7723001,55.8056640625,-3.6962890625,-112.2314453125
10.8022343,56.0986328125,-3.0126953125,-112.9150390625
10.8287288,57.4658203125,-0.5712890625,-78.5400390625
10.8655165,59.7119140625,-0.5224609375,-27.6123046875
10.8924085,62.4462890625,-0.1806640625,-7.0556640625
10.9212461,63.7646484375,0.6982421875,-3.1494140625
10.9551459,64.3017578125,0.8447265625,-9.9365234375
10.9793014,66.4501953125,2.2607421875,-17.3583984375
11.0116648,66.4990234375,2.6025390625,-22.7294921875
11.0425354,66.8896484375,1.7724609375,-27.5146484375
11.0715908,66.4990234375,0.8935546875,-38.8916015625
11.0993453,66.4501953125,1.3818359375,-43.6279296875
11.1494175,65.7666015625,2.2119140625,-41.9189453125
11.1613876,66.0595703125,0.4052734375,-38.5986328125
11.1941082,65.9619140625,0.6494140625,-39.2822265625
11.2239248,65.6689453125,-0.2294921875,-43.1396484375
11.2521331,64.9853515625,-0.0341796875,-52.0263671875
11.2872708,64.2041015625,-0.6689453125,-60.6689453125
11.314001,63.8623046875,-1.1572265625,-67.7978515625
11.347479,63.4716796875,-2.0361328125,-73.8525390625
11.3745959,62.2021484375,-2.3779296875,-80.0537109375
11.402812,61.3232421875,-3.5498046875,-85.9619140625
11.4356342,60.7373046875,-3.9404296875,-89.8681640625
11.4660834,60.3955078125,-5.1123046875,-93.2373046875
11.4959771,59.8095703125,-6.1376953125,-96.4111328125
11.5281962,59.2236328125,-6.9677734375,-100.0732421875
11.5527759,58.5888671875,-7.7978515625,-104.3212890625
11.5837646,57.9541015625,-8.1884765625,-109.3017578125
11.6218214,57.1240234375,-8.0419921875,-112.5732421875
11.6467218,56.6357421875,-7.3583984375,-92.3583984375
11.6726192,57.0751953125,-5.4541015625,-34.0087890625
11.718423,58.5888671875,-4.7705078125,-3.5400390625
11.7353757,61.2744140625,-4.5263671875,5.1025390625
11.765474,62.6904296875,-3.2568359375,3.9794921875
11.7964731,64.1064453125,-2.3291015625,-0.0732421875
11.8252801,64.3017578125,-1.4501953125,-1.9287109375
11.860313,65.7177734375,-0.9619140625,-1.5380859375
11.8880393,65.8642578125,-1.7431640625,-4.8095703125
11.9220721,66.0107421875,-1.1083984375,-15.6982421875
11.9667657,65.1806640625,-0.8154296875,-21.6064453125
11.9872327,65.0341796875,-0.3759765625,-21.4599609375
12.0265759,64.9853515625,-0.9619140625,-19.6533203125
12.0376156,64.8876953125,-1.2548828125,-21.2158203125
12.0865186,64.8388671875,-1.2060546875,-25.8544921875
12.104961,63.9599609375,-2.0849609375,-34.0576171875
12.1299198,63.6669921875,-2.2314453125,-41.5283203125
12.156754,63.4228515625,-2.2802734375,-48.4619140625
12.1908414,62.2509765625,-2.9150390625,-54.1259765625
12.2196297,61.9091796875,-3.6474609375,-59.9853515625
12.2492047,61.1279296875,-4.5263671875,-65.1123046875
12.2814213,60.0537109375,-5.1611328125,-69.2138671875
12.3092681,59.4677734375,-5.6982421875,-73.7548828125
12.3374193,58.7841796875,-6.7724609375,-77.6611328125
12.3705747,58.3935546875,-7.7001953125,-81.7138671875
12.3987529,58.2470703125,-8.1884765625,-85.2783203125
12.4310943,57.7099609375,-9.9951171875,-90.0634765625
12.4619194,56.8310546875,-10.2392578125,-94.9951171875
12.4899526,57.0751953125,-11.4599609375,-100.8056640625
12.5235373,60.1513671875,-10.6298828125,-101.7333984375
12.567937,62.4462890625,-10.4345703125,-64.2333984375
12.5878217,64.4482421875,-9.1162109375,-13.1591796875
12.6107862,66.1083984375,-8.6279296875,9.3505859375
12.6399165,66.9384765625,-7.8955078125,14.3798828125
12.6728578,68.3056640625,-7.2607421875,11.0107421875
12.702631,68.9404296875,-6.8212890625,8.1298828125
12.7296537,69.0869140625,-5.9423828125,8.1787109375
12.7637234,68.7939453125,-5.1123046875,7.9833984375
12.7928295,68.5498046875,-5.2587890625,1.0986328125
12.8202069,68.7451171875,-4.4775390625,-8.3740234375
12.8687886,68.8427734375,-4.5751953125,-12.1337890625
12.8833405,68.2080078125,-4.6728515625,-10.2294921875
12.9117337,67.9150390625,-5.2099609375,-9.1552734375
12.9461715,67.4267578125,-5.5517578125,-12.2802734375
12.9709633,66.3525390625,-5.2587890625,-16.6748046875
13.0009835,66.1572265625,-5.9912109375,-24.3896484375
13.0348837,64.3994140625,-6.5771484375,-31.7138671875
13.0616822,65.1806640625,-6.3330078125,-37.3779296875
13.1000901,62.9345703125,-7.0166015625,-44.0673828125
13.1248834,62.5439453125,-7.1630859375,-49.3408203125
13.1539567,62.3486328125,-8.5791015625,-53.9306640625
13.1861881,61.2255859375,-9.3603515625,-58.4228515625
13.2131583,60.9814453125,-9.6533203125,-63.0126953125
13.2432797,59.1748046875,-10.5810546875,-66.9677734375
13.2761204,58.7841796875,-11.6552734375,-70.9228515625
13.3041807,58.4423828125,-12.0947265625,-74.8291015625
13.3372744,57.5146484375,-13.4130859375,-79.6142578125
13.3671433,56.9287109375,-14.4873046875,-84.4970703125
13.3934993,59.3212890625,-15.1708984375,-90.2099609375
13.4289845,61.0302734375,-15.0244140625,-93.8232421875
13.4560096,63.8623046875,-13.6572265625,-76.3427734375
13.4858321,66.0107421875,-13.6083984375,-21.8994140625
13.5167036,67.7685546875,-12.8271484375,7.4951171875
13.5476229,68.8427734375,-11.8017578125,15.6005859375
13.5764745,69.8193359375,-11.7529296875,13.0126953125
13.6094167,71.1376953125,-11.1669921875,7.1533203125
13.636293,70.8935546875,-10.9228515625,4.6630859375
13.6651274,70.3564453125,-10.8740234375,3.1982421875
13.7015844,70.0634765625,-11.2646484375,-5.2978515625
13.7276993,69.7216796875,-10.2392578125,-12.9150390625
13.7586309,69.7705078125,-10.3369140625,-12.8173828125
13.7885474,70.2099609375,-10.7763671875,-9.8876953125
13.8159705,68.7939453125,-10.6298828125,-8.8623046875
13.850751,68.2568359375,-10.2392578125,-11.0107421875
13.8769301,67.6708984375,-10.7275390625,-17.2119140625
13.9100458,66.7431640625,-10.4833984375,-24.4873046875
13.9386312,66.2060546875,-11.0205078125,-31.0302734375
13.9862032,64.6435546875,-11.7529296875,-37.3779296875
14.0065171,64.2529296875,-11.8994140625,-43.6279296875
14.0306035,64.1064453125,-12.7294921875,-49.0478515625
14.0584611,62.8857421875,-13.5595703125,-52.5634765625
14.0864931,62.1044921875,-13.7060546875,-55.9326171875
14.1299544,61.4697265625,-14.2431640625,-58.9111328125
14.1494299,60.5908203125,-15.3662109375,-63.6474609375
14.1780485,60.0048828125,-16.3916015625,-68.6767578125
14.2096246,59.4189453125,-17.1240234375,-73.9013671875
14.2375803,58.4423828125,-18.1494140625,-78.1494140625
14.2734383,58.4912109375,-17.0751953125,-72.0947265625
14.2989248,58.4912109375,-16.1962890625,-24.8291015625
14.3339971,60.6396484375,-16.4404296875,10.9619140625
14.3759765,63.7158203125,-15.3662109375,23.6572265625
14.3964647,65.3759765625,-15.2197265625,23.9990234375
14.4247745,66.1083984375,-14.3896484375,20.9716796875
14.4510021,67.2314453125,-13.8525390625,18.1396484375
14.4813498,68.2568359375,-12.9248046875,17.7001953125
14.5121808,68.7451171875,-12.6806640625,13.5498046875
14.5420356,68.7939453125,-13.1689453125,3.3935546875
14.5712239,68.2080078125,-13.7548828125,-0.6103515625
14.6041566,67.9150390625,-12.6318359375,-0.1708984375
14.6299873,68.3056640625,-12.2900390625,1.3427734375
14.6764843,68.3544921875,-13.2177734375,-0.3662109375
14.6933838,67.7685546875,-13.0712890625,-4.8095703125
14.7233158,67.3291015625,-13.2666015625,-12.6708984375
14.7534772,66.6943359375,-13.8525390625,-20.1416015625
14.7823254,66.5478515625,-14.3896484375,-26.7822265625
14.8103326,66.0595703125,-14.6826171875,-32.8857421875
14.852193,64.7412109375,-15.7568359375,-38.5498046875
14.871139,64.6923828125,-16.3916015625,-43.8232421875
14.9064488,63.7158203125,-16.8310546875,-48.7060546875
14.9342051,62.5439453125,-17.3193359375,-53.1982421875
14.9631644,62.4951171875,-18.4912109375,-58.0810546875
14.9939475,61.6162109375,-19.0771484375,-62.4267578125
15.0239091,61.4208984375,-20.0048828125,-65.6005859375
15.0609498,60.1025390625,-20.9814453125,-70.4345703125
15.0829378,59.1748046875,-22.2998046875,-76.1962890625
15.1147915,58.6376953125,-22.1533203125,-81.7138671875
15.1440505,58.5400390625,-22.3974609375,-85.2294921875
15.1779655,60.5419921875,-21.5185546875,-63.5009765625
15.2060602,63.5693359375,-20.5908203125,-7.1533203125
15.2339561,65.1318359375,-19.7119140625,20.9716796875
15.2940565,66.4501953125,-18.8330078125,31.1767578125
15.2950272,67.4267578125,-18.0517578125,29.4677734375
15.3234991,68.6962890625,-17.3681640625,27.8564453125
15.3563072,68.8427734375,-16.5869140625,27.8076171875
15.3862435,68.3544921875,-14.8291015625,28.7841796875
15.4212082,68.1591796875,-15.3173828125,25.1220703125
15.4459713,68.6474609375,-14.1455078125,15.6494140625
15.4761951,68.4033203125,-13.8037109375,9.3505859375
15.5258473,68.5498046875,-13.5107421875,9.3994140625
15.5467904,67.9150390625,-12.9736328125,9.3017578125
15.5666333,67.5244140625,-12.2900390625,8.6181640625
15.597974,66.9873046875,-12.7294921875,3.9306640625
15.6322596,66.1083984375,-12.2900390625,-3.1982421875
15.6554728,66.3037109375,-12.4365234375,-11.5478515625
15.6894366,64.7412109375,-13.2177734375,-17.6025390625
15.7190789,64.5947265625,-13.1689453125,-24.2431640625
15.7459333,63.1787109375,-13.3642578125,-30.2001953125
15.795559,62.5439453125,-13.8525390625,-36.0595703125
15.8158174,61.9580078125,-14.7802734375,-40.3076171875
15.8389354,61.5185546875,-15.1220703125,-45.0927734375
15.874171,59.8095703125,-15.5615234375,-49.8291015625
15.8991908,60.1025390625,-16.1962890625,-55.1025390625
15.9308715,58.9306640625,-16.9287109375,-59.9365234375
15.9590928,59.0771484375,-17.3681640625,-64.7705078125
15.9915911,59.8095703125,-18.5888671875,-69.0673828125
16.019621,62.2998046875,-19.2236328125,-74.3408203125
16.0598954,65.2783203125,-20.4443359375,-79.5654296875
16.0807946,66.7431640625,-20.7373046875,-85.2783203125
16.1117143,68.4521484375,-19.0283203125,-86.1083984375
16.1405562,70.9912109375,-17.6611328125,-46.0693359375
16.1712259,72.4072265625,-17.1240234375,4.0771484375
16.200305,72.2607421875,-16.4404296875,25.5615234375
16.2304623,72.4560546875,-15.5126953125,28.6376953125
16.2828128,72.4072265625,-14.2431640625,25.1708984375
16.2889111,71.8701171875,-12.2412109375,21.0205078125
16.3268967,72.3583984375,-11.1669921875,20.4345703125
16.3523274,72.2607421875,-10.7763671875,19.3603515625
16.3793686,71.3330078125,-10.5810546875,11.2060546875
16.4092731,71.1376953125,-8.9208984375,2.2216796875
16.4457117,70.6982421875,-8.2373046875,1.0498046875
16.4696647,69.7216796875,-7.9443359375,2.7099609375
16.5040117,69.3310546875,-8.2861328125,3.7353515625
16.5319701,68.5498046875,-8.0419921875,0.3662109375
16.5596716,67.5244140625,-7.2119140625,-5.6884765625
16.5948306,67.2802734375,-6.8212890625,-13.7939453125
16.621596,66.4013671875,-7.3583984375,-21.0205078125
16.6505406,66.0107421875,-7.6025390625,-28.1005859375
16.6833498,65.9619140625,-7.8955078125,-33.7646484375
16.7133211,64.2529296875,-7.9443359375,-39.9658203125
16.7412836,63.3251953125,-7.9443359375,-43.6767578125
16.7862673,62.7392578125,-8.5791015625,-47.1923828125
16.8065816,61.6650390625,-9.2138671875,-51.3916015625
16.8301627,61.0302734375,-9.0673828125,-55.2001953125
16.8696736,60.5908203125,-9.1650390625,-60.4248046875
16.8968689,62.1044921875,-9.7509765625,-66.0888671875
16.933493,65.4248046875,-9.6533203125,-71.7041015625
16.9555016,67.5244140625,-9.8974609375,-75.8056640625
16.9823422,70.2099609375,-8.0419921875,-67.0166015625
17.020572,71.7236328125,-5.9912109375,-16.6748046875
17.0423224,73.7744140625,-5.2099609375,17.6025390625
17.0863874,74.7509765625,-4.2333984375,27.5634765625
17.1053117,75.4345703125,-2.9638671875,25.2197265625
17.1321752,74.9462890625,-0.8154296875,20.5810546875
17.1702245,75.1904296875,-0.0830078125,16.2353515625
17.1942016,74.9951171875,0.8935546875,15.3076171875
17.2425395,75.2392578125,0.3564453125,7.7392578125
17.2568764,74.5556640625,0.6494140625,-2.4169921875
17.2859769,74.5068359375,1.5771484375,-5.5908203125
17.3159331,73.3349609375,1.6259765625,-2.7587890625
17.3543731,72.8466796875,2.2607421875,-1.9775390625
17.3753771,72.6025390625,1.1376953125,-4.2724609375
17.4161095,71.2353515625,1.1376953125,-10.6201171875
17.4376127,70.7470703125,0.8447265625,-19.8486328125
17.4666467,69.9169921875,0.4052734375,-28.6376953125
17.5241553,68.9404296875,-0.4248046875,-35.4736328125
17.5459063,68.3056640625,-1.0595703125,-40.8935546875
17.5553068,67.7197265625,-1.3037109375,-46.8994140625
17.5903455,67.3291015625,-2.3779296875,-52.7099609375
17.6193,66.0107421875,-3.2568359375,-56.8603515625
17.6494008,65.6201171875,-4.4775390625,-61.2548828125
17.6981589,64.9853515625,-4.9169921875,-65.2587890625
17.7082929,63.7646484375,-5.7958984375,-69.2138671875
17.7403243,62.4462890625,-6.5771484375,-74.3408203125
17.778619,62.0556640625,-7.8955078125,-80.0048828125
17.799555,63.2763671875,-8.2373046875,-85.2294921875
17.8295285,65.2783203125,-7.4560546875,-89.0869140625
17.8718513,67.7685546875,-5.6005859375,-60.8154296875
17.8927082,70.0146484375,-3.9892578125,-5.1513671875
17.9213755,71.0400390625,-3.1103515625,21.8505859375
17.9492325,72.1630859375,-2.3291015625,28.7353515625
17.9789956,73.6279296875,-1.2060546875,26.1962890625
18.0285226,74.2138671875,0.3076171875,22.7783203125
18.0487125,74.3115234375,0.4541015625,22.3876953125
18.0686639,73.5791015625,1.2353515625,23.2666015625
18.1057981,73.8232421875,0.2099609375,17.6025390625
18.1289529,73.6767578125,1.0400390625,7.3974609375
18.1655332,73.3349609375,1.3330078125,1.0009765625
18.1920229,73.6279296875,0.6982421875,1.4404296875
18.2199219,73.3837890625,0.7958984375,2.1728515625
18.2563677,72.3095703125,0.2099609375,0.3173828125
18.2823545,71.4794921875,-0.2783203125,-5.4443359375
18.3111048,70.8935546875,-1.2060546875,-13.8916015625
18.3576947,70.5517578125,-2.3779296875,-21.9482421875
18.3705507,69.9169921875,-2.8662109375,-29.1259765625
18.4220277,68.6962890625,-3.5498046875,-35.5712890625
18.4424333,68.4033203125,-4.3310546875,-42.5537109375
18.4624829,67.5244140625,-6.2841796875,-47.4365234375
18.4913919,67.2314453125,-6.5283203125,-52.7099609375
18.522703,65.7666015625,-7.7001953125,-57.3974609375
18.5536233,65.2294921875,-9.3603515625,-62.7685546875
18.5896775,64.5458984375,-10.7275390625,-67.9931640625
18.6150713,64.7900390625,-11.8017578125,-72.7783203125
18.6419194,66.0595703125,-13.3154296875,-76.8310546875
18.6903092,69.1357421875,-14.6337890625,-82.0068359375
18.7026276,71.7724609375,-15.6103515625,-87.3779296875
18.7403928,73.4326171875,-17.1728515625,-92.7001953125
18.7690904,73.8720703125,-16.6357421875,-97.3388671875
18.793666,76.0205078125,-13.9990234375,-75.6103515625
18.8309814,77.3876953125,-13.8037109375,-14.6240234375
18.8534905,77.2900390625,-13.6083984375,15.7958984375
18.8941573,77.3876953125,-12.6806640625,24.6826171875
18.9139485,76.4111328125,-12.5830078125,21.4599609375
18.9560601,76.8017578125,-11.8505859375,16.9189453125
18.974048,76.4599609375,-11.2158203125,14.6240234375
19.0097323,76.3134765625,-11.5576171875,15.3564453125
19.0369855,75.6787109375,-11.4599609375,9.8876953125
19.0810752,75.5810546875,-12.1435546875,0.0732421875
19.0980948,74.5068359375,-11.7041015625,-6.6162109375
19.1247171,73.6767578125,-12.6806640625,-6.7138671875
19.1622385,72.9443359375,-12.6806640625,-5.1513671875
19.1868794,72.0654296875,-14.3896484375,-6.8115234375
19.2206049,71.3330078125,-13.6572265625,-11.9873046875
19.246473,70.4541015625,-14.4384765625,-20.1904296875
19.275328,69.5751953125,-15.9521484375,-28.4912109375
19.3112083,68.8427734375,-16.4404296875,-36.0595703125
19.3376693,67.9638671875,-18.0517578125,-43.2373046875
19.3675126,67.6708984375,-17.8076171875,-49.2919921875
19.4117256,66.4501953125,-19.1748046875,-55.2490234375
19.4277005,65.6689453125,-21.0302734375,-59.1552734375
19.4559299,64.7412109375,-21.0302734375,-64.6240234375
19.5049536,63.8623046875,-21.8115234375,-68.1396484375
19.5178815,64.4482421875,-22.7880859375,-71.9482421875
19.5668191,66.2060546875,-24.3017578125,-76.2939453125
19.580353,69.7216796875,-25.4736328125,-81.9580078125
19.6096908,72.1142578125,-26.0595703125,-88.0126953125
19.646007,74.5068359375,-26.4501953125,-93.0908203125
19.6677468,75.5810546875,-24.7900390625,-85.9130859375
19.7079283,77.8759765625,-24.2041015625,-33.4716796875
19.7279074,78.8037109375,-23.3740234375,5.6396484375
19.7721483,79.1455078125,-22.7392578125,17.9443359375
19.7910117,79.1943359375,-22.0556640625,15.6982421875
19.8185035,78.9013671875,-21.8603515625,9.5458984375
19.8553899,78.5107421875,-21.5185546875,2.9541015625
19.8772742,78.9501953125,-21.5673828125,0.2197265625
19.9263728,78.2666015625,-22.1533203125,-7.3486328125
19.9466884,77.9248046875,-22.7392578125,-17.8955078125
19.9796873,77.5341796875,-21.9091796875,-20.9716796875
20.0026226,76.6552734375,-21.8115234375,-17.2119140625
20.0304928,75.8740234375,-22.2998046875,-15.8447265625
20.0629692,74.8486328125,-22.9833984375,-18.4326171875
20.0928421,73.8232421875,-24.1552734375,-24.7802734375
20.1307641,72.2607421875,-24.4970703125,-34.0087890625
20.1526972,71.9189453125,-24.3994140625,-42.4560546875
20.1829347,71.0400390625,-25.3271484375,-49.5849609375
20.2217397,69.6728515625,-25.6689453125,-56.3720703125
20.2446626,69.3798828125,-26.2060546875,-62.7685546875
20.270608,68.6474609375,-26.9384765625,-67.4072265625
20.3173824,67.4755859375,-27.1826171875,-71.1669921875
20.3344247,66.6943359375,-28.7451171875,-74.9267578125
20.3628921,65.0830078125,-29.3310546875,-78.4423828125
20.409959,64.7412109375,-30.3076171875,-84.3017578125
20.4248366,63.8623046875,-30.9423828125,-89.6240234375
20.460294,63.0322265625,-31.3818359375,-93.6767578125
20.4842009,63.4716796875,-30.0634765625,-87.1337890625
20.513606,65.5712890625,-28.4521484375,-36.3525390625
20.5524815,68.7939453125,-28.4521484375,5.1025390625
20.5733372,71.2841796875,-27.8173828125,18.6767578125
20.6149896,72.3583984375,-26.9384765625,18.6767578125
20.6316061,73.8232421875,-26.1572265625,14.1845703125
20.6765105,75.4345703125,-25.8154296875,10.2783203125
20.6978281,76.8505859375,-25.2783203125,8.9111328125
20.7326329,76.5087890625,-25.7666015625,6.4208984375
20.7565653,75.8740234375,-25.0341796875,-4.0283203125
20.785544,75.4833984375,-24.8388671875,-13.1591796875
20.833488,74.8486328125,-24.5947265625,-13.5498046875
20.8443961,74.9951171875,-24.5947265625,-11.6943359375
20.8791003,74.9951171875,-24.9853515625,-13.3056640625
20.9064001,73.9697265625,-24.5947265625,-17.8955078125
20.9353481,72.9931640625,-24.8876953125,-26.2939453125
20.9751568,73.6767578125,-25.6689453125,-35.4248046875
20.9968762,71.9189453125,-25.3271484375,-42.2607421875
21.0391298,71.1376953125,-26.0595703125,-49.7314453125
21.059025,70.6494140625,-25.7666015625,-56.3720703125
21.0870166,69.1845703125,-26.5966796875,-61.9873046875
21.1331801,68.3056640625,-27.3291015625,-66.5283203125
21.1482045,67.7197265625,-27.5244140625,-71.6552734375
21.1782682,67.1826171875,-27.6708984375,-76.3916015625
21.2160534,66.8896484375,-28.8916015625,-80.5908203125
21.2370918,64.6923828125,-29.6728515625,-85.2783203125
21.2716965,64.5947265625,-31.0400390625,-89.8681640625
21.2937434,64.2529296875,-31.3330078125,-94.7509765625
21.3398561,62.8369140625,-31.8701171875,-101.2451171875
21.3593627,63.5693359375,-31.2353515625,-104.0771484375
21.393447,65.9619140625,-30.2587890625,-75.0244140625
21.4179232,68.9892578125,-29.2822265625,-15.5517578125
21.4566045,70.7470703125,-28.0615234375,11.9873046875
21.4778001,72.1630859375,-28.4521484375,19.6044921875
21.5104142,73.1396484375,-27.6220703125,16.2353515625
21.539996,74.0673828125,-26.7431640625,11.2548828125
21.5697871,74.6044921875,-25.8642578125,10.1318359375
21.6094085,73.9697265625,-25.6201171875,10.7666015625
21.6313615,73.4326171875,-25.4736328125,4.3701171875
21.6593305,73.5791015625,-24.9365234375,-6.6162109375
21.6901738,72.7490234375,-24.4970703125,-12.5732421875
21.7270634,72.9443359375,-24.6435546875,-12.6708984375
21.7502673,72.0166015625,-24.0087890625,-12.1826171875
21.7973624,72.0166015625,-24.3017578125,-14.9658203125
21.8113206,70.6005859375,-24.1064453125,-21.0693359375
21.859382,69.8681640625,-24.4482421875,-29.6630859375
21.889335,69.3798828125,-24.3505859375,-37.7197265625
21.9010032,68.3056640625,-25.0830078125,-44.7509765625
21.9513515,67.7685546875,-25.4736328125,-51.5380859375
21.9722128,66.6943359375,-25.2294921875,-57.0068359375
21.9914733,65.7666015625,-25.9619140625,-63.3056640625
22.0307419,64.8876953125,-26.3037109375,-68.3349609375
22.050141,63.9111328125,-27.7197265625,-73.0712890625
22.0921702,63.2275390625,-27.8173828125,-78.0517578125
22.1120396,62.4462890625,-28.4521484375,-81.6650390625
22.1486893,61.6650390625,-29.5751953125,-85.9619140625
22.1733444,60.0537109375,-30.2099609375,-90.5029296875
22.200357,60.0048828125,-30.5517578125,-95.7763671875
22.2390702,61.4208984375,-31.8701171875,-101.2939453125
22.2618943,64.2041015625,-30.4052734375,-104.7119140625
22.3001659,66.9873046875,-29.2822265625,-73.9013671875
22.3250796,69.0869140625,-28.6962890625,-16.4306640625
22.3742419,71.0400390625,-28.5498046875,9.0087890625
22.3793451,72.1630859375,-27.5244140625,13.8427734375
22.4223862,73.4326171875,-26.3037109375,10.1806640625
22.4418704,74.3603515625,-26.4013671875,3.3935546875
22.4840463,73.9697265625,-25.8154296875,0.6103515625
22.5043072,74.0185546875,-24.9365234375,-1.0009765625
22.5413402,73.9697265625,-25.6201171875,-9.6435546875
22.5642131,73.4814453125,-25.3271484375,-18.5302734375
22.6035789,73.9697265625,-24.2041015625,-20.8251953125
22.6225812,72.8955078125,-24.4482421875,-18.8232421875
22.6708703,72.2607421875,-23.8134765625,-18.5302734375
22.6831892,71.3818359375,-23.4716796875,-21.4111328125
22.7184387,70.3564453125,-23.8134765625,-28.2470703125
22.7455566,69.3798828125,-23.8623046875,-36.3037109375
22.7827491,68.9404296875,-23.9599609375,-43.5791015625
22.8029963,68.0615234375,-24.4482421875,-51.0498046875
22.8413471,67.4267578125,-24.4482421875,-57.5439453125
22.8639933,66.3037109375,-24.6435546875,-63.1103515625
22.8997421,65.7666015625,-25.3271484375,-67.3583984375
22.9249785,64.7900390625,-24.6435546875,-71.1669921875
22.9618649,63.8623046875,-25.2294921875,-74.8291015625
22.9877699,62.7880859375,-26.2060546875,-79.2236328125
23.027567,61.6650390625,-26.5966796875,-84.1064453125
23.0478126,61.3720703125,-26.4501953125,-89.0869140625
23.0782343,60.2001953125,-26.2548828125,-92.3583984375
23.1072843,59.3212890625,-24.5458984375,-66.4306640625
23.154,59.0283203125,-24.1552734375,-14.1357421875
23.1688651,58.5888671875,-23.6669921875,9.9365234375
23.2063054,61.0302734375,-22.9833984375,14.8681640625
23.230324,64.8388671875,-21.1767578125,9.8876953125
23.2584954,66.9384765625,-20.2490234375,3.0517578125
23.2864778,67.6220703125,-19.6142578125,-0.4150390625
23.3216669,69.6240234375,-19.1259765625,-4.1259765625
23.349447,71.1865234375,-18.5888671875,-14.6240234375
23.3765782,71.7236328125,-17.9541015625,-22.9736328125
23.4218127,72.2607421875,-17.9052734375,-22.6806640625
23.4419045,71.3818359375,-17.8564453125,-20.2880859375
23.4664068,71.0400390625,-16.7822265625,-20.2392578125
23.5181049,70.8935546875,-17.1240234375,-25.3173828125
23.538714,70.3564453125,-17.7587890625,-33.8134765625
23.5637775,70.6982421875,-17.8564453125,-42.1630859375
23.5907435,70.3564453125,-17.4169921875,-49.9755859375
23.6284492,69.2333984375,-18.0029296875,-56.7138671875
23.6518096,68.6474609375,-17.4658203125,-63.2080078125
23.6903708,68.3544921875,-17.8564453125,-68.4326171875
23.7102969,66.7919921875,-18.3935546875,-73.4130859375
23.7503499,65.3271484375,-18.4423828125,-77.2705078125
23.7703796,65.3759765625,-19.2724609375,-81.3720703125
23.8054596,63.9111328125,-20.1513671875,-85.1806640625
23.8323465,63.3740234375,-19.9560546875,-89.6728515625
23.8698695,62.5927734375,-21.2255859375,-95.1416015625
23.8928614,61.9091796875,-21.2255859375,-100.6103515625
23.9296886,61.2255859375,-19.8095703125,-101.6357421875
23.9499202,60.3466796875,-17.5634765625,-62.9150390625
23.9907679,59.8095703125,-15.4150390625,-9.4970703125
24.0124734,58.8818359375,-13.8525390625,12.7685546875
24.0483466,59.3212890625,-11.9482421875,16.8212890625
24.0742367,59.6142578125,-10.2880859375,13.6962890625
24.1040721,62.2998046875,-8.4326171875,9.5947265625
24.1415366,65.0830078125,-7.5048828125,9.0576171875
24.1627931,66.6455078125,-5.9912109375,8.7646484375
24.2007016,67.3291015625,-5.4541015625,1.2451171875
24.2250376,68.4521484375,-4.5263671875,-9.2529296875
24.2559636,69.1845703125,-2.9150390625,-13.1591796875
24.281776,68.5009765625,-2.7197265625,-12.6708984375
24.3222299,68.7451171875,-2.4755859375,-12.3291015625
24.352047,68.4033203125,-2.8173828125,-15.1123046875
24.384134,68.4521484375,-3.3056640625,-22.5341796875
24.4027694,68.2568359375,-2.8173828125,-31.2744140625
24.4419047,67.4755859375,-2.7685546875,-39.3310546875
24.4669386,66.9873046875,-3.6962890625,-46.0205078125
24.4955759,66.8408203125,-4.2822265625,-51.5869140625
24.5324818,65.6689453125,-4.0380859375,-58.1298828125
24.558006,65.4248046875,-4.1845703125,-63.2080078125
24.5947896,64.4482421875,-5.5517578125,-67.5048828125
24.6147838,63.6669921875,-6.1376953125,-72.8759765625
24.6657113,62.5927734375,-7.0166015625,-76.9775390625
24.68431,62.0556640625,-7.9443359375,-81.4697265625
24.7092964,60.8837890625,-9.7021484375,-85.4248046875
24.7372146,60.2001953125,-9.6533203125,-89.8681640625
24.7748261,59.4189453125,-11.0693359375,-95.9716796875
24.7970678,58.2958984375,-11.5087890625,-100.8544921875
24.8326187,57.8076171875,-9.4091796875,-100.1220703125
24.857602,57.6611328125,-7.1630859375,-57.0068359375
24.8979316,58.2470703125,-6.0888671875,-5.5908203125
24.9162948,61.1279296875,-5.4541015625,13.7939453125
24.9523525,64.0576171875,-3.9892578125,16.7236328125
24.9789815,65.7666015625,-2.5244140625,12.4755859375
25.0273632,67.2802734375,-2.0849609375,9.1064453125
25.041416,68.9892578125,-1.7431640625,8.8623046875
25.0776843,69.9658203125,-1.9873046875,7.0068359375
25.0965702,70.3564453125,-1.6943359375,-1.3427734375
25.1376888,69.8681640625,-2.2314453125,-10.7177734375
25.1585542,69.4287109375,-2.3779296875,-14.1357421875
25.1967126,69.4775390625,-2.4755859375,-13.2080078125
25.2208167,68.5986328125,-2.8173828125,-13.5986328125
25.2480306,69.0380859375,-4.3798828125,-16.2841796875
25.2960239,68.4033203125,-4.6240234375,-22.8759765625
25.3150922,68.1103515625,-5.8447265625,-31.4697265625
25.3411516,66.5478515625,-6.3818359375,-39.3798828125
25.3793676,66.0107421875,-7.5537109375,-46.0205078125
25.3993225,65.7666015625,-8.3837890625,-52.4169921875
25.451823,64.7900390625,-9.2626953125,-58.8134765625
25.4718039,64.1552734375,-10.1416015625,-63.9404296875
25.4918153,62.8857421875,-12.1435546875,-68.9208984375
25.5218507,61.9580078125,-12.5830078125,-72.7294921875
25.5588329,61.5673828125,-13.7548828125,-77.8564453125
25.5828098,60.1513671875,-14.7314453125,-82.4951171875
25.6216366,59.8095703125,-16.6357421875,-86.1083984375
25.6415828,58.5888671875,-17.6123046875,-90.4541015625
25.6779049,58.0517578125,-19.4189453125,-94.6044921875
25.7047784,56.9287109375,-20.3466796875,-99.5361328125
25.7401765,56.2451171875,-20.6396484375,-105.6884765625
25.7590626,55.5615234375,-19.1748046875,-103.8330078125
25.8003124,58.2470703125,-18.0029296875,-54.7119140625
25.820283,60.9814453125,-17.4658203125,-7.5927734375
25.8532808,63.1787109375,-17.2216796875,9.6435546875
25.8827031,65.2783203125,-16.3916015625,9.1552734375
25.9192041,66.7919921875,-16.7333984375,2.9541015625
25.9409984,68.1591796875,-16.8310546875,-2.5146484375
25.9796213,68.9892578125,-16.9287109375,-4.8583984375
26.0060423,69.9169921875,-16.7822265625,-9.8388671875
26.0523571,69.1845703125,-17.3681640625,-20.0439453125
26.0736772,68.9404296875,-17.5634765625,-25.0244140625
26.0934929,68.6474609375,-16.9775390625,-23.5107421875
26.1301956,68.6474609375,-17.9541015625,-21.7529296875
26.1530151,68.4521484375,-18.8330078125,-22.9736328125
26.194585,67.6708984375,-19.4189453125,-27.5146484375
26.2137834,66.9873046875,-20.2490234375,-36.8408203125
26.2480846,66.4013671875,-20.9326171875,-44.1162109375
26.2707993,65.5224609375,-22.0068359375,-51.6845703125
26.3192125,64.8388671875,-22.3974609375,-58.0810546875
26.3410614,63.9111328125,-23.6181640625,-64.6728515625
26.3627522,63.0322265625,-24.4482421875,-69.7998046875
26.4029392,61.9580078125,-26.2060546875,-74.1455078125
26.4304579,61.7626953125,-27.1826171875,-77.6123046875
26.4761953,60.5419921875,-28.2568359375,-81.7138671875
26.4855124,59.5166015625,-29.3798828125,-85.3271484375
26.5223955,58.9794921875,-30.6982421875,-89.7216796875
26.5459052,57.8564453125,-31.4306640625,-95.0439453125
26.5822676,56.7333984375,-32.2607421875,-100.2685546875
26.6026862,56.7822265625,-29.9658203125,-94.5556640625
26.6399778,56.1474609375,-29.6240234375,-45.4345703125
26.667231,54.8291015625,-29.7216796875,-4.1259765625
26.7056138,55.8056640625,-28.6962890625,10.6201171875
26.7284152,58.9306640625,-27.4755859375,9.4482421875
26.7688112,62.1044921875,-27.2314453125,4.1748046875
26.7885409,63.7158203125,-27.4267578125,-0.0244140625
26.8186634,64.8388671875,-27.1826171875,-2.1728515625
26.8551844,65.9130859375,-27.5732421875,-6.6650390625
26.878429,67.1337890625,-27.9150390625,-17.4072265625
26.9137433,66.9384765625,-27.8662109375,-24.4384765625
26.9424233,67.0849609375,-27.9150390625,-23.6083984375
26.968704,65.8154296875,-28.3544921875,-22.3876953125
27.0071479,65.5224609375,-28.8427734375,-23.7548828125
27.0274772,66.1083984375,-29.9169921875,-29.3212890625
27.0669486,65.0830078125,-30.8447265625,-38.0126953125
27.0871342,64.7412109375,-30.6494140625,-46.1181640625
27.1217512,64.7900390625,-31.9189453125,-53.8818359375
27.1482796,63.6181640625,-32.0166015625,-60.7177734375
27.1900093,63.3251953125,-32.7978515625,-67.1142578125
27.2109598,62.6904296875,-34.6533203125,-72.3876953125
27.2480553,61.5673828125,-35.4833984375,-77.1240234375
27.267308,61.0791015625,-35.6298828125,-81.9091796875
27.3053281,60.0537109375,-36.4599609375,-85.8154296875
27.3286266,59.0771484375,-37.6318359375,-89.8681640625
27.3667727,58.7841796875,-38.8037109375,-94.4580078125
27.391798,58.2470703125,-39.8291015625,-98.5107421875
27.4305741,57.3193359375,-40.5126953125,-103.8330078125
27.4541912,56.5869140625,-41.8798828125,-108.5205078125
27.490167,55.4638671875,-41.6845703125,-113.3544921875
27.5105244,57.1728515625,-39.8779296875,-106.0791015625
27.5454082,59.8095703125,-39.4384765625,-51.2939453125
27.5724133,62.2998046875,-38.7548828125,-6.4697265625
27.614184,63.5693359375,-38.9501953125,9.4482421875
27.6331983,64.5947265625,-37.8271484375,9.4970703125
27.6767793,66.0107421875,-37.0458984375,4.2236328125
27.6971902,67.0849609375,-37.0947265625,0.3173828125
27.734566,66.6455078125,-36.7529296875,-0.4638671875
27.7513046,65.7666015625,-36.6064453125,-1.7333984375
27.7879358,66.1083984375,-36.4111328125,-11.6455078125
27.8110774,65.7666015625,-36.5087890625,-20.6298828125
27.846011,65.9130859375,-36.1669921875,-23.3154296875
27.8722814,65.5712890625,-36.8017578125,-22.4365234375
27.9085458,64.9853515625,-36.5576171875,-23.9990234375
27.9314731,64.5947265625,-37.2900390625,-26.9775390625
27.9713725,63.1787109375,-37.9736328125,-35.0341796875
27.992709,62.7880859375,-37.8759765625,-44.9462890625
28.0315595,62.5927734375,-38.3642578125,-52.5634765625
28.0549298,60.9814453125,-38.5595703125,-58.4716796875
28.0917546,60.4931640625,-39.3408203125,-64.3310546875
28.1109688,59.8583984375,-39.3408203125,-71.0205078125
28.1456586,58.6376953125,-40.1708984375,-75.7080078125
28.1749983,57.7587890625,-40.2685546875,-80.4931640625
28.2126334,57.0263671875,-41.2451171875,-85.0830078125
28.2371538,56.2939453125,-42.2216796875,-89.8193359375
28.2836438,55.0732421875,-42.8564453125,-93.9208984375
28.2959493,54.5849609375,-42.8564453125,-98.2177734375
28.3469353,53.9501953125,-43.8330078125,-102.8564453125
28.3528946,55.4150390625,-44.8095703125,-107.6416015625
28.3964414,58.6376953125,-45.2001953125,-112.5732421875
28.4162105,61.3232421875,-44.4189453125,-116.3330078125
28.4552896,63.6181640625,-43.5400390625,-92.7490234375
28.4773708,65.6689453125,-42.7099609375,-31.4208984375
28.5045983,66.6455078125,-42.7587890625,-0.6103515625
28.5420293,67.7685546875,-41.8310546875,6.9580078125
28.5653119,68.4033203125,-41.5869140625,3.4423828125
28.6141308,67.8662109375,-40.5126953125,-2.2705078125
28.6344182,69.0869140625,-39.7802734375,-5.9814453125
28.6560007,68.3544921875,-40.0244140625,-7.6904296875
28.7077884,67.9638671875,-39.8779296875,-13.1103515625
28.7303001,67.6708984375,-39.9755859375,-24.8779296875
28.746906,67.4755859375,-39.0478515625,-29.4189453125
28.7870367,66.8896484375,-38.6572265625,-29.4677734375
28.80791,65.8154296875,-39.3408203125,-28.1494140625
28.8508054,65.2294921875,-39.2431640625,-31.0791015625
28.8699481,64.6435546875,-39.0966796875,-36.4501953125
28.9071988,64.3017578125,-38.9990234375,-45.1416015625
28.9273481,62.2509765625,-39.5361328125,-53.8330078125
28.9618368,61.4208984375,-39.7314453125,-59.8388671875
28.9880158,60.8349609375,-40.0732421875,-66.5283203125
29.0243787,60.3955078125,-40.6103515625,-72.7783203125
29.0497594,58.5888671875,-41.0986328125,-78.6865234375
29.0905305,58.2470703125,-41.0009765625,-82.2509765625
29.1128256,57.7099609375,-41.7822265625,-86.5966796875
29.1529014,56.2939453125,-42.1728515625,-90.4541015625
29.1710633,55.9033203125,-42.2705078125,-94.3603515625
29.207509,54.5849609375,-43.4423828125,-98.3642578125
29.2302127,53.9501953125,-43.1005859375,-102.2216796875
29.2667449,55.9521484375,-44.4189453125,-107.4951171875
29.2928126,58.4912109375,-43.7353515625,-111.7919921875
29.3279442,61.4208984375,-42.4169921875,-110.5712890625
29.3494133,63.4228515625,-40.9521484375,-63.6962890625
29.3871485,64.8876953125,-40.8544921875,-16.3818359375
29.4086495,66.7919921875,-39.7314453125,0.4638671875
29.4480829,67.5732421875,-39.1455078125,0.8544921875
29.4708321,68.3544921875,-38.3642578125,-6.9580078125
29.5108301,68.5986328125,-37.9248046875,-15.1611328125
29.5317559,67.9150390625,-37.2900390625,-19.7509765625
29.571025,67.5732421875,-37.2412109375,-26.0498046875
29.5914291,67.1826171875,-37.0947265625,-36.8408203125
29.6273396,67.6708984375,-36.0693359375,-40.4541015625
29.6531871,66.6943359375,-36.0693359375,-37.5244140625
29.6975363,66.6943359375,-36.4111328125,-35.4248046875
29.7145609,65.1806640625,-35.9228515625,-36.7919921875
29.7546598,64.2041015625,-35.2880859375,-42.9931640625
29.7742658,63.7646484375,-35.1416015625,-51.2451171875
29.8218885,62.4951171875,-35.2392578125,-59.5947265625
29.8446465,62.1044921875,-35.7763671875,-65.8935546875
29.8672253,60.5908203125,-35.0439453125,-72.8271484375
29.906973,60.1025390625,-35.9228515625,-78.2958984375
29.9272707,58.9794921875,-36.1181640625,-83.3251953125
29.9646344,59.0283203125,-35.9228515625,-87.6708984375
29.9854003,58.1982421875,-35.3857421875,-90.7958984375
30.0281889,57.0751953125,-35.8251953125,-94.5556640625
30.0496746,56.3916015625,-36.4599609375,-97.9736328125
30.087281,55.6591796875,-36.0693359375,-101.7333984375
30.1076376,54.7802734375,-36.7041015625,-106.3232421875
30.1469347,53.4130859375,-35.3857421875,-111.6943359375
30.1660187,53.2666015625,-34.3115234375,-106.2255859375
30.2034462,53.6083984375,-32.8955078125,-55.6396484375
30.2241693,56.4404296875,-31.0400390625,-10.7177734375
30.2629801,58.6865234375,-30.2587890625,3.9306640625
30.2857882,60.6396484375,-28.2568359375,5.0537109375
30.3238005,61.8603515625,-26.4013671875,0.0244140625
30.3439131,63.0810546875,-25.4736328125,-4.1259765625
30.3815485,64.3017578125,-24.4970703125,-5.2490234375
30.4037481,64.0087890625,-23.6669921875,-8.5693359375
30.4523935,63.8134765625,-22.5927734375,-18.1884765625
30.4714132,64.0576171875,-22.1044921875,-25.6591796875
30.5060461,63.0810546875,-20.7861328125,-27.7099609375
30.542936,63.0322265625,-20.1025390625,-25.2685546875
30.5567747,62.9345703125,-19.1259765625,-26.5380859375
30.5960202,62.7880859375,-18.2470703125,-30.5419921875
30.6246021,62.2998046875,-18.5888671875,-39.0380859375
30.647472,61.7626953125,-18.3447265625,-47.1923828125
30.6863377,60.9326171875,-17.8564453125,-55.6884765625
30.7080496,60.3466796875,-17.4169921875,-61.4013671875
30.7453626,59.5654296875,-18.1982421875,-67.2119140625
30.7704287,58.7353515625,-17.3193359375,-72.6806640625
30.8255128,58.3447265625,-17.5634765625,-77.4169921875
30.826476,57.3681640625,-18.0517578125,-81.6162109375
30.8744737,56.4892578125,-18.0029296875,-85.9619140625
30.9064849,56.1474609375,-18.7841796875,-90.2099609375
30.9232841,55.2685546875,-19.2724609375,-93.9208984375
30.9701513,54.1943359375,-19.9072265625,-97.5830078125
30.9809731,53.8525390625,-20.3466796875,-102.6611328125
31.0307835,53.1689453125,-21.1767578125,-108.0322265625
31.0527366,54.1943359375,-20.2978515625,-112.0361328125
31.0695416,56.0986328125,-18.0517578125,-105.6884765625
31.1102386,58.8818359375,-15.4150390625,-51.0498046875
31.130259,60.5908203125,-14.5849609375,-7.6904296875
31.1735671,61.9091796875,-12.5830078125,7.0556640625
31.2033052,62.3974609375,-10.3857421875,7.1533203125
31.2191739,64.1552734375,-8.7744140625,2.4658203125
31.2550135,64.8876953125,-7.1142578125,-0.4638671875
31.2819062,63.8623046875,-6.6259765625,-0.6103515625
31.3194908,64.2529296875,-5.2099609375,-2.7587890625
31.3390821,63.4228515625,-4.6240234375,-12.3779296875
31.3746956,63.3740234375,-4.4775390625,-20.7763671875
31.3996696,63.4228515625,-3.1103515625,-23.6572265625
31.4378228,62.8857421875,-3.4521484375,-23.6572265625
31.4638772,62.1044921875,-2.6220703125,-23.6572265625
31.4999064,61.6162109375,-3.0126953125,-28.1494140625
31.5247967,61.2744140625,-3.3056640625,-34.4970703125
31.5624968,60.5419921875,-3.1103515625,-43.6279296875
31.5824358,58.9794921875,-3.3544921875,-51.0498046875
31.623216,58.4912109375,-3.5986328125,-57.9345703125
31.6545267,57.3681640625,-3.3056640625,-63.8427734375
31.6742322,56.6357421875,-4.5751953125,-69.2626953125
31.7180794,55.8056640625,-5.2099609375,-73.9501953125
31.7304739,55.6103515625,-6.2353515625,-79.7119140625
31.7688402,54.5849609375,-6.2841796875,-83.3251953125
31.7936174,53.6572265625,-7.4560546875,-87.0361328125
31.8429277,53.0224609375,-7.7978515625,-91.0888671875
31.8646179,52.7783203125,-8.9697265625,-96.1669921875
31.8863805,51.5087890625,-10.4345703125,-100.2685546875
31.924321,50.4833984375,-10.5810546875,-104.5654296875
31.9452635,50.7763671875,-12.5341796875,-109.3017578125
31.9772174,53.1201171875,-11.8505859375,-114.2333984375
32.0028307,56.3916015625,-10.1416015625,-115.1123046875
32.0403369,58.3935546875,-8.4326171875,-74.9267578125
32.0634076,59.5654296875,-6.8701171875,-20.5322265625
32.1001572,61.5185546875,-6.5771484375,0.1708984375
32.1258703,62.7392578125,-5.6494140625,3.2958984375
32.1689019,63.6669921875,-4.1357421875,-1.9287109375
32.1899369,64.4482421875,-3.8427734375,-8.9599609375
32.2307517,63.8623046875,-3.6962890625,-12.4755859375
32.2422021,62.7392578125,-3.6474609375,-14.7705078125
32.2813478,62.7392578125,-4.7216796875,-24.6826171875
32.3087655,62.6416015625,-4.2822265625,-32.4462890625
32.346535,62.2021484375,-4.3310546875,-32.6904296875
32.3666752,61.3720703125,-5.2587890625,-30.8837890625
32.4045797,61.0791015625,-5.0634765625,-30.5419921875
32.4248633,60.0537109375,-5.8935546875,-33.6181640625
32.4574791,59.5166015625,-6.3330078125,-41.2841796875
32.4863655,58.5400390625,-7.1142578125,-49.8291015625
32.5249176,57.9541015625,-7.7978515625,-56.7626953125
32.5477163,56.6845703125,-7.7978515625,-63.9404296875
32.5901032,55.2197265625,-9.7998046875,-69.2138671875
32.6119377,55.4638671875,-10.2880859375,-74.5849609375
32.6480924,54.1943359375,-11.2646484375,-78.1494140625
32.6686348,53.7548828125,-11.9970703125,-82.2021484375
32.7042283,53.3154296875,-13.6572265625,-86.3037109375
32.7290316,51.6064453125,-14.9267578125,-89.3798828125
32.7661442,51.6064453125,-15.3662109375,-93.8232421875
32.7927057,50.4833984375,-16.2451171875,-97.9248046875
32.839149,49.6533203125,-17.5634765625,-103.7353515625
32.8596363,48.5791015625,-16.5869140625,-107.0556640625
32.8813697,50.1904296875,-14.6337890625,-94.0185546875
32.920202,52.5830078125,-13.5595703125,-39.1357421875
32.9408094,55.0244140625,-13.0712890625,-5.2978515625
32.9800936,57.1728515625,-13.1689453125,4.2236328125
32.9995623,58.3447265625,-12.6318359375,1.1474609375
33.0370042,59.5166015625,-11.7041015625,-6.8115234375
33.0600009,60.6884765625,-11.0205078125,-12.5244140625
33.1057179,61.4208984375,-12.0947265625,-15.4541015625
33.1284346,61.3232421875,-12.2412109375,-24.6826171875
33.1528671,60.7861328125,-12.1923828125,-33.5205078125
33.1895082,60.5908203125,-12.9248046875,-35.1806640625
33.2101609,59.6630859375,-13.0712890625,-33.7646484375
33.246153,60.2978515625,-13.8037109375,-32.1533203125
33.2746663,59.7607421875,-14.4384765625,-35.1806640625
33.3121515,59.1748046875,-15.4150390625,-42.3095703125
33.3339637,58.8330078125,-15.2197265625,-51.0498046875
33.3675182,58.1005859375,-16.4404296875,-59.2529296875
33.394176,56.9775390625,-17.2216796875,-65.5029296875
33.4301599,56.0009765625,-17.8076171875,-72.8271484375
33.4529467,55.5126953125,-18.8330078125,-78.1494140625
33.4925857,54.2919921875,-19.7119140625,-82.5439453125
33.5160402,53.8525390625,-20.8837890625,-86.9873046875
33.553457,53.6083984375,-21.7626953125,-90.1123046875
33.5739064,52.0458984375,-23.0810546875,-93.9208984375
33.6089682,50.8251953125,-23.3740234375,-97.5830078125
33.6335562,50.6787109375,-24.8876953125,-101.2939453125
33.6713496,49.6533203125,-26.2060546875,-106.2744140625
33.6946818,48.8720703125,-26.4990234375,-110.9130859375
33.7333666,48.3349609375,-25.1318359375,-113.5009765625
33.7553901,48.1396484375,-24.3505859375,-82.2998046875
33.791564,49.9462890625,-23.7646484375,-23.8525390625
33.8128832,52.1435546875,-22.7880859375,1.6357421875
33.8509277,54.3408203125,-23.1298828125,7.8369140625
33.8749784,54.9755859375,-21.4208984375,5.4443359375
33.9239909,55.9521484375,-21.0791015625,-0.1220703125
33.9431114,57.2216796875,-20.7861328125,-1.2451171875
33.9791765,57.4169921875,-20.4443359375,-1.6845703125
33.9932626,58.2470703125,-21.4697265625,-7.4462890625
34.0297596,57.3193359375,-20.2978515625,-18.0419921875
34.0556313,56.6357421875,-20.6396484375,-23.7060546875
34.0943659,57.3193359375,-20.4931640625,-23.2666015625
34.1182282,56.7333984375,-20.8349609375,-23.1201171875
34.157631,56.7333984375,-21.4697265625,-24.8779296875
34.1771996,55.9033203125,-21.8115234375,-31.2744140625
34.2162783,55.6103515625,-22.1533203125,-39.5263671875
34.2354345,54.9755859375,-23.6181640625,-48.1201171875
34.2825987,54.7802734375,-24.3017578125,-54.8583984375
34.3044943,53.8037109375,-24.5947265625,-60.4248046875
34.3406238,53.3154296875,-25.5712890625,-66.2841796875
34.3612936,52.5341796875,-26.0107421875,-71.5087890625
34.3982947,51.6064453125,-26.7431640625,-75.6591796875
34.4186306,50.7275390625,-27.7685546875,-80.5419921875
34.4549898,50.0927734375,-28.5498046875,-84.4970703125
34.4764285,50.0439453125,-29.0869140625,-88.5009765625
34.5131699,48.8232421875,-30.8447265625,-92.8466796875
34.5361661,47.9443359375,-31.6259765625,-96.6552734375
34.5739804,47.4560546875,-32.4560546875,-101.9287109375
34.5993858,46.8212890625,-32.3583984375,-106.8115234375
34.6351856,47.8466796875,-31.3818359375,-107.3974609375
34.6639518,50.8251953125,-30.7958984375,-68.2373046875
34.7049147,53.9013671875,-30.4052734375,-13.9404296875
34.721917,55.1220703125,-29.6240234375,6.6162109375
34.7604704,56.5380859375,-29.5263671875,10.5712890625
34.7809331,57.8564453125,-27.9150390625,6.9091796875
34.8190742,58.6376953125,-27.9638671875,1.9287109375
34.8416653,60.0048828125,-28.0126953125,0.1708984375
34.8805405,59.2236328125,-27.8173828125,0.0732421875
34.9001425,59.6142578125,-28.1591796875,-7.9833984375
34.9355287,59.1259765625,-28.0126953125,-17.4560546875
34.9610815,58.7353515625,-28.2568359375,-21.3134765625
35.0005298,58.5888671875,-28.5986328125,-20.7275390625
35.0206843,57.7587890625,-27.9638671875,-21.1181640625
35.0558415,57.6611328125,-28.5498046875,-24.5849609375
35.0780537,57.0263671875,-28.6474609375,-30.8349609375
35.1151984,56.9775390625,-29.3798828125,-39.2333984375
35.1388618,55.9033203125,-30.5029296875,-46.9482421875
35.1776405,55.0732421875,-31.0400390625,-53.5888671875
35.2043133,54.1455078125,-31.8212890625,-60.2294921875
35.241902,53.7548828125,-32.0654296875,-65.9912109375
35.2634737,52.5341796875,-33.2373046875,-70.5322265625
35.3014931,51.9482421875,-33.6279296875,-75.0244140625
35.3232239,51.5087890625,-34.8486328125,-79.3212890625
35.3607809,50.3857421875,-35.4345703125,-83.7158203125
35.3819512,49.9462890625,-36.1181640625,-87.4267578125
35.4219903,49.2138671875,-36.8017578125,-91.2353515625
35.4422634,48.3349609375,-37.5341796875,-95.4345703125
35.4845572,48.2373046875,-38.8525390625,-99.8291015625
35.5140058,47.2119140625,-38.9013671875,-104.3212890625
35.5369107,48.6279296875,-38.4130859375,-108.8134765625
35.5740501,51.3623046875,-36.7529296875,-87.0849609375
35.5946396,54.0966796875,-35.9716796875,-29.1259765625
35.6376624,55.7568359375,-36.1181640625,0.9521484375
35.6593062,57.1240234375,-35.5322265625,7.7880859375
35.6965091,58.9306640625,-34.8486328125,2.9541015625
35.7165691,59.6630859375,-35.6298828125,-4.9072265625
35.7518633,60.7861328125,-35.0439453125,-9.3994140625
35.7759521,60.2001953125,-35.1416015625,-12.6708984375
35.8177438,59.9072265625,-34.8486328125,-20.7763671875
35.8358547,59.8095703125,-34.6044921875,-29.9072265625
35.8725353,59.5166015625,-35.1416015625,-31.0302734375
35.8943011,59.1259765625,-34.4091796875,-29.4677734375
35.9361875,58.8818359375,-35.0927734375,-27.7099609375
35.9666846,58.7353515625,-35.0927734375,-29.6630859375
36.0123827,57.8564453125,-35.2880859375,-36.6943359375
36.0164306,57.0263671875,-36.0693359375,-44.6044921875
36.0529957,56.2451171875,-36.6552734375,-51.9775390625
36.0825048,55.1708984375,-37.1435546875,-58.4716796875
36.1188759,54.3408203125,-37.2900390625,-64.9658203125
36.1387878,53.5595703125,-37.5830078125,-69.9462890625
36.1763909,53.1689453125,-38.1201171875,-75.2685546875
36.1965079,51.8017578125,-38.2177734375,-78.8818359375
36.235511,51.1181640625,-38.9013671875,-81.7138671875
36.257364,51.0205078125,-39.7314453125,-85.4736328125
36.2973268,49.7509765625,-39.8779296875,-89.7216796875
36.3197196,48.7744140625,-41.1474609375,-94.4580078125
36.357569,47.4560546875,-40.2685546875,-98.8525390625
36.3767202,47.0654296875,-38.8037109375,-91.7236328125
36.4129363,47.2119140625,-37.8759765625,-42.4072265625
36.4402051,46.2841796875,-37.6318359375,-3.7353515625
36.4775977,46.4794921875,-36.8017578125,9.3017578125
36.5003206,48.0908203125,-36.4599609375,8.6669921875
36.5374668,50.4833984375,-35.7275390625,2.9541015625
36.5568426,52.8759765625,-34.9951171875,-3.0517578125
36.5942987,53.9990234375,-34.2138671875,-5.2490234375
36.6184681,55.2197265625,-35.0927734375,-11.0107421875
36.6699767,56.0986328125,-34.6044921875,-21.9970703125
36.6908032,56.3916015625,-33.4326171875,-27.2705078125
36.7280441,57.2705078125,-33.1396484375,-26.3427734375
36.7385859,56.9775390625,-33.3837890625,-24.1943359375
36.7756509,56.0009765625,-33.1396484375,-26.3427734375
36.7992404,56.3916015625,-33.3349609375,-32.6416015625
36.8428104,55.7080078125,-33.6279296875,-40.6982421875
36.8637607,55.6591796875,-33.7744140625,-49.8291015625
36.9027157,55.4638671875,-33.6279296875,-55.7373046875
36.922755,54.1943359375,-34.0185546875,-63.1103515625
36.9588318,54.5361328125,-33.8232421875,-68.7255859375
36.978943,53.6572265625,-34.7509765625,-73.6083984375
37.014362,53.2666015625,-34.1650390625,-77.1728515625
37.0400214,52.0458984375,-35.7275390625,-81.9580078125
37.0902832,51.5576171875,-34.9951171875,-85.4248046875
37.1099339,50.4833984375,-35.4833984375,-89.1845703125
37.14461,49.8974609375,-36.6552734375,-93.7255859375
37.1655847,49.1162109375,-37.0947265625,-98.2177734375
37.2019576,49.0673828125,-36.7041015625,-103.3447265625
37.222716,48.0908203125,-35.5810546875,-104.7119140625
37.2592004,47.5048828125,-33.5791015625,-67.4072265625
37.2913267,46.6748046875,-31.9189453125,-12.7685546875
37.3383895,45.7470703125,-32.0166015625,9.9853515625
37.3577999,46.5283203125,-30.3564453125,14.7216796875
37.3725281,49.5556640625,-28.6962890625,11.9384765625
37.4081675,51.5087890625,-27.5244140625,8.3740234375
37.4336603,53.4130859375,-26.9873046875,7.8369140625
37.475243,54.3896484375,-26.4990234375,7.4462890625
37.4958721,54.4873046875,-25.9130859375,1.6845703125
37.5282846,55.6103515625,-24.9365234375,-9.8876953125
37.5531268,56.5380859375,-25.0341796875,-15.1123046875
37.5903915,56.1962890625,-23.5693359375,-15.2587890625
37.615064,55.8056640625,-23.5205078125,-14.1845703125
37.6577884,55.6103515625,-24.1064453125,-17.3095703125
37.6764249,55.2685546875,-23.4716796875,-23.4619140625
37.7130402,54.9755859375,-23.8134765625,-32.5927734375
37.7345186,54.4384765625,-23.7158203125,-40.7470703125
37.7731971,54.0478515625,-23.7646484375,-46.8994140625
37.7948813,53.5107421875,-23.3740234375,-52.9541015625
37.8298566,52.7294921875,-24.2041015625,-59.3017578125
37.8552526,52.2900390625,-24.3505859375,-64.6728515625
37.8917149,51.2158203125,-24.7412109375,-69.3603515625
37.9172841,50.7763671875,-25.2783203125,-73.3642578125
37.952834,49.6533203125,-25.1318359375,-78.1494140625
37.974612,49.1162109375,-25.9619140625,-82.7880859375
38.0121555,48.3349609375,-26.4013671875,-87.4267578125
38.0368841,47.8466796875,-26.4501953125,-91.2353515625
38.0725371,47.2119140625,-27.3291015625,-95.7763671875
38.0973102,46.2353515625,-28.2080078125,-100.8544921875
38.1345548,44.9658203125,-27.5244140625,-105.2001953125
38.1588691,44.6728515625,-25.5224609375,-103.4423828125
38.1951278,44.0380859375,-24.3505859375,-58.5205078125
38.2167344,46.1376953125,-23.3251953125,-5.6884765625
38.2586065,48.1396484375,-22.0068359375,13.6962890625
38.2798371,51.1181640625,-20.4443359375,14.9169921875
38.316388,52.4853515625,-19.2724609375,11.0595703125
38.3381629,53.7060546875,-18.6865234375,6.2744140625
38.3739871,55.4150390625,-17.6123046875,5.2490234375
38.3962759,56.1474609375,-17.2216796875,3.4423828125
38.4350729,56.8798828125,-16.2451171875,-5.2978515625
38.4569203,56.8798828125,-15.0244140625,-15.1123046875
38.4937747,56.7822265625,-15.1708984375,-18.6279296875
38.517978,56.9775390625,-14.7802734375,-18.0908203125
38.555968,56.1474609375,-14.5849609375,-18.6767578125
38.5792617,56.1962890625,-14.0478515625,-21.7041015625
38.6147439,56.7822265625,-13.9013671875,-28.7841796875
38.6428874,55.1708984375,-14.0966796875,-36.9873046875
38.680321,55.1708984375,-13.8037109375,-44.1650390625
38.7011168,53.9013671875,-14.4873046875,-51.3427734375
38.7374323,53.1689453125,-14.4873046875,-57.9833984375
38.7611172,52.8759765625,-14.7802734375,-63.7939453125
38.7999396,52.0947265625,-14.7802734375,-68.6767578125
38.8230862,50.7275390625,-15.6591796875,-73.7548828125
38.8718729,50.3369140625,-16.2451171875,-77.8564453125
38.9031489,49.5068359375,-16.8310546875,-82.3974609375
38.912287,48.8720703125,-17.4169921875,-86.2060546875
38.9539782,48.0908203125,-18.6865234375,-90.0634765625
38.9737411,47.3095703125,-19.1748046875,-94.4091796875
39.0125654,46.5283203125,-20.2001953125,-98.6083984375
39.0342548,46.3818359375,-21.6162109375,-103.5400390625
39.067883,45.0146484375,-19.5166015625,-107.6904296875
39.0929118,44.6728515625,-17.6611328125,-103.8818359375
39.1316609,45.6005859375,-15.9033203125,-52.8564453125
39.1544745,48.0419921875,-15.6591796875,-6.4697265625
39.188157,50.9228515625,-14.0478515625,8.1298828125
39.2112723,52.7783203125,-12.9736328125,7.6416015625
39.2515027,53.7548828125,-12.3388671875,0.6103515625
39.2748995,55.3662109375,-11.5087890625,-7.3486328125
39.3143383,56.7333984375,-11.4599609375,-11.3037109375
39.3421009,57.1728515625,-11.6064453125,-15.9912109375
39.3831116,57.4658203125,-11.0693359375,-26.5869140625
39.3944091,56.8798828125,-11.1181640625,-30.8349609375
39.4323672,57.0263671875,-10.7763671875,-29.4677734375
39.4558588,56.2939453125,-11.1181640625,-27.0751953125
39.4934654,56.4892578125,-11.1181640625,-28.1494140625
39.514345,55.7080078125,-11.1669921875,-33.0810546875
39.5515989,55.2197265625,-11.6064453125,-41.6748046875
39.5769363,54.0966796875,-12.4853515625,-49.1455078125
39.6223526,53.9501953125,-12.0458984375,-57.2021484375
39.6433441,52.8271484375,-13.1201171875,-63.6474609375
39.6850468,51.9970703125,-13.9990234375,-69.0185546875
39.7052588,51.9482421875,-13.9501953125,-74.3408203125
39.7401195,50.1904296875,-15.5126953125,-79.4189453125
39.760179,49.8974609375,-15.7080078125,-83.0322265625
39.7940867,48.5791015625,-16.7822265625,-86.3525390625
39.8148506,48.0908203125,-18.1494140625,-89.8193359375
39.8525914,47.6513671875,-19.0283203125,-94.7509765625
39.8765739,46.5771484375,-19.4189453125,-98.7060546875
39.9156979,46.2841796875,-18.9306640625,-103.6376953125
39.9365175,45.6494140625,-17.3681640625,-103.1982421875
39.9840557,44.7705078125,-15.7080078125,-61.6943359375
40.0044228,44.5751953125,-15.0244140625,-10.0830078125
40.0420701,43.9404296875,-13.9013671875,8.0810546875
40.0612974,46.0888671875,-13.3642578125,10.4736328125
40.0985249,48.2861328125,-12.3388671875,4.7607421875
40.1185878,50.7275390625,-11.7529296875,-2.0263671875
40.1564174,52.1923828125,-11.8505859375,-5.1025390625
40.1768573,53.4619140625,-11.9482421875,-8.1298828125
40.2124485,53.3642578125,-11.8505859375,-19.5068359375
40.239951,53.9990234375,-11.0693359375,-27.3681640625
40.2753364,54.2919921875,-11.0693359375,-28.0517578125
40.3006834,53.7548828125,-11.3623046875,-26.6357421875
40.3421159,53.8525390625,-12.0458984375,-27.0751953125
40.3641017,53.5595703125,-12.5830078125,-30.6396484375
40.4008013,53.4130859375,-12.8759765625,-38.8916015625
40.4213552,53.3642578125,-13.2666015625,-48.0712890625
40.4577539,52.6318359375,-14.5849609375,-55.9326171875
40.4825759,51.8505859375,-14.8291015625,-62.6708984375
40.5170689,51.8994140625,-15.8544921875,-68.5302734375
40.5416609,50.6298828125,-16.3427734375,-73.6572265625
40.5816813,50.3369140625,-17.0263671875,-78.4423828125
40.6018995,49.4580078125,-18.2470703125,-83.1298828125
40.6391429,48.9208984375,-18.6865234375,-87.1826171875
40.6712888,47.7001953125,-19.8583984375,-90.4541015625
40.719422,47.5048828125,-20.8837890625,-95.0927734375
40.7385118,46.2841796875,-22.2998046875,-98.6083984375
40.7555738,46.2841796875,-23.3740234375,-102.2216796875
40.7988004,44.7705078125,-24.4482421875,-107.1044921875
40.8191607,44.2333984375,-23.6181640625,-112.2802734375
40.858014,44.0869140625,-21.3720703125,-108.8134765625
40.8773594,44.6240234375,-20.5908203125,-60.1806640625
40.9219339,47.3583984375,-19.4189453125,-7.8857421875
40.940211,50.1904296875,-19.3701171875,11.4013671875
40.9765557,52.0458984375,-18.2958984375,13.9892578125
40.998106,52.7294921875,-17.6123046875,9.0576171875
41.0328458,53.5107421875,-16.9287109375,3.0029296875
41.0521201,54.8291015625,-16.2939453125,1.8310546875
41.0866333,54.7802734375,-17.0751953125,0.3173828125
41.1148571,54.8779296875,-17.2705078125,-8.2763671875
41.1510169,54.3896484375,-16.8798828125,-18.6767578125
41.1764051,54.3408203125,-17.3193359375,-22.6318359375
41.2159106,54.3408203125,-17.2705078125,-22.1435546875
41.2356451,53.4130859375,-17.3681640625,-22.4853515625
41.2735957,52.9736328125,-18.4423828125,-25.8544921875
41.2949223,53.0224609375,-19.5166015625,-32.5927734375
41.3330347,52.5830078125,-19.2724609375,-41.0400390625
41.3570092,51.9970703125,-19.8583984375,-48.9501953125
41.4032921,51.3623046875,-21.1279296875,-55.8837890625
41.4224647,50.4833984375,-21.5673828125,-62.2802734375
41.4585436,49.4580078125,-22.7392578125,-67.8955078125
41.4804744,48.4326171875,-23.4228515625,-73.5595703125
41.5179288,48.2373046875,-24.5458984375,-77.9541015625
41.5397615,47.4560546875,-25.4248046875,-81.9580078125
41.5780331,46.0888671875,-27.1337890625,-85.2294921875
41.5996998,45.9912109375,-28.0126953125,-90.2099609375
41.6359335,45.6982421875,-29.0380859375,-93.0419921875
41.6588483,44.6240234375,-29.9658203125,-97.5830078125
41.6958418,43.8916015625,-30.7958984375,-102.2705078125
41.7161265,44.3798828125,-31.3330078125,-106.5185546875
41.7514736,45.4052734375,-29.9658203125,-108.9111328125
41.7772807,48.6279296875,-29.6728515625,-76.3427734375
41.8145339,50.9228515625,-28.7939453125,-17.3095703125
41.8363615,52.7783203125,-28.9892578125,6.0302734375
41.8702374,54.0478515625,-28.3056640625,9.6923828125
41.8990069,55.5126953125,-27.5732421875,4.1748046875
41.9413573,56.3916015625,-28.2568359375,-4.9072265625
41.9611856,56.9775390625,-27.9150390625,-9.6435546875
41.9932627,56.5869140625,-28.3056640625,-13.0615234375
42.020036,56.0986328125,-28.4521484375,-24.4384765625
42.0589213,55.7568359375,-28.4033203125,-31.9091796875
42.0799917,55.9033203125,-28.2568359375,-32.2509765625
42.1127844,56.3916015625,-28.3544921875,-29.6142578125
42.141026,55.6591796875,-28.5986328125,-28.6865234375
42.178281,54.9267578125,-28.8427734375,-31.2744140625
42.1997897,54.4873046875,-29.8193359375,-38.0126953125
42.2366726,53.0712890625,-29.6728515625,-46.4111328125
42.2603635,52.4853515625,-30.6005859375,-54.7119140625
42.2974763,52.1923828125,-31.8701171875,-61.2060546875
42.32331,51.1181640625,-32.1142578125,-67.1142578125
42.3622519,50.0439453125,-32.5048828125,-72.1435546875
42.3832617,49.5556640625,-33.0908203125,-76.5380859375
42.4246464,48.8232421875,-34.0673828125,-80.9814453125
42.4456058,48.0419921875,-35.1416015625,-84.1552734375
42.4883896,47.2119140625,-35.7763671875,-87.3291015625
42.5080123,46.2353515625,-36.3623046875,-92.0654296875
42.5397757,45.7958984375,-37.1923828125,-96.7041015625
42.5634942,44.9169921875,-36.3134765625,-100.7568359375
42.6013612,44.4775390625,-34.9951171875,-93.0419921875
42.6229463,43.3056640625,-33.8232421875,-39.4775390625
42.6749732,43.2080078125,-33.4326171875,0.7568359375
42.7043384,45.1123046875,-32.7978515625,13.6962890625
42.7123385,47.7490234375,-32.0654296875,12.5244140625
42.749185,50.3369140625,-31.1376953125,5.1513671875
42.7847803,51.8017578125,-30.1123046875,-0.4638671875
42.8017623,53.5595703125,-30.5029296875,-2.2705078125
42.8364228,54.8291015625,-30.5029296875,-8.5205078125
42.8785165,55.5126953125,-29.9169921875,-19.3603515625
42.8979519,56.1474609375,-29.0869140625,-24.6826171875
42.9342718,55.4638671875,-29.6240234375,-23.9990234375
42.9540986,55.4638671875,-29.1845703125,-22.6318359375
43.0020115,54.9755859375,-30.7470703125,-23.3642578125
43.0245178,54.6826171875,-29.9169921875,-29.4189453125
43.064041,55.0732421875,-30.5517578125,-38.6474609375
43.0851636,53.9013671875,-30.6494140625,-46.7041015625
43.1203861,53.4130859375,-31.5283203125,-54.0771484375
43.1410565,53.4130859375,-32.1142578125,-60.4736328125
43.1803169,52.3876953125,-32.3583984375,-66.6748046875
43.1996281,51.0205078125,-32.9443359375,-71.3134765625
43.2511798,50.5810546875,-33.6279296875,-76.3427734375
43.2729816,49.7021484375,-34.3603515625,-80.6884765625
43.2869727,48.9697265625,-34.9462890625,-84.3017578125
43.3238252,48.1884765625,-35.7763671875,-88.2568359375
43.3460237,48.0419921875,-36.5576171875,-91.9189453125
43.3940496,46.5771484375,-37.4365234375,-95.9228515625
43.4138725,45.6494140625,-37.5341796875,-100.9033203125
43.4534021,45.2099609375,-36.3623046875,-104.4189453125
43.4743039,44.4775390625,-33.9208984375,-87.3291015625
43.5129422,43.5986328125,-33.8232421875,-26.0009765625
43.5340352,43.1591796875,-32.3583984375,8.0810546875
43.5833623,42.4755859375,-31.5771484375,19.0185546875
43.6014899,42.6220703125,-31.2353515625,18.0419921875
43.6155907,43.6474609375,-30.2099609375,14.0869140625
43.659783,46.7236328125,-29.0380859375,11.5966796875
43.6801193,48.1396484375,-29.0869140625,11.8408203125
43.714947,49.5068359375,-28.4033203125,8.6181640625
43.7403039,50.0927734375,-28.0615234375,-0.8544921875
43.7795366,51.1181640625,-28.0615234375,-7.8857421875
43.8002476,51.7041015625,-27.2314453125,-9.8876953125
43.837284,51.8017578125,-27.3779296875,-8.8623046875
43.8582377,51.4111328125,-27.2802734375,-9.2041015625
43.8947252,51.5576171875,-27.8173828125,-13.8916015625
43.9267996,51.0205078125,-27.7685546875,-21.6552734375
43.9632742,51.3134765625,-28.4033203125,-29.7119140625
43.9834872,50.4833984375,-28.6962890625,-36.3037109375
44.0161739,50.2392578125,-29.0380859375,-42.8955078125
44.043232,50.2392578125,-29.0380859375,-48.5107421875
44.0822832,49.4580078125,-29.3310546875,-54.0283203125
44.1038238,48.9208984375,-30.4052734375,-58.1787109375
44.1427026,48.0419921875,-31.7236328125,-62.8173828125
44.1634909,47.0654296875,-31.8701171875,-67.0166015625
44.2013051,46.2841796875,-32.6513671875,-70.9228515625
44.2226733,45.8447265625,-33.4814453125,-74.3408203125
44.2609816,44.8193359375,-34.6533203125,-78.6376953125
44.287134,44.8193359375,-34.8486328125,-83.2763671875
44.3353204,43.6962890625,-35.5322265625,-88.1591796875
44.3560158,42.9638671875,-34.2626953125,-92.7978515625
44.3739657,42.7197265625,-32.6025390625,-83.3740234375
44.4145087,42.1337890625,-32.8466796875,-28.6865234375
44.4335876,41.6455078125,-30.9912109375,9.9853515625
44.4699814,42.2802734375,-30.6982421875,21.8505859375
44.4930168,44.6728515625,-29.7705078125,22.0458984375
44.530943,47.2119140625,-28.5986328125,17.9443359375
44.5564673,49.0673828125,-28.0615234375,14.9169921875
44.6013422,49.8486328125,-28.0615234375,13.9404296875
44.6219845,50.4833984375,-28.1103515625,10.9130859375
44.6564227,51.8994140625,-27.1337890625,1.8310546875
44.6769414,52.6806640625,-26.5478515625,-3.8330078125
44.7141064,52.0947265625,-26.8896484375,-2.5146484375
44.7334498,51.8994140625,-26.8408203125,-1.8310546875
44.7683626,51.7041015625,-26.8896484375,-2.2705078125
44.7944113,51.3623046875,-27.5732421875,-6.7138671875
44.8346844,51.0205078125,-27.9150390625,-12.5732421875
44.8564954,50.7763671875,-27.3291015625,-19.5068359375
44.8921397,49.6044921875,-27.8173828125,-25.6103515625
44.9141675,48.8232421875,-28.5009765625,-31.7626953125
44.9636292,48.0419921875,-29.0869140625,-38.0126953125
44.984194,47.8955078125,-29.6240234375,-42.9931640625
45.0215191,46.8701171875,-29.3310546875,-45.8251953125
45.0430616,46.3818359375,-30.3564453125,-48.9013671875
45.0768563,45.8935546875,-30.6005859375,-52.8076171875
45.1015146,44.3798828125,-30.9423828125,-56.1767578125
45.1360638,44.1357421875,-31.9677734375,-60.7666015625
45.1578097,43.5009765625,-31.6748046875,-65.4052734375
45.195852,43.1591796875,-30.3564453125,-69.5556640625
45.2175327,42.4267578125,-29.1845703125,-50.5615234375
45.2587552,41.3525390625,-27.5732421875,-1.7333984375
45.2806998,40.5224609375,-27.3779296875,22.7294921875
45.3207896,39.7900390625,-26.6455078125,30.4443359375
45.3411853,39.3505859375,-25.8642578125,28.2958984375
45.3795708,40.3271484375,-24.7412109375,23.5595703125
45.3979756,42.6220703125,-24.6923828125,20.3857421875
45.4329551,44.9658203125,-24.5458984375,17.8955078125
45.4619141,47.2119140625,-23.6669921875,9.3017578125
45.5009609,48.6767578125,-22.4951171875,2.8564453125
45.5201337,50.0927734375,-23.0810546875,2.6123046875
45.5726049,50.5322265625,-22.6416015625,5.5419921875
45.5937147,51.2158203125,-22.9345703125,6.3232421875
45.6109507,51.6064453125,-23.1787109375,2.2216796875
45.6462434,51.0693359375,-22.7392578125,-4.0283203125
45.6684571,50.7275390625,-23.1787109375,-11.4013671875
45.7032553,50.4345703125,-23.6669921875,-18.0908203125
45.7300439,50.1904296875,-23.9599609375,-23.3154296875
45.7669048,50.4833984375,-24.1552734375,-29.6630859375
45.7924007,49.5556640625,-23.6181640625,-35.0830078125
45.8396282,49.0185546875,-24.3994140625,-40.2587890625
45.8596695,47.9931640625,-25.2783203125,-43.1884765625
45.8939163,47.2607421875,-25.5712890625,-46.9970703125
45.9143228,47.0654296875,-26.4501953125,-50.1708984375
45.9535484,46.3330078125,-27.1826171875,-55.3466796875
45.9752731,44.8681640625,-27.4755859375,-60.7177734375
46.0163739,44.1357421875,-25.6201171875,-64.2333984375
46.0364856,43.2568359375,-23.8134765625,-51.7822265625
46.0754578,42.5244140625,-22.2998046875,0.5126953125
46.097599,41.6943359375,-21.7138671875,30.9326171875
46.1343261,41.3037109375,-20.0537109375,41.5283203125
46.1543418,40.4736328125,-18.3447265625,42.6513671875
46.187845,39.9853515625,-17.6611328125,40.7470703125
46.2180498,39.1064453125,-16.5869140625,40.1123046875
46.2624049,39.8388671875,-16.4892578125,42.0654296875
46.2814999,38.7158203125,-15.8056640625,38.7451171875
46.3210906,40.2783203125,-16.0009765625,30.8837890625
46.3397815,42.9638671875,-14.9755859375,24.4384765625
46.3874026,44.2822265625,-14.8779296875,23.8525390625
46.4074314,45.8935546875,-14.7314453125,24.7802734375
46.4213753,46.4306640625,-15.2685546875,23.9990234375
46.4669072,47.3583984375,-14.8291015625,19.8974609375
46.4859804,48.0908203125,-15.7080078125,13.6962890625
46.5204538,48.2861328125,-16.3427734375,6.8603515625
46.5459751,47.7490234375,-15.9033203125,1.1962890625
46.5788187,47.0166015625,-16.3427734375,-4.4189453125
46.6080809,47.5048828125,-16.6357421875,-10.1806640625
46.6458539,47.3095703125,-17.4169921875,-16.0400390625
46.6666372,46.7236328125,-18.5400390625,-20.0927734375
46.7009762,46.2353515625,-18.7841796875,-24.5849609375
46.7253397,45.9912109375,-19.2724609375,-29.6630859375
46.7626037,44.4775390625,-20.0048828125,-33.7646484375
46.7876361,44.6728515625,-21.1279296875,-38.1591796875
46.8260175,43.8916015625,-22.1533203125,-42.9443359375
46.8487422,43.3056640625,-23.6669921875,-46.8017578125
46.8881358,42.6220703125,-23.8623046875,-51.4892578125
46.9082969,42.5244140625,-25.0830078125,-57.2021484375
46.9541782,41.4013671875,-23.9111328125,-61.7431640625
46.985455,40.4736328125,-22.5439453125,-57.0068359375
46.994258,40.2783203125,-21.7626953125,-3.8818359375
47.034661,39.5947265625,-21.2744140625,34.5458984375
47.0593559,39.1064453125,-20.7373046875,48.9013671875
47.1100604,38.2763671875,-19.3701171875,51.8798828125
47.1293111,39.0087890625,-18.9794921875,50.4638671875
47.147603,41.0107421875,-18.2470703125,48.6083984375
47.1824415,43.4521484375,-18.2958984375,49.4384765625
47.2324855,45.3564453125,-18.4912109375,48.5595703125
47.2632394,46.3818359375,-18.1005859375,41.0888671875
47.2703212,47.3095703125,-18.0517578125,33.9599609375
47.3083573,48.3349609375,-17.7587890625,31.8603515625
47.3295429,49.7021484375,-18.4912109375,33.2275390625
47.3650309,48.7744140625,-18.1982421875,32.4462890625
47.3894212,48.1884765625,-20.3466796875,30.2001953125
47.4250322,48.1396484375,-19.5654296875,24.0966796875
47.452606,47.9931640625,-20.1025390625,17.6025390625
47.4907704,48.4814453125,-20.7373046875,10.7666015625
47.5110248,47.6025390625,-21.2255859375,4.7607421875
47.5631323,47.0654296875,-22.4462890625,-1.3427734375
47.5937917,46.6748046875,-23.2275390625,-6.0302734375
47.5995953,45.9423828125,-24.2529296875,-10.9130859375
47.6374814,45.0634765625,-24.8876953125,-14.7705078125
47.6631247,44.6728515625,-25.3759765625,-19.4580078125
47.6995366,44.0380859375,-26.2060546875,-23.6572265625
47.7202102,43.1591796875,-27.4267578125,-28.1982421875
47.7592431,42.1826171875,-28.4033203125,-32.1533203125
47.7824141,41.4990234375,-29.4775390625,-36.7919921875
47.8156714,40.6201171875,-30.8447265625,-42.5048828125
47.844818,39.9853515625,-30.3564453125,-46.9970703125
47.8839345,39.7412109375,-29.6240234375,-51.0498046875
47.9038206,39.0087890625,-28.9892578125,-22.3388671875
47.9414785,37.8857421875,-28.8427734375,27.1240234375
47.9624617,37.8857421875,-28.3056640625,48.5595703125
47.9978229,38.5205078125,-28.3056640625,54.3212890625
48.0258179,40.9619140625,-28.3544921875,51.3427734375
48.0630191,43.1103515625,-27.4755859375,46.1181640625
48.0848195,45.7470703125,-27.3779296875,44.9462890625
48.1202706,47.2119140625,-28.5498046875,42.7490234375
48.1491403,48.8720703125,-27.8662109375,34.6435546875
48.1873476,50.2392578125,-28.3544921875,27.1728515625
48.2073864,51.0693359375,-28.6962890625,27.4658203125
48.2548205,51.1669921875,-28.3544921875,29.8583984375
48.2750912,50.9716796875,-28.5986328125,29.9072265625
48.3136218,51.1181640625,-30.1123046875,26.5869140625
48.3319141,50.7275390625,-30.1611328125,21.5087890625
48.3795872,50.1904296875,-31.0400390625,14.1845703125
48.4013237,50.2880859375,-31.4306640625,7.6904296875
48.4185301,50.0927734375,-31.8701171875,0.7568359375
48.4588277,49.2626953125,-32.3095703125,-5.3955078125
48.4803014,49.3603515625,-33.3349609375,-11.5478515625
48.5214194,48.6767578125,-34.5068359375,-15.3076171875
48.5419476,47.4072265625,-35.1904296875,-19.4091796875
48.5787819,46.7236328125,-35.7275390625,-23.9501953125
48.599872,46.0888671875,-36.8017578125,-27.2216796875
48.6457859,45.4052734375,-37.5830078125,-31.7138671875
48.6671781,44.4775390625,-38.7548828125,-37.2802734375
48.7105766,44.3310546875,-38.9501953125,-43.8720703125
48.7301102,43.8916015625,-37.9248046875,-46.3134765625
48.7491765,42.3291015625,-37.1923828125,-21.5576171875
48.7901906,41.5478515625,-36.8994140625,30.1025390625
48.8104011,41.2548828125,-36.2158203125,53.0517578125
48.846898,39.6923828125,-36.0205078125,58.9111328125
48.8682604,39.3505859375,-35.1904296875,57.8857421875
48.901507,40.3759765625,-34.7998046875,54.0771484375
48.9276328,41.9384765625,-35.6298828125,52.4169921875
48.9774793,44.7705078125,-35.1904296875,51.3916015625
48.997473,47.6513671875,-34.9462890625,45.3369140625
49.0328042,48.4814453125,-34.9951171875,35.6201171875
49.0510573,49.7998046875,-35.6787109375,32.2021484375
49.0863671,50.9228515625,-35.1904296875,33.6181640625
49.1183414,51.8505859375,-34.7998046875,34.0087890625
49.1524998,52.7783203125,-36.1181640625,31.8115234375
49.1728685,52.0458984375,-36.6552734375,24.5849609375
49.2140229,51.4111328125,-36.5087890625,17.4560546875
49.2332997,51.5087890625,-37.0947265625,9.2041015625
49.2759216,51.6064453125,-38.1201171875,2.5146484375
49.2951983,51.0693359375,-37.4853515625,-3.1494140625
49.3254086,50.9716796875,-39.0478515625,-10.0830078125
49.350641,50.8251953125,-39.6337890625,-14.9658203125
49.4021653,50.9228515625,-39.9267578125,-19.5556640625
49.4221137,49.4580078125,-40.7568359375,-25.4150390625
49.4409994,48.9208984375,-41.7333984375,-29.6630859375
49.4786597,48.2861328125,-42.0263671875,-34.5947265625
49.5029229,47.0654296875,-42.4658203125,-39.5751953125
49.5425545,46.9677734375,-43.3935546875,-43.6767578125
49.5626849,45.9912109375,-43.3447265625,-49.1943359375
49.6066359,45.1611328125,-45.0048828125,-54.3212890625
49.6257667,44.5263671875,-44.3212890625,-59.6435546875
49.6686029,44.5263671875,-42.9541015625,-55.8837890625
49.6992954,43.5986328125,-42.7587890625,-1.8310546875
49.7130908,42.8662109375,-41.8798828125,40.5517578125
49.7616619,43.5498046875,-41.3427734375,56.6162109375
49.782901,45.9423828125,-41.0986328125,58.7646484375
49.8206333,48.6279296875,-40.1708984375,54.2724609375
49.8346597,50.3857421875,-39.5849609375,50.9033203125
49.87212,51.5087890625,-38.7548828125,51.0986328125
49.8932693,52.7783203125,-39.1943359375,50.0244140625
49.9315624,53.1201171875,-38.8525390625,42.1630859375
49.9565254,53.8525390625,-38.4619140625,32.8857421875
49.9935865,53.7548828125,-38.5595703125,29.0283203125
50.0148357,53.6083984375,-38.1689453125,29.9072265625
50.06129,53.8525390625,-38.7060546875,29.9560546875
50.0810107,52.8759765625,-38.9013671875,26.6845703125
50.1183151,53.3642578125,-38.6572265625,19.3115234375
50.1389126,53.1201171875,-38.6572265625,10.9619140625
50.1771301,53.3642578125,-39.7802734375,3.4423828125
50.2004883,52.0458984375,-40.1708984375,-3.6865234375
50.2370462,51.6064453125,-40.7568359375,-10.2294921875
50.2577675,51.5087890625,-41.2939453125,-15.7470703125
50.2949533,50.3369140625,-41.9775390625,-21.9970703125
50.3163207,50.0439453125,-42.6123046875,-27.2705078125
50.3556961,48.4814453125,-43.2958984375,-32.3974609375
50.3791039,48.2373046875,-44.3701171875,-37.4755859375
50.4148374,47.1142578125,-44.8583984375,-43.1396484375
50.4397987,46.6748046875,-45.8837890625,-48.2177734375
50.4784173,46.2841796875,-46.7138671875,-53.1005859375
50.4985864,45.2099609375,-46.9580078125,-57.3486328125
50.5414406,44.8681640625,-47.9345703125,-62.4267578125
50.5630372,44.5751953125,-49.3505859375,-66.7724609375
50.6011403,46.9677734375,-49.6435546875,-72.0947265625
50.6191812,50.2880859375,-49.2529296875,-76.9287109375
50.6665149,52.7294921875,-47.8369140625,-70.2880859375
50.6879969,54.1455078125,-46.9580078125,-10.4248046875
50.7254395,55.8544921875,-45.7373046875,33.0810546875
50.7456701,57.3193359375,-46.5673828125,48.1689453125
50.782662,58.4912109375,-45.5908203125,47.5830078125
50.8047702,58.9306640625,-44.5654296875,41.8212890625
50.8430581,58.3935546875,-44.3212890625,35.7177734375
50.8631683,58.6376953125,-44.1748046875,34.4482421875
50.9013319,59.0283203125,-44.4189453125,31.8603515625
50.9216246,59.0771484375,-44.5166015625,21.9482421875
50.9635301,58.4912109375,-44.3701171875,13.5986328125
50.9854202,57.7587890625,-43.9306640625,11.4990234375
51.0276298,57.2216796875,-44.0771484375,13.5009765625
51.04142,56.6845703125,-43.8330078125,13.0615234375
51.0777393,55.4150390625,-44.6630859375,8.7158203125
51.1067582,55.5126953125,-45.3955078125,2.0263671875
51.1468453,54.6337890625,-45.2490234375,-7.2509765625
51.1675938,53.7060546875,-45.3955078125,-15.4541015625
51.204281,53.0712890625,-46.8115234375,-22.1435546875
51.2258332,52.6806640625,-46.5673828125,-29.4189453125
51.2595269,51.5576171875,-46.9091796875,-34.9853515625
51.2834912,50.3857421875,-47.2509765625,-39.7216796875
51.321833,49.7509765625,-48.2275390625,-44.3115234375
51.3462129,48.8232421875,-49.1552734375,-48.8525390625
51.382783,48.1884765625,-49.5458984375,-53.1005859375
51.4057814,47.6025390625,-50.5224609375,-57.2021484375
51.454119,46.4306640625,-51.0107421875,-61.1083984375
51.4725439,45.6005859375,-51.6455078125,-65.5517578125
51.5098173,45.4052734375,-52.1337890625,-70.9228515625
51.5228297,46.6748046875,-50.9130859375,-75.8056640625
51.5601007,50.1416015625,-49.6923828125,-75.1708984375
51.5880932,52.7783203125,-48.5205078125,-29.0283203125
51.6252144,55.1220703125,-47.5439453125,20.8251953125
51.6463164,56.6357421875,-46.8115234375,37.5732421875
51.6823807,58.4423828125,-46.3720703125,38.4033203125
51.7044639,59.8583984375,-45.3955078125,30.4931640625
51.74076,60.7373046875,-44.8095703125,21.3134765625
51.7660492,60.1513671875,-44.0771484375,15.4052734375
51.8146575,60.0048828125,-44.3212890625,9.4970703125
51.8332887,59.5166015625,-44.3212890625,-2.5634765625
51.8724148,59.6142578125,-43.4912109375,-7.7880859375
51.8856501,59.5654296875,-43.6865234375,-6.2255859375
51.9227975,59.0771484375,-43.1982421875,-3.7353515625
51.9480895,58.8818359375,-43.2958984375,-4.8095703125
51.985432,57.7099609375,-43.8818359375,-9.4482421875
52.0084518,57.1728515625,-43.3935546875,-18.4814453125
52.0495381,56.9287109375,-43.7353515625,-26.9287109375
52.0676642,55.3662109375,-44.3701171875,-35.3759765625
52.1104614,55.0244140625,-44.4189453125,-41.8701171875
52.1316241,53.7060546875,-45.0537109375,-48.4619140625
52.1738928,52.9736328125,-44.8583984375,-53.7353515625
52.1955234,52.1435546875,-45.3955078125,-58.3740234375
52.2374291,51.0205078125,-45.6396484375,-63.0615234375
52.256647,49.9462890625,-46.3232421875,-66.6259765625
52.2785139,49.2138671875,-46.8603515625,-70.9716796875
52.3186496,48.7744140625,-47.2021484375,-74.9267578125
52.3395028,47.2119140625,-47.7880859375,-79.5166015625
52.3776677,46.7724609375,-47.1044921875,-84.2529296875
52.4014581,46.4306640625,-45.2001953125,-86.9384765625
52.4388252,46.2353515625,-43.2958984375,-57.2021484375
52.4588705,48.3349609375,-41.9775390625,5.1513671875
52.495848,51.8017578125,-39.9755859375,31.5185546875
52.5212525,54.2431640625,-38.8525390625,38.1591796875
52.565088,55.3662109375,-36.4111328125,33.5205078125
52.5876643,55.7568359375,-35.9228515625,26.0986328125
52.6260884,57.1240234375,-34.6533203125,21.8017578125
52.6398623,58.3935546875,-33.7255859375,20.3857421875
52.6780888,57.9541015625,-32.4072265625,14.0869140625
52.698378,57.6123046875,-32.0166015625,3.4423828125
52.736336,57.6123046875,-31.1376953125,-1.4404296875
52.7702242,57.2216796875,-30.4052734375,-2.4658203125
52.8085576,57.7099609375,-29.0869140625,-1.3427734375
52.8234449,57.0263671875,-28.6962890625,-4.5166015625
52.8649885,56.2939453125,-29.3798828125,-11.0107421875
52.895839,55.6591796875,-29.0869140625,-19.0673828125
52.9130106,55.5615234375,-28.4521484375,-28.3447265625
52.9568257,54.3896484375,-28.8427734375,-34.9853515625
52.9769976,53.6572265625,-28.0615234375,-42.1630859375
53.0134549,53.1689453125,-28.7451171875,-47.4853515625
53.0343466,52.3876953125,-29.0380859375,-53.6376953125
53.0723426,51.3134765625,-29.3798828125,-58.6181640625
53.0928881,50.8251953125,-29.6728515625,-63.1591796875
53.1311796,50.2880859375,-30.0146484375,-67.3095703125
53.1536904,49.1650390625,-30.1123046875,-71.4111328125
53.1898967,48.3349609375,-30.5517578125,-75.4150390625
53.2117459,47.7001953125,-31.2353515625,-79.8095703125
53.2448524,46.7236328125,-31.6748046875,-83.8134765625
53.2745473,45.8447265625,-30.9912109375,-89.4775390625
53.3107008,48.1396484375,-27.7685546875,-92.2607421875
53.3357805,52.0947265625,-26.0595703125,-65.0634765625
53.3807369,54.0966796875,-24.3017578125,0.5126953125
53.3996228,55.7080078125,-22.2509765625,28.5400390625
53.4307881,57.1240234375,-21.2744140625,35.7177734375
53.4580536,57.6611328125,-19.4189453125,31.5185546875
53.4943315,59.1259765625,-16.9775390625,24.2431640625
53.515615,59.5654296875,-16.4892578125,20.1904296875
53.553991,59.5654296875,-15.3662109375,18.6279296875
53.5763133,58.7841796875,-14.8291015625,13.3056640625
53.6143734,58.8818359375,-13.9013671875,2.6123046875
53.6385687,58.3935546875,-12.8759765625,-3.2958984375
53.6767567,59.1259765625,-12.5830078125,-3.9306640625
53.6985329,57.8564453125,-12.1435546875,-3.9794921875
53.7349081,57.2216796875,-12.9248046875,-6.5673828125
53.7555179,57.0263671875,-12.9248046875,-12.6708984375
53.7997109,56.0009765625,-13.1201171875,-21.1669921875
53.8200492,54.7314453125,-13.2177734375,-29.6630859375
53.8575845,53.5595703125,-13.0712890625,-37.2802734375
53.8785678,52.8271484375,-13.7548828125,-43.5791015625
53.9176566,51.3623046875,-14.2431640625,-49.7314453125
53.9385194,51.1669921875,-14.3896484375,-55.4931640625
53.9741955,50.3857421875,-15.5126953125,-59.8388671875
54.0042843,49.2138671875,-16.6845703125,-65.2587890625
54.039788,48.5791015625,-17.3193359375,-69.1650390625
54.0603065,47.8955078125,-17.9541015625,-72.7294921875
54.0964974,46.3818359375,-18.2470703125,-78.0517578125
54.1226632,44.9169921875,-19.3701171875,-81.8115234375
54.1618412,45.0146484375,-20.4443359375,-85.8154296875
54.1811856,44.1845703125,-21.5673828125,-89.4775390625
54.2231632,44.1357421875,-21.3720703125,-95.2880859375
54.2448834,46.8701171875,-19.4677734375,-98.2177734375
54.2821059,50.3369140625,-17.5634765625,-80.9326171875
54.3026519,52.8759765625,-16.0986328125,-16.3818359375
54.3477574,54.1943359375,-15.7080078125,18.6279296875
54.3685447,55.8056640625,-14.5849609375,27.3681640625
54.4123693,57.7587890625,-13.7060546875,23.8037109375
54.4426779,58.8330078125,-13.4130859375,14.3798828125
54.4519413,58.5888671875,-11.9482421875,7.0556640625
54.487497,58.6376953125,-12.6806640625,4.5166015625
54.507961,57.9541015625,-12.5341796875,-2.1240234375
54.5462948,56.8310546875,-12.4853515625,-13.4521484375
54.5736541,56.8798828125,-12.0458984375,-17.1142578125
54.6130277,56.9775390625,-12.7783203125,-14.4287109375
54.6327548,56.0009765625,-12.7783203125,-12.7197265625
54.668171,55.1708984375,-13.2666015625,-14.9658203125
54.6944903,55.1708984375,-13.6572265625,-19.8486328125
54.7381939,54.1943359375,-13.8037109375,-27.8076171875
54.7597521,53.4130859375,-14.3896484375,-36.8408203125
54.7858388,52.4365234375,-15.0244140625,-43.9697265625
54.8225545,51.3623046875,-15.8544921875,-50.6591796875
54.8435444,50.5810546875,-17.1728515625,-56.8603515625
54.8795625,49.5556640625,-17.3681640625,-61.1572265625
54.9042054,48.4326171875,-17.8564453125,-65.6005859375
54.9426031,47.1630859375,-18.9794921875,-69.5068359375
54.9636386,45.9912109375,-19.6630859375,-71.9482421875
55.0027931,45.5029296875,-20.9326171875,-76.1962890625
55.0266015,44.2822265625,-21.5673828125,-80.4931640625
55.0629888,43.1103515625,-21.7626953125,-85.5712890625
55.0825754,42.4755859375,-19.9560546875,-88.6474609375
55.1207142,41.6455078125,-18.7353515625,-66.2841796875
55.1455244,41.6943359375,-18.1005859375,-9.3994140625
55.1835999,40.3759765625,-17.4658203125,20.2392578125
55.204689,40.3271484375,-16.2451171875,26.4892578125
55.2556623,42.1826171875,-16.0986328125,21.2158203125
55.2757055,45.1123046875,-16.0986328125,12.1337890625
55.2958022,48.2861328125,-15.9521484375,5.2490234375
55.3314243,49.5068359375,-16.5380859375,1.1474609375
55.3585547,50.3857421875,-16.5869140625,-10.0341796875
55.3955585,51.8505859375,-15.7568359375,-17.7001953125
55.4183127,53.1201171875,-16.1474609375,-17.3095703125
55.4594957,52.4365234375,-16.8798828125,-15.1123046875
55.4798435,52.4853515625,-17.2705078125,-14.2822265625
55.5218819,51.7529296875,-17.8564453125,-17.8955078125
55.541158,51.5576171875,-18.2470703125,-25.6591796875
55.5837162,51.0693359375,-19.0771484375,-34.1064453125
55.603296,50.9228515625,-19.4677734375,-42.3095703125
55.639694,50.6787109375,-21.0791015625,-48.6572265625
55.6598205,49.7021484375,-21.3232421875,-55.0048828125
55.6934851,48.8720703125,-22.4462890625,-60.2294921875
55.7263225,48.1884765625,-22.7392578125,-64.9658203125
55.7514593,47.8466796875,-23.8134765625,-68.8232421875
55.8027367,47.1630859375,-25.0341796875,-72.6318359375
55.8235172,45.6982421875,-26.3037109375,-76.3916015625
55.8419975,44.6240234375,-27.2314453125,-80.2978515625
55.8786013,44.2822265625,-27.6220703125,-84.8876953125
55.8983126,43.2080078125,-26.9873046875,-88.8916015625
55.935129,42.3779296875,-25.1318359375,-87.2314453125
55.9606115,41.4990234375,-24.6923828125,-36.3037109375
56.0001554,40.9619140625,-24.0087890625,11.7431640625
56.0234114,40.1806640625,-23.6181640625,29.3212890625
56.0652871,39.3994140625,-22.8369140625,31.4208984375
56.0866728,38.6669921875,-21.8603515625,27.1240234375
56.1243254,38.8623046875,-21.1767578125,21.9482421875
56.1428328,39.7412109375,-21.2255859375,20.4833984375
56.1871666,41.9384765625,-21.1279296875,19.7998046875
56.2081451,44.6728515625,-21.4697265625,12.3779296875
56.2322803,45.8935546875,-21.2744140625,3.4912109375
56.2824613,47.1142578125,-21.2744140625,0.8056640625
56.3027431,47.1142578125,-21.3232421875,0.7568359375
56.3255248,47.8466796875,-21.4697265625,0.5126953125
56.362586,48.1884765625,-21.5185546875,-2.2216796875
56.3830383,47.6025390625,-23.2763671875,-9.0087890625
56.4247259,47.7978515625,-23.2763671875,-16.2353515625
56.4450939,47.1142578125,-23.8623046875,-24.6826171875
56.4842548,47.1630859375,-24.3505859375,-30.2490234375
56.5046522,46.8701171875,-24.8876953125,-36.1572265625
56.5391792,46.6259765625,-25.3271484375,-41.0400390625
56.5665161,45.7470703125,-26.3037109375,-46.5087890625
56.6112618,45.2099609375,-26.9384765625,-50.6591796875
56.6319216,44.0869140625,-27.1337890625,-54.5166015625
56.6757792,43.4033203125,-28.4033203125,-58.5693359375
56.6850354,42.4755859375,-29.6240234375,-63.3056640625
56.7214071,41.8408203125,-30.8935546875,-67.5048828125
56.747451,41.5478515625,-30.1123046875,-72.3876953125
56.7841542,40.7666015625,-29.9169921875,-76.4404296875
56.8032546,39.3505859375,-28.5009765625,-53.4912109375
56.8379379,38.8623046875,-28.2568359375,3.4912109375
56.8670635,37.9345703125,-28.5986328125,30.9326171875
56.9037126,37.6904296875,-27.5732421875,38.8427734375
56.928118,37.3486328125,-27.0361328125,36.8896484375
56.9664716,36.4208984375,-26.6455078125,32.4462890625
56.9888293,35.7373046875,-26.9384765625,31.3720703125
57.0261377,38.1298828125,-26.6455078125,31.4208984375
57.0492991,41.5478515625,-27.4755859375,26.6357421875
57.0942041,43.3544921875,-26.1572265625,15.8447265625
57.1149324,44.7705078125,-26.4013671875,11.2548828125
57.142146,45.6982421875,-27.1826171875,10.6201171875
57.1785898,46.8701171875,-27.6220703125,11.4013671875
57.2129445,47.8466796875,-27.8173828125,9.6923828125
57.2254996,47.6513671875,-28.6962890625,5.1025390625
57.2602277,47.7978515625,-29.4287109375,-2.4169921875
57.2883648,46.9189453125,-29.5263671875,-9.9365234375
57.3250585,47.0166015625,-30.5029296875,-16.3330078125
57.3507721,46.7236328125,-30.9912109375,-21.5576171875
57.3767172,46.6748046875,-32.1142578125,-27.4169921875
57.4247704,45.7958984375,-32.3095703125,-32.3486328125
57.4440034,45.3564453125,-33.2373046875,-37.4755859375
57.4840623,44.4775390625,-33.2373046875,-41.0888671875
57.5020395,44.0869140625,-34.1162109375,-44.7021484375
57.5283743,42.6708984375,-34.9462890625,-48.3642578125
57.5655393,42.0849609375,-36.3623046875,-52.6611328125
57.5878443,41.2060546875,-37.0458984375,-58.2275390625
57.6266137,40.7177734375,-36.4111328125,-63.1103515625
57.6516497,39.7412109375,-34.9951171875,-65.2099609375
57.6836545,39.1552734375,-35.0439453125,-30.0048828125
57.7126874,37.9345703125,-34.8486328125,18.5791015625
57.7511963,37.7392578125,-34.5556640625,37.8662109375
57.7825389,36.6650390625,-34.4580078125,40.6982421875
57.804399,36.4697265625,-33.9697265625,35.5712890625
57.8437455,35.6396484375,-33.7744140625,29.8095703125
57.861649,34.6630859375,-33.9208984375,28.1494140625
57.8988572,34.0283203125,-34.4091796875,24.5361328125
57.9195935,36.0791015625,-34.8974609375,14.5263671875
57.9564946,38.9599609375,-34.4091796875,9.5458984375
57.9842814,41.4013671875,-34.7021484375,10.4248046875
58.0212274,43.5986328125,-35.0927734375,12.8662109375
58.0434589,44.2822265625,-35.5810546875,12.0361328125
58.0956257,45.2587890625,-35.8251953125,8.7158203125
58.1140844,46.6748046875,-35.4833984375,2.3193359375
58.1360394,47.6513671875,-36.1181640625,-4.4189453125
58.1720229,46.9189453125,-36.7529296875,-11.0107421875
58.1929913,46.5283203125,-36.9482421875,-17.2119140625
58.2362014,45.9423828125,-36.8505859375,-22.2412109375
58.2558211,45.7958984375,-38.1201171875,-27.7587890625
58.2904839,45.6494140625,-38.3642578125,-32.1044921875
58.3146041,45.3564453125,-39.2919921875,-36.1083984375
58.3512395,44.5751953125,-40.2685546875,-38.8916015625
58.3771529,44.3798828125,-40.3662109375,-43.5302734375
58.4257804,43.4033203125,-41.1962890625,-49.0966796875
58.4328512,42.5244140625,-39.5361328125,-52.8076171875
58.4697884,41.6943359375,-38.6572265625,-38.7939453125
58.4933545,41.1083984375,-38.3154296875,11.3525390625
58.5289941,39.4970703125,-38.1689453125,38.6962890625
58.5548274,39.3994140625,-37.2412109375,48.2177734375
58.5922335,39.1552734375,-36.5576171875,46.4111328125
58.6177583,37.8857421875,-35.8251953125,42.0166015625
58.6584126,37.2021484375,-35.4833984375,40.1611328125
58.6791476,36.7626953125,-36.2646484375,39.1845703125
58.711419,35.6396484375,-34.9951171875,32.9833984375
58.7359826,35.2490234375,-34.8486328125,23.9013671875
58.7815975,34.7607421875,-35.3857421875,20.7275390625
58.802115,33.7353515625,-35.1416015625,22.3876953125
58.8452243,33.1494140625,-35.3369140625,23.3154296875
58.8601367,34.3212890625,-35.5810546875,20.1904296875
58.8950052,36.5185546875,-35.7763671875,14.7705078125
58.9157256,38.9111328125,-36.1181640625,6.2255859375
58.9688022,40.4736328125,-36.1181640625,0.6103515625
58.9893373,41.9384765625,-36.0205078125,-5.6396484375
59.008672,43.3544921875,-37.1435546875,-12.0849609375
59.0450141,43.5498046875,-36.8994140625,-17.0166015625
59.0697089,44.0869140625,-37.7294921875,-22.1923828125
59.1066102,43.6962890625,-37.7294921875,-26.0986328125
59.1298849,43.1103515625,-38.6572265625,-29.3212890625
59.167132,43.1591796875,-39.5361328125,-33.8623046875
59.1919259,42.8662109375,-39.3408203125,-38.4521484375
59.2301943,42.4267578125,-40.5126953125,-43.8720703125
59.2479872,42.5244140625,-39.9267578125,-49.8291015625
59.2942451,41.7919921875,-38.1201171875,-52.3193359375
59.3145598,41.4501953125,-37.4365234375,-22.5341796875
59.3494664,41.2060546875,-36.5087890625,28.3935546875
59.3704392,40.1806640625,-35.8740234375,50.8056640625
59.4089491,39.6923828125,-34.6533203125,57.4951171875
59.4326959,38.5205078125,-33.3349609375,55.8349609375
59.4696462,38.0810546875,-32.4072265625,54.7119140625
59.4900399,37.6416015625,-32.0166015625,55.5908203125
59.5274478,36.9091796875,-31.5283203125,55.8837890625
59.5506487,36.2255859375,-31.3818359375,50.6103515625
59.5858609,35.2001953125,-30.8447265625,41.6748046875
59.6129693,34.5166015625,-30.6982421875,37.4267578125
59.654577,34.1748046875,-30.2099609375,37.2802734375
59.6759081,34.0283203125,-30.2099609375,37.7197265625
59.7171648,34.5166015625,-30.7470703125,36.9384765625
59.7312851,36.8603515625,-30.5517578125,32.2509765625
59.7706927,39.7412109375,-31.0400390625,24.3896484375
59.7931572,40.6201171875,-31.4794921875,17.1142578125
59.8309316,41.6455078125,-31.5771484375,12.4267578125
59.8545414,43.1591796875,-32.1630859375,7.7392578125
59.9036783,43.4521484375,-32.5537109375,1.2939453125
59.923881,43.8916015625,-32.9931640625,-3.3447265625
59.9439586,43.5986328125,-34.0673828125,-8.1298828125
59.9814477,43.3544921875,-34.6044921875,-12.9638671875
60.0071761,43.0126953125,-34.3115234375,-17.2607421875
60.0443029,42.7685546875,-35.6787109375,-21.8994140625
60.0644522,42.4755859375,-35.8251953125,-25.8544921875
60.1071453,41.9873046875,-36.6064453125,-31.4208984375
60.1290411,41.8896484375,-37.9248046875,-36.7431640625
60.1550395,41.0107421875,-37.3876953125,-43.0419921875
60.2005805,40.5224609375,-34.7509765625,-38.9892578125
60.2226139,40.2294921875,-34.3603515625,7.7392578125
60.2651182,38.8623046875,-33.0908203125,46.3623046875
60.2779211,38.1787109375,-32.5537109375,61.5966796875
60.3175555,37.7880859375,-30.6982421875,62.9638671875
60.3397489,37.0556640625,-29.8193359375,60.7177734375
60.3766321,36.1279296875,-28.7451171875,61.0107421875
60.3945506,35.4931640625,-27.9638671875,62.0849609375
60.4326367,35.6884765625,-28.2080078125,59.7412109375
60.4568182,35.1513671875,-27.7685546875,51.6357421875
60.4930862,34.1748046875,-27.7197265625,44.3603515625
60.5187364,33.7841796875,-27.1337890625,43.8232421875
60.5549833,35.2490234375,-27.2314453125,43.8232421875
60.5775985,38.8623046875,-26.7919921875,44.2138671875
60.614557,41.2548828125,-27.1337890625,41.1865234375
60.6367445,42.9150390625,-27.7197265625,36.7919921875
60.687032,43.9892578125,-28.0615234375,31.1279296875
60.7059807,45.6005859375,-28.5009765625,24.7314453125
60.7294002,46.3330078125,-28.0615234375,19.3115234375
60.7692889,47.0654296875,-29.3310546875,14.2333984375
60.7903728,47.6513671875,-30.0634765625,8.5693359375
60.8281449,46.6748046875,-30.9912109375,4.9560546875
60.8510554,46.3818359375,-31.6259765625,1.5380859375
60.8893527,46.5283203125,-31.3330078125,-3.1005859375
60.9120113,45.8935546875,-32.8466796875,-6.3720703125
60.9570459,46.0888671875,-33.3837890625,-11.9384765625
60.9689308,45.3564453125,-34.0673828125,-16.9677734375
61.0058608,44.9169921875,-33.6767578125,-23.1201171875
61.0299847,44.2333984375,-32.8955078125,-26.4892578125
61.0677638,43.5498046875,-31.6748046875,-2.1240234375
61.0973127,42.9150390625,-31.0888671875,41.5771484375
61.1211828,41.6943359375,-30.4541015625,61.6455078125
61.1571808,42.2314453125,-29.1845703125,66.0888671875
61.1799295,40.3759765625,-28.5009765625,63.5986328125
61.2137973,40.4736328125,-27.9150390625,60.2294921875
61.241917,39.2041015625,-28.4033203125,59.5458984375
61.2780523,38.9599609375,-28.5986328125,57.7880859375
61.2981354,38.7158203125,-27.8662109375,49.6826171875
61.3480967,37.2998046875,-28.6962890625,43.6767578125
61.3687716,36.5185546875,-28.8427734375,43.9697265625
61.3897008,37.2998046875,-29.0869140625,45.8740234375
61.4268263,39.4970703125,-29.2822265625,45.5322265625
61.4499772,42.4755859375,-29.5751953125,42.1142578125
61.4872331,44.6728515625,-30.1123046875,36.4501953125
61.5123886,45.6005859375,-31.1865234375,29.3212890625
61.5524246,47.3095703125,-31.1376953125,23.5595703125
61.5732985,48.6767578125,-31.8701171875,18.2373046875
61.6152016,49.7021484375,-33.2861328125,12.4755859375
61.6355772,50.0927734375,-33.2861328125,7.5439453125
61.6764515,49.7998046875,-34.0185546875,3.6376953125
61.6925071,49.3115234375,-35.1904296875,0.4150390625
61.7308485,49.4580078125,-35.7275390625,-3.8330078125
61.7566875,49.6533203125,-36.3623046875,-8.3251953125
61.7932457,48.6279296875,-37.8271484375,-14.2333984375
61.8157166,48.5791015625,-37.4853515625,-20.8740234375
61.8532545,48.0419921875,-35.6787109375,-22.6318359375
61.873036,47.7001953125,-34.1162109375,3.5400390625
61.9139614,46.7724609375,-34.3115234375,46.9482421875
61.9353271,46.2841796875,-33.3349609375,67.2607421875
61.9727289,45.6982421875,-31.9189453125,73.5595703125
61.9966227,44.1845703125,-30.2099609375,73.3642578125
62.0416541,44.2822265625,-29.3798828125,71.8017578125
62.0586837,42.9638671875,-29.8681640625,72.3876953125
62.0866733,42.2802734375,-29.7705078125,73.1201171875
62.1260379,41.8408203125,-29.5263671875,68.1396484375
62.1504743,40.8154296875,-29.5751953125,59.5947265625
62.1783808,40.2783203125,-29.6240234375,56.8603515625
62.2270643,39.4482421875,-29.8681640625,56.5673828125
62.2381596,39.3505859375,-30.5029296875,56.2255859375
62.2765652,39.3505859375,-30.8935546875,54.2236328125
62.3085633,41.6943359375,-31.2353515625,49.1455078125
62.3285174,45.2099609375,-31.7236328125,42.4560546875
62.3713867,46.6748046875,-32.3095703125,36.0107421875
62.3922697,47.2119140625,-33.3349609375,30.5419921875
62.4201863,48.4814453125,-33.4326171875,25.3662109375
62.4649384,49.8974609375,-34.5068359375,19.2138671875
62.4819615,50.0439453125,-35.1416015625,14.3310546875
62.5108871,49.9462890625,-36.1181640625,9.3505859375
62.5606532,49.4580078125,-36.8017578125,4.5654296875
62.5700296,49.1162109375,-37.6318359375,-0.1708984375
62.6062916,49.6044921875,-38.1201171875,-5.1025390625
62.6301078,48.8232421875,-40.1708984375,-9.3994140625
62.6695583,48.7255859375,-40.5126953125,-13.8916015625
62.6896565,48.4814453125,-41.1962890625,-20.4833984375
62.7223728,47.8466796875,-41.4892578125,-26.5380859375
62.7490492,47.4072265625,-39.7802734375,-29.7119140625
62.7863608,47.0166015625,-39.5361328125,-4.8095703125
62.8126676,45.6982421875,-39.6826171875,45.5810546875
62.8510392,44.9658203125,-38.7060546875,68.7255859375
62.8725692,45.0634765625,-38.1201171875,75.0244140625
62.9213682,44.3798828125,-37.3388671875,75.5126953125
62.9316644,43.5009765625,-36.9970703125,73.7060546875
62.9687699,42.8173828125,-36.6064453125,74.7802734375
62.99194,42.7685546875,-37.0458984375,75.6591796875
63.0296498,41.3525390625,-36.4599609375,71.8994140625
63.0547041,41.3525390625,-36.5576171875,62.6220703125
63.107662,42.8173828125,-36.7041015625,57.1044921875
63.1106524,46.1376953125,-36.9970703125,57.0556640625
63.1508366,48.4326171875,-37.3876953125,57.0068359375
63.1820724,50.1904296875,-37.2900390625,55.7373046875
63.2034124,51.2158203125,-38.3642578125,51.2451171875
63.2344026,52.1923828125,-39.1943359375,44.4580078125
63.2754935,52.9736328125,-39.0966796875,37.3779296875
63.2966026,53.1689453125,-39.6826171875,31.6650390625
63.3234621,52.8759765625,-40.6591796875,25.5126953125
63.3643795,52.6318359375,-40.6591796875,19.3115234375
63.3855065,53.0224609375,-41.8310546875,14.6240234375
63.4140887,52.7783203125,-43.0029296875,9.3017578125
63.4515934,52.9248046875,-43.3935546875,4.2724609375
63.4747771,52.5830078125,-44.0771484375,-0.2197265625
63.5046966,51.7041015625,-44.9072265625,-4.7607421875
63.541854,51.4599609375,-46.1767578125,-9.5458984375
63.5650436,50.0439453125,-47.0556640625,-14.5751953125
63.6042057,50.3857421875,-47.2509765625,-19.3115234375
63.6266243,48.3837890625,-48.6669921875,-25.3173828125
63.6654281,48.5302734375,-48.1298828125,-31.1279296875
63.6834743,47.7978515625,-47.1533203125,-26.7333984375
63.7224673,47.3095703125,-46.5185546875,21.8994140625
63.7547409,46.5283203125,-46.5673828125,57.5439453125
63.7779033,45.4541015625,-46.6162109375,71.3134765625
63.8077611,44.4775390625,-45.3955078125,71.5087890625
63.8474321,44.2333984375,-45.2978515625,67.0166015625
63.8708344,43.3056640625,-45.5419921875,64.2822265625
63.8987046,43.1591796875,-45.4931640625,63.8427734375
63.943933,44.9169921875,-45.3955078125,59.7900390625
63.9579156,48.8720703125,-45.5419921875,49.8291015625
63.9931017,51.7529296875,-45.2978515625,45.1904296875
64.0130985,53.3642578125,-45.9814453125,46.5087890625
64.0502582,54.9755859375,-45.6396484375,47.7783203125
64.0772367,56.0009765625,-45.3955078125,46.7041015625
64.129805,57.6123046875,-46.0791015625,41.6259765625
64.159199,58.3447265625,-47.1044921875,35.1806640625
64.1653039,58.7841796875,-46.4697265625,27.8076171875
64.2076223,58.1982421875,-47.2998046875,21.8994140625
64.2400791,58.1494140625,-47.3486328125,15.2099609375
64.2561324,58.8818359375,-48.0322265625,9.0576171875
64.29147,57.4169921875,-48.6669921875,3.9306640625
64.3198697,57.7099609375,-48.9111328125,-0.4150390625
64.3650577,56.9287109375,-49.1552734375,-5.0048828125
64.3846077,56.2939453125,-50.1806640625,-9.1552734375
64.4083318,56.2451171875,-51.1083984375,-13.3544921875
64.4597161,55.2685546875,-51.7919921875,-19.5068359375
64.4919747,54.9755859375,-51.6455078125,-25.6103515625
64.5030204,53.9013671875,-50.8154296875,-29.3212890625
64.539369,52.6806640625,-49.5947265625,-14.9169921875
64.5592774,52.2412109375,-49.6923828125,36.4501953125
64.5973808,51.2646484375,-48.5205078125,62.7197265625
64.6222886,50.4345703125,-48.6669921875,72.8271484375
64.6503091,49.7509765625,-47.6416015625,71.2158203125
64.6826209,48.7744140625,-47.2509765625,67.7001953125
64.7105117,48.1884765625,-46.8603515625,66.6259765625
64.7464076,47.2607421875,-47.2998046875,67.0654296875
64.7753742,46.0400390625,-47.0556640625,61.2060546875
64.8021607,46.7236328125,-46.8603515625,52.3681640625
64.8361582,49.1650390625,-46.7138671875,46.1669921875
64.8738997,53.1201171875,-46.9091796875,47.4853515625
64.8919806,54.8779296875,-46.4208984375,48.4130859375
64.9312545,57.1240234375,-46.8603515625,45.9228515625
64.951579,58.0029296875,-46.1767578125,40.5029296875
64.988801,59.4677734375,-46.7626953125,32.8857421875
65.0139058,60.4443359375,-47.4462890625,24.5849609375
65.044267,61.7626953125,-48.0810546875,18.8232421875
65.0875602,61.1767578125,-48.0322265625,12.1826171875
65.1079775,60.8349609375,-48.6181640625,6.2255859375
65.1340864,60.7373046875,-49.0087890625,0.2197265625
65.1722127,60.6884765625,-49.4482421875,-4.6142578125
65.1941813,60.5908203125,-50.7666015625,-9.3994140625
65.2313309,60.1513671875,-51.1572265625,-14.1357421875
65.2578222,59.7607421875,-51.6455078125,-19.5068359375
65.2858002,58.8330078125,-51.7431640625,-23.2177734375
65.314564,58.3935546875,-52.7685546875,-27.7587890625
65.3520633,57.8564453125,-53.3056640625,-34.3017578125
65.3762436,56.3916015625,-53.6474609375,-40.0634765625
65.4062264,56.2451171875,-51.6943359375,-44.4091796875
65.4525565,55.2685546875,-51.2548828125,-26.7333984375
65.4656362,54.0478515625,-50.4248046875,31.6162109375
65.5133366,54.1455078125,-49.8876953125,61.3525390625
65.5354106,52.4365234375,-48.7158203125,71.1669921875
65.5578826,51.9482421875,-48.7158203125,70.3369140625
65.5898848,50.9716796875,-47.3486328125,67.2119140625
65.6188047,49.5556640625,-46.6650390625,65.7958984375
65.6467649,48.6279296875,-47.5927734375,67.3583984375
65.6880499,50.2392578125,-46.9091796875,63.9892578125
65.708091,54.2431640625,-45.9814453125,53.7353515625
65.7446331,56.8310546875,-46.0791015625,46.5576171875
65.7690269,58.0029296875,-45.8349609375,45.4833984375
65.7995026,59.8095703125,-46.1767578125,46.0693359375
65.8293659,60.2978515625,-45.5908203125,44.7509765625
65.8676238,61.3720703125,-45.9326171875,39.5263671875
65.8927451,61.2744140625,-46.2744140625,32.2998046875
65.9293277,61.8603515625,-45.8837890625,24.1455078125
65.9498402,61.2255859375,-46.1279296875,17.3095703125
65.978639,61.4208984375,-47.1044921875,10.7666015625
66.0316432,61.0302734375,-47.5927734375,4.6142578125
66.0514039,60.6884765625,-47.9833984375,-1.2451171875
66.0703443,60.5419921875,-48.3740234375,-6.2744140625
66.1096147,59.7607421875,-49.0576171875,-12.1826171875
66.128762,59.1748046875,-49.4970703125,-16.7236328125
66.1728524,58.6376953125,-49.6923828125,-21.7041015625
66.1930578,57.9052734375,-50.8642578125,-26.8310546875
66.2234629,56.8310546875,-51.4013671875,-31.9091796875
66.2612555,55.6591796875,-52.6708984375,-36.2060546875
66.2795273,54.9267578125,-52.7197265625,-41.3330078125
66.3286255,53.7548828125,-52.4267578125,-46.4599609375
66.3491546,53.4619140625,-51.6455078125,-51.6845703125
66.3714245,52.9736328125,-50.1318359375,-46.6552734375
66.4111184,51.9482421875,-49.4482421875,8.7158203125
66.4312951,50.7275390625,-49.0087890625,48.9013671875
66.4604167,49.7021484375,-48.3251953125,61.8896484375
66.5022176,51.1669921875,-47.4951171875,60.4736328125
66.5344836,54.6826171875,-46.5673828125,55.5908203125
66.5538151,57.7587890625,-46.1767578125,50.5615234375
66.5949783,59.7607421875,-46.1279296875,49.5361328125
66.6165876,61.5185546875,-45.5419921875,46.3134765625
66.6436687,63.0322265625,-44.8583984375,35.3759765625
66.6809218,63.6669921875,-44.3212890625,30.0048828125
66.7014209,64.8388671875,-44.3212890625,28.8818359375
66.7397206,64.9853515625,-44.1259765625,31.0791015625
66.7619277,64.3994140625,-44.1748046875,30.5908203125
66.797751,64.1064453125,-43.8818359375,26.4404296875
66.8234406,64.4482421875,-43.3935546875,19.7021484375
66.8613691,64.0087890625,-44.2724609375,11.1572265625
66.8831039,63.8623046875,-44.4189453125,4.7119140625
66.9208969,63.1787109375,-44.0283203125,-1.8310546875
66.9438075,62.3974609375,-44.3701171875,-8.3740234375
66.9795114,61.6162109375,-44.5654296875,-13.6474609375
67.0059434,60.3955078125,-45.0048828125,-18.8720703125
67.0509121,58.9794921875,-45.3466796875,-22.3388671875
67.0678504,58.2470703125,-45.8837890625,-26.6845703125
67.0951879,57.0751953125,-45.6396484375,-31.7626953125
67.1438736,56.2451171875,-47.0556640625,-36.1572265625
67.1580038,55.5126953125,-45.8349609375,-42.6025390625
67.1880628,54.5361328125,-44.9560546875,-46.4599609375
67.2179311,53.8037109375,-43.4912109375,-33.0322265625
67.2471911,52.7783203125,-41.9287109375,21.4111328125
67.2842839,51.4111328125,-41.9287109375,49.9267578125
67.3095272,50.6298828125,-40.0244140625,59.6435546875
67.3364656,49.7021484375,-40.0244140625,57.1533203125
67.3654353,48.6767578125,-38.2666015625,51.7333984375
67.4031567,48.9208984375,-38.1201171875,47.8271484375
67.42917,52.8759765625,-38.1201171875,46.4111328125
67.4572692,55.7568359375,-36.8017578125,39.5751953125
67.4961512,58.2958984375,-36.5087890625,28.9306640625
67.5178376,60.5419921875,-36.4599609375,26.1962890625
67.5548284,61.8603515625,-36.0693359375,27.6123046875
67.576561,63.0322265625,-36.0205078125,28.7353515625
67.6164769,64.4970703125,-36.1181640625,26.4892578125
67.638721,64.5458984375,-36.0693359375,19.6533203125
67.6766389,63.8623046875,-35.6787109375,11.2060546875
67.70063,63.4228515625,-36.0205078125,3.7353515625
67.7285825,63.3251953125,-36.7041015625,-2.3193359375
67.7780087,63.3251953125,-37.0458984375,-9.3994140625
67.7984645,63.1298828125,-37.8759765625,-15.1611328125
67.8192747,61.5185546875,-38.4619140625,-20.7763671875
67.855691,61.2744140625,-38.5595703125,-24.8291015625
67.881025,60.8349609375,-39.0478515625,-30.0048828125
67.9194615,59.2724609375,-39.5361328125,-33.8134765625
67.9376344,58.7353515625,-40.5615234375,-37.9638671875
67.9754534,57.5146484375,-40.7080078125,-42.7490234375
68.0004041,56.0986328125,-41.7333984375,-47.5830078125
68.0402855,55.5126953125,-41.4404296875,-54.3212890625
68.0601889,54.8779296875,-38.9990234375,-55.1025390625
68.0963726,53.4619140625,-37.3388671875,-16.2353515625
68.123687,52.6806640625,-36.6064453125,36.0107421875
68.15066,51.5087890625,-35.5810546875,55.9814453125
68.2007792,50.5322265625,-34.1162109375,60.3759765625
68.223055,49.2626953125,-33.4326171875,58.7158203125
68.2419128,48.2861328125,-31.8212890625,54.4677734375
68.2791597,47.4072265625,-31.7724609375,54.8583984375
68.3032278,46.9189453125,-30.8935546875,54.5166015625
68.3450123,48.1884765625,-31.2353515625,48.5107421875
68.3817342,51.0693359375,-30.7470703125,37.8662109375
68.4030332,54.4384765625,-30.6005859375,33.3251953125
68.4231051,56.1474609375,-30.6494140625,34.3994140625
68.4549895,57.3681640625,-31.2841796875,34.5458984375
68.4828581,58.5400390625,-31.8212890625,33.0322265625
68.5115849,59.2724609375,-31.9189453125,26.8798828125
68.5491843,60.0048828125,-32.8466796875,19.3115234375
68.5748026,59.8095703125,-32.8955078125,10.9619140625
68.6036837,58.7841796875,-34.2138671875,4.8095703125
68.6416425,58.8330078125,-34.4580078125,-1.0498046875
68.6647331,59.2236328125,-35.7275390625,-7.4951171875
68.6965399,57.9541015625,-36.2646484375,-12.5244140625
68.7244332,58.5888671875,-37.4853515625,-17.6025390625
68.7628754,57.5146484375,-37.2412109375,-22.9248046875
68.7879421,56.8798828125,-38.8525390625,-27.5146484375
68.8167181,55.8056640625,-39.1943359375,-31.9091796875
68.8546745,55.8056640625,-41.0009765625,-36.3525390625
68.8745266,54.0966796875,-41.1962890625,-41.9677734375
68.9138279,52.8271484375,-42.3193359375,-47.8759765625
68.938072,51.9970703125,-42.1240234375,-52.4169921875
68.9683502,51.4111328125,-39.8779296875,-53.7841796875
68.9955263,51.1181640625,-39.5849609375,-14.4287109375
69.0357101,49.5068359375,-39.0966796875,35.7177734375
69.0590617,48.8232421875,-38.1201171875,56.6162109375
69.0858666,47.9443359375,-37.1435546875,59.5947265625
69.1246317,46.8212890625,-36.8505859375,56.4208984375
69.1489902,46.7236328125,-35.5810546875,53.0517578125
69.1749812,48.2861328125,-35.5810546875,52.3193359375
69.2158003,51.8994140625,-35.7763671875,51.5380859375
69.2376862,54.5849609375,-35.9716796875,44.1162109375
69.2874968,56.2451171875,-35.7763671875,34.6435546875
69.2989901,57.3681640625,-36.4599609375,31.7626953125
69.3353726,58.4423828125,-36.6064453125,33.0810546875
69.365492,60.1025390625,-37.9248046875,32.7392578125
69.3865574,60.5908203125,-38.3154296875,30.3466796875
69.423808,60.0048828125,-38.9013671875,25.1220703125
69.4507727,60.3466796875,-39.7314453125,17.1630859375
69.4798062,59.7119140625,-39.9755859375,10.1318359375
69.5395571,59.3212890625,-40.6591796875,3.2470703125
69.5403805,58.8818359375,-42.1728515625,-3.2470703125
69.5697983,58.1982421875,-42.4169921875,-9.0087890625
69.6071416,58.1982421875,-44.0283203125,-13.9892578125
69.631082,57.1728515625,-44.7607421875,-18.5302734375
69.6693992,56.3916015625,-45.7373046875,-22.8759765625
69.7091085,55.3662109375,-46.2744140625,-26.7822265625
69.7311157,54.8291015625,-46.6650390625,-31.2744140625
69.7490896,53.5595703125,-48.1298828125,-36.2548828125
69.7869645,52.4853515625,-48.0322265625,-43.1884765625
69.8121212,51.3134765625,-47.1044921875,-47.3876953125
69.854084,50.8740234375,-45.9326171875,-36.3037109375
69.8891834,50.0927734375,-45.4443359375,16.8212890625
69.9091284,48.8232421875,-45.5908203125,47.3388671875
69.934527,47.4560546875,-44.4677734375,57.1044921875
69.9636579,46.7724609375,-43.5400390625,55.2978515625
69.9986628,46.0400390625,-43.6865234375,49.8291015625
70.0234708,45.0634765625,-43.6865234375,46.1669921875
70.0533669,44.0869140625,-44.1259765625,44.8486328125
70.0843686,46.0400390625,-43.6376953125,37.9150390625
70.1141923,49.2626953125,-43.5888671875,28.2470703125
70.142492,53.2177734375,-44.2724609375,26.4892578125
70.1753757,54.1455078125,-44.3701171875,28.1005859375
70.2027985,56.4404296875,-44.1259765625,27.6611328125
70.2398877,57.5146484375,-44.9072265625,25.6591796875
70.2635084,59.8095703125,-45.2001953125,19.1650390625
70.3086729,60.2978515625,-45.9326171875,11.3037109375
70.3226458,60.5908203125,-45.8837890625,3.9306640625
70.3555602,59.9072265625,-46.4697265625,-2.7099609375
70.3874366,59.1259765625,-47.0556640625,-8.9111328125
70.4154289,58.8818359375,-47.6416015625,-14.7705078125
70.4448001,58.8818359375,-48.9111328125,-19.6533203125
70.4829122,58.6865234375,-49.2041015625,-24.4384765625
70.524219,58.0517578125,-50.0341796875,-28.2470703125
70.5442812,57.3193359375,-50.4736328125,-32.0556640625
70.5682528,56.3916015625,-51.4501953125,-37.1337890625
70.5980886,55.2197265625,-52.1826171875,-42.3583984375
70.6264523,54.5849609375,-52.4755859375,-48.3642578125
70.6736571,53.2666015625,-50.5224609375,-52.2216796875
70.6873208,52.4365234375,-49.5458984375,-32.9833984375
70.7143059,51.6552734375,-49.3017578125,24.0966796875
70.7528173,50.2880859375,-48.3740234375,51.2939453125
70.7768784,49.4091796875,-47.7880859375,59.8876953125
70.8166501,48.4814453125,-46.5185546875,58.0322265625
70.8397985,47.4072265625,-46.1279296875,54.2724609375
70.8678357,46.3818359375,-45.7373046875,53.5400390625
70.8996915,45.4541015625,-45.2490234375,53.9794921875
70.9378048,44.5751953125,-45.7861328125,48.6083984375
70.9766858,44.1357421875,-45.0048828125,39.5263671875
70.9949856,43.2080078125,-43.8818359375,32.8369140625
71.0191891,43.2080078125,-43.9306640625,32.6904296875
71.0535622,45.2587890625,-44.9560546875,33.1787109375
71.0812967,50.0439453125,-44.6630859375,31.8115234375
71.1090307,52.2900390625,-44.6142578125,26.5380859375
71.1572551,53.3642578125,-44.5166015625,19.7021484375
71.1683245,54.6337890625,-45.5908203125,11.8896484375
71.1991761,55.4150390625,-46.2255859375,5.2001953125
71.2374821,56.5869140625,-45.4931640625,-0.7080078125
71.2772051,56.3916015625,-46.8603515625,-7.6416015625
71.2991814,56.1474609375,-47.1533203125,-13.2080078125
71.346502,55.2197265625,-47.5927734375,-18.2861328125
71.3664994,55.9521484375,-47.9345703125,-23.2666015625
71.3787784,55.7080078125,-48.4716796875,-28.0029296875
71.4100293,54.7802734375,-49.6923828125,-33.2275390625
71.4384823,54.7802734375,-50.1318359375,-37.8173828125
71.4723589,53.3642578125,-51.5478515625,-42.1630859375
71.5006387,52.6806640625,-51.9384765625,-47.7783203125
71.5308208,52.2900390625,-52.3779296875,-53.5400390625
71.5634423,51.2158203125,-51.4013671875,-58.4228515625
71.5946474,50.6787109375,-50.7177734375,-53.9306640625
71.6210485,49.0185546875,-50.6201171875,-0.0732421875
71.6602979,48.7255859375,-49.3994140625,41.2841796875
71.6832463,47.8955078125,-48.8134765625,56.5673828125
71.7116822,46.7724609375,-48.7158203125,57.1044921875
71.7427901,45.7470703125,-47.6904296875,53.1005859375
71.7728008,45.4541015625,-46.2255859375,50.8544921875
71.8059766,44.3310546875,-47.6416015625,50.4150390625
71.8346971,43.5009765625,-47.8369140625,49.2919921875
71.8627973,44.1357421875,-47.2509765625,40.6982421875
71.8966251,46.6748046875,-46.1279296875,32.0068359375
71.9242576,50.8740234375,-46.2255859375,30.2001953125
71.9712636,52.0458984375,-46.2255859375,30.1025390625
71.9832461,54.2919921875,-46.1279296875,29.6142578125
72.0153919,54.6826171875,-45.7861328125,25.4150390625
72.0444852,55.9521484375,-45.8837890625,18.5791015625
72.0803439,56.9287109375,-45.9814453125,11.0107421875
72.1034154,56.9287109375,-46.9091796875,3.8330078125
72.1385512,56.4404296875,-46.8603515625,-2.5146484375
72.1638154,56.2451171875,-47.5439453125,-9.3994140625
72.1946268,55.8056640625,-47.9833984375,-15.5029296875
72.2316582,54.9267578125,-47.9345703125,-20.2880859375
72.2548001,54.7314453125,-49.2041015625,-25.1708984375
72.2899874,54.5849609375,-49.4970703125,-30.7373046875
72.316896,53.6572265625,-50.3271484375,-35.9619140625
72.3450875,52.9736328125,-50.7666015625,-41.1376953125
72.3800449,51.8505859375,-51.7919921875,-45.3369140625
72.405902,51.1181640625,-52.2802734375,-50.2197265625
72.4370549,50.0439453125,-52.9638671875,-54.6630859375
72.4742813,49.5068359375,-53.5986328125,-59.5947265625
72.4992888,47.8466796875,-54.2333984375,-65.1123046875
72.5253704,47.6025390625,-53.5009765625,-70.5322265625
72.5584505,46.9677734375,-51.9873046875,-59.5947265625
72.5884724,45.9912109375,-51.0595703125,0.2197265625
72.6196737,44.8193359375,-50.9130859375,36.6943359375
72.6499434,44.2333984375,-50.4248046875,47.5341796875
72.679328,43.3056640625,-49.8388671875,44.2626953125
72.7099702,42.6220703125,-48.7158203125,37.3291015625
72.7378275,44.4775390625,-49.0087890625,32.5927734375
72.7690167,47.6513671875,-48.5693359375,31.7138671875
72.8001664,50.5810546875,-48.0810546875,25.5126953125
72.831129,52.9736328125,-47.5439453125,15.5029296875
72.860394,54.4873046875,-47.8369140625,11.5478515625
72.9169961,56.0986328125,-48.0322265625,13.0615234375
72.9177937,57.4658203125,-47.4462890625,14.1845703125
72.9511343,58.5888671875,-47.5927734375,12.3291015625
72.981434,58.1982421875,-47.7392578125,6.4208984375
73.0077093,58.2958984375,-48.3251953125,-1.6845703125
73.0578085,57.9541015625,-47.8857421875,-9.7412109375
73.0787574,57.5146484375,-48.5205078125,-16.4306640625
73.099052,57.6123046875,-48.2275390625,-23.6572265625
73.1511926,57.0263671875,-49.0576171875,-29.5654296875
73.1727492,56.6357421875,-49.4970703125,-35.9130859375
73.1928763,56.0498046875,-49.6435546875,-40.0634765625
73.2216892,54.6826171875,-49.9853515625,-45.4833984375
73.2509189,53.7548828125,-50.9619140625,-49.2431640625
73.3022374,53.6083984375,-51.7919921875,-53.1005859375
73.3215805,52.3876953125,-52.2314453125,-57.8857421875
73.3587386,50.9716796875,-52.3779296875,-63.6962890625
73.3747133,50.0927734375,-51.7431640625,-69.3115234375
73.4034294,49.4580078125,-50.4736328125,-72.3876953125
73.4315336,48.3349609375,-49.0087890625,-42.7978515625
73.4623048,47.8955078125,-48.6669921875,14.0380859375
73.4917872,46.4794921875,-47.2509765625,38.7939453125
73.5411316,45.4052734375,-47.1044921875,44.3115234375
73.5624218,44.8193359375,-45.7373046875,40.4052734375
73.5822746,43.8427734375,-44.7607421875,34.0576171875
73.6150475,42.5244140625,-44.8095703125,31.6162109375
73.6432465,43.3544921875,-44.6142578125,30.3466796875
73.6762273,46.8701171875,-43.8330078125,22.8271484375
73.7062397,50.7763671875,-43.5400390625,12.2802734375
73.7360127,52.5830078125,-42.7587890625,8.4716796875
73.7658779,53.9990234375,-42.5634765625,8.9599609375
73.8029856,54.9755859375,-42.1240234375,9.3994140625
73.824943,56.7822265625,-43.1494140625,6.2744140625
73.857915,57.2216796875,-42.9052734375,-0.4150390625
73.884703,57.4658203125,-43.0517578125,-9.3017578125
73.9226064,57.1240234375,-42.6611328125,-17.6513671875
73.9649124,56.6357421875,-43.2958984375,-24.8779296875
73.9845888,56.7822265625,-43.7353515625,-31.4697265625
74.0039242,56.3427734375,-43.7841796875,-37.1826171875
74.0629839,55.1220703125,-44.2724609375,-42.4560546875
74.0836325,55.3662109375,-43.7353515625,-48.3154296875
74.1004899,54.5361328125,-44.5166015625,-52.6611328125
74.1275206,53.7548828125,-45.7861328125,-58.1298828125
74.155402,52.9736328125,-45.4931640625,-62.3291015625
74.189257,52.3876953125,-45.9326171875,-67.3095703125
74.2217784,51.3134765625,-46.7138671875,-71.1669921875
74.2680985,50.3857421875,-46.6162109375,-76.4892578125
74.2784668,48.9208984375,-47.8369140625,-81.5673828125
74.306955,48.3837890625,-45.9326171875,-86.2548828125
74.3419539,47.7978515625,-44.1259765625,-87.4755859375
74.3920851,46.6259765625,-42.6611328125,-43.7744140625
74.4115871,46.0400390625,-41.8310546875,14.5263671875
74.4296008,44.6240234375,-40.6591796875,35.7666015625
74.4597558,43.5009765625,-39.1455078125,38.9892578125
74.4897944,43.8427734375,-37.9248046875,33.9111328125
74.5193393,44.0380859375,-37.0458984375,28.7353515625
74.5481897,48.7255859375,-36.9482421875,26.3427734375
74.5765466,51.3623046875,-35.7763671875,25.5126953125
74.6080569,52.7783203125,-35.0439453125,18.9208984375
74.6390399,53.5107421875,-34.0673828125,7.6904296875
74.6899869,54.7802734375,-33.8720703125,2.5146484375
74.7101077,55.8544921875,-34.0673828125,1.7333984375
74.7290405,55.5615234375,-33.8720703125,3.4912109375
74.7628179,55.3173828125,-33.8232421875,0.2685546875
74.7899991,54.9267578125,-33.6279296875,-5.3955078125
74.8295078,55.2685546875,-33.7255859375,-13.5498046875
74.8715751,55.0244140625,-34.3603515625,-21.7041015625
74.8903009,54.4873046875,-34.2626953125,-28.6376953125
74.9369272,54.2431640625,-35.1904296875,-35.3759765625
74.9570373,53.7060546875,-35.1416015625,-41.5283203125
74.969785,52.8271484375,-35.8251953125,-47.7783203125
75.0158217,51.5576171875,-36.4599609375,-52.8076171875
75.031916,51.6064453125,-36.9970703125,-57.5927734375
75.0587322,50.3369140625,-37.6318359375,-62.0849609375
75.0923606,48.5791015625,-38.3154296875,-66.9677734375
75.1218742,48.4814453125,-39.1455078125,-71.7041015625
75.1573151,47.0654296875,-39.4384765625,-76.1474609375
75.1830281,47.2607421875,-40.6591796875,-80.5419921875
75.2122298,46.0888671875,-41.4404296875,-84.9853515625
75.2656623,45.0634765625,-41.6357421875,-89.9658203125
75.2870563,44.2333984375,-39.5361328125,-94.5556640625
75.3031172,43.2568359375,-38.1201171875,-94.7509765625
75.3513224,42.6220703125,-36.8994140625,-48.3642578125
75.3716166,44.1845703125,-35.8740234375,8.4716796875
75.4120209,47.7978515625,-35.0439453125,28.7841796875
75.424422,50.8251953125,-34.2626953125,30.2001953125
75.4545582,53.4130859375,-32.9931640625,24.2431640625
75.4835792,54.9755859375,-32.7490234375,16.9677734375
75.5453291,55.6103515625,-32.2607421875,13.1591796875
75.546157,57.2705078125,-32.1142578125,11.7919921875
75.577547,58.5888671875,-32.1630859375,2.9541015625
75.6237655,58.1005859375,-31.1376953125,-6.2744140625
75.6447088,57.6123046875,-32.2119140625,-8.6669921875
75.6811718,57.5146484375,-31.3818359375,-6.9091796875
75.7023846,57.1240234375,-32.3583984375,-7.3486328125
75.7274733,56.1962890625,-33.2861328125,-10.0830078125
75.7566133,56.7333984375,-33.9208984375,-17.3095703125
75.7868852,56.0498046875,-33.6767578125,-25.8544921875
75.8442255,55.0244140625,-34.3115234375,-33.3740234375
75.8631581,54.3408203125,-35.3857421875,-40.2099609375
75.8764244,53.1201171875,-35.3857421875,-47.6806640625
75.9267575,52.7783203125,-36.4599609375,-53.1982421875
75.9471903,51.4111328125,-37.4365234375,-57.8857421875
75.9833108,50.2392578125,-37.8271484375,-63.0615234375
76.0053898,49.0673828125,-38.8525390625,-66.3818359375
76.0433567,48.6279296875,-39.4384765625,-71.4111328125
76.0630552,47.8466796875,-40.2685546875,-75.1220703125
76.1065024,46.5283203125,-40.5126953125,-79.3701171875
76.1405416,46.2353515625,-41.8798828125,-82.9833984375
76.1477712,44.7216796875,-41.5869140625,-87.8173828125
76.17964,44.2333984375,-39.9755859375,-92.4560546875
76.2083603,43.1591796875,-38.2177734375,-87.2314453125
76.2393011,42.0849609375,-38.2177734375,-32.1044921875
76.2680493,43.1103515625,-37.1923828125,10.6201171875
76.3009582,45.4052734375,-36.7041015625,23.7548828125
76.3300838,49.0185546875,-35.9716796875,22.3388671875
76.3599163,51.8017578125,-35.4345703125,13.0126953125
76.3908978,53.6083984375,-35.3369140625,5.2490234375
76.420232,54.9267578125,-36.5576171875,0.5615234375
76.4511652,55.8544921875,-36.2158203125,-5.7861328125
76.482804,57.3193359375,-35.9716796875,-17.4560546875
76.5088724,57.4658203125,-35.9228515625,-20.5322265625
76.5415251,57.1728515625,-36.9482421875,-18.9208984375
76.571285,56.8798828125,-36.9970703125,-17.3583984375
76.6002781,56.6357421875,-38.1689453125,-18.3837890625
76.6311778,56.4404296875,-38.6083984375,-24.5361328125
76.6629551,56.3427734375,-39.4384765625,-33.2763671875
76.691457,55.8056640625,-39.9267578125,-42.0166015625
76.7390679,54.5361328125,-41.2451171875,-48.7060546875
76.7522975,53.6572265625,-41.4404296875,-55.5908203125
76.7805934,53.0224609375,-42.2705078125,-61.6455078125
76.8143903,52.1923828125,-43.2958984375,-66.9677734375
76.8468349,50.6787109375,-44.0771484375,-71.6064453125
76.8748321,50.0439453125,-44.0771484375,-75.4150390625
76.9029058,49.5556640625,-45.4931640625,-79.5166015625
76.9314918,47.9931640625,-46.6162109375,-83.5693359375
76.9663779,46.9677734375,-46.9580078125,-87.9150390625
76.9933353,46.9189453125,-47.9345703125,-91.7236328125
77.0225553,45.5517578125,-47.7392578125,-96.1181640625
77.0707699,44.3310546875,-46.0791015625,-100.2197265625
77.091434,43.4521484375,-45.0537109375,-88.9892578125
77.1185189,42.7197265625,-44.5166015625,-27.2216796875
77.1453281,41.9873046875,-44.5166015625,11.4013671875
77.17812,41.2548828125,-43.2958984375,23.0224609375
77.2408528,40.2294921875,-42.8076171875,22.2412109375
77.2417295,40.2294921875,-41.1962890625,15.4541015625
77.263282,43.0126953125,-41.5869140625,11.1083984375
77.3007731,45.9912109375,-41.8310546875,9.4970703125
77.3431879,48.6767578125,-41.6357421875,6.7138671875
77.3650574,50.1904296875,-41.7333984375,-3.4423828125
77.4022553,50.8740234375,-41.7333984375,-10.3759765625
77.4205908,52.0947265625,-41.6357421875,-11.9873046875
77.4721829,53.3154296875,-42.0263671875,-11.7431640625
77.4751912,52.5341796875,-42.2216796875,-12.3291015625
77.5075662,51.5576171875,-42.6611328125,-15.9423828125
77.5374243,51.6552734375,-43.3935546875,-24.7802734375
77.5991956,51.4599609375,-44.6630859375,-33.3251953125
77.5999959,51.4111328125,-44.3701171875,-40.2587890625
77.630255,51.1669921875,-45.4443359375,-46.8017578125
77.672265,50.3857421875,-45.5908203125,-53.0517578125
77.6927172,50.1904296875,-46.4697265625,-59.6923828125
77.7351881,49.5068359375,-47.4462890625,-64.7705078125
77.7561872,49.0673828125,-48.0322265625,-69.5068359375
77.7940731,47.7490234375,-48.8134765625,-73.6083984375
77.8145152,46.8212890625,-50.0341796875,-77.7587890625
77.8551437,46.1376953125,-49.3017578125,-81.9580078125
77.8713583,45.1611328125,-50.6689453125,-86.3037109375
77.8981354,44.4775390625,-51.6943359375,-90.5517578125
77.9265694,43.5009765625,-52.0361328125,-94.4091796875
77.9767614,42.4755859375,-52.6708984375,-98.9990234375
77.9975628,42.4267578125,-51.1572265625,-104.3212890625
78.0393969,40.9619140625,-49.8876953125,-98.8037109375
78.0507388,40.4736328125,-49.0087890625,-42.5537109375
78.0964644,39.5458984375,-47.9345703125,6.6650390625
78.1166855,40.2783203125,-47.4951171875,21.6064453125
78.157803,42.7197265625,-46.6162109375,21.9970703125
78.1779511,46.2841796875,-46.2744140625,17.4072265625
78.2234817,48.0419921875,-45.8349609375,11.9873046875
78.2425617,49.8486328125,-45.8837890625,9.5947265625
78.2594446,50.5810546875,-45.4931640625,7.5927734375
78.2927564,52.4853515625,-45.3466796875,-1.1474609375
78.3200811,52.8271484375,-45.9326171875,-10.2294921875
78.3690463,53.3154296875,-45.6884765625,-13.0126953125
78.3810712,52.2900390625,-46.0302734375,-12.8173828125
78.4102028,52.0947265625,-46.2744140625,-11.9873046875
78.4748225,51.4599609375,-46.6162109375,-15.6982421875
78.4756213,51.3134765625,-47.1044921875,-22.5830078125
78.5001517,51.2646484375,-47.2021484375,-31.0791015625
78.5352924,50.3369140625,-47.5927734375,-38.5009765625
78.5685896,49.5556640625,-49.0576171875,-46.0205078125
78.6049402,49.0673828125,-49.2529296875,-51.6357421875
78.6258192,47.9931640625,-49.0576171875,-57.8857421875
78.6510439,47.1142578125,-49.6435546875,-62.1337890625
78.6844163,46.7236328125,-50.1806640625,-67.3095703125
78.7145863,45.6005859375,-51.6455078125,-71.6552734375
78.7456448,44.1845703125,-51.7431640625,-76.1962890625
78.7756456,43.8916015625,-52.8662109375,-80.2001953125
78.8028791,42.8173828125,-52.7685546875,-85.1318359375
78.8665853,41.8896484375,-53.9892578125,-88.6474609375
78.8674921,41.2548828125,-55.2587890625,-92.7978515625
78.9105816,40.5712890625,-55.2587890625,-96.6552734375
78.9335431,39.0576171875,-56.0888671875,-100.9033203125
78.9706842,38.4228515625,-54.1357421875,-106.0791015625
78.9920617,37.2021484375,-52.8662109375,-101.5380859375
79.017444,36.3720703125,-52.0361328125,-45.3857421875
79.0643731,37.2509765625,-51.3037109375,2.9541015625
79.0852719,40.5712890625,-51.0595703125,17.6513671875
79.1253673,43.6474609375,-50.2294921875,17.5048828125
79.1446517,45.7470703125,-49.2529296875,9.4482421875
79.1769891,47.1142578125,-49.0087890625,1.4404296875
79.1980014,48.3837890625,-49.7900390625,-2.7587890625
79.2248628,50.7763671875,-48.6669921875,-6.1767578125
79.2573298,51.1669921875,-48.6669921875,-16.4306640625
79.2879728,50.9716796875,-48.5205078125,-21.9482421875
79.3150089,50.5810546875,-48.5693359375,-21.3134765625
79.3481567,49.7509765625,-48.9111328125,-18.5302734375
79.3952338,49.9951171875,-49.0087890625,-18.5302734375
79.414413,49.9462890625,-49.3017578125,-22.2412109375
79.4541406,49.6533203125,-49.0087890625,-29.5654296875
79.4731928,48.9208984375,-49.4970703125,-37.2802734375
79.5161235,48.1396484375,-50.3271484375,-45.0927734375
79.5271723,46.9189453125,-50.0830078125,-51.3427734375
79.5752716,46.9189453125,-50.1806640625,-56.7626953125
79.5953457,45.7470703125,-50.5224609375,-62.3779296875
79.6183133,44.2822265625,-50.1806640625,-65.9912109375
79.6513046,44.0380859375,-50.5224609375,-70.6787109375
79.7018682,42.8662109375,-51.4013671875,-74.3896484375
79.722739,42.0849609375,-51.7919921875,-78.0517578125
79.7417068,41.3037109375,-52.5244140625,-81.5673828125
79.7679479,40.1318359375,-52.8173828125,-86.2060546875
79.8000695,39.2529296875,-52.2314453125,-91.1865234375
79.8309445,37.9345703125,-50.4736328125,-94.8486328125
79.8766667,37.8857421875,-49.6923828125,-77.7587890625
79.8967918,37.2021484375,-48.4716796875,-17.4560546875
79.9358072,35.8837890625,-47.8857421875,13.1591796875
79.9567409,35.6884765625,-47.3974609375,21.5576171875
79.9981134,34.9072265625,-47.0068359375,19.0185546875
80.0110296,34.8095703125,-45.7861328125,10.2783203125
80.0388808,36.6162109375,-46.3232421875,4.2724609375
80.0745803,39.4970703125,-45.7373046875,0.7080078125
80.103053,42.2802734375,-45.2490234375,-7.2998046875
80.148434,44.2333984375,-45.2490234375,-16.9677734375
80.1683507,44.4287109375,-45.0048828125,-18.4326171875
80.2112348,46.0400390625,-44.9072265625,-16.8212890625
80.2320733,47.0166015625,-45.5419921875,-14.3310546875
80.2833552,46.8701171875,-45.5908203125,-16.6259765625
80.2841775,46.4794921875,-45.6884765625,-23.5595703125
80.3092255,45.8447265625,-45.9326171875,-31.1279296875
80.360608,45.8447265625,-46.7138671875,-39.2333984375
80.3813633,45.0634765625,-46.3720703125,-46.4111328125
80.4203911,45.4052734375,-46.8115234375,-52.4169921875
80.4401361,44.5263671875,-47.2021484375,-58.3251953125
80.4631591,44.0380859375,-47.4462890625,-62.9150390625
80.4926788,43.2080078125,-47.3974609375,-68.0419921875
80.5416204,42.6220703125,-48.8623046875,-71.5576171875
80.5620034,41.6943359375,-49.0576171875,-75.2197265625
80.6001513,40.9130859375,-49.6923828125,-79.5654296875
80.6207939,40.3759765625,-49.6435546875,-83.5693359375
80.6602409,39.3505859375,-50.3759765625,-87.5732421875
80.6910548,38.2275390625,-49.3017578125,-92.8955078125
80.7025557,37.8369140625,-47.6904296875,-96.6552734375
80.7543481,36.9580078125,-46.0302734375,-79.8583984375
80.7760359,36.5673828125,-44.7607421875,-15.7470703125
80.8116464,35.0048828125,-43.8818359375,17.9931640625
80.8337772,33.9794921875,-42.1728515625,28.7841796875
80.8735335,33.2958984375,-41.0498046875,26.6845703125
80.8922634,33.3935546875,-40.2685546875,22.4853515625
80.9230087,33.5888671875,-38.8525390625,18.0908203125
80.9433713,35.7861328125,-38.5107421875,17.7001953125
80.9900826,38.6181640625,-37.8271484375,14.9658203125
81.0122554,40.5712890625,-36.7041015625,5.9326171875
81.0374519,41.5966796875,-36.0205078125,-0.8544921875
81.0680241,42.1826171875,-35.0927734375,-3.1982421875
81.1266535,43.1103515625,-35.2392578125,-2.1240234375
81.1475272,43.8427734375,-35.2392578125,-2.6123046875
81.1595083,43.4033203125,-34.2138671875,-6.6650390625
81.1996674,42.7685546875,-34.6044921875,-14.5263671875
81.2207058,42.9638671875,-35.1904296875,-22.6318359375
81.2671861,43.1591796875,-34.9462890625,-29.8583984375
81.2900075,42.3779296875,-34.8974609375,-36.0595703125
81.3253253,42.6220703125,-34.8486328125,-42.4560546875
81.3466969,41.7919921875,-34.7021484375,-48.0712890625
81.3662005,41.4501953125,-35.1904296875,-53.1494140625
81.4007184,40.8154296875,-35.0439453125,-57.5439453125
81.428539,39.2041015625,-35.9228515625,-61.8408203125
81.4856945,38.6669921875,-36.7041015625,-66.2841796875
81.488616,38.3251953125,-36.8505859375,-71.1669921875
81.5352802,37.2021484375,-37.9736328125,-75.4150390625
81.5541262,36.4697265625,-38.2177734375,-78.9306640625
81.593325,35.9326171875,-39.2919921875,-83.5205078125
81.6133015,35.1025390625,-38.9501953125,-89.0380859375
81.6728924,34.1748046875,-37.5341796875,-93.0419921875
81.6740618,33.1494140625,-35.7763671875,-92.3095703125
81.7037883,32.7587890625,-34.7998046875,-41.3330078125
81.7472675,32.3681640625,-34.2138671875,9.6923828125
81.770197,31.4404296875,-32.9931640625,28.0029296875
81.816313,32.3193359375,-31.8701171875,30.1513671875
81.8362847,33.7841796875,-30.3076171875,25.8544921875
81.8522712,37.3486328125,-29.8193359375,20.1416015625
81.9087392,39.6435546875,-29.0869140625,18.0419921875
81.9288693,41.1572265625,-29.3310546875,17.8466796875
81.9626547,42.2802734375,-28.5498046875,9.6923828125
81.9828354,43.1103515625,-27.6708984375,0.7568359375
82.0200156,44.0869140625,-27.5732421875,-3.0517578125
82.0486017,44.4775390625,-27.4267578125,-1.6357421875
82.0628294,44.5263671875,-27.6220703125,-1.6845703125
82.1091427,43.9892578125,-27.3779296875,-4.3701171875
82.1296954,43.6474609375,-27.7197265625,-9.2041015625
82.1676337,43.2568359375,-27.3291015625,-17.2119140625
82.1886212,43.2568359375,-27.3779296875,-24.9755859375
82.2317257,42.8173828125,-27.4267578125,-32.2509765625
82.2521659,42.1826171875,-27.7197265625,-38.8427734375
82.2914309,41.6455078125,-28.1103515625,-44.8486328125
82.3043651,41.1572265625,-28.4033203125,-50.5126953125
82.3478058,39.8388671875,-29.4287109375,-54.6630859375
82.3692311,39.3994140625,-29.9658203125,-58.8134765625
82.4126909,38.5693359375,-31.0888671875,-63.3544921875
82.4322226,37.4462890625,-31.0888671875,-67.2119140625
82.4692646,36.8115234375,-31.6748046875,-71.6064453125
82.490937,35.3466796875,-32.2119140625,-74.2919921875
82.535828,35.3955078125,-32.6025390625,-79.7607421875
82.5550784,34.1259765625,-31.6748046875,-84.6923828125
82.5991801,33.6376953125,-30.2099609375,-89.1845703125
82.6193861,32.3193359375,-28.8427734375,-63.7939453125
82.6382978,32.2216796875,-28.0126953125,-5.1025390625
82.6642571,31.7822265625,-26.4501953125,21.3134765625
82.7233603,31.2939453125,-25.8154296875,27.5634765625
82.7436853,31.0986328125,-25.1318359375,22.3876953125
82.756847,32.1240234375,-24.3994140625,14.3310546875
82.8031031,35.0537109375,-24.4970703125,7.9833984375
82.8238374,37.8369140625,-24.1552734375,3.8330078125
82.8611377,40.4248046875,-24.1552734375,-5.2001953125
82.8816757,40.7666015625,-23.5693359375,-12.7197265625
82.9234279,42.2802734375,-23.9111328125,-12.0849609375
82.9440508,43.8427734375,-24.0087890625,-9.1552734375
82.9887238,43.8427734375,-25.1318359375,-8.1298828125
83.008913,43.7939453125,-24.5458984375,-10.5712890625
83.0429899,43.1103515625,-25.4736328125,-17.8955078125
83.0632406,42.6708984375,-25.8642578125,-25.1708984375
83.1021779,42.4267578125,-26.2548828125,-32.7880859375
83.1234914,42.5732421875,-26.8408203125,-39.7216796875
83.1607163,42.3779296875,-27.2802734375,-47.1923828125
83.1822034,42.0849609375,-28.0615234375,-52.3193359375
83.2237201,40.6201171875,-28.3544921875,-57.3486328125
83.2423094,39.9365234375,-28.9404296875,-61.8408203125
83.2874165,39.3994140625,-29.1845703125,-65.3076171875
83.3087695,38.7646484375,-30.0634765625,-69.3115234375
83.3451617,37.3486328125,-30.5517578125,-73.1201171875
83.3651969,36.8603515625,-31.0400390625,-77.9052734375
83.4047761,36.2255859375,-28.8916015625,-82.8857421875
83.424104,35.7861328125,-27.1826171875,-79.1259765625
83.4678647,34.9560546875,-25.7177734375,-30.6396484375
83.4879789,33.8818359375,-25.3271484375,15.1123046875
83.5188394,33.3935546875,-24.2529296875,31.6162109375
83.5442941,32.7587890625,-22.9345703125,33.2275390625
83.5881243,32.4169921875,-22.2021484375,27.9052734375
83.6080162,31.2451171875,-22.3974609375,21.6552734375
83.6440593,30.9033203125,-21.9091796875,20.2880859375
83.665994,30.3173828125,-21.4697265625,18.5791015625
83.7070167,30.1220703125,-21.7138671875,9.3994140625
83.7279179,31.3916015625,-21.6650390625,2.1240234375
83.7723083,33.3447265625,-20.9814453125,-0.4638671875
83.7944981,35.2490234375,-21.4208984375,1.0498046875
83.8113758,37.4951171875,-21.8115234375,1.0498046875
83.8437771,38.2275390625,-22.3974609375,-2.9052734375
83.8737088,39.0576171875,-22.3486328125,-10.1806640625
83.9296161,39.8388671875,-23.1787109375,-18.2373046875
83.9512885,40.5224609375,-23.4716796875,-26.0009765625
83.9625334,40.5224609375,-24.1552734375,-33.1787109375
84.0069511,39.3017578125,-24.6435546875,-40.1611328125
84.0289757,39.4482421875,-25.2294921875,-45.4345703125
84.069462,39.9365234375,-25.3759765625,-50.9521484375
84.0895955,39.9365234375,-26.2548828125,-55.6884765625
84.129714,38.8623046875,-27.6220703125,-59.9853515625
84.1509383,38.8134765625,-28.4521484375,-63.9404296875
84.1884576,38.2275390625,-30.2587890625,-68.3349609375
84.2158402,37.2998046875,-30.0634765625,-71.8994140625
84.2617939,37.4951171875,-30.8447265625,-76.5380859375
84.2811675,36.1279296875,-30.5029296875,-81.4697265625
84.294121,35.2490234375,-28.5986328125,-86.1572265625
84.3394102,34.5166015625,-27.1337890625,-80.1513671875
84.361563,34.4677734375,-26.6943359375,-22.5830078125
84.3982806,33.8330078125,-25.7177734375,21.1669921875
84.4200946,32.7099609375,-24.6435546875,35.2783203125
84.4609403,32.4658203125,-23.6669921875,37.1826171875
84.4834968,31.5380859375,-22.7880859375,31.4208984375
84.5289838,31.6845703125,-22.8857421875,27.6123046875
84.5488369,31.1962890625,-22.7880859375,26.4404296875
84.5697637,30.5126953125,-23.0322265625,25.1708984375
84.61126,31.7822265625,-22.7392578125,16.3818359375
84.6320979,34.6142578125,-23.4716796875,7.2998046875
84.6739746,37.1044921875,-23.9111328125,3.3447265625
84.6929281,38.1298828125,-23.9599609375,3.3935546875
84.7293003,39.3994140625,-24.8388671875,3.5400390625
84.7508966,39.9365234375,-25.0341796875,0.9521484375
84.7937436,40.8154296875,-26.1572265625,-6.2255859375
84.8138926,40.7666015625,-26.5966796875,-15.1611328125
84.8525116,40.7177734375,-27.1337890625,-23.1201171875
84.8743049,40.5712890625,-27.6220703125,-29.7607421875
84.9089102,40.0341796875,-28.4033203125,-35.9619140625
84.9281506,39.7900390625,-29.5751953125,-42.8466796875
84.9820167,39.9853515625,-30.0634765625,-47.5830078125
85.0031781,39.3505859375,-31.0888671875,-52.4169921875
85.0382505,38.6669921875,-31.2353515625,-56.7626953125
85.0594575,38.2763671875,-32.4560546875,-61.8408203125
85.0981194,38.1298828125,-33.9697265625,-66.1376953125
85.1187776,36.8603515625,-35.1904296875,-70.6787109375
85.1566441,36.2744140625,-35.8251953125,-75.0244140625
85.1762451,35.2490234375,-36.7529296875,-78.4912109375
85.2173839,34.5166015625,-37.6806640625,-82.7880859375
85.2377114,33.8330078125,-36.1181640625,-88.2080078125
85.273921,33.3447265625,-34.8974609375,-92.7001953125
85.2959926,33.1494140625,-33.9208984375,-69.9462890625
85.3326737,32.1728515625,-34.0185546875,-5.7373046875
85.3525664,31.3427734375,-33.1396484375,24.9267578125
85.4064684,31.0986328125,-32.7978515625,33.2275390625
85.426711,30.5615234375,-32.1142578125,29.1748046875
85.4418684,30.2197265625,-32.1630859375,20.8251953125
85.4746507,30.7080078125,-32.2119140625,14.9169921875
85.5164347,33.5400390625,-32.6025390625,12.9150390625
85.5383243,36.5673828125,-32.2607421875,6.8115234375
85.5782274,38.0810546875,-32.5537109375,-4.5166015625
85.5993255,40.1318359375,-32.5537109375,-7.0068359375
85.633236,41.3037109375,-32.4072265625,-7.2509765625
85.6546967,42.4755859375,-33.5791015625,-5.4443359375
85.6917671,43.6962890625,-33.4326171875,-6.7626953125
85.7165034,43.4521484375,-34.5068359375,-11.8896484375
85.7547306,42.6220703125,-34.8974609375,-19.6533203125
85.7758633,43.0126953125,-35.1416015625,-27.2705078125
85.8185758,42.5732421875,-35.4833984375,-34.8388671875
85.8413245,42.1337890625,-35.3857421875,-42.4560546875
85.8818486,42.0361328125,-36.7041015625,-48.5107421875
85.9015117,42.3291015625,-37.1435546875,-52.9052734375
85.9384871,41.1083984375,-37.3388671875,-57.5439453125
85.9587468,40.8642578125,-38.7548828125,-61.4990234375
86.0135819,40.1318359375,-38.6083984375,-65.1123046875
86.0143862,39.4482421875,-39.6826171875,-69.2138671875
86.0491637,37.8369140625,-40.2197265625,-73.3154296875
86.0866811,37.3486328125,-41.0009765625,-78.6376953125
86.1106987,36.8603515625,-39.6337890625,-83.2763671875
86.1488887,36.5185546875,-38.5595703125,-85.8642578125
86.1701407,35.8837890625,-37.6318359375,-57.6904296875
86.2115706,35.0048828125,-36.7529296875,1.2451171875
86.2308057,34.0771484375,-36.0693359375,26.0498046875
86.2665462,33.1005859375,-36.1181640625,31.4208984375
86.2884203,33.1494140625,-34.9462890625,27.3681640625
86.3341048,32.2216796875,-34.6044921875,18.6279296875
86.3557624,32.0751953125,-34.8486328125,12.4267578125
86.3931882,31.4892578125,-34.2626953125,8.9111328125
86.4151044,31.4892578125,-34.1162109375,-1.0009765625
86.4531325,32.6123046875,-34.1162109375,-10.3759765625
86.4742505,35.9326171875,-34.7998046875,-12.2314453125
86.5122893,37.7392578125,-34.3603515625,-10.6201171875
86.5321872,39.3505859375,-35.0927734375,-8.9599609375
86.5709369,41.2548828125,-35.0439453125,-10.9619140625
86.5919837,41.8408203125,-35.6298828125,-19.0185546875
86.6454363,43.1103515625,-35.7275390625,-28.0517578125
86.6633036,42.8662109375,-36.1181640625,-37.6708984375
86.6843296,42.7197265625,-37.0458984375,-43.7744140625
86.7213436,42.6220703125,-37.5830078125,-50.4638671875
86.7416085,42.6220703125,-37.7294921875,-56.4697265625
86.7850663,42.4267578125,-37.6806640625,-61.7431640625
86.8057885,42.1337890625,-39.0478515625,-66.0400390625
86.84299,42.3291015625,-39.6337890625,-70.6787109375
86.8631244,41.6455078125,-39.9755859375,-74.7802734375
86.9065531,40.8642578125,-40.9033203125,-78.6376953125
86.9276422,40.0830078125,-41.2451171875,-82.0556640625
86.9615059,39.6923828125,-41.9287109375,-86.8408203125
86.9830018,38.2275390625,-40.9521484375,-91.6259765625
87.0359555,38.2763671875,-38.8525390625,-93.5302734375
87.067208,37.2021484375,-38.3642578125,-58.8623046875
87.0712476,36.9091796875,-36.7041015625,3.0517578125
87.1160833,36.3720703125,-36.4599609375,28.1494140625
87.1363624,35.1025390625,-35.0439453125,33.8623046875
87.1668303,34.4189453125,-33.8720703125,30.1513671875
87.1952795,33.7841796875,-33.3837890625,22.9736328125
87.2374924,33.0517578125,-32.7490234375,19.6044921875
87.2581315,32.2216796875,-32.2119140625,19.1650390625
87.2944334,32.1240234375,-32.1142578125,14.1357421875
87.3170711,31.4404296875,-31.8701171875,3.2470703125
87.3627112,32.4169921875,-31.4794921875,-2.3681640625
87.3830739,34.4677734375,-31.1376953125,-3.8330078125
87.4231048,36.9580078125,-31.3330078125,-3.0517578125
87.443814,38.0810546875,-31.0400390625,-4.7607421875
87.4867933,39.3017578125,-31.6748046875,-10.3759765625
87.5076303,40.1318359375,-32.4072265625,-17.8466796875
87.5491573,40.7666015625,-31.7724609375,-26.9287109375
87.5691715,41.2060546875,-32.2119140625,-34.0087890625
87.5836668,40.8642578125,-32.6513671875,-41.2353515625
87.6288914,40.2294921875,-32.7490234375,-47.3876953125
87.6513053,40.1318359375,-33.5302734375,-53.0517578125
87.6886996,40.4736328125,-34.4580078125,-57.4951171875
87.7197152,40.1318359375,-35.0927734375,-62.2802734375
87.7648471,39.3994140625,-35.4833984375,-67.7978515625
87.7874081,39.0576171875,-36.4111328125,-71.8505859375
87.79695,38.6181640625,-37.0458984375,-76.3427734375
87.8431276,38.8623046875,-38.1201171875,-80.4931640625
87.8640428,37.2509765625,-39.5849609375,-84.9365234375
87.9061456,36.5673828125,-39.0966796875,-89.4775390625
87.9391216,36.2255859375,-37.1435546875,-94.6044921875
87.9480534,36.1279296875,-35.9228515625,-93.6279296875
87.9876316,35.3466796875,-35.3369140625,-45.1904296875
88.0104305,34.2236328125,-33.8720703125,9.6435546875
88.0503526,33.9794921875,-33.4326171875,29.3212890625
88.0707286,33.6376953125,-32.0166015625,32.3486328125
88.1123827,33.0029296875,-30.9423828125,26.4404296875
88.1325252,32.2705078125,-29.6728515625,19.9462890625
88.1886334,31.6845703125,-30.5029296875,17.8955078125
88.2079584,33.8330078125,-29.7216796875,16.2353515625
88.219999,36.0302734375,-29.5751953125,6.9091796875
88.2587279,38.4228515625,-29.1845703125,-2.1728515625
88.2780468,40.2783203125,-28.3056640625,-5.3955078125
88.3281381,41.4013671875,-28.6474609375,-4.5654296875
88.3474563,42.4755859375,-28.2080078125,-3.7353515625
88.3866636,43.3056640625,-28.3056640625,-6.5185546875
88.4063575,43.4521484375,-29.1357421875,-12.9638671875
88.4448205,43.7939453125,-29.0380859375,-21.1669921875
88.4649689,43.0126953125,-29.5751953125,-29.5166015625
88.4979768,42.8662109375,-29.4287109375,-36.8896484375
88.5203282,43.1591796875,-30.4052734375,-43.2373046875
88.5653252,42.7685546875,-31.0400390625,-49.0966796875
88.5926652,42.0361328125,-31.2841796875,-53.4912109375
88.6118289,41.5966796875,-31.7724609375,-58.7158203125
88.6394442,41.4013671875,-32.7001953125,-63.0615234375
88.6805565,40.4248046875,-32.9931640625,-66.7724609375
88.7008202,40.1806640625,-34.6533203125,-70.5810546875
88.7487595,38.9599609375,-34.5068359375,-75.1220703125
88.7786385,37.9833984375,-35.3857421875,-79.2236328125
88.7917993,37.4951171875,-33.3349609375,-84.1552734375
88.8337417,37.1044921875,-32.3095703125,-87.7197265625
88.8543942,36.1767578125,-30.6982421875,-61.0595703125
88.8936638,35.5419921875,-30.0634765625,-2.2705078125
88.9143111,35.0537109375,-28.8427734375,24.6826171875
88.9575298,34.6142578125,-28.0126953125,29.9560546875
88.9790391,33.9794921875,-26.9873046875,24.3408203125
89.0159173,32.9052734375,-26.5478515625,14.4775390625
89.0367221,32.4658203125,-26.1083984375,6.9091796875
89.0699657,31.4404296875,-26.3525390625,3.2470703125
89.0947497,32.7587890625,-26.0595703125,-8.1298828125
89.1355215,35.8349609375,-25.1318359375,-15.4541015625
89.1562765,38.4716796875,-25.4248046875,-15.4052734375
89.1982844,40.5712890625,-25.5224609375,-12.6220703125
89.2184056,41.6455078125,-25.6201171875,-11.7431640625
89.256488,43.1103515625,-25.4736328125,-14.8681640625
89.2756264,43.9892578125,-26.4013671875,-22.5341796875
89.3188295,45.3076171875,-25.9619140625,-31.2255859375
89.338867,45.5517578125,-26.7431640625,-38.6962890625
89.375604,44.8193359375,-26.6943359375,-46.1669921875
89.395649,44.7216796875,-27.5244140625,-52.2705078125
89.4523768,44.4775390625,-28.0615234375,-58.4228515625
89.4739132,43.5009765625,-28.0615234375,-63.5498046875
89.4871144,42.9150390625,-28.5009765625,-67.3095703125
89.5323654,42.8662109375,-29.1845703125,-71.6064453125
89.5507149,42.2802734375,-29.4287109375,-74.8779296875
89.5885478,41.4990234375,-30.5029296875,-79.2724609375
89.6075014,40.9619140625,-29.5263671875,-83.7158203125
89.6530338,40.1318359375,-27.8662109375,-87.6220703125
89.6744604,39.0087890625,-26.2060546875,-87.2802734375
89.7183616,38.3740234375,-24.7412109375,-38.6474609375
89.7378327,37.5439453125,-23.3740234375,13.4521484375
89.7781601,36.8603515625,-22.0556640625,30.9326171875
89.7993236,36.7138671875,-20.6396484375,33.8134765625
89.8192203,35.6396484375,-19.5654296875,28.4423828125
89.848574,35.0048828125,-18.9794921875,22.0458984375
89.8916966,34.2236328125,-18.5888671875,18.6767578125
89.9119918,33.3935546875,-17.6123046875,16.5771484375
89.9502856,32.8564453125,-17.2705078125,8.0810546875
89.971803,33.0517578125,-17.3681640625,-1.3916015625
90.0098572,32.0751953125,-16.8798828125,-4.7119140625
90.0319761,31.5869140625,-16.6357421875,-3.6865234375
90.0700278,33.0517578125,-17.3681640625,-3.8818359375
90.090713,35.2490234375,-17.2705078125,-7.6904296875
90.1363879,36.5185546875,-17.0751953125,-14.8681640625
90.1570228,38.4716796875,-17.1728515625,-23.9501953125
90.1995768,39.5458984375,-17.9052734375,-31.6650390625
90.2315012,41.0107421875,-18.3447265625,-39.3798828125
90.2415321,41.5478515625,-19.2724609375,-45.7275390625
90.286597,42.0849609375,-19.3212890625,-52.2705078125
90.3057201,41.9384765625,-20.1025390625,-57.0556640625
90.3411609,41.3037109375,-21.1279296875,-61.8408203125
90.361202,41.8408203125,-21.5673828125,-65.7470703125
90.3982923,40.9619140625,-23.1298828125,-71.1669921875
90.4220188,40.7666015625,-23.6181640625,-75.5615234375
90.4645048,40.4248046875,-24.3505859375,-78.6376953125
90.4844502,39.7900390625,-25.9130859375,-82.7880859375
90.5262269,39.5458984375,-24.7412109375,-87.8662109375
90.54828,38.8623046875,-22.9833984375,-91.9677734375
90.5908293,37.9833984375,-21.7626953125,-78.9306640625
90.6114989,37.2021484375,-20.5419921875,-14.5263671875
90.6515086,36.7626953125,-20.0048828125,22.5341796875
90.663265,36.2744140625,-18.5400390625,34.5947265625
90.7035384,35.1513671875,-17.9052734375,32.9833984375
90.7246371,34.8095703125,-17.0751953125,26.5869140625
90.7616897,34.3701171875,-16.4404296875,20.8740234375
90.7813058,33.6865234375,-16.5869140625,20.0439453125
90.8401335,32.7587890625,-16.2451171875,17.0166015625
90.8609218,32.3193359375,-15.7080078125,5.3955078125
90.8756801,32.3681640625,-15.9033203125,-2.7587890625
90.9129248,31.2451171875,-16.1962890625,-5.0537109375
90.9327204,33.1005859375,-16.3427734375,-4.6142578125
90.9776293,34.6142578125,-16.8798828125,-5.1025390625
90.999646,37.2509765625,-18.0029296875,-8.7646484375
91.0349462,38.4716796875,-18.2958984375,-17.2607421875
91.056293,39.5947265625,-18.4423828125,-26.1962890625
91.0987328,40.5712890625,-18.7841796875,-33.4228515625
91.1194939,41.4501953125,-19.4677734375,-39.9658203125
91.1555336,41.5966796875,-20.3955078125,-46.9482421875
91.1780985,40.5224609375,-21.2255859375,-53.1982421875
91.2128449,40.2294921875,-22.1044921875,-57.5927734375
91.2377653,40.5712890625,-22.1044921875,-62.4755859375
91.2799437,39.7900390625,-23.0810546875,-66.5283203125
91.2993092,39.7412109375,-23.7646484375,-70.7275390625
91.3389432,38.9599609375,-25.3759765625,-74.7314453125
91.3586999,38.7646484375,-26.5966796875,-78.6376953125
91.3977838,38.7646484375,-27.1337890625,-83.1298828125
91.4168741,37.5439453125,-24.8388671875,-88.7939453125
91.4613925,36.7626953125,-23.3740234375,-89.6728515625
91.4815535,36.7626953125,-22.4462890625,-51.9775390625
91.5304167,35.6884765625,-22.0068359375,5.6396484375
91.5510408,34.9072265625,-21.1279296875,26.9287109375
91.5681466,34.7119140625,-20.7861328125,29.7607421875
91.5977647,34.1748046875,-20.1513671875,22.3388671875
91.6541239,33.1494140625,-20.3955078125,12.8173828125
91.6747317,33.0517578125,-20.8349609375,6.7626953125
91.6936202,32.6123046875,-20.6884765625,2.4658203125
91.7212098,31.5380859375,-20.0048828125,-8.8623046875
91.7646707,30.5126953125,-20.7861328125,-15.2587890625
91.7957839,30.3662109375,-21.1767578125,-14.7216796875
91.809997,31.0986328125,-20.8837890625,-11.6455078125
91.8518887,33.7841796875,-21.7626953125,-11.6455078125
91.8727602,36.3720703125,-21.6650390625,-15.4541015625
91.9211361,38.4228515625,-23.0810546875,-23.1689453125
91.9421874,39.1552734375,-23.3740234375,-30.7861328125
91.9614113,41.2060546875,-24.4970703125,-39.9169921875
91.9925091,42.2802734375,-25.1318359375,-46.2158203125
92.0451702,42.7685546875,-25.8154296875,-52.9052734375
92.0669853,42.4755859375,-26.7431640625,-57.8369140625
92.0780041,42.1337890625,-27.1337890625,-63.5498046875
92.123094,41.3525390625,-28.2080078125,-67.0166015625
92.143516,41.7919921875,-29.5263671875,-71.1181640625
92.1811348,41.4501953125,-30.0634765625,-74.8779296875
92.2035363,40.7177734375,-30.6494140625,-78.9306640625
92.2474011,40.2294921875,-30.1611328125,-83.3251953125
92.267802,39.8388671875,-27.6220703125,-87.3779296875
92.3083333,39.3017578125,-26.9873046875,-76.8798828125
92.330703,38.6181640625,-25.8642578125,-16.5771484375
92.3669347,38.0322265625,-25.6201171875,21.5087890625
92.3880914,37.3974609375,-24.3994140625,33.3740234375
92.4327771,36.2744140625,-24.6435546875,32.1533203125
92.4541123,35.4931640625,-24.2529296875,23.7548828125
92.4724094,35.1513671875,-24.2041015625,18.4326171875
92.5029206,35.0048828125,-24.1552734375,16.1865234375
92.5486634,33.7353515625,-23.8623046875,10.8642578125
92.567427,33.3447265625,-23.4716796875,-0.6591796875
92.6035144,32.5146484375,-23.5205078125,-6.8603515625
92.6251436,31.5869140625,-24.8388671875,-7.5927734375
92.6668329,31.1474609375,-24.7900390625,-6.4208984375
92.6877507,30.8056640625,-25.6689453125,-7.2021484375
92.7238754,30.4638671875,-26.3525390625,-12.9638671875
92.7479766,31.7822265625,-26.4013671875,-20.6298828125
92.7926213,33.4423828125,-27.3291015625,-29.7119140625
92.8134798,35.8349609375,-27.7685546875,-37.1826171875
92.851351,38.0322265625,-28.6474609375,-43.6767578125
92.8716995,39.1064453125,-28.9404296875,-50.2685546875
92.9126383,40.1806640625,-30.2587890625,-55.3466796875
92.9328936,42.0849609375,-31.6259765625,-60.7666015625
92.9706248,41.9873046875,-31.9677734375,-65.1611328125
92.9913872,41.3525390625,-32.1630859375,-69.6044921875
93.0305997,41.3525390625,-33.3349609375,-73.3154296875
93.0514535,41.2548828125,-34.0185546875,-77.5146484375
93.0859688,40.6201171875,-34.7021484375,-81.6162109375
93.1070071,41.0107421875,-34.0673828125,-86.3525390625
93.1469489,40.5712890625,-31.0400390625,-90.6982421875
93.1690447,39.9853515625,-30.1123046875,-77.3681640625
93.2161426,39.3017578125,-29.6240234375,-12.4267578125
93.2365125,39.0087890625,-29.3798828125,25.5615234375
93.2735482,38.7158203125,-28.2080078125,36.3037109375
93.293303,37.3974609375,-27.6220703125,34.9853515625
93.3287472,36.6650390625,-26.9384765625,29.0283203125
93.3495365,36.1767578125,-26.9384765625,24.5849609375
93.3850804,35.3955078125,-27.0361328125,23.4619140625
93.4089915,34.9072265625,-27.3291015625,19.8974609375
93.452074,34.4677734375,-27.5244140625,7.8369140625
93.4732845,34.2724609375,-27.3779296875,-0.0244140625
93.5070736,33.0029296875,-28.0615234375,-2.4169921875
93.5309157,32.4658203125,-28.4033203125,-2.0751953125
93.5742945,31.4404296875,-28.9892578125,-2.9541015625
93.5946753,30.9033203125,-29.4287109375,-7.4951171875
93.6366599,31.0986328125,-29.8193359375,-15.6982421875
93.6581898,33.5888671875,-30.7470703125,-24.9267578125
93.693772,36.1767578125,-31.6259765625,-33.1298828125
93.7160721,37.2021484375,-32.4560546875,-40.2099609375
93.7576914,38.4228515625,-32.8955078125,-46.3623046875
93.7759361,39.3017578125,-33.8232421875,-52.4169921875
93.8131372,39.8388671875,-34.5556640625,-57.3974609375
93.8333353,40.8642578125,-36.1181640625,-62.0361328125
93.8714758,40.4248046875,-36.5087890625,-66.5283203125
93.8940343,39.8876953125,-38.0224609375,-71.1181640625
93.9375782,39.6923828125,-38.2666015625,-75.1708984375
93.957444,39.3505859375,-39.1455078125,-79.4189453125
93.9934487,39.0087890625,-39.9755859375,-82.9833984375
94.0158033,39.3994140625,-38.9013671875,-87.3779296875
94.0624239,39.0087890625,-36.6064453125,-91.4306640625
94.0823615,37.8369140625,-36.0205078125,-65.6494140625
94.1159982,37.4951171875,-35.7275390625,-1.3916015625
94.1374267,36.6650390625,-35.7763671875,26.3427734375
94.1869503,36.2255859375,-34.3603515625,34.2041015625
94.2077333,35.3466796875,-34.0185546875,30.0048828125
94.2245728,34.1259765625,-33.4326171875,21.7041015625
94.2544758,33.8818359375,-34.3115234375,15.9912109375
94.296094,33.8330078125,-34.1162109375,13.7939453125
94.3160253,33.1494140625,-34.3115234375,6.1279296875
94.3582791,32.5634765625,-33.9208984375,-5.0048828125
94.3800937,31.8798828125,-34.6044921875,-9.3505859375
94.4171992,31.0009765625,-34.6044921875,-7.8369140625
94.4384723,30.9033203125,-35.4833984375,-6.1767578125
94.473371,31.5869140625,-35.5810546875,-9.0087890625
94.4953357,34.1259765625,-36.4111328125,-14.3310546875
94.5349574,36.7138671875,-37.0947265625,-22.7783203125
94.5590087,37.6416015625,-37.6318359375,-30.4443359375
94.6075175,39.2529296875,-38.1201171875,-37.8662109375
94.6283054,41.0595703125,-38.9990234375,-44.7021484375
94.6697293,41.5966796875,-39.7802734375,-51.4404296875
94.6778176,42.3291015625,-39.7314453125,-56.0791015625
94.7152985,42.0849609375,-40.9033203125,-59.6923828125
94.7476888,41.6455078125,-41.1474609375,-64.1357421875
94.795066,41.3525390625,-42.5146484375,-67.9931640625
94.7959064,41.1572265625,-43.3447265625,-71.2158203125
94.8295208,40.8642578125,-44.0771484375,-75.5126953125
94.8712383,40.4736328125,-41.8310546875,-81.0302734375
94.8922172,40.1806640625,-40.8056640625,-84.8388671875
94.9354057,39.7412109375,-39.9755859375,-61.4013671875
94.9569558,39.4482421875,-38.6572265625,-0.3662109375
94.9885403,38.4716796875,-38.7060546875,26.7822265625
95.0079397,37.2998046875,-37.4365234375,32.9345703125
95.0491886,37.1044921875,-37.2900390625,27.4658203125
95.0782893,36.2255859375,-37.2900390625,18.4326171875
95.1152666,35.0537109375,-37.0458984375,12.8173828125
95.1353668,34.1748046875,-36.5087890625,8.1298828125
95.1758658,34.5654296875,-36.7041015625,-2.0263671875
95.1951414,33.7841796875,-36.5576171875,-11.0595703125
95.2274612,32.6123046875,-36.2158203125,-11.9384765625
95.2486625,31.7822265625,-37.2412109375,-9.8876953125
95.2849147,31.6357421875,-37.4853515625,-8.9599609375
95.3135285,30.6103515625,-37.2900390625,-11.9873046875
95.3606236,30.1220703125,-37.7783203125,-18.4814453125
95.379645,31.6845703125,-38.1689453125,-27.6611328125
95.4175292,33.8330078125,-38.2177734375,-35.5712890625
95.4367563,36.6650390625,-38.7548828125,-42.7978515625
95.4712148,38.3251953125,-39.1455078125,-48.9501953125
95.4925062,40.0830078125,-39.4873046875,-55.2490234375
95.5281107,40.7666015625,-40.3662109375,-59.1552734375
95.5544504,41.6943359375,-40.6591796875,-63.9892578125
95.5946164,43.2080078125,-41.1962890625,-68.3349609375
95.6160364,41.6943359375,-41.8798828125,-72.3388671875
95.6560783,41.6943359375,-42.0263671875,-75.6591796875
95.6855839,41.4501953125,-41.5869140625,-80.4931640625
95.7025626,40.7177734375,-39.9267578125,-84.8388671875
95.7344466,41.0595703125,-38.0712890625,-80.8349609375
95.772392,40.3271484375,-36.7041015625,-26.5380859375
95.7940263,39.8876953125,-36.0205078125,21.1669921875
95.8443959,39.5458984375,-34.4091796875,35.8154296875
95.8750034,38.6181640625,-33.9697265625,37.5732421875
95.8840394,37.8369140625,-31.6748046875,32.7392578125
95.9242492,37.2021484375,-31.0400390625,27.8076171875
95.9452736,36.6650390625,-30.9423828125,26.0986328125
96.0021651,35.8837890625,-29.8193359375,23.9501953125
96.0230768,35.5419921875,-29.4775390625,13.3544921875
96.0361344,34.8095703125,-28.9892578125,4.1748046875
96.072592,34.2724609375,-28.7939453125,1.4404296875
96.0936052,33.1005859375,-28.3544921875,1.6357421875
96.1288162,32.7587890625,-28.4521484375,1.8310546875
96.1555792,32.5146484375,-27.8662109375,-1.9775390625
96.1916856,31.6357421875,-28.7939453125,-8.9599609375
96.2173348,30.7080078125,-28.4033203125,-17.8466796875
96.2575309,30.9033203125,-29.1845703125,-25.9521484375
96.2777941,32.3193359375,-29.0380859375,-32.2021484375
96.3132536,35.0537109375,-29.7216796875,-39.1845703125
96.3350817,36.8603515625,-30.0634765625,-45.0927734375
96.3752624,37.4462890625,-30.2587890625,-49.5849609375
96.3964826,38.1787109375,-30.8935546875,-54.1259765625
96.4392393,38.7646484375,-31.6259765625,-59.2041015625
96.4610935,40.1318359375,-32.1142578125,-63.2080078125
96.4983577,39.6435546875,-32.5537109375,-67.4560546875
96.5196107,40.1318359375,-33.4814453125,-71.8017578125
96.5633144,39.3505859375,-33.4814453125,-76.0986328125
96.5840484,39.5458984375,-33.7744140625,-80.5908203125
96.6211807,39.1064453125,-31.7236328125,-85.7177734375
96.6417773,38.5205078125,-30.5517578125,-85.8154296875
96.6746767,38.5205078125,-29.5263671875,-41.6748046875
96.7031339,37.2509765625,-28.1103515625,15.7470703125
96.7413228,37.2509765625,-26.9384765625,36.4501953125
96.7662109,37.0068359375,-25.8154296875,40.4052734375
96.8054727,36.0302734375,-24.0576171875,36.4501953125
96.8264681,35.1513671875,-23.1787109375,30.3955078125
96.8690806,34.4189453125,-23.1298828125,28.8818359375
96.8881357,33.2958984375,-22.8369140625,27.8564453125
96.9376839,32.9052734375,-22.0556640625,20.9716796875
96.9603795,33.1494140625,-22.1044921875,9.5947265625
96.968376,32.4169921875,-22.1044921875,4.9072265625
97.0178038,31.1962890625,-21.5673828125,4.2236328125
97.0368347,31.4404296875,-21.2744140625,4.2724609375
97.0713957,30.3662109375,-22.2021484375,1.4892578125
97.0933563,30.9521484375,-22.0068359375,-4.4677734375
97.1420367,33.1005859375,-22.3974609375,-13.7451171875
97.1638338,35.5419921875,-23.0810546875,-21.3623046875
97.2006568,37.9833984375,-23.2763671875,-28.5888671875
97.2212401,39.4970703125,-24.0087890625,-35.2783203125
97.2556496,39.8876953125,-24.2041015625,-40.8447265625
97.2758859,40.8154296875,-25.2783203125,-45.9228515625
97.3136845,41.8896484375,-24.8876953125,-51.7822265625
97.3345973,41.9384765625,-26.3525390625,-55.6884765625
97.3738797,41.5966796875,-26.8896484375,-60.5224609375
97.3950309,40.7666015625,-27.8662109375,-64.4775390625
97.4303793,40.7177734375,-28.5009765625,-68.2861328125
97.45074,40.8642578125,-29.8193359375,-72.5341796875
97.5014749,40.4736328125,-28.1103515625,-77.8564453125
97.5217651,39.4482421875,-26.7919921875,-82.2021484375
97.5634501,39.3505859375,-25.1806640625,-74.2431640625
97.593661,38.5205078125,-24.3017578125,-15.8935546875
97.6048629,38.1787109375,-22.7392578125,25.1220703125
97.6421306,37.4951171875,-22.2509765625,37.2802734375
97.6634734,36.3232421875,-20.9814453125,36.5966796875
97.7004787,35.3466796875,-19.8095703125,29.5166015625
97.722344,35.0537109375,-20.2001953125,22.3388671875
97.7677573,34.9072265625,-19.1259765625,19.3115234375
97.7882456,34.0283203125,-19.1259765625,13.7451171875
97.8241106,33.6376953125,-18.0029296875,2.7587890625
97.8451487,33.0517578125,-17.7099609375,-2.8564453125
97.8758212,32.3193359375,-18.2470703125,-2.6611328125
97.9071776,30.9521484375,-18.5888671875,-1.2451171875
97.9465476,30.7568359375,-18.6865234375,-1.4404296875
97.9671117,31.1474609375,-18.8818359375,-6.7138671875
98.0047138,32.9541015625,-18.9794921875,-14.3310546875
98.0247365,35.2001953125,-19.9560546875,-22.9736328125
98.0653443,37.8857421875,-19.9560546875,-30.0048828125
98.0877381,39.3505859375,-20.4931640625,-36.6455078125
98.1434703,40.2294921875,-21.4697265625,-43.1884765625
98.1641792,42.3291015625,-21.4697265625,-48.0712890625
98.1790305,43.0615234375,-23.0810546875,-52.9052734375
98.223666,42.9638671875,-22.8369140625,-56.4208984375
98.2541922,43.2080078125,-23.6181640625,-60.7177734375
98.2660658,42.4267578125,-25.1318359375,-64.3798828125
98.3167785,41.7431640625,-25.9130859375,-67.7001953125
98.3492911,41.5478515625,-24.4970703125,-72.7783203125
98.3581493,41.4501953125,-23.1787109375,-77.6123046875
98.3938201,41.2060546875,-20.8349609375,-71.1181640625
98.4175346,40.9619140625,-20.7373046875,-16.2841796875
98.45468,39.5458984375,-19.4189453125,25.0244140625
98.4807192,39.2529296875,-18.6865234375,36.8408203125
98.5210511,38.6669921875,-18.0029296875,36.1572265625
98.5406461,37.4951171875,-17.3681640625,28.7353515625
98.5755782,36.8603515625,-17.6611328125,21.8017578125
98.5991375,36.3232421875,-17.9052734375,17.9443359375
98.6459898,35.0537109375,-17.2216796875,10.4736328125
98.6661018,34.4677734375,-17.6123046875,-1.0009765625
98.7092423,33.8330078125,-17.0263671875,-4.6630859375
98.7409895,33.5888671875,-17.2216796875,-3.7841796875
98.7511211,32.2216796875,-17.9541015625,-0.9521484375
98.7898012,31.6845703125,-17.9052734375,-2.1240234375
98.8143355,31.3916015625,-18.6376953125,-8.0322265625
98.8520196,30.7568359375,-18.6865234375,-16.5771484375
98.8706935,30.8544921875,-19.0771484375,-25.2197265625
98.9128655,32.9052734375,-19.6630859375,-32.1044921875
98.9330762,35.3466796875,-20.0537109375,-38.5986328125
98.9762639,37.2021484375,-20.9814453125,-45.5810546875
98.9963383,37.9345703125,-22.4462890625,-50.1220703125
99.0328988,39.4970703125,-22.2021484375,-54.4677734375
99.0537728,41.1572265625,-23.4716796875,-58.0810546875
99.0899234,40.7666015625,-23.8134765625,-62.0849609375
99.1129111,40.7177734375,-25.6201171875,-65.8447265625
99.1555999,40.3759765625,-26.3525390625,-70.5810546875
99.1748477,39.8876953125,-25.2783203125,-75.3173828125
99.2090294,40.6201171875,-23.4228515625,-79.0771484375
99.2352656,39.7900390625,-21.6162109375,-71.8994140625
99.271332,39.6435546875,-21.3720703125,-13.7451171875
99.2925386,39.1064453125,-19.6630859375,27.7099609375
99.3307255,39.0087890625,-19.0283203125,41.7236328125
99.3541536,38.3251953125,-18.0517578125,42.4560546875
99.3906541,37.2021484375,-16.6845703125,38.6474609375
99.4151433,36.9091796875,-16.9287109375,35.0830078125
99.4531328,36.0791015625,-16.9287109375,34.0576171875
99.4776629,35.1025390625,-16.5869140625,30.9326171875
99.51559,34.3212890625,-16.2451171875,22.3388671875
99.5357979,34.0771484375,-16.1474609375,12.3291015625
99.575434,33.6376953125,-16.9287109375,9.6435546875
99.5957731,32.4658203125,-16.4892578125,10.5712890625
99.6380699,31.6845703125,-17.3681640625,10.9619140625
99.6685614,31.1962890625,-17.5634765625,5.8349609375
99.6841189,31.0986328125,-18.4912109375,-0.7080078125
99.7170556,31.0986328125,-18.5888671875,-8.2275390625
99.7544136,33.1005859375,-20.0048828125,-16.7724609375
99.7744027,35.3466796875,-19.9560546875,-23.6083984375
99.810562,37.4951171875,-20.9814453125,-30.2001953125
99.8366815,38.7158203125,-22.0068359375,-36.4013671875
99.8863547,39.4970703125,-23.4228515625,-41.5283203125
99.9066756,39.5458984375,-24.0087890625,-46.1669921875
99.9493527,41.0107421875,-24.9365234375,-50.4638671875
99.9695128,40.4248046875,-26.4501953125,-55.6884765625
99.9895749,39.7412109375,-27.2314453125,-59.2529296875
100.0186388,40.1806640625,-28.5986328125,-63.2568359375
100.0537098,39.8876953125,-28.8427734375,-67.9931640625
100.0769005,40.0341796875,-28.2080078125,-72.5830078125
100.1162453,39.3017578125,-26.4013671875,-77.4658203125
100.1393095,38.6181640625,-26.0107421875,-60.8642578125
100.1764652,38.5205078125,-25.3271484375,1.6845703125
100.201829,37.4951171875,-24.9853515625,34.3017578125
100.2503061,37.0068359375,-24.3994140625,44.0673828125
100.2694348,36.4697265625,-23.8134765625,43.0908203125
100.3126439,35.3466796875,-23.6669921875,37.9150390625
100.3442245,34.7119140625,-24.3017578125,34.4970703125
100.3481834,34.3212890625,-24.7412109375,34.1552734375
100.3902398,33.7353515625,-23.9599609375,29.8583984375
100.4111528,33.2958984375,-24.9853515625,19.5068359375
100.453712,32.3681640625,-24.9853515625,13.4521484375
100.4742993,32.0263671875,-25.3271484375,12.5244140625
100.5107287,31.0009765625,-25.9619140625,13.8427734375
100.5339567,31.0986328125,-26.9873046875,13.0126953125
100.5767105,31.6357421875,-26.8408203125,9.0576171875
100.596955,34.0771484375,-28.5986328125,1.7822265625
100.6353752,36.3232421875,-29.0869140625,-5.7861328125
100.6566375,38.3740234375,-30.0634765625,-12.8662109375
100.6922936,39.8876953125,-31.1376953125,-20.5810546875
100.7137143,41.2060546875,-31.4794921875,-26.5869140625
100.763387,41.8896484375,-32.5537109375,-32.4951171875
100.7841093,42.6708984375,-33.6767578125,-36.6943359375
100.8204477,42.3779296875,-34.7509765625,-40.8447265625
100.8405528,42.5732421875,-35.3369140625,-44.9951171875
100.8784807,42.0849609375,-36.6552734375,-48.4130859375
100.897811,41.9384765625,-36.9482421875,-52.8076171875
100.9333977,42.0361328125,-36.1181640625,-58.1787109375
100.9554418,41.4990234375,-34.7998046875,-62.4755859375
100.9919202,41.1572265625,-34.3603515625,-51.7822265625
101.0149598,40.6201171875,-33.6279296875,3.4423828125
101.0512167,39.8876953125,-33.4326171875,35.4248046875
101.0719234,39.3994140625,-33.8232421875,44.6533203125
101.1071323,38.7158203125,-33.1884765625,42.6513671875
101.1339442,37.9345703125,-33.7744140625,36.4501953125
101.189111,37.3974609375,-34.3603515625,31.0302734375
101.2082767,36.7138671875,-34.5068359375,27.3681640625
101.2261943,35.1025390625,-34.8486328125,19.6044921875
101.2538883,35.0048828125,-35.0927734375,10.6201171875
101.2897382,35.1513671875,-34.7021484375,8.3251953125
101.3171782,33.7841796875,-35.9716796875,9.7900390625
101.3550926,33.2470703125,-37.4365234375,11.7919921875
101.3756927,31.8798828125,-37.6806640625,10.0830078125
101.4126279,31.7822265625,-38.6083984375,4.2724609375
101.4374592,31.5380859375,-38.7548828125,-3.7353515625
101.4727528,31.0009765625,-39.1943359375,-11.9873046875
101.4956328,33.4423828125,-40.5615234375,-18.9208984375
101.5473243,35.6884765625,-41.1962890625,-24.8291015625
101.5676981,38.4228515625,-42.2216796875,-31.5185546875
101.5866209,40.1806640625,-42.5146484375,-36.2060546875
101.6184713,41.5966796875,-43.8818359375,-40.4052734375
101.6582334,42.7197265625,-44.6630859375,-44.4580078125
101.6791767,43.5986328125,-45.6884765625,-48.5595703125
101.7098974,43.9892578125,-46.0791015625,-53.0517578125
101.7359111,43.5498046875,-44.8583984375,-58.0322265625
101.7742397,43.6474609375,-43.3447265625,-61.9384765625
101.7998345,43.1591796875,-42.7587890625,-45.1904296875
101.8371752,42.3291015625,-42.4169921875,13.2568359375
101.8583115,42.3291015625,-41.7822265625,41.9189453125
101.893899,42.9150390625,-40.5615234375,50.9033203125
101.9207704,42.2802734375,-40.3173828125,50.6103515625
101.9712345,40.8154296875,-39.6826171875,46.9482421875
101.991215,40.9619140625,-39.8779296875,44.1162109375
102.0281123,39.6435546875,-40.0732421875,43.3349609375
102.0396744,38.4716796875,-39.5361328125,39.8681640625
102.0802026,37.6416015625,-39.9755859375,30.2001953125
102.1010926,37.4462890625,-39.5849609375,24.4384765625
102.1562242,36.3720703125,-39.7802734375,22.9736328125
102.1768326,35.8349609375,-41.1474609375,25.0732421875
102.1908261,35.0048828125,-41.0009765625,24.0966796875
102.2275075,34.5654296875,-41.0498046875,19.4580078125
102.2542601,33.3447265625,-41.6845703125,11.6455078125
102.2915444,33.2470703125,-42.4169921875,3.2470703125
102.3112517,33.5400390625,-42.5146484375,-3.0029296875
102.3474624,32.3193359375,-44.0283203125,-9.4970703125
102.370844,32.5634765625,-44.2724609375,-15.6982421875
102.4080643,34.1748046875,-44.5654296875,-22.0458984375
102.4387194,37.1044921875,-45.7861328125,-26.6357421875
102.4737399,38.5693359375,-45.9326171875,-32.0556640625
102.4941638,40.5224609375,-47.2509765625,-35.4736328125
102.5286207,40.2783203125,-47.6416015625,-39.6240234375
102.5523765,41.5966796875,-48.7646484375,-44.3603515625
102.589756,42.5732421875,-49.3017578125,-48.6572265625
102.6245108,42.3291015625,-47.7392578125,-53.7353515625
102.6630587,41.6455078125,-46.1767578125,-58.6669921875
102.6763192,41.6943359375,-45.6396484375,-40.5029296875
102.7158125,41.0595703125,-45.2490234375,20.0927734375
102.7365434,40.9619140625,-44.2236328125,49.8779296875
102.7738352,40.4248046875,-43.3935546875,58.8134765625
102.7941364,40.5224609375,-42.3193359375,58.7158203125
102.8395086,39.4970703125,-42.0751953125,55.2978515625
102.8598484,39.3017578125,-42.0751953125,53.6865234375
102.8931565,38.7158203125,-42.2216796875,53.1005859375
102.9153741,37.3974609375,-41.9775390625,49.3896484375
102.9522706,36.7138671875,-42.0751953125,40.6494140625
102.982476,36.1767578125,-42.3193359375,33.1298828125
103.0176746,35.8349609375,-42.1728515625,31.7626953125
103.0380711,34.7119140625,-42.9541015625,31.8603515625
103.0922794,34.2236328125,-42.7587890625,31.4208984375
103.110482,34.2724609375,-43.3447265625,27.3681640625
103.1263028,33.2958984375,-43.4912109375,20.1416015625
103.1659615,32.4658203125,-43.6376953125,12.7685546875
103.1862572,31.3916015625,-44.0283203125,5.8349609375
103.2242258,32.2216796875,-44.8583984375,-0.8544921875
103.2467154,34.1259765625,-45.4443359375,-6.9580078125
103.2792077,35.8837890625,-45.1025390625,-13.4521484375
103.3071484,38.1787109375,-46.0791015625,-18.4814453125
103.3605138,38.9599609375,-46.9580078125,-24.1943359375
103.3807607,39.8388671875,-47.7880859375,-28.2470703125
103.3985106,40.7177734375,-48.5205078125,-32.2998046875
103.4340914,41.3037109375,-48.8623046875,-36.8408203125
103.4571942,41.8408203125,-49.6435546875,-41.1865234375
103.4934727,41.3037109375,-50.5712890625,-46.0205078125
103.5194678,41.0595703125,-49.7900390625,-50.7080078125
103.5558676,40.7666015625,-48.0810546875,-56.2255859375
103.5786802,40.5224609375,-47.2998046875,-52.0263671875
103.618963,40.2783203125,-46.4697265625,3.6865234375
103.6412184,39.9853515625,-46.2744140625,43.3837890625
103.6793309,39.3994140625,-45.0537109375,58.3740234375
103.6996266,38.9599609375,-44.4189453125,58.7646484375
103.7352608,38.3740234375,-43.6376953125,53.5400390625
103.7591153,37.9345703125,-43.5888671875,47.8759765625
103.7958902,36.7138671875,-43.1005859375,45.4345703125
103.8218378,36.3720703125,-42.9052734375,42.6025390625
103.874365,35.6396484375,-42.6611328125,32.3486328125
103.8947869,35.1025390625,-43.1494140625,25.8544921875
103.910662,34.1259765625,-43.0029296875,25.4150390625
103.9482454,33.5888671875,-42.3681640625,27.5634765625
103.9718767,33.8330078125,-43.5888671875,26.9775390625
104.0080217,32.4169921875,-43.3935546875,24.0478515625
104.0312567,31.8798828125,-43.9794921875,17.0654296875
104.0683386,31.3916015625,-44.1259765625,9.1552734375
104.0893972,33.9306640625,-44.2236328125,1.4404296875
104.1401046,36.8115234375,-45.2001953125,-6.0302734375
104.1607536,39.4970703125,-45.5908203125,-12.8662109375
104.1997257,40.8642578125,-45.8837890625,-18.2373046875
104.2149444,42.0361328125,-46.4208984375,-23.0712890625
104.2506408,42.7685546875,-46.5185546875,-27.6123046875
104.2717176,44.1845703125,-46.8115234375,-31.1767578125
104.3065535,44.7216796875,-47.8369140625,-34.9365234375
104.3346521,44.9658203125,-47.5439453125,-38.4033203125
104.3718172,44.9658203125,-48.3740234375,-43.5302734375
104.3967973,43.5498046875,-46.8115234375,-48.0712890625
104.4368292,44.2822265625,-44.7607421875,-53.2958984375
104.4576128,43.7451171875,-43.3447265625,-38.4521484375
104.5009488,43.4033203125,-42.8076171875,20.4345703125
104.5192938,42.9638671875,-41.8310546875,49.7802734375
104.5513727,42.8662109375,-41.2939453125,58.9111328125
104.5781597,41.4501953125,-40.6591796875,56.2744140625
104.6153248,41.4501953125,-40.1220703125,48.6083984375
104.6357345,40.8154296875,-39.5361328125,41.9677734375
104.6729374,39.8388671875,-39.2431640625,38.5986328125
104.701771,38.8134765625,-38.2666015625,30.2490234375
104.7480063,37.8369140625,-38.1689453125,19.2626953125
104.7695423,37.4462890625,-38.1201171875,17.3095703125
104.7878952,37.1533203125,-38.5107421875,19.0673828125
104.8283531,35.7861328125,-38.1201171875,21.2646484375
104.8574166,35.1025390625,-38.6083984375,18.7744140625
104.8792131,34.1259765625,-38.4130859375,12.6220703125
104.9202689,34.1748046875,-38.5107421875,4.3212890625
104.9396673,33.4912109375,-39.0966796875,-3.6865234375
104.9763013,33.1494140625,-39.0966796875,-10.9130859375
104.9978852,34.8583984375,-38.9990234375,-18.0419921875
105.0334371,37.2998046875,-39.5361328125,-24.1455078125
105.05584,40.3759765625,-39.6337890625,-29.6630859375
105.0948391,41.4013671875,-40.4150390625,-34.5458984375
105.1212249,42.6220703125,-41.2939453125,-39.5263671875
105.1717855,44.3798828125,-41.8310546875,-43.3349609375
105.1900008,45.7470703125,-41.7333984375,-47.4365234375
105.2336123,45.6005859375,-42.5634765625,-52.0751953125
105.255015,45.5029296875,-39.9267578125,-57.3974609375
105.2711306,44.8681640625,-37.4853515625,-61.2548828125
105.3114823,44.7705078125,-36.2646484375,-41.7236328125
105.3325687,44.5263671875,-35.7275390625,22.0458984375
105.3738672,44.9658203125,-33.4814453125,51.8310546875
105.3955246,44.8681640625,-31.9189453125,61.4501953125
105.4328385,43.8427734375,-30.3564453125,59.5458984375
105.4539052,43.5498046875,-28.3056640625,53.6376953125
105.5006292,42.2314453125,-27.8173828125,50.6103515625
105.5213169,42.2314453125,-26.6455078125,49.2431640625
105.5618017,40.3271484375,-25.6201171875,45.4345703125
105.5842614,39.8876953125,-25.8154296875,34.3017578125
105.6001126,38.7646484375,-24.6435546875,26.6357421875
105.6402843,38.4228515625,-25.5224609375,24.7314453125
105.6610226,38.2275390625,-24.6923828125,26.5869140625
105.6998252,36.9580078125,-24.6923828125,24.6826171875
105.7207421,36.8603515625,-24.4970703125,20.6787109375
105.752543,35.3466796875,-24.9365234375,12.5732421875
105.7836685,35.2001953125,-24.4482421875,3.5400390625
105.8193372,34.9072265625,-25.2783203125,-4.3701171875
105.845685,36.4208984375,-25.2294921875,-11.4013671875
105.8837966,39.4970703125,-25.7177734375,-18.4814453125
105.9048942,41.4501953125,-26.3525390625,-24.6826171875
105.9553077,42.9150390625,-26.1572265625,-30.0537109375
105.9780834,43.6474609375,-26.8896484375,-35.5224609375
105.9924799,44.3310546875,-27.4267578125,-40.3076171875
106.0304231,45.6494140625,-27.6220703125,-44.2626953125
106.0526094,45.2099609375,-28.5986328125,-49.0966796875
106.0914684,44.6240234375,-29.2822265625,-53.1494140625
106.1131659,44.7216796875,-29.4287109375,-58.3740234375
106.1554528,44.4775390625,-28.1103515625,-63.2080078125
106.1763881,44.9169921875,-25.0830078125,-67.9443359375
106.2128412,44.1357421875,-24.2041015625,-58.1787109375
106.2328575,44.0869140625,-23.5693359375,6.3720703125
106.2702258,43.2080078125,-22.2998046875,46.5087890625
106.2958423,42.5244140625,-20.8837890625,59.4970703125
106.3347219,42.1826171875,-19.1259765625,59.1552734375
106.3563842,41.4013671875,-18.5888671875,52.7587890625
106.3932485,40.2783203125,-17.9052734375,47.9248046875
106.4172325,40.0341796875,-17.6611328125,46.9482421875
106.4565642,38.9111328125,-16.9287109375,44.0185546875
106.4764901,38.2275390625,-16.9775390625,32.6904296875
106.5145544,37.1044921875,-16.7822265625,22.7294921875
106.5346399,36.9091796875,-16.7333984375,18.5791015625
106.5827135,35.4443359375,-16.6357421875,19.8486328125
106.6122467,35.6396484375,-16.7822265625,19.8486328125
106.6260078,35.1025390625,-16.8310546875,16.6748046875
106.6651219,36.6162109375,-17.5146484375,9.8876953125
106.6927386,39.5458984375,-18.1982421875,0.6103515625
106.7289552,42.1826171875,-17.6123046875,-7.8857421875
106.7493677,44.0869140625,-18.6376953125,-15.3076171875
106.7826709,45.1611328125,-19.0283203125,-21.9482421875
106.8064094,46.6259765625,-20.3955078125,-28.2958984375
106.850591,48.0419921875,-20.5419921875,-33.5693359375
106.8713901,48.2861328125,-21.4208984375,-38.9892578125
106.9131388,48.3837890625,-22.9345703125,-43.6767578125
106.9324877,48.2373046875,-23.6181640625,-48.4130859375
106.9754432,47.8955078125,-24.6923828125,-52.3681640625
106.9944987,47.9931640625,-25.7666015625,-57.1044921875
107.0269675,47.6025390625,-26.7919921875,-61.0107421875
107.0488022,47.4560546875,-27.1826171875,-66.1865234375
107.0843214,46.7724609375,-24.3017578125,-70.8251953125
107.1104866,46.1865234375,-23.3740234375,-70.9716796875
107.1614967,45.2587890625,-22.9833984375,-23.0712890625
107.181851,44.7705078125,-21.6162109375,31.5673828125
107.1987305,43.4033203125,-21.3232421875,49.2919921875
107.2291722,42.2314453125,-20.6884765625,49.5849609375
107.2713431,41.5478515625,-20.2978515625,42.6513671875
107.2922734,40.9130859375,-20.0048828125,31.8603515625
107.3267085,40.4736328125,-20.6884765625,26.7822265625
107.3523116,39.2529296875,-20.7373046875,21.6064453125
107.3866862,38.2763671875,-21.1279296875,9.1552734375
107.412666,38.2275390625,-21.3232421875,2.6123046875
107.4594626,37.3486328125,-21.1767578125,3.1494140625
107.4901155,36.6162109375,-21.9580078125,5.9814453125
107.5034303,36.4697265625,-22.8369140625,6.8115234375
107.5534829,38.0322265625,-23.1298828125,3.4912109375
107.5728084,41.3037109375,-23.7646484375,-4.1748046875
107.6149938,44.2333984375,-24.1064453125,-12.3779296875
107.6208202,45.9423828125,-24.7412109375,-20.8740234375
107.6619923,47.5537109375,-25.5712890625,-28.0517578125
107.6828385,48.8720703125,-26.2060546875,-34.2041015625
107.7226828,49.9462890625,-27.7197265625,-38.9892578125
107.7428903,50.9716796875,-27.9150390625,-43.7744140625
107.7803111,50.8740234375,-28.9404296875,-48.2666015625
107.8056817,50.4345703125,-30.4052734375,-52.0751953125
107.8496141,50.4345703125,-30.5029296875,-56.0791015625
107.8699364,49.7021484375,-31.4794921875,-60.3271484375
107.9116943,49.5556640625,-29.1845703125,-66.1376953125
107.9327951,49.5068359375,-28.0126953125,-68.2373046875
107.9697478,48.9208984375,-27.7685546875,-40.0146484375
107.989811,47.8466796875,-26.9384765625,20.8740234375
108.0277668,47.1630859375,-26.2060546875,44.6044921875
108.0479597,45.8935546875,-26.6455078125,50.1708984375
108.0843872,45.8447265625,-25.7666015625,44.0673828125
108.1033685,45.1611328125,-26.1572265625,35.2783203125
108.1405072,43.9892578125,-25.8154296875,28.2470703125
108.1665726,42.9638671875,-25.7666015625,21.6064453125
108.2075664,42.0361328125,-25.7177734375,10.8642578125
108.2281457,41.6943359375,-26.2548828125,1.6845703125
108.2695903,40.2783203125,-26.1083984375,1.0009765625
108.2905125,39.6923828125,-26.4501953125,3.3935546875
108.3277197,38.9599609375,-26.7431640625,5.0048828125
108.3467366,38.3251953125,-27.8173828125,1.7822265625
108.3833111,37.0068359375,-28.9404296875,-6.0302734375
108.4127788,36.7138671875,-29.1357421875,-14.3310546875
108.4522131,36.9580078125,-29.5751953125,-23.1689453125
108.4645622,38.8623046875,-30.5029296875,-29.8583984375
108.504912,42.4755859375,-30.7470703125,-36.6943359375
108.5262709,44.7216796875,-31.9677734375,-42.3583984375
108.5607409,45.5517578125,-32.5537109375,-47.0947265625
108.586634,47.2119140625,-33.2861328125,-52.5634765625
108.6288872,49.0185546875,-33.9208984375,-55.9814453125
108.64921,48.8720703125,-35.6787109375,-60.2294921875
108.6832856,48.5302734375,-34.8486328125,-65.2099609375
108.7102723,48.2373046875,-33.0908203125,-69.5068359375
108.7479224,48.1884765625,-31.3818359375,-71.4111328125
108.7694913,48.2861328125,-31.3330078125,-33.2763671875
108.8066288,48.0908203125,-29.8193359375,27.1728515625
108.8305708,47.6513671875,-29.0380859375,49.8291015625
108.8806686,47.0166015625,-28.2080078125,54.8583984375
108.9019909,46.5283203125,-27.3779296875,51.1474609375
108.9199412,45.3076171875,-26.7431640625,46.3134765625
108.9581409,44.6240234375,-27.4755859375,42.7978515625
108.9800596,44.3798828125,-27.0849609375,41.7236328125
109.0218458,43.1591796875,-26.7919921875,34.3017578125
109.0401055,42.6708984375,-26.5966796875,22.6806640625
109.0759881,41.5966796875,-26.6455078125,16.8701171875
109.1005648,41.1083984375,-26.4990234375,16.8701171875
109.1396922,40.2294921875,-26.8408203125,18.2861328125
109.1603172,39.4970703125,-26.9873046875,16.3330078125
109.1975339,38.4228515625,-27.1826171875,11.0107421875
109.2231815,37.5439453125,-27.9638671875,2.6123046875
109.2593131,37.0068359375,-28.9404296875,-6.6162109375
109.2837751,35.7373046875,-28.9892578125,-13.8916015625
109.3209484,36.8603515625,-29.7216796875,-20.1416015625
109.3410383,39.4482421875,-30.7470703125,-27.4169921875
109.3765224,42.0849609375,-30.9423828125,-32.9833984375
109.4024786,44.1357421875,-31.8212890625,-37.8173828125
109.4405601,44.6240234375,-32.6025390625,-42.0654296875
109.4637259,45.9912109375,-33.8720703125,-46.3134765625
109.4995158,46.9189453125,-34.6044921875,-50.3662109375
109.5221877,47.3583984375,-35.5810546875,-55.6884765625
109.5572254,47.2607421875,-35.0927734375,-59.8388671875
109.5833831,45.8447265625,-32.5537109375,-64.4775390625
109.6261459,45.5517578125,-31.5771484375,-59.2529296875
109.6470559,45.8447265625,-31.2841796875,-1.1474609375
109.6838507,45.5517578125,-30.8935546875,42.9443359375
109.7044558,45.2587890625,-29.9169921875,57.5927734375
109.7411828,44.7216796875,-28.6962890625,58.5205078125
109.7621715,43.9892578125,-28.5009765625,54.5654296875
109.7960335,43.5009765625,-29.2333984375,51.1962890625
109.8246374,42.5244140625,-28.7939453125,49.4384765625
109.8759876,41.9384765625,-29.1845703125,47.0458984375
109.9062569,40.7177734375,-28.4033203125,37.6708984375
109.9142225,39.9853515625,-29.1845703125,27.4169921875
109.9493805,39.5947265625,-29.2822265625,23.4130859375
109.9760722,38.3251953125,-29.9658203125,24.8291015625
110.017568,38.0810546875,-30.3564453125,24.6337890625
110.0367079,37.1533203125,-30.8935546875,21.7041015625
110.0731359,36.7626953125,-31.3330078125,14.6728515625
110.0946686,35.6884765625,-32.6025390625,6.2255859375
110.1419365,35.1025390625,-32.6513671875,-1.1474609375
110.1621006,35.0537109375,-33.5302734375,-8.0322265625
110.2058827,37.5439453125,-33.9697265625,-15.1611328125
110.2194625,40.7666015625,-33.9697265625,-20.2880859375
110.2532742,43.0615234375,-35.2880859375,-25.8544921875
110.2797401,44.7705078125,-36.0205078125,-30.8837890625
110.3298706,45.7470703125,-36.2158203125,-36.3525390625
110.3524455,47.0166015625,-37.7783203125,-39.4287109375
110.3697069,48.3837890625,-38.8037109375,-43.7744140625
110.4088312,48.5302734375,-39.5849609375,-48.1689453125
110.4383239,47.5048828125,-39.1943359375,-53.1982421875
110.4751999,46.9677734375,-37.4853515625,-58.3251953125
110.4890854,47.2119140625,-37.7294921875,-55.7861328125
110.5255137,47.1630859375,-36.2646484375,-3.2470703125
110.5494683,46.0400390625,-35.9716796875,41.1376953125
110.5876824,45.8935546875,-35.4345703125,55.4443359375
110.611196,45.1123046875,-35.1904296875,56.1279296875
110.6503956,45.0146484375,-34.8486328125,49.9755859375
110.6708998,44.1845703125,-34.9462890625,45.0927734375
110.7065806,43.1103515625,-35.5322265625,42.9443359375
110.7352289,41.9384765625,-35.1416015625,38.7451171875
110.7820321,40.8642578125,-35.2392578125,27.7099609375
110.8023925,40.7666015625,-35.5322265625,21.3623046875
110.8225551,39.1552734375,-35.6787109375,20.4833984375
110.8612421,38.9599609375,-36.2158203125,22.7294921875
110.8818746,38.0810546875,-36.4599609375,22.7294921875
110.9191623,37.1533203125,-37.4853515625,18.9208984375
110.9443397,36.3720703125,-36.8994140625,11.9384765625
110.9834952,35.4931640625,-37.8271484375,4.7607421875
111.0050467,35.1025390625,-38.5595703125,-3.3935546875
111.0460919,34.4189453125,-38.8525390625,-9.6923828125
111.0663457,33.5400390625,-39.2431640625,-15.6494140625
111.1032281,35.7373046875,-39.8779296875,-21.1181640625
111.1247467,38.9599609375,-40.6591796875,-24.9267578125
111.1605339,41.0595703125,-41.9775390625,-29.2236328125
111.1837952,43.1591796875,-42.5146484375,-32.6416015625
111.2352569,44.6240234375,-42.8564453125,-37.7197265625
111.2556983,45.3076171875,-41.0009765625,-42.6025390625
111.2737046,46.4794921875,-39.4384765625,-46.8994140625
111.3132998,47.1142578125,-39.3896484375,-36.8896484375
111.3365933,46.9189453125,-38.9013671875,16.7236328125
111.3719277,46.4306640625,-38.5595703125,48.7060546875
111.3938852,46.0400390625,-37.7783203125,57.7880859375
111.4366639,45.3564453125,-38.1201171875,56.5673828125
111.4568004,45.2587890625,-38.1201171875,50.5615234375
111.4910784,44.6728515625,-37.4365234375,44.7509765625
111.5155994,44.5263671875,-37.8271484375,41.7236328125
111.5540417,43.5498046875,-37.0947265625,33.6669921875
111.5771294,43.3544921875,-37.8271484375,23.3154296875
111.6135017,41.4990234375,-37.4365234375,22.2412109375
111.6340395,41.2548828125,-38.4130859375,23.4130859375
111.6709062,39.8876953125,-38.7548828125,25.2197265625
111.6971485,39.2041015625,-38.9013671875,23.4130859375
111.7496308,38.3251953125,-38.8525390625,17.2607421875
111.7692521,37.6416015625,-39.1455078125,9.3017578125
111.7855373,36.9580078125,-40.0732421875,1.4404296875
111.8225335,36.4697265625,-40.1708984375,-5.7861328125
111.849226,34.8583984375,-40.7080078125,-12.3779296875
111.8854449,34.4189453125,-41.5380859375,-18.3349609375
111.9083943,34.3701171875,-41.8798828125,-22.8759765625
111.9498665,33.3447265625,-42.4169921875,-27.5146484375
111.9719632,33.0517578125,-43.2958984375,-31.2255859375
112.0049501,33.1005859375,-43.6376953125,-35.4248046875
112.0285999,35.2001953125,-42.7099609375,-40.3564453125
112.07821,38.0322265625,-40.5615234375,-46.1181640625
112.0980791,39.6435546875,-39.6826171875,-44.8486328125
112.1190136,40.5712890625,-38.7548828125,-2.2216796875
112.1592181,41.3525390625,-37.8271484375,45.5810546875
112.1792206,42.8662109375,-36.1181640625,62.6220703125
112.2181718,42.9638671875,-35.0439453125,66.5771484375
112.2383133,42.2802734375,-33.6279296875,63.9404296875
112.279858,42.1826171875,-34.0185546875,60.6201171875
112.3000228,41.3525390625,-33.9697265625,60.1806640625
112.3368537,41.3525390625,-32.8466796875,59.1064453125
112.3600144,41.1572265625,-32.6025390625,51.6845703125
112.4060885,40.9619140625,-31.5283203125,42.7490234375
112.4247185,39.8876953125,-31.9189453125,39.0380859375
112.4613701,40.0341796875,-31.6748046875,39.8193359375
112.4824348,39.4970703125,-31.8701171875,39.9658203125
112.5301008,38.7646484375,-32.0654296875,37.5244140625
112.5491805,38.0322265625,-32.0654296875,31.9580078125
112.5713425,37.1533203125,-32.1142578125,23.0712890625
112.608457,36.3232421875,-32.7490234375,16.9677734375
112.6316471,36.2744140625,-32.8955078125,10.1318359375
112.6712686,35.2490234375,-33.1884765625,2.5146484375
112.692188,34.7119140625,-33.6767578125,-3.4423828125
112.728378,34.0283203125,-34.0185546875,-8.2763671875
112.7541597,33.5400390625,-35.1416015625,-13.1103515625
112.7966044,33.0029296875,-35.7275390625,-18.0908203125
112.8157353,32.4169921875,-35.7763671875,-21.7041015625
112.8515047,33.8818359375,-36.9970703125,-26.3916015625
112.8722501,36.5673828125,-36.4599609375,-32.0556640625
112.9088304,38.3740234375,-34.6044921875,-37.4755859375
112.934062,40.5224609375,-33.4326171875,-41.1376953125
112.9848266,41.4990234375,-31.3818359375,-23.6572265625
113.0044965,41.6943359375,-30.6982421875,35.0341796875
113.0234331,42.7197265625,-29.5751953125,62.6220703125
113.05926,41.8896484375,-28.9404296875,72.2900390625
113.0838099,42.1826171875,-27.1826171875,72.0458984375
113.1209983,41.9384765625,-26.9873046875,69.0185546875
113.1440818,41.3525390625,-26.8408203125,68.0419921875
113.1891463,40.7666015625,-25.8154296875,67.9443359375
113.2083859,41.3037109375,-26.0107421875,63.4033203125
113.2437188,40.5712890625,-26.2548828125,53.1982421875
113.2644766,39.4482421875,-25.9619140625,45.3857421875
113.2990454,38.8134765625,-26.3037109375,45.0439453125
113.3256432,38.6669921875,-26.9384765625,45.5810546875
113.3628226,37.6904296875,-27.7197265625,44.7021484375
113.3843779,36.9091796875,-28.4033203125,40.4541015625
113.4162913,36.7138671875,-28.3544921875,33.6181640625
113.4436143,35.6396484375,-29.2333984375,25.8056640625
113.4800131,35.2978515625,-29.7216796875,19.6533203125
113.5059416,34.7119140625,-30.5029296875,12.7685546875
113.549698,33.8818359375,-31.0400390625,6.2255859375
113.5697779,34.0283203125,-32.5048828125,-0.1708984375
113.6061062,32.6611328125,-32.2119140625,-5.7373046875
113.6304134,32.8076171875,-33.5302734375,-10.1318359375
113.668497,34.1748046875,-33.7255859375,-14.5751953125
113.6857207,37.1533203125,-35.6298828125,-19.1162109375
113.7218533,39.6435546875,-36.4111328125,-23.3154296875
113.7459998,41.2060546875,-36.8505859375,-28.1982421875
113.7830765,42.9638671875,-35.5322265625,-34.1064453125
113.8114064,43.7451171875,-34.0185546875,-38.5498046875
113.8629364,45.4541015625,-32.7490234375,-31.7138671875
113.8835434,45.8447265625,-32.7490234375,22.5830078125
113.898564,45.5029296875,-31.6748046875,59.1552734375
113.9406903,44.8193359375,-31.5283203125,70.8740234375
113.9615058,44.3310546875,-30.1123046875,70.8740234375
114.0037779,44.3310546875,-30.8447265625,66.5771484375
114.0231986,44.2333984375,-30.4541015625,62.3779296875
114.0593179,43.5498046875,-31.2353515625,61.2548828125
114.0814572,43.5498046875,-30.9912109375,56.9580078125
114.1280253,42.7685546875,-31.3330078125,46.1181640625
114.1481486,42.2802734375,-31.5771484375,39.4775390625
114.1865331,41.5966796875,-31.7236328125,39.2822265625
114.2024638,40.1806640625,-32.4072265625,41.9677734375
114.2423787,40.3271484375,-33.2373046875,40.3076171875
114.2616103,39.3017578125,-34.1650390625,36.2060546875
114.2993,38.3740234375,-34.7509765625,28.8818359375
114.3298781,38.3251953125,-35.7275390625,21.7529296875
114.3507606,37.0068359375,-36.5087890625,14.4775390625
114.3886018,36.5185546875,-36.9482421875,7.6904296875
114.411006,35.7861328125,-37.8271484375,1.3427734375
114.456818,35.0048828125,-38.5595703125,-4.2724609375
114.4859031,34.6630859375,-38.9990234375,-9.1552734375
114.5008587,34.3212890625,-40.0732421875,-12.7685546875
114.5379789,35.7861328125,-40.0732421875,-17.0654296875
114.5635196,40.2294921875,-41.2939453125,-20.0927734375
114.6009386,43.0615234375,-42.3193359375,-25.5615234375
114.6240203,43.8916015625,-39.9267578125,-30.7861328125
114.6602635,45.4541015625,-39.2919921875,-35.6689453125
114.680859,46.7236328125,-37.6806640625,-21.1669921875
114.7185052,47.6025390625,-37.5830078125,33.5205078125
114.7459666,48.1396484375,-37.0458984375,62.2802734375
114.7857703,48.4326171875,-35.7275390625,70.4833984375
114.806399,47.2119140625,-35.1416015625,67.9931640625
114.8482779,47.5048828125,-35.5322265625,62.2802734375
114.8683734,47.0654296875,-36.3134765625,57.7880859375
114.9067587,46.5771484375,-36.4599609375,55.1513671875
114.9241243,46.2353515625,-36.0205078125,46.3134765625
114.9633139,45.1123046875,-35.6787109375,36.8408203125
114.9847311,44.8681640625,-36.3134765625,34.7900390625
115.0240353,44.4775390625,-36.5576171875,36.6943359375
115.0535275,43.8427734375,-36.9970703125,37.3779296875
115.0989223,42.9638671875,-37.1923828125,35.1806640625
115.1049487,42.2802734375,-37.3388671875,27.8564453125
115.1454732,41.0107421875,-37.8271484375,20.0439453125
115.1656232,40.8154296875,-38.1201171875,11.8896484375
115.2083294,39.3505859375,-38.7060546875,5.4931640625
115.229256,39.2041015625,-39.7314453125,-1.3427734375
115.2705648,38.6181640625,-39.9755859375,-7.7880859375
115.2912266,37.7392578125,-40.9033203125,-13.1103515625
115.3345003,36.8115234375,-41.0498046875,-17.9931640625
115.3553616,36.1279296875,-42.4169921875,-22.6318359375
115.3794408,36.2255859375,-43.5888671875,-26.4892578125
115.418398,37.5439453125,-43.6865234375,-31.6650390625
115.4387483,41.0107421875,-43.1982421875,-37.8662109375
115.4760068,43.3056640625,-41.3916015625,-42.0166015625
115.4976611,44.9658203125,-40.0732421875,-32.0556640625
115.5366567,45.2587890625,-39.4384765625,25.6103515625
115.5570982,46.5283203125,-39.2431640625,59.9853515625
115.5945403,47.7001953125,-37.9736328125,71.9970703125
115.6191626,48.3837890625,-36.1181640625,71.4111328125
115.6668317,47.6513671875,-35.5322265625,67.6025390625
115.6870106,47.6025390625,-35.3857421875,64.9169921875
115.7224156,47.1630859375,-34.6044921875,64.9169921875
115.7395234,47.0166015625,-34.7021484375,61.0107421875
115.777782,46.4794921875,-33.7744140625,51.2451171875
115.7996445,46.7236328125,-34.3603515625,42.4072265625
115.8529799,46.5771484375,-34.0673828125,40.4052734375
115.8721361,44.9658203125,-34.4580078125,41.6259765625
115.8895119,44.3310546875,-33.8720703125,40.2587890625
115.9305371,44.0380859375,-34.5068359375,35.7666015625
115.95105,42.9150390625,-35.1416015625,28.3447265625
115.9870958,42.3779296875,-35.7763671875,20.1904296875
116.0111122,41.7431640625,-36.4599609375,12.2314453125
116.0501022,40.6689453125,-36.7041015625,5.6884765625
116.0696772,40.4736328125,-38.0224609375,-2.0751953125
116.108324,39.1552734375,-38.7548828125,-7.9345703125
116.1297762,38.4228515625,-39.7314453125,-13.6474609375
116.1674548,38.3251953125,-40.6591796875,-18.8232421875
116.1948768,38.2763671875,-41.1962890625,-23.8525390625
116.2468781,40.1318359375,-42.6123046875,-28.3935546875
116.252847,43.3056640625,-43.6376953125,-33.7158203125
116.2917497,45.3076171875,-44.6142578125,-37.8173828125
116.313364,46.3330078125,-44.4677734375,-43.3837890625
116.3474449,46.8212890625,-43.6376953125,-48.2666015625
116.3739055,48.3837890625,-42.7099609375,-51.7822265625
116.4131131,49.3603515625,-41.9287109375,-19.2138671875
116.4353018,48.9697265625,-41.2451171875,40.7470703125
116.4706641,49.2626953125,-40.0244140625,64.7705078125
116.4950167,48.0419921875,-39.4384765625,71.4111328125
116.5335317,48.6767578125,-39.1455078125,67.8466796875
116.5551162,48.2861328125,-38.2177734375,63.3544921875
116.5921491,47.4072265625,-38.4619140625,61.1572265625
116.6148768,47.5537109375,-38.5595703125,60.4736328125
116.6548601,47.1630859375,-38.7548828125,54.1748046875
116.6751257,46.3818359375,-37.9248046875,42.5537109375
116.7150136,45.7470703125,-38.9013671875,35.7666015625
116.7380267,44.8681640625,-39.5361328125,34.4970703125
116.7751221,44.2333984375,-40.1220703125,35.5224609375
116.7971888,42.7685546875,-40.5615234375,33.6181640625
116.8397639,42.3779296875,-40.7080078125,26.8798828125
116.8592572,41.9873046875,-41.2451171875,18.8232421875
116.8944386,41.2060546875,-42.0751953125,9.5458984375
116.9181101,40.3271484375,-42.0263671875,2.4658203125
116.9531593,39.9853515625,-43.4912109375,-5.1513671875
116.9733466,38.9111328125,-44.1259765625,-11.4990234375
117.011472,39.0576171875,-44.9560546875,-17.6513671875
117.0394548,42.5244140625,-45.9326171875,-23.1201171875
117.0877197,45.9912109375,-46.3720703125,-28.5888671875
117.0980321,47.7978515625,-47.2998046875,-33.0322265625
117.1363258,49.7021484375,-48.9111328125,-38.5986328125
117.1584759,51.5576171875,-50.1806640625,-42.7001953125
117.2009746,52.6318359375,-51.3525390625,-47.3388671875
117.2209841,53.7548828125,-52.0361328125,-51.8798828125
117.2580375,53.6083984375,-51.9384765625,-56.1279296875
117.2787232,53.5107421875,-51.6455078125,-62.3291015625
117.3169416,53.0712890625,-50.8154296875,-65.3076171875
117.3397547,53.0224609375,-50.3759765625,-39.9169921875
117.375026,53.2666015625,-50.1318359375,24.2919921875
117.4002134,53.0224609375,-49.7412109375,52.4169921875
117.4374801,51.7041015625,-49.1552734375,60.0341796875
117.4595801,51.6064453125,-48.6669921875,55.4443359375
117.4982536,50.5322265625,-49.0576171875,46.9970703125
117.5190711,49.7021484375,-49.0087890625,41.8701171875
117.5593569,49.1650390625,-49.3505859375,38.7939453125
117.58049,48.4814453125,-49.4970703125,30.5419921875
117.6208841,47.0654296875,-49.2041015625,19.2626953125
117.6423083,46.4794921875,-49.4482421875,16.3330078125
117.6802843,45.6494140625,-50.0341796875,17.1630859375
117.701023,44.4775390625,-51.2060546875,17.8466796875
117.737045,44.0380859375,-50.8154296875,15.5517578125
117.7630612,43.6962890625,-51.1572265625,9.5947265625
117.8098242,43.2568359375,-52.0849609375,0.8056640625
117.830191,41.7431640625,-52.4267578125,-7.1044921875
117.8670013,41.1572265625,-54.0869140625,-15.7958984375
117.8849994,43.0615234375,-54.0869140625,-22.6318359375
117.9230842,47.0166015625,-55.0146484375,-29.4677734375
117.9433539,50.1416015625,-55.2587890625,-34.5458984375
117.9800881,51.3134765625,-56.4794921875,-38.9404296875
118.0024363,53.2177734375,-56.5771484375,-43.1884765625
118.0406974,54.1943359375,-57.3583984375,-47.2412109375
118.0640745,56.1962890625,-57.6513671875,-51.0986328125
118.1012143,56.2451171875,-58.5791015625,-54.6630859375
118.1260499,55.7568359375,-57.8955078125,-59.6435546875
118.1679184,55.3173828125,-56.5771484375,-64.9169921875
118.1848519,55.1220703125,-55.6494140625,-66.3818359375
118.2220928,55.5615234375,-55.3076171875,-26.1962890625
118.2463161,55.3173828125,-54.8193359375,29.1259765625
118.284529,54.2919921875,-54.5751953125,48.3642578125
118.3040835,54.0966796875,-53.2568359375,50.3173828125
118.3470301,53.1201171875,-53.6474609375,42.8466796875
118.3663925,52.2900390625,-53.5498046875,32.8857421875
118.4029275,51.7041015625,-54.1357421875,26.5869140625
118.425446,51.1669921875,-53.6962890625,19.2626953125
118.4608093,50.2880859375,-53.9892578125,8.7646484375
118.4865737,49.4091796875,-54.4287109375,1.1962890625
118.5329249,48.3837890625,-54.6240234375,1.3916015625
118.5532861,47.5048828125,-54.7216796875,3.5400390625
118.5773027,46.4794921875,-55.1611328125,4.2724609375
118.6280683,45.6005859375,-55.1611328125,-0.4638671875
118.6486072,44.7705078125,-55.7958984375,-8.8134765625
118.6677525,43.8427734375,-56.6259765625,-17.6513671875
118.7060463,43.3056640625,-56.5283203125,-25.8544921875
118.7261703,42.1337890625,-57.2607421875,-32.6416015625
118.7586454,43.2080078125,-57.2119140625,-39.7705078125
118.788932,46.4306640625,-58.0419921875,-45.0927734375
118.8277035,49.4580078125,-58.4814453125,-50.5126953125
118.8635615,51.0693359375,-59.2626953125,-56.0791015625
118.880671,53.0712890625,-59.3603515625,-59.8876953125
118.9098151,54.2431640625,-59.9951171875,-63.5986328125
118.9590586,55.1708984375,-60.0439453125,-67.7001953125
118.9699418,55.0732421875,-58.5791015625,-72.3388671875
119.0202292,55.0244140625,-56.7724609375,-77.0263671875
119.0274438,55.2197265625,-55.0146484375,-68.6767578125
119.0647482,54.9267578125,-55.2587890625,-6.6162109375
119.0895421,54.4873046875,-54.3798828125,36.0107421875
119.1304283,53.9990234375,-52.0849609375,49.4873046875
119.1506509,53.9501953125,-52.2314453125,49.3896484375
119.1877156,53.6572265625,-50.8154296875,42.2607421875
119.2111389,52.3388671875,-50.9130859375,35.6689453125
119.257912,52.1435546875,-50.1806640625,34.2041015625
119.2792159,51.2158203125,-50.0830078125,29.7119140625
119.3004812,50.4345703125,-49.3017578125,18.0419921875
119.351888,49.4091796875,-48.8134765625,9.3994140625
119.3715604,49.3603515625,-48.7646484375,6.0791015625
119.3923536,47.7978515625,-48.4716796875,6.9091796875
119.4285627,46.4794921875,-48.6181640625,7.1533203125
119.4529223,46.0400390625,-48.9599609375,3.0517578125
119.4889059,45.1123046875,-48.9111328125,-5.1025390625
119.5227219,44.4775390625,-48.9111328125,-14.6240234375
119.5427183,43.9404296875,-49.2529296875,-22.8759765625
119.5883564,42.9150390625,-49.4970703125,-29.8583984375
119.6071598,44.2333984375,-49.4482421875,-37.1337890625
119.648764,46.9677734375,-50.2294921875,-43.7255859375
119.6624177,50.7763671875,-50.3759765625,-48.4130859375
119.7118223,52.3388671875,-50.4736328125,-53.9794921875
119.7313231,52.2900390625,-51.1083984375,-58.7646484375
119.757697,53.8037109375,-51.4501953125,-63.1103515625
119.7838531,54.8291015625,-52.0361328125,-67.0654296875
119.823638,54.5361328125,-52.7197265625,-71.3134765625
119.8418761,54.6337890625,-50.8642578125,-76.4404296875
119.8837828,54.8779296875,-48.3251953125,-80.7861328125
119.9149566,53.6083984375,-46.5185546875,-82.9345703125
119.93596,54.1455078125,-45.4443359375,-44.4580078125
119.9771158,53.7060546875,-43.6376953125,19.7021484375
119.9934333,53.3154296875,-42.9541015625,43.6279296875
120.0388624,52.3876953125,-41.6357421875,49.0966796875
120.0601266,52.3876953125,-39.6826171875,44.3603515625
