Timestamp,PPG_Forehead,PPG_Earlobe,PPG_Finger
0.0072747999999998,0.185546875,0.185546875,0.185546875
0.0111205000000001,0.185546875,0.185546875,0.185546875
0.0378368,0.185546875,0.185546875,0.185546875
0.0413450000000002,0.185546875,0.185546875,0.185546875
0.0458706000000002,0.185546875,0.185546875,0.185546875
0.0499459,0.185546875,0.185546875,0.185546875
0.0512374000000002,152.5732421875,97.3974609375,82.8466796875
0.052454,157.4072265625,-96.6552734375,18.1787109375
0.0559774000000002,-158.4423828125,-95.8740234375,19.4970703125
0.0570153000000002,-155.3662109375,-95.4833984375,20.7666015625
0.0580905,-152.8759765625,-95.1416015625,20.8642578125
0.0593773,-151.0693359375,-95.5810546875,19.1064453125
0.0611454,-148.7255859375,-95.2392578125,15.8837890625
0.0622579999999999,-147.4072265625,-95.0927734375,12.4169921875
0.0637517000000001,-146.4794921875,-94.7998046875,7.8759765625
0.0651630999999999,-145.9423828125,-95.1904296875,4.8486328125
0.0664088,-145.1123046875,-94.7998046875,1.8212890625
0.0677658999999999,-144.6728515625,-95.7275390625,-0.3271484375
0.0688164000000002,-144.6240234375,-96.4599609375,-2.2802734375
0.0713216000000001,-143.9404296875,-96.0693359375,-3.7939453125
0.0727465999999999,-142.9638671875,-96.2158203125,-5.4052734375
0.0738257999999998,-142.4267578125,-96.1181640625,-7.3095703125
0.0756020999999998,-142.3291015625,-96.2158203125,-7.6513671875
0.0767704,-141.8896484375,-96.3623046875,-9.8974609375
0.0786750999999999,-141.6455078125,-97.0947265625,-12.0458984375
0.0798163999999999,-141.6943359375,-96.8017578125,-14.1943359375
0.0812536000000001,-141.4990234375,-97.5341796875,-17.5146484375
0.0826673000000002,-141.6455078125,-96.4599609375,-21.0791015625
0.0838784000000001,-141.4990234375,-97.1435546875,-23.8134765625
0.0857355000000002,-142.1337890625,-96.4111328125,-27.5732421875
0.0872613000000002,-141.8408203125,-96.8505859375,-28.2568359375
0.0889144000000002,-142.0849609375,-96.0693359375,-7.7001953125
0.0902609000000001,-141.7431640625,-95.7275390625,19.4970703125
0.0915035,-142.0361328125,-93.8232421875,32.5341796875
0.0930667000000001,-142.1337890625,-92.0654296875,37.9052734375
0.0940781999999998,-142.1826171875,-90.0634765625,36.8798828125
0.0957237000000002,-142.5244140625,-89.0869140625,33.0224609375
0.0968531000000001,-142.4267578125,-88.1591796875,30.3369140625
0.0978389000000002,-142.9150390625,-87.9150390625,27.4072265625
0.0988674999999999,-142.5244140625,-87.0849609375,23.6962890625
0.0998559999999999,-142.5244140625,-87.2314453125,19.6435546875
0.100855,-139.7412109375,-87.3291015625,20.6689453125
0.1025091,-138.7646484375,-87.4755859375,23.3056640625
0.1037011,-137.3486328125,-87.6220703125,23.9892578125
0.1050683,-137.2509765625,-87.3779296875,23.5009765625
0.1065979,-137.5927734375,-88.4521484375,20.9619140625
0.1075944,-137.2509765625,-88.4521484375,17.3486328125
0.1089354,-137.1533203125,-89.4775390625,14.4677734375
0.1099772,-137.2021484375,-90.5029296875,10.2685546875
0.1110007,-137.4462890625,-91.2353515625,7.2412109375
0.1119209,-136.8115234375,-92.3583984375,3.8232421875
0.112839,-136.4697265625,-92.8955078125,1.7236328125
0.1137723,-136.3232421875,-93.3349609375,-0.3271484375
0.114714,-136.6650390625,-94.4580078125,-2.3291015625
0.1156615,-136.4697265625,-95.4345703125,-4.1845703125
0.1166019,-136.9091796875,-95.5322265625,-5.7958984375
0.1175216,-136.9091796875,-96.3134765625,-7.2607421875
0.1184484,-137.3974609375,-97.3876953125,-9.4580078125
0.119374,-137.4462890625,-97.5341796875,-12.2412109375
0.120375,-137.0068359375,-98.7548828125,-14.8291015625
0.1212974,-137.9833984375,-98.8037109375,-18.1005859375
0.1222334,-137.8857421875,-99.7314453125,-21.9091796875
0.1231508,-137.9345703125,-100.3173828125,-24.7412109375
0.124067,-138.5205078125,-101.3427734375,-28.0615234375
0.1250473,-139.0087890625,-102.3681640625,-25.3759765625
0.1259884,-138.8623046875,-103.1494140625,6.1669921875
0.1269206,-139.0576171875,-103.5888671875,28.6279296875
0.1278598,-139.5458984375,-102.5146484375,39.4189453125
0.1287887,-140.0341796875,-102.3681640625,42.2509765625
0.1297131,-140.2294921875,-101.1962890625,40.5419921875
0.1306592,-140.7177734375,-101.0986328125,38.6865234375
0.1315918,-140.4248046875,-100.9033203125,36.5380859375
0.1325072,-140.6201171875,-101.2451171875,35.4638671875
0.1334392,-140.9130859375,-100.9521484375,32.1435546875
0.1343564,-139.8388671875,-100.9033203125,30.4833984375
0.1352846,-137.9345703125,-100.7568359375,32.4853515625
0.1362183,-136.5185546875,-99.9267578125,34.4384765625
0.1371649,-134.9072265625,-99.9267578125,35.7080078125
0.1381572,-134.9072265625,-100.1220703125,35.6591796875
0.1390904,-134.4677734375,-99.2431640625,33.5595703125
0.140297,-134.1748046875,-99.1455078125,31.2646484375
0.1415316,-134.1259765625,-98.7548828125,28.0908203125
0.1426779,-133.5400390625,-98.9013671875,25.2099609375
0.1438708,-133.5888671875,-98.6572265625,21.5478515625
0.145225,-133.4423828125,-98.7548828125,19.4482421875
0.1464369,-133.3935546875,-98.7548828125,16.4697265625
0.1476253,-132.5634765625,-98.8525390625,14.7607421875
0.148873,-132.9541015625,-99.3408203125,12.9541015625
0.150044,-132.9541015625,-99.6337890625,10.8056640625
0.1510538,-133.3447265625,-99.6337890625,8.1689453125
0.1520443,-133.7353515625,-99.9755859375,5.4345703125
0.153101,-133.9306640625,-99.7802734375,2.3095703125
0.1540551,-134.0771484375,-100.1220703125,-1.2060546875
0.154989,-134.4677734375,-100.3173828125,-5.4052734375
0.1560078,-133.8818359375,-100.8544921875,-9.0673828125
0.1571693,-134.0771484375,-100.9521484375,-11.7529296875
0.1583112,-134.9560546875,-101.2451171875,-15.7080078125
0.1594543,-134.7119140625,-101.4892578125,-17.8076171875
0.1605904,-135.5419921875,-102.3681640625,-20.1513671875
0.1617355,-135.6396484375,-102.2216796875,-22.3974609375
0.1628963,-136.0302734375,-102.6123046875,-25.0830078125
0.1640951,-135.8349609375,-103.0029296875,-28.6962890625
0.1653207,-136.4697265625,-103.1982421875,-32.2119140625
0.1665327,-136.7138671875,-103.8818359375,-32.8955078125
0.1675878,-137.1533203125,-104.2724609375,-6.4306640625
0.1685483,-137.7392578125,-104.0283203125,23.7939453125
0.1694987,-137.7880859375,-102.5634765625,38.1982421875
0.1704472,-138.2275390625,-100.9521484375,42.8857421875
0.1713668,-138.6181640625,-99.8779296875,41.4697265625
0.1722952,-138.6181640625,-99.4873046875,38.0517578125
0.1732243,-138.9599609375,-99.0966796875,36.1962890625
0.1741555,-139.7412109375,-98.0224609375,35.1708984375
0.1750846,-139.8876953125,-97.2900390625,31.7529296875
0.1760331,-139.7900390625,-97.5830078125,27.8466796875
0.176963,-137.5927734375,-97.2900390625,26.5771484375
0.1778934,-135.4931640625,-96.7529296875,28.1396484375
0.1788299,-133.9794921875,-96.1181640625,29.6044921875
0.1797542,-132.9541015625,-96.6064453125,29.3603515625
0.1806808,-132.7099609375,-96.0693359375,27.5537109375
0.1816116,-132.2216796875,-95.7275390625,24.4287109375
0.1825428,-132.1728515625,-96.4111328125,20.2294921875
0.183475,-131.7822265625,-96.2646484375,16.4697265625
0.1844119,-131.4404296875,-96.2646484375,12.6123046875
0.18533,-131.7822265625,-96.7529296875,9.0966796875
0.1862672,-131.8798828125,-97.2412109375,6.4599609375
0.1872074,-131.4892578125,-97.1923828125,4.3603515625
0.1881463,-131.5869140625,-97.5830078125,1.5283203125
0.1892249,-131.6357421875,-97.5341796875,-0.3271484375
0.1902206,-131.4404296875,-97.9248046875,-1.9873046875
0.1911477,-132.1240234375,-98.0712890625,-3.9404296875
0.19207,-132.7099609375,-98.1689453125,-6.4794921875
0.1930125,-132.4169921875,-98.1201171875,-8.9208984375
0.193943,-132.4658203125,-98.5107421875,-12.9248046875
0.1948862,-132.7099609375,-98.6083984375,-15.4150390625
0.195826,-133.6376953125,-99.1943359375,-18.9306640625
0.1967487,-134.1748046875,-99.3408203125,-21.5673828125
0.1976821,-133.9306640625,-100.0732421875,-24.1064453125
0.198621,-134.4189453125,-99.5361328125,-26.6455078125
0.199573,-134.6142578125,-99.8779296875,-28.7451171875
0.2005037,-134.9072265625,-100.0732421875,-33.3837890625
0.2014347,-135.0048828125,-100.6591796875,-35.3857421875
0.2023656,-135.0048828125,-101.3916015625,-36.1669921875
0.2033106,-135.6884765625,-101.6357421875,-11.5087890625
0.2042436,-136.3232421875,-101.7333984375,17.9833984375
0.205259,-136.3232421875,-100.0732421875,33.2177734375
0.2062036,-137.2021484375,-98.5107421875,35.7568359375
0.2071424,-137.3974609375,-97.6806640625,34.9267578125
0.208069,-137.2509765625,-96.8017578125,30.2392578125
0.209007,-137.5927734375,-96.9482421875,27.4560546875
0.2099413,-137.6904296875,-95.8740234375,25.5029296875
0.2108668,-138.1298828125,-96.2646484375,21.7431640625
0.2117992,-138.1787109375,-95.4345703125,17.5927734375
0.2127236,-136.9580078125,-95.1904296875,18.4716796875
0.2136467,-134.5166015625,-94.8486328125,20.8154296875
0.2145997,-133.1982421875,-94.2626953125,22.3291015625
0.2155163,-131.8798828125,-94.5556640625,22.3779296875
0.2164446,-131.4892578125,-94.4580078125,20.1806640625
0.2173805,-131.6357421875,-94.1162109375,16.8115234375
0.218378,-131.1962890625,-94.0185546875,12.8076171875
0.2193025,-131.3427734375,-94.3603515625,9.1943359375
0.2202459,-131.2939453125,-94.2138671875,6.1181640625
0.2212696,-131.1474609375,-94.3603515625,2.8955078125
0.222248,-130.9033203125,-94.4580078125,0.2587890625
0.223287,-130.7080078125,-94.4091796875,-1.9873046875
0.2242714,-130.5615234375,-94.6044921875,-3.0615234375
0.2252713,-130.2197265625,-94.2626953125,-3.9892578125
0.2262349,-130.5126953125,-94.9462890625,-6.0400390625
0.2271986,-131.0986328125,-94.4580078125,-6.9189453125
0.2281867,-131.4404296875,-94.9462890625,-10.2880859375
0.2291574,-131.3916015625,-94.5556640625,-12.7783203125
0.2301603,-131.6845703125,-94.9951171875,-17.0751953125
0.2311356,-132.4658203125,-94.8486328125,-19.3212890625
0.232083,-132.2705078125,-94.8486328125,-14.2919921875
0.2330464,-132.3193359375,-94.3603515625,12.3681640625
0.2340235,-132.9052734375,-93.4814453125,29.3115234375
0.235796,-132.9541015625,-91.7236328125,38.5888671875
0.2370139,-132.8076171875,-90.0634765625,39.3212890625
0.2379959,-133.3447265625,-89.8681640625,36.6845703125
0.2389456,-133.4423828125,-88.7939453125,33.9013671875
0.2398997,-133.7353515625,-88.0615234375,30.6298828125
0.240855,-134.0771484375,-87.6220703125,25.6982421875
0.2418225,-134.3212890625,-87.6708984375,22.0361328125
0.2428055,-133.7841796875,-87.3291015625,21.8896484375
0.2437799,-132.9052734375,-87.0849609375,23.7451171875
0.2447363,-131.3916015625,-86.3525390625,26.2353515625
0.2456884,-129.5361328125,-86.3525390625,25.2099609375
0.2466634,-129.1943359375,-85.7666015625,23.7939453125
0.2476369,-128.9501953125,-85.8642578125,20.1318359375
0.2485886,-128.9013671875,-85.5712890625,16.9580078125
0.2495704,-128.4619140625,-86.3037109375,13.4423828125
0.2505262,-128.5595703125,-85.4248046875,10.4150390625
0.2514809,-128.8037109375,-86.4013671875,7.1435546875
0.2525125,-128.8525390625,-86.2548828125,4.3115234375
0.2535138,-128.7548828125,-86.2060546875,3.3349609375
0.2544753,-128.1689453125,-86.1572265625,0.6982421875
0.2554353,-128.4130859375,-86.6943359375,-0.4248046875
0.2564004,-128.6572265625,-86.4013671875,-1.7919921875
0.2573796,-128.8525390625,-86.9873046875,-3.7939453125
0.2583567,-128.5595703125,-87.4755859375,-4.8681640625
0.2594169,-129.2431640625,-87.2802734375,-8.3349609375
0.2605296,-129.9755859375,-88.0126953125,-11.3623046875
0.2615932,-130.1708984375,-88.1591796875,-14.6337890625
0.2625403,-130.0732421875,-88.0615234375,-18.2958984375
0.2634773,-131.0986328125,-88.0126953125,-20.5419921875
0.2645155,-131.0986328125,-88.6474609375,-7.8466796875
0.2656651,-130.9033203125,-88.4521484375,22.6220703125
0.2666804,-131.0986328125,-86.4990234375,41.0791015625
0.2676204,-131.3427734375,-84.9853515625,49.5751953125
0.2686047,-131.3916015625,-83.0322265625,50.8935546875
0.2695708,-131.5380859375,-81.9580078125,50.7958984375
0.2705359,-132.1240234375,-81.3720703125,49.1845703125
0.2722595,-132.3681640625,-80.2001953125,49.3798828125
0.2887299,-132.3681640625,-79.7607421875,47.6220703125
0.3307332,-132.3681640625,-78.5888671875,44.2041015625
0.3497412,-132.2705078125,-78.1494140625,43.0322265625
0.3821622,-130.0244140625,-78.0029296875,43.3251953125
0.4089791,-128.1201171875,-77.5146484375,45.1318359375
0.4379069,-127.2412109375,-77.3193359375,45.5712890625
0.483457,-126.0693359375,-76.9287109375,44.7412109375
0.5023173,-125.7275390625,-77.3681640625,41.2744140625
0.5304095,-125.3369140625,-77.0263671875,37.9541015625
0.5635063,-124.7021484375,-77.1240234375,34.3408203125
0.6004662,-124.8974609375,-76.9287109375,31.2158203125
0.6195481,-124.7509765625,-77.4169921875,28.1396484375
0.654548,-124.2626953125,-77.4169921875,26.5771484375
0.6825115,-124.6044921875,-77.3193359375,24.7705078125
0.7117008,-124.6533203125,-77.6611328125,22.2802734375
0.7435435,-124.4580078125,-78.2470703125,20.3759765625
0.7725567,-124.2626953125,-78.9306640625,18.1298828125
0.8056715,-125.0439453125,-78.7353515625,16.1767578125
0.8337989,-124.8486328125,-79.0283203125,13.6865234375
0.8616294,-125.2880859375,-79.4677734375,11.3916015625
0.8944109,-125.4833984375,-79.6630859375,7.5341796875
0.9224092,-126.0693359375,-80.0537109375,4.6533203125
0.9523684,-126.2158203125,-80.5908203125,1.4794921875
0.9853663,-126.4599609375,-80.6396484375,-1.0595703125
1.0125419,-127.1435546875,-81.0302734375,-3.1591796875
1.0447511,-126.5087890625,-81.5185546875,-5.9423828125
1.0800375,-127.0458984375,-81.9091796875,-8.1396484375
1.1045396,-127.2900390625,-83.1298828125,-10.7275390625
1.1356551,-127.8271484375,-83.4228515625,-13.9501953125
1.1665603,-128.1689453125,-83.8134765625,-17.1728515625
1.1934821,-128.1689453125,-84.5458984375,-19.0771484375
1.2265678,-128.8525390625,-84.9853515625,-4.3798828125
1.2556256,-129.2919921875,-85.0341796875,29.3603515625
1.2845341,-129.1455078125,-82.7392578125,47.5244140625
1.3164593,-129.0478515625,-80.5908203125,57.8759765625
1.3433941,-128.9501953125,-79.0771484375,59.3896484375
1.373641,-129.6826171875,-78.3935546875,59.2431640625
1.406638,-129.6337890625,-77.6123046875,59.4384765625
1.4536166,-129.9267578125,-77.3193359375,60.6591796875
1.4854968,-130.2197265625,-76.2939453125,60.4150390625
1.4954056,-130.9521484375,-75.9033203125,56.5087890625
1.526465,-130.5126953125,-75.2685546875,54.8974609375
1.5585025,-128.7060546875,-75.3662109375,54.7509765625
1.5876025,-126.2646484375,-74.9267578125,57.0947265625
1.6198632,-124.0185546875,-74.7802734375,56.9482421875
1.6639956,-123.1396484375,-73.9013671875,55.0927734375
1.681953,-122.7001953125,-74.6337890625,53.1884765625
1.7377202,-121.5771484375,-74.7314453125,49.7216796875
1.7411415,-121.7236328125,-74.1943359375,46.4990234375
1.7675531,-120.6982421875,-74.4873046875,43.5693359375
1.8179688,-120.8935546875,-74.1943359375,40.6884765625
1.8276776,-120.6005859375,-75.4638671875,37.6123046875
1.85683,-120.2099609375,-76.1962890625,35.0732421875
1.8907786,-119.8681640625,-75.8056640625,32.9736328125
1.9300168,-119.4775390625,-76.7333984375,30.3857421875
1.9505142,-119.4287109375,-77.5634765625,28.0908203125
1.9966986,-119.3310546875,-78.0517578125,25.3076171875
2.0163169,-119.6728515625,-77.7099609375,22.3291015625
2.0391729,-119.6240234375,-78.6865234375,19.6923828125
2.0860004,-119.9169921875,-78.6376953125,16.7626953125
2.1065247,-119.9658203125,-79.6630859375,13.2470703125
2.1411113,-120.1611328125,-79.9072265625,10.3662109375
2.1609727,-120.6005859375,-81.0791015625,6.9482421875
2.2042545,-120.5517578125,-81.5185546875,3.0908203125
2.2240296,-120.7958984375,-81.9580078125,1.0400390625
2.2772864,-120.8935546875,-82.8369140625,-1.7431640625
2.2980873,-120.9423828125,-83.8134765625,-4.9169921875
2.310534,-120.7958984375,-84.3017578125,-6.4306640625
2.3532731,-121.7236328125,-85.3271484375,-8.5302734375
2.3732305,-122.2607421875,-86.1572265625,-11.8994140625
2.4172575,-122.5537109375,-86.2548828125,-14.7802734375
2.4361791,-122.4072265625,-87.1337890625,-18.1494140625
2.4743874,-122.7978515625,-87.5244140625,-21.8603515625
2.4942184,-123.1396484375,-88.2080078125,-21.6162109375
2.5374,-123.6767578125,-88.7451171875,10.4150390625
2.5576934,-124.2138671875,-87.6708984375,40.1513671875
2.6117561,-124.2138671875,-85.9130859375,54.3603515625
2.6129749,-124.8486328125,-84.0087890625,58.7548828125
2.6744575,-125.4345703125,-83.6669921875,58.6083984375
2.6780447,-125.2392578125,-82.2998046875,56.8994140625
2.7042714,-125.4833984375,-82.5927734375,56.7529296875
2.7472449,-125.8251953125,-82.2998046875,56.8994140625
2.7687273,-126.4599609375,-81.9091796875,54.3603515625
2.8077665,-126.1669921875,-81.5185546875,51.0888671875
2.8281267,-125.8740234375,-81.4208984375,50.4541015625
2.8647547,-123.8232421875,-82.0068359375,50.7958984375
2.88567,-121.8212890625,-81.4208984375,52.4560546875
2.9268686,-120.1123046875,-81.8603515625,51.4306640625
2.947848,-119.1845703125,-81.6650390625,50.6005859375
2.9839972,-118.7451171875,-81.6162109375,47.9150390625
3.0040908,-118.1591796875,-81.2744140625,44.0576171875
3.0500441,-117.8662109375,-81.5673828125,40.8837890625
3.0713333,-117.8662109375,-82.0556640625,37.6123046875
3.1101183,-117.4755859375,-82.3974609375,34.3896484375
3.1331186,-117.1337890625,-82.9833984375,31.9970703125
3.1689893,-117.5732421875,-83.0322265625,29.9951171875
3.1914774,-116.8408203125,-83.0810546875,27.6513671875
3.2269889,-117.2314453125,-82.9345703125,25.8447265625
3.2481918,-117.1826171875,-83.4228515625,23.6962890625
3.2872393,-117.3779296875,-84.3017578125,21.4501953125
3.3062889,-117.9638671875,-84.3505859375,18.5205078125
3.3523616,-118.0615234375,-84.4482421875,15.2001953125
3.3732623,-118.4033203125,-85.6689453125,12.5634765625
3.411228,-119.0869140625,-85.3271484375,9.3896484375
3.4312504,-118.9892578125,-85.9130859375,6.4111328125
3.4673584,-118.5986328125,-86.2060546875,3.8720703125
3.4872343,-119.4287109375,-86.4990234375,2.6025390625
3.5323706,-118.5009765625,-87.1826171875,-1.0595703125
3.5514708,-117.3291015625,-87.1826171875,-3.7939453125
3.5956667,-115.5712890625,-88.0126953125,-7.0654296875
3.6168069,-113.6669921875,-88.0615234375,-9.4091796875
3.6532196,-112.7392578125,-88.7939453125,-1.4013671875
3.6725473,-112.3974609375,-88.7451171875,32.0947265625
3.7105756,-111.7626953125,-87.5244140625,52.0166015625
3.734802,-111.7138671875,-85.8642578125,63.1005859375
3.7731867,-112.2509765625,-84.7412109375,64.3212890625
3.7920204,-112.5927734375,-84.0087890625,62.9541015625
3.8364333,-113.7646484375,-83.7646484375,61.8310546875
3.8614625,-114.1064453125,-83.3251953125,60.6591796875
3.8804422,-115.7666015625,-82.8857421875,58.9990234375
3.9244089,-116.0107421875,-82.2998046875,53.8720703125
3.9443591,-117.2802734375,-82.5927734375,52.4560546875
3.9854894,-116.9873046875,-81.2744140625,53.6767578125
4.005767,-115.0341796875,-81.7626953125,55.1904296875
4.0429188,-113.4716796875,-81.6162109375,55.7275390625
4.0627368,-112.6416015625,-81.7626953125,53.7744140625
4.1081181,-112.0068359375,-81.4208984375,51.4794921875
4.1273003,-111.6162109375,-81.9091796875,47.8173828125
4.1756653,-111.9580078125,-81.5673828125,43.8623046875
4.1977299,-111.6650390625,-82.1044921875,41.6162109375
4.2106227,-112.1533203125,-81.8115234375,38.3935546875
4.2548071,-112.9833984375,-82.4462890625,35.3173828125
4.27386,-113.1298828125,-82.1044921875,32.5830078125
4.3129311,-113.6181640625,-82.8369140625,31.0693359375
4.3328546,-114.3017578125,-82.8857421875,28.5791015625
4.3750199,-114.6435546875,-83.4228515625,26.0888671875
4.3940409,-114.8388671875,-83.0322265625,23.8427734375
4.4342428,-115.1806640625,-83.3251953125,21.9384765625
4.4541416,-115.7666015625,-84.3017578125,18.7158203125
4.5035742,-115.9619140625,-84.2041015625,15.2978515625
4.5241881,-116.4013671875,-84.2041015625,12.2216796875
4.5441891,-116.5478515625,-84.6923828125,8.6083984375
4.5872901,-117.1826171875,-85.3271484375,6.3134765625
4.6071931,-118.0126953125,-85.6201171875,3.7255859375
4.6464744,-118.0615234375,-85.9619140625,1.4306640625
4.6673471,-118.0615234375,-86.2548828125,-1.6455078125
4.70536,-118.5009765625,-86.7431640625,-3.5986328125
4.7253378,-118.8916015625,-86.7431640625,-7.1630859375
4.7674917,-119.1357421875,-87.6708984375,-10.0927734375
4.789305,-119.1357421875,-87.5244140625,-4.0380859375
4.8284916,-119.8193359375,-87.8173828125,29.9951171875
4.8412581,-120.0634765625,-86.8896484375,53.8232421875
4.8873606,-119.9658203125,-85.0830078125,65.7373046875
4.9083863,-120.5029296875,-83.6669921875,68.8134765625
4.9314507,-120.6982421875,-82.2021484375,68.1787109375
4.9794863,-121.2353515625,-81.7626953125,66.5185546875
4.9953347,-121.1865234375,-80.9814453125,67.6904296875
5.0274912,-121.7236328125,-80.7373046875,66.3232421875
5.0713937,-122.0166015625,-80.0048828125,62.1728515625
5.0850212,-122.4072265625,-79.9560546875,59.8779296875
5.1415686,-122.3095703125,-80.0048828125,60.6103515625
5.1625167,-120.6494140625,-79.2236328125,62.6611328125
5.1743494,-118.6962890625,-79.8583984375,63.1982421875
5.2075154,-116.7919921875,-79.1259765625,62.2216796875
5.2524385,-115.9619140625,-79.5654296875,60.1220703125
5.264351,-115.2783203125,-79.3212890625,56.4599609375
5.2974588,-114.9853515625,-79.1748046875,53.5302734375
5.3404953,-114.9365234375,-79.0283203125,50.1123046875
5.3573983,-114.4970703125,-79.4189453125,47.5244140625
5.3864263,-114.3994140625,-79.3701171875,46.0107421875
5.4175869,-114.7900390625,-79.5166015625,43.3740234375
5.4494942,-114.7412109375,-79.9560546875,42.4462890625
5.475485,-114.2529296875,-79.8583984375,39.9560546875
5.5053878,-114.2041015625,-80.2001953125,38.9794921875
5.5384319,-114.8876953125,-80.3466796875,36.7333984375
5.568412,-114.7900390625,-79.8095703125,33.7060546875
5.5954855,-115.2783203125,-80.6396484375,32.0947265625
5.6294738,-116.1572265625,-80.6884765625,28.8720703125
5.658457,-116.0107421875,-81.1279296875,26.0400390625
5.6855499,-116.0595703125,-81.7626953125,22.9638671875
5.7197242,-116.4013671875,-82.3486328125,20.7666015625
5.7464561,-117.0361328125,-81.7626953125,18.4228515625
5.7795421,-117.5732421875,-82.1533203125,15.1513671875
5.8095441,-117.6220703125,-82.2509765625,13.6865234375
5.8384869,-117.4267578125,-82.7392578125,11.2939453125
5.8686561,-118.0615234375,-82.8857421875,9.7802734375
5.901541,-118.5009765625,-83.3740234375,7.7294921875
5.9316444,-118.5986328125,-83.9111328125,5.6298828125
5.960683,-118.8916015625,-83.8623046875,3.0908203125
5.9883678,-119.1845703125,-83.8623046875,0.6005859375
6.0170792,-119.5751953125,-84.6923828125,-2.1337890625
6.0697394,-119.6728515625,-85.3271484375,-3.9892578125
6.0889922,-120.0146484375,-85.6689453125,10.8056640625
6.1119978,-120.3564453125,-86.1572265625,42.9833984375
6.1401684,-120.6982421875,-85.0830078125,60.1708984375
6.1696734,-121.1865234375,-82.8857421875,67.7880859375
6.202569,-120.9423828125,-82.7392578125,68.3251953125
6.2314986,-121.3330078125,-82.6416015625,67.6904296875
6.2635807,-121.9189453125,-81.7138671875,66.8115234375
6.2925358,-122.0654296875,-81.5673828125,67.5439453125
6.321718,-122.1142578125,-81.1279296875,66.0791015625
6.3505587,-122.8955078125,-81.0791015625,62.9052734375
6.3824754,-122.9443359375,-80.6884765625,61.7333984375
6.411573,-122.3583984375,-80.8837890625,63.0029296875
6.443615,-120.6005859375,-80.2001953125,64.6142578125
6.4735634,-118.3544921875,-80.1025390625,64.9072265625
6.5015719,-116.5478515625,-80.0537109375,63.9794921875
6.5526099,-116.3525390625,-79.7607421875,61.5380859375
6.5726045,-116.1572265625,-79.6142578125,59.3896484375
6.5941973,-115.3759765625,-79.9072265625,55.8251953125
6.6418343,-114.7900390625,-80.4931640625,54.6044921875
6.6636047,-114.4482421875,-80.1025390625,53.0419921875
6.6824572,-114.8876953125,-81.0791015625,51.0888671875
6.714679,-114.8388671875,-80.7861328125,49.4287109375
6.7406524,-114.6923828125,-81.2744140625,48.8916015625
6.7907448,-114.8388671875,-81.6162109375,47.0361328125
6.8108566,-114.9853515625,-81.9580078125,45.8154296875
6.8316889,-115.1318359375,-82.4462890625,44.5458984375
6.8827626,-115.8642578125,-82.4951171875,42.8369140625
6.9008542,-115.9130859375,-83.0810546875,40.5908203125
6.9277399,-116.5478515625,-82.5927734375,37.9052734375
6.9717665,-117.0849609375,-82.6416015625,36.1962890625
6.9916824,-117.3291015625,-83.6181640625,34.2431640625
7.0126953,-117.6220703125,-83.7158203125,32.1435546875
7.044777,-118.2568359375,-84.2529296875,30.5810546875
7.0748892,-118.2080078125,-84.5458984375,28.7255859375
7.1070628,-118.5009765625,-85.0341796875,27.0654296875
7.1346155,-119.2822265625,-85.4248046875,26.7724609375
7.1844805,-119.2333984375,-85.2783203125,25.0146484375
7.2035242,-119.3798828125,-85.7666015625,22.2314453125
7.2236946,-120.1123046875,-86.1572265625,19.4970703125
7.2700273,-120.2099609375,-86.8896484375,18.0810546875
7.2890437,-120.9423828125,-87.3779296875,21.7431640625
7.3350182,-120.9423828125,-88.2568359375,46.0107421875
7.3539384,-121.1865234375,-86.6943359375,64.2236328125
7.4072284,-121.4794921875,-86.1083984375,73.3056640625
7.4105975,-121.7236328125,-84.3994140625,75.0634765625
7.4382806,-122.1142578125,-83.6181640625,73.9404296875
7.4663904,-122.4072265625,-82.9345703125,71.9873046875
7.4960458,-122.9443359375,-83.0322265625,73.2080078125
7.5431081,-122.6513671875,-82.2509765625,70.2294921875
7.5641559,-123.1396484375,-82.0556640625,67.3974609375
7.586151,-123.7255859375,-82.4951171875,66.2255859375
7.6198754,-124.2626953125,-81.9580078125,68.1298828125
7.6468337,-122.8955078125,-81.4208984375,70.1318359375
7.6948737,-120.5029296875,-82.0068359375,70.9130859375
7.7148851,-119.1357421875,-81.2255859375,69.6435546875
7.7537834,-118.6474609375,-81.4697265625,66.7626953125
7.7747729,-117.7197265625,-81.0302734375,64.9072265625
7.8158326,-117.5244140625,-80.9814453125,62.6611328125
7.8370486,-117.5244140625,-81.1767578125,60.8544921875
7.8770275,-116.9873046875,-81.0302734375,59.4873046875
7.8958193,-117.2314453125,-81.1279296875,57.4365234375
7.9464306,-117.5244140625,-81.6162109375,55.7763671875
7.9653678,-117.1826171875,-81.7138671875,54.9951171875
7.9792124,-117.5244140625,-80.9814453125,53.9697265625
8.0063777,-117.3291015625,-81.7138671875,52.9931640625
8.0745134,-117.8173828125,-82.6904296875,51.4794921875
8.077964,-117.5244140625,-82.0068359375,50.3076171875
8.1014981,-118.1591796875,-82.2998046875,47.7197265625
8.1292653,-119.1357421875,-82.3486328125,46.4501953125
8.1624135,-119.1845703125,-83.0810546875,44.0087890625
8.21864,-119.1357421875,-83.3740234375,42.3974609375
8.2384672,-119.8193359375,-83.2763671875,40.6396484375
8.2483403,-120.1123046875,-83.7646484375,39.0283203125
8.3117572,-120.6494140625,-83.5693359375,35.7568359375
8.3151468,-120.6494140625,-84.0576171875,33.9501953125
8.3740172,-121.2353515625,-84.3505859375,31.8505859375
8.3777014,-121.2353515625,-84.1064453125,35.2197265625
8.4001852,-121.6748046875,-85.2783203125,53.6767578125
8.4557266,-122.1142578125,-84.6435546875,72.5732421875
8.4846791,-122.2119140625,-83.7646484375,83.6083984375
8.4890716,-122.7490234375,-81.5185546875,87.9052734375
8.5387425,-123.0419921875,-81.1279296875,87.9541015625
8.5578804,-123.6767578125,-80.9326171875,87.6611328125
8.6020104,-123.4326171875,-80.2978515625,88.3447265625
8.6147926,-123.6279296875,-79.0771484375,87.3681640625
8.6429082,-123.9697265625,-79.4189453125,85.3173828125
8.6781432,-123.9208984375,-78.1005859375,83.0712890625
8.7200057,-124.3603515625,-78.7353515625,83.4619140625
8.7401407,-124.4091796875,-78.1005859375,85.1708984375
8.7873516,-122.6025390625,-78.2958984375,85.6591796875
8.8089686,-120.3564453125,-77.7099609375,85.5126953125
8.8227766,-119.6240234375,-77.9052734375,83.2666015625
8.8708578,-119.2822265625,-78.1982421875,81.6064453125
8.8909602,-119.0380859375,-78.1982421875,79.3603515625
8.9445973,-118.7451171875,-78.4912109375,77.4560546875
8.9481529,-118.5009765625,-78.0517578125,75.0634765625
8.974285,-118.3544921875,-78.2958984375,73.5009765625
9.0026649,-118.8916015625,-79.1748046875,72.1826171875
9.0374346,-119.3798828125,-79.6630859375,70.6689453125
9.0653967,-118.7939453125,-79.1259765625,68.8134765625
9.1193164,-118.9404296875,-79.2236328125,67.7392578125
9.1392309,-119.0869140625,-80.0537109375,66.1767578125
9.1556728,-119.3310546875,-80.2490234375,64.2724609375
9.213806,-119.5263671875,-80.7861328125,61.9287109375
9.2335427,-120.0146484375,-81.3720703125,60.1220703125
9.247607,-120.1611328125,-81.2744140625,57.5341796875
9.3074391,-120.3076171875,-81.7138671875,55.4833984375
9.3107909,-121.1865234375,-81.8603515625,53.8232421875
9.3383465,-121.1865234375,-82.5927734375,51.5283203125
9.3872626,-121.8212890625,-82.8857421875,49.4287109375
9.4082157,-121.8701171875,-82.9345703125,47.9150390625
9.4430435,-122.0166015625,-83.6181640625,45.8642578125
9.4640462,-122.3583984375,-83.7158203125,44.5458984375
9.4872956,-122.5048828125,-84.3505859375,42.3486328125
9.5203596,-123.4814453125,-84.5458984375,41.3720703125
9.5623078,-122.8466796875,-85.4248046875,38.5888671875
9.5823009,-123.4814453125,-86.3525390625,37.5146484375
9.624518,-123.8232421875,-86.4990234375,35.4638671875
9.6445331,-124.6533203125,-87.1826171875,32.4853515625
9.6666321,-124.3603515625,-87.1337890625,29.8486328125
9.7175616,-124.4091796875,-87.4755859375,27.9931640625
9.7374446,-124.6533203125,-87.6708984375,39.5166015625
9.7737399,-125.1904296875,-88.5986328125,66.1279296875
9.7948016,-125.2392578125,-87.1826171875,84.3408203125
9.836951,-125.8251953125,-85.1806640625,93.6669921875
9.8629609,-126.3134765625,-84.5947265625,97.9150390625
9.8785678,-126.7529296875,-83.3740234375,97.9150390625
9.9261446,-126.5576171875,-82.8369140625,99.1845703125
9.9450236,-127.0458984375,-82.2998046875,100.5029296875
9.9882818,-127.1923828125,-81.5185546875,101.1376953125
10.0224606,-126.9970703125,-81.5185546875,99.0380859375
10.0312139,-127.5341796875,-80.4931640625,96.6943359375
10.0633681,-127.7294921875,-80.7861328125,97.1337890625
10.1101532,-126.2646484375,-80.5908203125,99.2822265625
10.1210805,-124.7998046875,-80.4931640625,99.6728515625
10.1493099,-122.5048828125,-79.7607421875,99.5263671875
10.1813071,-121.3330078125,-80.3955078125,96.6455078125
10.2113683,-120.9423828125,-80.2001953125,94.4482421875
10.244305,-120.4541015625,-80.4443359375,92.5439453125
10.2732329,-119.9658203125,-80.8349609375,90.1513671875
10.3032259,-119.9169921875,-80.9326171875,88.5400390625
10.335101,-119.0380859375,-81.3232421875,87.6611328125
10.3622078,-118.9892578125,-81.3720703125,85.5126953125
10.3922178,-119.2333984375,-81.5185546875,84.1455078125
10.4252185,-119.2333984375,-82.2021484375,82.7783203125
10.4521909,-119.3310546875,-81.7138671875,81.3134765625
10.4832715,-119.1357421875,-82.2509765625,79.1162109375
10.5142992,-119.9169921875,-82.3486328125,77.0166015625
10.5421982,-119.5751953125,-83.2275390625,74.7705078125
10.5772692,-120.2099609375,-83.2275390625,71.9873046875
10.6041878,-120.7958984375,-83.6669921875,70.0830078125
10.6332807,-120.8935546875,-84.5947265625,68.0810546875
10.667265,-120.5029296875,-85.1318359375,65.7373046875
10.6942393,-121.7236328125,-85.3271484375,62.9541015625
10.7253916,-121.7236328125,-85.4248046875,61.2451171875
10.7548712,-121.9677734375,-85.9130859375,58.9501953125
10.7864637,-122.3583984375,-86.8408203125,56.7529296875
10.818506,-122.5048828125,-87.4755859375,54.4580078125
10.8462608,-122.7490234375,-87.7197265625,52.2607421875
10.8763214,-123.4814453125,-88.3056640625,49.5751953125
10.9052665,-123.6767578125,-88.8916015625,47.4755859375
10.9352836,-123.5791015625,-89.6728515625,46.3525390625
10.9662895,-124.3603515625,-89.5263671875,43.9599609375
10.998341,-124.2138671875,-90.1123046875,41.0302734375
11.0283997,-124.4580078125,-90.8935546875,38.1494140625
11.0562797,-124.5556640625,-91.3818359375,36.4404296875
11.0884506,-125.1416015625,-91.4794921875,35.5615234375
11.1182872,-125.5322265625,-91.9677734375,54.5556640625
11.1462379,-125.4345703125,-92.1630859375,79.6044921875
11.1783375,-125.7275390625,-89.8681640625,96.1572265625
11.2055237,-126.1669921875,-88.5986328125,103.1884765625
11.2405266,-126.0205078125,-87.4755859375,104.7998046875
11.2695771,-126.8994140625,-87.8173828125,104.9951171875
11.2964434,-127.0947265625,-86.5966796875,105.5322265625
11.3313328,-127.2412109375,-86.4990234375,107.0458984375
11.3583062,-127.5830078125,-85.6201171875,106.4599609375
11.3882979,-127.5341796875,-85.5224609375,103.4814453125
11.4203695,-127.7294921875,-85.1806640625,102.4072265625
11.4473966,-128.2177734375,-85.5712890625,103.4814453125
11.4823976,-126.9482421875,-85.0341796875,104.5556640625
11.5104048,-125.1904296875,-84.5947265625,104.8486328125
11.5374807,-123.1884765625,-85.1806640625,103.4814453125
11.567349,-122.0654296875,-84.6923828125,101.0888671875
11.6004698,-121.6748046875,-84.9365234375,98.4033203125
11.627418,-121.0400390625,-85.0830078125,96.1572265625
11.6614724,-120.5517578125,-84.6923828125,93.4228515625
11.6894007,-119.9169921875,-85.3759765625,91.0302734375
11.7183407,-119.5263671875,-85.6201171875,89.6142578125
11.7517412,-119.5263671875,-86.1083984375,87.7099609375
11.7806707,-119.3310546875,-85.9619140625,86.2939453125
11.8106834,-119.5263671875,-86.7919921875,83.9501953125
11.8414577,-119.9169921875,-86.4013671875,81.8994140625
11.8705164,-119.7216796875,-86.8896484375,79.7998046875
11.9016533,-119.8681640625,-87.3779296875,77.1142578125
11.9325369,-119.8193359375,-88.2568359375,74.3798828125
11.9593957,-120.9423828125,-88.5986328125,72.0849609375
11.9924358,-121.2353515625,-88.5009765625,68.9599609375
12.0205469,-121.2841796875,-89.2333984375,66.4697265625
12.0506514,-121.3818359375,-90.2099609375,63.2958984375
12.1006981,-121.5283203125,-90.3076171875,61.5380859375
12.1204374,-122.2607421875,-90.2587890625,57.8759765625
12.142461,-122.3583984375,-90.7958984375,56.0693359375
12.205011,-122.2607421875,-91.3330078125,53.0908203125
12.209372,-122.9931640625,-92.2607421875,51.5771484375
12.2350301,-123.1396484375,-92.7001953125,49.3798828125
12.2790359,-123.6279296875,-93.4326171875,47.6708984375
12.3016741,-123.9208984375,-93.4814453125,44.9853515625
12.3406814,-123.5791015625,-94.7509765625,41.4208984375
12.3595202,-124.6044921875,-94.5556640625,38.4912109375
12.3975654,-124.3603515625,-95.5810546875,37.1728515625
12.4185149,-124.9951171875,-95.3369140625,43.5693359375
12.4428662,-125.4345703125,-96.2646484375,69.1552734375
12.4768184,-125.0439453125,-95.1904296875,88.9306640625
12.5197414,-125.9716796875,-93.4814453125,100.8935546875
12.5407358,-126.0205078125,-92.5537109375,104.4580078125
12.5889884,-126.0205078125,-91.7724609375,104.7509765625
12.5946785,-126.4599609375,-91.3818359375,104.8974609375
12.6248043,-126.2158203125,-90.6982421875,105.6787109375
12.6750612,-127.0458984375,-89.8193359375,105.6787109375
12.6995488,-127.4365234375,-89.1357421875,102.6513671875
12.7141427,-127.1923828125,-89.4775390625,99.6728515625
12.7643942,-127.9736328125,-89.4287109375,100.6005859375
12.7839264,-127.7783203125,-89.1357421875,102.5048828125
12.8221281,-126.3134765625,-88.7939453125,102.6025390625
12.8431173,-124.6533203125,-88.4033203125,101.6748046875
12.8651833,-122.7490234375,-88.6474609375,98.9404296875
12.8980303,-121.9189453125,-88.7939453125,96.0595703125
12.9522121,-121.7724609375,-88.8427734375,92.6904296875
12.9722171,-120.3564453125,-88.7451171875,90.2490234375
12.9879487,-120.3564453125,-89.5263671875,87.9052734375
13.0161613,-120.6494140625,-89.3310546875,85.2685546875
13.0451626,-119.6728515625,-90.1123046875,82.9248046875
13.1103432,-120.2099609375,-89.6240234375,80.5322265625
13.113982,-120.2587890625,-90.6005859375,79.1650390625
13.1339572,-119.9169921875,-90.2587890625,77.1142578125
13.1850637,-120.3564453125,-90.6982421875,74.0869140625
13.2051088,-120.5029296875,-91.1865234375,71.3037109375
13.2542736,-120.6005859375,-91.1865234375,69.0576171875
13.2577589,-120.6982421875,-91.3818359375,65.7373046875
13.2863203,-121.5283203125,-92.0166015625,63.3447265625
13.3372936,-121.5283203125,-91.9677734375,60.5126953125
13.3570991,-122.1630859375,-92.4072265625,57.3388671875
13.3961775,-122.1142578125,-92.7490234375,55.3857421875
13.4161092,-122.4560546875,-93.4326171875,52.9443359375
13.4530191,-122.4072265625,-93.7255859375,50.7470703125
13.4731794,-122.9931640625,-93.3837890625,49.0869140625
13.5010966,-123.7255859375,-93.8232421875,47.2314453125
13.529028,-123.2373046875,-94.0185546875,45.5224609375
13.579352,-123.6767578125,-94.9462890625,42.4951171875
13.6039049,-123.8720703125,-94.7021484375,40.1513671875
13.6208778,-124.0185546875,-95.4345703125,36.4404296875
13.6502201,-124.0185546875,-95.7763671875,34.2919921875
13.6981859,-124.4091796875,-95.9228515625,42.6904296875
13.7180626,-124.8974609375,-96.3134765625,67.2509765625
13.7421591,-125.0439453125,-94.6044921875,85.9033203125
13.7710176,-125.2392578125,-93.0908203125,95.7666015625
13.7981292,-125.7763671875,-92.3095703125,98.0615234375
13.8493449,-125.8740234375,-91.4306640625,97.2314453125
13.8710694,-125.4345703125,-90.6005859375,96.4013671875
13.9234158,-126.0205078125,-90.0634765625,97.4267578125
13.926837,-126.1181640625,-89.0869140625,96.0107421875
13.9512539,-126.2646484375,-88.9892578125,91.9091796875
14.0013191,-127.3388671875,-88.6474609375,91.0302734375
14.0212488,-127.1923828125,-88.5498046875,92.2509765625
14.0564268,-127.6806640625,-88.1103515625,93.9111328125
14.0764358,-125.8740234375,-87.9150390625,94.1064453125
14.1017313,-124.7509765625,-88.1103515625,92.4462890625
14.1305822,-122.9443359375,-87.8173828125,89.2236328125
14.1816516,-121.5283203125,-87.9638671875,85.7568359375
14.208197,-120.9912109375,-87.5732421875,83.2177734375
14.224421,-121.2841796875,-87.6708984375,80.1416015625
14.2705135,-120.5029296875,-87.7197265625,77.5537109375
14.2904186,-119.9169921875,-87.6708984375,74.6240234375
14.316561,-120.4052734375,-87.3291015625,72.6708984375
14.3445418,-120.6982421875,-87.9150390625,70.5224609375
14.374705,-120.6494140625,-87.8662109375,69.0087890625
14.431665,-120.7470703125,-87.3291015625,66.7138671875
14.4515621,-120.3564453125,-87.8662109375,64.3701171875
14.4675197,-120.1611328125,-87.9150390625,62.4169921875
14.4956735,-120.6494140625,-87.8173828125,58.9013671875
14.523545,-120.7958984375,-87.9150390625,56.3134765625
14.5717107,-121.4306640625,-88.6962890625,53.5791015625
14.5918305,-121.6748046875,-88.5009765625,50.5517578125
14.6122499,-122.0166015625,-88.8916015625,47.6220703125
14.6449642,-122.4072265625,-88.5986328125,45.2783203125
14.6820323,-121.9677734375,-89.3798828125,42.7392578125
14.7247936,-122.7001953125,-89.4775390625,40.7373046875
14.7367895,-123.1396484375,-89.4775390625,38.1005859375
14.7658424,-123.1396484375,-90.2587890625,36.0986328125
14.7959835,-123.4814453125,-89.5751953125,33.1201171875
14.8441214,-123.1396484375,-90.3076171875,31.3623046875
14.8638569,-123.9208984375,-90.7470703125,27.9931640625
14.9060296,-124.0185546875,-91.0888671875,25.1611328125
14.9258023,-124.5556640625,-91.1865234375,22.2314453125
14.9638433,-124.9462890625,-91.2841796875,20.4736328125
14.9840656,-124.9462890625,-91.8212890625,38.7841796875
15.0312735,-125.2880859375,-91.9677734375,65.8837890625
15.0523349,-125.1904296875,-90.2099609375,83.4619140625
15.0683289,-125.5322265625,-88.9892578125,92.2021484375
15.0993464,-125.9716796875,-87.0361328125,94.3505859375
15.1251581,-126.5576171875,-87.0849609375,94.3505859375
15.1758605,-126.4599609375,-87.1337890625,95.2294921875
15.1864219,-126.8505859375,-86.0107421875,96.2060546875
15.2229404,-126.8994140625,-85.7177734375,95.5224609375
15.246472,-126.9482421875,-85.1318359375,92.1533203125
15.2764735,-127.3388671875,-85.1806640625,90.0537109375
15.3121089,-127.2412109375,-84.7412109375,90.2001953125
15.3381304,-127.6806640625,-84.7412109375,92.0068359375
15.3750689,-126.7041015625,-84.2529296875,91.9091796875
15.4020775,-124.4091796875,-84.0087890625,89.7607421875
15.4281271,-122.7001953125,-83.9111328125,86.3427734375
15.4559981,-121.8212890625,-83.3740234375,83.9990234375
15.4929682,-120.7470703125,-83.9111328125,80.7275390625
15.5181186,-120.7470703125,-83.2763671875,78.0419921875
15.5571221,-120.3076171875,-83.8623046875,74.7216796875
15.5801337,-119.9169921875,-83.5693359375,73.1591796875
15.6093248,-119.8193359375,-83.6181640625,70.4736328125
15.6421695,-120.1123046875,-83.4228515625,68.3740234375
15.6712152,-119.9169921875,-83.7646484375,66.1279296875
15.7041926,-119.8681640625,-83.7158203125,63.5888671875
15.7332147,-119.7216796875,-84.0087890625,61.4404296875
15.7613558,-119.5751953125,-84.0576171875,58.7060546875
15.7942328,-120.3564453125,-84.3994140625,55.3857421875
15.8231908,-120.3564453125,-84.4970703125,52.7001953125
15.8502177,-121.2353515625,-84.5947265625,49.3310546875
15.8833119,-121.4306640625,-85.2783203125,45.9619140625
15.9104029,-121.8701171875,-85.4736328125,43.0810546875
15.9472524,-121.3330078125,-85.1318359375,40.4443359375
15.974325,-122.3095703125,-85.5712890625,38.4912109375
16.0002983,-122.4560546875,-86.2060546875,35.5126953125
16.0363617,-122.8466796875,-85.7177734375,32.4365234375
16.0643176,-123.0908203125,-86.7919921875,29.9951171875
16.0933834,-123.4326171875,-86.8896484375,28.4814453125
16.1235931,-123.2861328125,-87.3779296875,25.6005859375
16.1554566,-123.9697265625,-87.7685546875,22.0849609375
16.1839879,-123.6279296875,-88.1591796875,18.0810546875
16.2199425,-124.7509765625,-88.6474609375,15.9326171875
16.2443533,-124.9462890625,-88.7939453125,16.7138671875
16.2736031,-124.4580078125,-89.4287109375,43.3740234375
16.3105924,-125.1416015625,-89.2822265625,66.8115234375
16.3325017,-125.2392578125,-87.5732421875,82.0947265625
16.3698709,-125.0927734375,-85.7666015625,88.2958984375
16.3969354,-125.0927734375,-85.2783203125,88.8330078125
16.4228686,-125.6787109375,-84.8876953125,88.7353515625
16.457394,-126.2646484375,-83.7646484375,89.9560546875
16.4843292,-126.0205078125,-83.3251953125,90.8837890625
16.5134673,-126.5087890625,-83.1298828125,87.9541015625
16.5504954,-126.8994140625,-82.2998046875,83.9013671875
16.5764653,-127.1435546875,-82.2998046875,83.4619140625
16.6035597,-127.6318359375,-81.7138671875,84.7314453125
16.6406696,-127.7294921875,-81.7138671875,85.3173828125
16.6675729,-126.6552734375,-81.6650390625,85.3173828125
16.7036013,-124.1162109375,-81.0791015625,82.9736328125
16.7275361,-122.7490234375,-82.0068359375,79.7021484375
16.7555736,-121.5771484375,-81.8115234375,75.8447265625
16.7896711,-121.0400390625,-82.1533203125,72.6220703125
16.8188256,-120.7470703125,-81.6162109375,69.5458984375
16.8465512,-120.2587890625,-81.6162109375,67.2998046875
16.878762,-119.7216796875,-81.8603515625,64.5166015625
16.9064903,-119.4775390625,-81.7626953125,62.1728515625
16.9427136,-119.4287109375,-82.2509765625,60.3662109375
16.9866577,-119.3798828125,-82.2998046875,57.7783203125
17.0074295,-119.4287109375,-82.9833984375,55.3857421875
17.048573,-119.6240234375,-83.0810546875,52.8466796875
17.0684418,-120.0634765625,-83.4716796875,49.2333984375
17.0864467,-119.8193359375,-83.1787109375,46.7919921875
17.1236459,-120.3076171875,-84.2041015625,43.2275390625
17.149833,-120.5029296875,-84.1552734375,40.6884765625
17.1776434,-121.1865234375,-84.4970703125,37.7099609375
17.2107418,-121.5771484375,-85.0341796875,34.8291015625
17.2405159,-121.5283203125,-85.3271484375,31.8994140625
17.2686466,-121.8212890625,-85.6689453125,30.0927734375
17.2987722,-122.2607421875,-86.2060546875,27.3095703125
17.3298215,-121.7236328125,-87.1826171875,25.6982421875
17.36264,-121.9189453125,-86.6455078125,23.5009765625
17.3917195,-122.7978515625,-86.9873046875,20.7666015625
17.4186923,-122.7978515625,-87.6708984375,17.7392578125
17.4485842,-123.6279296875,-88.5009765625,15.3466796875
17.4848102,-123.5791015625,-88.7451171875,11.8310546875
17.5096662,-123.7744140625,-88.9892578125,10.1220703125
17.5618651,-124.1162109375,-89.3798828125,25.1123046875
17.5806248,-124.1650390625,-89.4775390625,53.7255859375
17.6268281,-124.7509765625,-88.3544921875,70.8154296875
17.6469237,-124.8974609375,-86.6943359375,78.8232421875
17.6599549,-124.9462890625,-85.8154296875,79.8486328125
17.6946374,-124.7509765625,-84.8388671875,78.4326171875
17.7416426,-125.7763671875,-84.6923828125,78.1396484375
17.7688066,-126.0205078125,-83.5205078125,79.4580078125
17.7787795,-125.4345703125,-83.7158203125,77.1630859375
17.8138485,-126.5576171875,-82.9345703125,73.9892578125
17.8411144,-125.7763671875,-82.6904296875,72.2802734375
17.8728445,-126.5087890625,-82.2021484375,74.4287109375
17.9009978,-126.2646484375,-82.3974609375,74.9169921875
17.9310955,-126.4111328125,-82.2021484375,74.4287109375
17.9819821,-125.2392578125,-82.0556640625,72.4755859375
18.0021618,-122.8955078125,-82.8857421875,70.4736328125
18.0393717,-121.6259765625,-82.2021484375,66.5185546875
18.0591844,-120.6982421875,-82.5439453125,63.4423828125
18.0822142,-120.1611328125,-81.8603515625,60.7568359375
18.1162655,-120.2587890625,-82.6416015625,58.1689453125
18.1443191,-120.0146484375,-82.6904296875,55.8740234375
18.1734097,-119.5263671875,-83.0810546875,53.4814453125
18.2052869,-119.7705078125,-83.0810546875,51.8212890625
18.232343,-119.4775390625,-83.4716796875,50.0634765625
18.2622929,-119.5751953125,-83.1787109375,47.8662109375
18.295304,-119.3310546875,-83.7158203125,45.4736328125
18.3246946,-119.4287109375,-83.5693359375,42.6904296875
18.3585281,-119.7216796875,-84.4970703125,40.4931640625
18.3914034,-119.7705078125,-83.9599609375,36.7822265625
18.4154517,-119.9658203125,-84.9853515625,33.8525390625
18.4463961,-120.3564453125,-85.8642578125,32.0947265625
18.4763073,-120.5517578125,-85.4248046875,28.8232421875
18.5062282,-120.8447265625,-85.5224609375,25.6494140625
18.5392473,-121.2841796875,-86.6455078125,23.4033203125
18.5662532,-121.6748046875,-86.4990234375,20.7666015625
18.5962389,-121.9189453125,-87.1826171875,18.5693359375
18.6283045,-122.0166015625,-87.2802734375,16.2744140625
18.6573406,-122.5048828125,-88.0615234375,14.3701171875
18.6883075,-122.2119140625,-87.9638671875,11.2939453125
18.7152928,-122.8466796875,-88.3544921875,7.7294921875
18.7463909,-122.5048828125,-89.0380859375,4.7998046875
18.779374,-122.7978515625,-89.3798828125,1.8701171875
18.8085613,-123.0908203125,-89.7216796875,2.8955078125
18.8354033,-123.3837890625,-90.2587890625,28.1884765625
18.8693243,-123.6767578125,-89.4287109375,53.7744140625
18.8963192,-124.2626953125,-87.0849609375,68.4228515625
18.9275529,-124.3603515625,-86.8896484375,75.3076171875
18.9585591,-124.4091796875,-85.5224609375,76.2353515625
18.9884732,-124.7021484375,-85.0341796875,75.9912109375
19.0285992,-124.8974609375,-84.3017578125,77.4072265625
19.0765317,-125.4345703125,-83.6669921875,77.3095703125
19.0798161,-125.2392578125,-83.5205078125,76.8212890625
19.1267943,-125.7763671875,-82.8857421875,72.3779296875
19.1479107,-125.7763671875,-83.3740234375,71.1083984375
19.1659732,-126.4111328125,-83.6181640625,72.8662109375
19.1994892,-126.6552734375,-83.1787109375,73.5009765625
19.2284553,-126.5576171875,-82.4951171875,73.0126953125
19.2584471,-124.9462890625,-82.7392578125,71.2060546875
19.2955192,-122.2119140625,-82.0556640625,67.9833984375
19.3196953,-121.1865234375,-83.1298828125,64.6630859375
19.3557717,-120.4052734375,-83.0322265625,61.1474609375
19.3815867,-120.1123046875,-83.2275390625,58.7548828125
19.407668,-119.8681640625,-83.1787109375,56.7041015625
19.4436985,-119.0869140625,-83.5205078125,54.4091796875
19.4715776,-118.9404296875,-83.7646484375,51.9189453125
19.5096104,-118.5986328125,-84.0087890625,49.3310546875
19.5326326,-118.6474609375,-84.8876953125,48.5986328125
19.5616687,-118.2080078125,-84.5947265625,45.8642578125
19.591659,-118.5986328125,-85.3759765625,43.3740234375
19.6219005,-118.1591796875,-85.3759765625,41.1279296875
19.6586795,-118.3544921875,-86.0595703125,37.4169921875
19.6848462,-119.1845703125,-86.3037109375,34.9755859375
19.7126821,-119.3310546875,-86.4501953125,32.2900390625
19.7405825,-119.1845703125,-86.5478515625,28.6767578125
19.7766635,-120.2099609375,-87.1337890625,25.9912109375
19.8017248,-120.0634765625,-87.8662109375,23.4521484375
19.8389182,-120.1611328125,-88.1591796875,20.7666015625
19.8638972,-120.7470703125,-88.5009765625,18.7158203125
19.8938298,-120.9423828125,-89.1845703125,15.0537109375
19.9228363,-120.5517578125,-89.3310546875,13.1982421875
19.9547926,-121.2353515625,-89.4775390625,10.5126953125
19.9837881,-121.7236328125,-90.3564453125,8.7548828125
20.012755,-121.4306640625,-90.1123046875,6.8017578125
20.0509603,-122.2119140625,-91.2353515625,3.2861328125
20.0738054,-121.8212890625,-91.5771484375,-0.0341796875
20.1048305,-122.4072265625,-92.5537109375,-2.6708984375
20.1328865,-122.5537109375,-93.0908203125,-6.2841796875
20.176133,-122.6025390625,-93.6767578125,-7.0654296875
20.1970671,-122.6025390625,-94.8486328125,14.9560546875
20.2263101,-122.9931640625,-94.0673828125,45.4736328125
20.2584958,-123.0419921875,-92.6025390625,61.6357421875
20.2865618,-123.1396484375,-90.9912109375,69.3505859375
20.3144933,-123.8232421875,-90.7470703125,70.8154296875
20.3437065,-123.8720703125,-90.3564453125,71.0595703125
20.3797278,-124.1650390625,-89.0380859375,72.6708984375
20.4047804,-124.5068359375,-88.9892578125,73.7939453125
20.447851,-124.8486328125,-88.3056640625,72.9638671875
20.4676817,-124.7509765625,-87.9638671875,69.8876953125
20.5036357,-125.3857421875,-87.8173828125,67.5439453125
20.5278173,-125.7275390625,-87.4267578125,68.7158203125
20.5741688,-125.0439453125,-86.9873046875,70.1806640625
20.5880163,-125.2880859375,-87.0849609375,70.5224609375
20.6239781,-124.5068359375,-86.7431640625,68.2763671875
20.6443251,-122.2119140625,-86.7431640625,65.7861328125
20.6809484,-120.0146484375,-87.0849609375,62.0751953125
20.7089325,-119.2822265625,-87.5732421875,59.8779296875
20.7348028,-118.5986328125,-88.3544921875,57.6806640625
20.7811848,-117.9638671875,-88.0126953125,54.7509765625
20.8014499,-116.9873046875,-88.4033203125,53.4326171875
20.8260401,-116.6455078125,-88.5986328125,51.4794921875
20.8620065,-115.9619140625,-88.7451171875,49.3798828125
20.8870815,-116.2548828125,-89.1357421875,47.2314453125
20.937323,-115.8154296875,-89.5751953125,45.2783203125
20.9574355,-115.9130859375,-90.0634765625,42.4951171875
20.9784831,-115.9130859375,-90.4541015625,39.8095703125
21.0146333,-116.1083984375,-90.4052734375,37.5146484375
21.0385033,-115.7177734375,-91.0888671875,34.5849609375
21.0804508,-116.5478515625,-91.2841796875,32.0458984375
21.0999696,-116.4013671875,-92.1630859375,30.0927734375
21.1357344,-116.8896484375,-91.8701171875,27.1142578125
21.1565897,-117.3779296875,-92.9443359375,25.2587890625
21.1934283,-117.4755859375,-92.4560546875,22.8173828125
21.2214199,-118.0615234375,-93.2373046875,21.2060546875
21.2473335,-117.5732421875,-93.1396484375,19.4970703125
21.2833313,-117.9150390625,-93.9208984375,17.0556640625
21.3083022,-117.9638671875,-93.9208984375,14.4189453125
21.353556,-118.5009765625,-94.4580078125,12.1240234375
21.3834889,-118.8916015625,-94.8974609375,8.9501953125
21.4003739,-118.9404296875,-95.3857421875,6.3134765625
21.4394251,-119.4287109375,-95.7763671875,5.6787109375
21.4613055,-119.3798828125,-95.8740234375,25.9423828125
21.4902696,-119.9658203125,-95.0439453125,51.2353515625
21.5433134,-120.1611328125,-93.6279296875,66.1279296875
21.5506358,-120.1611328125,-91.8212890625,71.7431640625
21.5863037,-120.5517578125,-91.5771484375,71.9873046875
21.6115822,-120.1611328125,-91.5283203125,71.3525390625
21.6476817,-120.9912109375,-90.5517578125,71.2060546875
21.6738397,-120.9423828125,-90.2099609375,71.8408203125
21.7099015,-121.2353515625,-89.7705078125,69.7900390625
21.7319297,-121.6748046875,-89.6728515625,66.8603515625
21.7700129,-121.2353515625,-89.6240234375,67.1533203125
21.7949917,-121.6259765625,-89.6728515625,68.5693359375
21.8219275,-121.8701171875,-88.9404296875,69.6435546875
21.8601588,-121.8701171875,-88.8427734375,68.8134765625
21.8831073,-121.1376953125,-88.7451171875,66.7138671875
21.9191298,-119.4287109375,-89.0380859375,64.4189453125
21.9453774,-117.6220703125,-88.5498046875,61.2451171875
21.9823778,-116.5966796875,-88.8427734375,58.6572265625
22.0013242,-116.4013671875,-88.5986328125,55.7763671875
22.0393049,-115.6689453125,-89.0380859375,54.1650390625
22.0652938,-115.0830078125,-88.7451171875,52.5537109375
22.1012554,-115.0830078125,-88.6474609375,50.5517578125
22.1236986,-114.7412109375,-88.6962890625,48.5498046875
22.1589421,-114.6923828125,-88.4033203125,47.4755859375
22.1851039,-115.0830078125,-89.4775390625,44.5947265625
22.2371132,-114.8388671875,-89.5751953125,43.1298828125
22.2477665,-114.7412109375,-90.0146484375,40.6884765625
22.2770671,-114.7412109375,-89.5263671875,37.4169921875
22.3059391,-115.3759765625,-89.9658203125,34.7802734375
22.3449137,-115.3759765625,-90.0634765625,32.6318359375
22.3668109,-115.7177734375,-90.8447265625,30.2880859375
22.3971078,-116.1083984375,-90.5517578125,28.1396484375
22.4340868,-116.0107421875,-91.4306640625,25.6494140625
22.4569413,-116.4990234375,-90.6982421875,23.6962890625
22.496114,-116.6943359375,-91.5771484375,21.4990234375
22.5158838,-116.7431640625,-91.9677734375,20.8154296875
22.5470004,-117.6220703125,-92.0166015625,18.6669921875
22.589985,-117.2802734375,-92.4560546875,15.2001953125
22.6079749,-118.3544921875,-92.8955078125,11.9287109375
22.6370887,-118.1103515625,-93.3837890625,10.3173828125
22.6690724,-118.4521484375,-93.3837890625,10.4638671875
22.702234,-118.5498046875,-93.5302734375,31.1181640625
22.7245577,-118.9404296875,-93.3837890625,56.2646484375
22.7603819,-119.4287109375,-92.0654296875,71.7919921875
22.7875496,-119.5263671875,-90.5517578125,78.3349609375
22.8217453,-119.7705078125,-89.9169921875,80.1416015625
22.8506219,-119.8681640625,-89.2333984375,80.3857421875
22.8794776,-119.8681640625,-88.5498046875,82.7294921875
22.9074844,-120.2587890625,-87.2802734375,83.9013671875
22.9405426,-120.6494140625,-86.8408203125,83.1201171875
22.9675343,-120.7958984375,-86.7919921875,79.7998046875
23.0017194,-120.9423828125,-86.5478515625,79.1650390625
23.031622,-121.3330078125,-85.9619140625,79.7021484375
23.0585833,-121.5283203125,-85.6201171875,81.6064453125
23.094568,-121.8212890625,-85.6689453125,81.0693359375
23.1196695,-121.0888671875,-85.5224609375,79.5068359375
23.1476508,-119.2333984375,-85.7177734375,77.1630859375
23.1963032,-117.3779296875,-85.2783203125,74.6240234375
23.2096889,-116.2548828125,-85.4248046875,72.7197265625
23.2377993,-115.4736328125,-85.0830078125,70.6689453125
23.2728679,-115.1318359375,-84.9365234375,68.5693359375
23.2989224,-114.4482421875,-84.9365234375,66.9580078125
23.3340039,-113.6181640625,-85.7177734375,64.7607421875
23.3597536,-113.5205078125,-85.1318359375,63.2470703125
23.3908746,-113.4228515625,-85.5224609375,61.9287109375
23.4220344,-113.5693359375,-85.0341796875,60.5615234375
23.4510403,-113.6669921875,-86.0595703125,58.4130859375
23.4817963,-113.6669921875,-85.8642578125,55.6298828125
23.5139239,-113.7158203125,-86.0595703125,53.2373046875
23.5479394,-113.7158203125,-86.6943359375,50.5517578125
23.5759169,-113.9111328125,-86.8896484375,48.6474609375
23.6030101,-114.1064453125,-86.8408203125,46.2548828125
23.6310588,-114.3017578125,-87.6708984375,44.2041015625
23.664965,-114.7412109375,-87.3291015625,41.8603515625
23.6920033,-115.0341796875,-87.5732421875,40.4443359375
23.7219281,-115.1806640625,-88.4033203125,38.2958984375
23.7560651,-115.1318359375,-88.0126953125,36.9775390625
23.7840042,-115.9130859375,-88.8427734375,34.2919921875
23.8139765,-115.7666015625,-88.9892578125,32.6806640625
23.8461329,-116.1572265625,-88.9404296875,31.0693359375
23.8729605,-116.1572265625,-89.3798828125,29.3115234375
23.9039394,-116.4501953125,-90.1611328125,26.8701171875
23.9359706,-117.4267578125,-90.6494140625,24.2333984375
23.9651541,-116.9384765625,-90.7470703125,22.2314453125
23.9980167,-117.5244140625,-90.7470703125,19.3505859375
24.0251514,-118.2080078125,-91.7724609375,21.8408203125
24.0540891,-117.8662109375,-92.3095703125,43.6669921875
24.0869742,-118.2568359375,-91.3818359375,63.9794921875
24.1139762,-118.6474609375,-89.5263671875,74.5263671875
24.1469631,-118.7939453125,-88.1591796875,77.5537109375
24.1770338,-118.7939453125,-87.2802734375,77.8466796875
24.2070618,-118.7451171875,-86.4990234375,78.3349609375
24.2350106,-119.3798828125,-86.1572265625,79.5556640625
24.2672912,-119.5263671875,-85.3271484375,81.0205078125
24.2970272,-119.4287109375,-84.8388671875,79.7998046875
24.3339438,-119.9658203125,-83.8134765625,76.8701171875
24.3569786,-120.2099609375,-83.7158203125,76.2841796875
24.386874,-120.3076171875,-83.5205078125,77.8955078125
24.4248247,-120.7470703125,-83.0322265625,79.2626953125
24.4751078,-121.0888671875,-82.8857421875,78.4814453125
24.4784787,-120.7958984375,-82.8369140625,77.1630859375
24.5089258,-119.0869140625,-82.4462890625,74.7705078125
24.5370619,-116.6943359375,-82.2509765625,73.5009765625
24.5758966,-115.4736328125,-82.2998046875,72.1826171875
24.5964783,-114.5458984375,-83.1298828125,70.4248046875
24.6328212,-114.2529296875,-83.1298828125,69.1552734375
24.6584704,-113.6669921875,-82.8369140625,67.0556640625
24.6970938,-112.9833984375,-83.3251953125,66.2255859375
24.7177093,-112.4951171875,-83.1298828125,65.0537109375
24.7502388,-112.2998046875,-83.5693359375,63.6376953125
24.7789309,-111.8603515625,-83.2763671875,62.3681640625
24.8259552,-112.6416015625,-84.4970703125,60.8056640625
24.8457561,-111.8603515625,-84.0087890625,58.4619140625
24.8698376,-112.0068359375,-84.7412109375,57.3876953125
24.9077927,-112.4462890625,-85.0830078125,54.6044921875
24.9308092,-112.5927734375,-85.2783203125,53.0908203125
24.9668164,-112.7880859375,-86.0595703125,51.8701171875
24.9920139,-112.9833984375,-86.3525390625,49.3798828125
25.0199984,-113.9599609375,-86.5966796875,48.4033203125
25.0657577,-113.7646484375,-86.5966796875,46.9873046875
25.0841855,-114.0087890625,-87.0361328125,45.1318359375
25.1092348,-113.7646484375,-87.5244140625,42.7392578125
25.1614199,-113.7158203125,-87.9150390625,42.2998046875
25.1697556,-114.1552734375,-88.5009765625,40.5908203125
25.2085742,-113.9599609375,-88.9404296875,39.1259765625
25.2275568,-114.4970703125,-89.4287109375,36.6845703125
25.2646978,-114.0576171875,-89.6240234375,34.7802734375
25.2918224,-114.5947265625,-90.1123046875,32.6318359375
25.3286795,-114.4970703125,-90.2587890625,31.6552734375
25.3527531,-114.9365234375,-91.2353515625,40.4443359375
25.3807516,-115.4736328125,-90.0634765625,60.4638671875
25.4270503,-115.3759765625,-89.4775390625,73.9892578125
25.4489853,-115.9619140625,-87.0849609375,80.3369140625
25.4706699,-116.0107421875,-86.5478515625,79.4580078125
25.5112953,-116.1572265625,-86.5478515625,79.3603515625
25.5328773,-116.4990234375,-85.5712890625,79.6044921875
25.5718977,-116.6455078125,-85.4248046875,81.8994140625
25.5948838,-117.1337890625,-83.7646484375,81.1669921875
25.622819,-117.6708984375,-83.4716796875,78.6767578125
25.6769912,-117.8173828125,-83.4716796875,77.1142578125
25.681726,-117.7685546875,-82.9345703125,78.7744140625
25.7168625,-118.0615234375,-82.2509765625,79.2626953125
25.7430143,-118.1591796875,-82.2998046875,80.2880859375
25.7778604,-118.3544921875,-82.0068359375,78.7255859375
25.8031356,-117.5732421875,-82.0556640625,77.5537109375
25.8418749,-116.4501953125,-82.0068359375,76.2841796875
25.8699038,-114.6923828125,-82.1533203125,74.7705078125
25.8958333,-112.8857421875,-82.1044921875,73.0615234375
25.9340074,-112.6904296875,-81.7626953125,72.1337890625
25.9518945,-111.7626953125,-81.5673828125,70.4736328125
25.9971384,-111.3720703125,-82.7392578125,69.7412109375
26.0168854,-111.1279296875,-82.0556640625,68.7158203125
26.0611427,-110.6884765625,-82.9833984375,67.2021484375
26.0770552,-110.4931640625,-82.2509765625,66.4697265625
26.1140523,-110.5908203125,-83.1298828125,65.0048828125
26.1328513,-110.5419921875,-82.6904296875,64.0771484375
26.1681285,-110.9326171875,-83.4228515625,62.0263671875
26.1963219,-110.7373046875,-83.6669921875,59.8779296875
26.2313233,-111.2744140625,-84.5947265625,58.9013671875
26.2574081,-111.5185546875,-84.3994140625,56.6064453125
26.3007845,-111.6650390625,-84.9853515625,55.2880859375
26.3206592,-112.0556640625,-84.4970703125,53.1884765625
26.3477799,-112.5927734375,-85.3271484375,51.9189453125
26.3837243,-112.7880859375,-85.8154296875,51.1376953125
26.408866,-112.7392578125,-85.7666015625,49.2333984375
26.4462019,-112.8857421875,-86.1572265625,48.5009765625
26.4643837,-113.0322265625,-86.2548828125,46.0107421875
26.5004447,-112.9345703125,-86.2060546875,44.0087890625
26.5292539,-113.8134765625,-86.8896484375,42.3486328125
26.5674588,-114.2529296875,-87.2802734375,41.7138671875
26.5892628,-114.8388671875,-87.4267578125,50.6494140625
26.626299,-114.9365234375,-87.1826171875,69.6923828125
26.647197,-114.7900390625,-85.4736328125,82.5830078125
26.6833567,-114.6435546875,-84.5947265625,88.4912109375
26.706546,-115.0341796875,-84.2041015625,89.5166015625
26.7457988,-115.1806640625,-82.9833984375,89.6142578125
26.7688268,-115.9130859375,-81.9091796875,90.9814453125
26.8078593,-115.7666015625,-81.3232421875,92.7392578125
26.8375991,-116.0107421875,-80.3955078125,92.1533203125
26.8586012,-116.5966796875,-80.5908203125,89.5166015625
26.8936843,-116.7431640625,-80.4443359375,88.2958984375
26.9217807,-117.1337890625,-80.2001953125,88.8330078125
26.957753,-117.3291015625,-79.5654296875,90.3466796875
26.9806445,-117.4267578125,-78.9306640625,90.7861328125
27.0310954,-117.8173828125,-79.0283203125,89.5654296875
27.0480418,-117.0849609375,-79.1259765625,88.2958984375
27.0729924,-115.7666015625,-78.4423828125,86.1474609375
27.1020788,-113.3740234375,-79.1748046875,85.0732421875
27.1401133,-112.8857421875,-79.1259765625,83.2177734375
27.1599655,-111.7138671875,-79.1748046875,82.4853515625
27.2032351,-111.0791015625,-79.1259765625,81.0693359375
27.2242235,-110.6884765625,-78.8818359375,80.0439453125
27.2611815,-110.2978515625,-79.0771484375,78.9697265625
27.2811665,-109.3701171875,-79.1748046875,77.2119140625
27.3313538,-109.9072265625,-79.4189453125,76.3818359375
27.3525424,-109.8095703125,-79.7607421875,74.9658203125
27.3723759,-110.1513671875,-79.8583984375,73.5498046875
27.4094572,-109.8095703125,-80.2001953125,71.6455078125
27.4326102,-110.1025390625,-81.2255859375,70.0830078125
27.4695797,-110.2001953125,-80.2490234375,68.3251953125
27.4990808,-110.4443359375,-81.2744140625,66.2744140625
27.5221881,-110.4931640625,-82.0068359375,65.2001953125
27.558723,-111.0302734375,-82.4951171875,63.7841796875
27.5838863,-111.5185546875,-82.9345703125,62.0751953125
27.6137582,-111.5185546875,-83.1787109375,60.5126953125
27.65087,-111.6162109375,-84.1064453125,58.3154296875
27.6719381,-111.8115234375,-83.7158203125,57.1435546875
27.7131604,-112.3974609375,-84.1064453125,55.6787109375
27.7360524,-112.8857421875,-84.8388671875,53.9208984375
27.7728933,-112.5927734375,-84.7900390625,52.6025390625
27.7978316,-112.8369140625,-85.5224609375,50.3564453125
27.8238467,-113.4716796875,-86.2060546875,48.1591796875
27.8608741,-113.7646484375,-86.1572265625,46.0595703125
27.881842,-114.2529296875,-86.3525390625,44.3505859375
27.9197053,-114.4970703125,-87.1337890625,45.3271484375
27.9446865,-115.2783203125,-87.5732421875,61.4404296875
27.979924,-114.7412109375,-87.2314453125,78.5302734375
28.0123533,-115.1806640625,-85.8154296875,88.8818359375
28.0353162,-115.6689453125,-85.1806640625,92.4462890625
28.0752527,-115.4248046875,-84.4970703125,92.3486328125
28.0961613,-115.8154296875,-83.8623046875,93.3740234375
28.1291416,-116.2060546875,-83.4228515625,93.9599609375
28.158167,-116.4013671875,-82.5927734375,94.9365234375
28.1861298,-116.7431640625,-82.7392578125,94.1552734375
28.2142136,-116.9384765625,-82.3974609375,92.2998046875
28.2502621,-116.3037109375,-83.3251953125,92.0556640625
28.2761722,-117.3291015625,-82.2998046875,92.9345703125
28.3102471,-117.6708984375,-82.6904296875,94.4482421875
28.3382982,-117.8173828125,-82.4462890625,93.4228515625
28.3653539,-117.9638671875,-82.0556640625,93.4716796875
28.4033092,-117.1337890625,-82.3974609375,92.6416015625
28.4282413,-114.9853515625,-82.5439453125,90.5908203125
28.4574725,-113.8134765625,-82.4462890625,88.8330078125
28.4883382,-112.7392578125,-82.5927734375,87.5146484375
28.5175266,-111.7626953125,-82.9345703125,86.6357421875
28.5493946,-110.9814453125,-82.7880859375,85.5126953125
28.5793588,-110.0537109375,-83.0322265625,84.2919921875
28.6064932,-109.8095703125,-83.4716796875,83.9501953125
28.6424196,-109.5654296875,-83.9599609375,82.7294921875
28.6693112,-109.8095703125,-83.8623046875,81.9482421875
28.6974279,-109.4189453125,-84.2529296875,79.3603515625
28.7314013,-109.5166015625,-84.8876953125,78.2861328125
28.7603855,-109.4677734375,-84.2529296875,76.7724609375
28.7884454,-109.2724609375,-84.3017578125,75.1123046875
28.8205759,-109.4677734375,-84.7900390625,72.8173828125
28.8494014,-110.7373046875,-85.3271484375,71.4501953125
28.8835344,-110.0537109375,-85.5224609375,70.3271484375
28.9113926,-110.9326171875,-85.3759765625,68.5205078125
28.9384225,-111.2255859375,-85.9130859375,67.1533203125
28.9714597,-111.0791015625,-86.0595703125,65.8349609375
29.0014367,-111.7138671875,-86.3037109375,63.7353515625
29.0355548,-112.0068359375,-86.2548828125,63.0517578125
29.0626744,-111.7626953125,-86.7431640625,61.8310546875
29.0915053,-112.7392578125,-86.9873046875,59.7314453125
29.1185511,-112.6904296875,-87.3779296875,57.3388671875
29.1535036,-112.9833984375,-87.7685546875,55.5322265625
29.1872674,-113.1298828125,-87.6220703125,54.0185546875
29.2146845,-113.4716796875,-88.3544921875,59.7802734375
29.2416548,-114.2041015625,-87.7197265625,76.8701171875
29.2717503,-113.6181640625,-86.8896484375,90.2978515625
29.304605,-114.3994140625,-85.6689453125,96.7919921875
29.3346907,-114.3505859375,-85.3759765625,97.1337890625
29.3631674,-114.4482421875,-84.5458984375,96.9384765625
29.3947739,-114.6923828125,-84.2041015625,97.2314453125
29.4226039,-114.6923828125,-83.4228515625,98.6962890625
29.4636256,-114.9853515625,-83.3251953125,97.7197265625
29.4834727,-115.5224609375,-82.4951171875,94.6435546875
29.5235923,-115.6689453125,-82.1044921875,94.5458984375
29.5467612,-115.8154296875,-82.4951171875,96.0595703125
29.5737735,-115.8154296875,-81.8603515625,97.5244140625
29.6036481,-116.6455078125,-81.9091796875,97.6708984375
29.6357364,-116.4501953125,-81.7138671875,95.9130859375
29.6635409,-116.8896484375,-82.2021484375,95.2783203125
29.7047889,-115.9619140625,-81.7626953125,93.4228515625
29.7236264,-113.8134765625,-82.2021484375,91.2744140625
29.7549062,-111.8603515625,-81.8603515625,89.5166015625
29.7947811,-111.0791015625,-82.2998046875,88.3935546875
29.8166687,-111.0302734375,-81.7138671875,87.7099609375
29.8537476,-109.6630859375,-81.8603515625,86.7822265625
29.8758401,-109.7119140625,-81.9580078125,85.5615234375
29.9118303,-109.4189453125,-81.9091796875,84.4873046875
29.9337647,-109.2724609375,-82.3486328125,82.8271484375
29.9769658,-109.6630859375,-82.2998046875,81.6064453125
29.9957869,-109.5654296875,-82.1533203125,79.8486328125
30.048067,-109.3701171875,-82.5439453125,78.1396484375
30.0681686,-109.3701171875,-82.8857421875,76.4794921875
30.0844683,-110.0048828125,-83.1298828125,74.7705078125
30.123508,-109.4189453125,-83.6669921875,72.8173828125
30.1470533,-110.6396484375,-83.2763671875,71.0595703125
30.1931047,-110.7861328125,-83.5205078125,69.6435546875
30.212938,-110.8837890625,-84.1064453125,67.6904296875
30.2380789,-111.4208984375,-84.3994140625,66.1279296875
30.2770717,-111.5673828125,-84.7412109375,64.7607421875
30.2980716,-111.9580078125,-85.2294921875,63.0517578125
30.3342057,-112.2021484375,-84.6923828125,61.0498046875
30.3553253,-112.8857421875,-85.6201171875,58.4619140625
30.3914778,-113.0322265625,-85.0830078125,58.2177734375
30.4175116,-113.0322265625,-86.3037109375,55.7275390625
30.4534489,-113.0322265625,-85.7666015625,53.7744140625
30.4784049,-113.4716796875,-86.9873046875,51.6259765625
30.527619,-113.7646484375,-86.6455078125,50.7958984375
30.5477243,-114.4482421875,-87.6708984375,59.6337890625
30.5708833,-114.5458984375,-87.2802734375,79.7021484375
30.6126985,-114.8876953125,-85.8154296875,93.3740234375
30.6305742,-114.9853515625,-85.2783203125,99.5263671875
30.6577518,-115.5224609375,-84.2529296875,100.6005859375
30.6935897,-115.8642578125,-84.0087890625,100.4541015625
30.7212404,-115.7177734375,-82.7392578125,102.0166015625
30.7572837,-116.1083984375,-82.6416015625,104.2626953125
30.7824383,-116.3037109375,-81.9580078125,103.7744140625
30.819642,-116.5966796875,-81.4208984375,102.2119140625
30.8383826,-117.4755859375,-81.2744140625,100.9423828125
30.8763862,-117.3291015625,-80.8349609375,102.2607421875
30.9023636,-117.3291015625,-81.2255859375,103.6767578125
30.9425641,-118.2568359375,-80.6884765625,104.1162109375
30.961029,-117.4267578125,-80.0048828125,103.7744140625
30.9975322,-117.8662109375,-79.4677734375,101.7236328125
31.0187073,-116.7431640625,-80.0048828125,99.9658203125
31.0557099,-115.0830078125,-79.7119140625,98.3544921875
31.0807368,-113.1298828125,-79.6142578125,96.2548828125
31.1206468,-112.0556640625,-79.0771484375,95.3271484375
31.1415204,-111.6650390625,-79.6142578125,93.6669921875
31.1787725,-110.9326171875,-79.2236328125,91.7626953125
31.2038009,-110.6396484375,-79.6142578125,90.2490234375
31.2409175,-109.7119140625,-79.7119140625,89.2236328125
31.2618485,-109.8095703125,-80.2001953125,87.3681640625
31.3007728,-109.8583984375,-80.0048828125,86.0009765625
31.3318055,-109.8095703125,-80.8837890625,83.7060546875
31.3548741,-109.7119140625,-80.7373046875,82.0458984375
31.3928819,-110.2490234375,-81.1279296875,79.6044921875
31.4282204,-110.4931640625,-81.3232421875,77.6025390625
31.4420293,-110.6396484375,-81.3232421875,74.7216796875
31.4771283,-110.7373046875,-82.2021484375,73.2080078125
31.5021209,-111.2255859375,-82.2021484375,70.8642578125
31.5388773,-111.2744140625,-82.7392578125,69.3505859375
31.5633181,-111.7138671875,-82.5927734375,67.2509765625
31.6003389,-111.9091796875,-83.0810546875,65.0537109375
31.625775,-112.4951171875,-83.3251953125,63.2958984375
31.6767061,-112.2509765625,-83.4228515625,61.3916015625
31.6978975,-112.8857421875,-84.4482421875,60.4150390625
31.7179585,-113.1298828125,-84.6435546875,58.0224609375
31.7557991,-114.0087890625,-84.8388671875,55.5322265625
31.7729208,-113.9599609375,-85.2783203125,52.8955078125
31.8119761,-114.1064453125,-85.5712890625,50.7470703125
31.832829,-114.5947265625,-86.7431640625,51.4794921875
31.8689217,-114.3017578125,-86.3525390625,69.3505859375
31.8961892,-114.9365234375,-86.5478515625,87.7587890625
31.9321109,-115.2783203125,-85.2294921875,100.2099609375
31.9561467,-115.4248046875,-83.7646484375,104.3115234375
31.9920661,-116.5478515625,-83.1787109375,104.2138671875
32.0132831,-116.0595703125,-82.9345703125,104.0185546875
32.0511644,-116.4990234375,-82.2998046875,104.5556640625
32.0761668,-116.5966796875,-81.7138671875,106.6552734375
32.1131902,-117.2802734375,-80.6884765625,104.0673828125
32.1384399,-117.1337890625,-80.7861328125,102.7490234375
32.1745709,-117.4267578125,-80.5419921875,101.9677734375
32.1995864,-118.1103515625,-80.4931640625,104.1162109375
32.2398366,-117.8173828125,-80.1025390625,105.1904296875
32.2545704,-117.9638671875,-80.2978515625,105.0927734375
32.2916593,-118.4521484375,-79.4677734375,103.5302734375
32.3177953,-118.2568359375,-79.3701171875,101.4306640625
32.3556279,-117.6220703125,-78.9306640625,98.6474609375
32.3786583,-115.9130859375,-79.4189453125,96.2060546875
32.4136681,-113.5693359375,-79.1748046875,94.6923828125
32.4407562,-112.6416015625,-79.0283203125,92.5927734375
32.4788846,-112.5927734375,-79.1748046875,91.3720703125
32.4988849,-111.2255859375,-79.1259765625,90.2490234375
32.5361865,-111.7138671875,-79.4189453125,89.1748046875
32.5590723,-110.3466796875,-78.7841796875,86.9775390625
32.5881983,-110.4443359375,-79.7607421875,84.8779296875
32.6241351,-111.0302734375,-79.5166015625,82.6806640625
32.6490319,-110.7861328125,-79.5654296875,80.5810546875
32.6861227,-110.9814453125,-79.6142578125,78.4814453125
32.7111904,-110.7373046875,-80.4443359375,76.0888671875
32.7482196,-110.3955078125,-80.2001953125,73.8916015625
32.7732188,-111.0302734375,-79.5654296875,71.4501953125
32.810448,-111.3720703125,-80.6396484375,69.5458984375
32.8292472,-111.4208984375,-80.4931640625,68.1787109375
32.8641827,-112.1044921875,-80.6884765625,65.7861328125
32.8913956,-112.6416015625,-80.3466796875,64.0771484375
32.9302095,-112.5927734375,-81.2255859375,61.5380859375
32.9521014,-112.8369140625,-81.7138671875,58.8037109375
32.9902517,-112.8369140625,-81.7138671875,57.1923828125
33.0129201,-113.2763671875,-82.1044921875,56.6064453125
33.0417113,-113.2763671875,-82.2998046875,70.2294921875
33.0771105,-113.9111328125,-81.3232421875,89.9072265625
33.1050577,-114.0087890625,-80.1513671875,102.8955078125
33.1411967,-114.3017578125,-78.6865234375,108.9501953125
33.162242,-114.8388671875,-78.0517578125,108.3642578125
33.2135204,-114.9853515625,-76.8310546875,107.7783203125
33.2232021,-115.0830078125,-76.5380859375,108.3154296875
33.2613544,-115.1318359375,-75.2685546875,108.4619140625
33.2821643,-115.5712890625,-75.0732421875,106.8017578125
33.3181666,-115.6201171875,-74.7802734375,103.4814453125
33.3441301,-115.4736328125,-74.7802734375,102.8955078125
33.3752264,-115.9130859375,-74.3896484375,104.9462890625
33.4222425,-116.0595703125,-74.1943359375,105.6787109375
33.4340862,-116.5478515625,-74.0478515625,105.3369140625
33.4724255,-116.7919921875,-74.4384765625,102.9443359375
33.4941926,-116.8896484375,-74.3408203125,100.4541015625
33.5345769,-116.4501953125,-73.7548828125,97.9150390625
33.5526371,-114.8388671875,-73.5595703125,94.7900390625
33.5873834,-113.0810546875,-74.1943359375,92.9833984375
33.6140749,-111.5185546875,-74.0966796875,90.7861328125
33.6616243,-110.8837890625,-74.3408203125,88.7841796875
33.6778698,-110.8837890625,-74.7802734375,87.7099609375
33.7075505,-110.1513671875,-74.1943359375,86.1962890625
33.7374215,-109.7607421875,-74.4873046875,84.2919921875
33.763282,-110.0048828125,-75.3662109375,81.7529296875
33.8065826,-110.0537109375,-76.3427734375,79.1650390625
33.825377,-109.8583984375,-76.4404296875,76.9677734375
33.8584609,-110.5419921875,-77.0263671875,74.7705078125
33.8874146,-109.8583984375,-76.3916015625,71.9873046875
33.9144041,-110.2978515625,-77.2216796875,69.5458984375
33.9474605,-110.2001953125,-76.9287109375,66.3232421875
33.9774268,-110.3466796875,-77.3681640625,63.9794921875
34.0095624,-110.6884765625,-77.5146484375,61.6845703125
34.037701,-111.2255859375,-77.9052734375,59.9755859375
34.0665154,-111.6650390625,-78.5888671875,57.4365234375
34.1005445,-111.5185546875,-78.7353515625,55.3369140625
34.1284884,-111.8603515625,-79.4189453125,53.5302734375
34.1565356,-111.9580078125,-78.4912109375,52.1630859375
34.1895642,-112.6904296875,-79.4189453125,48.6474609375
34.2184995,-113.0810546875,-79.7119140625,45.7666015625
34.2484156,-113.0810546875,-79.6630859375,42.7880859375
34.2803557,-113.4228515625,-80.3466796875,45.8154296875
34.3103676,-113.6181640625,-80.6884765625,69.2041015625
34.3413364,-113.5693359375,-79.3212890625,89.4677734375
34.3693187,-115.1806640625,-77.5146484375,102.2607421875
34.3973548,-114.2041015625,-76.2451171875,107.0947265625
34.4394751,-114.8876953125,-75.2685546875,108.4130859375
34.4593507,-114.6923828125,-75.2197265625,108.7548828125
34.4893698,-115.0830078125,-74.1455078125,110.8056640625
34.5215552,-115.1318359375,-74.2431640625,112.1728515625
34.5504694,-115.5712890625,-73.4619140625,109.7314453125
34.6055819,-115.7666015625,-73.3154296875,107.1435546875
34.6187485,-116.4013671875,-72.8759765625,107.1435546875
34.6407205,-116.1083984375,-72.5341796875,108.7548828125
34.6736395,-116.6455078125,-72.1435546875,109.8291015625
34.702611,-117.0361328125,-72.3388671875,109.7314453125
34.7304667,-117.0849609375,-71.9970703125,106.6064453125
34.7826823,-117.0361328125,-72.2412109375,104.8974609375
34.7910971,-116.7431640625,-72.0458984375,101.3330078125
34.8357152,-114.7412109375,-72.8759765625,99.4287109375
34.8524983,-112.9345703125,-71.9482421875,96.1572265625
34.8894933,-111.5185546875,-72.3876953125,94.8388671875
34.9086269,-110.8349609375,-71.9482421875,92.1044921875
34.9427429,-110.2978515625,-72.8271484375,89.8095703125
34.9807103,-109.7119140625,-72.9248046875,87.9052734375
34.9999072,-109.4189453125,-73.3154296875,85.5126953125
35.0449076,-109.2724609375,-73.2177734375,83.4619140625
35.062937,-109.2724609375,-73.3154296875,81.0693359375
35.1051912,-109.1748046875,-73.9501953125,78.1884765625
35.1239719,-109.1259765625,-74.2431640625,75.5517578125
35.1660303,-109.3212890625,-74.1455078125,72.6708984375
35.18603,-109.1748046875,-75.0244140625,70.1318359375
35.223051,-109.3701171875,-74.8779296875,66.6162109375
35.2471221,-109.6630859375,-75.4150390625,64.0283203125
35.2852627,-110.1025390625,-75.8056640625,61.7822265625
35.3031363,-110.4931640625,-75.8056640625,58.9990234375
35.3441842,-110.9326171875,-76.6845703125,56.2158203125
35.3631333,-111.0302734375,-77.2705078125,53.5302734375
35.4033283,-111.2744140625,-77.3193359375,51.7724609375
35.4256374,-111.4697265625,-77.9052734375,48.8916015625
35.4613514,-111.4697265625,-78.3935546875,46.6943359375
35.4814828,-112.1044921875,-79.0283203125,43.3251953125
35.5224846,-112.4951171875,-79.2724609375,39.9560546875
35.5454477,-112.7392578125,-79.9072265625,37.3193359375
35.5867411,-112.7392578125,-80.1513671875,34.7314453125
35.604733,-113.2275390625,-80.8349609375,47.1337890625
35.6418132,-113.3740234375,-80.6884765625,73.8916015625
35.6627616,-113.6181640625,-79.2724609375,92.5439453125
35.7059621,-113.3740234375,-77.5634765625,102.5537109375
35.7268663,-113.8134765625,-77.2705078125,104.5068359375
35.7631261,-114.4482421875,-77.0263671875,103.9208984375
35.78715,-114.4482421875,-76.1962890625,105.7763671875
35.8261563,-114.6923828125,-76.0498046875,107.3388671875
35.8511311,-115.0341796875,-75.1220703125,107.6318359375
35.8891079,-115.7177734375,-74.9267578125,103.9697265625
35.9100055,-116.0107421875,-75.0732421875,101.7724609375
35.9492961,-115.8154296875,-74.3408203125,102.2607421875
35.9683702,-115.7666015625,-74.4873046875,104.6044921875
36.0072728,-116.1083984375,-74.3896484375,104.7509765625
36.029466,-116.6943359375,-74.3896484375,102.7490234375
36.06949,-116.6943359375,-74.0478515625,100.9912109375
36.0936082,-117.1826171875,-74.0966796875,97.9638671875
36.1404615,-116.2548828125,-74.2919921875,95.1318359375
36.1450452,-113.7646484375,-73.9013671875,92.2998046875
36.1795458,-112.4462890625,-73.5595703125,89.4677734375
36.2094305,-111.0302734375,-74.0966796875,87.4658203125
36.2445722,-110.5908203125,-73.3154296875,85.1708984375
36.2695462,-110.3955078125,-73.6572265625,83.1689453125
36.3157036,-109.9072265625,-73.7060546875,81.8505859375
36.3355215,-108.7353515625,-73.4619140625,79.9462890625
36.361674,-108.5400390625,-73.4130859375,76.7236328125
36.4078016,-108.1494140625,-73.5107421875,74.2333984375
36.4286959,-108.5400390625,-73.5107421875,70.9130859375
36.4517172,-108.7353515625,-73.9990234375,69.0576171875
36.5039362,-108.8330078125,-73.7548828125,65.3466796875
36.523709,-108.8330078125,-74.2431640625,62.6611328125
36.5408994,-108.7841796875,-74.0478515625,59.9267578125
36.5768543,-109.4189453125,-74.5361328125,57.3388671875
36.6029757,-109.7119140625,-75.3173828125,55.9228515625
36.6419432,-109.7119140625,-75.1708984375,52.5048828125
36.6612666,-110.3955078125,-75.3173828125,50.7470703125
36.700016,-110.7373046875,-75.8544921875,47.8662109375
36.7187571,-110.8349609375,-76.1474609375,44.6923828125
36.7547901,-110.9814453125,-75.9521484375,42.1533203125
36.7830895,-110.7861328125,-76.4892578125,42.6416015625
36.8203023,-111.6650390625,-76.7333984375,61.8310546875
36.843128,-111.7626953125,-75.8544921875,84.8291015625
36.8821958,-112.1044921875,-75.1220703125,99.2822265625
36.9022727,-112.1044921875,-73.4130859375,105.6298828125
36.947443,-112.6904296875,-73.5107421875,106.6552734375
36.9674395,-113.0322265625,-72.6318359375,105.4345703125
37.0025926,-112.8369140625,-72.5341796875,106.4599609375
37.0224687,-113.5693359375,-71.8994140625,106.8994140625
37.0577505,-113.6181640625,-71.7041015625,102.7001953125
37.0797907,-113.9599609375,-71.5087890625,99.6728515625
37.1170345,-114.0087890625,-70.7763671875,100.1611328125
37.1455844,-114.1552734375,-70.8740234375,101.9677734375
37.1857681,-114.8876953125,-71.0693359375,102.9931640625
37.2048132,-114.8876953125,-70.4345703125,101.0888671875
37.2467364,-115.1806640625,-70.4345703125,99.7705078125
37.2657304,-115.3271484375,-70.3857421875,96.1083984375
37.3039831,-115.7666015625,-70.6298828125,92.8857421875
37.3260595,-114.5458984375,-70.3369140625,89.9072265625
37.3638863,-112.7880859375,-70.8251953125,86.9287109375
37.3838816,-110.8349609375,-70.9716796875,84.1455078125
37.420053,-110.5419921875,-70.2880859375,81.9482421875
37.4450198,-109.8583984375,-70.8740234375,80.1416015625
37.478996,-109.8095703125,-70.9716796875,78.3349609375
37.5081671,-108.9306640625,-70.8740234375,76.6748046875
37.545461,-108.3447265625,-70.8740234375,74.1357421875
37.5652247,-108.7353515625,-71.2646484375,71.7431640625
37.6053841,-108.7353515625,-71.6064453125,68.3740234375
37.6273706,-108.5888671875,-71.2158203125,65.3955078125
37.6663161,-108.7353515625,-71.4111328125,62.1728515625
37.6868409,-108.1494140625,-71.7529296875,59.0478515625
37.7245995,-108.1494140625,-71.8017578125,57.0947265625
37.7474331,-108.3935546875,-72.0947265625,54.3115234375
37.7974192,-108.6376953125,-72.1435546875,51.5283203125
37.8170742,-109.0283203125,-72.7783203125,49.7216796875
37.8364498,-109.0283203125,-73.1689453125,46.7431640625
37.8720112,-109.6630859375,-73.6083984375,45.4248046875
37.8953073,-109.3212890625,-73.3642578125,42.1533203125
37.9393403,-110.1025390625,-73.4619140625,40.7373046875
37.9583788,-109.9560546875,-74.4384765625,37.9052734375
37.9936419,-109.9560546875,-74.6337890625,34.3896484375
38.0187319,-110.6884765625,-74.5361328125,31.1181640625
38.0579253,-110.3466796875,-75.0244140625,28.6279296875
38.0797595,-110.6884765625,-75.6591796875,31.2646484375
38.1309003,-110.9326171875,-76.3427734375,56.8505859375
38.1619689,-111.4208984375,-75.2197265625,81.0693359375
38.1686203,-111.4208984375,-73.6083984375,96.6455078125
38.2038109,-111.9580078125,-73.5595703125,103.2373046875
38.2267416,-112.3486328125,-72.1435546875,104.3115234375
38.2647539,-112.5439453125,-71.9970703125,104.9462890625
38.2877694,-112.4462890625,-70.8740234375,105.8251953125
38.3260527,-113.1787109375,-70.7763671875,107.3876953125
38.348951,-113.4716796875,-69.9951171875,105.4345703125
38.3872311,-113.4716796875,-69.6533203125,103.1396484375
38.4105966,-113.9111328125,-69.0185546875,101.6748046875
38.4445259,-114.3505859375,-68.8232421875,104.6533203125
38.4703008,-114.6435546875,-68.6279296875,105.4345703125
38.5060967,-114.7900390625,-67.8466796875,104.2626953125
38.5323035,-114.9853515625,-67.7978515625,101.7724609375
38.5716972,-114.9853515625,-67.4560546875,98.7451171875
38.5922556,-114.9365234375,-67.5537109375,95.4248046875
38.6222458,-114.5947265625,-67.5537109375,92.2998046875
38.6613564,-112.3486328125,-67.8955078125,89.9072265625
38.6820692,-110.1025390625,-68.5302734375,88.0517578125
38.7123186,-109.8583984375,-67.7978515625,85.4150390625
38.7635086,-108.8818359375,-68.3349609375,83.5107421875
38.7830337,-108.4912109375,-68.2373046875,81.8505859375
38.8019466,-108.0029296875,-68.2861328125,79.7509765625
38.8402561,-107.7099609375,-67.9931640625,77.2607421875
38.8627399,-107.7099609375,-68.3349609375,75.1611328125
38.8947685,-107.1728515625,-68.5302734375,71.6943359375
38.9247848,-107.3193359375,-68.8720703125,68.7158203125
38.9527614,-108.0029296875,-68.6279296875,65.6396484375
38.9858551,-107.0751953125,-69.3603515625,62.4658203125
39.0158073,-107.1728515625,-69.0673828125,59.8779296875
39.0427578,-107.7099609375,-69.2626953125,56.3623046875
39.075832,-107.0751953125,-69.7509765625,54.7998046875
39.105902,-108.0029296875,-69.8974609375,52.2119140625
39.1318199,-108.3935546875,-70.3369140625,49.5751953125
39.1647955,-109.3212890625,-70.9716796875,47.4267578125
39.1960683,-108.9306640625,-70.8740234375,45.0341796875
39.2259145,-108.5888671875,-71.4111328125,42.7392578125
39.2558492,-109.2724609375,-71.7529296875,40.1025390625
39.2838295,-109.5654296875,-72.6806640625,36.0986328125
39.3181194,-109.8095703125,-72.7294921875,33.1689453125
39.3681751,-109.9560546875,-73.3154296875,30.7275390625
39.3729084,-110.3466796875,-73.1689453125,36.9287109375
39.4091209,-110.3466796875,-74.3408203125,64.5654296875
39.4510943,-110.9814453125,-72.8759765625,85.9033203125
39.4649342,-111.6650390625,-71.9482421875,98.9892578125
39.502133,-111.3720703125,-70.8740234375,103.2861328125
39.5426101,-111.7138671875,-70.2392578125,104.6044921875
39.5564679,-111.9580078125,-69.6533203125,104.5068359375
39.5877725,-112.2021484375,-69.7998046875,106.0693359375
39.6370212,-111.9580078125,-68.9697265625,105.8251953125
39.6477772,-112.9345703125,-68.5791015625,103.0908203125
39.6785581,-112.5439453125,-68.0908203125,100.6494140625
39.722207,-113.3251953125,-67.8955078125,100.8935546875
39.7413146,-112.8369140625,-67.6025390625,102.9931640625
39.7961889,-113.6181640625,-67.5537109375,103.1884765625
39.7998817,-113.5205078125,-67.0166015625,101.8212890625
39.8440657,-113.8623046875,-67.3583984375,99.2333984375
39.8578585,-113.8134765625,-67.1630859375,97.2802734375
39.9090674,-114.1552734375,-67.4560546875,93.6181640625
39.9169538,-112.8369140625,-67.0654296875,90.3466796875
39.9630701,-111.4208984375,-66.8701171875,87.8564453125
39.981037,-109.5654296875,-67.2119140625,84.9755859375
40.0201217,-108.6865234375,-67.0166015625,82.6806640625
40.040823,-108.1005859375,-67.5537109375,81.7041015625
40.0850732,-107.6611328125,-67.7978515625,79.1162109375
40.0978316,-107.1728515625,-67.4072265625,77.5537109375
40.1481145,-106.9775390625,-67.4560546875,75.0634765625
40.1609628,-106.3916015625,-67.8466796875,71.8408203125
40.2039889,-106.4404296875,-68.2373046875,69.7900390625
40.2219984,-106.3916015625,-68.1396484375,66.1767578125
40.2510075,-106.2939453125,-68.5302734375,62.6611328125
40.2930468,-106.0986328125,-68.1396484375,59.8291015625
40.3130286,-106.3916015625,-68.6279296875,57.7294921875
40.3572994,-106.7822265625,-68.7255859375,54.7509765625
40.3701381,-106.8798828125,-68.7744140625,53.0419921875
40.4022744,-107.4658203125,-69.1650390625,50.8447265625
40.4442919,-107.2216796875,-70.0439453125,48.5009765625
40.4653779,-107.4169921875,-69.7509765625,45.1806640625
40.5002669,-108.0517578125,-70.0439453125,42.9833984375
40.5213973,-107.8076171875,-69.8974609375,39.3701171875
40.5607224,-108.1005859375,-71.5087890625,36.2451171875
40.5807941,-108.3935546875,-71.4111328125,34.1455078125
40.6242901,-109.0771484375,-71.7041015625,42.0068359375
40.6450208,-109.4189453125,-72.3388671875,66.8603515625
40.6830126,-109.5166015625,-70.9716796875,87.1240234375
40.704941,-109.7119140625,-69.6533203125,98.1591796875
40.7428662,-110.2490234375,-69.2138671875,100.3076171875
40.7632865,-110.6396484375,-68.1884765625,100.9423828125
40.8053359,-110.8837890625,-67.8955078125,101.5283203125
40.8243513,-110.7373046875,-67.2607421875,102.6513671875
40.8614065,-111.1279296875,-66.7724609375,101.5771484375
40.8853098,-111.4208984375,-66.3818359375,97.2802734375
40.922275,-111.2255859375,-66.6259765625,95.9130859375
40.9424618,-111.3232421875,-65.8935546875,96.6943359375
40.9825725,-111.9580078125,-65.6494140625,97.8662109375
41.002502,-111.9091796875,-64.8681640625,97.9150390625
41.0386984,-112.3486328125,-66.2353515625,96.4501953125
41.0636263,-112.7880859375,-65.6494140625,94.0087890625
41.1053756,-112.8369140625,-65.6982421875,90.0048828125
41.1273786,-113.6181640625,-65.8447265625,86.6845703125
41.1654165,-112.3974609375,-66.0888671875,83.6083984375
41.185409,-110.8349609375,-66.6259765625,81.3134765625
41.2214829,-109.2724609375,-66.3818359375,79.4580078125
41.2465243,-108.5400390625,-66.8701171875,77.1142578125
41.2844657,-107.1728515625,-66.6259765625,75.3076171875
41.3075526,-107.4658203125,-66.6748046875,74.0380859375
41.3457172,-106.8798828125,-66.7236328125,71.4990234375
41.363732,-106.4892578125,-66.9189453125,68.7646484375
41.4049124,-106.2451171875,-67.2607421875,66.5673828125
41.4258013,-106.2939453125,-67.2607421875,63.7353515625
41.4638352,-106.5380859375,-67.5537109375,60.2685546875
41.4878106,-106.2451171875,-68.0908203125,57.8759765625
41.5229235,-106.4404296875,-68.7255859375,54.8974609375
41.5436063,-106.4892578125,-69.0673828125,52.5048828125
41.5822736,-106.6357421875,-69.3603515625,49.9658203125
41.6043848,-107.1240234375,-69.8486328125,46.9384765625
41.6424915,-107.6611328125,-69.6044921875,44.8876953125
41.6673103,-107.9541015625,-70.5810546875,42.6416015625
41.7075404,-108.6376953125,-70.4833984375,39.6630859375
41.7286815,-108.3447265625,-71.2646484375,38.0029296875
41.766632,-109.2236328125,-71.1181640625,36.3427734375
41.7905638,-109.0283203125,-72.0458984375,33.2666015625
41.8296533,-109.6630859375,-72.3876953125,30.2392578125
41.8494273,-109.5166015625,-72.5830078125,27.0166015625
41.8865171,-109.7607421875,-73.0712890625,23.9892578125
41.9078844,-110.2001953125,-73.6083984375,22.6708984375
41.9456876,-110.3466796875,-73.6572265625,38.5888671875
41.9709432,-110.2978515625,-73.5107421875,65.5908203125
42.0069177,-110.6396484375,-72.2412109375,85.1220703125
42.027072,-110.7861328125,-71.6552734375,94.4482421875
42.0647728,-110.9814453125,-71.1669921875,96.9384765625
42.0885077,-111.3720703125,-70.8740234375,96.4990234375
42.1255572,-111.7138671875,-69.8974609375,98.0126953125
42.1518079,-111.4208984375,-69.2138671875,98.8427734375
42.2089945,-112.3486328125,-69.6533203125,98.4033203125
42.2279003,-112.2509765625,-68.6279296875,94.9853515625
42.2430551,-112.8857421875,-69.0185546875,93.6181640625
42.2829869,-112.9833984375,-68.4814453125,94.3994140625
42.3029848,-112.8369140625,-68.2861328125,95.9619140625
42.3408927,-113.1787109375,-68.4326171875,96.0107421875
42.3587518,-113.9599609375,-68.7744140625,94.3017578125
42.3982189,-113.7646484375,-68.5302734375,91.2744140625
42.421901,-114.2529296875,-68.5302734375,87.5146484375
42.4610265,-114.2529296875,-68.1396484375,85.0244140625
42.4819963,-113.6181640625,-68.5302734375,82.5341796875
42.5171742,-111.5185546875,-68.7744140625,80.9716796875
42.539017,-109.6630859375,-68.5791015625,78.4326171875
42.5764213,-108.7841796875,-68.7744140625,76.3818359375
42.6056119,-108.2958984375,-68.5791015625,73.3544921875
42.6527544,-107.5146484375,-70.1416015625,72.1826171875
42.6840387,-106.8310546875,-69.7021484375,69.5947265625
42.6918962,-106.4404296875,-70.5322265625,67.1533203125
42.7290469,-106.0498046875,-70.1416015625,63.7841796875
42.7520894,-106.2451171875,-70.7763671875,62.2216796875
42.796222,-106.4404296875,-71.0205078125,58.5595703125
42.8153381,-106.2939453125,-71.3623046875,55.7275390625
42.8594214,-106.3427734375,-71.7529296875,53.0419921875
42.8791669,-106.1962890625,-72.0947265625,49.2333984375
42.9222936,-106.3427734375,-71.8017578125,47.3779296875
42.9310744,-106.7333984375,-72.7294921875,44.3505859375
42.9692626,-107.0263671875,-72.8271484375,42.6416015625
42.9954118,-107.8564453125,-73.8037109375,38.9794921875
43.0334892,-107.7099609375,-73.8037109375,37.0263671875
43.0635667,-108.4423828125,-74.1943359375,34.5849609375
43.083313,-108.5888671875,-74.8779296875,32.4365234375
43.1203487,-108.7841796875,-75.2197265625,30.2392578125
43.1463686,-108.8818359375,-75.9033203125,27.3095703125
43.1824946,-109.4189453125,-75.7568359375,24.7216796875
43.2076478,-109.1748046875,-76.5869140625,20.7666015625
43.2526962,-109.5654296875,-76.6357421875,18.1787109375
43.264616,-109.8583984375,-77.0751953125,19.2529296875
43.3015833,-110.1513671875,-77.9052734375,44.0087890625
43.3241935,-110.9326171875,-77.3681640625,69.5458984375
43.358878,-110.7373046875,-75.7568359375,83.7060546875
43.3881113,-111.0302734375,-75.5126953125,90.1513671875
43.423712,-111.5185546875,-74.9267578125,90.1513671875
43.4492019,-111.6162109375,-75.1220703125,89.1748046875
43.4774391,-111.7138671875,-74.6337890625,90.2001953125
43.5152833,-111.9580078125,-73.9501953125,91.3232421875
43.5393351,-112.2509765625,-73.9013671875,89.5654296875
43.5755862,-112.0068359375,-73.6083984375,86.1474609375
43.6005217,-112.7392578125,-73.5595703125,86.6357421875
43.6379271,-113.2275390625,-73.1201171875,88.2958984375
43.6587995,-112.7392578125,-73.2177734375,89.1259765625
43.6948988,-113.7158203125,-73.0712890625,88.0029296875
43.7198149,-113.3740234375,-73.0224609375,86.8310546875
43.7578289,-113.4716796875,-73.1201171875,84.4384765625
43.7798676,-113.6181640625,-73.1689453125,81.2158203125
43.8169512,-113.6669921875,-73.2177734375,78.5302734375
43.8371418,-113.2763671875,-73.0224609375,75.8935546875
43.874116,-110.8349609375,-73.4130859375,73.8427734375
43.8989462,-109.3701171875,-73.4619140625,72.0849609375
43.9351273,-108.1982421875,-73.7060546875,70.2294921875
43.9599624,-107.5146484375,-73.9990234375,68.5693359375
43.999137,-106.6845703125,-73.7060546875,66.3720703125
44.0211482,-105.8544921875,-73.6572265625,64.7119140625
44.0581436,-106.0986328125,-74.2431640625,62.7587890625
44.0813433,-105.6591796875,-74.3896484375,59.8779296875
44.1173845,-105.5126953125,-74.2431640625,56.7529296875
44.1421276,-105.4638671875,-74.2919921875,53.6279296875
44.1711571,-105.4638671875,-74.3896484375,51.7724609375
44.2033213,-105.6103515625,-74.5361328125,49.0869140625
44.2302519,-106.0498046875,-74.8779296875,46.7431640625
44.2692522,-105.6103515625,-75.2685546875,44.1064453125
44.2921811,-105.7568359375,-75.5126953125,41.8603515625
44.3222353,-106.3916015625,-75.8056640625,40.0048828125
44.3502546,-106.7333984375,-76.2939453125,37.8564453125
44.3873332,-107.3193359375,-76.1474609375,36.1962890625
44.4124208,-106.9287109375,-76.7822265625,33.9501953125
44.4444683,-107.2216796875,-76.6845703125,30.8740234375
44.4903491,-107.3681640625,-77.2705078125,28.0419921875
44.5013369,-107.3193359375,-77.1240234375,25.7958984375
44.5391343,-108.3447265625,-78.0029296875,28.2373046875
44.5611091,-107.8564453125,-78.2958984375,51.0888671875
44.5941753,-108.1982421875,-77.4169921875,71.4013671875
44.6253523,-108.1982421875,-76.0498046875,81.9482421875
44.6713574,-108.2958984375,-75.3173828125,85.2685546875
44.6812537,-109.2236328125,-74.8291015625,84.5849609375
44.7204964,-109.3212890625,-74.7314453125,83.4619140625
44.7602325,-109.3212890625,-74.0478515625,84.2919921875
44.7803216,-109.8095703125,-72.5341796875,84.0966796875
44.8194521,-109.6142578125,-73.0224609375,80.5322265625
44.8337489,-109.7607421875,-73.3154296875,78.5791015625
44.8677792,-110.2490234375,-72.6806640625,80.0439453125
44.9204571,-109.8095703125,-72.6318359375,80.6787109375
44.9240908,-110.3466796875,-72.2900390625,81.5576171875
44.9725114,-110.9326171875,-72.0947265625,79.7998046875
44.9854005,-110.8349609375,-71.8994140625,77.3095703125
45.028511,-111.3232421875,-72.0947265625,75.5517578125
45.0485671,-111.1279296875,-72.0458984375,73.8427734375
45.0985586,-110.9814453125,-71.8017578125,71.3525390625
45.1073681,-110.6884765625,-72.2900390625,69.6435546875
45.1497255,-109.0771484375,-72.1923828125,67.5927734375
45.1749692,-107.0263671875,-72.1923828125,66.3232421875
45.2183156,-106.0498046875,-71.9482421875,65.2490234375
45.2253329,-106.0498046875,-72.6806640625,63.1005859375
45.2703677,-105.9521484375,-72.5341796875,61.2451171875
45.2892813,-104.7314453125,-72.6318359375,59.6337890625
45.3270468,-104.3896484375,-72.9736328125,57.9736328125
45.3480315,-104.2431640625,-72.9736328125,55.9716796875
45.3891102,-104.2919921875,-73.0224609375,53.6767578125
45.4090053,-104.0966796875,-73.9013671875,51.1376953125
45.4531241,-104.5361328125,-73.9013671875,49.9658203125
45.4730423,-104.6337890625,-73.8525390625,47.9150390625
45.5092473,-103.8525390625,-73.9990234375,46.1572265625
45.5290735,-104.6337890625,-74.0966796875,44.3505859375
45.5732044,-104.7314453125,-74.0966796875,42.3974609375
45.5928959,-105.3662109375,-74.6337890625,40.9814453125
45.6342571,-105.4638671875,-74.7802734375,39.0771484375
45.6466204,-105.8544921875,-74.9755859375,37.6123046875
45.6912812,-105.5615234375,-75.1220703125,35.9033203125
45.7112296,-106.6845703125,-75.3173828125,33.9990234375
45.7544826,-106.4404296875,-76.1962890625,31.5087890625
45.7745163,-106.6845703125,-76.6357421875,29.1650390625
45.8115646,-107.0751953125,-76.7822265625,27.7001953125
45.8313791,-107.1728515625,-76.9287109375,34.0966796875
45.8746338,-107.3681640625,-77.5146484375,54.1650390625
45.8941596,-107.5634765625,-75.9521484375,68.9111328125
45.9306929,-108.2958984375,-75.5126953125,74.5263671875
45.9508388,-108.3935546875,-74.5849609375,75.7958984375
45.987609,-108.6865234375,-74.1455078125,75.2587890625
46.0074101,-108.6865234375,-74.0966796875,75.2587890625
46.0525962,-109.1259765625,-73.2666015625,76.5771484375
46.0727479,-108.9794921875,-73.2177734375,76.6748046875
46.1098859,-109.2236328125,-72.3876953125,74.5263671875
46.1297597,-109.3701171875,-73.0712890625,73.1591796875
46.1709333,-109.5166015625,-71.9970703125,73.3056640625
46.192874,-110.2001953125,-71.6552734375,75.9423828125
46.2300649,-110.2490234375,-71.8994140625,76.0400390625
46.2506267,-110.5419921875,-71.2646484375,75.8935546875
46.2935893,-110.7373046875,-71.4111328125,73.4521484375
46.3136032,-110.9814453125,-71.2158203125,72.2802734375
46.3496458,-111.3720703125,-71.2158203125,70.8154296875
46.3736886,-111.5673828125,-71.6064453125,68.8623046875
46.4139515,-110.3955078125,-71.7041015625,67.7392578125
46.434088,-108.3935546875,-71.0693359375,66.6650390625
46.4732068,-106.8310546875,-71.6064453125,65.7373046875
46.4931759,-105.9521484375,-71.2646484375,65.1025390625
46.5312854,-105.2685546875,-71.7041015625,64.0771484375
46.5533251,-104.6826171875,-72.0458984375,63.0517578125
46.5893724,-104.6826171875,-71.7041015625,61.3427734375
46.6143902,-103.4130859375,-71.8017578125,59.8779296875
46.6525858,-103.2177734375,-72.1435546875,58.3642578125
46.6775894,-103.7060546875,-72.1435546875,56.5087890625
46.7267464,-104.0478515625,-72.7294921875,55.3857421875
46.7468274,-103.5595703125,-72.8271484375,54.6533203125
46.7628142,-103.7548828125,-72.8271484375,52.1630859375
46.8049764,-104.1943359375,-73.6083984375,50.7470703125
46.8248683,-104.1455078125,-73.5107421875,49.3798828125
46.8702813,-104.1943359375,-73.8037109375,48.4033203125
46.8902284,-105.1708984375,-74.3896484375,46.9384765625
46.9279833,-105.2197265625,-74.9267578125,45.8154296875
46.9478676,-105.6103515625,-75.0244140625,44.2529296875
46.9851525,-105.7080078125,-75.5615234375,42.8369140625
47.0061248,-106.0009765625,-75.2197265625,41.2255859375
47.040558,-106.3916015625,-76.0986328125,39.8583984375
47.064701,-105.8544921875,-76.2451171875,37.9052734375
47.1007154,-106.0498046875,-76.3916015625,36.8310546875
47.127777,-106.4892578125,-76.5869140625,43.9111328125
47.1632455,-106.5869140625,-76.5869140625,61.6357421875
47.1892847,-107.4658203125,-75.6103515625,74.3310546875
47.2275687,-107.2216796875,-74.4873046875,78.9208984375
47.247499,-107.7587890625,-74.2919921875,78.5791015625
47.2857467,-108.0517578125,-74.4873046875,77.9931640625
47.3055607,-107.5634765625,-73.7548828125,79.0185546875
47.3435716,-108.0517578125,-72.8271484375,80.0927734375
47.3698357,-108.3447265625,-71.8017578125,79.6533203125
47.4066984,-107.9052734375,-72.1435546875,77.9931640625
47.4309003,-108.4423828125,-71.3134765625,77.3095703125
47.4688689,-108.8818359375,-71.2158203125,79.1162109375
47.4868488,-109.5654296875,-71.1181640625,80.4833984375
47.522991,-109.5654296875,-71.0205078125,80.1904296875
47.5479431,-109.6630859375,-70.5810546875,80.0927734375
47.5840453,-109.8095703125,-70.5322265625,78.6279296875
47.608531,-109.8583984375,-69.5556640625,76.7236328125
47.6432503,-110.2490234375,-70.3857421875,75.6005859375
47.6697785,-110.4443359375,-70.7763671875,74.4775390625
47.7054466,-109.4189453125,-70.3369140625,73.0615234375
47.7278333,-107.3193359375,-70.9228515625,72.8173828125
47.7636752,-106.2451171875,-69.8486328125,71.5966796875
47.7897382,-104.8291015625,-70.1904296875,70.4248046875
47.826884,-104.5849609375,-70.3369140625,70.0830078125
47.8519315,-104.4384765625,-70.3369140625,69.1552734375
47.8966641,-103.3642578125,-70.6298828125,67.9345703125
47.9159027,-103.5595703125,-70.6787109375,66.0302734375
47.9539165,-103.2177734375,-70.4833984375,65.0048828125
47.9697095,-103.5595703125,-70.9716796875,63.3447265625
48.0088673,-103.2666015625,-71.3623046875,61.6845703125
48.0307838,-102.7294921875,-71.8017578125,60.3173828125
48.0689195,-103.4619140625,-71.8505859375,58.5107421875
48.0940858,-103.5107421875,-72.0947265625,57.9248046875
48.1319284,-103.1689453125,-72.2412109375,55.5810546875
48.1509988,-103.9990234375,-72.4853515625,54.5068359375
48.1850042,-103.8037109375,-72.9736328125,52.7490234375
48.2101087,-104.1943359375,-72.9736328125,52.2119140625
48.246299,-104.2919921875,-73.1689453125,49.9169921875
48.2736672,-104.6337890625,-74.3896484375,49.4287109375
48.3113136,-104.9755859375,-73.9501953125,47.8662109375
48.3345008,-105.2685546875,-75.2685546875,46.2060546875
48.3714079,-105.5615234375,-75.4150390625,44.2529296875
48.3927924,-105.4638671875,-75.1220703125,42.4462890625
48.4298949,-105.7080078125,-75.8056640625,41.6162109375
48.4518668,-106.0986328125,-75.8056640625,51.1376953125
48.4942149,-106.5380859375,-76.2451171875,69.3505859375
48.5261339,-106.8798828125,-74.6337890625,81.3623046875
48.5451795,-106.8798828125,-74.4384765625,87.0751953125
48.5821538,-107.4658203125,-73.6083984375,87.5146484375
48.6061634,-107.7099609375,-73.1689453125,88.2958984375
48.6422652,-107.3193359375,-72.2900390625,90.0537109375
48.6657242,-107.7587890625,-71.9482421875,92.1044921875
48.7027519,-108.0029296875,-71.0205078125,92.0556640625
48.7309429,-107.8564453125,-71.3134765625,90.4931640625
48.7579565,-108.4912109375,-70.8251953125,89.5166015625
48.7941309,-108.5888671875,-70.8251953125,92.1533203125
48.812761,-109.1259765625,-70.4345703125,93.3740234375
48.8487372,-109.3701171875,-70.5322265625,93.8623046875
48.8746608,-109.3701171875,-71.0693359375,93.4228515625
48.9119458,-109.5654296875,-70.2880859375,91.8603515625
48.9373477,-109.4189453125,-70.7763671875,91.1279296875
48.9752287,-110.1513671875,-70.2392578125,89.2236328125
48.9936264,-109.9072265625,-71.0205078125,88.6376953125
49.0311682,-109.6142578125,-70.2880859375,87.0263671875
49.0558569,-107.7099609375,-69.8486328125,85.7080078125
49.0928522,-106.0009765625,-71.1669921875,85.3662109375
49.1158656,-104.4873046875,-70.2392578125,84.1943359375
49.1528902,-104.0478515625,-70.6787109375,83.5107421875
49.1790031,-103.8037109375,-71.1669921875,81.9970703125
49.2151082,-102.8271484375,-71.5576171875,80.9228515625
49.2404349,-102.4853515625,-71.6064453125,79.4580078125
49.2814619,-101.9482421875,-71.6064453125,77.7490234375
49.29644,-102.4365234375,-71.7529296875,75.7958984375
49.3333373,-102.0947265625,-72.4365234375,73.9892578125
49.358269,-101.9970703125,-72.6806640625,73.1103515625
49.3953407,-101.6552734375,-72.6806640625,70.9619140625
49.4195134,-102.3388671875,-73.3154296875,69.4482421875
49.448609,-102.4853515625,-73.3642578125,68.1298828125
49.4863877,-102.6318359375,-74.0966796875,66.3232421875
49.5103822,-103.6572265625,-74.0478515625,64.5166015625
49.5406762,-103.7060546875,-74.7314453125,63.3935546875
49.5725863,-103.8525390625,-75.6103515625,61.1474609375
49.6005409,-103.7060546875,-75.6591796875,59.8779296875
49.628575,-104.0966796875,-76.2451171875,58.1201171875
49.6681061,-104.1943359375,-76.7333984375,56.8994140625
49.7060965,-104.6337890625,-76.9287109375,54.5556640625
49.7268374,-105.0732421875,-77.4658203125,52.6025390625
49.7528732,-105.3173828125,-78.3447265625,50.6494140625
49.7818399,-105.4150390625,-78.1005859375,48.8427734375
49.8089758,-105.3173828125,-79.5654296875,54.6044921875
49.8476558,-105.8056640625,-79.7119140625,72.6220703125
49.8686309,-106.2939453125,-79.0283203125,88.8330078125
49.9187294,-106.3916015625,-78.1982421875,96.9384765625
49.9343202,-106.9287109375,-77.1728515625,98.4033203125
49.9599168,-106.7333984375,-77.2216796875,99.6728515625
49.9938273,-106.9775390625,-77.0263671875,101.2353515625
50.039836,-106.8798828125,-76.2451171875,103.4814453125
50.050696,-107.3193359375,-76.0009765625,105.3857421875
50.0969922,-107.4658203125,-75.4150390625,103.5791015625
50.1431545,-107.6123046875,-75.2197265625,101.8701171875
50.1466668,-108.3447265625,-75.5126953125,102.9443359375
50.185728,-108.1494140625,-74.8291015625,104.0185546875
50.2070683,-108.6865234375,-75.0244140625,105.6298828125
50.232937,-108.9306640625,-75.3173828125,104.5556640625
50.2639347,-108.5888671875,-74.5849609375,103.1884765625
50.2910799,-108.8330078125,-74.9267578125,101.0888671875
50.3401702,-109.4189453125,-74.8779296875,100.0146484375
50.3580066,-109.3212890625,-75.3662109375,98.0615234375
50.3830232,-108.8818359375,-75.4150390625,96.2060546875
50.4131164,-108.2958984375,-75.1220703125,94.7900390625
50.4433325,-105.8544921875,-75.6103515625,93.6181640625
50.4921466,-104.7314453125,-76.0009765625,91.8115234375
50.5112234,-103.6572265625,-76.0986328125,90.1025390625
50.550388,-103.6083984375,-75.7080078125,89.2236328125
50.5709431,-102.2900390625,-75.9033203125,87.5634765625
50.6138123,-102.1923828125,-76.1474609375,85.6103515625
50.6328577,-101.4599609375,-76.4404296875,83.0224609375
50.668621,-101.2158203125,-76.7822265625,81.4111328125
50.6898799,-101.1669921875,-77.4169921875,79.4580078125
50.7280282,-101.2646484375,-77.5146484375,77.4560546875
50.7470459,-100.8740234375,-77.4658203125,75.6494140625
50.7932056,-101.6064453125,-78.5400390625,73.7451171875
50.8123362,-101.5576171875,-78.5888671875,71.6943359375
50.8514118,-101.7041015625,-79.1748046875,70.7177734375
50.8722398,-102.1923828125,-78.6376953125,68.3251953125
50.9094913,-102.2900390625,-79.6142578125,66.9091796875
50.929594,-102.4853515625,-78.7841796875,64.3701171875
50.9555946,-103.0712890625,-79.8095703125,62.3681640625
51.0066181,-103.0712890625,-80.0048828125,60.0732421875
51.0153235,-103.0712890625,-80.2490234375,58.8525390625
51.0626493,-103.9501953125,-81.2255859375,65.6884765625
51.0819501,-103.9501953125,-80.4443359375,83.0224609375
51.1189385,-103.9990234375,-79.2724609375,96.4501953125
51.1379895,-104.4384765625,-78.7353515625,102.7001953125
51.1851698,-104.9267578125,-77.6611328125,103.9208984375
51.2143343,-105.3173828125,-77.8564453125,103.2861328125
51.2303883,-105.2685546875,-77.3681640625,103.4326171875
51.2655267,-105.2197265625,-76.9287109375,105.0439453125
51.2857746,-105.8544921875,-75.6591796875,103.3349609375
51.3327025,-106.1962890625,-76.3427734375,100.6494140625
51.3517734,-106.3916015625,-75.6591796875,99.7705078125
51.4046773,-105.9033203125,-75.9521484375,101.2841796875
51.4254851,-106.5380859375,-75.2685546875,102.8466796875
51.4395368,-106.8310546875,-75.7568359375,102.3583984375
51.4775883,-106.8798828125,-74.8779296875,100.8447265625
51.5006944,-107.1728515625,-75.0244140625,97.6220703125
51.5483551,-107.9052734375,-75.1220703125,95.4248046875
51.5683298,-107.9541015625,-75.4638671875,93.8134765625
51.6055205,-107.6123046875,-74.8779296875,91.7138671875
51.6243321,-107.7587890625,-75.1220703125,89.8095703125
51.6606669,-106.5380859375,-75.7080078125,88.1005859375
51.6807151,-104.5849609375,-75.9033203125,86.2939453125
51.7160343,-103.0224609375,-75.1708984375,84.1943359375
51.7441185,-102.2412109375,-75.8544921875,82.1923828125
51.7820486,-102.3388671875,-75.3662109375,80.5322265625
51.8043091,-101.4599609375,-75.6103515625,77.9443359375
51.8483875,-101.2646484375,-75.7080078125,75.5517578125
51.8682028,-100.8251953125,-76.1474609375,72.8662109375
51.9119952,-100.8740234375,-75.7568359375,70.7177734375
51.9325219,-101.4599609375,-76.1962890625,68.9111328125
51.953237,-101.4111328125,-76.5380859375,65.6396484375
51.9927744,-101.3134765625,-76.4892578125,63.1494140625
52.0125719,-100.8740234375,-76.9287109375,60.7080078125
52.0534735,-101.2646484375,-77.4658203125,59.5361328125
52.0728795,-101.6064453125,-77.2705078125,57.6318359375
52.108985,-101.4111328125,-77.7587890625,55.7763671875
52.1310704,-101.9482421875,-78.1982421875,53.2373046875
52.1702198,-103.0712890625,-78.5888671875,50.5029296875
52.1922765,-102.8759765625,-78.3935546875,47.6220703125
52.229356,-102.9248046875,-78.3935546875,44.9853515625
52.254433,-103.0224609375,-79.7119140625,45.2294921875
52.2923026,-103.7548828125,-79.7607421875,60.1708984375
52.3152834,-103.4619140625,-79.0283203125,80.0439453125
52.3524983,-103.9013671875,-77.9052734375,93.0322265625
52.3735762,-103.6083984375,-77.2216796875,99.3310546875
52.4145226,-104.1943359375,-76.4404296875,100.8447265625
52.4365579,-104.5849609375,-75.6591796875,101.6748046875
52.4754797,-104.7802734375,-74.9267578125,102.9931640625
52.5074134,-104.6826171875,-73.9501953125,105.8740234375
52.5221096,-105.4150390625,-73.7060546875,104.3603515625
52.5728863,-105.4150390625,-73.4619140625,102.0654296875
52.5939313,-105.9033203125,-73.7548828125,100.5029296875
52.6310361,-105.8056640625,-72.7294921875,101.9189453125
52.6523621,-106.2939453125,-72.5830078125,103.3349609375
52.6916097,-106.7822265625,-72.4365234375,102.6513671875
52.7103521,-106.8798828125,-72.5341796875,100.7958984375
52.7640456,-106.8798828125,-71.6552734375,97.7685546875
52.7948745,-106.9287109375,-72.2412109375,95.2783203125
52.7983601,-107.5634765625,-71.6552734375,92.5927734375
52.8357747,-107.4658203125,-72.3388671875,90.4931640625
52.8555572,-107.0751953125,-72.3388671875,88.2470703125
52.8937667,-105.8544921875,-72.0458984375,86.2451171875
52.9186031,-103.8525390625,-72.5341796875,84.5361328125
52.9556527,-102.1435546875,-71.9970703125,81.6064453125
52.9789174,-101.3623046875,-72.8271484375,79.5556640625
53.0171285,-100.5322265625,-72.3388671875,77.5537109375
53.0377917,-100.1904296875,-72.7294921875,75.4541015625
53.078026,-99.6044921875,-73.0224609375,72.6708984375
53.0979883,-99.0673828125,-72.5830078125,69.7900390625
53.1340242,-99.1162109375,-73.3642578125,65.9326171875
53.15809,-99.2626953125,-72.6806640625,63.5888671875
53.195202,-99.0673828125,-73.4619140625,60.6103515625
53.2151975,-99.4580078125,-73.7060546875,58.2177734375
53.2512612,-99.4091796875,-73.4619140625,55.5322265625
53.2792316,-99.4091796875,-74.1943359375,51.9677734375
53.3171808,-99.7021484375,-74.3896484375,50.9423828125
53.3390172,-100.0927734375,-74.8779296875,47.1337890625
53.3780068,-100.4833984375,-74.6337890625,45.2783203125
53.4010179,-100.2392578125,-75.5126953125,42.7392578125
53.4381055,-100.8740234375,-75.6103515625,39.8583984375
53.4600473,-101.1181640625,-75.6591796875,36.5869140625
53.5003507,-100.5810546875,-76.2451171875,33.3154296875
53.5200967,-101.5576171875,-76.4404296875,32.0947265625
53.557935,-101.5576171875,-77.2705078125,46.0107421875
53.5799687,-102.1435546875,-76.7333984375,69.6435546875
53.6151478,-102.6806640625,-75.3662109375,85.7568359375
53.6422183,-102.6318359375,-74.6826171875,94.3994140625
53.6804159,-102.7294921875,-73.8525390625,97.1337890625
53.7024345,-103.2177734375,-73.4619140625,97.5244140625
53.7426639,-103.2666015625,-73.3642578125,99.6240234375
53.761633,-103.6083984375,-72.4365234375,101.9677734375
53.7987213,-103.8037109375,-71.5576171875,101.9189453125
53.8228757,-104.3408203125,-71.1181640625,99.3798828125
53.8597253,-103.9013671875,-70.9716796875,97.2314453125
53.8797694,-103.9990234375,-70.8740234375,97.5732421875
53.9248116,-104.7314453125,-70.1416015625,98.6474609375
53.9448479,-104.8291015625,-69.9951171875,98.6962890625
53.9851401,-105.4150390625,-69.7998046875,96.6455078125
54.0035249,-105.5126953125,-69.7998046875,93.8134765625
54.0431116,-105.9033203125,-70.2392578125,90.1025390625
54.0683264,-106.0498046875,-70.1904296875,86.7822265625
54.1061946,-105.9521484375,-70.1416015625,83.5595703125
54.1253365,-106.0009765625,-70.1416015625,80.3857421875
54.1653145,-105.5126953125,-69.7998046875,77.9443359375
54.1841722,-103.4619140625,-70.0927734375,75.8447265625
54.2223555,-101.5087890625,-70.1416015625,72.6220703125
54.2442105,-100.4345703125,-70.1416015625,70.3759765625
54.2821754,-99.7509765625,-70.6787109375,68.1298828125
54.3052483,-98.8232421875,-70.5322265625,65.2490234375
54.342312,-98.7255859375,-70.6298828125,62.1240234375
54.3637488,-98.0419921875,-71.3134765625,59.0966796875
54.398635,-97.3095703125,-71.5576171875,56.0693359375
54.4256983,-97.6025390625,-71.3623046875,52.5048828125
54.462728,-98.3349609375,-72.0947265625,49.2822265625
54.4866015,-98.1396484375,-72.1923828125,46.8896484375
54.5226537,-98.3837890625,-72.4365234375,44.1064453125
54.5466201,-98.1884765625,-72.7294921875,41.0302734375
54.5817139,-98.1396484375,-73.1201171875,39.0283203125
54.6054117,-99.1650390625,-73.2666015625,37.0263671875
54.6410122,-98.6279296875,-73.9501953125,34.0478515625
54.6665049,-98.9697265625,-73.5107421875,31.2158203125
54.702624,-99.4580078125,-74.4384765625,28.4814453125
54.7297091,-100.4833984375,-74.2431640625,25.4052734375
54.7557149,-100.1416015625,-74.9267578125,25.1611328125
54.7946399,-100.4345703125,-75.6591796875,44.6435546875
54.8178371,-100.5810546875,-74.6826171875,66.5673828125
54.847901,-101.0205078125,-73.3642578125,81.8017578125
54.8848741,-100.9716796875,-72.9736328125,87.1240234375
54.9090168,-101.4111328125,-72.1435546875,87.3193359375
54.9350242,-101.9482421875,-71.8017578125,87.1728515625
54.974,-102.0947265625,-70.7275390625,87.4658203125
54.9970742,-102.2900390625,-69.8486328125,88.1494140625
55.0262666,-102.3876953125,-70.0439453125,85.6591796875
55.0664412,-102.6806640625,-69.4580078125,81.8994140625
55.0883068,-102.9736328125,-69.6533203125,81.4599609375
55.1262678,-102.8759765625,-69.2626953125,82.9248046875
55.1491982,-103.3154296875,-68.5791015625,84.0478515625
55.1777313,-103.6572265625,-68.7255859375,81.9482421875
55.2253817,-103.9501953125,-68.2861328125,79.7509765625
55.2384008,-104.4384765625,-68.3349609375,76.3330078125
55.2757234,-104.5361328125,-68.5791015625,73.2568359375
55.2992411,-104.5361328125,-68.6767578125,69.5947265625
55.3377226,-104.9267578125,-68.3349609375,65.9814453125
55.3586864,-105.0244140625,-69.1650390625,63.8818359375
55.41002,-104.4384765625,-68.2861328125,61.2451171875
55.4288477,-102.2900390625,-69.0673828125,58.6083984375
55.4650205,-100.5322265625,-68.6767578125,56.5576171875
55.4854307,-99.6533203125,-68.6767578125,54.9462890625
55.5098281,-98.7255859375,-68.9208984375,51.4794921875
55.5615603,-98.6767578125,-69.0673828125,49.2822265625
55.5693909,-97.9931640625,-69.3115234375,46.1572265625
55.6005904,-97.8955078125,-69.5556640625,42.6416015625
55.6336074,-97.6025390625,-69.7998046875,39.0283203125
55.6777648,-98.0419921875,-70.0439453125,36.4404296875
55.6985298,-97.8466796875,-70.4833984375,33.3154296875
55.7386846,-97.4560546875,-70.8251953125,30.6298828125
55.7585634,-98.2373046875,-70.5322265625,28.1396484375
55.7981482,-97.7001953125,-71.1181640625,25.5517578125
55.8330374,-98.4326171875,-71.5087890625,22.6708984375
55.8409305,-98.1396484375,-71.2646484375,19.3994140625
55.8731204,-98.7744140625,-72.5341796875,15.8349609375
55.9021906,-98.8232421875,-72.6806640625,14.5654296875
55.9316787,-99.6533203125,-73.1201171875,30.9716796875
55.979303,-100.2392578125,-72.8271484375,55.0927734375
55.9981046,-100.4833984375,-70.8251953125,72.1337890625
56.0234278,-100.5810546875,-70.9716796875,80.8251953125
56.0709423,-100.6298828125,-69.1162109375,81.9482421875
56.0901913,-100.6787109375,-69.2138671875,81.1181640625
56.1283078,-101.2158203125,-68.3837890625,81.8505859375
56.1490871,-101.5576171875,-67.6025390625,82.7294921875
56.1893167,-101.4111328125,-67.3095703125,81.2646484375
56.2093377,-101.9970703125,-67.7001953125,77.5048828125
56.2617124,-102.2900390625,-67.4072265625,75.3564453125
56.2821369,-102.3876953125,-66.7236328125,76.7724609375
56.3180013,-102.7294921875,-66.1865234375,77.7490234375
56.3250812,-103.1201171875,-66.3818359375,77.4560546875
56.3697511,-103.3154296875,-66.1865234375,75.0146484375
56.3886205,-103.8037109375,-66.9189453125,71.4013671875
56.4255166,-104.0966796875,-66.5771484375,67.7880859375
56.4454085,-104.0478515625,-66.7236328125,63.8818359375
56.4904763,-104.2919921875,-67.1142578125,61.3916015625
56.509612,-104.7314453125,-66.7724609375,57.9736328125
56.5613195,-104.8291015625,-67.0166015625,55.3857421875
56.5811613,-102.9248046875,-66.8212890625,53.1884765625
56.5942006,-100.5810546875,-67.8466796875,50.8447265625
56.6434467,-100.0439453125,-67.7978515625,47.8173828125
56.6623075,-99.2138671875,-68.3349609375,45.7177734375
56.7005369,-98.3837890625,-68.3837890625,43.1787109375
56.7195812,-98.2861328125,-68.9697265625,39.5654296875
56.754713,-98.3349609375,-68.9208984375,36.4404296875
56.7786432,-97.4072265625,-68.9697265625,33.5107421875
56.8198894,-97.2119140625,-69.5068359375,29.9462890625
56.8407875,-97.3095703125,-69.6533203125,26.7724609375
56.8787828,-97.6025390625,-69.4580078125,24.6240234375
56.9000772,-97.1142578125,-70.3857421875,21.2548828125
56.9368128,-97.3583984375,-70.9716796875,18.1298828125
56.9590001,-97.8955078125,-71.5087890625,16.1767578125
56.9950592,-98.1884765625,-71.5576171875,13.0029296875
57.0169079,-98.5791015625,-72.1435546875,11.7822265625
57.0701219,-99.0185546875,-73.0224609375,8.8037109375
57.087911,-99.5556640625,-72.2900390625,5.4345703125
57.1259814,-99.9951171875,-73.5595703125,2.5048828125
57.1447961,-100.0439453125,-74.2431640625,-1.3037109375
57.1812553,-100.2880859375,-74.6337890625,-4.7216796875
57.2011571,-100.2880859375,-74.4873046875,-0.6689453125
57.2362109,-101.3623046875,-74.8779296875,28.5791015625
57.2583835,-101.1669921875,-74.2431640625,52.9443359375
57.305038,-101.4599609375,-72.0947265625,66.5673828125
57.324999,-102.1923828125,-71.3134765625,72.4267578125
57.3671875,-101.9482421875,-71.3134765625,73.1591796875
57.3874334,-102.0947265625,-70.6787109375,73.4033203125
57.4292022,-102.7294921875,-70.2392578125,74.8681640625
57.4490551,-103.1201171875,-69.7509765625,76.3818359375
57.4912727,-103.6083984375,-69.7509765625,74.9658203125
57.5109943,-103.5595703125,-69.1162109375,71.9384765625
57.5480695,-103.7548828125,-69.4580078125,70.7666015625
57.5680613,-104.3408203125,-68.8232421875,72.3779296875
57.6198462,-104.5849609375,-69.0673828125,72.9150390625
57.6384027,-104.9755859375,-69.1162109375,72.4755859375
57.6516171,-105.7080078125,-69.1162109375,69.5947265625
57.6868325,-105.4638671875,-68.8232421875,66.2744140625
57.7138801,-105.8056640625,-69.2138671875,62.6611328125
57.7612898,-106.3916015625,-69.1650390625,59.8779296875
57.7818373,-106.2939453125,-69.5556640625,56.9970703125
57.8188918,-106.7822265625,-69.8486328125,54.5556640625
57.8389558,-106.3916015625,-69.7021484375,52.4560546875
57.8760375,-104.4384765625,-70.0927734375,49.5751953125
57.8970914,-102.3876953125,-70.2392578125,48.3056640625
57.9321351,-100.6298828125,-70.8740234375,45.6689453125
57.9543986,-100.3857421875,-70.6787109375,43.1787109375
57.9924439,-99.6533203125,-70.7275390625,40.3466796875
58.0166046,-98.8232421875,-71.1669921875,36.9775390625
58.0627919,-98.7255859375,-71.1181640625,33.7060546875
58.083291,-98.0419921875,-71.7041015625,30.8740234375
58.1210372,-97.9443359375,-71.3623046875,27.6513671875
58.1339414,-97.5048828125,-72.2900390625,24.8193359375
58.1728298,-97.8955078125,-73.1689453125,21.5966796875
58.2060048,-98.0908203125,-72.9736328125,18.8623046875
58.2532514,-98.0908203125,-74.0478515625,16.1767578125
58.2566378,-98.1884765625,-74.5849609375,13.7841796875
58.2872287,-98.4814453125,-74.6826171875,10.9033203125
58.3252225,-98.8232421875,-74.6337890625,8.5107421875
58.347246,-98.6767578125,-75.4638671875,6.2158203125
58.3842461,-99.5556640625,-75.7568359375,2.7001953125
58.4056472,-99.4091796875,-76.4404296875,-1.4013671875
58.442406,-99.2138671875,-76.6845703125,-4.3310546875
58.4688781,-100.2880859375,-77.4169921875,-6.1865234375
58.5065334,-99.9462890625,-77.8564453125,9.3896484375
58.5274998,-100.3369140625,-77.4169921875,38.1982421875
58.5695199,-101.0693359375,-76.4892578125,58.2177734375
58.5896522,-101.2646484375,-75.2685546875,68.5205078125
58.6266802,-101.3134765625,-75.1708984375,70.2783203125
58.6460633,-101.8017578125,-75.3173828125,69.8876953125
58.6848763,-101.8994140625,-74.8291015625,70.7177734375
58.7090233,-101.9970703125,-73.8525390625,72.3291015625
58.7472097,-102.4365234375,-74.0966796875,71.3037109375
58.7676372,-103.3154296875,-73.7548828125,68.3251953125
58.8064596,-102.8759765625,-73.6572265625,66.2744140625
58.8281607,-103.3642578125,-73.7060546875,66.9091796875
58.8672512,-103.7060546875,-73.9013671875,68.6669921875
58.8884793,-103.8037109375,-73.8037109375,68.2275390625
58.9226932,-104.3896484375,-73.5107421875,67.1044921875
58.9595832,-104.6337890625,-73.8037109375,63.4423828125
58.9806614,-105.1708984375,-73.5595703125,60.4150390625
59.0200834,-104.9267578125,-73.5107421875,56.8017578125
59.0412352,-105.1220703125,-74.2919921875,54.0673828125
59.0873077,-105.3173828125,-74.1943359375,50.9912109375
59.1084757,-105.4150390625,-74.5849609375,48.2568359375
59.1287427,-104.9755859375,-74.3408203125,46.4013671875
59.1805433,-102.9248046875,-75.0244140625,44.8876953125
59.2012436,-101.2646484375,-75.6591796875,42.6416015625
59.2205963,-99.6044921875,-75.4638671875,40.5908203125
59.2604841,-98.9697265625,-75.7080078125,37.1240234375
59.284468,-98.6279296875,-76.0498046875,34.3408203125
59.3233016,-97.9931640625,-76.1474609375,31.2646484375
59.3432508,-97.4072265625,-76.7822265625,27.7978515625
59.3793194,-97.0166015625,-76.8310546875,24.5751953125
59.4004135,-97.5048828125,-76.9287109375,21.3525390625
59.4519873,-97.4072265625,-76.9287109375,18.8134765625
59.4714545,-97.5048828125,-78.1982421875,16.4697265625
59.488135,-97.3095703125,-77.8564453125,13.4423828125
59.5256622,-97.5048828125,-78.4423828125,11.7333984375
59.5517244,-97.3583984375,-78.9794921875,10.3662109375
59.5947963,-97.8466796875,-79.2724609375,7.5830078125
59.6147285,-98.3837890625,-79.3701171875,4.5556640625
59.6537578,-98.5302734375,-80.1025390625,1.2841796875
59.6687325,-98.9697265625,-80.0537109375,-0.8642578125
59.7200266,-99.2138671875,-80.7861328125,4.8974609375
59.7399155,-99.0673828125,-80.8349609375,32.8271484375
59.765008,-99.2626953125,-80.0048828125,53.9208984375
59.805934,-100.0439453125,-78.7841796875,66.7626953125
59.8231453,-100.4345703125,-77.9541015625,69.3505859375
59.8619163,-100.4345703125,-77.3193359375,68.2275390625
59.8842974,-101.2646484375,-77.4658203125,67.2998046875
59.9200153,-100.9716796875,-77.3193359375,68.7158203125
59.9445242,-101.7041015625,-76.7822265625,68.2275390625
59.9800925,-101.9482421875,-76.4892578125,64.1748046875
60.0048988,-101.8994140625,-76.3916015625,61.7822265625
60.0444609,-102.7783203125,-76.8798828125,63.1982421875
60.0644725,-102.8759765625,-76.1962890625,65.3466796875
60.1004219,-103.0224609375,-76.8310546875,65.5908203125
60.1235994,-103.4619140625,-75.9521484375,64.6630859375
60.1556205,-103.5595703125,-76.0986328125,60.8544921875
60.1956645,-103.3154296875,-75.6103515625,58.3154296875
60.214433,-104.0966796875,-75.8056640625,55.0439453125
60.2437517,-104.0966796875,-75.8544921875,51.7724609375
60.2815328,-104.4873046875,-75.7080078125,48.8916015625
60.3064736,-104.4384765625,-75.9521484375,47.3291015625
60.333482,-105.1220703125,-76.1962890625,44.9365234375
60.3717131,-102.7783203125,-76.4404296875,42.9833984375
60.3946433,-101.4111328125,-76.2939453125,41.4697265625
60.4327914,-99.9462890625,-76.9775390625,39.8583984375
60.4579621,-98.6767578125,-76.9775390625,37.0263671875
60.4873835,-99.1650390625,-76.7822265625,34.0478515625
60.5197951,-97.8955078125,-77.2216796875,30.9228515625
60.5456726,-97.7978515625,-77.2705078125,28.3349609375
60.58527,-96.8701171875,-77.8076171875,25.0146484375
60.6092668,-97.5537109375,-77.9052734375,22.3779296875
60.6352481,-97.7978515625,-78.1005859375,19.7900390625
60.6743129,-97.0166015625,-77.8564453125,17.2998046875
60.7163369,-97.1630859375,-78.5888671875,14.7607421875
60.7362886,-97.5537109375,-78.6865234375,12.5146484375
60.7577601,-97.3583984375,-78.7841796875,9.9267578125
60.8075728,-98.5791015625,-79.6630859375,7.2412109375
60.8263255,-98.3349609375,-79.7119140625,4.4580078125
60.8633476,-98.6279296875,-79.6142578125,5.3369140625
60.8853888,-98.8232421875,-80.2490234375,27.8466796875
60.9083814,-98.7744140625,-79.2724609375,51.7236328125
60.9577441,-99.6533203125,-78.3447265625,67.4951171875
60.9774939,-99.6533203125,-77.5634765625,74.1357421875
60.9975831,-99.6044921875,-76.7822265625,75.1123046875
61.0468145,-100.3857421875,-76.8798828125,76.0400390625
61.0682087,-100.6787109375,-76.5869140625,77.3095703125
61.0932541,-100.5810546875,-75.3173828125,78.3349609375
61.1394073,-101.1181640625,-75.3173828125,76.5283203125
61.1597152,-101.6552734375,-74.9755859375,73.0126953125
61.2007716,-101.4111328125,-74.5361328125,72.5244140625
61.2199015,-101.6064453125,-74.0966796875,74.5263671875
61.2636643,-102.6318359375,-74.9755859375,74.7705078125
61.2836864,-102.3876953125,-74.0478515625,74.4287109375
61.3028719,-103.2177734375,-74.3408203125,72.3779296875
61.3306397,-103.0224609375,-74.1943359375,68.4228515625
61.3901345,-103.0712890625,-73.8525390625,65.2001953125
61.3940632,-103.8037109375,-74.6826171875,62.8076171875
61.4231476,-103.9501953125,-74.6337890625,59.8779296875
61.4519293,-104.3408203125,-74.6337890625,57.8271484375
61.4986286,-104.8291015625,-74.9267578125,55.6298828125
61.5184907,-103.8037109375,-74.2919921875,53.2861328125
61.5586717,-101.8994140625,-74.7802734375,51.0400390625
61.5775445,-101.0693359375,-74.6826171875,49.1357421875
61.6258693,-99.3603515625,-75.1708984375,46.9384765625
61.645723,-99.1162109375,-75.3173828125,43.6669921875
61.659132,-98.7744140625,-74.9755859375,41.0791015625
61.7110817,-98.6279296875,-75.2685546875,38.3447265625
61.7309584,-97.7490234375,-75.6591796875,35.3173828125
61.7691559,-97.9443359375,-75.5615234375,32.1435546875
61.7903929,-97.3095703125,-76.0498046875,29.3603515625
61.8323732,-97.9931640625,-75.9521484375,26.5771484375
61.8537356,-98.2861328125,-77.1728515625,24.0869140625
61.8965821,-98.0419921875,-76.6845703125,21.3525390625
61.9166318,-98.2373046875,-77.2216796875,19.3017578125
61.9367957,-98.3837890625,-76.7822265625,17.3974609375
61.9637254,-98.3837890625,-77.7099609375,15.2001953125
62.0057233,-99.0673828125,-78.0029296875,13.3447265625
62.0263503,-98.8720703125,-78.4423828125,8.4130859375
62.0683417,-99.5556640625,-78.8330078125,5.6298828125
62.0899879,-99.1650390625,-78.7353515625,3.8232421875
62.1289358,-100.0927734375,-79.7607421875,11.4892578125
62.1492318,-100.4345703125,-79.0771484375,40.2978515625
62.1923327,-100.3857421875,-78.8818359375,61.7333984375
62.2122038,-100.7763671875,-77.1240234375,75.2587890625
62.2482821,-100.7275390625,-76.3427734375,79.2138671875
62.2702724,-101.3134765625,-76.3916015625,79.8974609375
62.3083154,-101.5576171875,-75.0244140625,82.2412109375
62.3291722,-102.0458984375,-75.3173828125,83.9501953125
62.3651636,-102.2412109375,-74.3408203125,84.4873046875
62.3863165,-102.7294921875,-74.3408203125,81.7041015625
62.425653,-103.2177734375,-73.8525390625,79.0673828125
62.4454262,-103.2666015625,-73.6083984375,78.5302734375
62.4836191,-103.1689453125,-73.4130859375,80.4833984375
62.5099267,-103.6572265625,-73.0712890625,80.8251953125
62.5577485,-103.8525390625,-73.1689453125,79.1650390625
62.5897777,-104.3408203125,-73.2177734375,76.7236328125
62.5988986,-104.9267578125,-72.7783203125,72.9638671875
62.6387677,-104.6826171875,-73.2666015625,69.7412109375
62.6590967,-105.5126953125,-73.0224609375,67.3486328125
62.7005936,-105.5615234375,-73.4619140625,64.1748046875
62.7214953,-105.8056640625,-73.5107421875,62.1240234375
62.7646586,-105.7080078125,-73.6083984375,60.1708984375
62.785485,-105.1220703125,-73.9990234375,57.8759765625
62.8236939,-103.4130859375,-73.5595703125,55.3369140625
62.8445107,-101.4599609375,-74.4873046875,52.9931640625
62.8845183,-99.9462890625,-73.9990234375,50.3564453125
62.9035157,-99.7021484375,-74.0966796875,47.1826171875
62.9396424,-99.2626953125,-74.8779296875,43.9111328125
62.9608039,-98.6767578125,-75.0244140625,41.2255859375
62.997903,-97.5048828125,-75.4638671875,37.1728515625
63.0200315,-97.9443359375,-75.1708984375,35.4638671875
63.0661917,-98.5302734375,-75.9521484375,31.9970703125
63.0866357,-97.9443359375,-76.5869140625,29.6533203125
63.1257486,-97.8955078125,-76.4892578125,26.4794921875
63.1463265,-97.7001953125,-76.8798828125,24.0380859375
63.1813919,-98.0908203125,-77.5634765625,21.7919921875
63.2015638,-98.5302734375,-77.5634765625,19.3994140625
63.2396289,-98.7744140625,-78.4912109375,17.1533203125
63.2626301,-99.2138671875,-78.7841796875,13.3935546875
63.3036546,-99.6044921875,-78.5888671875,10.6591796875
63.3255185,-99.7509765625,-79.1748046875,6.8994140625
63.3635051,-100.2392578125,-79.8583984375,4.7021484375
63.3824565,-100.4833984375,-79.7119140625,8.8525390625
63.4215785,-100.6787109375,-80.9814453125,36.1474609375
63.4414999,-100.9716796875,-79.2724609375,58.8037109375
63.4815849,-101.6064453125,-78.1982421875,72.4267578125
63.5034817,-101.6064453125,-77.6611328125,76.4794921875
63.5426941,-101.8017578125,-77.7587890625,76.3818359375
63.5625543,-101.7041015625,-76.8310546875,76.9189453125
63.5988557,-102.7783203125,-76.8310546875,78.7255859375
63.6248646,-102.4365234375,-76.5869140625,79.0185546875
63.6617145,-103.3642578125,-75.6103515625,75.9912109375
63.6836733,-103.2177734375,-76.6357421875,72.8662109375
63.7164866,-104.0966796875,-75.7080078125,73.5986328125
63.751347,-103.6083984375,-75.7080078125,74.8193359375
63.772619,-103.7548828125,-75.2685546875,75.1123046875
63.8099482,-103.9990234375,-75.2197265625,74.3798828125
63.8341386,-104.3408203125,-75.3662109375,72.0361328125
63.8713799,-104.9755859375,-75.1708984375,68.1787109375
63.9037352,-105.1220703125,-74.8291015625,65.2490234375
63.9511837,-105.5126953125,-75.4150390625,62.3681640625
63.9720106,-106.0009765625,-75.4638671875,59.3408203125
63.9874064,-105.7080078125,-75.5615234375,57.4853515625
64.0261783,-106.1962890625,-76.0009765625,55.0439453125
64.0459683,-105.8544921875,-75.6591796875,53.0419921875
64.0851786,-104.1455078125,-76.2939453125,50.6494140625
64.1040355,-102.8759765625,-75.7080078125,48.9404296875
64.144121,-101.0205078125,-76.4892578125,46.6943359375
64.1662829,-100.3369140625,-77.0263671875,44.0087890625
64.2072405,-100.4833984375,-76.6845703125,41.1767578125
64.2294139,-99.3603515625,-76.6357421875,37.8076171875
64.2724808,-98.9697265625,-77.2705078125,34.6826171875
64.3014063,-98.9208984375,-76.9775390625,31.8994140625
64.3194199,-98.7744140625,-77.8564453125,29.1162109375
64.3584391,-99.0673828125,-78.1982421875,27.2119140625
64.3785132,-98.4814453125,-78.1494140625,24.3798828125
64.4173865,-98.6279296875,-78.3935546875,22.5244140625
64.4374631,-99.1162109375,-78.5400390625,19.9853515625
64.4744582,-99.1650390625,-78.7353515625,17.2998046875
64.5006373,-99.3603515625,-79.4189453125,13.8818359375
64.5365405,-99.9462890625,-80.0048828125,10.9033203125
64.5566279,-100.0439453125,-80.5419921875,9.7314453125
64.6051798,-100.5322265625,-80.9326171875,22.5244140625
64.6249315,-100.8740234375,-80.1025390625,49.1845703125
64.6669133,-101.2646484375,-78.6865234375,66.8115234375
64.6803201,-101.8017578125,-78.8330078125,76.3330078125
64.7149577,-101.8017578125,-77.9052734375,77.9443359375
64.7406411,-102.3876953125,-77.4169921875,78.2373046875
64.7946924,-102.4853515625,-76.8798828125,79.2138671875
64.8157554,-102.5830078125,-76.3427734375,80.3369140625
64.8320667,-102.7294921875,-76.1962890625,79.3603515625
64.871733,-103.0224609375,-76.2451171875,74.9658203125
64.8886539,-103.7060546875,-76.2451171875,73.0615234375
64.9267047,-103.8525390625,-76.0986328125,73.9404296875
64.9497269,-104.1455078125,-76.1474609375,75.8935546875
65.0001623,-104.1943359375,-75.6591796875,74.8681640625
65.0220365,-104.8291015625,-75.9033203125,73.1591796875
65.0390359,-105.3662109375,-75.4150390625,69.7900390625
65.0748719,-105.3173828125,-76.0986328125,65.7861328125
65.1029058,-105.7080078125,-76.2451171875,63.5400390625
65.1394318,-106.0498046875,-76.0498046875,60.1220703125
65.1631212,-106.0009765625,-76.3427734375,57.7783203125
65.2077949,-106.3916015625,-76.4404296875,55.2880859375
65.2267729,-106.7333984375,-76.8310546875,53.1884765625
65.2512283,-106.4404296875,-76.7333984375,51.4306640625
65.289738,-104.2919921875,-76.8798828125,48.8427734375
65.3159295,-103.0712890625,-76.8798828125,46.7919921875
65.3441277,-101.5576171875,-77.4169921875,44.4970703125
65.3717296,-100.8740234375,-77.7587890625,40.8837890625
65.4096711,-100.6787109375,-78.1494140625,37.4169921875
65.4327722,-100.5810546875,-78.1982421875,34.1943359375
65.4707452,-99.5068359375,-78.7841796875,31.3623046875
65.4937987,-99.5556640625,-78.9306640625,28.6279296875
65.5310084,-99.4091796875,-79.7607421875,25.6494140625
65.5498786,-99.8486328125,-79.4189453125,23.0126953125
65.5920542,-100.2880859375,-80.3466796875,20.2294921875
65.6120877,-99.7998046875,-80.7373046875,17.2021484375
65.6450849,-100.1904296875,-81.1279296875,15.2978515625
65.6760096,-100.1416015625,-81.7626953125,11.4892578125
65.7039905,-101.0205078125,-82.0068359375,10.4150390625
65.7363091,-100.7763671875,-82.5439453125,7.5341796875
65.7666021,-101.6552734375,-83.4716796875,4.3603515625
65.7923079,-101.7041015625,-83.2763671875,0.7958984375
65.8276142,-102.0458984375,-83.9599609375,-2.8173828125
65.860261,-102.1923828125,-83.8623046875,-5.4541015625
65.9043842,-103.0712890625,-84.7412109375,-1.7919921875
65.9256969,-103.2666015625,-84.6923828125,28.5302734375
65.9431342,-103.1689453125,-83.5693359375,53.4326171875
65.9840364,-103.5107421875,-82.9345703125,67.7392578125
66.0071636,-103.8037109375,-82.1044921875,72.3291015625
66.0331915,-103.8037109375,-82.3974609375,72.5244140625
66.0686127,-104.2919921875,-81.5673828125,71.8896484375
66.0971753,-105.1220703125,-80.8837890625,74.2822265625
66.1252344,-105.1220703125,-80.3955078125,74.5751953125
66.1742631,-105.6591796875,-80.3955078125,72.2802734375
66.1942198,-105.4638671875,-80.2490234375,68.4228515625
66.2373192,-105.6103515625,-80.5908203125,68.0322265625
66.258625,-105.9521484375,-80.6396484375,68.9599609375
66.2759376,-106.6357421875,-79.4189453125,69.6923828125
66.3098123,-106.1962890625,-80.2490234375,69.2041015625
66.3665606,-107.2705078125,-80.0048828125,65.5419921875
66.3704313,-107.3193359375,-80.3955078125,62.0751953125
66.4002309,-107.4658203125,-79.8583984375,58.1689453125
66.426887,-108.1005859375,-80.4443359375,55.1416015625
66.474037,-107.7587890625,-79.5654296875,53.2373046875
66.4940658,-108.1494140625,-80.1513671875,50.1611328125
66.537079,-108.1494140625,-80.5908203125,48.1103515625
66.5551211,-108.6865234375,-80.6396484375,45.3271484375
66.5923428,-107.7099609375,-80.3466796875,43.2275390625
66.611233,-105.6591796875,-80.9326171875,40.9326171875
66.6554213,-103.7548828125,-80.6396484375,38.8818359375
66.6692459,-102.9736328125,-81.3232421875,35.9033203125
66.7330554,-101.8994140625,-81.1279296875,31.7529296875
66.736698,-101.2158203125,-82.0556640625,28.6767578125
66.7644551,-101.3623046875,-81.9091796875,26.1865234375
66.8115714,-100.2392578125,-82.6904296875,22.1337890625
66.8313839,-100.8740234375,-82.1533203125,18.7646484375
66.8674518,-100.1904296875,-83.1787109375,16.5673828125
66.8873863,-100.1904296875,-83.2275390625,13.3447265625
66.9264056,-100.6787109375,-84.0576171875,10.4150390625
66.9475562,-100.3369140625,-84.0087890625,7.7783203125
66.9856983,-100.6298828125,-84.5458984375,5.2392578125
67.0048825,-101.1669921875,-84.8388671875,2.7490234375
67.0410833,-101.3623046875,-85.7666015625,0.1611328125
67.064373,-101.4599609375,-85.9130859375,-3.4521484375
67.1099498,-102.1923828125,-86.3037109375,-6.9677734375
67.1290796,-102.2900390625,-87.1337890625,-10.5322265625
67.1661327,-102.0458984375,-87.4267578125,-12.3388671875
67.1862795,-102.7783203125,-87.5244140625,5.5322265625
67.2254688,-102.6318359375,-87.8173828125,36.6357421875
67.2444516,-103.1201171875,-86.2060546875,55.1416015625
67.2886664,-103.5595703125,-85.3271484375,62.5634765625
67.3066463,-103.5107421875,-85.1318359375,63.7353515625
67.3436646,-104.2919921875,-85.0830078125,62.5634765625
67.3625311,-104.5361328125,-84.7412109375,62.7587890625
67.4148121,-104.3408203125,-84.9853515625,63.4912109375
67.4351503,-104.7802734375,-84.0576171875,62.0751953125
67.4711188,-105.3173828125,-84.1064453125,57.8271484375
67.4909593,-105.4638671875,-83.9111328125,56.2158203125
67.5301528,-105.4638671875,-83.5205078125,57.4365234375
67.5562017,-105.9521484375,-83.1298828125,59.1943359375
67.5934993,-105.6591796875,-83.6181640625,59.1455078125
67.6263188,-106.3427734375,-83.3740234375,56.7529296875
67.633902,-106.5869140625,-83.7646484375,53.3837890625
67.6821804,-106.6845703125,-83.6181640625,49.7216796875
67.7021453,-106.7333984375,-83.4228515625,46.0595703125
67.7392994,-107.0263671875,-83.3251953125,42.7880859375
67.7593387,-107.5634765625,-83.5693359375,40.6884765625
67.7953698,-107.5146484375,-83.7646484375,37.6123046875
67.8172874,-108.0029296875,-83.6181640625,36.4404296875
67.8565169,-107.6123046875,-83.4716796875,33.5107421875
67.8785908,-105.9521484375,-83.8623046875,31.8994140625
67.9208268,-103.9990234375,-83.6669921875,29.4091796875
67.9407723,-102.6806640625,-84.3017578125,26.8701171875
67.9776652,-102.1435546875,-84.6435546875,23.7939453125
67.9975767,-101.5087890625,-84.3994140625,20.2783203125
68.0357463,-100.7763671875,-84.3017578125,17.5439453125
68.0577281,-100.6298828125,-84.9365234375,13.9794921875
68.0976184,-99.9951171875,-85.2294921875,10.4150390625
68.1198398,-99.8974609375,-85.5712890625,8.3642578125
68.1607791,-100.3369140625,-85.6689453125,4.4091796875
68.1826252,-100.0927734375,-86.0107421875,2.3095703125
68.2219392,-99.5068359375,-85.9619140625,0.1123046875
68.2524775,-99.5556640625,-86.5966796875,-2.3291015625
68.2729509,-99.6044921875,-86.7919921875,-5.7958984375
68.3116297,-99.9951171875,-87.1826171875,-9.4091796875
68.3327669,-100.4345703125,-87.2802734375,-11.7041015625
68.3788107,-100.7763671875,-87.9150390625,-12.5341796875
68.397943,-101.3623046875,-88.1591796875,12.7099609375
68.4361573,-101.4111328125,-87.1337890625,38.3935546875
68.4552182,-101.2158203125,-85.9130859375,53.2373046875
68.4912931,-101.8017578125,-85.3759765625,58.2666015625
68.5112732,-101.9970703125,-85.0830078125,57.4365234375
68.5475636,-101.9970703125,-84.6923828125,56.1181640625
68.5715865,-102.6318359375,-84.1552734375,55.3857421875
68.6104487,-102.8759765625,-83.6669921875,54.8974609375
68.6305804,-103.3642578125,-83.2763671875,50.9423828125
68.6685258,-103.7548828125,-83.2275390625,47.4755859375
68.6956242,-103.6572265625,-82.6416015625,47.6220703125
68.7326342,-104.0478515625,-82.7880859375,50.0146484375
68.7525245,-103.9990234375,-81.9091796875,50.1123046875
68.8058378,-104.2919921875,-82.1044921875,49.0380859375
68.8244516,-104.5849609375,-81.8603515625,46.1083984375
68.8397262,-104.4873046875,-82.2998046875,41.8115234375
68.8786553,-105.2197265625,-81.8115234375,38.5400390625
68.9005529,-105.6591796875,-82.3486328125,35.0244140625
68.9426632,-105.9033203125,-82.0556640625,32.2900390625
68.9617581,-106.3427734375,-81.9580078125,30.0439453125
68.9998671,-106.3916015625,-82.5927734375,27.9443359375
69.0255721,-106.7822265625,-82.2021484375,24.7705078125
69.0777413,-107.0751953125,-82.3486328125,22.8173828125
69.0975977,-105.1708984375,-82.8369140625,21.7431640625
69.1106494,-103.4619140625,-82.9345703125,19.3994140625
69.1537906,-102.3388671875,-82.7880859375,16.7626953125
69.1738042,-101.7529296875,-82.7880859375,13.7841796875
69.2090127,-101.1181640625,-83.1787109375,10.3173828125
69.2333419,-101.0205078125,-84.1552734375,6.8505859375
69.2699709,-100.2880859375,-83.9111328125,3.7255859375
69.2952609,-99.8486328125,-83.7646484375,1.1376953125
69.348293,-100.2392578125,-83.9111328125,-1.5966796875
69.381174,-99.7509765625,-84.5458984375,-4.1357421875
69.3845152,-99.8974609375,-84.4970703125,-7.0166015625
69.4223013,-99.8974609375,-85.3759765625,-8.5302734375
69.4477391,-99.5556640625,-85.1806640625,-11.1669921875
69.4852027,-100.4345703125,-84.9853515625,-12.8271484375
69.5041475,-100.0927734375,-85.4248046875,-15.8056640625
69.5433266,-100.0439453125,-85.1318359375,-19.0771484375
69.5633072,-101.3623046875,-85.9130859375,-23.0322265625
69.6053614,-101.0693359375,-86.4013671875,-26.2548828125
69.6253232,-101.8017578125,-86.8896484375,-21.4208984375
69.6633836,-101.2158203125,-87.0849609375,11.3916015625
69.683121,-102.0947265625,-85.4736328125,36.8798828125
69.727518,-102.2900390625,-83.8623046875,49.9658203125
69.7464223,-102.7294921875,-83.9111328125,53.9697265625
69.7855527,-102.8271484375,-83.2763671875,54.4091796875
69.804542,-103.5595703125,-83.1787109375,53.8720703125
69.8445865,-103.8525390625,-81.6650390625,55.4345703125
69.8674768,-103.5107421875,-81.4208984375,56.0693359375
69.906658,-103.8525390625,-81.1279296875,54.3115234375
69.9286635,-104.3896484375,-80.1025390625,50.1611328125
69.9658498,-104.2919921875,-79.7607421875,50.6494140625
69.9857145,-104.6337890625,-79.7607421875,52.3583984375
70.0258796,-105.1708984375,-79.6630859375,52.7490234375
70.0479546,-105.1220703125,-79.7607421875,52.7490234375
70.0850274,-105.6591796875,-79.6630859375,50.4541015625
70.1114218,-105.6591796875,-79.5654296875,46.6943359375
70.1758156,-105.7080078125,-79.2236328125,42.4462890625
70.1791796,-105.8056640625,-79.2724609375,39.9560546875
70.2002459,-105.8544921875,-79.8583984375,37.5634765625
70.2392212,-106.8310546875,-79.8095703125,35.0732421875
70.2598554,-106.9287109375,-80.2490234375,33.3642578125
70.2980274,-106.9775390625,-80.0048828125,31.5576171875
70.3188683,-107.1240234375,-80.3955078125,29.1650390625
70.3646962,-105.7080078125,-80.6396484375,27.1630859375
70.3814092,-103.7548828125,-80.7861328125,24.8193359375
70.4094715,-102.0458984375,-80.4443359375,22.1337890625
70.4578156,-100.9228515625,-81.4697265625,18.9111328125
70.4776364,-100.8740234375,-81.0302734375,16.6162109375
70.4995862,-100.4345703125,-81.2744140625,12.9541015625
70.5396511,-99.9462890625,-81.4697265625,10.0732421875
70.5658924,-98.9208984375,-82.4951171875,7.3876953125
70.589681,-98.9208984375,-82.1533203125,4.7021484375
70.6318394,-99.4091796875,-82.6904296875,2.0166015625
70.6516747,-98.8720703125,-82.6416015625,-0.2294921875
70.6906773,-98.8720703125,-83.2275390625,-2.3291015625
70.710651,-99.3603515625,-83.6181640625,-3.9892578125
70.7498613,-99.0673828125,-83.1787109375,-7.3095703125
70.7758807,-99.7509765625,-84.0087890625,-9.8486328125
70.8029862,-99.9951171875,-84.6435546875,-13.5595703125
70.8398737,-100.1416015625,-84.7900390625,-16.0009765625
70.8638536,-100.5810546875,-85.1318359375,-13.9501953125
70.9018659,-100.9228515625,-85.7177734375,13.3935546875
70.9208821,-101.2158203125,-84.5947265625,37.7587890625
70.9539568,-101.3623046875,-83.3251953125,51.6748046875
70.9841412,-101.6552734375,-82.9345703125,57.6318359375
71.0272039,-101.6552734375,-82.2021484375,57.6806640625
71.0420248,-101.7529296875,-81.8603515625,57.5830078125
71.0729772,-102.2900390625,-81.0302734375,58.9013671875
71.1039881,-102.6806640625,-81.1767578125,60.2685546875
71.1340786,-103.4619140625,-80.1513671875,57.9248046875
71.1630968,-103.3154296875,-81.1767578125,54.2138671875
71.1940679,-103.4130859375,-80.7373046875,54.3115234375
71.2231654,-103.5107421875,-80.4443359375,55.9228515625
71.2542079,-104.0966796875,-80.7373046875,57.0947265625
71.2850762,-103.9990234375,-80.2001953125,56.2646484375
71.3143437,-103.9013671875,-80.4931640625,53.8720703125
71.3467534,-104.7314453125,-80.7373046875,51.1865234375
71.3773923,-104.4873046875,-80.7373046875,48.5498046875
71.4025676,-105.0732421875,-81.0302734375,45.4248046875
71.4363282,-105.7080078125,-81.1767578125,43.6181640625
71.4644127,-105.5615234375,-81.4208984375,41.6162109375
71.4954294,-106.0986328125,-81.1767578125,40.2490234375
71.5252356,-106.0009765625,-82.1044921875,37.7099609375
71.5564274,-105.9521484375,-82.1533203125,36.6357421875
71.6054759,-105.0732421875,-82.1044921875,34.5361328125
71.6272689,-103.2177734375,-81.6650390625,32.6318359375
71.645322,-101.3134765625,-82.5927734375,30.0439453125
71.6733483,-100.3857421875,-82.2509765625,27.7978515625
71.7244779,-99.8974609375,-83.0322265625,24.8681640625
71.7445592,-98.9208984375,-83.2275390625,21.6943359375
71.7807549,-98.7255859375,-83.6669921875,19.3994140625
71.8018302,-98.1884765625,-83.5693359375,16.9091796875
71.8516589,-97.7490234375,-83.8134765625,14.0283203125
71.8715107,-97.8466796875,-84.6923828125,12.4169921875
71.8859112,-98.0908203125,-84.1064453125,10.3662109375
71.9224548,-98.0908203125,-85.0341796875,8.5107421875
71.9627453,-98.8232421875,-84.9853515625,6.4599609375
71.9837579,-98.2861328125,-85.3759765625,3.2861328125
72.0414798,-98.2861328125,-86.0107421875,0.5029296875
72.0449495,-98.5302734375,-85.9130859375,-2.3779296875
72.0669935,-98.8720703125,-86.1572265625,-3.4521484375
72.116141,-99.2138671875,-88.1103515625,10.6591796875
72.1289392,-99.4580078125,-87.1337890625,37.7587890625
72.1741493,-100.0439453125,-85.7666015625,55.2392578125
72.1971843,-100.1416015625,-85.0830078125,63.7841796875
72.2194093,-100.3857421875,-84.4482421875,65.7373046875
72.2524918,-100.5322265625,-84.1552734375,65.7861328125
72.2935346,-100.6787109375,-84.1064453125,67.0556640625
72.3139169,-100.7275390625,-83.5693359375,68.4228515625
72.3494101,-101.5087890625,-83.7158203125,65.9326171875
72.3801493,-101.5087890625,-84.1552734375,62.5634765625
72.399264,-101.8994140625,-83.3251953125,61.5869140625
72.4329706,-102.0947265625,-82.9833984375,63.0517578125
72.4609482,-102.0458984375,-83.3740234375,64.1748046875
72.505961,-102.3388671875,-83.5205078125,64.9560546875
72.5259099,-102.5341796875,-83.6669921875,62.2216796875
72.5651573,-103.0712890625,-83.3740234375,59.3408203125
72.5853152,-103.1689453125,-83.3740234375,55.8251953125
72.6239816,-103.3154296875,-84.0087890625,53.3349609375
72.6440673,-103.9501953125,-83.7158203125,50.9423828125
72.6863975,-103.9501953125,-84.3017578125,48.5986328125
72.7068585,-103.9013671875,-83.6669921875,47.3779296875
72.7444768,-103.9013671875,-84.8388671875,44.7412109375
72.7646308,-105.0244140625,-84.8388671875,42.6416015625
72.8016853,-104.5849609375,-84.6923828125,40.1025390625
72.8218293,-103.7548828125,-85.3759765625,38.6865234375
72.8638016,-101.1181640625,-85.6689453125,36.6357421875
72.8836668,-100.3369140625,-86.4990234375,33.7060546875
72.9227828,-99.3603515625,-86.1083984375,31.1669921875
72.9417161,-98.5302734375,-86.5478515625,28.4326171875
72.986642,-98.5302734375,-86.6455078125,25.6005859375
73.0064969,-97.3583984375,-86.7919921875,22.8173828125
73.0456964,-97.2607421875,-87.2314453125,20.7666015625
73.0669803,-97.9443359375,-87.7685546875,18.1787109375
73.1154124,-97.4560546875,-87.0849609375,15.5419921875
73.1353427,-98.1884765625,-88.2568359375,13.7353515625
73.1559946,-98.1884765625,-88.3056640625,11.8310546875
73.1920849,-98.7255859375,-88.4521484375,9.6337890625
73.2120044,-98.2373046875,-88.7451171875,6.9970703125
73.2572269,-98.4326171875,-89.3310546875,3.9208984375
73.2781772,-98.7744140625,-89.9169921875,0.3076171875
73.3211961,-99.1162109375,-89.9169921875,-1.5478515625
73.3412035,-99.4091796875,-90.4052734375,1.8212890625
73.3773017,-99.5556640625,-91.0400390625,28.8232421875
73.3971635,-100.4345703125,-90.0634765625,51.5283203125
73.4355878,-100.1416015625,-89.1357421875,66.1767578125
73.4554258,-100.1416015625,-88.6962890625,71.5478515625
73.4926289,-100.7763671875,-88.2080078125,72.9638671875
73.5166213,-100.8251953125,-88.1103515625,74.5751953125
73.5598564,-101.6064453125,-87.5244140625,76.8701171875
73.5813808,-101.9970703125,-87.5244140625,78.3349609375
73.6197518,-102.0458984375,-86.8408203125,75.7958984375
73.6407983,-102.1435546875,-86.5966796875,72.7197265625
73.6875249,-102.7294921875,-86.2548828125,72.3291015625
73.7074613,-102.6318359375,-86.6455078125,73.9404296875
73.7435941,-103.6083984375,-86.0595703125,73.9404296875
73.7635015,-103.6572265625,-86.2060546875,73.4521484375
73.8140517,-103.7060546875,-86.2548828125,69.8388671875
73.8338044,-104.1455078125,-86.6943359375,66.6162109375
73.849887,-104.1943359375,-86.3525390625,64.4677734375
73.8892744,-104.5849609375,-86.3037109375,60.9033203125
73.9080992,-104.9267578125,-86.8408203125,57.7783203125
73.9489002,-105.2197265625,-87.0361328125,55.6298828125
73.9689698,-105.2197265625,-86.7919921875,53.2373046875
74.0182274,-105.6103515625,-87.1826171875,52.2119140625
74.0486114,-105.4638671875,-87.1826171875,48.8916015625
74.0587682,-105.5126953125,-87.5732421875,47.0361328125
74.102893,-103.3154296875,-87.6708984375,45.0341796875
74.1217613,-101.7529296875,-87.9150390625,41.4697265625
74.1589422,-100.5322265625,-88.3544921875,38.1982421875
74.1799793,-100.5322265625,-88.4521484375,35.6103515625
74.2221968,-99.8486328125,-88.7939453125,32.6806640625
74.2421986,-98.8232421875,-89.0380859375,29.4580078125
74.2810727,-98.2373046875,-89.7705078125,26.7724609375
74.3021359,-97.8466796875,-90.1611328125,24.2822265625
74.3390438,-97.7490234375,-90.2099609375,21.4501953125
74.3600942,-97.7978515625,-90.1123046875,18.2763671875
74.4022899,-98.2861328125,-90.3564453125,16.1279296875
74.422425,-98.2373046875,-91.0400390625,13.4423828125
74.4602831,-97.7490234375,-91.4306640625,12.1728515625
74.4802412,-98.0419921875,-91.5771484375,8.8037109375
74.5242814,-98.7255859375,-92.0166015625,5.6298828125
74.5451784,-99.2138671875,-92.8955078125,2.2119140625
74.5853551,-99.1162109375,-92.7490234375,-1.5478515625
74.6073569,-99.5068359375,-93.5302734375,-1.9384765625
74.6455024,-99.7998046875,-94.3603515625,20.1318359375
74.6644609,-100.0927734375,-93.2861328125,46.0107421875
74.7012366,-100.3857421875,-91.6259765625,63.0517578125
74.7247014,-100.1416015625,-90.9912109375,70.4736328125
74.7629998,-101.3134765625,-90.6005859375,71.4990234375
74.7829323,-100.9716796875,-90.4052734375,72.5732421875
74.8260475,-100.9716796875,-90.1123046875,73.8427734375
74.8457967,-101.0693359375,-89.7705078125,76.2841796875
74.8869988,-101.5576171875,-89.3310546875,73.7939453125
74.9059133,-101.6552734375,-89.4287109375,69.9365234375
74.9499821,-101.8505859375,-89.3798828125,69.2529296875
74.9700564,-102.3876953125,-89.2333984375,69.7900390625
75.0072256,-102.2412109375,-88.7451171875,71.0107421875
75.0272611,-102.2900390625,-88.5498046875,70.2294921875
75.0650341,-103.0224609375,-88.6962890625,67.8369140625
75.0849925,-103.4130859375,-88.3544921875,65.2001953125
75.1279877,-103.5595703125,-88.4521484375,61.7333984375
75.148166,-103.7060546875,-87.9638671875,58.7060546875
75.1881058,-103.5107421875,-88.2568359375,56.2646484375
75.2177676,-103.8037109375,-88.2080078125,53.5302734375
75.2362259,-103.6083984375,-88.1103515625,51.0400390625
75.2752252,-103.9990234375,-88.3056640625,49.1357421875
75.2952115,-104.7314453125,-88.4521484375,46.4990234375
75.345411,-104.6337890625,-87.9150390625,44.7412109375
75.3541885,-103.5107421875,-88.7939453125,42.1044921875
75.3983098,-101.7041015625,-88.5986328125,39.4189453125
75.4182044,-100.4345703125,-88.9892578125,36.5380859375
75.44764,-98.8720703125,-88.4033203125,33.4130859375
75.4884948,-98.9208984375,-88.7451171875,29.7998046875
75.5094957,-98.3349609375,-88.8916015625,26.3330078125
75.5475126,-97.5537109375,-89.8193359375,23.7939453125
75.5696523,-97.3583984375,-89.5263671875,21.3525390625
75.6086569,-96.9189453125,-89.7216796875,19.3017578125
75.625508,-96.8701171875,-90.0146484375,16.3232421875
75.6686319,-96.9677734375,-89.7705078125,14.0771484375
75.6874393,-97.0654296875,-90.6982421875,10.8056640625
75.7175909,-97.3095703125,-90.4052734375,6.9970703125
75.7605866,-96.6748046875,-90.3076171875,4.2626953125
75.7766879,-96.7724609375,-90.9912109375,2.3583984375
75.8095749,-97.4560546875,-90.6982421875,16.5673828125
75.8467348,-98.1396484375,-90.0146484375,43.6181640625
75.8664743,-97.8466796875,-89.1845703125,61.3427734375
75.901594,-98.0419921875,-88.2568359375,70.8154296875
75.9376238,-98.1884765625,-88.1591796875,72.1826171875
75.958608,-98.4326171875,-86.9384765625,71.9873046875
75.9905645,-98.5302734375,-87.2802734375,72.2802734375
76.0208505,-99.0673828125,-85.9130859375,73.3544921875
76.0587063,-99.3603515625,-85.5224609375,71.3037109375
76.0816687,-99.7509765625,-85.1318359375,66.7626953125
76.1206419,-99.7998046875,-85.1318359375,64.7607421875
76.141272,-100.3369140625,-84.3994140625,66.6650390625
76.1713008,-100.7763671875,-84.3505859375,67.2998046875
76.2196083,-100.1904296875,-83.9111328125,66.7626953125
76.2395456,-100.6787109375,-83.5693359375,63.9794921875
76.2600304,-101.3623046875,-84.2529296875,61.3427734375
76.290431,-101.6064453125,-83.6181640625,57.3876953125
76.3233566,-101.8994140625,-83.9111328125,53.6279296875
76.3525079,-102.0947265625,-83.9599609375,50.3564453125
76.3804407,-101.8994140625,-84.2041015625,47.9638671875
76.4133397,-102.7783203125,-84.0087890625,46.1572265625
76.4424311,-102.9248046875,-83.8134765625,42.5439453125
76.4905561,-103.1201171875,-84.0576171875,40.5908203125
76.5114129,-103.1689453125,-83.9599609375,38.7841796875
76.5487334,-103.4130859375,-84.3505859375,36.0498046875
76.5695387,-101.5576171875,-84.9365234375,34.3408203125
76.5927413,-99.7021484375,-84.6923828125,30.5322265625
76.6227519,-98.0419921875,-83.8623046875,26.9189453125
76.67177,-97.7001953125,-84.7900390625,23.3056640625
76.6925634,-97.1630859375,-85.1806640625,20.7177734375
76.7115682,-97.2607421875,-85.6689453125,16.9580078125
76.7617209,-97.0654296875,-85.4736328125,14.4189453125
76.7829227,-95.8935546875,-86.3525390625,11.3427734375
76.8211586,-96.5771484375,-85.9130859375,8.8037109375
76.8400675,-96.3330078125,-86.1083984375,6.1181640625
76.8640174,-95.9423828125,-86.7431640625,4.3115234375
76.8960031,-96.6259765625,-86.9873046875,2.3583984375
76.9295514,-96.4306640625,-87.3291015625,-0.6201171875
76.9530944,-96.8212890625,-87.3291015625,-3.8916015625
76.9849871,-96.9189453125,-87.5244140625,-7.5537109375
77.0312493,-96.8212890625,-88.2080078125,-11.2158203125
77.0520228,-97.1142578125,-88.7939453125,-10.6298828125
77.0931852,-97.7001953125,-88.4521484375,17.3486328125
77.1144558,-97.9931640625,-87.2802734375,44.6435546875
77.1526073,-98.4326171875,-85.7177734375,60.3173828125
77.1644049,-98.3349609375,-85.0830078125,67.6904296875
77.1955246,-98.6767578125,-84.4482421875,69.0087890625
77.2265587,-99.1650390625,-83.3251953125,69.4970703125
77.2566642,-99.9462890625,-82.9345703125,71.2548828125
77.302773,-100.0439453125,-82.1533203125,72.4267578125
77.3246799,-99.9951171875,-81.7138671875,70.9130859375
77.3621496,-100.6298828125,-81.0791015625,66.7626953125
77.3824976,-100.7763671875,-81.3232421875,65.5419921875
77.4373141,-100.4345703125,-80.4931640625,66.5185546875
77.4406763,-101.2646484375,-80.2490234375,67.2998046875
77.4825157,-101.2646484375,-79.7119140625,66.7626953125
77.4984366,-101.3623046875,-79.9560546875,64.5166015625
77.5260533,-101.7041015625,-79.4677734375,60.7080078125
77.5589372,-102.1923828125,-79.7607421875,56.8017578125
77.5890489,-102.4365234375,-79.1748046875,53.0908203125
77.6359613,-102.7294921875,-79.2236328125,50.4052734375
77.6497218,-103.0224609375,-79.6630859375,47.5244140625
77.6908954,-103.4130859375,-79.7607421875,44.4970703125
77.7097391,-103.5107421875,-79.5654296875,42.4951171875
77.7538962,-103.9501953125,-79.5166015625,39.6630859375
77.774671,-104.2431640625,-80.1025390625,38.1494140625
77.807499,-103.5107421875,-80.2978515625,34.6337890625
77.8284487,-101.8017578125,-80.5908203125,31.5576171875
77.8826536,-99.9462890625,-80.0048828125,27.8955078125
77.9118624,-98.6767578125,-81.1767578125,25.0634765625
77.9187983,-98.2373046875,-80.8837890625,21.2060546875
77.9616374,-97.4560546875,-80.8837890625,17.8369140625
77.9908635,-96.7724609375,-81.6162109375,14.9072265625
78.0269286,-95.5517578125,-82.1044921875,11.3427734375
78.0480907,-95.2587890625,-82.3974609375,8.2177734375
78.0861035,-95.8935546875,-82.6416015625,5.3857421875
78.1067304,-95.6005859375,-82.8369140625,3.3349609375
78.1433331,-96.0400390625,-83.0810546875,0.4541015625
78.1621157,-95.9912109375,-83.7646484375,-1.8896484375
78.2122401,-95.7958984375,-84.3017578125,-5.0146484375
78.2322534,-95.8935546875,-84.5947265625,-8.4814453125
78.2514775,-96.6748046875,-85.3759765625,-13.4130859375
78.2803207,-96.7236328125,-85.8154296875,-16.2451171875
78.3244769,-96.9677734375,-86.2060546875,-17.8564453125
78.3443059,-97.3583984375,-86.5478515625,4.7021484375
78.3825541,-97.4560546875,-84.2529296875,36.9287109375
78.4025318,-97.7001953125,-83.8623046875,55.0927734375
78.4497661,-97.8466796875,-82.2998046875,62.7587890625
78.4688374,-98.7255859375,-82.5927734375,63.5888671875
78.5109119,-98.3349609375,-81.8115234375,62.7587890625
78.5310688,-99.5556640625,-81.4697265625,63.5888671875
78.5691518,-98.9208984375,-81.6162109375,64.9560546875
78.5895658,-99.5068359375,-80.2490234375,62.2216796875
78.6261473,-99.7509765625,-80.6884765625,58.4130859375
78.6464066,-99.7998046875,-80.6396484375,56.5576171875
78.6862178,-100.3369140625,-80.3466796875,58.2177734375
78.7061305,-100.3369140625,-80.1025390625,59.4873046875
78.7647754,-101.0205078125,-79.4677734375,58.7548828125
78.768144,-101.4599609375,-79.8583984375,56.6064453125
78.7917772,-101.1181640625,-79.6630859375,53.8720703125
78.8354147,-101.8017578125,-79.9072265625,50.3076171875
78.8531715,-102.2412109375,-80.0537109375,46.4501953125
78.8964782,-102.1435546875,-80.4443359375,43.3251953125
78.9173047,-102.7783203125,-80.0537109375,40.8349609375
78.9544099,-102.7783203125,-80.6396484375,38.3935546875
78.9742938,-102.3876953125,-80.3466796875,36.0009765625
79.0194059,-103.0224609375,-81.2255859375,33.7060546875
79.0384856,-103.3154296875,-81.2744140625,32.0947265625
79.0818303,-103.2666015625,-81.3232421875,29.7021484375
79.1129036,-101.9970703125,-81.4697265625,27.4072265625
79.1266548,-99.4580078125,-81.6650390625,24.7216796875
79.1668866,-98.2373046875,-82.1044921875,21.1083984375
79.1923072,-97.1142578125,-82.0556640625,17.9833984375
79.2298566,-96.8701171875,-82.3486328125,15.5419921875
79.2498625,-96.0888671875,-83.2275390625,12.6123046875
79.2870231,-95.6982421875,-84.0087890625,11.0498046875
79.3078008,-95.3564453125,-83.9599609375,8.3154296875
79.3510151,-94.7705078125,-84.4970703125,5.5322265625
79.3734469,-94.8681640625,-84.2041015625,2.1142578125
79.4101146,-95.0634765625,-84.3505859375,-1.7919921875
79.4308824,-95.3564453125,-85.5224609375,-3.2568359375
79.4668949,-94.5751953125,-85.8154296875,6.1181640625
79.4868923,-94.8193359375,-85.1318359375,35.0244140625
79.5310526,-95.1123046875,-83.9599609375,53.7255859375
79.5511957,-95.2587890625,-83.4716796875,63.1982421875
79.5872859,-95.8935546875,-82.6904296875,64.7607421875
79.6110905,-95.7958984375,-82.8369140625,63.3935546875
79.649215,-96.3818359375,-82.1533203125,63.2470703125
79.6691028,-96.1865234375,-81.4697265625,64.0771484375
79.7142103,-96.5283203125,-82.0068359375,61.5380859375
79.735261,-96.8212890625,-81.4697265625,56.8994140625
79.7589029,-97.2119140625,-81.7138671875,56.0205078125
79.7903658,-97.5048828125,-81.1279296875,57.3388671875
79.8386521,-97.3583984375,-81.5673828125,58.8525390625
79.8583362,-97.8955078125,-81.5185546875,58.5595703125
79.8937566,-97.9443359375,-81.3720703125,56.1181640625
79.9127736,-98.4326171875,-82.3486328125,53.0419921875
79.9536406,-98.4326171875,-82.0556640625,48.9404296875
79.9745648,-98.9697265625,-82.1533203125,45.9619140625
80.0138457,-99.3603515625,-82.2998046875,43.5693359375
80.0336434,-99.4580078125,-82.7392578125,40.3955078125
80.0746917,-99.5068359375,-82.7392578125,37.8564453125
80.0937087,-99.2138671875,-83.3251953125,35.6591796875
80.1328084,-99.7021484375,-83.5205078125,34.2919921875
80.1517245,-100.0927734375,-84.0576171875,32.0947265625
80.1928446,-100.3369140625,-83.7646484375,30.0927734375
80.2127824,-99.7998046875,-84.0576171875,27.9931640625
80.2674464,-98.1884765625,-85.0341796875,25.2099609375
80.2971811,-96.3818359375,-84.6435546875,22.3779296875
80.3020243,-95.6005859375,-84.9853515625,19.7900390625
80.3481997,-94.8681640625,-85.4736328125,16.6162109375
80.3630206,-94.4775390625,-85.8642578125,13.5888671875
80.4103304,-94.0869140625,-86.3525390625,10.4150390625
80.4311116,-93.7451171875,-86.3525390625,6.8994140625
80.4531057,-93.8427734375,-86.9873046875,4.3115234375
80.4961828,-93.5009765625,-86.3037109375,7.2900390625
80.5161202,-93.8916015625,-86.8408203125,30.9228515625
80.5515903,-93.7939453125,-85.3759765625,53.4814453125
80.5747281,-93.4033203125,-84.8388671875,67.2021484375
80.6195968,-93.1591796875,-84.4970703125,72.9638671875
80.6355436,-93.9892578125,-83.2275390625,75.1123046875
80.6614647,-94.1845703125,-83.0810546875,74.3310546875
80.7065347,-94.3798828125,-82.7880859375,77.3583984375
80.7277533,-94.6728515625,-82.1044921875,76.2841796875
80.7657809,-95.1123046875,-81.7626953125,72.2314453125
80.7867914,-95.2587890625,-81.8115234375,69.3017578125
80.8268517,-95.7958984375,-82.1044921875,69.8388671875
80.8445892,-95.7470703125,-82.4951171875,71.1083984375
80.8776827,-96.4306640625,-81.9091796875,71.5966796875
80.9167533,-96.9677734375,-82.2509765625,69.9853515625
80.9397333,-96.6259765625,-82.2021484375,66.6650390625
80.9828124,-97.1142578125,-82.3974609375,64.2236328125
80.9966947,-97.3095703125,-82.7392578125,60.8056640625
81.0249361,-97.6513671875,-82.2509765625,57.4365234375
81.0697437,-98.2373046875,-82.4951171875,54.7998046875
81.0869756,-98.4814453125,-82.8369140625,52.0654296875
81.1279377,-99.0185546875,-82.9833984375,49.5751953125
81.1468506,-98.8720703125,-83.5693359375,47.7685546875
81.176222,-99.0673828125,-83.5205078125,46.1572265625
81.2089892,-99.6044921875,-83.5205078125,43.5205078125
81.237811,-99.4580078125,-84.2041015625,41.5185546875
81.2668018,-98.1884765625,-84.6923828125,39.1259765625
81.2988438,-96.5283203125,-84.8388671875,35.3662109375
81.3258193,-94.6728515625,-85.0830078125,32.6318359375
81.3599667,-94.3310546875,-85.4248046875,29.3603515625
81.3889913,-94.0380859375,-86.0595703125,26.7236328125
81.41905,-93.5009765625,-85.9130859375,24.0869140625
81.4490088,-92.7197265625,-86.5478515625,22.2314453125
81.4788477,-92.5244140625,-86.4990234375,20.1806640625
81.5078778,-92.4755859375,-87.2802734375,17.7392578125
81.5388949,-92.7197265625,-87.5244140625,14.7607421875
81.5689864,-92.9150390625,-87.6708984375,11.6845703125
81.597089,-93.0615234375,-88.0615234375,7.8271484375
81.6319919,-93.0126953125,-88.7939453125,5.3369140625
81.6600972,-92.7197265625,-89.1845703125,6.0205078125
81.6920858,-93.5009765625,-89.1845703125,26.8701171875
81.7208946,-93.9892578125,-88.5986328125,54.1162109375
81.7490015,-94.0380859375,-87.2314453125,72.3291015625
81.7991583,-93.9892578125,-86.9873046875,81.8017578125
81.8189547,-94.3798828125,-86.7431640625,85.8544921875
81.8419398,-94.5263671875,-86.5966796875,88.9306640625
81.888075,-95.3564453125,-85.5712890625,92.8857421875
81.9080249,-95.0146484375,-85.4736328125,95.4736328125
81.9291509,-95.4541015625,-84.7412109375,94.5947265625
81.9783709,-96.5283203125,-84.0087890625,91.1279296875
81.998409,-96.0400390625,-84.1064453125,88.8818359375
82.0243871,-96.5771484375,-83.6181640625,89.8583984375
82.0530547,-96.7236328125,-83.3740234375,90.6884765625
82.0963405,-96.8212890625,-84.2529296875,89.8583984375
82.1173335,-97.0166015625,-84.2529296875,87.8076171875
82.163678,-97.2607421875,-83.8623046875,84.5849609375
82.1835661,-97.8466796875,-83.9599609375,81.0693359375
82.228324,-98.0419921875,-84.6435546875,77.3095703125
82.2482027,-98.2861328125,-84.7900390625,74.2333984375
82.2614569,-98.4326171875,-85.1318359375,71.4501953125
82.292806,-98.6767578125,-84.8876953125,69.2041015625
82.3234671,-98.9208984375,-84.6923828125,65.8837890625
82.3724106,-99.0673828125,-85.0341796875,63.0517578125
82.3924582,-99.9951171875,-85.3271484375,61.0986328125
82.428824,-99.7509765625,-86.0595703125,58.3154296875
82.4490231,-99.5068359375,-85.5712890625,55.4833984375
82.4746894,-97.4560546875,-86.3037109375,52.2119140625
82.5039229,-95.1123046875,-86.2060546875,49.3310546875
82.549828,-93.8916015625,-86.6943359375,45.8154296875
82.5687036,-93.4521484375,-86.9384765625,43.6181640625
82.5927935,-92.5244140625,-87.3779296875,39.7607421875
82.6250857,-91.9873046875,-87.7197265625,36.5869140625
82.6530348,-91.2060546875,-87.9150390625,34.2919921875
82.68703,-90.7666015625,-88.4033203125,32.0947265625
82.7225606,-90.8642578125,-89.3798828125,29.0673828125
82.7713232,-91.6455078125,-89.9169921875,26.3330078125
82.7912055,-91.2060546875,-89.4775390625,22.9638671875
82.8057845,-91.3525390625,-90.4541015625,20.0341796875
82.8543048,-91.4013671875,-90.6494140625,16.2255859375
82.8646087,-91.4501953125,-91.5771484375,14.3212890625
82.9075984,-92.1826171875,-91.4794921875,11.2451171875
82.9287133,-92.5732421875,-92.5048828125,8.7060546875
82.9738193,-92.9150390625,-92.7978515625,5.6787109375
82.9929578,-92.9638671875,-93.1884765625,3.4814453125
83.0361271,-93.0126953125,-93.8720703125,1.1865234375
83.0559973,-93.8427734375,-94.3115234375,-1.1083984375
83.0940616,-93.4521484375,-94.6044921875,-4.2333984375
83.1162596,-94.1845703125,-95.0439453125,-8.2861328125
83.1534165,-94.2333984375,-95.2392578125,-11.3134765625
83.1724503,-94.1845703125,-96.2158203125,-6.2841796875
83.2096579,-95.0634765625,-96.2646484375,28.0908203125
83.2304485,-95.3564453125,-95.6298828125,55.3857421875
83.2736203,-95.3564453125,-94.5068359375,70.6689453125
83.2925045,-95.7470703125,-93.8720703125,77.2119140625
83.3296622,-96.0400390625,-93.6279296875,79.7509765625
83.3506227,-96.4794921875,-93.5791015625,83.0712890625
83.3918164,-96.7724609375,-92.5048828125,86.1474609375
83.4139341,-96.8212890625,-92.1630859375,89.5166015625
83.464136,-97.7490234375,-91.6748046875,87.7587890625
83.4830048,-97.6513671875,-91.3818359375,82.8271484375
83.4993084,-97.3583984375,-91.5771484375,81.9970703125
83.5433629,-98.1396484375,-91.1376953125,83.6083984375
83.563341,-98.5791015625,-90.9423828125,84.2431640625
83.6014807,-98.7255859375,-91.2841796875,84.0966796875
83.6216272,-99.1650390625,-90.3564453125,80.7763671875
83.6656792,-99.4580078125,-90.5517578125,77.6513671875
83.6857652,-99.3603515625,-90.7958984375,75.0634765625
83.7326892,-99.5556640625,-90.5517578125,71.0595703125
83.7516724,-100.1904296875,-90.5517578125,68.3251953125
83.7868499,-99.8486328125,-91.0888671875,64.5166015625
83.8083872,-99.9951171875,-90.6494140625,62.5146484375
83.8478529,-100.5810546875,-91.0888671875,60.3662109375
83.8669077,-100.7275390625,-91.2841796875,57.3388671875
83.9070717,-100.7763671875,-90.6005859375,54.8486328125
83.9270263,-100.6298828125,-91.6748046875,51.8701171875
83.9651786,-99.8486328125,-91.5771484375,50.0146484375
83.9871239,-98.1396484375,-91.0888671875,46.4013671875
84.0353161,-96.3330078125,-91.9189453125,42.8369140625
84.0663466,-95.4052734375,-91.7724609375,39.3701171875
84.07126,-94.6728515625,-92.4072265625,36.9287109375
84.1296623,-93.5986328125,-92.7490234375,33.2666015625
84.1589295,-92.7197265625,-93.0908203125,31.0205078125
84.1623301,-91.8896484375,-93.1396484375,27.4072265625
84.207852,-91.7919921875,-93.4814453125,25.1611328125
84.2289563,-91.4990234375,-93.4814453125,22.7197265625
84.2660509,-92.0361328125,-93.7255859375,19.2529296875
84.3006072,-92.1826171875,-94.0185546875,17.2509765625
84.3122416,-91.7431640625,-94.6044921875,14.6630859375
84.3592728,-92.4267578125,-94.7021484375,13.3935546875
84.3783579,-92.0361328125,-95.4345703125,10.5615234375
84.4194759,-92.4267578125,-94.7509765625,7.5830078125
84.4405859,-92.9638671875,-95.2880859375,3.9208984375
84.4904541,-92.7197265625,-95.6298828125,0.0634765625
84.4939437,-93.2080078125,-96.0693359375,-2.7685546875
84.5547198,-93.5009765625,-96.6552734375,0.6494140625
84.5580368,-93.9404296875,-96.6552734375,30.3369140625
84.587883,-93.9404296875,-96.3623046875,56.2646484375
84.633534,-94.4775390625,-94.9951171875,70.5712890625
84.6546928,-94.6240234375,-94.3603515625,73.9404296875
84.6956971,-94.9169921875,-93.2861328125,74.9169921875
84.7064401,-95.0634765625,-93.0419921875,75.7470703125
84.749611,-95.5517578125,-92.4560546875,77.9443359375
84.7705053,-95.8935546875,-91.0400390625,78.3349609375
84.8219451,-95.8447265625,-90.9423828125,74.5751953125
84.8407412,-96.1376953125,-90.2587890625,71.4501953125
84.8576779,-96.0400390625,-90.2099609375,70.8642578125
84.8857792,-96.5283203125,-89.4775390625,72.7197265625
84.9180674,-96.7236328125,-89.6728515625,73.2568359375
84.9610848,-96.6748046875,-89.0380859375,72.4755859375
84.9810995,-96.5283203125,-88.8427734375,69.7412109375
85.0220689,-97.3095703125,-88.2568359375,65.4931640625
85.0410841,-97.6513671875,-88.8427734375,61.7822265625
85.0801183,-97.2119140625,-87.8173828125,59.1943359375
85.1000831,-97.7490234375,-88.5009765625,56.3134765625
85.1520958,-97.9931640625,-87.9638671875,53.8720703125
85.1727692,-98.7255859375,-87.6708984375,51.1865234375
85.189888,-98.2373046875,-88.2080078125,48.7939453125
85.2320676,-98.8232421875,-88.1103515625,46.5966796875
85.2533433,-99.0185546875,-87.6708984375,43.7646484375
85.2900997,-99.5068359375,-87.8173828125,41.8115234375
85.3106565,-99.1162109375,-87.9150390625,38.1982421875
85.354768,-97.7001953125,-87.9638671875,34.8779296875
85.3768718,-95.7470703125,-87.8173828125,31.5087890625
85.4126497,-94.9658203125,-88.3544921875,27.9443359375
85.4355224,-93.5986328125,-87.8662109375,25.2587890625
85.4730208,-93.0126953125,-88.0126953125,22.0849609375
85.4992281,-92.7685546875,-88.2080078125,18.8623046875
85.5191509,-91.7919921875,-88.5009765625,15.8349609375
85.577281,-91.6943359375,-88.6962890625,13.1494140625
85.5984666,-91.9384765625,-88.6962890625,10.4638671875
85.6112264,-91.5966796875,-89.3798828125,8.4619140625
85.6574806,-92.6708984375,-89.7216796875,5.4833984375
85.6735193,-91.9873046875,-89.6240234375,3.1884765625
85.7015608,-91.8896484375,-90.0634765625,1.1376953125
85.7527509,-92.2802734375,-90.0146484375,-3.4521484375
85.7716766,-92.5244140625,-90.4052734375,-7.0166015625
85.7890574,-92.1826171875,-90.1123046875,-10.1904296875
85.8214068,-93.3056640625,-91.7724609375,-9.0673828125
85.8537274,-93.0126953125,-91.0400390625,19.0576171875
85.8826285,-93.4033203125,-89.6240234375,48.8427734375
85.9287133,-93.7451171875,-88.1591796875,64.1748046875
85.9496767,-93.8916015625,-86.5966796875,70.8642578125
85.9757902,-94.0380859375,-86.1083984375,71.9384765625
86.0189685,-94.3798828125,-84.7900390625,73.4521484375
86.0306911,-94.2333984375,-84.3505859375,75.6494140625
86.0619277,-94.5263671875,-83.4228515625,77.3583984375
86.1119099,-94.4775390625,-83.3251953125,75.8935546875
86.1203289,-94.5263671875,-82.8369140625,71.6455078125
86.1558375,-95.1123046875,-82.7880859375,69.7900390625
86.1838952,-95.5517578125,-82.1044921875,70.5224609375
86.2117519,-95.6494140625,-81.7626953125,71.7919921875
86.2459737,-95.9912109375,-81.1279296875,71.3525390625
86.2748422,-96.3818359375,-80.8349609375,68.6181640625
86.3009849,-96.6259765625,-80.8837890625,65.5908203125
86.3358564,-96.7724609375,-81.7138671875,61.7333984375
86.3658045,-97.1142578125,-81.2255859375,58.8037109375
86.3918824,-97.2607421875,-81.2744140625,56.0693359375
86.4258712,-97.5048828125,-81.3232421875,53.6279296875
86.4719286,-98.1396484375,-81.0791015625,50.8935546875
86.48718,-98.1396484375,-81.1279296875,48.8427734375
86.5158933,-98.3349609375,-81.5673828125,47.0849609375
86.5438782,-98.3349609375,-81.4697265625,45.3759765625
86.5779664,-98.5302734375,-81.3720703125,41.6650390625
86.6073419,-98.4814453125,-81.4697265625,39.1259765625
86.6329606,-97.9931640625,-82.0068359375,35.7568359375
86.6680945,-95.5517578125,-81.8115234375,32.7294921875
86.6961412,-93.6962890625,-82.0556640625,29.6044921875
86.7251218,-93.0126953125,-82.6416015625,27.0654296875
86.7581249,-92.8173828125,-82.7392578125,23.7939453125
86.7851347,-91.8896484375,-83.2763671875,21.1083984375
86.8202658,-91.4013671875,-82.7880859375,18.4228515625
86.8481177,-90.8154296875,-83.5205078125,16.4208984375
86.8750983,-90.7177734375,-83.9599609375,13.1982421875
86.9090259,-91.0107421875,-85.0341796875,10.9033203125
86.9390574,-90.9130859375,-84.6435546875,8.6572265625
86.967003,-90.5712890625,-85.5224609375,6.1181640625
86.999218,-90.9619140625,-85.6201171875,4.3115234375
87.0281066,-90.6689453125,-86.1572265625,2.4072265625
87.0600879,-91.0595703125,-86.5478515625,-1.0595703125
87.0892631,-91.5478515625,-86.9873046875,-3.8427734375
87.119065,-91.4501953125,-86.9384765625,-7.4072265625
87.1472172,-91.4501953125,-87.7685546875,-9.1650390625
87.1803176,-92.4267578125,-87.7685546875,-6.4794921875
87.2085875,-92.3779296875,-88.0126953125,24.1845703125
87.2415611,-93.0615234375,-86.7431640625,48.2568359375
87.2692254,-93.4521484375,-85.4248046875,62.4658203125
87.2991333,-93.3056640625,-84.2529296875,66.5185546875
87.3301913,-93.7939453125,-83.8623046875,67.5927734375
87.3591347,-93.8916015625,-83.5693359375,69.9853515625
87.4133105,-94.2822265625,-82.6904296875,71.6943359375
87.4353946,-95.0634765625,-82.6904296875,73.9892578125
87.4487002,-95.5029296875,-81.1767578125,72.6708984375
87.4984009,-95.1611328125,-81.3720703125,69.6435546875
87.5093816,-95.4052734375,-80.6884765625,68.6669921875
87.5404768,-96.4794921875,-80.9814453125,69.0576171875
87.605276,-96.1376953125,-80.5908203125,71.1083984375
87.6085965,-96.3818359375,-80.4931640625,69.5458984375
87.6363336,-96.9189453125,-80.2001953125,67.5927734375
87.6613883,-96.5771484375,-80.8349609375,65.2490234375
87.6913569,-97.6513671875,-80.7861328125,62.3193359375
87.7416106,-97.7490234375,-80.8837890625,60.0244140625
87.7635594,-97.8466796875,-80.6884765625,57.3388671875
87.7804118,-98.7744140625,-80.9326171875,54.9462890625
87.8298943,-98.6279296875,-81.4208984375,53.2861328125
87.842645,-98.9208984375,-81.3720703125,51.3330078125
87.8716763,-99.6533203125,-81.9091796875,48.6962890625
87.9222263,-99.5068359375,-82.5927734375,46.9384765625
87.9538753,-99.7998046875,-82.6904296875,44.5458984375
87.9592259,-99.7998046875,-82.6416015625,41.7138671875
87.9959878,-99.0673828125,-83.9599609375,39.5166015625
88.0381669,-97.6025390625,-84.2529296875,36.3427734375
88.0561653,-95.6982421875,-84.2041015625,33.9013671875
88.099049,-94.7216796875,-85.0830078125,30.5322265625
88.1190596,-94.6728515625,-84.6435546875,27.6513671875
88.1592608,-93.4521484375,-85.5224609375,24.5751953125
88.1793287,-92.9150390625,-86.0107421875,22.6708984375
88.2162346,-92.1826171875,-86.3525390625,19.8876953125
88.2373637,-92.0361328125,-86.6943359375,17.1533203125
88.2845958,-92.0849609375,-87.7685546875,14.9072265625
88.3057383,-91.7431640625,-88.3056640625,12.2216796875
88.3414368,-92.6220703125,-88.3544921875,10.6103515625
88.3614395,-92.2802734375,-89.4287109375,7.8271484375
88.3987807,-92.4755859375,-89.6728515625,4.6533203125
88.4184366,-92.2314453125,-89.6240234375,1.6259765625
88.4626065,-92.8173828125,-90.6005859375,-2.3291015625
88.4827746,-93.4521484375,-91.2353515625,-4.2822265625
88.5198786,-93.3056640625,-92.0166015625,4.3115234375
88.5399912,-94.0869140625,-91.2841796875,34.6826171875
88.5819353,-94.2333984375,-90.6494140625,55.6298828125
88.6018333,-94.4287109375,-88.7939453125,66.3232421875
88.6521591,-94.6728515625,-89.4775390625,69.9853515625
88.6820222,-95.1611328125,-89.1845703125,70.1318359375
88.6855434,-95.5029296875,-89.2333984375,71.2548828125
88.7332263,-95.9912109375,-88.4033203125,72.8662109375
88.747251,-95.8935546875,-88.4521484375,73.4033203125
88.7942777,-96.9189453125,-88.3544921875,69.0576171875
88.8145946,-96.7236328125,-88.3056640625,66.5185546875
88.8533256,-96.6748046875,-88.2568359375,67.1533203125
88.8747126,-97.6513671875,-88.5986328125,67.9833984375
88.9105275,-98.0908203125,-88.7451171875,69.5947265625
88.93165,-97.7490234375,-88.4521484375,68.1787109375
88.97161,-98.3349609375,-88.7451171875,65.2001953125
88.9905724,-98.3837890625,-88.6962890625,62.5146484375
89.0474817,-98.6279296875,-89.0380859375,59.2431640625
89.0661846,-99.2138671875,-89.1357421875,56.5576171875
89.07819,-99.4580078125,-89.2822265625,54.4091796875
89.1081957,-99.4580078125,-90.1123046875,52.3095703125
89.1408382,-100.0439453125,-90.0634765625,51.0888671875
89.1710873,-100.1416015625,-90.5029296875,47.9150390625
89.2174349,-100.1416015625,-90.6494140625,47.0361328125
89.2383766,-100.3369140625,-91.2353515625,44.6923828125
89.2810191,-101.0205078125,-91.8212890625,42.2509765625
89.3010006,-101.1669921875,-91.9677734375,40.0537109375
89.3430807,-100.2392578125,-92.0166015625,36.8310546875
89.3631416,-98.1884765625,-92.2119140625,33.3642578125
89.3770245,-96.4306640625,-92.8466796875,30.8740234375
89.4294123,-95.4541015625,-92.7978515625,27.8466796875
89.4491971,-95.4052734375,-93.6279296875,24.8681640625
89.4902993,-94.9169921875,-93.5302734375,22.6708984375
89.5107857,-94.5751953125,-94.0673828125,20.8154296875
89.5291349,-93.8427734375,-94.5068359375,18.9111328125
89.5634095,-93.2568359375,-94.3115234375,16.3720703125
89.5909382,-93.1591796875,-94.9951171875,13.1005859375
89.6450712,-93.5986328125,-95.6787109375,10.1220703125
89.6649749,-93.2568359375,-96.2158203125,6.8017578125
89.6799289,-93.9892578125,-97.2900390625,4.6533203125
89.7282419,-93.8427734375,-97.4853515625,14.9072265625
89.7491633,-94.0869140625,-96.4111328125,42.2509765625
89.7724046,-94.3310546875,-95.2392578125,61.7822265625
89.8047481,-94.8193359375,-94.4091796875,70.0830078125
89.8536806,-94.8681640625,-94.3115234375,72.8662109375
89.8736336,-94.9658203125,-94.2138671875,70.8642578125
89.9096196,-95.1611328125,-93.2861328125,70.9619140625
89.9305547,-95.8447265625,-92.9931640625,70.7177734375
89.9676288,-96.1865234375,-93.0419921875,69.7412109375
89.9867794,-95.8447265625,-93.2861328125,65.8349609375
90.0128056,-96.4794921875,-93.4326171875,63.8330078125
90.041079,-97.1142578125,-93.5791015625,64.6630859375
90.0922227,-97.4072265625,-93.1884765625,65.6396484375
90.1181728,-97.5537109375,-92.9443359375,65.9814453125
90.1362512,-97.8466796875,-93.3349609375,63.6376953125
90.1652668,-98.3349609375,-93.2373046875,60.8544921875
90.2133039,-98.1396484375,-93.8720703125,57.7294921875
90.2347265,-98.7255859375,-93.5791015625,54.3603515625
90.2785348,-99.4091796875,-93.5302734375,51.0888671875
90.2965238,-99.0673828125,-93.7744140625,49.1357421875
90.3334646,-99.3115234375,-94.1162109375,47.4755859375
90.3534098,-100.0439453125,-94.5556640625,43.8623046875
90.4026817,-99.8974609375,-94.8974609375,41.7626953125
90.4229284,-100.0439453125,-95.1904296875,40.4443359375
90.4330885,-100.7763671875,-94.6044921875,37.7099609375
90.4803545,-101.3623046875,-95.4833984375,35.1708984375
90.501506,-101.3134765625,-95.2392578125,33.2666015625
90.5397431,-101.0205078125,-95.9228515625,30.0439453125
90.5628102,-99.3115234375,-95.5322265625,25.8935546875
90.6018901,-97.5048828125,-96.3623046875,24.0380859375
90.6196888,-96.7724609375,-96.5087890625,20.1318359375
90.6713786,-96.0400390625,-96.9482421875,16.9580078125
90.6933092,-95.6982421875,-96.7529296875,14.9560546875
90.7092575,-95.6494140625,-97.1923828125,12.4169921875
90.7675477,-95.8935546875,-97.9736328125,9.6826171875
90.7730913,-95.2099609375,-98.3642578125,7.2900390625
90.7990018,-95.5029296875,-98.4619140625,5.6298828125
90.8276606,-95.7958984375,-99.2431640625,2.7001953125
90.8755649,-95.5517578125,-99.7314453125,0.6005859375
90.8943987,-95.2099609375,-99.4873046875,-3.5498046875
90.9184298,-95.3076171875,-100.0732421875,-6.8701171875
90.9465329,-95.3564453125,-100.3662109375,-7.9931640625
90.9774911,-95.8935546875,-101.0986328125,14.2724609375
91.0086712,-96.6748046875,-99.9755859375,43.5205078125
91.0557471,-96.6748046875,-98.8037109375,60.8056640625
91.0757217,-97.0654296875,-98.0224609375,68.9111328125
91.1126316,-97.7490234375,-97.9736328125,70.3759765625
91.1315815,-97.1142578125,-97.1923828125,69.1552734375
91.175665,-98.1396484375,-96.6064453125,69.2041015625
91.1925843,-97.7978515625,-95.8251953125,71.4501953125
91.2196207,-98.1884765625,-95.4833984375,69.9365234375
91.2506804,-98.9208984375,-95.7275390625,65.8349609375
91.2766284,-98.6279296875,-94.9462890625,63.9306640625
91.326677,-99.4580078125,-95.3857421875,65.3955078125
91.3389045,-99.7998046875,-95.6298828125,66.9580078125
91.3748467,-99.6044921875,-94.9951171875,66.7626953125
91.4168746,-99.7998046875,-95.5322265625,64.6630859375
91.4298619,-100.6298828125,-95.3369140625,60.9033203125
91.4640487,-100.4833984375,-95.7275390625,57.0947265625
91.4907059,-101.4599609375,-95.0439453125,53.8232421875
91.5487615,-101.1669921875,-95.5810546875,51.0400390625
91.5528774,-101.5576171875,-95.4345703125,48.6474609375
91.5802184,-101.8994140625,-95.1416015625,46.0595703125
91.6092279,-101.9482421875,-95.0439453125,43.6669921875
91.6447682,-102.3876953125,-95.5810546875,41.8603515625
91.6707742,-102.3876953125,-95.4833984375,39.7119140625
91.7051196,-102.7294921875,-95.1416015625,37.4169921875
91.7340252,-102.8271484375,-96.0205078125,34.2919921875
91.7609184,-103.3154296875,-95.8251953125,32.2412109375
91.7960059,-102.5341796875,-96.3134765625,28.8232421875
91.822543,-100.7275390625,-96.2646484375,25.2099609375
91.8524036,-99.1162109375,-96.8017578125,21.8896484375
91.8858969,-98.0908203125,-96.9482421875,19.2529296875
91.9138694,-97.5048828125,-96.7529296875,15.8837890625
91.9458091,-97.2119140625,-97.6318359375,12.8564453125
91.9758632,-96.5771484375,-97.3388671875,10.2685546875
92.0040529,-96.0888671875,-98.6572265625,7.9736328125
92.0358667,-96.0888671875,-98.2666015625,5.0927734375
92.0658061,-96.2841796875,-98.7060546875,2.1142578125
92.0949061,-95.8935546875,-98.3642578125,0.0634765625
92.124909,-95.8447265625,-99.4873046875,-1.9384765625
92.1568207,-95.9423828125,-99.2919921875,-5.0146484375
92.1848825,-95.9912109375,-100.2197265625,-8.3837890625
92.2158416,-96.1376953125,-99.9267578125,-12.4853515625
92.2458697,-96.4306640625,-99.9267578125,-15.5615234375
92.2778798,-96.4306640625,-101.1962890625,-11.3623046875
92.30704,-97.2119140625,-101.0009765625,21.9384765625
92.3340277,-97.4560546875,-99.8291015625,47.2314453125
92.3679955,-97.4560546875,-98.8525390625,61.0498046875
92.3958494,-97.7001953125,-97.7783203125,65.8349609375
92.4260113,-98.2861328125,-97.9248046875,66.7138671875
92.458173,-98.9208984375,-97.2900390625,65.8349609375
92.4879754,-98.7255859375,-96.6552734375,66.6162109375
92.515971,-99.2138671875,-95.9228515625,67.2998046875
92.5511683,-99.6044921875,-96.3134765625,64.6142578125
92.5780283,-99.6533203125,-95.6298828125,61.2451171875
92.610122,-100.1416015625,-95.9228515625,59.2919921875
92.6400718,-100.3369140625,-95.4345703125,61.6845703125
92.6651648,-101.0693359375,-94.7509765625,61.5869140625
92.7150518,-101.2158203125,-94.9951171875,61.0498046875
92.7339799,-100.7763671875,-94.7998046875,58.3642578125
92.7766047,-101.9482421875,-94.5068359375,54.9951171875
92.7893046,-101.4599609375,-95.0439453125,51.0400390625
92.8185504,-101.9970703125,-94.9462890625,47.4755859375
92.8477386,-102.4853515625,-95.0927734375,45.2783203125
92.879604,-102.3876953125,-95.2392578125,42.2998046875
92.9104856,-102.6318359375,-95.1904296875,39.5654296875
92.9403528,-102.9248046875,-95.2880859375,37.3681640625
92.9703294,-102.9736328125,-95.3857421875,35.0244140625
92.9993982,-103.3642578125,-95.4833984375,32.4853515625
93.0621633,-103.8525390625,-96.3134765625,29.9951171875
93.0654569,-103.8525390625,-95.8251953125,27.4072265625
93.0873351,-103.6572265625,-96.8505859375,24.2822265625
93.1231523,-103.1689453125,-96.3623046875,20.9619140625
93.1675478,-101.0693359375,-96.9970703125,17.9833984375
93.1910851,-99.3115234375,-97.3388671875,14.1748046875
93.2373134,-98.6279296875,-97.9736328125,11.6357421875
93.2579616,-97.4072265625,-98.3642578125,7.8759765625
93.2730091,-97.7978515625,-98.0712890625,5.0927734375
93.301087,-97.3583984375,-98.2666015625,2.7490234375
93.3310984,-96.8212890625,-98.9990234375,0.0634765625
93.3783491,-96.5771484375,-99.1455078125,-2.6708984375
93.3972163,-96.5771484375,-99.5849609375,-5.0634765625
93.4191504,-96.1865234375,-99.7314453125,-7.8955078125
93.4523542,-96.0400390625,-100.1220703125,-10.3857421875
93.4822891,-95.8935546875,-100.3173828125,-13.6083984375
93.5293346,-95.9423828125,-100.6591796875,-17.2705078125
93.5408178,-96.3330078125,-101.0498046875,-20.4931640625
93.5757463,-96.3818359375,-101.7822265625,-20.5419921875
93.6206128,-96.9677734375,-102.0751953125,8.4619140625
93.6403288,-97.1630859375,-100.2685546875,37.6123046875
93.6785853,-97.6513671875,-99.4384765625,53.4326171875
93.6994922,-97.5048828125,-98.9990234375,58.2666015625
93.7376129,-97.7490234375,-98.3154296875,58.1201171875
93.7585561,-98.1884765625,-98.1201171875,56.2646484375
93.8008155,-97.7978515625,-97.2900390625,56.4599609375
93.8206668,-98.3349609375,-97.2412109375,57.6318359375
93.8608688,-98.3349609375,-96.8994140625,54.3603515625
93.8766004,-98.8232421875,-96.3134765625,50.4052734375
93.9037212,-99.1650390625,-96.2646484375,50.6494140625
93.9527405,-99.7021484375,-95.4833984375,52.5537109375
93.975069,-99.1650390625,-95.6298828125,53.2373046875
94.0117503,-99.6533203125,-95.3857421875,53.1396484375
94.0326446,-99.7998046875,-95.0439453125,50.0146484375
94.0699643,-100.1904296875,-95.2880859375,46.4501953125
94.0897992,-100.3857421875,-95.1416015625,42.3486328125
94.1339568,-100.5322265625,-95.2880859375,39.5654296875
94.153898,-100.8740234375,-95.1904296875,37.0751953125
94.1892321,-101.1669921875,-95.6298828125,34.5849609375
94.2101978,-101.4599609375,-94.4091796875,31.8017578125
94.234237,-101.7529296875,-94.9951171875,29.8974609375
94.2852951,-102.3388671875,-95.6298828125,27.6513671875
94.3052656,-102.2900390625,-95.5322265625,26.1865234375
94.3575695,-102.0458984375,-95.4345703125,23.5986328125
94.3609475,-102.4365234375,-95.3369140625,20.6689453125
94.3854471,-102.7783203125,-94.9462890625,17.9833984375
94.4364496,-102.5341796875,-95.5810546875,14.6142578125
94.4471994,-100.8251953125,-95.8251953125,11.6845703125
94.4773038,-99.2626953125,-96.3623046875,8.4619140625
94.5068128,-97.7978515625,-95.7275390625,5.0927734375
94.5378545,-97.4560546875,-95.9716796875,2.8466796875
94.5678184,-96.6748046875,-96.0205078125,1.1865234375
94.5993314,-96.3330078125,-96.3623046875,-1.4013671875
94.646346,-95.7470703125,-96.2158203125,-3.8916015625
94.6652032,-95.2587890625,-96.7529296875,-7.5048828125
94.7094186,-95.8447265625,-96.9482421875,-9.9951171875
94.7272354,-94.7216796875,-97.5341796875,-12.7294921875
94.770404,-94.9169921875,-97.7783203125,-14.2431640625
94.790904,-95.2099609375,-98.1689453125,4.6044921875
94.8095411,-95.1123046875,-96.9482421875,34.6337890625
94.8425224,-95.1123046875,-96.0205078125,51.2353515625
94.8716099,-95.5517578125,-95.0927734375,58.1689453125
94.8985763,-95.8447265625,-94.3115234375,59.2919921875
94.930612,-96.0888671875,-93.3837890625,58.4130859375
94.9775474,-95.8447265625,-93.3837890625,58.5107421875
94.9985177,-96.7236328125,-93.1396484375,58.9990234375
95.034581,-96.8212890625,-92.0654296875,56.0693359375
95.055489,-96.4794921875,-92.2119140625,52.7490234375
95.0997276,-96.8212890625,-92.4560546875,51.2841796875
95.1105539,-96.8212890625,-91.1865234375,52.6025390625
95.1418508,-97.7490234375,-91.5771484375,53.9697265625
95.1907611,-98.0908203125,-90.9423828125,53.2861328125
95.210851,-98.0908203125,-91.5283203125,50.9912109375
95.2283218,-98.3837890625,-91.7236328125,48.3544921875
95.2632938,-98.0908203125,-90.9423828125,44.0087890625
95.3109108,-98.7744140625,-91.0888671875,40.2978515625
95.3437962,-99.3115234375,-91.2841796875,37.9052734375
95.3527066,-99.2138671875,-91.7724609375,34.8291015625
95.3807775,-99.5068359375,-91.6748046875,32.7783203125
95.4118386,-100.0439453125,-91.2353515625,30.8251953125
95.442776,-99.8974609375,-92.6025390625,27.7978515625
95.4897052,-100.5322265625,-92.1142578125,26.0400390625
95.5096008,-100.8740234375,-92.8955078125,23.9404296875
95.5517324,-101.3134765625,-92.9443359375,21.2060546875
95.5707607,-101.3623046875,-93.1884765625,18.7646484375
95.6088665,-101.2646484375,-93.2861328125,14.7607421875
95.6309343,-100.9716796875,-93.4326171875,11.9287109375
95.6699596,-98.7255859375,-93.9697265625,8.8525390625
95.6899601,-97.2607421875,-94.4091796875,6.0205078125
95.7394465,-96.9677734375,-94.7998046875,3.2861328125
95.7592761,-96.0888671875,-94.9951171875,-0.0341796875
95.7742124,-95.9912109375,-95.0439453125,-1.5966796875
95.8043828,-96.0400390625,-95.2880859375,-4.1845703125
95.8356726,-95.0146484375,-95.3369140625,-6.0888671875
95.8833555,-94.7705078125,-95.9228515625,-8.2373046875
95.8934478,-95.0634765625,-96.6552734375,-11.0205078125
95.9274862,-95.2587890625,-96.6552734375,-14.4384765625
95.9564679,-95.3564453125,-97.4853515625,-18.4912109375
95.9853312,-95.2587890625,-97.1923828125,-21.0791015625
96.0165943,-95.1611328125,-98.0712890625,-16.5869140625
96.0447427,-95.6005859375,-97.8759765625,17.7880859375
96.0918106,-96.1865234375,-96.0693359375,42.0068359375
96.110693,-96.5771484375,-95.4833984375,55.3369140625
96.1346811,-96.5771484375,-94.3115234375,60.1220703125
96.168685,-97.0166015625,-93.8232421875,60.1220703125
96.1957208,-97.2119140625,-93.6767578125,60.8056640625
96.2257898,-97.4072265625,-92.7978515625,61.9775390625
96.2727633,-97.6513671875,-92.4072265625,63.6376953125
96.2926717,-98.2373046875,-92.3095703125,61.1474609375
96.3154804,-97.8466796875,-92.5048828125,57.1923828125
96.3503984,-97.9931640625,-91.9677734375,55.8740234375
96.376222,-98.3349609375,-92.4560546875,58.2666015625
96.4093254,-98.8720703125,-91.8212890625,58.6572265625
96.4379724,-98.4326171875,-91.5771484375,57.9248046875
96.4688081,-99.2626953125,-91.3818359375,55.2880859375
96.5007678,-99.5556640625,-91.8212890625,51.6748046875
96.5297378,-99.8486328125,-91.4794921875,48.2568359375
96.5577293,-100.2392578125,-91.3330078125,44.9853515625
96.5908119,-100.3369140625,-91.8701171875,43.0322265625
96.6198078,-100.6298828125,-92.5537109375,40.2978515625
96.6477953,-100.7763671875,-92.8466796875,37.8564453125
96.6798086,-101.3134765625,-92.7001953125,35.0244140625
96.7096948,-101.4599609375,-93.8232421875,32.8759765625
96.7408093,-101.8505859375,-93.0419921875,30.4345703125
96.7708298,-101.9970703125,-93.5791015625,28.3837890625
96.7978991,-101.8505859375,-93.4326171875,25.1123046875
96.8360763,-102.2900390625,-94.0185546875,22.0361328125
96.8609826,-102.4365234375,-94.3115234375,19.0576171875
96.8907807,-101.5576171875,-94.8486328125,16.1279296875
96.9230725,-99.0673828125,-95.0439453125,13.0029296875
96.9510349,-98.2861328125,-95.4345703125,9.9755859375
96.9800219,-97.2119140625,-95.3369140625,8.2177734375
97.0169057,-96.6748046875,-96.1181640625,4.7998046875
97.0398695,-95.9912109375,-96.3623046875,2.0654296875
97.0699211,-95.8447265625,-96.6552734375,-0.2294921875
97.1028476,-95.3076171875,-97.0947265625,-2.6220703125
97.1298094,-95.1123046875,-97.6806640625,-6.1865234375
97.1678706,-95.2099609375,-97.9248046875,-8.9208984375
97.1918988,-95.0146484375,-97.8759765625,-11.4599609375
97.2201937,-95.2587890625,-98.3642578125,-13.6572265625
97.2549161,-95.0146484375,-99.4873046875,-16.0986328125
97.2818152,-95.1611328125,-99.6337890625,-19.3212890625
97.3148132,-95.0634765625,-100.3173828125,-22.7880859375
97.3448822,-95.6982421875,-100.5615234375,-25.6689453125
97.3728241,-95.9912109375,-101.6845703125,-26.6943359375
97.4020555,-96.1865234375,-101.6357421875,-0.7177734375
97.4340968,-96.3330078125,-100.4638671875,31.2646484375
97.4628788,-96.1865234375,-99.3896484375,48.2568359375
97.4959665,-96.2841796875,-98.9501953125,55.3369140625
97.5228194,-96.8701171875,-98.9013671875,56.0205078125
97.5541391,-97.0654296875,-98.5595703125,55.5810546875
97.5900156,-97.7001953125,-98.4130859375,56.5576171875
97.6147974,-98.0419921875,-98.3154296875,58.6572265625
97.644793,-98.3349609375,-97.7783203125,57.5830078125
97.6758365,-98.3837890625,-97.9736328125,53.0908203125
97.7058033,-98.5302734375,-97.5830078125,51.9677734375
97.7321856,-98.6767578125,-97.7294921875,53.4814453125
97.7707488,-99.0673828125,-97.8271484375,54.5068359375
97.7947262,-99.3603515625,-96.9970703125,54.3115234375
97.8267593,-99.6533203125,-97.0947265625,51.9189453125
97.8546749,-100.2392578125,-97.1923828125,49.5263671875
97.8848365,-100.2880859375,-97.4365234375,46.3525390625
97.9177128,-100.3857421875,-97.4365234375,43.0810546875
97.947321,-100.4345703125,-97.6318359375,39.9072265625
97.9788524,-100.3857421875,-97.2900390625,38.3447265625
98.0078564,-100.8251953125,-97.9736328125,35.9521484375
98.0358788,-101.9482421875,-97.2412109375,33.8037109375
98.0728451,-101.4599609375,-97.6806640625,32.0458984375
98.1128049,-101.5087890625,-97.4365234375,30.0927734375
98.1335639,-102.1435546875,-97.5341796875,27.6025390625
98.1566926,-102.2900390625,-97.9248046875,25.8447265625
98.1898578,-102.3388671875,-97.7294921875,22.5732421875
98.2167275,-102.8271484375,-97.6806640625,19.5947265625
98.2527894,-102.0947265625,-97.9736328125,16.1279296875
98.2777025,-100.6298828125,-98.6083984375,13.8818359375
98.3056825,-98.8720703125,-98.4619140625,10.9521484375
98.3399083,-97.5537109375,-98.9013671875,8.1689453125
98.3667658,-96.6748046875,-98.4130859375,6.1181640625
98.4169018,-96.3330078125,-99.5849609375,3.6279296875
98.4367544,-95.6005859375,-99.2919921875,1.6748046875
98.4587123,-95.1123046875,-100.0244140625,-1.5478515625
98.5180235,-94.3310546875,-99.2919921875,-4.8193359375
98.5214936,-94.2333984375,-99.6826171875,-8.3837890625
98.5490184,-94.5263671875,-100.4638671875,-10.6787109375
98.5787746,-94.0869140625,-100.8544921875,-4.7216796875
98.6108251,-94.1357421875,-100.0244140625,26.8701171875
98.6387423,-93.8427734375,-98.9990234375,48.0126953125
98.6687298,-94.1845703125,-97.4365234375,58.8525390625
98.6997395,-94.8193359375,-97.4853515625,61.6845703125
98.7337684,-95.1123046875,-96.8017578125,61.2939453125
98.7597943,-95.3564453125,-96.1669921875,60.8544921875
98.7898732,-95.4541015625,-95.9716796875,61.8310546875
98.8220005,-95.1611328125,-95.1904296875,61.4892578125
98.8497885,-95.7958984375,-94.9462890625,56.8505859375
98.9000015,-95.7470703125,-94.9462890625,54.6044921875
98.9107388,-95.5517578125,-94.4091796875,54.9462890625
98.9588727,-96.3330078125,-94.5556640625,56.0693359375
98.9921208,-96.1376953125,-94.4580078125,56.8994140625
98.9994532,-97.1142578125,-94.6533203125,54.7998046875
99.048567,-97.4072265625,-94.5068359375,51.2841796875
99.0690123,-97.5048828125,-94.6533203125,46.9873046875
99.0922545,-97.6025390625,-95.0927734375,43.8623046875
99.122247,-98.3349609375,-94.6044921875,41.1279296875
99.1710899,-98.0908203125,-94.9951171875,38.9306640625
99.191388,-98.5791015625,-94.6044921875,36.4404296875
99.2292682,-98.9697265625,-94.8486328125,33.7060546875
99.2471643,-98.7744140625,-95.2392578125,31.6064453125
99.2733491,-98.9208984375,-94.8486328125,29.0185546875
99.3315391,-99.8974609375,-95.1416015625,27.3583984375
99.3530993,-99.1162109375,-95.2880859375,25.3076171875
99.3630179,-99.6044921875,-95.2392578125,22.7685546875
99.4111935,-100.1416015625,-96.1669921875,19.5947265625
99.4240958,-100.3369140625,-95.7275390625,16.5185546875
99.4543485,-99.4580078125,-95.9716796875,14.1748046875
99.4861873,-97.9931640625,-96.3623046875,10.9033203125
99.5151304,-95.8447265625,-96.5576171875,8.3154296875
99.5432184,-95.6005859375,-97.2412109375,5.5810546875
99.5938092,-95.2587890625,-96.8994140625,2.7490234375
99.6147412,-94.4287109375,-96.8505859375,1.3818359375
99.6549739,-94.2822265625,-97.3876953125,-0.6201171875
99.6647029,-93.6962890625,-97.5830078125,-2.7685546875
99.6947773,-93.3056640625,-98.1689453125,-5.3076171875
99.7448749,-93.5986328125,-98.8037109375,-9.0673828125
99.766001,-93.5986328125,-98.4130859375,-11.5087890625
99.8021726,-93.4521484375,-98.7060546875,-13.7548828125
99.8222966,-94.0380859375,-98.9990234375,-7.0654296875
99.8470306,-93.4521484375,-98.2666015625,24.2333984375
99.879189,-93.7451171875,-97.0947265625,44.7900390625
99.9101712,-93.7939453125,-96.1669921875,54.6533203125
99.9350727,-94.5263671875,-95.1904296875,57.4853515625
99.9672119,-94.9658203125,-94.6533203125,57.4853515625
100.0153563,-94.7216796875,-93.6767578125,58.7060546875
100.0362146,-95.1123046875,-92.8466796875,61.7333984375
100.0772091,-95.5029296875,-92.7001953125,61.4892578125
100.0962362,-95.5029296875,-92.2119140625,58.9990234375
100.1152278,-95.5029296875,-92.2607421875,55.9716796875
100.1653623,-96.3330078125,-91.2353515625,56.3134765625
100.1852599,-95.8935546875,-91.3330078125,57.0947265625
100.2053692,-96.6259765625,-90.7470703125,57.8271484375
100.2455183,-97.1630859375,-90.1123046875,57.6318359375
100.2683948,-97.1142578125,-90.5517578125,55.9228515625
100.3027038,-97.6513671875,-90.2099609375,53.3837890625
100.3274761,-97.6025390625,-90.2587890625,50.5029296875
100.3586723,-98.2861328125,-90.3076171875,48.4521484375
100.390504,-98.3349609375,-90.3076171875,46.6455078125
100.4195789,-98.7255859375,-90.4541015625,44.6923828125
100.448639,-98.8720703125,-90.6494140625,42.4462890625
100.4816086,-98.7744140625,-90.2587890625,41.3232421875
100.5094855,-99.3603515625,-90.7470703125,39.5166015625
100.5606164,-99.6044921875,-90.6005859375,37.9052734375
100.5795209,-99.3603515625,-91.1865234375,36.6357421875
100.6155943,-99.7509765625,-91.1865234375,33.8037109375
100.6355941,-99.8486328125,-91.5283203125,32.1923828125
100.6605559,-100.6787109375,-91.7724609375,29.7998046875
100.6886125,-99.9951171875,-91.2841796875,27.8466796875
100.7277657,-98.6767578125,-92.3583984375,24.6240234375
100.7496056,-96.1865234375,-92.4072265625,22.6220703125
100.7783361,-95.0146484375,-92.7978515625,20.4736328125
100.8132467,-94.2333984375,-92.8466796875,19.0576171875
100.8411523,-94.1845703125,-93.2373046875,17.3486328125
100.8739251,-93.4033203125,-93.7255859375,14.6630859375
100.9003679,-92.8662109375,-93.9697265625,13.2470703125
100.9293898,-92.4267578125,-94.2138671875,11.0009765625
100.967037,-92.6708984375,-95.0439453125,9.3408203125
100.9920291,-91.9873046875,-95.4345703125,7.5830078125
101.0231949,-92.2802734375,-96.1181640625,4.4580078125
101.0529802,-92.7197265625,-95.9228515625,1.9189453125
101.0839737,-92.0361328125,-95.9716796875,0.5517578125
101.1150697,-92.7197265625,-96.6552734375,10.3173828125
101.1628576,-92.8173828125,-95.5322265625,36.7333984375
101.1706815,-93.1591796875,-94.3115234375,53.3349609375
101.2068028,-93.8916015625,-93.5302734375,61.7333984375
101.2348835,-93.7451171875,-93.3349609375,64.3212890625
101.2618172,-94.1357421875,-92.9443359375,65.2001953125
101.3007937,-94.2333984375,-91.7724609375,66.2255859375
101.3234331,-94.3310546875,-91.3818359375,67.7880859375
101.3589859,-94.4287109375,-90.3564453125,69.2529296875
101.4023776,-95.7958984375,-90.1123046875,67.2021484375
101.4132501,-95.4052734375,-89.9169921875,64.4189453125
101.4503991,-95.3076171875,-89.5751953125,64.4189453125
101.4752838,-95.2099609375,-89.7216796875,67.6904296875
101.5054195,-96.1865234375,-89.2333984375,68.1787109375
101.5353952,-95.9912109375,-89.0380859375,67.2021484375
101.566496,-96.4794921875,-88.7939453125,65.4443359375
101.5954502,-96.8212890625,-88.3056640625,63.3935546875
101.6435268,-96.2353515625,-88.1591796875,61.6357421875
101.6573483,-96.7236328125,-88.8427734375,59.7314453125
101.6864225,-97.3583984375,-88.4521484375,58.6083984375
101.7185602,-97.6025390625,-88.5009765625,57.7294921875
101.7484513,-97.9443359375,-88.6474609375,55.6787109375
101.7754645,-98.0419921875,-89.0380859375,55.1416015625
101.8166678,-98.4326171875,-88.6962890625,53.2373046875
101.8356527,-98.5791015625,-88.7451171875,52.0654296875
101.8716142,-98.6767578125,-88.5498046875,50.0634765625
101.8996991,-98.7255859375,-88.7939453125,48.3056640625
101.9266567,-98.9208984375,-88.9404296875,45.5224609375
101.960714,-99.3115234375,-88.8916015625,44.4482421875
101.9877181,-99.0673828125,-89.2333984375,42.0068359375
102.0179047,-97.2119140625,-89.6728515625,40.0537109375
102.0500275,-94.9658203125,-89.3798828125,37.8076171875
102.0788974,-94.1357421875,-89.7216796875,36.0986328125
102.1059259,-93.1103515625,-90.3076171875,33.9501953125
102.1438567,-92.5732421875,-90.2099609375,32.8271484375
102.1687274,-91.8408203125,-90.6494140625,31.1181640625
102.2047712,-90.9130859375,-91.2353515625,29.3603515625
102.2287327,-90.8642578125,-91.4306640625,25.7958984375
102.2588536,-90.6201171875,-91.5771484375,24.2822265625
102.295739,-91.0595703125,-91.8212890625,22.4267578125
102.3188295,-90.8154296875,-92.0654296875,28.7744140625
102.3569633,-90.6689453125,-90.8935546875,50.7470703125
102.3817808,-90.6201171875,-89.8681640625,67.4462890625
102.4087434,-91.4013671875,-89.4775390625,76.0400390625
102.4418543,-91.0595703125,-88.3544921875,80.5810546875
102.4717821,-91.4990234375,-87.7685546875,81.4111328125
102.5008227,-91.5966796875,-87.4267578125,83.0224609375
102.5268504,-91.8896484375,-86.7431640625,84.6826171875
102.564117,-92.3291015625,-86.4013671875,84.0966796875
102.58976,-92.2314453125,-86.4990234375,81.9482421875
102.6231812,-92.7197265625,-85.9619140625,80.0439453125
102.6670756,-93.1103515625,-85.5712890625,80.5322265625
102.6800507,-92.9150390625,-85.5712890625,82.4853515625
102.7298109,-93.4033203125,-85.1806640625,82.2900390625
102.7417752,-93.5498046875,-84.9853515625,81.6064453125
102.7810676,-93.8916015625,-84.7900390625,79.5068359375
102.804114,-94.1357421875,-85.9619140625,76.9677734375
102.8309663,-94.6240234375,-85.1318359375,74.9658203125
102.868926,-94.9658203125,-86.1083984375,72.6220703125
102.8928754,-94.9169921875,-85.3271484375,70.5224609375
102.9390313,-95.0146484375,-86.0107421875,69.9365234375
102.9539491,-95.1611328125,-85.7666015625,67.2998046875
102.982176,-95.5517578125,-85.9619140625,65.6884765625
103.0344131,-95.6005859375,-86.2060546875,64.2236328125
103.0464944,-96.0888671875,-86.5966796875,62.5146484375
103.071452,-95.8447265625,-86.6943359375,60.4150390625
103.1004507,-96.3818359375,-87.2314453125,58.3642578125
103.1444791,-96.8701171875,-87.3291015625,56.2158203125
103.1634585,-96.5771484375,-88.0615234375,53.4814453125
103.198688,-96.4794921875,-87.8173828125,51.2353515625
103.2245221,-94.9169921875,-88.2568359375,48.4521484375
103.261664,-93.4033203125,-88.5986328125,46.4013671875
103.2865475,-92.3779296875,-88.5986328125,44.4482421875
103.3185598,-91.3525390625,-89.1357421875,41.8603515625
103.3437413,-90.4736328125,-89.7705078125,39.3212890625
103.380759,-90.8642578125,-89.3798828125,38.1005859375
103.4055438,-89.9365234375,-90.5029296875,35.3173828125
103.4536233,-89.2529296875,-90.8935546875,33.2177734375
103.4736512,-89.4482421875,-91.2353515625,32.1435546875
103.49561,-89.8388671875,-91.6748046875,30.1904296875
103.5226076,-89.9365234375,-91.8701171875,27.1630859375
103.559715,-89.8876953125,-92.8955078125,24.7216796875
103.5848965,-89.7412109375,-93.1396484375,21.8408203125
103.6361526,-90.0341796875,-93.8232421875,18.5205078125
103.6468802,-89.8876953125,-93.8232421875,16.9091796875
103.6759641,-90.7666015625,-94.9951171875,24.2822265625
103.7139483,-90.7177734375,-93.9208984375,50.8935546875
103.7359583,-91.0595703125,-93.1396484375,71.4013671875
103.7700917,-91.4013671875,-91.9189453125,82.9736328125
103.7980579,-91.4501953125,-91.5771484375,87.4169921875
103.8272211,-91.6455078125,-91.0888671875,88.7841796875
103.8570823,-91.8896484375,-90.5029296875,90.2978515625
103.8891538,-92.8173828125,-90.2587890625,93.6669921875
103.9171603,-92.2802734375,-89.7216796875,95.3759765625
103.9511019,-93.2080078125,-89.4775390625,93.3740234375
103.9792363,-93.3056640625,-89.3798828125,89.4677734375
104.0082589,-93.8916015625,-89.2822265625,89.3701171875
104.0421823,-93.7939453125,-89.3798828125,90.8349609375
104.06743,-94.2333984375,-89.4287109375,92.0556640625
104.1004129,-94.4287109375,-89.5751953125,90.9814453125
104.129467,-94.9658203125,-88.7451171875,88.9306640625
104.1595189,-95.0146484375,-89.2333984375,85.5615234375
104.1964739,-95.5029296875,-89.3310546875,83.6572265625
104.2193763,-94.9169921875,-89.5751953125,80.5322265625
104.249275,-95.5029296875,-89.5263671875,79.2626953125
104.2823014,-96.4306640625,-90.3564453125,76.4794921875
104.3102539,-95.8935546875,-90.3564453125,75.3564453125
104.3392229,-96.4306640625,-90.5029296875,72.7197265625
104.3727839,-97.0166015625,-90.8935546875,70.5712890625
104.4013273,-96.9677734375,-90.8447265625,68.2275390625
104.4322441,-97.5537109375,-91.4306640625,67.3486328125
104.4623581,-97.7001953125,-91.6259765625,64.1748046875
104.4913771,-97.6513671875,-91.8212890625,61.5869140625
104.5243577,-97.7001953125,-92.0166015625,58.3154296875
104.550325,-98.3837890625,-92.3583984375,55.9716796875
104.5787194,-96.9189453125,-92.7490234375,53.3349609375
104.6114354,-94.7216796875,-93.2373046875,50.2587890625
104.6424472,-92.8662109375,-93.4814453125,47.6708984375
104.6765074,-92.6708984375,-93.0908203125,45.7666015625
104.7245779,-91.5478515625,-94.0673828125,43.1787109375
104.7434643,-91.2060546875,-94.9462890625,40.4931640625
104.7807656,-90.3759765625,-94.9951171875,38.4912109375
104.8002051,-89.5947265625,-95.0439453125,35.3173828125
104.8215283,-89.0576171875,-95.7275390625,33.8037109375
104.8554531,-89.6923828125,-96.7041015625,31.6552734375
104.8834527,-89.7900390625,-96.4111328125,28.1396484375
104.9123351,-89.2529296875,-96.6064453125,25.0634765625
104.9453524,-89.3994140625,-97.6806640625,22.3291015625
104.9734783,-89.8388671875,-98.3642578125,23.2080078125
105.0115902,-90.1318359375,-98.1201171875,46.1572265625
105.0354425,-90.6201171875,-97.7783203125,69.9365234375
105.0624544,-90.9130859375,-96.8994140625,83.8525390625
105.1027128,-91.1572265625,-95.7275390625,89.7119140625
105.1237628,-91.2060546875,-95.9228515625,90.8349609375
105.1525942,-91.0595703125,-95.3857421875,91.8115234375
105.1866553,-91.8896484375,-95.2880859375,93.0810546875
105.2226201,-92.3779296875,-95.0439453125,94.6923828125
105.2433376,-92.2802734375,-94.9951171875,92.0068359375
105.2775881,-92.9150390625,-94.6044921875,88.7841796875
105.3039443,-93.5986328125,-94.8486328125,88.4423828125
105.3333297,-93.9892578125,-94.2626953125,89.7119140625
105.3673565,-93.8916015625,-93.7744140625,90.5419921875
105.3938123,-93.5498046875,-93.5791015625,90.0537109375
105.4274075,-94.2822265625,-94.1162109375,88.3447265625
105.4575375,-94.5263671875,-94.0673828125,85.4638671875
105.486482,-94.3798828125,-94.1650390625,82.6318359375
105.5225119,-94.4287109375,-94.1162109375,80.2880859375
105.5474329,-94.9658203125,-94.2626953125,78.0908203125
105.5734142,-95.0634765625,-93.8232421875,76.0888671875
105.6145644,-95.0634765625,-93.7255859375,73.3544921875
105.6367643,-95.8447265625,-94.0185546875,71.6455078125
105.6824629,-95.8935546875,-94.0673828125,69.5458984375
105.7016978,-96.4794921875,-94.2626953125,67.1533203125
105.7252684,-95.7470703125,-95.0927734375,65.3466796875
105.7620393,-97.0654296875,-94.3115234375,63.1494140625
105.7892649,-97.0654296875,-94.6533203125,60.6103515625
105.8252731,-97.1142578125,-94.7998046875,57.7294921875
105.8502738,-97.3583984375,-94.9951171875,54.3115234375
105.8882871,-97.2607421875,-95.2392578125,51.9189453125
105.9062121,-96.1865234375,-95.1416015625,49.1845703125
105.9462777,-93.5498046875,-95.7763671875,46.6455078125
105.9681886,-92.4267578125,-95.8251953125,44.3994140625
106.0161577,-91.8408203125,-95.8251953125,42.1044921875
106.0309914,-91.4013671875,-95.8740234375,40.0537109375
106.0670489,-90.6689453125,-96.5087890625,38.1494140625
106.1103572,-89.7900390625,-96.0205078125,34.8291015625
106.119106,-89.5947265625,-96.6552734375,31.5087890625
106.1613096,-89.1552734375,-97.1923828125,29.8974609375
106.1821254,-89.5947265625,-97.5341796875,34.4384765625
106.2082363,-90.0341796875,-96.8017578125,58.6572265625
106.2441471,-89.7412109375,-95.8740234375,78.8720703125
106.2721606,-89.8388671875,-95.5810546875,90.0537109375
106.3011452,-90.1318359375,-94.2626953125,94.5947265625
106.3372732,-90.5224609375,-94.4091796875,94.7900390625
106.362312,-90.6201171875,-93.7744140625,95.1318359375
106.3904923,-91.3037109375,-93.5791015625,97.4755859375
106.4295686,-91.1083984375,-93.1884765625,97.3291015625
106.4535831,-91.5966796875,-93.3837890625,94.1552734375
106.4803549,-91.6943359375,-92.1630859375,91.1279296875
106.5163261,-91.7919921875,-92.3583984375,91.2255859375
106.541263,-92.5732421875,-92.2607421875,92.2509765625
106.5893678,-92.5732421875,-91.7724609375,93.4228515625
106.6093808,-92.8173828125,-91.7236328125,91.0791015625
106.630878,-93.3056640625,-91.8701171875,89.1748046875
106.6664176,-93.9892578125,-91.6748046875,85.8056640625
106.6934773,-93.9892578125,-91.6748046875,83.3642578125
106.7314499,-94.0380859375,-91.8212890625,80.4833984375
106.7553582,-94.3798828125,-91.9677734375,77.8466796875
106.7834474,-94.7216796875,-91.8212890625,76.1376953125
106.8206217,-94.4775390625,-92.0166015625,73.3544921875
106.8455608,-94.9658203125,-92.2607421875,71.6943359375
106.8754335,-94.9169921875,-92.6025390625,69.9853515625
106.9034559,-95.5517578125,-92.5048828125,67.3974609375
106.9395279,-95.9423828125,-92.5537109375,65.4443359375
106.9645374,-96.3818359375,-92.7978515625,62.4169921875
106.9997048,-96.9677734375,-92.7490234375,59.7802734375
107.0257347,-96.4306640625,-92.8955078125,57.1435546875
107.0606553,-97.5048828125,-93.2861328125,54.2626953125
107.0866663,-96.9677734375,-93.2373046875,51.9677734375
107.1169828,-95.3076171875,-93.8720703125,49.3310546875
107.1529695,-93.0615234375,-93.7255859375,46.4013671875
107.1781884,-92.1826171875,-94.4091796875,44.8876953125
107.2057851,-90.9619140625,-94.2626953125,42.3486328125
107.2448727,-90.6201171875,-94.4580078125,40.5419921875
107.2657491,-90.9619140625,-94.7998046875,38.2958984375
107.3018227,-90.2783203125,-95.5322265625,36.5380859375
107.3288065,-89.9853515625,-95.2392578125,33.9501953125
107.3658192,-90.2294921875,-95.4345703125,31.0693359375
107.3837702,-89.9853515625,-95.3369140625,28.7255859375
107.436053,-89.8388671875,-95.7763671875,26.6748046875
107.454809,-89.9853515625,-96.5087890625,25.8447265625
107.47592,-90.2294921875,-96.8505859375,39.3701171875
107.5158703,-90.0341796875,-95.1904296875,60.4150390625
107.5347258,-90.5712890625,-94.6044921875,73.5498046875
107.5708445,-91.1572265625,-94.5068359375,78.5302734375
107.6071056,-91.3037109375,-93.4814453125,78.1396484375
107.625495,-91.5478515625,-92.5048828125,78.2373046875
107.6595597,-91.4501953125,-91.7236328125,78.9208984375
107.695135,-92.3779296875,-91.2353515625,80.9716796875
107.7200651,-92.3779296875,-90.7470703125,80.2880859375
107.758173,-92.7197265625,-90.6982421875,77.1630859375
107.7780557,-93.3544921875,-90.4541015625,75.7470703125
107.8171935,-93.1103515625,-90.2099609375,76.3818359375
107.8410731,-93.0126953125,-90.4541015625,77.1142578125
107.8681606,-93.8916015625,-89.8681640625,76.8701171875
107.9081657,-94.2822265625,-90.0634765625,75.9423828125
107.9300719,-94.2822265625,-89.6728515625,73.7939453125
107.9672886,-94.3798828125,-90.5517578125,71.4013671875
107.9924442,-94.9658203125,-89.8193359375,69.7412109375
108.0214231,-95.0146484375,-90.2587890625,67.7392578125
108.0614533,-95.3564453125,-90.1611328125,65.7373046875
108.0824186,-95.9423828125,-90.5029296875,65.0537109375
108.1234525,-95.4541015625,-90.4541015625,62.9052734375
108.1454544,-96.4306640625,-91.1865234375,62.2216796875
108.1725857,-96.1865234375,-91.0888671875,60.5615234375
108.2104369,-96.6259765625,-91.5283203125,58.6572265625
108.2304522,-97.4072265625,-91.2841796875,56.8017578125
108.2695879,-96.9677734375,-91.7236328125,55.2880859375
108.291252,-97.7490234375,-91.8212890625,53.1396484375
108.3282444,-97.8466796875,-92.3095703125,51.2841796875
108.3532429,-97.9931640625,-92.6513671875,48.7939453125
108.3814814,-97.5537109375,-92.9931640625,46.9873046875
108.4183101,-95.2587890625,-92.6513671875,44.8388671875
108.4411209,-92.9638671875,-93.4814453125,43.5205078125
108.4760812,-92.9150390625,-93.7744140625,41.7626953125
108.502465,-91.3037109375,-93.7744140625,39.7607421875
108.5391979,-90.9130859375,-94.4580078125,38.3935546875
108.5620667,-91.0595703125,-94.7021484375,36.3427734375
108.6022473,-90.1806640625,-94.9951171875,34.1455078125
108.6243697,-89.3017578125,-95.6787109375,32.1923828125
108.6542119,-89.1064453125,-95.6787109375,30.0439453125
108.6892376,-89.6435546875,-95.9228515625,29.5556640625
108.7115879,-89.6923828125,-96.0205078125,42.8857421875
108.7616499,-89.6435546875,-95.2392578125,61.2939453125
108.7754468,-89.4970703125,-94.3115234375,73.0615234375
108.8067746,-90.2294921875,-93.7744140625,76.0888671875
108.8355175,-90.1806640625,-93.1396484375,75.5517578125
108.8645774,-90.5224609375,-92.8466796875,75.2587890625
108.893397,-91.0107421875,-92.1630859375,75.8935546875
108.9245596,-91.0107421875,-91.5283203125,77.1630859375
108.9524763,-91.3037109375,-90.8935546875,75.9423828125
108.9895083,-91.4501953125,-90.9423828125,73.6962890625
109.0145445,-91.7919921875,-90.6494140625,73.3056640625
109.0444369,-92.2802734375,-91.0400390625,74.3310546875
109.0805467,-92.2314453125,-90.3076171875,75.6005859375
109.1045885,-92.6708984375,-90.8447265625,75.3076171875
109.1385458,-93.4033203125,-90.4052734375,74.4287109375
109.1678326,-93.5986328125,-90.8935546875,72.1826171875
109.1948293,-93.5498046875,-90.3564453125,69.8388671875
109.2238033,-94.2822265625,-90.7470703125,69.2041015625
109.2617088,-94.2822265625,-90.3564453125,67.1044921875
109.2856163,-94.4775390625,-91.0888671875,66.3720703125
109.3336467,-95.0634765625,-91.4794921875,64.6630859375
109.3463704,-95.3564453125,-91.5283203125,63.4912109375
109.376416,-95.4052734375,-92.2607421875,62.3193359375
109.4106487,-96.0888671875,-91.8701171875,61.1962890625
109.4386198,-95.4052734375,-92.1142578125,59.2919921875
109.4716071,-95.7958984375,-92.2119140625,58.3154296875
109.4996627,-96.8212890625,-92.2607421875,56.4111328125
109.5276391,-96.5283203125,-93.0908203125,54.5068359375
109.5605638,-97.0166015625,-93.2861328125,52.7978515625
109.5896489,-97.5537109375,-93.3837890625,50.9423828125
109.6186097,-96.5283203125,-93.6279296875,48.8427734375
109.651734,-94.6728515625,-94.7021484375,47.7685546875
109.6888395,-92.9150390625,-94.0185546875,46.4990234375
109.7055785,-91.7431640625,-94.5556640625,45.1806640625
109.7418492,-91.4013671875,-95.3857421875,43.2763671875
109.76887,-90.9130859375,-95.8740234375,40.4931640625
109.8008878,-90.4248046875,-95.9716796875,38.6865234375
109.8299466,-89.8388671875,-96.3134765625,37.0263671875
109.8587961,-89.3505859375,-97.4365234375,38.0029296875
109.8887493,-89.3505859375,-96.1669921875,52.2119140625
109.9196124,-89.7900390625,-95.1416015625,69.0087890625
109.9505877,-89.4482421875,-94.4091796875,79.7021484375
109.9827492,-89.2529296875,-93.6279296875,82.3388671875
110.0096702,-89.5458984375,-93.1396484375,82.0458984375
110.0396947,-89.3017578125,-92.6025390625,82.6806640625
110.0726318,-89.8388671875,-92.0166015625,83.7060546875
110.1155947,-90.2783203125,-91.5283203125,84.6337890625
110.1335797,-90.4736328125,-90.9912109375,82.5341796875
110.1636056,-90.8642578125,-91.7236328125,80.5322265625
110.1917989,-90.9130859375,-90.8935546875,80.8740234375
110.2251399,-91.2060546875,-91.3330078125,82.3876953125
110.2628053,-91.6455078125,-90.6982421875,83.0712890625
110.2816383,-91.9873046875,-91.3330078125,83.8037109375
110.3162376,-91.8408203125,-91.2353515625,81.6064453125
110.3427427,-92.5244140625,-91.2841796875,80.2880859375
110.3716791,-93.1103515625,-91.5771484375,77.7490234375
110.4108325,-93.1591796875,-91.6748046875,75.4541015625
110.4306387,-93.3056640625,-91.4794921875,74.4287109375
110.4607613,-93.2568359375,-92.2607421875,73.2568359375
110.4947798,-93.8916015625,-92.4560546875,71.5966796875
110.5207979,-93.9404296875,-92.8466796875,70.6201171875
110.5536919,-94.7216796875,-93.2861328125,68.8623046875
110.5916714,-94.6728515625,-93.3349609375,68.0322265625
110.610729,-94.7705078125,-93.9208984375,65.6396484375
110.6432229,-94.6728515625,-93.6279296875,64.6630859375
110.677682,-95.1123046875,-94.5068359375,63.0517578125
110.7038316,-95.4052734375,-94.3603515625,61.1962890625
110.7419341,-95.7470703125,-95.3369140625,59.2919921875
110.7618796,-95.7958984375,-95.3857421875,57.2900390625
110.8019851,-95.9912109375,-95.6787109375,54.8974609375
110.8249894,-94.0869140625,-96.4599609375,53.3837890625
110.8642136,-92.4267578125,-96.1669921875,51.4794921875
110.8862941,-91.1572265625,-96.8505859375,49.9169921875
110.9232251,-90.4736328125,-97.1923828125,48.2568359375
110.9422402,-89.7412109375,-97.6318359375,46.5478515625
110.9803348,-89.5458984375,-98.1689453125,45.4736328125
111.0065207,-88.7158203125,-98.2666015625,43.3251953125
111.0444923,-88.6181640625,-98.8037109375,42.1533203125
111.0662939,-88.5205078125,-99.5361328125,39.8095703125
111.1173494,-89.1064453125,-99.7802734375,37.5634765625
111.1354533,-89.2529296875,-99.7314453125,35.1708984375
111.1557612,-88.9111328125,-100.0244140625,33.4619140625
111.1921218,-88.8623046875,-100.4638671875,41.2744140625
111.2183676,-89.5458984375,-99.6337890625,61.4892578125
111.2544969,-89.5458984375,-99.0966796875,77.5537109375
111.2773864,-90.0341796875,-97.7294921875,85.0732421875
111.3225454,-90.5224609375,-97.6318359375,87.4169921875
111.3425108,-90.9619140625,-97.0458984375,87.0263671875
111.3665177,-90.8154296875,-96.8505859375,88.3935546875
111.4176221,-91.0595703125,-95.7275390625,90.2001953125
111.4254843,-91.2548828125,-96.4111328125,91.1279296875
111.4635888,-91.5478515625,-96.0693359375,89.9560546875
111.4876394,-92.2802734375,-96.0693359375,87.9541015625
111.5266816,-92.4755859375,-95.4833984375,88.1982421875
111.5496599,-92.9150390625,-95.9716796875,89.8583984375
111.5876667,-93.3544921875,-95.4833984375,90.7861328125
111.6087223,-93.3544921875,-95.9228515625,90.4443359375
111.6467309,-93.6474609375,-96.3623046875,89.1748046875
111.668685,-93.9404296875,-96.3623046875,87.6611328125
111.7068244,-94.6240234375,-96.4111328125,85.4638671875
111.7308903,-94.4287109375,-96.5087890625,83.8525390625
111.7691699,-95.0634765625,-96.4111328125,82.6806640625
111.7887295,-95.6005859375,-96.7529296875,81.4111328125
111.8290079,-95.5029296875,-96.6064453125,80.2880859375
111.8489554,-96.4306640625,-96.6552734375,79.4580078125
111.8871075,-96.0400390625,-96.9482421875,77.7490234375
111.910149,-96.6259765625,-97.1435546875,75.9423828125
111.946192,-96.9677734375,-97.5830078125,75.2099609375
111.9731838,-96.7724609375,-97.4853515625,73.4521484375
112.0131931,-97.5537109375,-98.0224609375,72.2802734375
112.0334809,-97.7490234375,-98.1201171875,69.8876953125
112.0712269,-98.0908203125,-98.3642578125,68.6181640625
112.0911636,-98.1884765625,-98.9013671875,66.3720703125
112.1264781,-97.5537109375,-99.4873046875,64.4189453125
112.1516977,-95.3076171875,-99.5361328125,62.7587890625
112.1909791,-93.4033203125,-99.9267578125,61.5380859375
112.212912,-92.3291015625,-100.0732421875,59.2431640625
112.243113,-91.7919921875,-100.9033203125,57.8759765625
112.2849873,-91.3525390625,-101.3916015625,55.5322265625
112.3057864,-91.0595703125,-101.1962890625,54.4091796875
112.3438591,-90.5224609375,-101.4892578125,52.4072265625
112.3649694,-89.4482421875,-102.2216796875,51.2353515625
112.4121873,-89.6435546875,-102.1240234375,49.3310546875
112.4339449,-90.2783203125,-102.4169921875,46.8896484375
112.4519382,-90.0341796875,-102.2705078125,44.3505859375
112.4889258,-90.3759765625,-103.3935546875,42.6416015625
112.5121386,-90.2783203125,-103.3447265625,41.7138671875
112.5482621,-89.9853515625,-104.1748046875,49.1357421875
112.5731287,-91.1572265625,-103.3935546875,68.3740234375
112.6083643,-91.7919921875,-102.6123046875,82.2900390625
112.6364318,-91.5478515625,-102.4169921875,86.4404296875
112.6734171,-91.9384765625,-102.1728515625,87.4658203125
112.6983809,-92.8662109375,-102.2216796875,86.8310546875
112.7242513,-92.5732421875,-101.7333984375,88.2470703125
112.761304,-92.8173828125,-101.2939453125,89.4677734375
112.7864469,-93.0126953125,-101.2939453125,89.7607421875
112.8220003,-93.0126953125,-101.0498046875,87.3681640625
112.8431429,-93.6474609375,-101.4404296875,86.1962890625
112.8802895,-94.0380859375,-101.0498046875,87.2705078125
112.9043343,-94.6240234375,-101.1474609375,88.5888671875
112.9414428,-95.2099609375,-100.8544921875,88.4912109375
112.9683059,-94.9658203125,-101.0986328125,88.0517578125
113.0055038,-95.2587890625,-101.1962890625,86.5380859375
113.0258211,-94.9169921875,-101.5380859375,84.0966796875
113.0630226,-95.8935546875,-101.6845703125,83.4130859375
113.0861363,-96.1376953125,-101.9287109375,82.0947265625
113.1242822,-96.4794921875,-101.9775390625,80.2880859375
113.1464001,-97.0166015625,-101.8310546875,79.5556640625
113.1834987,-97.3583984375,-101.6845703125,78.3837890625
113.2087248,-97.2607421875,-102.0751953125,77.3095703125
113.2445259,-97.7978515625,-101.8798828125,76.0888671875
113.2699987,-97.6513671875,-102.5634765625,74.6728515625
113.3079609,-98.1884765625,-102.8076171875,73.3056640625
113.3267437,-98.0908203125,-102.7099609375,72.1337890625
113.3639374,-98.5302734375,-102.8564453125,70.0341796875
113.3879488,-98.6767578125,-103.1005859375,68.4716796875
113.4262553,-98.7255859375,-103.4423828125,66.3232421875
113.448703,-98.9697265625,-103.6376953125,64.3212890625
113.4872265,-98.4326171875,-103.3447265625,62.7099609375
113.5071246,-96.9677734375,-103.7841796875,61.7822265625
113.543208,-94.9169921875,-103.2470703125,59.2919921875
113.5681315,-93.6962890625,-103.4912109375,58.4619140625
113.6052636,-93.4033203125,-103.6376953125,56.7041015625
113.6303341,-92.5244140625,-103.9306640625,54.7021484375
113.6692818,-91.7919921875,-105.1513671875,53.3349609375
113.6893311,-90.9619140625,-104.4189453125,50.9912109375
113.7253534,-90.6689453125,-105.1025390625,50.8935546875
113.7504791,-90.9130859375,-104.5654296875,63.1494140625
113.7865788,-90.7666015625,-103.7841796875,78.5302734375
113.8115713,-91.0107421875,-103.2958984375,86.6845703125
113.850594,-91.1083984375,-102.4658203125,88.1982421875
113.8715604,-91.4990234375,-102.4169921875,88.1494140625
113.9085925,-91.3037109375,-101.9775390625,87.8564453125
113.9346562,-91.5478515625,-101.4892578125,87.5634765625
113.9615419,-91.9384765625,-101.0009765625,88.5888671875
113.9895828,-93.1103515625,-100.4150390625,85.4638671875
114.0286056,-92.5732421875,-100.7568359375,84.0478515625
114.0518695,-92.9638671875,-100.6591796875,84.3408203125
114.0807928,-93.6962890625,-99.6826171875,85.7080078125
114.1168957,-93.4521484375,-100.1220703125,86.4892578125
114.1425927,-93.6474609375,-100.4638671875,85.5126953125
114.1815909,-94.4775390625,-100.3173828125,83.7548828125
114.2046009,-94.5751953125,-100.4638671875,81.8017578125
114.2339424,-94.7705078125,-100.2197265625,80.5810546875
114.270683,-94.9658203125,-100.3173828125,78.4326171875
114.2939053,-95.6982421875,-100.4638671875,77.1630859375
114.3249439,-96.1865234375,-100.6591796875,75.7470703125
114.3568684,-95.8447265625,-100.6103515625,74.3310546875
114.3847931,-96.2353515625,-100.5126953125,72.8173828125
114.4149495,-96.5283203125,-100.8056640625,71.9384765625
114.4467763,-96.5771484375,-100.5126953125,70.5224609375
114.4747057,-97.2607421875,-100.5126953125,68.6181640625
114.5028193,-97.2119140625,-100.7080078125,67.1044921875
114.5368112,-97.6025390625,-101.0009765625,65.3466796875
114.562545,-97.9443359375,-101.1474609375,63.4423828125
114.5940362,-97.8955078125,-101.2939453125,61.1962890625
114.6268022,-98.3837890625,-101.2451171875,59.3896484375
114.6547367,-98.6767578125,-101.3427734375,56.8505859375
114.687795,-98.0908203125,-101.5380859375,55.7275390625
114.7167493,-95.9423828125,-101.6845703125,53.7744140625
114.7458673,-94.7705078125,-102.0263671875,51.8701171875
114.7778473,-93.4521484375,-101.8310546875,50.5029296875
114.8069791,-92.8662109375,-102.0751953125,48.9404296875
114.8388821,-92.7685546875,-101.6357421875,46.4990234375
114.8688016,-92.2314453125,-102.0751953125,44.5947265625
114.8978652,-92.2314453125,-102.1728515625,42.1533203125
114.9268855,-91.8408203125,-102.6123046875,39.9560546875
114.956755,-92.1337890625,-102.7099609375,38.2958984375
114.9868113,-92.1826171875,-102.6611328125,47.8173828125
115.0208163,-91.9873046875,-101.2451171875,68.4228515625
115.0457533,-91.8896484375,-101.6845703125,80.9716796875
115.0769094,-92.2314453125,-100.1708984375,85.8544921875
115.1097796,-92.4267578125,-99.8779296875,86.7822265625
115.1388169,-92.7197265625,-98.6572265625,87.0263671875
115.1708187,-92.8173828125,-97.8759765625,87.4658203125
115.2078831,-93.2568359375,-97.1435546875,88.4912109375
115.227843,-94.3798828125,-96.5576171875,89.0771484375
115.255822,-93.5009765625,-95.8251953125,86.8798828125
115.2898958,-94.2822265625,-95.2392578125,85.3173828125
115.3322745,-94.4775390625,-94.9462890625,86.7333984375
115.3516697,-94.5263671875,-94.4091796875,88.8330078125
115.379827,-94.7216796875,-94.2626953125,88.8330078125
115.4085542,-95.0146484375,-93.8720703125,87.2216796875
115.4505237,-95.7958984375,-93.9208984375,85.3662109375
115.4695974,-96.0888671875,-93.6279296875,83.0712890625
115.5015631,-96.5283203125,-93.2373046875,81.4599609375
115.5403895,-96.2841796875,-93.1884765625,79.5068359375
115.5595548,-97.0654296875,-93.5791015625,78.3837890625
115.595697,-97.0654296875,-93.3349609375,75.9423828125
115.6192887,-97.2607421875,-93.1396484375,74.4287109375
115.6595478,-97.6513671875,-93.2861328125,73.1591796875
115.6839111,-97.7978515625,-93.3349609375,72.1826171875
115.7219418,-98.4326171875,-93.2861328125,70.3759765625
115.7398448,-98.5791015625,-93.1396484375,68.1298828125
115.7829446,-98.3837890625,-93.2861328125,66.2255859375
115.7998897,-98.8232421875,-93.6767578125,63.7353515625
115.8410022,-98.8720703125,-94.0673828125,62.2216796875
115.8639947,-99.1162109375,-93.8720703125,59.4384765625
115.9031036,-99.4091796875,-94.6044921875,57.2900390625
115.9239053,-99.5556640625,-94.6044921875,54.2626953125
115.9600485,-97.9931640625,-95.0439453125,52.4560546875
115.9819281,-96.1865234375,-95.2392578125,50.9912109375
116.0190569,-94.7705078125,-95.3369140625,48.2080078125
116.0429202,-94.2333984375,-94.8974609375,46.3037109375
116.0810413,-93.7939453125,-95.7275390625,44.5458984375
116.1039708,-93.2568359375,-95.4345703125,42.1533203125
116.1432736,-92.9638671875,-96.9970703125,40.3466796875
116.1662282,-92.1826171875,-95.9716796875,38.0517578125
116.204122,-91.6455078125,-97.1435546875,35.1708984375
116.2242069,-92.2802734375,-96.8505859375,32.2412109375
116.2601443,-91.9873046875,-97.8271484375,32.2412109375
116.2854067,-91.1083984375,-97.5830078125,49.8681640625
116.3223235,-91.6943359375,-95.7275390625,71.3037109375
116.3447584,-91.6943359375,-95.0439453125,83.5595703125
116.3871951,-92.6220703125,-94.0673828125,88.2470703125
116.4028631,-92.3291015625,-93.5302734375,88.2470703125
116.4420429,-92.8173828125,-92.6025390625,87.3193359375
116.4648493,-93.0126953125,-92.0166015625,88.1982421875
116.5029021,-93.3056640625,-91.0888671875,89.7607421875
116.5268621,-93.3056640625,-90.3076171875,88.3447265625
116.5660473,-93.5009765625,-90.3076171875,85.9033203125
116.5899072,-93.4521484375,-90.3076171875,84.3408203125
116.6290586,-94.2333984375,-89.8193359375,86.1474609375
116.6458909,-94.3798828125,-89.2333984375,87.1240234375
116.6829065,-94.7705078125,-89.0380859375,87.4169921875
116.7069881,-94.9169921875,-88.6474609375,85.8544921875
116.7453347,-94.5751953125,-88.6474609375,83.2666015625
116.7673037,-94.8681640625,-88.5009765625,80.5810546875
116.8054174,-95.2587890625,-88.7451171875,78.3837890625
116.8260981,-95.2587890625,-88.9892578125,76.3818359375
116.8629894,-95.3076171875,-88.2568359375,73.9892578125
116.88719,-95.7958984375,-88.4521484375,72.6220703125
116.9221418,-96.2841796875,-88.4521484375,69.8876953125
116.9471513,-96.0888671875,-88.8916015625,68.1298828125
116.9831737,-96.0888671875,-88.4521484375,67.2509765625
117.0112527,-96.6259765625,-89.0380859375,65.2978515625
117.0492547,-96.8701171875,-89.2822265625,63.2470703125
117.0701691,-96.8701171875,-88.6962890625,61.0986328125
117.1093051,-97.3583984375,-89.0380859375,58.1201171875
117.129467,-97.4072265625,-89.0869140625,55.1416015625
117.1662471,-97.7490234375,-89.7705078125,52.6025390625
117.1894051,-98.2373046875,-89.5263671875,50.5029296875
117.2354846,-98.0419921875,-90.2099609375,48.3056640625
117.2654007,-95.8447265625,-90.3564453125,45.5224609375
117.2780225,-94.3310546875,-90.5517578125,43.5205078125
117.3132674,-92.8662109375,-90.6005859375,42.1044921875
117.341321,-91.6943359375,-91.2841796875,38.5400390625
117.3706503,-91.5478515625,-91.4794921875,35.5126953125
117.4226363,-90.5712890625,-91.7236328125,33.2666015625
117.4415852,-90.6201171875,-91.8212890625,36.7822265625
117.4594815,-89.4970703125,-90.7958984375,59.3408203125
117.497641,-89.4482421875,-89.4775390625,77.9443359375
117.5205234,-89.6435546875,-88.3544921875,87.4169921875
117.557529,-89.4970703125,-87.8173828125,89.5166015625
117.5828344,-89.7412109375,-86.8896484375,88.6376953125
117.6194146,-89.4970703125,-86.5478515625,87.1240234375
117.6404689,-89.8388671875,-86.1572265625,87.6611328125
117.6766366,-90.2783203125,-85.8642578125,86.9287109375
117.7014997,-90.8642578125,-85.2294921875,83.5595703125
117.7364555,-90.2783203125,-85.0341796875,81.8505859375
117.7614403,-90.8154296875,-84.6435546875,82.0458984375
117.7956081,-90.8642578125,-84.9853515625,84.4384765625
117.8215079,-91.4501953125,-85.0341796875,83.9501953125
117.8616367,-91.8408203125,-84.3017578125,83.0224609375
117.8814773,-92.2314453125,-84.3505859375,79.9462890625
117.9198893,-92.1337890625,-84.3505859375,77.2119140625
117.9417035,-92.3779296875,-84.2041015625,73.7939453125
117.9786733,-92.6220703125,-84.8876953125,70.9130859375
118.0048222,-93.0126953125,-84.9853515625,68.3251953125
118.0415793,-92.9638671875,-84.9853515625,66.3232421875
118.0648607,-93.1103515625,-85.1806640625,63.9306640625
118.0989455,-93.3544921875,-85.2783203125,62.1240234375
118.1238791,-93.9404296875,-85.8154296875,59.8291015625
118.16204,-94.0869140625,-85.6201171875,58.6083984375
118.1841785,-94.4775390625,-86.0107421875,55.8740234375
118.2204508,-94.6240234375,-86.2060546875,53.5791015625
118.2454501,-95.1123046875,-86.3037109375,50.2587890625
118.2813894,-95.1123046875,-86.6455078125,48.0126953125
118.3027589,-95.6494140625,-86.6455078125,45.2783203125
118.338888,-96.0400390625,-87.2802734375,42.0068359375
118.363783,-96.3818359375,-87.3779296875,39.4677734375
118.408065,-96.2353515625,-87.7197265625,36.5869140625
118.4280612,-95.3564453125,-87.9638671875,34.8779296875
118.4649398,-93.0615234375,-88.1591796875,32.4853515625
118.4818446,-92.1826171875,-88.0126953125,29.5556640625
118.5178996,-91.1572265625,-88.7939453125,26.5283203125
118.5440717,-90.7666015625,-88.7939453125,23.4521484375
118.5788021,-90.4736328125,-88.7939453125,21.0595703125
118.6064649,-90.6689453125,-89.3798828125,20.5224609375
118.6439079,-90.1806640625,-89.3310546875,39.2236328125
118.6697225,-90.3271484375,-87.6708984375,63.8818359375
118.7056473,-89.9853515625,-86.7431640625,79.2626953125
118.7298941,-89.5947265625,-85.9130859375,85.7568359375
118.7674567,-90.3271484375,-85.6201171875,86.8310546875
118.7886536,-89.8388671875,-84.8388671875,87.0263671875
118.8205724,-90.3759765625,-84.7412109375,87.4169921875
118.8574424,-90.9619140625,-84.0576171875,88.8818359375
118.8773629,-91.2060546875,-83.2275390625,87.2705078125
118.9154099,-90.8154296875,-83.3740234375,84.6337890625
118.9384502,-91.2060546875,-82.6904296875,83.3642578125
118.976431,-91.9873046875,-82.6416015625,84.3896484375
119.0005235,-92.2314453125,-82.6904296875,85.8056640625
119.0384487,-92.2802734375,-82.4462890625,84.7802734375
119.0626328,-92.9638671875,-82.8857421875,83.6083984375
119.0906866,-93.1591796875,-83.1787109375,80.6787109375
119.1416389,-93.1591796875,-82.8857421875,77.5048828125
119.1610442,-93.7451171875,-82.8857421875,75.0146484375
119.1781145,-94.0380859375,-83.1298828125,72.3291015625
119.2147407,-94.3310546875,-82.8857421875,70.1318359375
119.2410047,-94.2333984375,-83.3251953125,67.3974609375
119.2698359,-94.3798828125,-82.9833984375,65.7861328125
119.2997239,-95.0146484375,-83.8134765625,64.1259765625
119.3356854,-95.6494140625,-84.2041015625,61.4404296875
119.3607158,-95.0146484375,-84.3017578125,59.0966796875
119.3937283,-95.6982421875,-85.1806640625,56.8994140625
119.4210002,-96.0888671875,-85.1318359375,53.4326171875
119.4509939,-96.6259765625,-85.5712890625,50.2099609375
119.479962,-96.9189453125,-85.7177734375,47.4267578125
119.5167888,-97.2119140625,-85.9130859375,44.7900390625
119.5408205,-97.3583984375,-86.4990234375,40.3955078125
119.5737719,-97.5537109375,-87.0361328125,38.2470703125
119.6030133,-97.0654296875,-87.4755859375,35.9521484375
119.6318184,-95.6982421875,-88.0126953125,34.5849609375
119.6617988,-93.3056640625,-87.6708984375,32.4365234375
119.6989328,-92.4755859375,-88.6474609375,28.8232421875
119.7237958,-92.0849609375,-89.1845703125,25.7470703125
119.7527701,-91.8408203125,-89.6728515625,22.1826171875
119.7828722,-91.0595703125,-89.7216796875,19.7900390625
119.812894,-90.3759765625,-90.3564453125,22.7685546875
119.841844,-90.2294921875,-89.9169921875,47.6708984375
119.8788748,-90.0341796875,-88.9404296875,69.1552734375
119.9058146,-90.6689453125,-87.5732421875,82.9736328125
119.9349364,-90.0830078125,-88.2568359375,88.9306640625
119.9634972,-90.4248046875,-87.6708984375,90.0537109375
119.9934266,-90.9130859375,-87.6708984375,90.2490234375
120.0235233,-90.7177734375,-86.7919921875,91.5673828125
120.0554828,-91.1572265625,-86.7431640625,92.9833984375
